frame,track_id,x1,y1,x2,y2,image
0,1,1222.7207,606.2378,1954.229,1113.2522,cam_1_1690272026_03-00-26.jpg
0,2,822.8159,464.6468,1539.3477,912.65546,cam_1_1690272026_03-00-26.jpg
0,3,3673.9644,815.8738,4193.282,1216.7598,cam_1_1690272026_03-00-26.jpg
0,4,2789.4072,558.02856,3068.523,961.25543,cam_1_1690272026_03-00-26.jpg
0,5,2362.2585,416.17987,2546.3708,734.88153,cam_1_1690272026_03-00-26.jpg
0,6,1772.3723,610.526,2079.128,798.1151,cam_1_1690272026_03-00-26.jpg
1,1,1215.4904,693.1848,1761.11,980.6341,cam_1_1690272101_03-01-41.jpg
1,2,827.93787,470.9985,1558.5934,823.1732,cam_1_1690272101_03-01-41.jpg
1,5,2301.7007,403.14993,2454.081,673.1237,cam_1_1690272101_03-01-41.jpg
1,6,1690.2634,608.6629,2080.0405,807.53564,cam_1_1690272101_03-01-41.jpg
2,1,1206.6836,704.9505,1744.9584,955.7056,cam_1_1690272191_03-03-11.jpg
2,2,818.46857,463.8519,1555.6063,898.6943,cam_1_1690272191_03-03-11.jpg
2,5,2239.3052,385.01453,2384.2554,642.38336,cam_1_1690272191_03-03-11.jpg
2,6,1682.5453,605.2342,2080.8896,806.0176,cam_1_1690272191_03-03-11.jpg
2,8,3146.9453,620.7655,3560.5618,1060.6198,cam_1_1690272191_03-03-11.jpg
2,9,2628.1472,477.94077,2807.229,820.28796,cam_1_1690272191_03-03-11.jpg
2,10,903.73004,425.24103,1566.6703,596.6327,cam_1_1690272191_03-03-11.jpg
3,1,1206.477,707.9459,1734.6622,954.0083,cam_1_1690272281_03-04-41.jpg
3,2,818.40326,465.931,1554.288,914.0911,cam_1_1690272281_03-04-41.jpg
3,5,2137.1335,360.882,2518.795,646.9819,cam_1_1690272281_03-04-41.jpg
3,6,1703.799,604.26117,2083.8542,804.2885,cam_1_1690272281_03-04-41.jpg
3,8,3141.8262,617.87646,3510.0125,1059.6147,cam_1_1690272281_03-04-41.jpg
3,9,2632.1921,480.45316,2824.2942,825.061,cam_1_1690272281_03-04-41.jpg
3,10,923.2474,429.52408,1580.5443,597.65924,cam_1_1690272281_03-04-41.jpg
4,1,1207.8204,710.61694,1727.3113,956.92706,cam_1_1690272341_03-05-41.jpg
4,2,818.8332,469.87027,1558.5582,921.0707,cam_1_1690272341_03-05-41.jpg
4,5,2113.3352,362.49393,2499.117,634.4847,cam_1_1690272341_03-05-41.jpg
4,6,1712.3627,603.57776,2085.4229,801.13586,cam_1_1690272341_03-05-41.jpg
4,8,3140.6956,614.79065,3490.5342,1060.1467,cam_1_1690272341_03-05-41.jpg
4,9,2618.3838,494.69415,2912.7473,825.0,cam_1_1690272341_03-05-41.jpg
4,10,933.3418,422.29794,1571.7898,581.3969,cam_1_1690272341_03-05-41.jpg
5,1,1209.6876,697.8762,1826.4563,957.23615,cam_1_1690272491_03-08-11.jpg
5,2,832.1174,458.91708,1551.3298,928.55646,cam_1_1690272491_03-08-11.jpg
5,5,2126.9514,373.03992,2528.731,636.6689,cam_1_1690272491_03-08-11.jpg
5,6,1718.4392,605.7067,2086.3484,800.7919,cam_1_1690272491_03-08-11.jpg
5,9,2628.8325,516.3723,3045.6821,809.10913,cam_1_1690272491_03-08-11.jpg
5,10,906.23785,421.08725,1564.226,621.5474,cam_1_1690272491_03-08-11.jpg
5,13,2416.9333,444.9805,2738.4504,745.49646,cam_1_1690272491_03-08-11.jpg
5,4,2669.5237,607.1208,3286.9124,1017.45,cam_1_1690272491_03-08-11.jpg
6,1,1211.0271,694.34,1871.7451,956.57355,cam_1_1690272551_03-09-11.jpg
6,2,820.86426,447.10623,1529.2975,942.3649,cam_1_1690272551_03-09-11.jpg
6,5,2137.1245,379.37164,2545.008,640.5478,cam_1_1690272551_03-09-11.jpg
6,6,1693.3062,606.473,2082.0735,802.48126,cam_1_1690272551_03-09-11.jpg
6,13,2450.4753,456.30606,2743.9785,754.24164,cam_1_1690272551_03-09-11.jpg
6,14,2663.9087,522.58826,3101.4812,667.5205,cam_1_1690272551_03-09-11.jpg
6,4,2652.7021,605.7143,3287.1973,1023.5534,cam_1_1690272551_03-09-11.jpg
7,1,1211.5728,694.69995,1905.8079,955.18787,cam_1_1690272626_03-10-26.jpg
7,2,799.71533,458.21613,1528.8849,940.7156,cam_1_1690272626_03-10-26.jpg
7,5,2140.7463,383.16504,2546.1917,644.48987,cam_1_1690272626_03-10-26.jpg
7,6,1693.5947,604.65674,2086.2744,801.721,cam_1_1690272626_03-10-26.jpg
7,13,2464.3025,456.74603,2746.16,748.18976,cam_1_1690272626_03-10-26.jpg
7,4,2591.9688,740.60095,3379.616,1317.1898,cam_1_1690272626_03-10-26.jpg
7,9,2667.3503,531.2596,3175.8416,857.22766,cam_1_1690272626_03-10-26.jpg
7,10,779.7754,421.6649,1393.4261,601.8483,cam_1_1690272626_03-10-26.jpg
8,1,1198.7754,697.95416,1890.6643,957.38385,cam_1_1690272866_03-14-26.jpg
8,5,2144.1653,384.1747,2545.5774,643.84485,cam_1_1690272866_03-14-26.jpg
8,6,1705.0255,611.5529,2080.2183,794.26117,cam_1_1690272866_03-14-26.jpg
8,13,2476.1665,465.46637,2766.1487,749.3941,cam_1_1690272866_03-14-26.jpg
8,4,2526.1091,785.0665,3482.366,1412.974,cam_1_1690272866_03-14-26.jpg
8,9,2735.6423,546.6444,3196.9136,860.12726,cam_1_1690272866_03-14-26.jpg
8,10,890.6501,442.9645,1366.8472,617.58044,cam_1_1690272866_03-14-26.jpg
8,8,2998.5164,621.86865,3545.634,976.5672,cam_1_1690272866_03-14-26.jpg
9,1,1191.7584,695.21594,1887.116,959.239,cam_1_1690272896_03-14-56.jpg
9,5,2190.9155,394.6153,2549.3188,645.04016,cam_1_1690272896_03-14-56.jpg
9,6,1709.2043,614.76105,2075.8716,789.668,cam_1_1690272896_03-14-56.jpg
9,13,2490.929,469.485,2767.296,756.0137,cam_1_1690272896_03-14-56.jpg
9,4,2499.8792,805.5003,3464.1218,1471.7292,cam_1_1690272896_03-14-56.jpg
9,9,2782.1882,557.5232,3222.8608,890.9388,cam_1_1690272896_03-14-56.jpg
9,10,922.0792,448.15765,1364.8032,620.5705,cam_1_1690272896_03-14-56.jpg
9,17,1076.0065,510.74536,1526.7545,685.3689,cam_1_1690272896_03-14-56.jpg
9,19,884.5464,409.18982,1307.3523,581.35455,cam_1_1690272896_03-14-56.jpg
9,8,3121.2207,672.2925,3631.3901,1075.337,cam_1_1690272896_03-14-56.jpg
10,1,1189.0022,695.5791,1890.0618,959.60876,cam_1_1690273031_03-17-11.jpg
10,6,1718.6925,618.1846,2076.6228,787.703,cam_1_1690273031_03-17-11.jpg
10,13,2583.7654,496.53186,2864.4456,782.4915,cam_1_1690273031_03-17-11.jpg
10,4,2479.354,812.1015,3465.079,1467.6779,cam_1_1690273031_03-17-11.jpg
10,9,2799.732,563.262,3254.7253,905.58484,cam_1_1690273031_03-17-11.jpg
10,10,935.27344,451.16632,1362.6537,622.76746,cam_1_1690273031_03-17-11.jpg
10,17,1079.7214,510.55865,1517.2208,681.3929,cam_1_1690273031_03-17-11.jpg
10,19,880.91516,412.15982,1299.9778,582.7076,cam_1_1690273031_03-17-11.jpg
10,8,3224.9158,693.4614,3685.1357,1117.2336,cam_1_1690273031_03-17-11.jpg
10,20,1668.7069,240.39462,1941.2316,451.45093,cam_1_1690273031_03-17-11.jpg
10,21,2409.683,446.576,2602.8782,732.74896,cam_1_1690273031_03-17-11.jpg
11,1,1188.3213,694.6349,1888.525,960.0497,cam_1_1690273046_03-17-26.jpg
11,6,1720.049,619.20514,2078.737,788.0093,cam_1_1690273046_03-17-26.jpg
11,13,2611.7922,499.50543,2876.2932,789.754,cam_1_1690273046_03-17-26.jpg
11,4,2477.9814,812.76843,3344.158,1476.1986,cam_1_1690273046_03-17-26.jpg
11,9,2797.972,564.4955,3270.8755,907.2187,cam_1_1690273046_03-17-26.jpg
11,10,935.7957,449.05872,1369.3184,625.67035,cam_1_1690273046_03-17-26.jpg
11,17,1077.1676,510.55173,1516.236,681.61633,cam_1_1690273046_03-17-26.jpg
11,19,879.4806,410.69644,1297.5044,581.49915,cam_1_1690273046_03-17-26.jpg
11,8,3280.7527,705.4963,3703.0203,1133.2433,cam_1_1690273046_03-17-26.jpg
11,20,1669.0043,238.20894,1948.7378,452.94247,cam_1_1690273046_03-17-26.jpg
11,21,2406.995,445.7006,2590.662,733.96246,cam_1_1690273046_03-17-26.jpg
11,23,1241.9956,269.1282,1684.9587,409.27124,cam_1_1690273046_03-17-26.jpg
12,1,1188.8202,695.88806,1893.2644,959.318,cam_1_1690273196_03-19-56.jpg
12,6,1723.0414,619.51776,2077.7034,788.9514,cam_1_1690273196_03-19-56.jpg
12,13,2617.576,506.39474,2883.3655,789.84656,cam_1_1690273196_03-19-56.jpg
12,9,2911.4587,601.6477,3366.9414,965.1418,cam_1_1690273196_03-19-56.jpg
12,10,934.1499,448.55814,1372.5271,627.89874,cam_1_1690273196_03-19-56.jpg
12,17,1078.306,510.38037,1507.0599,683.5327,cam_1_1690273196_03-19-56.jpg
12,19,879.3939,410.88885,1302.851,581.4544,cam_1_1690273196_03-19-56.jpg
12,8,3294.6624,702.8942,3737.0813,1137.7286,cam_1_1690273196_03-19-56.jpg
12,21,2365.332,428.22397,2705.5317,737.6271,cam_1_1690273196_03-19-56.jpg
12,23,1237.7329,268.83484,1691.2964,413.2116,cam_1_1690273196_03-19-56.jpg
12,3,3793.7092,828.86487,4194.7295,1270.8414,cam_1_1690273196_03-19-56.jpg
12,14,2760.7617,556.5881,3059.129,902.1542,cam_1_1690273196_03-19-56.jpg
13,1,1189.1156,695.9958,1887.439,958.32544,cam_1_1690273271_03-21-11.jpg
13,6,1723.5944,618.55237,2078.0068,789.59204,cam_1_1690273271_03-21-11.jpg
13,13,2610.8237,510.5216,2898.7466,796.29193,cam_1_1690273271_03-21-11.jpg
13,9,2955.3945,617.56726,3406.441,989.02075,cam_1_1690273271_03-21-11.jpg
13,10,938.48737,449.3407,1369.309,628.36316,cam_1_1690273271_03-21-11.jpg
13,17,1078.3333,511.25055,1505.7239,684.6861,cam_1_1690273271_03-21-11.jpg
13,19,878.9212,410.31067,1294.9653,580.47314,cam_1_1690273271_03-21-11.jpg
13,8,3301.4731,707.6425,3737.8518,1138.5873,cam_1_1690273271_03-21-11.jpg
13,21,2354.2434,428.32837,2745.4958,738.61774,cam_1_1690273271_03-21-11.jpg
13,23,1234.7838,270.433,1696.1222,416.12576,cam_1_1690273271_03-21-11.jpg
13,3,3801.6592,828.0308,4213.044,1266.0387,cam_1_1690273271_03-21-11.jpg
13,14,2769.2585,561.549,3069.1458,922.38336,cam_1_1690273271_03-21-11.jpg
14,1,1188.5117,696.71045,1883.3877,959.2454,cam_1_1690273331_03-22-11.jpg
14,6,1712.6544,618.308,2071.597,787.19147,cam_1_1690273331_03-22-11.jpg
14,13,2607.8303,508.7282,2915.8054,799.0201,cam_1_1690273331_03-22-11.jpg
14,9,2975.4294,621.51025,3446.089,996.37146,cam_1_1690273331_03-22-11.jpg
14,10,935.23236,452.0637,1366.3873,628.1936,cam_1_1690273331_03-22-11.jpg
14,17,1075.884,513.7317,1518.6526,687.82196,cam_1_1690273331_03-22-11.jpg
14,19,877.5033,409.54233,1288.9517,580.8497,cam_1_1690273331_03-22-11.jpg
14,8,3250.8313,720.407,3784.458,1164.6401,cam_1_1690273331_03-22-11.jpg
14,21,2347.06,429.99283,2758.6626,741.9914,cam_1_1690273331_03-22-11.jpg
14,23,1228.893,273.23694,1693.8082,418.29913,cam_1_1690273331_03-22-11.jpg
14,3,3800.7886,830.9622,4214.6895,1268.6808,cam_1_1690273331_03-22-11.jpg
14,14,2794.6804,563.52295,3079.868,929.6676,cam_1_1690273331_03-22-11.jpg
15,1,1188.1584,696.9797,1885.1565,960.21985,cam_1_1690273436_03-23-56.jpg
15,6,1706.748,616.93365,2067.8132,784.4323,cam_1_1690273436_03-23-56.jpg
15,13,2609.9597,507.44714,2919.7034,796.5551,cam_1_1690273436_03-23-56.jpg
15,9,2979.6323,622.29645,3452.8142,996.8488,cam_1_1690273436_03-23-56.jpg
15,10,934.82245,453.67184,1369.1802,625.8865,cam_1_1690273436_03-23-56.jpg
15,17,1077.9242,513.15955,1530.3749,686.8142,cam_1_1690273436_03-23-56.jpg
15,19,876.31494,409.43765,1290.5131,579.08734,cam_1_1690273436_03-23-56.jpg
15,8,3343.9663,734.8686,3824.873,1160.3624,cam_1_1690273436_03-23-56.jpg
15,21,2345.6113,434.14993,2763.755,745.5079,cam_1_1690273436_03-23-56.jpg
15,23,1230.1006,274.22214,1693.1992,416.65073,cam_1_1690273436_03-23-56.jpg
15,3,3793.6965,828.8497,4201.114,1268.0652,cam_1_1690273436_03-23-56.jpg
15,14,2787.6755,563.38934,3048.8345,928.2222,cam_1_1690273436_03-23-56.jpg
16,1,1201.9471,700.1828,1898.0411,957.31744,cam_1_1690273541_03-25-41.jpg
16,6,1713.113,619.1401,2069.203,785.8167,cam_1_1690273541_03-25-41.jpg
16,13,2611.8235,506.75827,2919.9197,797.7112,cam_1_1690273541_03-25-41.jpg
16,9,2983.7039,622.98627,3471.2659,993.7707,cam_1_1690273541_03-25-41.jpg
16,10,932.4836,452.2175,1369.9009,626.4039,cam_1_1690273541_03-25-41.jpg
16,17,1080.7306,515.1051,1535.191,687.70593,cam_1_1690273541_03-25-41.jpg
16,19,876.45874,408.7232,1295.0966,578.3075,cam_1_1690273541_03-25-41.jpg
16,21,2384.0815,442.4923,2798.4026,756.7539,cam_1_1690273541_03-25-41.jpg
16,23,1233.9553,274.16016,1691.0391,417.27057,cam_1_1690273541_03-25-41.jpg
16,3,3771.0583,814.47327,4126.62,1259.0704,cam_1_1690273541_03-25-41.jpg
16,14,2785.2446,565.97235,3067.5713,925.8112,cam_1_1690273541_03-25-41.jpg
17,1,1203.2878,701.01013,1900.447,955.4686,cam_1_1690273826_03-30-26.jpg
17,6,1722.4532,614.4516,2075.7637,784.9422,cam_1_1690273826_03-30-26.jpg
17,13,2613.94,514.0471,2927.983,801.15826,cam_1_1690273826_03-30-26.jpg
17,9,2966.4575,621.18225,3455.8235,988.9421,cam_1_1690273826_03-30-26.jpg
17,10,901.22046,355.5902,1410.88,632.9338,cam_1_1690273826_03-30-26.jpg
17,17,1077.2134,512.5865,1524.84,689.0707,cam_1_1690273826_03-30-26.jpg
17,21,2411.399,443.92868,2813.3052,755.31635,cam_1_1690273826_03-30-26.jpg
17,23,1261.1279,273.8069,1693.2072,402.9332,cam_1_1690273826_03-30-26.jpg
17,3,3738.9468,798.9807,4058.0105,1264.7063,cam_1_1690273826_03-30-26.jpg
17,14,2804.8171,569.5248,3041.9373,926.6211,cam_1_1690273826_03-30-26.jpg
17,5,2253.4949,400.78503,2536.4832,663.5743,cam_1_1690273826_03-30-26.jpg
18,1,1202.951,701.5278,1896.5094,955.0934,cam_1_1690273856_03-30-56.jpg
18,6,1718.3252,615.8127,2075.1792,786.70325,cam_1_1690273856_03-30-56.jpg
18,13,2609.65,511.06873,2928.6682,806.42206,cam_1_1690273856_03-30-56.jpg
18,9,2965.9146,623.5869,3439.1006,988.89764,cam_1_1690273856_03-30-56.jpg
18,10,889.5721,323.10385,1409.3265,636.84973,cam_1_1690273856_03-30-56.jpg
18,17,1076.525,511.7428,1519.2513,689.7641,cam_1_1690273856_03-30-56.jpg
18,21,2449.9143,449.74765,2801.3877,749.4893,cam_1_1690273856_03-30-56.jpg
18,23,1263.9098,275.13382,1688.6313,399.58157,cam_1_1690273856_03-30-56.jpg
18,3,3699.742,789.7861,4025.904,1226.5808,cam_1_1690273856_03-30-56.jpg
18,14,2792.6663,568.4653,3041.532,927.4461,cam_1_1690273856_03-30-56.jpg
18,26,1655.6301,412.64023,2043.292,609.32086,cam_1_1690273856_03-30-56.jpg
18,5,2201.9668,404.46747,2500.7808,665.18726,cam_1_1690273856_03-30-56.jpg
19,1,1202.0681,700.66345,1901.0929,956.7252,cam_1_1690273871_03-31-11.jpg
19,6,1717.234,615.66595,2075.4468,785.18005,cam_1_1690273871_03-31-11.jpg
19,13,2605.6084,509.3773,2927.252,805.483,cam_1_1690273871_03-31-11.jpg
19,9,2966.2126,628.2139,3453.974,990.6423,cam_1_1690273871_03-31-11.jpg
19,10,883.9781,306.56125,1425.1323,636.8561,cam_1_1690273871_03-31-11.jpg
19,17,1074.0443,510.5859,1516.689,690.007,cam_1_1690273871_03-31-11.jpg
19,21,2467.2773,452.65237,2810.2468,740.3649,cam_1_1690273871_03-31-11.jpg
19,23,1273.7827,270.71707,1696.7894,399.24316,cam_1_1690273871_03-31-11.jpg
19,3,3688.1877,786.593,4022.4836,1209.1871,cam_1_1690273871_03-31-11.jpg
19,14,2790.623,568.2516,3048.835,925.02893,cam_1_1690273871_03-31-11.jpg
19,5,2273.069,422.39822,2548.0984,698.47614,cam_1_1690273871_03-31-11.jpg
20,1,1198.4427,699.3953,1896.4133,958.8852,cam_1_1690274096_03-34-56.jpg
20,6,1714.0045,615.87744,2077.874,786.17065,cam_1_1690274096_03-34-56.jpg
20,13,2608.5156,515.2748,2918.445,813.6135,cam_1_1690274096_03-34-56.jpg
20,9,2961.07,622.93365,3521.8381,985.3883,cam_1_1690274096_03-34-56.jpg
20,10,820.37366,308.26074,1393.3018,674.1487,cam_1_1690274096_03-34-56.jpg
20,17,1073.4938,512.48206,1515.4996,690.5975,cam_1_1690274096_03-34-56.jpg
20,21,2485.5264,461.92157,2813.5254,748.8021,cam_1_1690274096_03-34-56.jpg
20,23,1253.0825,270.71848,1697.2272,399.09045,cam_1_1690274096_03-34-56.jpg
20,3,3679.9958,789.21014,4015.823,1205.9235,cam_1_1690274096_03-34-56.jpg
20,14,2796.8467,567.13763,3040.3667,918.09375,cam_1_1690274096_03-34-56.jpg
20,5,2367.99,439.36722,2590.4958,731.88367,cam_1_1690274096_03-34-56.jpg
21,1,1199.1075,698.1309,1902.9199,959.9591,cam_1_1690274126_03-35-26.jpg
21,6,1714.8401,617.2645,2077.9014,787.2899,cam_1_1690274126_03-35-26.jpg
21,13,2604.8184,511.98077,2919.2297,813.0023,cam_1_1690274126_03-35-26.jpg
21,9,2957.8196,623.2375,3478.6663,984.0204,cam_1_1690274126_03-35-26.jpg
21,10,803.1392,309.3169,1392.6987,690.2959,cam_1_1690274126_03-35-26.jpg
21,17,1075.523,512.2567,1519.7803,689.723,cam_1_1690274126_03-35-26.jpg
21,23,1257.5472,270.48035,1694.4253,399.65668,cam_1_1690274126_03-35-26.jpg
21,14,2801.7441,566.9774,3038.5498,916.069,cam_1_1690274126_03-35-26.jpg
21,5,2398.2917,447.5529,2607.0142,743.5148,cam_1_1690274126_03-35-26.jpg
21,8,3418.6208,752.25256,3943.3691,1192.177,cam_1_1690274126_03-35-26.jpg
22,1,1201.6865,701.416,1894.0223,961.13196,cam_1_1690274186_03-36-26.jpg
22,6,1700.7068,615.0927,2072.9731,789.5505,cam_1_1690274186_03-36-26.jpg
22,13,2617.4932,517.5896,2939.5461,820.56995,cam_1_1690274186_03-36-26.jpg
22,10,753.1711,309.67197,1368.3805,690.1878,cam_1_1690274186_03-36-26.jpg
22,17,1074.3544,510.5224,1525.0503,687.8757,cam_1_1690274186_03-36-26.jpg
22,23,1243.059,263.74362,1697.0419,384.77582,cam_1_1690274186_03-36-26.jpg
22,14,2809.6953,567.993,3162.1248,922.23926,cam_1_1690274186_03-36-26.jpg
22,5,2400.2368,446.5728,2681.2227,661.52075,cam_1_1690274186_03-36-26.jpg
22,8,3249.1658,691.7576,3948.1174,1137.0536,cam_1_1690274186_03-36-26.jpg
23,1,1202.7794,702.7441,1892.4213,963.6411,cam_1_1690274336_03-38-56.jpg
23,6,1685.6609,613.84326,2071.1472,791.433,cam_1_1690274336_03-38-56.jpg
23,13,2621.0735,518.16705,2959.3176,827.43915,cam_1_1690274336_03-38-56.jpg
23,10,719.4707,309.69223,1348.6953,690.8374,cam_1_1690274336_03-38-56.jpg
23,17,1077.1519,510.7934,1517.8384,687.677,cam_1_1690274336_03-38-56.jpg
23,23,1235.4653,270.12082,1697.9684,390.8614,cam_1_1690274336_03-38-56.jpg
23,14,2817.5308,570.13995,3197.7957,922.7893,cam_1_1690274336_03-38-56.jpg
23,5,2416.4343,446.20844,2705.2573,622.62836,cam_1_1690274336_03-38-56.jpg
23,8,3224.9336,681.0702,3916.4468,1116.6354,cam_1_1690274336_03-38-56.jpg
23,27,1981.2789,572.56244,2535.94,870.1204,cam_1_1690274336_03-38-56.jpg
23,20,1509.5963,331.6704,1914.5798,494.69812,cam_1_1690274336_03-38-56.jpg
23,21,2505.778,474.87723,2834.1921,674.9829,cam_1_1690274336_03-38-56.jpg
24,1,1201.0824,703.3324,1892.22,962.99396,cam_1_1690274456_03-40-56.jpg
24,6,1680.1083,608.33826,2075.1108,789.95337,cam_1_1690274456_03-40-56.jpg
24,10,690.45874,311.135,1331.048,694.6044,cam_1_1690274456_03-40-56.jpg
24,17,1072.2028,513.37317,1520.5603,689.4371,cam_1_1690274456_03-40-56.jpg
24,23,1238.7125,268.59015,1706.3442,402.451,cam_1_1690274456_03-40-56.jpg
24,8,3023.2795,764.0748,3809.792,1230.825,cam_1_1690274456_03-40-56.jpg
24,27,1968.8726,574.6104,2547.806,872.4614,cam_1_1690274456_03-40-56.jpg
24,21,2445.6924,460.10263,2840.4697,728.1966,cam_1_1690274456_03-40-56.jpg
24,3,3607.74,784.60065,4149.3896,1219.6497,cam_1_1690274456_03-40-56.jpg
25,1,1199.7158,703.7921,1889.108,964.06055,cam_1_1690274501_03-41-41.jpg
25,6,1673.6163,605.8884,2078.4792,789.5394,cam_1_1690274501_03-41-41.jpg
25,10,681.99066,309.7904,1304.6289,699.08203,cam_1_1690274501_03-41-41.jpg
25,17,1068.5599,513.5922,1526.1062,690.47424,cam_1_1690274501_03-41-41.jpg
25,23,1232.7708,268.21964,1706.8717,404.73245,cam_1_1690274501_03-41-41.jpg
25,8,3021.6243,797.3877,3748.619,1271.4287,cam_1_1690274501_03-41-41.jpg
25,27,2027.3496,584.01935,2545.9521,875.5634,cam_1_1690274501_03-41-41.jpg
25,21,2431.303,456.58057,2849.2935,737.9454,cam_1_1690274501_03-41-41.jpg
25,30,2713.0684,809.5359,3388.8481,1461.4844,cam_1_1690274501_03-41-41.jpg
25,31,2137.4868,377.43204,2487.331,611.0382,cam_1_1690274501_03-41-41.jpg
25,32,3255.1785,673.4335,3795.904,855.82996,cam_1_1690274501_03-41-41.jpg
25,3,3575.6016,784.9503,4208.993,1219.9833,cam_1_1690274501_03-41-41.jpg
26,1,1201.0197,702.6857,1894.4999,965.0829,cam_1_1690274546_03-42-26.jpg
26,6,1659.2662,608.0207,2075.7144,792.8989,cam_1_1690274546_03-42-26.jpg
26,10,677.34766,311.80753,1305.5394,701.8584,cam_1_1690274546_03-42-26.jpg
26,17,1068.1183,513.2548,1525.2393,691.09424,cam_1_1690274546_03-42-26.jpg
26,23,1235.3696,269.38892,1705.49,412.03836,cam_1_1690274546_03-42-26.jpg
26,27,2027.0269,577.1164,2572.6667,826.89404,cam_1_1690274546_03-42-26.jpg
26,21,2422.2498,454.43814,2841.2256,718.0964,cam_1_1690274546_03-42-26.jpg
26,30,2720.9653,818.7354,3384.0142,1462.1272,cam_1_1690274546_03-42-26.jpg
26,31,2132.331,373.38196,2483.905,604.3209,cam_1_1690274546_03-42-26.jpg
26,3,3544.9893,780.9911,4155.3486,1217.5883,cam_1_1690274546_03-42-26.jpg
26,9,3220.0583,673.6751,3672.128,1057.8652,cam_1_1690274546_03-42-26.jpg
27,1,1202.7649,699.96405,1897.3455,963.62823,cam_1_1690274606_03-43-26.jpg
27,6,1646.314,609.5118,2090.4482,795.0295,cam_1_1690274606_03-43-26.jpg
27,10,668.8567,310.34085,1300.2618,618.05365,cam_1_1690274606_03-43-26.jpg
27,17,1068.5635,514.7083,1531.2714,692.78375,cam_1_1690274606_03-43-26.jpg
27,23,1244.6555,265.3296,1702.3605,400.39264,cam_1_1690274606_03-43-26.jpg
27,27,1964.6418,574.3003,2559.5115,863.61017,cam_1_1690274606_03-43-26.jpg
27,21,2430.2761,456.0693,2789.0327,738.7647,cam_1_1690274606_03-43-26.jpg
27,30,2725.5815,810.381,3308.4346,1456.411,cam_1_1690274606_03-43-26.jpg
27,31,2132.426,376.60098,2483.441,598.81506,cam_1_1690274606_03-43-26.jpg
27,3,3515.686,772.27966,4218.5356,1217.4481,cam_1_1690274606_03-43-26.jpg
27,9,3228.438,676.92096,3689.8533,1067.2898,cam_1_1690274606_03-43-26.jpg
27,2,711.61255,460.82108,1000.22906,970.3085,cam_1_1690274606_03-43-26.jpg
27,26,1674.5647,403.18622,2049.047,581.94135,cam_1_1690274606_03-43-26.jpg
27,20,1433.6017,311.50043,1868.7655,480.98618,cam_1_1690274606_03-43-26.jpg
28,1,1204.249,699.5717,1897.1241,963.0841,cam_1_1690274666_03-44-26.jpg
28,6,1642.1235,610.068,2089.634,795.6284,cam_1_1690274666_03-44-26.jpg
28,10,671.81433,311.74988,1303.7588,573.83636,cam_1_1690274666_03-44-26.jpg
28,17,1069.4396,516.02167,1524.7472,692.2626,cam_1_1690274666_03-44-26.jpg
28,23,1249.9081,267.9135,1699.8331,396.0076,cam_1_1690274666_03-44-26.jpg
28,27,1966.4637,576.834,2555.2495,869.94836,cam_1_1690274666_03-44-26.jpg
28,21,2430.9414,457.317,2818.0496,744.56,cam_1_1690274666_03-44-26.jpg
28,30,2733.675,800.48505,3301.4172,1440.5348,cam_1_1690274666_03-44-26.jpg
28,31,2107.155,370.8205,2450.97,597.6273,cam_1_1690274666_03-44-26.jpg
28,3,3517.4805,769.7019,4247.852,1216.1992,cam_1_1690274666_03-44-26.jpg
28,9,3233.3193,677.3011,3714.2598,1072.8987,cam_1_1690274666_03-44-26.jpg
28,2,685.3442,452.64606,1004.09174,949.7177,cam_1_1690274666_03-44-26.jpg
28,26,1682.4382,406.5525,2059.077,589.0306,cam_1_1690274666_03-44-26.jpg
28,20,1447.4419,310.58133,1868.5476,481.28888,cam_1_1690274666_03-44-26.jpg
29,1,1204.0748,700.06305,1897.7151,962.81116,cam_1_1690274711_03-45-11.jpg
29,6,1648.5547,609.20575,2093.6133,797.6261,cam_1_1690274711_03-45-11.jpg
29,10,671.8076,312.81015,1288.0172,562.3757,cam_1_1690274711_03-45-11.jpg
29,17,1070.9059,517.49506,1515.759,691.48114,cam_1_1690274711_03-45-11.jpg
29,23,1242.5068,268.70364,1703.919,403.00998,cam_1_1690274711_03-45-11.jpg
29,27,1962.0248,580.5638,2551.643,876.2391,cam_1_1690274711_03-45-11.jpg
29,21,2417.1125,455.385,2831.6084,745.738,cam_1_1690274711_03-45-11.jpg
29,30,2730.9138,797.6285,3317.4517,1439.2245,cam_1_1690274711_03-45-11.jpg
29,31,2101.3591,368.4098,2437.3198,597.8396,cam_1_1690274711_03-45-11.jpg
29,3,3506.1682,767.9657,4194.7656,1219.1819,cam_1_1690274711_03-45-11.jpg
29,9,3234.2559,677.67584,3695.587,1071.741,cam_1_1690274711_03-45-11.jpg
29,2,608.03723,444.68665,1014.3049,934.0067,cam_1_1690274711_03-45-11.jpg
29,26,1662.5408,407.67084,2066.0835,588.4413,cam_1_1690274711_03-45-11.jpg
30,1,1203.9269,698.7089,1897.2352,962.8105,cam_1_1690274726_03-45-26.jpg
30,6,1651.1833,608.438,2093.8855,797.15497,cam_1_1690274726_03-45-26.jpg
30,10,673.2674,317.082,1299.2799,556.7191,cam_1_1690274726_03-45-26.jpg
30,17,1071.5115,516.9795,1521.6179,691.43304,cam_1_1690274726_03-45-26.jpg
30,23,1243.7472,268.2391,1704.1335,405.0862,cam_1_1690274726_03-45-26.jpg
30,27,1954.9728,582.2659,2549.6714,880.0227,cam_1_1690274726_03-45-26.jpg
30,21,2427.882,456.76547,2808.106,745.8208,cam_1_1690274726_03-45-26.jpg
30,30,2728.5527,797.7126,3325.7026,1437.6954,cam_1_1690274726_03-45-26.jpg
30,31,2103.7085,366.75497,2437.4985,600.4877,cam_1_1690274726_03-45-26.jpg
30,3,3531.0186,774.7253,4176.0376,1218.4642,cam_1_1690274726_03-45-26.jpg
30,9,3241.564,681.27484,3761.5586,1075.4095,cam_1_1690274726_03-45-26.jpg
30,2,525.18005,442.80356,1005.4749,927.0897,cam_1_1690274726_03-45-26.jpg
30,26,1656.1674,414.3585,2068.7922,593.4713,cam_1_1690274726_03-45-26.jpg
30,35,1669.7521,353.93607,2081.442,506.10562,cam_1_1690274726_03-45-26.jpg
31,1,1195.2334,698.4624,1904.2079,962.0115,cam_1_1690274786_03-46-26.jpg
31,6,1658.8077,605.63885,2080.9211,794.4796,cam_1_1690274786_03-46-26.jpg
31,10,696.00806,315.4568,1326.5276,645.9285,cam_1_1690274786_03-46-26.jpg
31,17,1068.258,513.9649,1521.0723,691.5656,cam_1_1690274786_03-46-26.jpg
31,23,1246.9343,268.28522,1702.6819,407.54407,cam_1_1690274786_03-46-26.jpg
31,27,1998.3998,575.89545,2557.8652,879.4293,cam_1_1690274786_03-46-26.jpg
31,21,2425.2793,458.24033,2784.96,749.1009,cam_1_1690274786_03-46-26.jpg
31,30,2734.904,799.74274,3308.4958,1439.9343,cam_1_1690274786_03-46-26.jpg
31,3,3533.427,779.64075,4234.918,1216.2041,cam_1_1690274786_03-46-26.jpg
31,9,3239.3481,681.9251,3786.2056,1080.5668,cam_1_1690274786_03-46-26.jpg
31,2,391.39447,395.66168,787.7035,860.7828,cam_1_1690274786_03-46-26.jpg
31,35,1686.9315,357.7759,2092.7158,550.2505,cam_1_1690274786_03-46-26.jpg
32,1,1197.3812,698.9215,1909.8375,963.1412,cam_1_1690274891_03-48-11.jpg
32,6,1662.9263,606.88763,2083.5308,797.0778,cam_1_1690274891_03-48-11.jpg
32,10,657.8621,308.34494,1289.7616,669.45447,cam_1_1690274891_03-48-11.jpg
32,17,1067.2109,513.2484,1520.8779,691.48474,cam_1_1690274891_03-48-11.jpg
32,23,1247.2808,264.7048,1707.4208,416.79587,cam_1_1690274891_03-48-11.jpg
32,27,1970.1725,575.56616,2547.953,880.2473,cam_1_1690274891_03-48-11.jpg
32,21,2425.0435,459.58844,2761.0938,749.3144,cam_1_1690274891_03-48-11.jpg
32,30,2741.365,792.2901,3321.6282,1440.7153,cam_1_1690274891_03-48-11.jpg
32,3,3536.6887,787.79517,4257.105,1220.6228,cam_1_1690274891_03-48-11.jpg
32,9,3252.2634,683.6718,3793.6362,1084.7993,cam_1_1690274891_03-48-11.jpg
32,2,333.43546,343.89005,649.16956,769.5141,cam_1_1690274891_03-48-11.jpg
32,14,3037.9062,635.3664,3360.3174,998.04816,cam_1_1690274891_03-48-11.jpg
33,1,1200.6248,699.3834,1912.2572,961.9055,cam_1_1690274921_03-48-41.jpg
33,6,1668.6891,607.7869,2089.139,797.508,cam_1_1690274921_03-48-41.jpg
33,10,695.9451,308.2084,1288.2354,594.0338,cam_1_1690274921_03-48-41.jpg
33,17,1068.1274,510.63007,1524.7104,688.94086,cam_1_1690274921_03-48-41.jpg
33,23,1261.9304,264.9276,1708.7316,421.52643,cam_1_1690274921_03-48-41.jpg
33,27,1961.829,572.6455,2550.3691,880.8529,cam_1_1690274921_03-48-41.jpg
33,21,2437.2263,458.67993,2789.5173,747.7845,cam_1_1690274921_03-48-41.jpg
33,30,2740.822,794.0111,3321.5679,1437.3059,cam_1_1690274921_03-48-41.jpg
33,3,3549.7576,790.4074,4228.846,1223.0367,cam_1_1690274921_03-48-41.jpg
33,9,3255.9424,685.0045,3807.2253,1086.3286,cam_1_1690274921_03-48-41.jpg
33,37,1037.6641,195.43813,1380.7405,360.0006,cam_1_1690274921_03-48-41.jpg
33,14,3045.5159,636.5968,3375.8733,999.94214,cam_1_1690274921_03-48-41.jpg
34,1,1195.2926,598.48083,1872.097,951.8167,cam_1_1690275056_03-50-56.jpg
34,6,1716.7292,617.1952,2070.6252,790.4906,cam_1_1690275056_03-50-56.jpg
34,17,1057.6104,504.21445,1498.5156,680.2047,cam_1_1690275056_03-50-56.jpg
34,23,1246.9635,267.7114,1705.0864,466.80664,cam_1_1690275056_03-50-56.jpg
34,27,2028.2852,573.0831,2556.0803,787.1257,cam_1_1690275056_03-50-56.jpg
34,21,2452.477,465.42178,2879.7942,763.0536,cam_1_1690275056_03-50-56.jpg
34,30,2721.877,801.67523,3299.0312,1446.3901,cam_1_1690275056_03-50-56.jpg
34,3,3581.2278,796.96655,4234.3687,1222.335,cam_1_1690275056_03-50-56.jpg
34,9,3327.3809,703.16724,3824.8298,1107.0973,cam_1_1690275056_03-50-56.jpg
34,14,3010.3618,629.65356,3425.482,988.4493,cam_1_1690275056_03-50-56.jpg
34,19,888.7837,409.89093,1312.7247,579.37994,cam_1_1690275056_03-50-56.jpg
35,1,1103.1857,564.1613,1849.797,975.1658,cam_1_1690275116_03-51-56.jpg
35,6,1740.1063,621.20184,2076.4531,790.5612,cam_1_1690275116_03-51-56.jpg
35,17,1043.4347,503.62323,1488.0334,662.24677,cam_1_1690275116_03-51-56.jpg
35,23,1239.0095,269.01837,1706.6854,483.5459,cam_1_1690275116_03-51-56.jpg
35,27,1978.087,573.9545,2543.9248,856.4913,cam_1_1690275116_03-51-56.jpg
35,21,2477.2864,466.02536,2861.751,767.78125,cam_1_1690275116_03-51-56.jpg
35,30,2718.7815,798.1072,3349.5735,1462.4985,cam_1_1690275116_03-51-56.jpg
35,3,3608.3247,803.67694,4233.473,1225.8499,cam_1_1690275116_03-51-56.jpg
35,9,3364.411,711.11993,3846.593,1114.462,cam_1_1690275116_03-51-56.jpg
35,14,3008.8503,628.7103,3427.0112,987.4277,cam_1_1690275116_03-51-56.jpg
35,41,1435.2797,719.2502,1957.9027,1054.5696,cam_1_1690275116_03-51-56.jpg
35,42,1687.045,231.79205,1940.6544,450.80142,cam_1_1690275116_03-51-56.jpg
35,19,888.0265,411.6016,1321.3988,575.834,cam_1_1690275116_03-51-56.jpg
35,13,2807.9883,548.2353,3095.0225,851.73975,cam_1_1690275116_03-51-56.jpg
36,1,1074.1448,553.05597,1829.7329,985.6985,cam_1_1690275131_03-52-11.jpg
36,6,1731.157,628.47345,2091.7444,807.70325,cam_1_1690275131_03-52-11.jpg
36,17,1049.3695,505.0568,1496.0924,656.88324,cam_1_1690275131_03-52-11.jpg
36,23,1235.2355,270.0365,1705.1674,492.79645,cam_1_1690275131_03-52-11.jpg
36,27,1959.0376,575.395,2549.5588,871.04694,cam_1_1690275131_03-52-11.jpg
36,21,2480.2087,468.98395,2872.891,767.67004,cam_1_1690275131_03-52-11.jpg
36,30,2713.5256,793.365,3286.9277,1448.54,cam_1_1690275131_03-52-11.jpg
36,3,3599.2246,801.24634,4262.076,1221.2496,cam_1_1690275131_03-52-11.jpg
36,9,3356.6194,711.4365,3834.134,1120.5776,cam_1_1690275131_03-52-11.jpg
36,14,3008.1575,628.4998,3432.4226,986.1053,cam_1_1690275131_03-52-11.jpg
36,41,1430.1998,715.3524,1912.0767,1060.3799,cam_1_1690275131_03-52-11.jpg
36,42,1688.2621,231.79608,1941.9658,454.40067,cam_1_1690275131_03-52-11.jpg
36,19,887.2048,411.47165,1325.5522,575.9509,cam_1_1690275131_03-52-11.jpg
36,13,2814.0857,549.7232,3092.5134,851.73846,cam_1_1690275131_03-52-11.jpg
37,1,1064.8961,551.5482,1830.7142,989.47375,cam_1_1690275146_03-52-26.jpg
37,6,1733.8456,630.2398,2075.0212,808.6204,cam_1_1690275146_03-52-26.jpg
37,17,1045.883,504.1181,1492.393,656.4996,cam_1_1690275146_03-52-26.jpg
37,23,1231.1597,270.1577,1706.3854,495.77155,cam_1_1690275146_03-52-26.jpg
37,27,1974.9504,576.4057,2549.7566,875.75574,cam_1_1690275146_03-52-26.jpg
37,21,2473.4084,468.74835,2871.9229,765.5581,cam_1_1690275146_03-52-26.jpg
37,30,2718.535,801.3994,3156.3494,1454.4437,cam_1_1690275146_03-52-26.jpg
37,3,3596.46,801.77344,4270.8545,1217.802,cam_1_1690275146_03-52-26.jpg
37,9,3355.3853,716.2244,3837.3223,1121.4877,cam_1_1690275146_03-52-26.jpg
37,14,2994.4382,623.2842,3425.8333,981.3633,cam_1_1690275146_03-52-26.jpg
37,41,1430.157,700.34814,1899.1708,1065.1903,cam_1_1690275146_03-52-26.jpg
37,42,1695.3142,236.88382,1940.2628,457.3791,cam_1_1690275146_03-52-26.jpg
37,19,887.185,413.2202,1326.7864,578.5127,cam_1_1690275146_03-52-26.jpg
37,13,2812.3525,546.11224,3075.4185,852.85516,cam_1_1690275146_03-52-26.jpg
38,1,996.881,549.0166,1793.6807,999.5565,cam_1_1690275266_03-54-26.jpg
38,6,1718.6814,630.1548,2075.5627,809.1474,cam_1_1690275266_03-54-26.jpg
38,17,1081.0138,499.9554,1471.7811,617.6614,cam_1_1690275266_03-54-26.jpg
38,23,1230.8026,271.04605,1704.9125,495.19012,cam_1_1690275266_03-54-26.jpg
38,27,1946.5538,575.9997,2552.5093,879.46967,cam_1_1690275266_03-54-26.jpg
38,21,2537.5308,482.3787,2886.2422,771.31274,cam_1_1690275266_03-54-26.jpg
38,30,2724.9426,786.10724,3136.1282,1433.6351,cam_1_1690275266_03-54-26.jpg
38,3,3606.439,801.6509,4257.339,1222.274,cam_1_1690275266_03-54-26.jpg
38,9,3357.612,718.6078,3835.6023,1125.7684,cam_1_1690275266_03-54-26.jpg
38,14,2975.9294,623.5425,3471.4365,974.87164,cam_1_1690275266_03-54-26.jpg
38,41,1431.3647,694.039,1895.2104,1068.2411,cam_1_1690275266_03-54-26.jpg
38,19,889.4323,412.9645,1328.644,578.5211,cam_1_1690275266_03-54-26.jpg
38,13,2786.958,535.5144,3014.66,836.61896,cam_1_1690275266_03-54-26.jpg
39,1,1026.8591,546.3194,1822.3893,1002.0058,cam_1_1690275296_03-54-56.jpg
39,6,1729.3849,624.6099,2074.6116,802.23254,cam_1_1690275296_03-54-56.jpg
39,17,1073.5304,502.099,1497.7601,617.2568,cam_1_1690275296_03-54-56.jpg
39,23,1232.8293,270.6482,1709.6714,493.01236,cam_1_1690275296_03-54-56.jpg
39,27,1951.5092,574.5331,2553.052,880.35175,cam_1_1690275296_03-54-56.jpg
39,21,2573.48,486.39853,2895.0457,770.31287,cam_1_1690275296_03-54-56.jpg
39,30,2732.6123,778.3191,3106.168,1434.8689,cam_1_1690275296_03-54-56.jpg
39,3,3613.7646,800.86206,4199.5654,1219.7147,cam_1_1690275296_03-54-56.jpg
39,9,3368.5962,723.9357,3831.4104,1121.259,cam_1_1690275296_03-54-56.jpg
39,14,3091.545,649.8216,3521.7239,1028.7021,cam_1_1690275296_03-54-56.jpg
39,41,1431.4999,696.6053,1897.0039,1066.8639,cam_1_1690275296_03-54-56.jpg
39,19,886.71344,412.30255,1323.4061,578.88983,cam_1_1690275296_03-54-56.jpg
39,13,2774.1326,533.9897,3001.9731,834.018,cam_1_1690275296_03-54-56.jpg
39,43,2392.5308,443.01245,2727.2522,608.9832,cam_1_1690275296_03-54-56.jpg
40,1,1028.5944,543.9059,1820.1731,1002.79254,cam_1_1690275341_03-55-41.jpg
40,6,1730.5444,625.6152,2072.876,803.6032,cam_1_1690275341_03-55-41.jpg
40,17,1078.3615,501.57104,1494.5522,610.6109,cam_1_1690275341_03-55-41.jpg
40,23,1240.0884,270.16898,1715.4785,491.09445,cam_1_1690275341_03-55-41.jpg
40,27,1949.0769,576.63214,2553.391,881.48035,cam_1_1690275341_03-55-41.jpg
40,21,2582.5059,489.79373,2899.32,765.7189,cam_1_1690275341_03-55-41.jpg
40,30,2727.4172,766.50696,3068.8562,1449.8927,cam_1_1690275341_03-55-41.jpg
40,3,3612.404,809.57605,4249.277,1222.3693,cam_1_1690275341_03-55-41.jpg
40,9,3381.7668,728.23486,3835.9749,1123.6371,cam_1_1690275341_03-55-41.jpg
40,14,3140.9077,660.58,3580.8772,1044.8691,cam_1_1690275341_03-55-41.jpg
40,41,1433.5906,695.4079,1894.8224,1066.7432,cam_1_1690275341_03-55-41.jpg
40,19,880.933,413.292,1333.126,580.1609,cam_1_1690275341_03-55-41.jpg
40,13,2769.0957,531.7188,2999.9678,828.6584,cam_1_1690275341_03-55-41.jpg
40,43,2413.7659,447.48624,2746.743,617.58295,cam_1_1690275341_03-55-41.jpg
41,1,1027.41,545.8777,1817.9113,1004.8785,cam_1_1690275416_03-56-56.jpg
41,6,1727.8904,620.13464,2073.6108,800.4419,cam_1_1690275416_03-56-56.jpg
41,17,1081.6631,501.72574,1486.1813,610.9761,cam_1_1690275416_03-56-56.jpg
41,23,1236.1425,271.3209,1713.162,493.6762,cam_1_1690275416_03-56-56.jpg
41,27,1964.4884,575.2375,2560.4653,880.60657,cam_1_1690275416_03-56-56.jpg
41,21,2569.8472,485.83017,2890.2441,766.1127,cam_1_1690275416_03-56-56.jpg
41,30,2699.259,752.88904,3030.1401,1362.8337,cam_1_1690275416_03-56-56.jpg
41,3,3639.1997,809.67053,4274.209,1221.8203,cam_1_1690275416_03-56-56.jpg
41,9,3401.9536,737.0047,3846.614,1146.454,cam_1_1690275416_03-56-56.jpg
41,14,3065.3037,648.6129,3564.6545,1063.6641,cam_1_1690275416_03-56-56.jpg
41,41,1434.639,697.8278,1894.6412,1067.2913,cam_1_1690275416_03-56-56.jpg
41,19,882.8696,414.6866,1342.744,576.5478,cam_1_1690275416_03-56-56.jpg
41,13,2752.5015,525.64545,3006.6091,850.21,cam_1_1690275416_03-56-56.jpg
41,43,2416.3457,448.82407,2746.8955,615.0505,cam_1_1690275416_03-56-56.jpg
42,1,1008.7374,542.32,1801.3752,1004.2332,cam_1_1690275446_03-57-26.jpg
42,6,1717.9409,619.22565,2069.3367,802.7089,cam_1_1690275446_03-57-26.jpg
42,17,1086.2949,498.07162,1458.7847,604.1352,cam_1_1690275446_03-57-26.jpg
42,23,1231.7216,270.45596,1711.5441,493.45612,cam_1_1690275446_03-57-26.jpg
42,27,1981.2004,575.3114,2569.513,880.2655,cam_1_1690275446_03-57-26.jpg
42,21,2579.2437,484.41226,2884.8125,755.40405,cam_1_1690275446_03-57-26.jpg
42,30,2595.1726,749.0128,3011.8374,1344.9612,cam_1_1690275446_03-57-26.jpg
42,3,3651.8167,818.2262,4225.4736,1223.315,cam_1_1690275446_03-57-26.jpg
42,9,3405.204,738.36176,3865.6306,1139.1763,cam_1_1690275446_03-57-26.jpg
42,14,3128.7021,662.7701,3598.7468,1057.4532,cam_1_1690275446_03-57-26.jpg
42,41,1434.2609,701.637,1892.4213,1064.5276,cam_1_1690275446_03-57-26.jpg
42,19,880.43207,414.5015,1338.5414,577.9614,cam_1_1690275446_03-57-26.jpg
42,13,2746.169,524.1032,3014.2659,851.8903,cam_1_1690275446_03-57-26.jpg
42,43,2424.4412,449.7192,2750.4788,613.7776,cam_1_1690275446_03-57-26.jpg
43,1,989.25586,547.05383,1782.3586,1005.55865,cam_1_1690275551_03-59-11.jpg
43,6,1708.8538,625.3796,2068.627,805.3656,cam_1_1690275551_03-59-11.jpg
43,17,1095.6754,499.1491,1455.1913,601.5761,cam_1_1690275551_03-59-11.jpg
43,23,1230.2454,271.7774,1706.9209,495.8664,cam_1_1690275551_03-59-11.jpg
43,27,1980.4653,572.51544,2553.9697,878.38416,cam_1_1690275551_03-59-11.jpg
43,21,2555.3628,483.47137,2854.6133,744.8523,cam_1_1690275551_03-59-11.jpg
43,30,2464.3647,762.2065,3011.2705,1352.9116,cam_1_1690275551_03-59-11.jpg
43,3,3656.975,818.0189,4233.502,1223.5208,cam_1_1690275551_03-59-11.jpg
43,9,3412.6438,739.7658,3864.3906,1150.4413,cam_1_1690275551_03-59-11.jpg
43,14,3060.7483,654.8806,3578.7227,1061.417,cam_1_1690275551_03-59-11.jpg
43,41,1434.2755,696.9726,1894.3044,1064.1954,cam_1_1690275551_03-59-11.jpg
43,19,884.3008,416.8908,1336.5627,577.25977,cam_1_1690275551_03-59-11.jpg
43,13,2691.1545,508.32123,2997.316,848.059,cam_1_1690275551_03-59-11.jpg
44,1,981.5779,547.0411,1778.4032,1006.2367,cam_1_1690275566_03-59-26.jpg
44,6,1711.8383,626.6786,2077.708,808.9246,cam_1_1690275566_03-59-26.jpg
44,17,1099.483,500.67715,1463.5361,596.18854,cam_1_1690275566_03-59-26.jpg
44,23,1227.2701,271.3749,1705.5779,493.66653,cam_1_1690275566_03-59-26.jpg
44,27,1964.3224,573.99286,2554.426,879.19336,cam_1_1690275566_03-59-26.jpg
44,21,2571.469,480.91208,2843.5305,745.5886,cam_1_1690275566_03-59-26.jpg
44,30,2366.57,766.18787,2997.5186,1357.061,cam_1_1690275566_03-59-26.jpg
44,3,3661.533,818.59375,4248.6895,1226.0363,cam_1_1690275566_03-59-26.jpg
44,9,3410.727,741.9698,3864.5544,1152.777,cam_1_1690275566_03-59-26.jpg
44,14,3026.4006,651.8534,3566.5657,1050.9779,cam_1_1690275566_03-59-26.jpg
44,41,1433.8203,696.0833,1896.0651,1065.4417,cam_1_1690275566_03-59-26.jpg
44,19,885.6041,418.03397,1338.1361,577.90356,cam_1_1690275566_03-59-26.jpg
44,13,2673.6758,506.29785,3000.866,841.6859,cam_1_1690275566_03-59-26.jpg
44,44,2314.3264,401.43478,2534.7976,603.33093,cam_1_1690275566_03-59-26.jpg
45,1,975.9595,544.1543,1793.6893,1004.76874,cam_1_1690275611_04-00-11.jpg
45,6,1701.116,624.7629,2078.9668,807.92993,cam_1_1690275611_04-00-11.jpg
45,17,1096.5001,500.2867,1472.0647,593.8279,cam_1_1690275611_04-00-11.jpg
45,23,1226.7709,273.56076,1704.0923,493.44058,cam_1_1690275611_04-00-11.jpg
45,27,1962.6271,574.99664,2547.978,883.5431,cam_1_1690275611_04-00-11.jpg
45,21,2531.1191,477.6646,2848.3167,738.2679,cam_1_1690275611_04-00-11.jpg
45,30,2375.5342,770.9371,3016.0454,1362.0372,cam_1_1690275611_04-00-11.jpg
45,3,3688.421,809.0475,4204.88,1224.2428,cam_1_1690275611_04-00-11.jpg
45,9,3426.0808,748.5032,3860.8896,1167.52,cam_1_1690275611_04-00-11.jpg
45,14,2997.753,644.4297,3566.7834,1061.7885,cam_1_1690275611_04-00-11.jpg
45,41,1432.7515,694.3189,1894.3057,1066.513,cam_1_1690275611_04-00-11.jpg
45,19,886.00165,418.7707,1331.8297,580.7764,cam_1_1690275611_04-00-11.jpg
45,13,2667.675,507.43076,3013.7852,841.6405,cam_1_1690275611_04-00-11.jpg
45,44,2310.4006,403.90063,2528.412,601.9989,cam_1_1690275611_04-00-11.jpg
46,1,975.13715,546.6438,1780.5771,1005.3128,cam_1_1690275626_04-00-26.jpg
46,6,1697.2784,627.41547,2078.2302,807.31555,cam_1_1690275626_04-00-26.jpg
46,17,1100.1227,501.08627,1476.1501,595.9632,cam_1_1690275626_04-00-26.jpg
46,23,1227.1869,271.89304,1705.0204,493.72614,cam_1_1690275626_04-00-26.jpg
46,27,1962.5249,576.4008,2547.3574,885.215,cam_1_1690275626_04-00-26.jpg
46,30,2356.1436,762.4643,3021.317,1361.9146,cam_1_1690275626_04-00-26.jpg
46,3,3682.3315,820.5961,4233.758,1226.2643,cam_1_1690275626_04-00-26.jpg
46,9,3444.47,750.061,3916.3242,1173.8063,cam_1_1690275626_04-00-26.jpg
46,14,2980.893,639.74097,3515.5303,1076.032,cam_1_1690275626_04-00-26.jpg
46,41,1432.9816,697.0981,1896.4766,1067.3772,cam_1_1690275626_04-00-26.jpg
46,19,883.9874,419.92548,1326.8546,581.9226,cam_1_1690275626_04-00-26.jpg
46,13,2628.3599,508.85434,3027.258,841.33295,cam_1_1690275626_04-00-26.jpg
46,44,2311.9924,402.43924,2529.4917,602.1425,cam_1_1690275626_04-00-26.jpg
47,1,978.04456,548.4376,1767.9086,1004.8185,cam_1_1690275656_04-00-56.jpg
47,6,1689.4044,626.79254,2075.692,808.2351,cam_1_1690275656_04-00-56.jpg
47,17,1097.5292,497.48996,1458.2449,599.0919,cam_1_1690275656_04-00-56.jpg
47,23,1229.016,271.08395,1705.9054,490.8058,cam_1_1690275656_04-00-56.jpg
47,27,1982.6946,578.0415,2541.907,877.54254,cam_1_1690275656_04-00-56.jpg
47,30,2263.9634,771.4976,3070.4182,1325.1484,cam_1_1690275656_04-00-56.jpg
47,3,3673.4072,817.5538,4280.0547,1224.053,cam_1_1690275656_04-00-56.jpg
47,9,3433.5347,750.5374,3874.0076,1186.5039,cam_1_1690275656_04-00-56.jpg
47,41,1432.2881,694.692,1903.6392,1070.4047,cam_1_1690275656_04-00-56.jpg
47,19,888.1122,417.8896,1326.434,579.47485,cam_1_1690275656_04-00-56.jpg
47,13,2686.1992,521.257,3155.4302,836.2112,cam_1_1690275656_04-00-56.jpg
47,44,2311.8447,403.90045,2526.1897,599.85956,cam_1_1690275656_04-00-56.jpg
47,8,2989.6387,843.0695,3393.7827,1452.6403,cam_1_1690275656_04-00-56.jpg
47,21,2515.9185,476.90674,2875.9236,763.274,cam_1_1690275656_04-00-56.jpg
48,1,973.8269,547.8119,1770.7023,1005.92914,cam_1_1690275731_04-02-11.jpg
48,6,1690.6218,625.5926,2073.2063,807.47437,cam_1_1690275731_04-02-11.jpg
48,17,1100.904,496.90106,1455.4438,600.0896,cam_1_1690275731_04-02-11.jpg
48,23,1233.2067,271.11948,1705.7938,491.65466,cam_1_1690275731_04-02-11.jpg
48,27,1989.0879,579.12506,2543.6484,870.00183,cam_1_1690275731_04-02-11.jpg
48,30,2173.0754,772.4943,3022.5823,1293.602,cam_1_1690275731_04-02-11.jpg
48,3,3670.9167,813.4591,4231.0073,1242.4736,cam_1_1690275731_04-02-11.jpg
48,9,3407.4216,736.19745,3845.8699,1160.752,cam_1_1690275731_04-02-11.jpg
48,41,1432.6847,692.6004,1901.7056,1070.1006,cam_1_1690275731_04-02-11.jpg
48,19,883.7447,419.70874,1327.397,581.9683,cam_1_1690275731_04-02-11.jpg
48,13,2713.0203,524.8964,3203.5488,877.08563,cam_1_1690275731_04-02-11.jpg
48,44,2317.9272,403.42712,2537.4614,602.40356,cam_1_1690275731_04-02-11.jpg
48,8,2996.465,842.6526,3379.9297,1449.608,cam_1_1690275731_04-02-11.jpg
48,21,2563.5342,488.54074,2876.3206,785.1577,cam_1_1690275731_04-02-11.jpg
49,1,969.4312,546.4089,1758.7006,1006.7223,cam_1_1690275896_04-04-56.jpg
49,6,1685.0692,629.9213,2070.62,807.997,cam_1_1690275896_04-04-56.jpg
49,27,1998.604,580.4624,2544.3308,863.0883,cam_1_1690275896_04-04-56.jpg
49,30,2156.7402,777.37634,3039.8696,1274.0411,cam_1_1690275896_04-04-56.jpg
49,9,3397.5017,734.3504,3910.9658,1163.4742,cam_1_1690275896_04-04-56.jpg
49,41,1432.1218,695.5701,1900.7501,1068.0037,cam_1_1690275896_04-04-56.jpg
49,19,879.0495,386.1892,1418.9022,658.2116,cam_1_1690275896_04-04-56.jpg
49,13,2780.5325,543.98706,3292.2075,906.0204,cam_1_1690275896_04-04-56.jpg
49,8,3043.9717,833.84357,3395.0269,1460.5714,cam_1_1690275896_04-04-56.jpg
49,21,2653.822,511.2387,2938.6904,785.23114,cam_1_1690275896_04-04-56.jpg
49,20,1345.6334,361.3046,1604.6075,498.3386,cam_1_1690275896_04-04-56.jpg
49,43,2477.0613,462.1436,2836.2424,651.7612,cam_1_1690275896_04-04-56.jpg
50,1,971.6999,542.0518,1774.9358,993.7203,cam_1_1690276031_04-07-11.jpg
50,6,1708.0715,626.48114,2065.743,768.76013,cam_1_1690276031_04-07-11.jpg
50,27,2052.502,575.3358,2544.4463,865.5536,cam_1_1690276031_04-07-11.jpg
50,30,2264.6892,800.17474,3188.746,1521.0378,cam_1_1690276031_04-07-11.jpg
50,9,3380.7705,729.82306,3871.1306,1152.9774,cam_1_1690276031_04-07-11.jpg
50,41,1237.6036,696.53595,2109.84,1170.5383,cam_1_1690276031_04-07-11.jpg
50,19,871.51685,373.90698,1443.3524,684.474,cam_1_1690276031_04-07-11.jpg
50,13,2816.7666,555.00867,3329.9155,922.1766,cam_1_1690276031_04-07-11.jpg
50,21,2652.023,520.68915,2929.2258,840.34973,cam_1_1690276031_04-07-11.jpg
50,20,1355.6501,364.2806,1603.6982,494.70657,cam_1_1690276031_04-07-11.jpg
50,3,3637.697,809.14703,4194.744,1220.4485,cam_1_1690276031_04-07-11.jpg
51,1,1002.97986,539.7846,1796.2416,988.79834,cam_1_1690276151_04-09-11.jpg
51,6,1720.6055,617.5141,2066.8142,746.82135,cam_1_1690276151_04-09-11.jpg
51,27,2076.095,573.2672,2541.7698,864.59827,cam_1_1690276151_04-09-11.jpg
51,30,2319.339,815.9792,3350.8289,1566.2684,cam_1_1690276151_04-09-11.jpg
51,9,3375.8152,726.29175,3849.6418,1146.8712,cam_1_1690276151_04-09-11.jpg
51,41,1184.9565,698.7741,2200.6128,1210.0728,cam_1_1690276151_04-09-11.jpg
51,19,784.3485,364.1817,1422.0186,723.50323,cam_1_1690276151_04-09-11.jpg
51,13,2885.3794,573.37317,3391.4187,956.7824,cam_1_1690276151_04-09-11.jpg
51,21,2636.0435,523.82886,3007.1511,861.8083,cam_1_1690276151_04-09-11.jpg
51,20,1346.218,368.3988,1592.4589,501.5681,cam_1_1690276151_04-09-11.jpg
51,3,3628.0854,812.8864,4240.0674,1214.4185,cam_1_1690276151_04-09-11.jpg
52,1,1014.9335,539.2067,1796.0017,993.1736,cam_1_1690276211_04-10-11.jpg
52,6,1732.6018,618.92004,2068.8257,744.30054,cam_1_1690276211_04-10-11.jpg
52,27,2104.8389,573.04224,2541.3333,859.494,cam_1_1690276211_04-10-11.jpg
52,30,2359.103,827.7468,3189.797,1595.502,cam_1_1690276211_04-10-11.jpg
52,9,3377.381,728.33374,3838.0,1143.5669,cam_1_1690276211_04-10-11.jpg
52,41,1245.1306,698.87177,2259.65,1218.7347,cam_1_1690276211_04-10-11.jpg
52,19,764.27295,356.49057,1415.1831,735.96704,cam_1_1690276211_04-10-11.jpg
52,13,2847.026,573.4551,3257.6838,940.5273,cam_1_1690276211_04-10-11.jpg
52,21,2618.663,511.75034,2995.8179,844.8623,cam_1_1690276211_04-10-11.jpg
52,20,1329.7783,370.848,1586.0698,506.36166,cam_1_1690276211_04-10-11.jpg
52,3,3627.0154,813.26105,4190.266,1218.3871,cam_1_1690276211_04-10-11.jpg
52,14,3008.2815,621.38055,3451.8674,1012.11053,cam_1_1690276211_04-10-11.jpg
53,1,1036.587,541.3633,1817.2488,1000.3229,cam_1_1690276286_04-11-26.jpg
53,6,1747.457,613.51215,2071.4941,724.8864,cam_1_1690276286_04-11-26.jpg
53,27,2107.0996,576.9544,2541.4329,845.86774,cam_1_1690276286_04-11-26.jpg
53,9,3367.9407,726.71765,3839.6636,1138.6117,cam_1_1690276286_04-11-26.jpg
53,41,1340.8679,763.4478,2378.7517,1317.8638,cam_1_1690276286_04-11-26.jpg
53,19,761.06793,358.5858,1417.1104,745.9532,cam_1_1690276286_04-11-26.jpg
53,13,2861.8662,578.57385,3168.8083,949.9104,cam_1_1690276286_04-11-26.jpg
53,21,2682.5505,523.4938,2981.4187,867.3602,cam_1_1690276286_04-11-26.jpg
53,20,1340.2694,371.02963,1585.4653,503.10767,cam_1_1690276286_04-11-26.jpg
53,3,3632.5876,813.4389,4199.822,1220.6556,cam_1_1690276286_04-11-26.jpg
53,14,3005.9646,613.86285,3433.4846,1000.5193,cam_1_1690276286_04-11-26.jpg
54,1,1039.1412,546.8912,1837.6912,1003.98285,cam_1_1690276316_04-11-56.jpg
54,6,1766.4094,627.6915,2070.7458,742.8904,cam_1_1690276316_04-11-56.jpg
54,27,2077.2532,581.54175,2542.4106,789.3858,cam_1_1690276316_04-11-56.jpg
54,9,3365.0024,727.9965,3837.3123,1137.2057,cam_1_1690276316_04-11-56.jpg
54,41,1340.0706,782.60986,2412.475,1383.5818,cam_1_1690276316_04-11-56.jpg
54,19,764.70135,358.7465,1429.5071,749.5116,cam_1_1690276316_04-11-56.jpg
54,13,2864.3508,578.78284,3123.9827,944.6226,cam_1_1690276316_04-11-56.jpg
54,21,2704.267,531.0618,2970.6099,878.0866,cam_1_1690276316_04-11-56.jpg
54,20,1346.9789,370.97806,1587.0853,502.97784,cam_1_1690276316_04-11-56.jpg
54,3,3626.4158,809.2021,4268.3584,1203.3541,cam_1_1690276316_04-11-56.jpg
54,14,3001.9495,612.1023,3428.383,993.82874,cam_1_1690276316_04-11-56.jpg
55,1,1058.2157,548.61816,1827.6774,1005.31085,cam_1_1690276421_04-13-41.jpg
55,6,1741.4825,629.41003,2057.5012,748.818,cam_1_1690276421_04-13-41.jpg
55,27,2053.7258,575.8862,2541.1396,761.1575,cam_1_1690276421_04-13-41.jpg
55,9,3360.929,727.72424,3826.1785,1139.062,cam_1_1690276421_04-13-41.jpg
55,41,1528.0088,740.2137,2527.1155,1306.2439,cam_1_1690276421_04-13-41.jpg
55,19,822.96277,361.99472,1404.55,749.4634,cam_1_1690276421_04-13-41.jpg
55,13,2865.0923,581.32635,3113.2456,947.75366,cam_1_1690276421_04-13-41.jpg
55,21,2724.2449,539.6803,2979.4055,885.87695,cam_1_1690276421_04-13-41.jpg
55,20,1342.8198,369.5164,1588.2413,501.21695,cam_1_1690276421_04-13-41.jpg
55,3,3611.4226,809.9194,4290.006,1202.7113,cam_1_1690276421_04-13-41.jpg
55,14,3014.5505,615.2829,3428.124,1000.97876,cam_1_1690276421_04-13-41.jpg
56,1,1060.3,548.88293,1813.2599,1009.74585,cam_1_1690276466_04-14-26.jpg
56,6,1736.4336,628.668,2053.773,748.8299,cam_1_1690276466_04-14-26.jpg
56,27,2049.703,575.3935,2542.1902,751.64404,cam_1_1690276466_04-14-26.jpg
56,9,3358.0225,729.03784,3831.9524,1139.7113,cam_1_1690276466_04-14-26.jpg
56,41,1605.9365,722.6612,2567.8003,1270.0544,cam_1_1690276466_04-14-26.jpg
56,13,2842.2834,582.3228,3123.931,949.15186,cam_1_1690276466_04-14-26.jpg
56,21,2736.523,545.77045,2977.0154,890.97345,cam_1_1690276466_04-14-26.jpg
56,20,1322.7174,369.74936,1587.1206,495.6699,cam_1_1690276466_04-14-26.jpg
56,3,3633.9158,808.19006,4242.7017,1202.5137,cam_1_1690276466_04-14-26.jpg
56,14,3014.3481,614.97675,3421.4775,1005.8943,cam_1_1690276466_04-14-26.jpg
56,50,1430.2993,810.2804,1884.5499,1040.6414,cam_1_1690276466_04-14-26.jpg
56,10,630.1804,331.01807,1038.6276,694.3383,cam_1_1690276466_04-14-26.jpg
56,17,1079.2152,486.67856,1434.5554,606.206,cam_1_1690276466_04-14-26.jpg
57,1,1044.7227,540.65436,1796.6736,1012.43286,cam_1_1690276556_04-15-56.jpg
57,6,1729.5905,628.2924,2061.495,749.03656,cam_1_1690276556_04-15-56.jpg
57,27,2082.0422,579.60626,2542.7568,753.28375,cam_1_1690276556_04-15-56.jpg
57,9,3355.413,727.04926,3828.744,1141.1221,cam_1_1690276556_04-15-56.jpg
57,41,1635.4575,711.6498,2582.76,1259.628,cam_1_1690276556_04-15-56.jpg
57,13,2772.0205,595.967,3148.1514,1036.4106,cam_1_1690276556_04-15-56.jpg
57,20,1306.6553,371.51453,1582.2837,493.73245,cam_1_1690276556_04-15-56.jpg
57,3,3617.1343,805.2017,4270.581,1203.999,cam_1_1690276556_04-15-56.jpg
57,14,3047.4915,616.35657,3417.3481,983.74854,cam_1_1690276556_04-15-56.jpg
57,50,1429.692,814.37103,1872.4384,1039.3489,cam_1_1690276556_04-15-56.jpg
57,10,630.46265,318.13113,958.1664,705.6062,cam_1_1690276556_04-15-56.jpg
57,17,1058.7529,493.07535,1412.5273,631.5646,cam_1_1690276556_04-15-56.jpg
58,1,1047.4352,548.90485,1795.9174,1012.64734,cam_1_1690276616_04-16-56.jpg
58,27,2096.032,575.84766,2536.6582,751.6749,cam_1_1690276616_04-16-56.jpg
58,9,3374.596,726.97437,3819.745,1027.3507,cam_1_1690276616_04-16-56.jpg
58,41,1646.7965,709.0365,2584.671,1253.9554,cam_1_1690276616_04-16-56.jpg
58,20,1300.1458,372.318,1581.2793,492.77963,cam_1_1690276616_04-16-56.jpg
58,3,3614.0476,805.051,4264.869,1204.8599,cam_1_1690276616_04-16-56.jpg
58,14,3026.6553,620.731,3350.0178,882.9787,cam_1_1690276616_04-16-56.jpg
58,50,1429.8245,820.13434,1868.537,1038.1449,cam_1_1690276616_04-16-56.jpg
58,10,475.57513,304.10556,874.76733,661.1514,cam_1_1690276616_04-16-56.jpg
58,17,1049.0264,502.8584,1407.798,640.384,cam_1_1690276616_04-16-56.jpg
58,26,1789.7067,463.7078,2232.7688,622.8076,cam_1_1690276616_04-16-56.jpg
58,8,3017.9302,748.66077,3730.186,1318.4341,cam_1_1690276616_04-16-56.jpg
58,19,806.62964,308.5037,1337.4812,653.21185,cam_1_1690276616_04-16-56.jpg
58,21,2705.8032,554.1648,3041.5115,935.6963,cam_1_1690276616_04-16-56.jpg
59,1,1030.0634,551.25653,1806.2504,962.30554,cam_1_1690276676_04-17-56.jpg
59,27,2077.5078,572.8446,2548.9646,755.0508,cam_1_1690276676_04-17-56.jpg
59,9,3368.3347,722.95764,3828.1821,1109.5629,cam_1_1690276676_04-17-56.jpg
59,41,1647.0459,712.8831,2589.9597,1255.934,cam_1_1690276676_04-17-56.jpg
59,20,1296.9497,371.1877,1585.2104,490.30093,cam_1_1690276676_04-17-56.jpg
59,3,3612.7488,807.81714,4237.435,1214.3325,cam_1_1690276676_04-17-56.jpg
59,14,3019.2268,607.4013,3325.9805,973.11035,cam_1_1690276676_04-17-56.jpg
59,50,1425.0258,825.59705,1862.4321,1039.9938,cam_1_1690276676_04-17-56.jpg
59,10,420.8599,294.0093,846.05743,642.7282,cam_1_1690276676_04-17-56.jpg
59,17,1050.3833,500.9901,1419.7227,638.05865,cam_1_1690276676_04-17-56.jpg
59,56,1068.3685,496.30402,1457.2333,603.1466,cam_1_1690276676_04-17-56.jpg
59,26,1787.6765,467.51,2224.9302,619.08276,cam_1_1690276676_04-17-56.jpg
59,19,799.32025,300.93408,1315.7571,633.1758,cam_1_1690276676_04-17-56.jpg
59,21,2723.466,534.23956,3033.4077,894.63654,cam_1_1690276676_04-17-56.jpg
60,1,1046.6427,548.767,1824.1865,991.5687,cam_1_1690276721_04-18-41.jpg
60,27,2070.3237,572.06635,2549.829,755.27124,cam_1_1690276721_04-18-41.jpg
60,9,3361.4905,724.9404,3827.1895,1130.0344,cam_1_1690276721_04-18-41.jpg
60,41,1677.2521,710.7845,2596.476,1254.3162,cam_1_1690276721_04-18-41.jpg
60,20,1290.8258,372.03586,1569.4135,487.63495,cam_1_1690276721_04-18-41.jpg
60,3,3612.527,806.8187,4274.182,1211.9419,cam_1_1690276721_04-18-41.jpg
60,14,3007.3928,603.5064,3302.8787,990.8341,cam_1_1690276721_04-18-41.jpg
60,50,1426.9044,811.44507,1869.4463,1036.7048,cam_1_1690276721_04-18-41.jpg
60,10,398.31036,292.13458,847.0379,632.5148,cam_1_1690276721_04-18-41.jpg
60,17,1061.6932,489.77637,1416.473,638.51544,cam_1_1690276721_04-18-41.jpg
60,56,1094.574,483.18002,1436.1356,604.24286,cam_1_1690276721_04-18-41.jpg
60,26,1789.9541,466.19833,2211.2427,620.9007,cam_1_1690276721_04-18-41.jpg
60,19,817.19403,322.85068,1313.7584,673.3944,cam_1_1690276721_04-18-41.jpg
60,21,2643.046,527.20135,3013.376,888.3398,cam_1_1690276721_04-18-41.jpg
60,42,1481.4636,358.41486,1986.7379,500.87012,cam_1_1690276721_04-18-41.jpg
61,1,1055.3875,550.9653,1832.4446,1004.16223,cam_1_1690276736_04-18-56.jpg
61,27,2068.9016,570.7237,2552.6414,764.94336,cam_1_1690276736_04-18-56.jpg
61,9,3364.7292,724.8748,3830.8323,1136.3779,cam_1_1690276736_04-18-56.jpg
61,41,1671.0645,707.4521,2602.9644,1260.84,cam_1_1690276736_04-18-56.jpg
61,20,1305.4369,374.0937,1572.3024,488.95145,cam_1_1690276736_04-18-56.jpg
61,3,3607.4346,810.82526,4248.238,1215.6906,cam_1_1690276736_04-18-56.jpg
61,14,3009.207,603.134,3388.3474,996.6473,cam_1_1690276736_04-18-56.jpg
61,50,1427.3894,806.73694,1864.3912,1039.261,cam_1_1690276736_04-18-56.jpg
61,10,462.58463,263.0696,776.2647,599.30066,cam_1_1690276736_04-18-56.jpg
61,17,1075.0138,489.11264,1415.243,636.31885,cam_1_1690276736_04-18-56.jpg
61,56,1101.5538,471.2851,1419.8575,609.3354,cam_1_1690276736_04-18-56.jpg
61,26,1782.2008,467.33484,2208.804,618.7193,cam_1_1690276736_04-18-56.jpg
61,19,862.72144,323.70435,1325.5758,642.4434,cam_1_1690276736_04-18-56.jpg
61,21,2615.0034,523.6808,3015.8274,883.99866,cam_1_1690276736_04-18-56.jpg
61,42,1465.9984,359.29886,1988.4312,504.88226,cam_1_1690276736_04-18-56.jpg
62,1,1044.1736,548.0711,1838.6322,1004.80005,cam_1_1690276841_04-20-41.jpg
62,9,3374.248,727.0657,3836.585,1132.5762,cam_1_1690276841_04-20-41.jpg
62,41,1687.1964,713.69946,2646.083,1266.4915,cam_1_1690276841_04-20-41.jpg
62,20,1279.6602,369.56677,1558.2216,487.02448,cam_1_1690276841_04-20-41.jpg
62,3,3656.5715,810.9412,4218.574,1219.7595,cam_1_1690276841_04-20-41.jpg
62,14,2981.2136,600.7179,3331.4866,992.43317,cam_1_1690276841_04-20-41.jpg
62,50,1429.5245,777.7848,1880.4352,1038.556,cam_1_1690276841_04-20-41.jpg
62,17,997.352,469.91455,1357.2537,633.28174,cam_1_1690276841_04-20-41.jpg
62,56,1087.6667,473.20016,1414.7485,607.876,cam_1_1690276841_04-20-41.jpg
62,26,1799.7869,469.23703,2209.2441,679.9248,cam_1_1690276841_04-20-41.jpg
62,19,814.62256,309.8361,1290.1165,630.04675,cam_1_1690276841_04-20-41.jpg
62,42,1474.9265,365.87674,1984.3407,510.19144,cam_1_1690276841_04-20-41.jpg
63,1,1040.4413,546.5807,1831.8079,1007.2745,cam_1_1690277111_04-25-11.jpg
63,9,3386.9438,725.6104,3843.419,1133.8384,cam_1_1690277111_04-25-11.jpg
63,41,1691.0023,712.801,2664.3552,1256.8086,cam_1_1690277111_04-25-11.jpg
63,20,1299.9607,370.41962,1568.4967,494.0737,cam_1_1690277111_04-25-11.jpg
63,3,3718.0112,807.9137,4172.856,1228.4296,cam_1_1690277111_04-25-11.jpg
63,14,2899.499,584.3339,3314.4143,938.9344,cam_1_1690277111_04-25-11.jpg
63,50,1431.6398,741.9355,1873.0511,1040.7657,cam_1_1690277111_04-25-11.jpg
63,17,965.9133,470.28055,1313.9844,628.64374,cam_1_1690277111_04-25-11.jpg
63,56,1106.9005,469.30615,1413.3462,600.27856,cam_1_1690277111_04-25-11.jpg
63,26,1763.3203,469.34186,2218.281,700.6395,cam_1_1690277111_04-25-11.jpg
63,19,865.8004,376.78558,1286.5327,584.0124,cam_1_1690277111_04-25-11.jpg
63,42,1558.1938,367.85947,2045.7021,507.97488,cam_1_1690277111_04-25-11.jpg
63,59,3234.063,662.162,3548.3418,1071.8907,cam_1_1690277111_04-25-11.jpg
64,1,1037.4543,546.64795,1818.2787,1006.68365,cam_1_1690277156_04-25-56.jpg
64,9,3383.2478,724.2763,3837.5408,1136.3833,cam_1_1690277156_04-25-56.jpg
64,41,1695.128,714.4811,2680.2546,1215.3105,cam_1_1690277156_04-25-56.jpg
64,20,1313.606,371.8654,1574.0396,497.79523,cam_1_1690277156_04-25-56.jpg
64,3,3690.275,812.0896,4178.6597,1225.2032,cam_1_1690277156_04-25-56.jpg
64,14,2861.391,580.65137,3304.2268,928.1458,cam_1_1690277156_04-25-56.jpg
64,50,1435.7079,726.0144,1886.9938,1043.7588,cam_1_1690277156_04-25-56.jpg
64,17,953.12744,472.00137,1293.4207,626.7857,cam_1_1690277156_04-25-56.jpg
64,56,1108.8387,471.52887,1417.915,601.34564,cam_1_1690277156_04-25-56.jpg
64,26,1756.8802,469.38635,2222.9282,712.78015,cam_1_1690277156_04-25-56.jpg
64,19,884.39154,405.76434,1281.2155,565.8305,cam_1_1690277156_04-25-56.jpg
64,42,1594.4246,368.91003,2075.696,507.00204,cam_1_1690277156_04-25-56.jpg
64,59,3203.4265,660.38245,3548.32,1076.8127,cam_1_1690277156_04-25-56.jpg
64,30,1458.1143,1066.77,2697.4724,2005.1632,cam_1_1690277156_04-25-56.jpg
65,1,1028.5718,544.9986,1820.4581,1006.6368,cam_1_1690277186_04-26-26.jpg
65,9,3377.1265,725.57117,3838.618,1137.4164,cam_1_1690277186_04-26-26.jpg
65,41,1696.556,714.79156,2677.0896,1205.5537,cam_1_1690277186_04-26-26.jpg
65,20,1319.6239,373.78555,1575.7428,499.35745,cam_1_1690277186_04-26-26.jpg
65,3,3669.0046,812.4456,4199.09,1224.4045,cam_1_1690277186_04-26-26.jpg
65,14,2848.3877,569.1199,3244.9458,921.57556,cam_1_1690277186_04-26-26.jpg
65,50,1435.3136,718.1343,1890.8041,1040.7179,cam_1_1690277186_04-26-26.jpg
65,17,948.02625,471.79004,1289.2825,623.3436,cam_1_1690277186_04-26-26.jpg
65,56,1107.6373,477.7235,1420.8926,599.9638,cam_1_1690277186_04-26-26.jpg
65,26,1763.5432,468.37357,2218.1028,717.24646,cam_1_1690277186_04-26-26.jpg
65,19,891.4614,412.57764,1283.0552,560.7786,cam_1_1690277186_04-26-26.jpg
65,42,1600.286,368.27063,2088.8472,507.55008,cam_1_1690277186_04-26-26.jpg
65,59,3192.4707,655.2709,3510.3933,1068.9583,cam_1_1690277186_04-26-26.jpg
65,30,1402.2689,1078.8768,2680.5054,2001.2997,cam_1_1690277186_04-26-26.jpg
66,1,1052.908,576.7297,1887.7666,1045.662,cam_1_1690277246_04-27-26.jpg
66,9,3382.4067,726.13776,3920.4023,1143.3308,cam_1_1690277246_04-27-26.jpg
66,41,1740.424,717.75397,2680.691,1224.3969,cam_1_1690277246_04-27-26.jpg
66,20,1336.8817,372.36136,1589.1365,505.54428,cam_1_1690277246_04-27-26.jpg
66,14,2834.5881,568.6327,3219.532,875.4625,cam_1_1690277246_04-27-26.jpg
66,26,1767.4431,466.99228,2237.4846,723.8141,cam_1_1690277246_04-27-26.jpg
66,42,1623.0449,365.34363,2106.2275,507.22696,cam_1_1690277246_04-27-26.jpg
66,59,3201.0925,649.70605,3484.0796,1060.8695,cam_1_1690277246_04-27-26.jpg
66,13,2423.6125,818.8481,3288.256,1334.3845,cam_1_1690277246_04-27-26.jpg
67,41,1732.827,757.99866,2558.4263,1397.5594,cam_1_1690277336_04-28-56.jpg
67,26,1683.5673,430.77023,2133.7524,704.1317,cam_1_1690277336_04-28-56.jpg
67,8,3247.272,907.4904,3736.5159,1486.5546,cam_1_1690277336_04-28-56.jpg
67,27,2045.9799,422.8509,2421.0217,710.89325,cam_1_1690277336_04-28-56.jpg
83,26,1731.2394,427.21555,2204.8455,745.23553,cam_1_1690279436_05-03-56.jpg
83,27,2068.4517,343.92398,2363.6636,610.27545,cam_1_1690279436_05-03-56.jpg
84,26,1684.6002,430.29572,2223.283,685.2979,cam_1_1690279616_05-06-56.jpg
84,27,2195.3616,357.01767,2433.3567,566.65155,cam_1_1690279616_05-06-56.jpg
84,21,2837.0962,563.04553,3078.0608,840.7623,cam_1_1690279616_05-06-56.jpg
84,9,3405.2695,764.34283,3823.447,1227.782,cam_1_1690279616_05-06-56.jpg
84,59,3034.884,702.6748,3246.417,926.6582,cam_1_1690279616_05-06-56.jpg
84,13,2592.135,828.6554,3285.1646,1623.4216,cam_1_1690279616_05-06-56.jpg
85,27,2235.0623,366.96027,2437.4893,544.7153,cam_1_1690279796_05-09-56.jpg
85,69,3014.2488,770.33044,3586.037,1366.0068,cam_1_1690279796_05-09-56.jpg
85,70,1942.6052,558.408,2579.8794,819.8839,cam_1_1690279796_05-09-56.jpg
85,71,1419.8689,315.34552,1887.1768,500.38284,cam_1_1690279796_05-09-56.jpg
85,74,1421.4476,498.55273,1738.5815,632.0419,cam_1_1690279796_05-09-56.jpg
85,21,2839.1528,584.89545,3046.255,820.2915,cam_1_1690279796_05-09-56.jpg
85,9,3393.8262,735.83545,3778.527,1204.5098,cam_1_1690279796_05-09-56.jpg
85,13,2743.5789,851.1871,3243.2932,1626.698,cam_1_1690279796_05-09-56.jpg
85,6,1712.6681,600.77386,2067.1057,809.0049,cam_1_1690279796_05-09-56.jpg
85,42,1729.8645,413.33707,2050.178,578.78955,cam_1_1690279796_05-09-56.jpg
86,69,2992.4312,767.06824,3661.1082,1340.9001,cam_1_1690279856_05-10-56.jpg
86,70,1937.6437,559.99915,2565.1665,858.5831,cam_1_1690279856_05-10-56.jpg
86,71,1414.1886,318.45996,1888.4255,505.8654,cam_1_1690279856_05-10-56.jpg
86,74,1401.6437,495.51355,1725.873,626.84406,cam_1_1690279856_05-10-56.jpg
86,21,2832.4583,585.38696,3041.6577,834.83746,cam_1_1690279856_05-10-56.jpg
86,9,3348.6914,711.5621,3853.3179,1193.2216,cam_1_1690279856_05-10-56.jpg
86,13,2787.1526,862.7809,3245.491,1631.5953,cam_1_1690279856_05-10-56.jpg
86,76,2543.4062,764.0895,2980.5195,1276.947,cam_1_1690279856_05-10-56.jpg
86,77,1114.4672,194.78217,1320.4507,416.76337,cam_1_1690279856_05-10-56.jpg
86,78,2239.2817,660.7841,2767.6328,1147.9293,cam_1_1690279856_05-10-56.jpg
86,79,1918.5198,500.72513,2478.1199,670.0989,cam_1_1690279856_05-10-56.jpg
86,81,1551.825,529.9992,1865.5465,684.03656,cam_1_1690279856_05-10-56.jpg
86,6,1713.7356,599.4704,2032.7495,809.8857,cam_1_1690279856_05-10-56.jpg
87,69,2993.9692,769.2336,3698.8013,1326.6938,cam_1_1690279916_05-11-56.jpg
87,70,1937.0879,553.79675,2534.9639,875.50916,cam_1_1690279916_05-11-56.jpg
87,71,1417.741,319.30786,1921.5077,510.43762,cam_1_1690279916_05-11-56.jpg
87,74,1386.3804,492.05222,1708.8872,630.8154,cam_1_1690279916_05-11-56.jpg
87,21,2824.0032,596.01416,3036.204,809.1777,cam_1_1690279916_05-11-56.jpg
87,9,3429.1428,707.2989,3868.2085,1194.2701,cam_1_1690279916_05-11-56.jpg
87,13,2799.8433,862.2089,3231.0789,1611.7443,cam_1_1690279916_05-11-56.jpg
87,76,2554.7695,770.1369,3014.8967,1291.5958,cam_1_1690279916_05-11-56.jpg
87,77,979.89435,191.69048,1255.8997,425.65488,cam_1_1690279916_05-11-56.jpg
87,78,2261.4175,657.6953,2799.0222,1130.2096,cam_1_1690279916_05-11-56.jpg
87,79,1905.0225,501.39914,2457.846,653.732,cam_1_1690279916_05-11-56.jpg
87,81,1547.8029,528.33325,1864.4677,687.2819,cam_1_1690279916_05-11-56.jpg
87,6,1715.4463,601.0101,1994.7013,809.0386,cam_1_1690279916_05-11-56.jpg
87,84,1939.5586,433.30554,2371.9692,544.18365,cam_1_1690279916_05-11-56.jpg
88,69,3108.559,800.3772,3821.7827,1275.687,cam_1_1690280081_05-14-41.jpg
88,70,1940.4027,559.9784,2580.318,886.47406,cam_1_1690280081_05-14-41.jpg
88,71,1403.2156,316.58575,1887.413,503.8781,cam_1_1690280081_05-14-41.jpg
88,74,1400.0304,493.1573,1711.3003,630.5525,cam_1_1690280081_05-14-41.jpg
88,21,2836.597,587.2398,3018.5583,739.0265,cam_1_1690280081_05-14-41.jpg
88,9,3272.2979,713.1065,3939.4277,1068.7388,cam_1_1690280081_05-14-41.jpg
88,13,2702.5574,798.1426,3228.6775,1420.6942,cam_1_1690280081_05-14-41.jpg
88,76,2571.4404,709.347,3137.3215,1190.7736,cam_1_1690280081_05-14-41.jpg
88,77,981.00525,191.80107,1238.6653,428.1543,cam_1_1690280081_05-14-41.jpg
88,79,1868.7396,495.40564,2438.1904,644.60876,cam_1_1690280081_05-14-41.jpg
88,81,1534.6783,528.55396,1861.7411,688.9011,cam_1_1690280081_05-14-41.jpg
88,6,1721.6727,605.13214,2004.706,812.6847,cam_1_1690280081_05-14-41.jpg
88,86,1239.292,195.95496,1362.0461,391.85773,cam_1_1690280081_05-14-41.jpg
89,69,3161.3264,827.09125,3915.2642,1284.4393,cam_1_1690280141_05-15-41.jpg
89,70,1940.4594,562.5146,2609.2024,891.2282,cam_1_1690280141_05-15-41.jpg
89,71,1414.4845,321.68008,1878.0015,501.63953,cam_1_1690280141_05-15-41.jpg
89,74,1406.8739,486.25616,1712.01,618.6876,cam_1_1690280141_05-15-41.jpg
89,21,2819.9097,591.1235,3055.8008,727.6263,cam_1_1690280141_05-15-41.jpg
89,9,3208.919,704.7781,3907.4368,968.0931,cam_1_1690280141_05-15-41.jpg
89,13,2707.3264,772.6611,3244.565,1342.5638,cam_1_1690280141_05-15-41.jpg
89,76,2574.6755,692.0174,3103.864,1162.9868,cam_1_1690280141_05-15-41.jpg
89,77,864.63666,187.7155,1181.0275,435.12595,cam_1_1690280141_05-15-41.jpg
89,79,1867.3074,495.44366,2431.8276,641.9952,cam_1_1690280141_05-15-41.jpg
89,81,1533.2123,530.34937,1862.3741,688.4601,cam_1_1690280141_05-15-41.jpg
89,6,1725.6552,610.05817,1998.5217,815.3253,cam_1_1690280141_05-15-41.jpg
89,86,1146.0492,191.26112,1362.2512,407.60294,cam_1_1690280141_05-15-41.jpg
89,88,1748.9934,226.74959,1856.4476,355.11456,cam_1_1690280141_05-15-41.jpg
90,69,3163.1113,819.5503,3964.241,1273.3112,cam_1_1690280336_05-18-56.jpg
90,70,1928.956,544.57135,2591.725,894.3834,cam_1_1690280336_05-18-56.jpg
90,71,1418.061,319.86276,1868.676,505.29083,cam_1_1690280336_05-18-56.jpg
90,74,1422.8088,488.3017,1717.6,614.34375,cam_1_1690280336_05-18-56.jpg
90,21,2801.3413,549.3995,3066.4956,745.93164,cam_1_1690280336_05-18-56.jpg
90,13,2713.4639,768.01416,3193.2737,1308.7695,cam_1_1690280336_05-18-56.jpg
90,76,2574.997,680.5544,3019.6155,1153.8324,cam_1_1690280336_05-18-56.jpg
90,79,1862.7134,504.9341,2383.9746,663.20026,cam_1_1690280336_05-18-56.jpg
90,81,1541.1395,532.99744,1859.9878,688.0091,cam_1_1690280336_05-18-56.jpg
90,6,1724.909,605.9936,2012.3926,811.56006,cam_1_1690280336_05-18-56.jpg
90,86,1120.9521,218.73154,1413.4036,408.6874,cam_1_1690280336_05-18-56.jpg
90,88,1739.3507,228.40392,1846.9569,356.1476,cam_1_1690280336_05-18-56.jpg
90,14,2534.083,518.5684,2901.0317,722.6293,cam_1_1690280336_05-18-56.jpg
91,69,3151.5789,812.97437,3988.7244,1253.6163,cam_1_1690280351_05-19-11.jpg
91,70,1921.0518,540.1447,2591.6626,894.74506,cam_1_1690280351_05-19-11.jpg
91,71,1407.533,324.4982,1864.5278,506.01517,cam_1_1690280351_05-19-11.jpg
91,74,1422.813,490.06332,1715.6614,612.6178,cam_1_1690280351_05-19-11.jpg
91,21,2794.8425,536.964,3060.9663,736.064,cam_1_1690280351_05-19-11.jpg
91,13,2719.5725,765.2516,3166.2517,1295.7837,cam_1_1690280351_05-19-11.jpg
91,76,2574.3093,680.5957,3003.044,1151.9664,cam_1_1690280351_05-19-11.jpg
91,79,1839.6005,510.28775,2366.5796,681.7137,cam_1_1690280351_05-19-11.jpg
91,81,1534.512,535.22046,1860.6168,687.5195,cam_1_1690280351_05-19-11.jpg
91,88,1738.1047,226.4934,1851.372,358.57486,cam_1_1690280351_05-19-11.jpg
91,14,2524.4453,516.1961,2919.6052,719.3462,cam_1_1690280351_05-19-11.jpg
92,69,3127.3684,819.62225,4000.0784,1301.0188,cam_1_1690280366_05-19-26.jpg
92,70,1911.8256,533.9257,2584.141,898.01166,cam_1_1690280366_05-19-26.jpg
92,71,1419.7474,326.42303,1862.7812,506.0057,cam_1_1690280366_05-19-26.jpg
92,74,1428.5137,490.24033,1725.5529,612.25916,cam_1_1690280366_05-19-26.jpg
92,13,2736.722,757.86707,3123.3835,1293.021,cam_1_1690280366_05-19-26.jpg
92,76,2567.5156,676.1527,2954.6926,1154.6604,cam_1_1690280366_05-19-26.jpg
92,79,1833.1887,508.29144,2358.2878,685.9989,cam_1_1690280366_05-19-26.jpg
92,81,1534.4224,534.81903,1861.4204,685.7005,cam_1_1690280366_05-19-26.jpg
92,88,1737.8453,225.279,1852.0583,359.6339,cam_1_1690280366_05-19-26.jpg
92,14,2544.7932,522.6263,2946.1328,716.4259,cam_1_1690280366_05-19-26.jpg
92,93,1382.447,249.63162,1659.8726,367.8813,cam_1_1690280366_05-19-26.jpg
92,86,1119.5891,206.89073,1390.4519,399.5775,cam_1_1690280366_05-19-26.jpg
93,69,3127.9365,814.52655,3999.3032,1311.6074,cam_1_1690280486_05-21-26.jpg
93,70,1900.5677,542.678,2584.1873,894.38934,cam_1_1690280486_05-21-26.jpg
93,71,1411.1027,318.7599,1858.7418,501.20996,cam_1_1690280486_05-21-26.jpg
93,74,1423.014,488.37396,1729.1547,616.22876,cam_1_1690280486_05-21-26.jpg
93,13,2759.802,752.90643,3126.3677,1297.8444,cam_1_1690280486_05-21-26.jpg
93,79,1824.9457,503.93607,2379.3057,667.2796,cam_1_1690280486_05-21-26.jpg
93,81,1539.4718,534.5553,1851.1738,686.22144,cam_1_1690280486_05-21-26.jpg
93,88,1735.5099,229.68513,1854.1753,361.51358,cam_1_1690280486_05-21-26.jpg
93,14,2531.8425,526.3507,2899.7754,728.23346,cam_1_1690280486_05-21-26.jpg
93,86,1196.612,223.95349,1440.4467,400.24466,cam_1_1690280486_05-21-26.jpg
93,78,2428.7893,698.2528,2843.4495,1275.5442,cam_1_1690280486_05-21-26.jpg
93,6,1719.598,598.99677,1981.7501,794.5603,cam_1_1690280486_05-21-26.jpg
94,69,3087.4172,815.76013,4005.966,1310.8239,cam_1_1690280576_05-22-56.jpg
94,70,1904.2428,543.10004,2586.0334,888.12225,cam_1_1690280576_05-22-56.jpg
94,71,1448.271,316.17166,1868.7189,502.31897,cam_1_1690280576_05-22-56.jpg
94,74,1423.8375,492.32846,1722.0272,615.46967,cam_1_1690280576_05-22-56.jpg
94,13,2741.3691,757.34436,3073.3528,1304.214,cam_1_1690280576_05-22-56.jpg
94,79,1854.4385,500.66763,2391.925,651.59906,cam_1_1690280576_05-22-56.jpg
94,81,1534.9978,533.30316,1851.28,681.23987,cam_1_1690280576_05-22-56.jpg
94,88,1732.5863,229.72858,1851.999,344.84183,cam_1_1690280576_05-22-56.jpg
94,86,1227.9215,224.73642,1419.2743,400.9801,cam_1_1690280576_05-22-56.jpg
94,78,2463.3757,686.8616,2785.2927,1240.9792,cam_1_1690280576_05-22-56.jpg
94,6,1713.1339,595.9112,1981.1969,796.7405,cam_1_1690280576_05-22-56.jpg
95,69,3124.3298,847.2612,3942.809,1312.451,cam_1_1690280636_05-23-56.jpg
95,70,1890.1836,540.2137,2586.719,888.63,cam_1_1690280636_05-23-56.jpg
95,71,1436.3386,315.79044,1875.4065,507.66965,cam_1_1690280636_05-23-56.jpg
95,74,1424.5636,491.36853,1720.8441,615.7246,cam_1_1690280636_05-23-56.jpg
95,13,2728.6216,747.60364,3070.719,1307.5165,cam_1_1690280636_05-23-56.jpg
95,79,1839.3204,499.2774,2395.4275,656.6279,cam_1_1690280636_05-23-56.jpg
95,81,1540.6862,533.7339,1856.3525,683.8444,cam_1_1690280636_05-23-56.jpg
95,88,1732.3119,232.54308,1850.8142,356.25684,cam_1_1690280636_05-23-56.jpg
95,78,2484.3203,674.1028,2753.037,1217.1523,cam_1_1690280636_05-23-56.jpg
95,76,2600.5186,590.71063,3116.241,872.87506,cam_1_1690280636_05-23-56.jpg
95,93,1295.3688,236.12233,1571.3497,383.57928,cam_1_1690280636_05-23-56.jpg
96,69,2928.6392,865.98364,3646.1277,1371.6901,cam_1_1690280756_05-25-56.jpg
96,70,1894.3717,539.0952,2587.629,888.9511,cam_1_1690280756_05-25-56.jpg
96,71,1421.324,322.00186,1883.9315,510.5593,cam_1_1690280756_05-25-56.jpg
96,74,1419.8132,492.01657,1710.4427,616.10254,cam_1_1690280756_05-25-56.jpg
96,13,2756.067,744.1949,3077.5332,1304.7526,cam_1_1690280756_05-25-56.jpg
96,79,1812.3846,490.22156,2351.3416,662.3226,cam_1_1690280756_05-25-56.jpg
96,81,1539.6855,539.38837,1852.7513,687.5745,cam_1_1690280756_05-25-56.jpg
96,88,1754.7468,233.36565,1869.8442,354.63235,cam_1_1690280756_05-25-56.jpg
96,78,2484.3591,665.8297,2745.0247,1203.0886,cam_1_1690280756_05-25-56.jpg
96,76,2611.9028,513.04846,3055.1748,806.5561,cam_1_1690280756_05-25-56.jpg
96,93,1334.028,260.6994,1539.6288,383.74646,cam_1_1690280756_05-25-56.jpg
96,3,3570.559,733.2228,4187.9697,1190.95,cam_1_1690280756_05-25-56.jpg
97,69,2848.7327,869.77423,3528.3303,1395.735,cam_1_1690280786_05-26-26.jpg
97,70,1886.0873,539.3321,2588.1057,890.0638,cam_1_1690280786_05-26-26.jpg
97,71,1428.0916,325.3456,1882.789,512.9065,cam_1_1690280786_05-26-26.jpg
97,74,1419.7544,500.47845,1721.0372,617.17706,cam_1_1690280786_05-26-26.jpg
97,13,2764.2336,742.9064,3086.6082,1303.6567,cam_1_1690280786_05-26-26.jpg
97,79,1783.9213,488.31293,2310.0806,660.8636,cam_1_1690280786_05-26-26.jpg
97,81,1535.5729,539.24066,1835.8596,683.8821,cam_1_1690280786_05-26-26.jpg
97,88,1758.2416,233.10504,1868.3759,352.90756,cam_1_1690280786_05-26-26.jpg
97,78,2487.407,659.801,2746.5789,1198.3359,cam_1_1690280786_05-26-26.jpg
97,76,2616.3708,500.31436,3024.868,786.6602,cam_1_1690280786_05-26-26.jpg
97,3,3552.096,733.3268,4188.595,1175.159,cam_1_1690280786_05-26-26.jpg
98,69,2770.2512,873.4402,3479.9724,1407.5098,cam_1_1690280816_05-26-56.jpg
98,70,1907.7003,541.6397,2586.162,886.2613,cam_1_1690280816_05-26-56.jpg
98,71,1414.2725,324.82428,1870.1769,510.74936,cam_1_1690280816_05-26-56.jpg
98,74,1412.9565,502.44742,1722.8806,610.6837,cam_1_1690280816_05-26-56.jpg
98,13,2774.5627,749.4307,3083.3162,1228.0938,cam_1_1690280816_05-26-56.jpg
98,79,1748.7714,489.603,2340.4448,666.7538,cam_1_1690280816_05-26-56.jpg
98,81,1530.385,540.5188,1828.8706,680.22504,cam_1_1690280816_05-26-56.jpg
98,88,1706.8699,238.17148,1904.9059,351.19894,cam_1_1690280816_05-26-56.jpg
98,78,2482.0923,656.4031,2746.4565,1212.2538,cam_1_1690280816_05-26-56.jpg
98,76,2616.432,493.95486,3009.5186,787.5126,cam_1_1690280816_05-26-56.jpg
98,3,3544.3875,728.9159,4213.8833,1201.6925,cam_1_1690280816_05-26-56.jpg
99,69,2600.8787,902.53687,3386.444,1453.606,cam_1_1690280921_05-28-41.jpg
99,70,1901.4248,544.6877,2588.0657,885.5817,cam_1_1690280921_05-28-41.jpg
99,71,1425.2047,325.69125,1871.9974,513.0215,cam_1_1690280921_05-28-41.jpg
99,13,2753.539,747.3873,3076.2598,1133.4188,cam_1_1690280921_05-28-41.jpg
99,79,1795.8849,500.57834,2370.9395,670.645,cam_1_1690280921_05-28-41.jpg
99,81,1526.1473,538.55975,1843.5933,681.27185,cam_1_1690280921_05-28-41.jpg
99,88,1729.2047,239.80173,1906.8323,348.80804,cam_1_1690280921_05-28-41.jpg
99,78,2473.959,662.5774,2743.9832,1155.9225,cam_1_1690280921_05-28-41.jpg
99,76,2610.4163,488.36264,3037.9316,769.0427,cam_1_1690280921_05-28-41.jpg
99,3,3525.0066,719.95166,4214.734,1223.1583,cam_1_1690280921_05-28-41.jpg
99,97,1766.9127,329.51752,2047.5961,506.38104,cam_1_1690280921_05-28-41.jpg
100,69,2542.0159,911.5501,3354.927,1461.8246,cam_1_1690281011_05-30-11.jpg
100,70,1887.1099,544.28644,2591.3484,889.73303,cam_1_1690281011_05-30-11.jpg
100,71,1414.22,330.77997,1872.629,509.72308,cam_1_1690281011_05-30-11.jpg
100,13,2743.3586,744.5014,3120.8801,1114.119,cam_1_1690281011_05-30-11.jpg
100,79,1807.474,495.83362,2347.2947,679.41833,cam_1_1690281011_05-30-11.jpg
100,81,1518.228,539.3519,1845.6836,679.09906,cam_1_1690281011_05-30-11.jpg
100,88,1747.9788,242.39778,1891.8226,363.36884,cam_1_1690281011_05-30-11.jpg
100,78,2478.163,668.5153,2759.8816,1173.3458,cam_1_1690281011_05-30-11.jpg
100,76,2637.209,502.75058,3130.175,770.6532,cam_1_1690281011_05-30-11.jpg
100,3,3524.0093,720.6984,4199.6772,1217.9905,cam_1_1690281011_05-30-11.jpg
100,97,1874.8274,300.48218,2038.1044,499.64896,cam_1_1690281011_05-30-11.jpg
100,74,1407.9724,501.23392,1701.2284,604.9089,cam_1_1690281011_05-30-11.jpg
101,69,2381.8179,876.1454,3195.0994,1446.2424,cam_1_1690281176_05-32-56.jpg
101,70,1889.9954,544.7601,2592.024,890.6726,cam_1_1690281176_05-32-56.jpg
101,71,1433.0626,330.65854,1887.8418,514.7937,cam_1_1690281176_05-32-56.jpg
101,79,1828.3755,516.86096,2379.5217,688.19763,cam_1_1690281176_05-32-56.jpg
101,81,1516.494,537.56494,1848.9282,674.16345,cam_1_1690281176_05-32-56.jpg
101,3,3536.2954,749.76825,4203.291,1224.1019,cam_1_1690281176_05-32-56.jpg
101,97,1846.7991,289.87173,2082.0354,451.38745,cam_1_1690281176_05-32-56.jpg
101,84,1850.7157,417.0226,2210.446,569.15576,cam_1_1690281176_05-32-56.jpg
102,70,1880.111,548.5266,2594.3564,815.71735,cam_1_1690281236_05-33-56.jpg
102,71,1431.2683,330.66077,1887.1002,516.791,cam_1_1690281236_05-33-56.jpg
102,79,1851.8448,520.91,2398.4226,705.63696,cam_1_1690281236_05-33-56.jpg
102,81,1512.4714,537.1584,1856.5347,673.5312,cam_1_1690281236_05-33-56.jpg
102,3,3520.0479,759.7142,4193.826,1225.1194,cam_1_1690281236_05-33-56.jpg
102,84,1895.3068,402.27322,2182.2092,559.6443,cam_1_1690281236_05-33-56.jpg
102,13,2736.1985,732.85376,3187.8406,1255.155,cam_1_1690281236_05-33-56.jpg
102,78,2547.8618,678.4535,2824.023,1212.1053,cam_1_1690281236_05-33-56.jpg
103,70,1887.4371,546.7102,2591.963,828.78894,cam_1_1690281476_05-37-56.jpg
103,71,1439.2457,334.22165,1904.4851,522.27686,cam_1_1690281476_05-37-56.jpg
103,79,1860.7006,513.7354,2399.8806,690.81177,cam_1_1690281476_05-37-56.jpg
103,81,1524.3232,540.1866,1857.481,678.59064,cam_1_1690281476_05-37-56.jpg
103,3,3415.3914,730.002,3995.9849,1148.3992,cam_1_1690281476_05-37-56.jpg
103,102,2060.1392,644.98895,2504.506,1210.5135,cam_1_1690281476_05-37-56.jpg
103,13,2731.409,731.4387,3141.4065,1269.0286,cam_1_1690281476_05-37-56.jpg
103,78,2560.1633,672.9696,2890.4814,1197.4667,cam_1_1690281476_05-37-56.jpg
104,70,1890.4308,546.66327,2588.9893,836.5539,cam_1_1690281506_05-38-26.jpg
104,71,1434.1519,331.23892,1890.4557,524.0568,cam_1_1690281506_05-38-26.jpg
104,79,1846.8279,507.05704,2388.2522,686.3192,cam_1_1690281506_05-38-26.jpg
104,81,1520.9655,539.91595,1854.0786,679.1665,cam_1_1690281506_05-38-26.jpg
104,3,3422.7896,723.4602,3922.2942,1121.0614,cam_1_1690281506_05-38-26.jpg
104,102,2093.0493,641.023,2511.173,1192.1733,cam_1_1690281506_05-38-26.jpg
104,13,2728.2493,733.8523,3130.5342,1274.7863,cam_1_1690281506_05-38-26.jpg
104,78,2565.946,669.01013,2909.5046,1186.8904,cam_1_1690281506_05-38-26.jpg
104,105,3032.8752,892.1838,3452.3696,1537.7228,cam_1_1690281506_05-38-26.jpg
104,106,3052.8677,702.5582,3530.9333,1090.4576,cam_1_1690281506_05-38-26.jpg
104,107,1365.8491,271.69766,1634.735,394.02972,cam_1_1690281506_05-38-26.jpg
105,70,1883.7428,546.57587,2592.2642,839.8183,cam_1_1690281596_05-39-56.jpg
105,71,1439.115,317.5256,1859.3451,503.7111,cam_1_1690281596_05-39-56.jpg
105,79,1855.9547,509.93732,2395.168,687.37836,cam_1_1690281596_05-39-56.jpg
105,81,1529.2552,540.1332,1862.8839,679.83636,cam_1_1690281596_05-39-56.jpg
105,3,3414.7078,721.31085,3933.5593,1108.552,cam_1_1690281596_05-39-56.jpg
105,102,2101.2478,636.95,2479.4702,1194.8348,cam_1_1690281596_05-39-56.jpg
105,13,2712.6167,731.9276,3129.975,1272.1692,cam_1_1690281596_05-39-56.jpg
105,78,2557.996,677.3389,2948.2244,1196.9823,cam_1_1690281596_05-39-56.jpg
105,105,2983.1248,894.32263,3468.5977,1501.3878,cam_1_1690281596_05-39-56.jpg
105,106,3069.9993,706.093,3528.2134,1090.8873,cam_1_1690281596_05-39-56.jpg
105,86,1087.1105,198.74658,1453.2775,395.09387,cam_1_1690281596_05-39-56.jpg
105,88,1754.2388,232.43411,1871.2373,364.41788,cam_1_1690281596_05-39-56.jpg
106,70,1889.8964,545.80145,2587.55,825.9146,cam_1_1690281641_05-40-41.jpg
106,71,1427.8383,323.17484,1861.9268,507.7143,cam_1_1690281641_05-40-41.jpg
106,79,1847.4934,504.09152,2409.015,677.71063,cam_1_1690281641_05-40-41.jpg
106,81,1529.9989,542.4304,1862.5895,681.3455,cam_1_1690281641_05-40-41.jpg
106,3,3392.6123,723.04034,3817.1873,1110.812,cam_1_1690281641_05-40-41.jpg
106,102,2128.869,641.43146,2545.7756,1190.389,cam_1_1690281641_05-40-41.jpg
106,13,2696.0342,743.2792,3146.5027,1293.7036,cam_1_1690281641_05-40-41.jpg
106,78,2515.279,694.81464,2936.7039,1221.9855,cam_1_1690281641_05-40-41.jpg
106,105,3038.3044,878.95294,3510.2676,1474.952,cam_1_1690281641_05-40-41.jpg
106,106,2993.0627,704.17,3477.1287,999.8563,cam_1_1690281641_05-40-41.jpg
106,86,1078.0397,197.56094,1453.4934,390.9206,cam_1_1690281641_05-40-41.jpg
106,88,1745.0869,230.39539,1856.2471,358.1649,cam_1_1690281641_05-40-41.jpg
107,70,1888.802,545.06,2590.2585,834.51276,cam_1_1690281671_05-41-11.jpg
107,71,1422.637,324.81122,1859.5509,508.23145,cam_1_1690281671_05-41-11.jpg
107,79,1860.9205,502.70587,2418.5076,679.19965,cam_1_1690281671_05-41-11.jpg
107,81,1531.2418,541.3002,1868.2058,683.0765,cam_1_1690281671_05-41-11.jpg
107,3,3392.0254,725.01556,3795.967,1112.394,cam_1_1690281671_05-41-11.jpg
107,102,2146.8657,641.00555,2561.1396,1167.9872,cam_1_1690281671_05-41-11.jpg
107,13,2688.5857,750.1837,3144.889,1298.7474,cam_1_1690281671_05-41-11.jpg
107,78,2530.651,686.7447,2942.7979,1213.8651,cam_1_1690281671_05-41-11.jpg
107,105,3069.0562,853.5301,3432.2415,1451.461,cam_1_1690281671_05-41-11.jpg
107,106,2948.2473,699.8139,3447.9478,975.61554,cam_1_1690281671_05-41-11.jpg
107,86,1057.9183,193.49564,1454.4541,391.38135,cam_1_1690281671_05-41-11.jpg
107,88,1743.4999,232.20021,1853.6903,358.6323,cam_1_1690281671_05-41-11.jpg
108,70,1897.0669,545.1038,2597.0168,853.2713,cam_1_1690281896_05-44-56.jpg
108,71,1433.0405,320.42767,1825.4946,510.80786,cam_1_1690281896_05-44-56.jpg
108,79,1879.8633,491.05927,2409.7742,663.3808,cam_1_1690281896_05-44-56.jpg
108,81,1515.5819,539.3734,1875.7795,677.44507,cam_1_1690281896_05-44-56.jpg
108,3,3188.5476,698.85815,3777.2754,1043.6202,cam_1_1690281896_05-44-56.jpg
108,102,2215.934,631.2908,2726.058,1121.4883,cam_1_1690281896_05-44-56.jpg
108,13,2730.9343,774.23083,3408.7334,1293.0177,cam_1_1690281896_05-44-56.jpg
108,105,2998.4011,869.8648,3406.5527,1446.7727,cam_1_1690281896_05-44-56.jpg
108,88,1699.6061,224.21036,1874.212,369.25903,cam_1_1690281896_05-44-56.jpg
109,70,1884.4615,542.5012,2592.7454,872.6816,cam_1_1690281986_05-46-26.jpg
109,71,1369.0903,307.54477,1793.3177,484.92285,cam_1_1690281986_05-46-26.jpg
109,79,1874.7576,501.95398,2390.3298,680.84656,cam_1_1690281986_05-46-26.jpg
109,102,2285.5325,618.9227,2775.0862,1086.0756,cam_1_1690281986_05-46-26.jpg
109,13,2750.5254,785.4388,3517.8623,1292.6523,cam_1_1690281986_05-46-26.jpg
109,105,2940.458,897.83734,3406.3635,1446.649,cam_1_1690281986_05-46-26.jpg
109,88,1683.0316,223.45848,1879.76,382.7909,cam_1_1690281986_05-46-26.jpg
109,110,944.92883,196.79843,1172.7092,431.2021,cam_1_1690281986_05-46-26.jpg
109,84,1654.7618,392.61435,2028.6382,558.0094,cam_1_1690281986_05-46-26.jpg
109,106,2819.447,638.35187,3393.7253,839.5367,cam_1_1690281986_05-46-26.jpg
110,70,1896.9045,548.11365,2582.1748,876.8488,cam_1_1690282046_05-47-26.jpg
110,71,1370.4531,305.2911,1792.3787,483.03235,cam_1_1690282046_05-47-26.jpg
110,79,1862.4125,506.31937,2379.1309,694.0914,cam_1_1690282046_05-47-26.jpg
110,102,2316.6155,624.53357,2793.8015,1085.0194,cam_1_1690282046_05-47-26.jpg
110,13,2762.302,774.9348,3463.2605,1199.7772,cam_1_1690282046_05-47-26.jpg
110,105,2808.2832,906.76324,3416.3247,1448.4994,cam_1_1690282046_05-47-26.jpg
110,88,1676.4679,221.45387,1878.1722,396.4499,cam_1_1690282046_05-47-26.jpg
110,110,950.1786,195.57407,1153.984,432.04065,cam_1_1690282046_05-47-26.jpg
110,84,1708.5831,386.16977,2019.3573,546.19135,cam_1_1690282046_05-47-26.jpg
110,106,2821.8586,632.93475,3403.3105,834.30554,cam_1_1690282046_05-47-26.jpg
110,81,1554.9016,534.23114,1891.076,690.94727,cam_1_1690282046_05-47-26.jpg
111,70,1897.276,547.33435,2583.198,881.12036,cam_1_1690282211_05-50-11.jpg
111,71,1368.8246,299.5572,1791.0184,469.67084,cam_1_1690282211_05-50-11.jpg
111,79,1876.3086,505.22556,2379.6064,695.2677,cam_1_1690282211_05-50-11.jpg
111,102,2353.7395,607.2479,2757.612,1076.804,cam_1_1690282211_05-50-11.jpg
111,13,2788.5105,799.99664,3523.8262,1137.1119,cam_1_1690282211_05-50-11.jpg
111,105,2683.291,924.12354,3406.1,1457.4554,cam_1_1690282211_05-50-11.jpg
111,88,1671.8386,225.68195,1874.8223,392.53796,cam_1_1690282211_05-50-11.jpg
111,106,2807.227,605.8428,3253.5015,819.15375,cam_1_1690282211_05-50-11.jpg
111,81,1573.9078,534.9394,1909.2498,689.8851,cam_1_1690282211_05-50-11.jpg
111,107,1305.0599,229.50388,1606.4368,370.4828,cam_1_1690282211_05-50-11.jpg
112,70,1888.0493,543.34625,2587.678,884.61676,cam_1_1690282241_05-50-41.jpg
112,102,2311.387,616.0005,2738.1863,1096.4142,cam_1_1690282241_05-50-41.jpg
112,13,2804.6997,799.6988,3476.1355,1093.4972,cam_1_1690282241_05-50-41.jpg
112,105,2588.2925,932.79047,3409.4312,1463.3071,cam_1_1690282241_05-50-41.jpg
112,88,1667.7725,222.02544,1862.6134,358.53683,cam_1_1690282241_05-50-41.jpg
112,106,2802.082,596.8179,3158.084,815.0576,cam_1_1690282241_05-50-41.jpg
112,81,1582.3596,536.8668,1912.3947,689.8383,cam_1_1690282241_05-50-41.jpg
112,114,3000.5376,654.20593,3337.449,843.31757,cam_1_1690282241_05-50-41.jpg
112,107,1249.2963,233.31636,1607.0577,381.0744,cam_1_1690282241_05-50-41.jpg
112,84,1623.5134,334.19473,1949.5197,512.3663,cam_1_1690282241_05-50-41.jpg
113,70,1890.6946,532.3662,2589.289,815.7087,cam_1_1690282466_05-54-26.jpg
113,102,2361.2432,613.4676,2716.543,1098.5679,cam_1_1690282466_05-54-26.jpg
113,13,2786.1338,798.27484,3435.1272,1236.8478,cam_1_1690282466_05-54-26.jpg
113,88,1667.867,221.7809,1863.4227,352.58575,cam_1_1690282466_05-54-26.jpg
113,106,2737.3093,542.5201,3127.4387,815.7287,cam_1_1690282466_05-54-26.jpg
113,81,1581.5208,533.2244,1910.382,687.8577,cam_1_1690282466_05-54-26.jpg
113,114,3012.2202,670.3116,3391.4163,878.8399,cam_1_1690282466_05-54-26.jpg
113,84,1654.1562,327.11554,1957.7837,497.81522,cam_1_1690282466_05-54-26.jpg
114,70,1974.5361,525.76483,2568.8303,775.58563,cam_1_1690282646_05-57-26.jpg
114,102,2423.5999,608.7665,2718.307,937.1454,cam_1_1690282646_05-57-26.jpg
114,13,2787.7957,793.1916,3408.983,1269.959,cam_1_1690282646_05-57-26.jpg
114,88,1650.9888,220.5727,1866.232,385.52423,cam_1_1690282646_05-57-26.jpg
114,106,2760.9407,528.9314,3157.4092,786.80884,cam_1_1690282646_05-57-26.jpg
114,81,1579.1964,535.0668,1915.4392,680.25366,cam_1_1690282646_05-57-26.jpg
114,114,2990.0205,672.79443,3435.6875,906.44507,cam_1_1690282646_05-57-26.jpg
114,116,1908.505,633.9717,2355.9556,1203.2926,cam_1_1690282646_05-57-26.jpg
114,6,1598.5176,575.4129,1940.62,742.0314,cam_1_1690282646_05-57-26.jpg
114,78,2383.642,728.93195,2953.2473,1260.9451,cam_1_1690282646_05-57-26.jpg
115,70,2001.2028,520.0403,2557.2554,767.2756,cam_1_1690282661_05-57-41.jpg
115,102,2442.2568,602.1114,2705.0837,867.1596,cam_1_1690282661_05-57-41.jpg
115,13,2791.5151,792.6095,3399.7917,1285.7544,cam_1_1690282661_05-57-41.jpg
115,88,1648.4222,224.4414,1870.4111,399.89667,cam_1_1690282661_05-57-41.jpg
115,106,2769.745,522.11774,3175.4912,771.1742,cam_1_1690282661_05-57-41.jpg
115,81,1575.4714,536.7264,1919.5513,682.9537,cam_1_1690282661_05-57-41.jpg
115,114,2980.076,676.08966,3449.2988,914.8085,cam_1_1690282661_05-57-41.jpg
115,116,1898.3213,627.2283,2377.402,1198.8375,cam_1_1690282661_05-57-41.jpg
115,6,1592.8086,573.4686,1944.9949,742.42114,cam_1_1690282661_05-57-41.jpg
115,78,2312.5957,734.70294,2951.7717,1261.4646,cam_1_1690282661_05-57-41.jpg
116,70,2042.7738,520.3202,2560.8228,723.3056,cam_1_1690282706_05-58-26.jpg
116,102,2452.004,607.5291,2720.414,1009.5275,cam_1_1690282706_05-58-26.jpg
116,13,2771.7068,786.52856,3396.7075,1283.3624,cam_1_1690282706_05-58-26.jpg
116,88,1635.326,223.21223,1892.5986,413.44025,cam_1_1690282706_05-58-26.jpg
116,106,2783.4114,516.02985,3183.8428,770.39136,cam_1_1690282706_05-58-26.jpg
116,81,1569.9141,534.24915,1917.9652,686.5895,cam_1_1690282706_05-58-26.jpg
116,114,2954.2295,669.2926,3462.176,931.7976,cam_1_1690282706_05-58-26.jpg
116,116,1948.4712,625.19525,2468.5017,1076.1221,cam_1_1690282706_05-58-26.jpg
116,26,1799.9102,375.95328,2100.9966,581.5082,cam_1_1690282706_05-58-26.jpg
116,69,1587.3286,674.98865,2231.5708,1334.2441,cam_1_1690282706_05-58-26.jpg
117,13,2831.939,832.63086,3316.3027,1433.3386,cam_1_1690282976_06-02-56.jpg
117,88,1685.3429,241.58676,1897.2859,433.36032,cam_1_1690282976_06-02-56.jpg
117,106,2799.0,533.8867,3240.8418,758.9722,cam_1_1690282976_06-02-56.jpg
117,81,1564.1239,535.649,1937.8066,691.2956,cam_1_1690282976_06-02-56.jpg
117,114,3074.4854,673.89404,3468.8113,1042.9042,cam_1_1690282976_06-02-56.jpg
117,116,1925.0634,529.25653,2554.9778,907.63275,cam_1_1690282976_06-02-56.jpg
117,3,2822.9868,550.1266,3273.3406,841.5191,cam_1_1690282976_06-02-56.jpg
118,114,3181.7307,675.76184,3480.759,1100.0125,cam_1_1690283186_06-06-26.jpg
118,116,1934.773,514.1355,2588.6414,862.83905,cam_1_1690283186_06-06-26.jpg
118,119,541.79333,267.57568,816.2069,585.9054,cam_1_1690283186_06-06-26.jpg
118,3,2783.3809,539.60565,3273.9695,911.45807,cam_1_1690283186_06-06-26.jpg
118,79,1778.3324,451.53363,2261.972,682.0599,cam_1_1690283186_06-06-26.jpg
118,84,1566.2006,292.05594,1888.0675,482.93585,cam_1_1690283186_06-06-26.jpg
118,69,1382.1757,742.27374,2036.621,1113.5974,cam_1_1690283186_06-06-26.jpg
119,114,3219.158,675.1441,3471.0752,1129.1792,cam_1_1690283291_06-08-11.jpg
119,116,1924.0469,516.5211,2599.5588,854.1531,cam_1_1690283291_06-08-11.jpg
119,3,2789.6746,548.15356,3297.244,927.38696,cam_1_1690283291_06-08-11.jpg
119,124,805.22485,403.088,1240.2328,830.81036,cam_1_1690283291_06-08-11.jpg
119,125,1145.1842,590.3006,1716.626,816.385,cam_1_1690283291_06-08-11.jpg
119,79,1800.7908,440.2592,2243.8472,668.3737,cam_1_1690283291_06-08-11.jpg
119,69,1229.485,701.38934,2039.5035,1207.5573,cam_1_1690283291_06-08-11.jpg
120,114,3239.6636,690.82184,3477.905,1141.9933,cam_1_1690283306_06-08-26.jpg
120,116,1920.572,515.50745,2600.5752,854.89764,cam_1_1690283306_06-08-26.jpg
120,3,2758.1553,561.28076,3310.0154,934.9218,cam_1_1690283306_06-08-26.jpg
120,124,794.4742,410.7439,1172.0421,852.13165,cam_1_1690283306_06-08-26.jpg
120,125,1164.1951,592.5334,1733.284,799.3329,cam_1_1690283306_06-08-26.jpg
120,79,1769.1251,440.4329,2233.1143,657.47614,cam_1_1690283306_06-08-26.jpg
120,69,1178.5748,695.88513,2022.5535,1220.4512,cam_1_1690283306_06-08-26.jpg
120,126,1074.0204,479.77048,1515.0782,669.8119,cam_1_1690283306_06-08-26.jpg
120,127,1038.5636,415.32227,1374.3802,569.7706,cam_1_1690283306_06-08-26.jpg
120,128,993.6648,395.87704,1346.7141,543.18933,cam_1_1690283306_06-08-26.jpg
120,129,1259.4983,588.53265,1737.298,746.82904,cam_1_1690283306_06-08-26.jpg
121,114,3245.5479,688.3094,3478.5598,1144.5531,cam_1_1690283321_06-08-41.jpg
121,116,1926.7605,516.9967,2599.1533,854.98157,cam_1_1690283321_06-08-41.jpg
121,3,2697.6099,568.8973,3307.2275,942.3166,cam_1_1690283321_06-08-41.jpg
121,124,793.8391,413.4083,1193.661,858.6465,cam_1_1690283321_06-08-41.jpg
121,79,1755.2783,442.9699,2230.0857,661.28143,cam_1_1690283321_06-08-41.jpg
121,69,1153.4742,686.4245,1975.8976,1227.7759,cam_1_1690283321_06-08-41.jpg
121,126,1104.3428,479.7321,1534.8896,667.92596,cam_1_1690283321_06-08-41.jpg
121,127,1044.6205,416.08725,1381.7231,563.50323,cam_1_1690283321_06-08-41.jpg
121,128,1021.71075,398.99496,1356.4059,539.9836,cam_1_1690283321_06-08-41.jpg
121,129,1251.776,588.27686,1730.6727,750.2483,cam_1_1690283321_06-08-41.jpg
122,114,3236.2852,666.1291,3501.6655,1108.1324,cam_1_1690283591_06-13-11.jpg
122,116,1961.4269,517.02454,2598.844,854.6104,cam_1_1690283591_06-13-11.jpg
122,124,779.8571,433.39362,1061.0498,898.0736,cam_1_1690283591_06-13-11.jpg
122,69,1184.6412,683.8292,2025.301,1223.0817,cam_1_1690283591_06-13-11.jpg
122,128,954.1515,394.04208,1334.0565,521.7986,cam_1_1690283591_06-13-11.jpg
122,6,1697.6212,584.88727,2021.8955,708.7297,cam_1_1690283591_06-13-11.jpg
122,78,2506.8132,766.9972,3411.299,1303.2463,cam_1_1690283591_06-13-11.jpg
122,81,1593.3198,535.98444,1910.6038,633.69836,cam_1_1690283591_06-13-11.jpg
122,125,1001.9357,472.8042,1642.318,895.8704,cam_1_1690283591_06-13-11.jpg
123,114,3238.091,660.767,3502.2075,1125.5394,cam_1_1690283681_06-14-41.jpg
123,116,1967.2948,518.92786,2594.7458,843.938,cam_1_1690283681_06-14-41.jpg
123,124,767.0734,411.4887,1072.5026,851.5051,cam_1_1690283681_06-14-41.jpg
123,69,1234.5365,695.2751,2174.6,1236.9701,cam_1_1690283681_06-14-41.jpg
123,128,983.70355,393.5947,1344.604,522.7416,cam_1_1690283681_06-14-41.jpg
123,6,1676.1282,585.8201,2024.0107,719.6891,cam_1_1690283681_06-14-41.jpg
123,81,1577.3646,534.0805,1897.3534,635.35803,cam_1_1690283681_06-14-41.jpg
123,125,1008.0192,449.45172,1546.6029,918.58655,cam_1_1690283681_06-14-41.jpg
124,114,3236.338,654.19415,3502.8728,1133.8356,cam_1_1690283696_06-14-56.jpg
124,116,1960.6567,521.60364,2593.666,835.25653,cam_1_1690283696_06-14-56.jpg
124,69,1461.8827,710.5486,2328.3792,1256.4603,cam_1_1690283696_06-14-56.jpg
124,128,899.49994,399.84995,1332.052,564.761,cam_1_1690283696_06-14-56.jpg
124,6,1681.3413,587.2513,2025.8759,724.3532,cam_1_1690283696_06-14-56.jpg
124,125,979.0422,526.2125,1639.3911,1098.2056,cam_1_1690283696_06-14-56.jpg
124,130,3682.5042,875.59985,4184.1675,1281.9987,cam_1_1690283696_06-14-56.jpg
124,126,1024.8104,466.4131,1674.6075,767.3731,cam_1_1690283696_06-14-56.jpg
125,114,3213.866,645.60974,3536.9302,1127.4229,cam_1_1690283816_06-16-56.jpg
125,116,1925.2935,521.1743,2589.065,848.47516,cam_1_1690283816_06-16-56.jpg
125,69,1391.7706,747.5686,2099.9324,1127.3025,cam_1_1690283816_06-16-56.jpg
125,128,871.7843,402.73212,1316.7238,577.1599,cam_1_1690283816_06-16-56.jpg
125,6,1686.6246,583.28687,2023.1904,732.0786,cam_1_1690283816_06-16-56.jpg
125,125,1068.9102,512.11273,1731.0392,1064.2408,cam_1_1690283816_06-16-56.jpg
125,130,3772.3625,837.34503,4199.567,1274.355,cam_1_1690283816_06-16-56.jpg
125,126,1001.6627,456.91504,1600.7388,837.2299,cam_1_1690283816_06-16-56.jpg
126,114,3207.6763,643.7973,3547.865,1125.2627,cam_1_1690283846_06-17-26.jpg
126,116,1918.8225,520.1354,2588.958,848.21436,cam_1_1690283846_06-17-26.jpg
126,69,1367.4027,763.11597,2011.4102,1071.7166,cam_1_1690283846_06-17-26.jpg
126,128,866.9531,396.43365,1312.1815,546.6495,cam_1_1690283846_06-17-26.jpg
126,6,1689.5194,578.5843,2014.4122,724.2828,cam_1_1690283846_06-17-26.jpg
126,125,1102.1805,515.1369,1822.6879,1046.832,cam_1_1690283846_06-17-26.jpg
126,130,3795.4282,819.0242,4194.882,1269.3718,cam_1_1690283846_06-17-26.jpg
126,126,891.3776,455.72882,1498.947,879.6079,cam_1_1690283846_06-17-26.jpg
126,131,2013.978,757.34216,2336.5813,1514.8151,cam_1_1690283846_06-17-26.jpg
127,114,3200.404,642.72656,3548.9324,1124.3473,cam_1_1690283876_06-17-56.jpg
127,116,1906.396,518.4274,2586.0264,849.78186,cam_1_1690283876_06-17-56.jpg
127,69,1358.3959,766.1098,1993.4451,1053.4062,cam_1_1690283876_06-17-56.jpg
127,128,860.0472,400.066,1309.5078,568.4775,cam_1_1690283876_06-17-56.jpg
127,6,1687.897,581.7946,2015.4106,722.9714,cam_1_1690283876_06-17-56.jpg
127,125,1152.6777,510.24182,1826.321,1032.9602,cam_1_1690283876_06-17-56.jpg
127,130,3801.8389,807.9302,4198.203,1247.6555,cam_1_1690283876_06-17-56.jpg
127,126,952.5792,450.13486,1518.5027,888.9036,cam_1_1690283876_06-17-56.jpg
127,131,1982.2394,770.36633,2315.8694,1522.492,cam_1_1690283876_06-17-56.jpg
128,114,3199.8115,643.83405,3550.5828,1123.4156,cam_1_1690283921_06-18-41.jpg
128,116,1912.5369,517.74567,2591.2205,847.38983,cam_1_1690283921_06-18-41.jpg
128,69,1358.8511,765.1508,1986.9954,1048.4419,cam_1_1690283921_06-18-41.jpg
128,128,857.87946,399.86548,1306.0769,577.79285,cam_1_1690283921_06-18-41.jpg
128,125,1216.1451,591.7647,1887.0427,986.53973,cam_1_1690283921_06-18-41.jpg
128,130,3821.1084,816.3787,4220.8643,1231.7166,cam_1_1690283921_06-18-41.jpg
128,126,1039.5787,448.43585,1571.8588,855.39185,cam_1_1690283921_06-18-41.jpg
128,131,1990.4467,771.57684,2333.433,1532.1904,cam_1_1690283921_06-18-41.jpg
128,81,1572.1583,531.474,1912.6605,656.9217,cam_1_1690283921_06-18-41.jpg
129,114,3201.4363,647.70526,3549.6682,1120.586,cam_1_1690283951_06-19-11.jpg
129,116,1918.8766,515.3468,2590.6191,846.0661,cam_1_1690283951_06-19-11.jpg
129,69,1358.046,766.3034,1986.0133,1046.8135,cam_1_1690283951_06-19-11.jpg
129,128,856.8619,395.6416,1303.2986,560.3906,cam_1_1690283951_06-19-11.jpg
129,125,1228.3732,635.96436,1899.3516,968.19763,cam_1_1690283951_06-19-11.jpg
129,130,3817.3398,813.7702,4217.8125,1227.2809,cam_1_1690283951_06-19-11.jpg
129,126,923.01776,456.32468,1551.3074,905.0719,cam_1_1690283951_06-19-11.jpg
129,131,1934.4487,788.35266,2311.0012,1560.9381,cam_1_1690283951_06-19-11.jpg
129,81,1556.3336,529.93,1900.7024,659.63873,cam_1_1690283951_06-19-11.jpg
130,114,3199.871,640.56213,3551.6147,1115.588,cam_1_1690283981_06-19-41.jpg
130,116,1928.1458,513.7658,2591.661,843.6672,cam_1_1690283981_06-19-41.jpg
130,69,1358.1986,766.30554,1983.1871,1046.9495,cam_1_1690283981_06-19-41.jpg
130,128,858.66205,392.35577,1305.5852,557.93744,cam_1_1690283981_06-19-41.jpg
130,125,1234.4408,649.92126,1908.4785,959.7989,cam_1_1690283981_06-19-41.jpg
130,130,3817.31,814.52576,4201.9077,1220.9264,cam_1_1690283981_06-19-41.jpg
130,126,886.938,460.38138,1483.0398,925.5281,cam_1_1690283981_06-19-41.jpg
130,131,1917.5188,788.9259,2396.803,1576.5402,cam_1_1690283981_06-19-41.jpg
130,81,1554.5066,531.2901,1905.6317,664.8941,cam_1_1690283981_06-19-41.jpg
131,114,3198.8528,637.7255,3547.795,1115.1903,cam_1_1690283996_06-19-56.jpg
131,116,1917.4047,515.55945,2594.0864,859.9407,cam_1_1690283996_06-19-56.jpg
131,69,1354.9332,769.4649,1989.1244,1050.4874,cam_1_1690283996_06-19-56.jpg
131,128,881.9517,397.98746,1413.937,571.24036,cam_1_1690283996_06-19-56.jpg
131,125,1286.4539,658.3669,1916.8743,926.70166,cam_1_1690283996_06-19-56.jpg
131,130,3808.0767,816.21655,4233.321,1222.0254,cam_1_1690283996_06-19-56.jpg
131,126,1021.203,468.27582,1583.3016,880.0349,cam_1_1690283996_06-19-56.jpg
131,105,2166.1113,904.65424,3288.073,1540.0852,cam_1_1690283996_06-19-56.jpg
132,114,3144.533,641.1637,3531.376,1113.5935,cam_1_1690284011_06-20-11.jpg
132,116,1914.654,518.41003,2591.4282,863.9948,cam_1_1690284011_06-20-11.jpg
132,69,1359.0358,760.68176,1979.7894,1051.4501,cam_1_1690284011_06-20-11.jpg
132,128,867.2133,399.01788,1355.39,584.56555,cam_1_1690284011_06-20-11.jpg
132,125,1251.2819,657.4373,1909.3796,945.2305,cam_1_1690284011_06-20-11.jpg
132,130,3751.22,802.43286,4115.438,1217.3951,cam_1_1690284011_06-20-11.jpg
132,126,1007.9227,473.00748,1493.6925,760.50146,cam_1_1690284011_06-20-11.jpg
132,105,2251.1028,923.0333,3398.4004,1513.5037,cam_1_1690284011_06-20-11.jpg
132,129,1136.0472,594.3442,1659.3466,822.1417,cam_1_1690284011_06-20-11.jpg
133,114,3164.3594,639.03033,3546.036,1113.1097,cam_1_1690284026_06-20-26.jpg
133,116,1916.7526,518.29236,2590.3376,862.85724,cam_1_1690284026_06-20-26.jpg
133,69,1362.2805,759.387,1979.4028,1051.6272,cam_1_1690284026_06-20-26.jpg
133,128,861.55286,399.08878,1325.7131,589.26996,cam_1_1690284026_06-20-26.jpg
133,125,1238.2877,657.9257,1912.8558,950.61926,cam_1_1690284026_06-20-26.jpg
133,130,3712.5515,785.1597,4052.832,1204.4012,cam_1_1690284026_06-20-26.jpg
133,126,1000.988,476.21353,1461.912,707.84143,cam_1_1690284026_06-20-26.jpg
133,105,2283.015,940.7891,3437.0425,1506.1995,cam_1_1690284026_06-20-26.jpg
133,129,1133.5587,591.6324,1649.734,826.2305,cam_1_1690284026_06-20-26.jpg
134,114,3175.473,643.6429,3570.0725,1126.6818,cam_1_1690284311_06-25-11.jpg
134,116,1928.1443,524.43066,2592.3853,866.4964,cam_1_1690284311_06-25-11.jpg
134,69,1362.2577,764.35297,1995.0101,1050.6871,cam_1_1690284311_06-25-11.jpg
134,128,811.05536,354.85416,1322.511,657.4855,cam_1_1690284311_06-25-11.jpg
134,125,1238.0726,658.40173,1897.4231,953.9409,cam_1_1690284311_06-25-11.jpg
134,130,3669.1316,762.9736,3953.283,1202.3994,cam_1_1690284311_06-25-11.jpg
134,129,1044.1476,519.9093,1636.1099,872.7995,cam_1_1690284311_06-25-11.jpg
135,114,3198.408,647.94446,3577.1118,1131.1672,cam_1_1690284341_06-25-41.jpg
135,116,1950.5853,527.0026,2598.3074,867.52997,cam_1_1690284341_06-25-41.jpg
135,69,1363.5176,762.2538,1984.1008,1050.5562,cam_1_1690284341_06-25-41.jpg
135,128,812.8492,335.88837,1342.608,679.8197,cam_1_1690284341_06-25-41.jpg
135,125,1237.8973,659.4007,1891.8579,954.6653,cam_1_1690284341_06-25-41.jpg
135,130,3659.2998,752.23584,3929.129,1201.7086,cam_1_1690284341_06-25-41.jpg
135,129,1074.8958,501.79584,1616.7812,838.34564,cam_1_1690284341_06-25-41.jpg
136,114,3179.4846,637.2599,3525.8667,1077.5974,cam_1_1690284461_06-27-41.jpg
136,116,1896.7521,607.8757,2359.7434,858.57935,cam_1_1690284461_06-27-41.jpg
136,69,1363.162,772.686,1980.2122,1054.0337,cam_1_1690284461_06-27-41.jpg
136,128,800.5946,325.18015,1372.1841,684.0107,cam_1_1690284461_06-27-41.jpg
136,125,1230.5604,662.05725,1889.2677,956.7028,cam_1_1690284461_06-27-41.jpg
136,130,3603.138,750.34357,3886.66,1200.3865,cam_1_1690284461_06-27-41.jpg
136,129,1128.0315,567.2132,1608.3385,838.74536,cam_1_1690284461_06-27-41.jpg
136,3,2627.8613,476.6486,2900.994,835.24725,cam_1_1690284461_06-27-41.jpg
136,126,992.42926,488.14456,1508.8784,692.5679,cam_1_1690284461_06-27-41.jpg
137,114,3152.295,633.0773,3483.7124,1048.7036,cam_1_1690284566_06-29-26.jpg
137,116,1874.9519,640.9672,2260.2532,856.0702,cam_1_1690284566_06-29-26.jpg
137,69,1364.5002,775.3023,1989.2526,1053.9613,cam_1_1690284566_06-29-26.jpg
137,128,794.24805,317.66592,1387.8881,684.1705,cam_1_1690284566_06-29-26.jpg
137,125,1225.9854,660.38934,1889.4445,957.018,cam_1_1690284566_06-29-26.jpg
137,130,3574.3271,749.7155,3851.2776,1198.1736,cam_1_1690284566_06-29-26.jpg
137,129,1148.4927,588.2814,1621.832,838.34906,cam_1_1690284566_06-29-26.jpg
137,3,2634.8843,472.59924,2936.303,827.5879,cam_1_1690284566_06-29-26.jpg
137,126,983.402,486.69952,1509.7532,690.0892,cam_1_1690284566_06-29-26.jpg
138,114,3130.804,626.4754,3479.2031,1032.659,cam_1_1690284911_06-35-11.jpg
138,116,1862.6735,650.71954,2240.463,858.6825,cam_1_1690284911_06-35-11.jpg
138,69,1362.668,774.69214,1991.1902,1053.373,cam_1_1690284911_06-35-11.jpg
138,128,797.60474,319.03693,1387.4333,686.03577,cam_1_1690284911_06-35-11.jpg
138,125,1223.4398,660.5736,1886.6343,951.2552,cam_1_1690284911_06-35-11.jpg
138,130,3589.0833,752.8351,3874.527,1200.1096,cam_1_1690284911_06-35-11.jpg
138,129,1154.2687,595.41907,1626.8698,837.4467,cam_1_1690284911_06-35-11.jpg
138,3,2628.18,481.00027,2920.192,825.18616,cam_1_1690284911_06-35-11.jpg
138,126,987.41705,488.49716,1521.8759,690.51227,cam_1_1690284911_06-35-11.jpg
139,114,3113.4417,628.1229,3484.9607,1028.3694,cam_1_1690285151_06-39-11.jpg
139,116,1868.0651,653.05133,2233.0054,856.61005,cam_1_1690285151_06-39-11.jpg
139,69,1362.5625,773.6208,1988.1779,1053.1174,cam_1_1690285151_06-39-11.jpg
139,128,890.28973,395.46774,1382.1714,653.1297,cam_1_1690285151_06-39-11.jpg
139,125,1222.9829,661.2231,1884.6785,949.27704,cam_1_1690285151_06-39-11.jpg
139,130,3601.94,753.1585,3892.8513,1197.2971,cam_1_1690285151_06-39-11.jpg
139,129,1156.3286,609.8042,1619.0867,838.2987,cam_1_1690285151_06-39-11.jpg
139,3,2613.7295,481.3294,2982.456,812.24634,cam_1_1690285151_06-39-11.jpg
139,126,996.1525,490.83444,1517.4075,692.72314,cam_1_1690285151_06-39-11.jpg
139,127,860.282,393.3109,1291.0333,579.2711,cam_1_1690285151_06-39-11.jpg
140,114,3105.104,624.84906,3480.9316,1024.7854,cam_1_1690285181_06-39-41.jpg
140,116,1869.751,651.57526,2231.1567,855.22253,cam_1_1690285181_06-39-41.jpg
140,69,1362.5256,774.9247,1990.9684,1051.8662,cam_1_1690285181_06-39-41.jpg
140,128,927.1446,429.08505,1377.0322,634.0549,cam_1_1690285181_06-39-41.jpg
140,125,1221.5973,661.55743,1883.5586,947.9548,cam_1_1690285181_06-39-41.jpg
140,130,3605.812,752.53467,3901.6147,1201.3337,cam_1_1690285181_06-39-41.jpg
140,129,1157.0282,616.20233,1610.4614,837.5732,cam_1_1690285181_06-39-41.jpg
140,3,2612.7727,483.59134,2992.4307,807.83234,cam_1_1690285181_06-39-41.jpg
140,126,997.2997,489.21243,1516.1537,691.9144,cam_1_1690285181_06-39-41.jpg
140,127,856.6525,393.5217,1295.3572,577.47626,cam_1_1690285181_06-39-41.jpg
141,114,3073.8945,621.5631,3470.4482,1013.45795,cam_1_1690285751_06-49-11.jpg
141,116,1876.8165,651.98254,2231.6543,853.9825,cam_1_1690285751_06-49-11.jpg
141,69,1365.799,762.3459,1948.0973,1054.8678,cam_1_1690285751_06-49-11.jpg
141,128,946.93677,441.55984,1372.4911,629.1809,cam_1_1690285751_06-49-11.jpg
141,125,1227.7821,664.5613,1897.7141,949.6612,cam_1_1690285751_06-49-11.jpg
141,130,3608.1592,749.58453,3899.4055,1196.5623,cam_1_1690285751_06-49-11.jpg
141,129,1155.522,633.6415,1578.0613,837.0737,cam_1_1690285751_06-49-11.jpg
141,3,2571.468,481.51443,2990.1316,801.9556,cam_1_1690285751_06-49-11.jpg
141,126,1001.51404,488.0336,1519.3251,689.3699,cam_1_1690285751_06-49-11.jpg
141,127,856.1756,395.1257,1263.2083,577.4504,cam_1_1690285751_06-49-11.jpg
142,114,3058.2205,620.3983,3482.6433,1012.1513,cam_1_1690285901_06-51-41.jpg
142,116,1860.1505,651.9178,2233.2612,857.49524,cam_1_1690285901_06-51-41.jpg
142,69,1366.2347,755.3273,1925.4719,1055.9478,cam_1_1690285901_06-51-41.jpg
142,128,951.7798,444.50293,1370.5072,627.8941,cam_1_1690285901_06-51-41.jpg
142,125,1224.8848,661.9959,1879.761,950.2692,cam_1_1690285901_06-51-41.jpg
142,130,3584.093,744.1586,3852.459,1200.88,cam_1_1690285901_06-51-41.jpg
142,129,1157.7301,640.2881,1565.8441,836.5948,cam_1_1690285901_06-51-41.jpg
142,3,2554.941,481.0324,3005.8525,793.1833,cam_1_1690285901_06-51-41.jpg
142,126,1006.3482,487.59796,1513.4457,688.28937,cam_1_1690285901_06-51-41.jpg
142,127,857.6639,395.9548,1247.1606,576.4244,cam_1_1690285901_06-51-41.jpg
143,114,3062.8674,620.95215,3473.1018,1013.9178,cam_1_1690286006_06-53-26.jpg
143,116,1867.739,651.844,2237.4622,858.3644,cam_1_1690286006_06-53-26.jpg
143,69,1367.99,747.4701,1916.5789,1055.2765,cam_1_1690286006_06-53-26.jpg
143,128,951.5543,444.72623,1369.0417,628.1587,cam_1_1690286006_06-53-26.jpg
143,125,1225.8519,661.38275,1883.5441,950.9798,cam_1_1690286006_06-53-26.jpg
143,130,3587.9038,750.2796,3867.9883,1194.4834,cam_1_1690286006_06-53-26.jpg
143,129,1158.3949,643.2457,1559.7684,838.5253,cam_1_1690286006_06-53-26.jpg
143,3,2566.281,483.22577,3014.6245,798.2955,cam_1_1690286006_06-53-26.jpg
143,126,1002.6818,487.55948,1516.7346,689.90753,cam_1_1690286006_06-53-26.jpg
143,127,857.21497,396.275,1239.398,577.09125,cam_1_1690286006_06-53-26.jpg
144,114,3063.8198,622.14685,3474.3777,1018.4521,cam_1_1690286081_06-54-41.jpg
144,116,1869.6293,651.7729,2240.431,859.89905,cam_1_1690286081_06-54-41.jpg
144,69,1367.6237,745.0158,1916.0469,1054.1404,cam_1_1690286081_06-54-41.jpg
144,128,952.93164,443.44394,1371.3824,628.18787,cam_1_1690286081_06-54-41.jpg
144,125,1226.1378,664.01794,1881.5741,949.7368,cam_1_1690286081_06-54-41.jpg
144,130,3593.2449,754.85175,3934.0137,1201.1912,cam_1_1690286081_06-54-41.jpg
144,129,1159.8485,640.2753,1567.5526,836.2658,cam_1_1690286081_06-54-41.jpg
144,3,2565.3398,481.98618,3013.0522,791.87695,cam_1_1690286081_06-54-41.jpg
144,126,1003.48157,486.51712,1518.5405,690.0724,cam_1_1690286081_06-54-41.jpg
144,127,858.13776,395.1643,1239.8009,577.3126,cam_1_1690286081_06-54-41.jpg
145,114,3058.8818,623.8485,3523.4155,1014.8972,cam_1_1690286126_06-55-26.jpg
145,116,1867.6322,650.77576,2242.8918,860.3745,cam_1_1690286126_06-55-26.jpg
145,69,1365.7787,746.2085,1917.0225,1054.1299,cam_1_1690286126_06-55-26.jpg
145,128,952.9594,443.49777,1373.096,626.4867,cam_1_1690286126_06-55-26.jpg
145,125,1224.1515,664.6405,1869.106,949.7302,cam_1_1690286126_06-55-26.jpg
145,130,3585.6865,751.4033,3890.0408,1199.389,cam_1_1690286126_06-55-26.jpg
145,129,1157.9299,638.0616,1573.3507,836.307,cam_1_1690286126_06-55-26.jpg
145,3,2590.6992,481.63144,2971.5952,794.1376,cam_1_1690286126_06-55-26.jpg
145,126,1005.00385,487.58173,1520.6053,692.0364,cam_1_1690286126_06-55-26.jpg
145,127,858.24084,395.75818,1238.1691,577.8168,cam_1_1690286126_06-55-26.jpg
146,114,3073.6775,622.5986,3496.2432,1012.47174,cam_1_1690286246_06-57-26.jpg
146,116,1865.0066,648.74396,2239.086,860.02466,cam_1_1690286246_06-57-26.jpg
146,69,1366.5845,744.96356,1913.6857,1053.9258,cam_1_1690286246_06-57-26.jpg
146,128,954.6262,443.38632,1372.9506,626.8449,cam_1_1690286246_06-57-26.jpg
146,125,1229.6476,663.36896,1884.2352,950.8465,cam_1_1690286246_06-57-26.jpg
146,130,3577.0823,753.8218,3861.849,1197.0153,cam_1_1690286246_06-57-26.jpg
146,129,1157.6322,635.01105,1575.3939,837.798,cam_1_1690286246_06-57-26.jpg
146,3,2601.1921,485.6036,2927.9036,797.3965,cam_1_1690286246_06-57-26.jpg
146,126,1003.8041,486.77838,1520.7257,691.11505,cam_1_1690286246_06-57-26.jpg
146,127,858.2118,395.9196,1242.2466,578.53656,cam_1_1690286246_06-57-26.jpg
147,114,3065.6152,620.318,3489.7139,1014.40894,cam_1_1690286306_06-58-26.jpg
147,116,1863.7,648.19666,2228.641,856.9421,cam_1_1690286306_06-58-26.jpg
147,69,1367.8812,743.9169,1912.7406,1054.0009,cam_1_1690286306_06-58-26.jpg
147,128,950.4772,443.19415,1369.6434,626.26886,cam_1_1690286306_06-58-26.jpg
147,125,1230.6669,661.6715,1890.2722,948.4364,cam_1_1690286306_06-58-26.jpg
147,130,3575.6409,754.45026,3854.3523,1197.4106,cam_1_1690286306_06-58-26.jpg
147,129,1157.798,628.84045,1579.4049,832.9469,cam_1_1690286306_06-58-26.jpg
147,3,2608.98,486.15753,2947.6348,800.28326,cam_1_1690286306_06-58-26.jpg
147,126,1000.88306,488.24905,1522.1324,693.896,cam_1_1690286306_06-58-26.jpg
147,127,859.5046,395.23935,1246.047,577.3077,cam_1_1690286306_06-58-26.jpg
148,114,3058.7246,621.06195,3481.5325,1011.8395,cam_1_1690286381_06-59-41.jpg
148,116,1864.6344,648.5001,2231.7205,855.77515,cam_1_1690286381_06-59-41.jpg
148,69,1371.3303,745.3555,1921.9824,1053.5327,cam_1_1690286381_06-59-41.jpg
148,128,950.9091,443.5844,1369.9506,626.2843,cam_1_1690286381_06-59-41.jpg
148,125,1233.9617,661.20886,1893.9783,947.76404,cam_1_1690286381_06-59-41.jpg
148,130,3576.1458,753.2928,3848.7773,1200.2714,cam_1_1690286381_06-59-41.jpg
148,129,1158.6104,626.71063,1582.6519,834.46765,cam_1_1690286381_06-59-41.jpg
148,3,2608.863,488.2212,2991.0605,801.6084,cam_1_1690286381_06-59-41.jpg
148,126,1000.46826,487.19504,1519.2793,692.8726,cam_1_1690286381_06-59-41.jpg
148,127,858.66113,395.4923,1245.5924,577.6823,cam_1_1690286381_06-59-41.jpg
149,114,3056.9985,620.9385,3479.043,1014.9617,cam_1_1690286501_07-01-41.jpg
149,116,1865.2842,648.6583,2233.0405,854.06287,cam_1_1690286501_07-01-41.jpg
149,69,1373.6526,741.5656,1922.5687,1053.8807,cam_1_1690286501_07-01-41.jpg
149,128,952.8782,443.51346,1368.3385,626.112,cam_1_1690286501_07-01-41.jpg
149,125,1236.0588,659.9448,1890.7655,948.1583,cam_1_1690286501_07-01-41.jpg
149,130,3589.171,753.5089,3875.0757,1200.9545,cam_1_1690286501_07-01-41.jpg
149,129,1161.4275,621.85236,1591.4207,834.84546,cam_1_1690286501_07-01-41.jpg
149,3,2546.565,480.5335,2995.3447,794.2021,cam_1_1690286501_07-01-41.jpg
149,126,1006.6318,488.3203,1517.1559,691.71124,cam_1_1690286501_07-01-41.jpg
149,127,857.8599,396.18222,1243.9783,577.1499,cam_1_1690286501_07-01-41.jpg
150,114,3037.2712,622.14124,3433.1025,1020.9252,cam_1_1690286996_07-09-56.jpg
150,116,1808.5057,648.22107,2234.3862,873.53107,cam_1_1690286996_07-09-56.jpg
150,125,1286.2205,603.80023,1785.6641,899.0111,cam_1_1690286996_07-09-56.jpg
150,130,3580.088,750.6375,3854.1492,1208.3816,cam_1_1690286996_07-09-56.jpg
150,3,2563.3252,484.59006,2948.4526,790.9897,cam_1_1690286996_07-09-56.jpg
150,126,879.222,502.5717,1463.1979,872.1499,cam_1_1690286996_07-09-56.jpg
150,127,860.65857,385.85794,1237.811,560.05505,cam_1_1690286996_07-09-56.jpg
150,81,1589.3024,537.57916,1973.6168,671.86224,cam_1_1690286996_07-09-56.jpg
151,114,3036.9602,623.3848,3402.9407,1015.82086,cam_1_1690287191_07-13-11.jpg
151,116,1796.0092,647.0444,2236.7356,878.1564,cam_1_1690287191_07-13-11.jpg
151,125,1203.9261,585.52386,1723.1417,877.19794,cam_1_1690287191_07-13-11.jpg
151,130,3612.1943,750.3826,3894.4873,1211.3822,cam_1_1690287191_07-13-11.jpg
151,3,2582.929,488.90952,2899.6926,771.496,cam_1_1690287191_07-13-11.jpg
151,126,955.57306,492.53336,1469.4788,781.4331,cam_1_1690287191_07-13-11.jpg
151,127,861.6678,390.6326,1252.0023,571.6878,cam_1_1690287191_07-13-11.jpg
151,133,2797.7727,562.8053,3187.7913,897.0383,cam_1_1690287191_07-13-11.jpg
151,134,3277.5303,668.70886,3593.755,1081.8059,cam_1_1690287191_07-13-11.jpg
151,81,1580.1569,536.16003,1975.3279,674.77045,cam_1_1690287191_07-13-11.jpg
151,128,959.0577,441.5102,1361.1403,622.1006,cam_1_1690287191_07-13-11.jpg
152,114,3041.0015,624.0227,3405.8809,1016.5895,cam_1_1690287281_07-14-41.jpg
152,116,1782.03,647.7516,2238.7192,882.37775,cam_1_1690287281_07-14-41.jpg
152,125,1176.6868,580.03516,1701.9615,868.1404,cam_1_1690287281_07-14-41.jpg
152,130,3624.2207,750.23553,3907.7747,1215.1077,cam_1_1690287281_07-14-41.jpg
152,3,2585.5095,489.2617,2889.94,751.6553,cam_1_1690287281_07-14-41.jpg
152,126,979.9195,484.83215,1491.9843,723.9761,cam_1_1690287281_07-14-41.jpg
152,127,771.36694,336.94806,1312.65,641.23566,cam_1_1690287281_07-14-41.jpg
152,133,2811.0305,566.5888,3182.6748,896.8211,cam_1_1690287281_07-14-41.jpg
152,134,3258.8423,665.9811,3565.223,1075.0375,cam_1_1690287281_07-14-41.jpg
152,81,1569.8635,534.9057,1975.694,675.47394,cam_1_1690287281_07-14-41.jpg
152,137,2665.3948,531.3973,2878.5825,866.6911,cam_1_1690287281_07-14-41.jpg
152,79,1420.946,302.84467,1781.9028,464.51285,cam_1_1690287281_07-14-41.jpg
153,114,3044.7139,627.84283,3406.4153,1011.7109,cam_1_1690287326_07-15-26.jpg
153,116,1778.5109,652.93604,2236.4226,881.87946,cam_1_1690287326_07-15-26.jpg
153,125,1168.7057,579.1992,1698.6958,862.65326,cam_1_1690287326_07-15-26.jpg
153,130,3623.09,753.3592,3946.3809,1213.9054,cam_1_1690287326_07-15-26.jpg
153,3,2580.6973,488.47568,2881.7415,740.9017,cam_1_1690287326_07-15-26.jpg
153,126,988.0506,480.83438,1504.7406,701.30585,cam_1_1690287326_07-15-26.jpg
153,127,785.1198,326.83923,1327.2983,666.52594,cam_1_1690287326_07-15-26.jpg
153,133,2816.0464,563.37427,3192.0974,893.91754,cam_1_1690287326_07-15-26.jpg
153,134,3242.1375,670.0603,3622.0173,1070.2064,cam_1_1690287326_07-15-26.jpg
153,81,1572.2607,533.99426,1974.8419,674.712,cam_1_1690287326_07-15-26.jpg
153,137,2677.3674,529.0682,2903.954,868.75464,cam_1_1690287326_07-15-26.jpg
153,128,992.17926,441.46594,1394.7808,604.0997,cam_1_1690287326_07-15-26.jpg
154,114,3048.7568,623.01764,3412.4475,1012.2985,cam_1_1690287461_07-17-41.jpg
154,116,1777.7637,649.52625,2239.1643,883.1024,cam_1_1690287461_07-17-41.jpg
154,125,1169.5094,579.2507,1712.7783,862.7926,cam_1_1690287461_07-17-41.jpg
154,130,3610.854,754.00525,3958.7224,1220.5071,cam_1_1690287461_07-17-41.jpg
154,3,2593.497,491.54465,2865.4756,747.01904,cam_1_1690287461_07-17-41.jpg
154,126,988.09296,475.9824,1510.2412,693.6431,cam_1_1690287461_07-17-41.jpg
154,127,802.3656,321.9936,1346.8575,672.68164,cam_1_1690287461_07-17-41.jpg
154,133,2814.4736,559.6354,3183.8818,915.73535,cam_1_1690287461_07-17-41.jpg
154,134,3243.346,665.9031,3590.8445,1059.8762,cam_1_1690287461_07-17-41.jpg
154,81,1570.6476,535.33203,1968.2303,674.46906,cam_1_1690287461_07-17-41.jpg
154,137,2685.2415,523.0911,2918.2415,864.8294,cam_1_1690287461_07-17-41.jpg
154,79,1437.4778,318.0608,1869.7555,493.86508,cam_1_1690287461_07-17-41.jpg
155,114,3058.8174,623.16724,3381.7983,985.49615,cam_1_1690287476_07-17-56.jpg
155,116,1777.776,649.18005,2239.746,882.4733,cam_1_1690287476_07-17-56.jpg
155,125,1170.9125,578.2671,1719.511,863.15857,cam_1_1690287476_07-17-56.jpg
155,3,2591.1562,491.65,2857.2563,746.8677,cam_1_1690287476_07-17-56.jpg
155,126,990.66046,474.74396,1516.3062,690.9929,cam_1_1690287476_07-17-56.jpg
155,127,810.0256,323.4945,1349.5016,676.0372,cam_1_1690287476_07-17-56.jpg
155,133,2810.9292,561.9851,3189.4084,924.247,cam_1_1690287476_07-17-56.jpg
155,81,1565.6166,534.72156,1968.1311,671.5185,cam_1_1690287476_07-17-56.jpg
155,137,2685.4666,522.7263,2910.9563,862.17053,cam_1_1690287476_07-17-56.jpg
155,140,2231.208,398.57703,2585.3684,656.53015,cam_1_1690287476_07-17-56.jpg
155,79,1445.8348,319.84537,1883.1101,498.38092,cam_1_1690287476_07-17-56.jpg
156,114,3052.7073,627.39,3358.9436,992.11005,cam_1_1690287506_07-18-26.jpg
156,116,1780.7174,648.52264,2240.8184,881.5519,cam_1_1690287506_07-18-26.jpg
156,125,1169.2983,578.95935,1717.9684,865.78516,cam_1_1690287506_07-18-26.jpg
156,3,2595.5818,493.98782,2843.937,750.8797,cam_1_1690287506_07-18-26.jpg
156,126,990.0724,475.40466,1519.3645,690.43304,cam_1_1690287506_07-18-26.jpg
156,127,812.3323,321.89938,1354.4434,678.06415,cam_1_1690287506_07-18-26.jpg
156,133,2812.847,559.90454,3193.0012,920.2094,cam_1_1690287506_07-18-26.jpg
156,81,1570.9575,534.9687,1973.0852,672.0733,cam_1_1690287506_07-18-26.jpg
156,137,2680.2485,525.2283,2911.0288,863.6475,cam_1_1690287506_07-18-26.jpg
156,140,2240.481,399.81152,2581.6892,657.01166,cam_1_1690287506_07-18-26.jpg
156,79,1422.4728,322.03375,1886.8237,497.91727,cam_1_1690287506_07-18-26.jpg
156,130,3601.3198,757.7279,3958.8972,1061.2147,cam_1_1690287506_07-18-26.jpg
157,114,3041.801,618.735,3373.9614,991.3684,cam_1_1690287581_07-19-41.jpg
157,116,1780.1031,647.76855,2241.5054,881.89465,cam_1_1690287581_07-19-41.jpg
157,125,1172.5463,579.7028,1723.8972,865.43695,cam_1_1690287581_07-19-41.jpg
157,3,2595.5696,492.33066,2859.687,750.7176,cam_1_1690287581_07-19-41.jpg
157,126,988.4084,474.9581,1488.5286,687.8704,cam_1_1690287581_07-19-41.jpg
157,127,805.4431,320.30734,1355.9528,676.5668,cam_1_1690287581_07-19-41.jpg
157,133,2836.694,562.9216,3177.2144,923.6853,cam_1_1690287581_07-19-41.jpg
157,81,1568.7279,534.8741,1972.5262,670.80853,cam_1_1690287581_07-19-41.jpg
157,137,2703.8142,528.5742,2945.4524,867.2054,cam_1_1690287581_07-19-41.jpg
157,140,2327.7114,424.30063,2657.8538,700.3417,cam_1_1690287581_07-19-41.jpg
157,79,1435.5283,323.98785,1882.5205,499.1797,cam_1_1690287581_07-19-41.jpg
157,130,3596.9436,752.7294,3898.0598,1179.8816,cam_1_1690287581_07-19-41.jpg
157,134,3227.1858,665.19196,3599.1348,1057.4264,cam_1_1690287581_07-19-41.jpg
158,114,3047.4841,626.3306,3394.505,993.9395,cam_1_1690287611_07-20-11.jpg
158,116,1775.6897,647.8838,2239.6216,882.52814,cam_1_1690287611_07-20-11.jpg
158,125,1170.7672,580.4413,1722.5593,866.5376,cam_1_1690287611_07-20-11.jpg
158,3,2594.087,492.1124,2856.0327,745.2639,cam_1_1690287611_07-20-11.jpg
158,126,985.139,474.92307,1506.4446,689.3617,cam_1_1690287611_07-20-11.jpg
158,127,804.6421,317.37674,1351.3038,676.8335,cam_1_1690287611_07-20-11.jpg
158,133,2843.894,565.4997,3182.6223,926.5809,cam_1_1690287611_07-20-11.jpg
158,81,1566.0549,533.6685,1973.3885,670.991,cam_1_1690287611_07-20-11.jpg
158,137,2705.6692,531.374,2958.499,867.36426,cam_1_1690287611_07-20-11.jpg
158,140,2356.5415,433.79132,2665.1343,709.27496,cam_1_1690287611_07-20-11.jpg
158,79,1449.0646,325.783,1892.3014,503.7901,cam_1_1690287611_07-20-11.jpg
158,130,3596.8726,753.95447,3899.501,1195.6267,cam_1_1690287611_07-20-11.jpg
158,134,3234.271,664.2222,3567.133,1055.9067,cam_1_1690287611_07-20-11.jpg
159,114,3045.4702,623.0894,3403.9556,996.24207,cam_1_1690287626_07-20-26.jpg
159,116,1772.4008,648.0048,2242.524,883.168,cam_1_1690287626_07-20-26.jpg
159,125,1171.7555,581.4463,1727.9963,866.75146,cam_1_1690287626_07-20-26.jpg
159,3,2595.9731,493.13528,2853.1199,740.1816,cam_1_1690287626_07-20-26.jpg
159,126,997.5894,472.9808,1509.1885,686.85986,cam_1_1690287626_07-20-26.jpg
159,127,856.6534,322.4676,1360.4357,626.0446,cam_1_1690287626_07-20-26.jpg
159,133,2849.82,565.96747,3180.2383,927.6119,cam_1_1690287626_07-20-26.jpg
159,81,1566.3362,535.0869,1974.9114,671.00244,cam_1_1690287626_07-20-26.jpg
159,137,2712.2322,532.4118,2968.503,865.1803,cam_1_1690287626_07-20-26.jpg
159,140,2367.8855,436.79974,2685.0564,716.0493,cam_1_1690287626_07-20-26.jpg
159,79,1459.5781,325.01303,1890.6493,504.20456,cam_1_1690287626_07-20-26.jpg
159,130,3589.1228,751.6356,3857.8406,1203.7948,cam_1_1690287626_07-20-26.jpg
159,134,3235.0127,663.931,3556.654,1057.8782,cam_1_1690287626_07-20-26.jpg
160,114,3047.1343,630.1565,3405.1006,996.5702,cam_1_1690287671_07-21-11.jpg
160,116,1747.651,646.4119,2247.6138,884.45123,cam_1_1690287671_07-21-11.jpg
160,125,1172.8827,579.95807,1717.8683,868.0072,cam_1_1690287671_07-21-11.jpg
160,3,2598.8157,491.4656,2866.8135,754.24994,cam_1_1690287671_07-21-11.jpg
160,126,1003.74603,473.26855,1503.8212,686.92395,cam_1_1690287671_07-21-11.jpg
160,127,862.8809,371.3489,1309.7559,596.0373,cam_1_1690287671_07-21-11.jpg
160,133,2884.2126,575.58093,3193.2407,938.1068,cam_1_1690287671_07-21-11.jpg
160,81,1568.4618,532.5149,1977.61,670.3871,cam_1_1690287671_07-21-11.jpg
160,137,2710.525,533.339,3002.5476,875.47406,cam_1_1690287671_07-21-11.jpg
160,140,2304.3335,430.8701,2667.007,707.0272,cam_1_1690287671_07-21-11.jpg
160,79,1442.132,326.14584,1897.9468,502.24557,cam_1_1690287671_07-21-11.jpg
160,130,3580.366,745.5373,3837.0308,1202.4012,cam_1_1690287671_07-21-11.jpg
160,134,3240.819,662.57056,3551.5403,1058.9088,cam_1_1690287671_07-21-11.jpg
160,128,969.8019,433.6679,1364.2816,618.1778,cam_1_1690287671_07-21-11.jpg
161,114,3070.048,621.28796,3407.7603,1008.8143,cam_1_1690287941_07-25-41.jpg
161,116,1766.2238,646.95404,2246.771,885.98615,cam_1_1690287941_07-25-41.jpg
161,125,1168.3125,580.03217,1714.1395,869.64667,cam_1_1690287941_07-25-41.jpg
161,3,2538.8801,483.5373,2868.717,764.70966,cam_1_1690287941_07-25-41.jpg
161,126,1008.894,477.9323,1501.4264,688.23535,cam_1_1690287941_07-25-41.jpg
161,127,864.5456,387.08316,1291.236,582.95795,cam_1_1690287941_07-25-41.jpg
161,133,2925.218,578.61255,3205.678,954.1815,cam_1_1690287941_07-25-41.jpg
161,81,1570.5387,534.9627,1971.545,673.86334,cam_1_1690287941_07-25-41.jpg
161,137,2716.4722,524.07825,2994.7078,870.90784,cam_1_1690287941_07-25-41.jpg
161,79,1449.6255,329.46652,1896.1416,502.09146,cam_1_1690287941_07-25-41.jpg
161,130,3524.0916,749.1313,3828.2524,1194.3102,cam_1_1690287941_07-25-41.jpg
161,134,3265.2207,663.9457,3549.2163,1071.7349,cam_1_1690287941_07-25-41.jpg
161,128,968.0352,430.96808,1362.4116,617.4863,cam_1_1690287941_07-25-41.jpg
162,114,3076.207,621.0786,3403.8887,1014.30664,cam_1_1690287956_07-25-56.jpg
162,116,1773.4283,647.17255,2242.2883,885.9163,cam_1_1690287956_07-25-56.jpg
162,125,1167.6582,580.8177,1716.3977,871.34796,cam_1_1690287956_07-25-56.jpg
162,3,2519.537,481.04868,2867.859,767.7277,cam_1_1690287956_07-25-56.jpg
162,126,1011.2971,478.39188,1504.348,689.4132,cam_1_1690287956_07-25-56.jpg
162,127,865.5285,393.09595,1284.1652,581.5688,cam_1_1690287956_07-25-56.jpg
162,133,2940.796,577.49744,3205.504,960.3225,cam_1_1690287956_07-25-56.jpg
162,81,1572.7599,534.6857,1974.7041,672.9437,cam_1_1690287956_07-25-56.jpg
162,137,2726.9624,524.33,2993.089,870.0641,cam_1_1690287956_07-25-56.jpg
162,79,1468.5592,337.88644,1894.3549,504.2492,cam_1_1690287956_07-25-56.jpg
162,130,3504.0435,751.09436,3823.5256,1183.8374,cam_1_1690287956_07-25-56.jpg
162,134,3265.506,664.1988,3566.585,1074.5995,cam_1_1690287956_07-25-56.jpg
162,128,969.2157,429.8203,1366.1193,619.755,cam_1_1690287956_07-25-56.jpg
162,143,3756.9106,792.679,4059.0544,1265.4153,cam_1_1690287956_07-25-56.jpg
163,114,3070.103,620.3172,3403.0564,1013.4859,cam_1_1690287971_07-26-11.jpg
163,116,1771.0859,647.868,2247.822,887.6774,cam_1_1690287971_07-26-11.jpg
163,125,1166.0913,581.2069,1713.9115,871.7171,cam_1_1690287971_07-26-11.jpg
163,3,2573.3875,483.0063,2867.367,767.28986,cam_1_1690287971_07-26-11.jpg
163,126,1011.1928,477.67407,1506.9546,689.6748,cam_1_1690287971_07-26-11.jpg
163,127,866.4614,394.6869,1281.2094,580.73816,cam_1_1690287971_07-26-11.jpg
163,133,2942.5144,578.814,3202.771,962.5101,cam_1_1690287971_07-26-11.jpg
163,81,1569.7152,536.2046,1970.9685,674.0205,cam_1_1690287971_07-26-11.jpg
163,137,2724.8882,524.0375,2995.0564,868.24585,cam_1_1690287971_07-26-11.jpg
163,79,1429.3322,332.67154,1896.3804,499.89755,cam_1_1690287971_07-26-11.jpg
163,130,3495.6528,755.2394,3824.3462,1192.2056,cam_1_1690287971_07-26-11.jpg
163,134,3266.597,663.8194,3554.6252,1076.9128,cam_1_1690287971_07-26-11.jpg
163,128,968.3374,429.2419,1363.3912,620.9298,cam_1_1690287971_07-26-11.jpg
163,143,3761.2612,790.0519,4056.9724,1262.1637,cam_1_1690287971_07-26-11.jpg
164,114,3060.7812,619.09674,3403.8403,1014.5046,cam_1_1690288196_07-29-56.jpg
164,125,1116.7874,493.90726,1724.5736,846.1111,cam_1_1690288196_07-29-56.jpg
164,3,2571.989,484.41827,2867.4456,745.37604,cam_1_1690288196_07-29-56.jpg
164,127,796.1832,310.63647,1292.3046,606.43097,cam_1_1690288196_07-29-56.jpg
164,133,2931.472,581.21216,3193.663,942.6867,cam_1_1690288196_07-29-56.jpg
164,137,2715.2146,524.8915,3001.516,846.3868,cam_1_1690288196_07-29-56.jpg
164,79,1534.4497,362.07202,1946.066,521.93805,cam_1_1690288196_07-29-56.jpg
164,130,3460.9768,736.8603,3822.3726,1160.3634,cam_1_1690288196_07-29-56.jpg
164,134,3265.3704,665.86914,3559.45,1079.1285,cam_1_1690288196_07-29-56.jpg
164,128,963.4025,430.63873,1331.5488,615.7474,cam_1_1690288196_07-29-56.jpg
164,143,3689.4968,785.1211,4056.4746,1256.2676,cam_1_1690288196_07-29-56.jpg
164,145,1350.3319,275.8159,1667.8959,417.14532,cam_1_1690288196_07-29-56.jpg
165,3,2602.631,492.72208,2866.0063,761.2813,cam_1_1690288436_07-33-56.jpg
165,127,776.94525,281.76358,1308.403,611.73303,cam_1_1690288436_07-33-56.jpg
165,79,1601.4924,371.75818,2026.4357,538.51056,cam_1_1690288436_07-33-56.jpg
165,130,3473.8252,736.2558,3822.7432,1160.3622,cam_1_1690288436_07-33-56.jpg
165,128,962.9548,438.34146,1398.154,617.0621,cam_1_1690288436_07-33-56.jpg
165,143,3741.8943,782.1831,4060.5337,1250.678,cam_1_1690288436_07-33-56.jpg
165,140,2487.0913,454.4709,2717.2246,727.04724,cam_1_1690288436_07-33-56.jpg
165,116,1874.7965,541.40436,2401.2224,831.4844,cam_1_1690288436_07-33-56.jpg
165,126,1013.4785,486.4295,1530.1932,693.50977,cam_1_1690288436_07-33-56.jpg
165,81,1556.4005,534.9889,1938.7946,692.33496,cam_1_1690288436_07-33-56.jpg
166,3,2609.5298,493.15137,2854.9065,786.3038,cam_1_1690288466_07-34-26.jpg
166,127,774.6828,268.12198,1319.4163,616.1286,cam_1_1690288466_07-34-26.jpg
166,79,1623.552,376.34897,2051.4436,545.20886,cam_1_1690288466_07-34-26.jpg
166,130,3481.6416,745.07355,3822.23,1176.6824,cam_1_1690288466_07-34-26.jpg
166,128,960.5247,441.62677,1418.1243,617.0376,cam_1_1690288466_07-34-26.jpg
166,143,3760.0354,785.4641,4060.0251,1252.5571,cam_1_1690288466_07-34-26.jpg
166,149,2083.9346,357.79703,2392.0354,530.66174,cam_1_1690288466_07-34-26.jpg
166,150,2329.025,406.53223,2520.8818,644.7761,cam_1_1690288466_07-34-26.jpg
166,151,1446.6772,326.06583,1817.5525,483.20615,cam_1_1690288466_07-34-26.jpg
166,152,1926.709,304.451,2201.3416,481.80905,cam_1_1690288466_07-34-26.jpg
166,140,2492.8997,455.02405,2734.0027,722.568,cam_1_1690288466_07-34-26.jpg
166,116,1876.4413,518.61694,2430.756,820.6641,cam_1_1690288466_07-34-26.jpg
166,126,1010.1075,491.0323,1531.192,691.503,cam_1_1690288466_07-34-26.jpg
166,81,1551.1505,533.3038,1933.0867,696.174,cam_1_1690288466_07-34-26.jpg
166,133,2971.8206,584.4542,3223.259,959.9369,cam_1_1690288466_07-34-26.jpg
167,3,2616.5488,493.0476,2799.8303,776.68915,cam_1_1690288541_07-35-41.jpg
167,127,766.4376,264.58768,1324.9764,617.3705,cam_1_1690288541_07-35-41.jpg
167,79,1640.1077,380.6822,2063.6042,568.7454,cam_1_1690288541_07-35-41.jpg
167,130,3479.9287,749.50604,3818.7615,1181.8055,cam_1_1690288541_07-35-41.jpg
167,128,963.3612,443.65607,1427.3646,619.9008,cam_1_1690288541_07-35-41.jpg
167,143,3758.2502,791.4971,4059.0051,1253.2072,cam_1_1690288541_07-35-41.jpg
167,149,2146.5667,364.1734,2389.6145,597.8885,cam_1_1690288541_07-35-41.jpg
167,150,2325.8958,403.10297,2517.0793,663.3996,cam_1_1690288541_07-35-41.jpg
167,151,1462.8112,315.7749,1844.5867,483.228,cam_1_1690288541_07-35-41.jpg
167,152,1977.0853,312.86493,2236.6272,521.6507,cam_1_1690288541_07-35-41.jpg
167,140,2471.0493,456.645,2652.297,739.3925,cam_1_1690288541_07-35-41.jpg
167,126,1006.0895,492.19934,1543.595,692.7231,cam_1_1690288541_07-35-41.jpg
167,81,1555.244,527.6052,1947.6174,697.49854,cam_1_1690288541_07-35-41.jpg
167,133,2974.0864,602.0594,3232.3271,1001.45294,cam_1_1690288541_07-35-41.jpg
167,137,2652.1938,517.8274,3012.4006,848.2125,cam_1_1690288541_07-35-41.jpg
168,3,2610.6826,487.38095,2783.223,787.0048,cam_1_1690288631_07-37-11.jpg
168,127,772.6148,262.60474,1328.1509,619.4848,cam_1_1690288631_07-37-11.jpg
168,79,1638.8047,377.37268,2052.9473,574.82404,cam_1_1690288631_07-37-11.jpg
168,130,3235.729,742.5398,3865.3599,1232.5082,cam_1_1690288631_07-37-11.jpg
168,128,962.2741,443.0876,1429.5896,619.406,cam_1_1690288631_07-37-11.jpg
168,143,3775.598,794.70465,4048.762,1251.3918,cam_1_1690288631_07-37-11.jpg
168,149,2147.7312,359.51526,2371.134,629.12585,cam_1_1690288631_07-37-11.jpg
168,150,2330.3967,402.87546,2515.9844,669.4409,cam_1_1690288631_07-37-11.jpg
168,152,1983.9648,320.9611,2255.3926,542.93475,cam_1_1690288631_07-37-11.jpg
168,140,2451.7764,453.0963,2617.0593,740.99176,cam_1_1690288631_07-37-11.jpg
168,126,1010.9019,493.7487,1530.7118,690.2693,cam_1_1690288631_07-37-11.jpg
168,81,1554.1448,524.8419,1958.1206,698.79565,cam_1_1690288631_07-37-11.jpg
168,137,2656.7075,517.288,3018.1387,852.4464,cam_1_1690288631_07-37-11.jpg
168,114,3045.7036,619.17346,3428.768,998.7848,cam_1_1690288631_07-37-11.jpg
169,3,2610.6104,489.09302,2780.0476,791.99677,cam_1_1690288766_07-39-26.jpg
169,127,776.1022,262.19177,1325.8757,623.687,cam_1_1690288766_07-39-26.jpg
169,79,1697.322,371.1828,2073.3542,582.065,cam_1_1690288766_07-39-26.jpg
169,130,3160.9844,737.66376,3887.2634,1243.7936,cam_1_1690288766_07-39-26.jpg
169,128,966.2807,444.36606,1436.4741,619.88715,cam_1_1690288766_07-39-26.jpg
169,143,3788.3,789.2738,4042.799,1243.9799,cam_1_1690288766_07-39-26.jpg
169,149,2166.8042,364.38724,2370.7039,638.8612,cam_1_1690288766_07-39-26.jpg
169,150,2303.8752,402.8546,2505.8423,670.77893,cam_1_1690288766_07-39-26.jpg
169,152,2003.5807,324.60883,2263.5588,548.1214,cam_1_1690288766_07-39-26.jpg
169,140,2435.7166,453.44165,2604.9465,743.6944,cam_1_1690288766_07-39-26.jpg
169,126,1010.9102,494.40454,1524.9785,690.4468,cam_1_1690288766_07-39-26.jpg
169,81,1551.3933,527.0835,1967.6387,705.8951,cam_1_1690288766_07-39-26.jpg
169,137,2641.5825,517.8595,3040.9858,857.88336,cam_1_1690288766_07-39-26.jpg
169,155,1157.7767,197.14023,1390.0586,363.06003,cam_1_1690288766_07-39-26.jpg
169,114,3046.0151,619.3927,3427.3645,997.32324,cam_1_1690288766_07-39-26.jpg
170,3,2615.3845,492.0398,2826.5112,781.02167,cam_1_1690289081_07-44-41.jpg
170,127,706.94836,266.89804,1276.66,625.7358,cam_1_1690289081_07-44-41.jpg
170,130,3147.77,750.15894,3926.4854,1260.308,cam_1_1690289081_07-44-41.jpg
170,128,959.74664,445.43604,1430.9576,618.17334,cam_1_1690289081_07-44-41.jpg
170,143,3789.6614,792.32184,4048.55,1255.4768,cam_1_1690289081_07-44-41.jpg
170,150,2289.9414,399.87592,2512.7058,596.758,cam_1_1690289081_07-44-41.jpg
170,152,1983.5532,329.4965,2299.2632,571.8972,cam_1_1690289081_07-44-41.jpg
170,126,1011.74097,494.95175,1520.996,690.7973,cam_1_1690289081_07-44-41.jpg
170,81,1573.4607,526.7454,1980.5851,698.8558,cam_1_1690289081_07-44-41.jpg
170,137,2685.958,536.87805,3089.046,872.9562,cam_1_1690289081_07-44-41.jpg
170,114,3028.6292,622.6607,3451.8398,1009.18134,cam_1_1690289081_07-44-41.jpg
171,3,2602.5684,489.05176,2835.2893,789.89417,cam_1_1690289216_07-46-56.jpg
171,127,634.83276,263.38928,1226.9473,619.024,cam_1_1690289216_07-46-56.jpg
171,130,3149.0803,752.7699,3935.5906,1279.2833,cam_1_1690289216_07-46-56.jpg
171,128,968.1391,446.4041,1422.7346,619.50885,cam_1_1690289216_07-46-56.jpg
171,143,3759.6511,784.733,4065.089,1281.207,cam_1_1690289216_07-46-56.jpg
171,150,2276.8293,403.88943,2513.947,663.5772,cam_1_1690289216_07-46-56.jpg
171,152,1992.8872,329.88324,2352.408,581.15314,cam_1_1690289216_07-46-56.jpg
171,126,1007.45404,494.34695,1517.8375,689.7139,cam_1_1690289216_07-46-56.jpg
171,137,2691.2422,541.4611,3141.9338,879.77637,cam_1_1690289216_07-46-56.jpg
171,114,3063.3958,628.8364,3485.7366,973.1746,cam_1_1690289216_07-46-56.jpg
171,156,1782.5156,271.67334,2046.5753,429.97742,cam_1_1690289216_07-46-56.jpg
171,79,1649.232,391.07175,2121.688,666.7836,cam_1_1690289216_07-46-56.jpg
171,140,2405.9272,458.07663,2599.2935,739.7206,cam_1_1690289216_07-46-56.jpg
172,3,2599.962,484.1316,2830.498,797.37854,cam_1_1690289261_07-47-41.jpg
172,127,615.2902,266.85184,1221.1063,617.15247,cam_1_1690289261_07-47-41.jpg
172,130,3146.859,754.7008,3943.8125,1279.6416,cam_1_1690289261_07-47-41.jpg
172,128,969.834,448.2582,1421.6859,620.8893,cam_1_1690289261_07-47-41.jpg
172,143,3761.573,779.7644,4123.756,1263.6279,cam_1_1690289261_07-47-41.jpg
172,150,2273.4612,401.593,2518.3716,677.0498,cam_1_1690289261_07-47-41.jpg
172,152,1994.1956,328.44568,2368.027,527.25244,cam_1_1690289261_07-47-41.jpg
172,126,1007.6338,495.98062,1529.3004,691.5693,cam_1_1690289261_07-47-41.jpg
172,137,2693.9148,544.8995,3141.265,888.19476,cam_1_1690289261_07-47-41.jpg
172,114,3069.5898,633.7509,3484.27,987.00024,cam_1_1690289261_07-47-41.jpg
172,156,1787.691,273.1306,2012.5205,469.3382,cam_1_1690289261_07-47-41.jpg
172,160,2845.2473,811.688,3385.5823,1488.5151,cam_1_1690289261_07-47-41.jpg
172,140,2413.643,452.7141,2601.472,738.5956,cam_1_1690289261_07-47-41.jpg
172,116,1921.9263,403.3111,2259.7852,722.6574,cam_1_1690289261_07-47-41.jpg
173,3,2600.0718,485.37582,2839.2922,799.45605,cam_1_1690289276_07-47-56.jpg
173,127,603.47046,269.28973,1227.5887,618.8384,cam_1_1690289276_07-47-56.jpg
173,130,3144.5586,756.78015,3960.398,1282.2747,cam_1_1690289276_07-47-56.jpg
173,128,968.75494,446.56314,1422.1097,618.6974,cam_1_1690289276_07-47-56.jpg
173,143,3761.5269,782.2258,4161.361,1264.0903,cam_1_1690289276_07-47-56.jpg
173,150,2269.441,399.9489,2523.8088,681.39856,cam_1_1690289276_07-47-56.jpg
173,152,1989.2496,328.88748,2345.6897,515.4678,cam_1_1690289276_07-47-56.jpg
173,126,1007.6933,495.53824,1526.8365,690.037,cam_1_1690289276_07-47-56.jpg
173,137,2704.7756,544.2937,3154.776,882.3704,cam_1_1690289276_07-47-56.jpg
173,114,3084.3147,630.2534,3481.7769,990.867,cam_1_1690289276_07-47-56.jpg
173,156,1789.5565,273.42453,2006.2013,482.6988,cam_1_1690289276_07-47-56.jpg
173,160,2848.7468,808.90186,3243.195,1456.5066,cam_1_1690289276_07-47-56.jpg
173,140,2415.3955,453.65247,2601.2012,737.1636,cam_1_1690289276_07-47-56.jpg
173,161,1904.0869,303.25955,2104.5532,508.16602,cam_1_1690289276_07-47-56.jpg
173,116,1995.9534,406.5933,2238.7463,737.73663,cam_1_1690289276_07-47-56.jpg
174,3,2600.757,486.7231,2844.49,807.8565,cam_1_1690289306_07-48-26.jpg
174,127,607.59204,270.21426,1209.9935,619.4036,cam_1_1690289306_07-48-26.jpg
174,130,3143.3975,754.9871,3992.6865,1286.5784,cam_1_1690289306_07-48-26.jpg
174,128,968.7026,446.76508,1420.7736,617.29205,cam_1_1690289306_07-48-26.jpg
174,143,3763.9531,780.31537,4107.4346,1274.1279,cam_1_1690289306_07-48-26.jpg
174,150,2269.318,402.31668,2513.472,688.1185,cam_1_1690289306_07-48-26.jpg
174,152,1988.0983,327.58377,2362.3784,558.1392,cam_1_1690289306_07-48-26.jpg
174,126,1007.7534,497.4913,1528.2198,690.8189,cam_1_1690289306_07-48-26.jpg
174,137,2779.7224,576.4753,3162.4514,925.141,cam_1_1690289306_07-48-26.jpg
174,114,3083.2214,630.0725,3461.0835,995.0572,cam_1_1690289306_07-48-26.jpg
174,156,1789.7112,271.73865,2005.6057,489.92593,cam_1_1690289306_07-48-26.jpg
174,160,2852.6768,805.81024,3280.135,1450.2277,cam_1_1690289306_07-48-26.jpg
174,140,2414.2224,450.70914,2605.447,740.25354,cam_1_1690289306_07-48-26.jpg
174,161,1906.2958,305.77917,2078.5747,515.9275,cam_1_1690289306_07-48-26.jpg
175,3,2597.6072,484.86826,2830.5771,791.19434,cam_1_1690289366_07-49-26.jpg
175,127,596.561,265.95007,1179.279,614.0533,cam_1_1690289366_07-49-26.jpg
175,130,3146.78,758.00964,4007.0317,1279.7726,cam_1_1690289366_07-49-26.jpg
175,128,965.401,445.80472,1421.8915,616.3206,cam_1_1690289366_07-49-26.jpg
175,143,3760.035,775.1996,4136.288,1268.8286,cam_1_1690289366_07-49-26.jpg
175,150,2269.3677,402.43466,2500.1138,683.09674,cam_1_1690289366_07-49-26.jpg
175,152,2006.3463,331.96146,2337.4849,570.37646,cam_1_1690289366_07-49-26.jpg
175,126,1003.3569,496.74884,1531.4252,689.944,cam_1_1690289366_07-49-26.jpg
175,137,2746.1152,588.71155,3179.8655,869.251,cam_1_1690289366_07-49-26.jpg
175,114,3093.3704,627.8915,3474.8633,1009.07184,cam_1_1690289366_07-49-26.jpg
175,156,1790.9667,276.77567,1993.2037,491.32788,cam_1_1690289366_07-49-26.jpg
175,140,2407.3674,452.96832,2600.3542,739.83673,cam_1_1690289366_07-49-26.jpg
175,161,1912.9609,303.48822,2076.0066,516.63184,cam_1_1690289366_07-49-26.jpg
176,3,2598.909,484.90845,2841.7688,788.58673,cam_1_1690289396_07-49-56.jpg
176,130,3163.804,823.68097,3824.9543,1286.8728,cam_1_1690289396_07-49-56.jpg
176,128,954.5563,442.2377,1411.9207,604.19214,cam_1_1690289396_07-49-56.jpg
176,143,3766.8806,782.7974,4062.1057,1236.1504,cam_1_1690289396_07-49-56.jpg
176,150,2276.0781,402.18475,2494.4985,683.7006,cam_1_1690289396_07-49-56.jpg
176,152,1997.6815,328.72882,2334.9219,573.7331,cam_1_1690289396_07-49-56.jpg
176,126,1066.6002,496.08466,1522.0096,681.01135,cam_1_1690289396_07-49-56.jpg
176,137,2760.3694,561.3812,3138.8367,855.3632,cam_1_1690289396_07-49-56.jpg
176,114,3093.5564,629.0018,3472.1292,1016.80237,cam_1_1690289396_07-49-56.jpg
176,156,1795.4327,280.31665,1964.2574,487.55472,cam_1_1690289396_07-49-56.jpg
176,140,2408.2747,454.85,2598.9536,737.6679,cam_1_1690289396_07-49-56.jpg
176,161,1895.6997,309.12418,2056.7485,519.2418,cam_1_1690289396_07-49-56.jpg
176,163,2324.6494,734.0599,3022.5342,1312.8026,cam_1_1690289396_07-49-56.jpg
177,3,2612.4595,477.55685,2834.1487,705.26886,cam_1_1690289441_07-50-41.jpg
177,130,3296.2068,764.86084,3818.2466,1178.129,cam_1_1690289441_07-50-41.jpg
177,128,955.72754,441.47427,1424.1947,608.7911,cam_1_1690289441_07-50-41.jpg
177,143,3691.6262,779.47876,4015.9592,1257.4032,cam_1_1690289441_07-50-41.jpg
177,150,2281.275,404.99045,2502.9043,671.0042,cam_1_1690289441_07-50-41.jpg
177,152,2112.4697,351.51324,2351.2244,599.7911,cam_1_1690289441_07-50-41.jpg
177,126,1031.105,493.9665,1521.619,683.6775,cam_1_1690289441_07-50-41.jpg
177,137,2753.6262,552.8673,3128.7815,824.4055,cam_1_1690289441_07-50-41.jpg
177,114,3082.466,628.577,3446.4417,1018.041,cam_1_1690289441_07-50-41.jpg
177,156,1788.5867,275.42,1971.0004,482.17923,cam_1_1690289441_07-50-41.jpg
177,140,2407.6062,453.97287,2602.454,700.69366,cam_1_1690289441_07-50-41.jpg
177,161,1903.4595,305.49713,2068.903,517.35864,cam_1_1690289441_07-50-41.jpg
177,163,2198.5842,661.20905,2805.3386,1224.4799,cam_1_1690289441_07-50-41.jpg
177,165,2726.0225,605.1138,2956.6956,1013.6286,cam_1_1690289441_07-50-41.jpg
177,116,2011.9926,334.64502,2234.0603,576.27893,cam_1_1690289441_07-50-41.jpg
178,3,2613.596,476.73376,2838.9692,683.6735,cam_1_1690289471_07-51-11.jpg
178,130,3353.513,743.42847,3815.8367,1137.6569,cam_1_1690289471_07-51-11.jpg
178,128,957.4662,442.34488,1425.5918,611.6104,cam_1_1690289471_07-51-11.jpg
178,143,3686.1455,787.412,4016.7866,1250.1996,cam_1_1690289471_07-51-11.jpg
178,150,2276.8284,403.98972,2501.9663,656.923,cam_1_1690289471_07-51-11.jpg
178,152,2163.0137,361.52316,2355.6133,614.04083,cam_1_1690289471_07-51-11.jpg
178,126,1019.1235,495.72424,1521.6472,687.7752,cam_1_1690289471_07-51-11.jpg
178,137,2826.6375,577.7053,3177.0186,902.12994,cam_1_1690289471_07-51-11.jpg
178,114,3083.7888,625.6551,3435.1194,1019.50867,cam_1_1690289471_07-51-11.jpg
178,156,1788.7795,272.64035,1959.9313,480.36792,cam_1_1690289471_07-51-11.jpg
178,140,2407.2683,451.80914,2604.7732,689.0267,cam_1_1690289471_07-51-11.jpg
178,161,1907.9365,305.35025,2063.2998,517.8071,cam_1_1690289471_07-51-11.jpg
178,163,2288.5388,633.0926,2747.691,1170.0593,cam_1_1690289471_07-51-11.jpg
178,165,2725.6252,565.1243,3012.1982,919.2066,cam_1_1690289471_07-51-11.jpg
178,116,2007.9968,329.17108,2244.4893,548.1856,cam_1_1690289471_07-51-11.jpg
179,3,2620.0505,477.90533,2836.6592,640.47144,cam_1_1690289546_07-52-26.jpg
179,130,3388.8127,735.9987,3815.819,1131.4808,cam_1_1690289546_07-52-26.jpg
179,128,957.42816,442.2227,1421.0156,612.7333,cam_1_1690289546_07-52-26.jpg
179,143,3667.047,784.23724,4010.6704,1246.1401,cam_1_1690289546_07-52-26.jpg
179,150,2265.1182,403.53696,2503.6887,653.6596,cam_1_1690289546_07-52-26.jpg
179,152,2158.244,362.68237,2357.4814,613.30963,cam_1_1690289546_07-52-26.jpg
179,126,1014.5273,497.87122,1532.8326,689.289,cam_1_1690289546_07-52-26.jpg
179,137,2878.4202,590.94073,3246.1816,934.40985,cam_1_1690289546_07-52-26.jpg
179,114,3111.3066,632.9921,3454.0522,1022.9939,cam_1_1690289546_07-52-26.jpg
179,156,1792.4275,273.20978,1949.9448,478.9565,cam_1_1690289546_07-52-26.jpg
179,140,2401.4785,449.6822,2600.5544,720.4802,cam_1_1690289546_07-52-26.jpg
179,161,1897.777,299.05533,2070.7937,514.58124,cam_1_1690289546_07-52-26.jpg
179,165,2670.9648,573.57416,2925.0444,969.69366,cam_1_1690289546_07-52-26.jpg
179,116,2004.3352,327.1812,2231.7769,534.07434,cam_1_1690289546_07-52-26.jpg
180,3,2605.2317,483.32028,2817.7322,764.7264,cam_1_1690289651_07-54-11.jpg
180,130,3383.015,732.9725,3817.6401,1131.4497,cam_1_1690289651_07-54-11.jpg
180,128,957.2164,442.41678,1419.6879,612.9551,cam_1_1690289651_07-54-11.jpg
180,143,3701.108,782.3315,4014.1433,1261.1782,cam_1_1690289651_07-54-11.jpg
180,150,2270.2556,404.93063,2509.0093,573.4883,cam_1_1690289651_07-54-11.jpg
180,152,2149.8433,363.31955,2355.1047,596.3576,cam_1_1690289651_07-54-11.jpg
180,126,1012.3517,496.63455,1514.9712,688.0166,cam_1_1690289651_07-54-11.jpg
180,137,2899.0437,596.73834,3240.7937,944.89386,cam_1_1690289651_07-54-11.jpg
180,114,3110.1455,635.97455,3458.116,1023.29034,cam_1_1690289651_07-54-11.jpg
180,156,1791.3652,276.20834,1912.436,472.20407,cam_1_1690289651_07-54-11.jpg
180,140,2428.897,450.082,2603.2126,734.4668,cam_1_1690289651_07-54-11.jpg
180,161,1863.1011,287.14963,2062.7354,504.65353,cam_1_1690289651_07-54-11.jpg
180,165,2679.8645,527.98596,2899.632,895.47986,cam_1_1690289651_07-54-11.jpg
180,116,2005.2169,333.59863,2216.3499,533.693,cam_1_1690289651_07-54-11.jpg
180,167,2775.5334,552.51965,3059.998,855.8516,cam_1_1690289651_07-54-11.jpg
180,149,2187.2146,479.06165,2497.8467,804.7523,cam_1_1690289651_07-54-11.jpg
181,3,2605.887,484.76788,2801.895,780.1591,cam_1_1690289726_07-55-26.jpg
181,130,3375.7705,727.15985,3821.1536,1123.5209,cam_1_1690289726_07-55-26.jpg
181,128,955.4562,444.18976,1420.8235,611.89746,cam_1_1690289726_07-55-26.jpg
181,143,3720.9885,784.64124,4021.7122,1263.0192,cam_1_1690289726_07-55-26.jpg
181,150,2271.1106,405.85706,2510.318,642.07947,cam_1_1690289726_07-55-26.jpg
181,152,2143.8486,380.22693,2344.576,630.2836,cam_1_1690289726_07-55-26.jpg
181,126,1010.9299,496.37323,1525.031,685.8128,cam_1_1690289726_07-55-26.jpg
181,137,2908.1855,601.8045,3256.6396,947.6282,cam_1_1690289726_07-55-26.jpg
181,114,3122.8542,637.7686,3464.9712,1026.9124,cam_1_1690289726_07-55-26.jpg
181,140,2416.4724,450.21582,2601.4746,740.4045,cam_1_1690289726_07-55-26.jpg
181,161,1832.141,282.54272,2026.609,502.87305,cam_1_1690289726_07-55-26.jpg
181,165,2683.2852,508.9814,2891.4324,867.89923,cam_1_1690289726_07-55-26.jpg
181,116,2000.5348,334.74026,2204.8403,537.8263,cam_1_1690289726_07-55-26.jpg
181,167,2784.6335,553.1198,3060.2524,878.58746,cam_1_1690289726_07-55-26.jpg
182,3,2556.754,484.4996,2782.3074,780.2489,cam_1_1690289996_07-59-56.jpg
182,130,3345.131,733.501,3821.9421,1124.1995,cam_1_1690289996_07-59-56.jpg
182,128,954.3223,443.9147,1417.5985,611.1828,cam_1_1690289996_07-59-56.jpg
182,143,3746.0012,786.46735,4028.4316,1260.7535,cam_1_1690289996_07-59-56.jpg
182,150,2257.8577,406.81503,2509.725,656.187,cam_1_1690289996_07-59-56.jpg
182,152,2154.3772,379.8755,2346.4546,624.99084,cam_1_1690289996_07-59-56.jpg
182,126,1008.53906,497.7179,1528.4377,685.8657,cam_1_1690289996_07-59-56.jpg
182,137,2913.4329,603.40845,3276.1655,926.3735,cam_1_1690289996_07-59-56.jpg
182,114,3135.0627,643.14374,3442.6226,1031.7948,cam_1_1690289996_07-59-56.jpg
182,140,2405.2588,452.69684,2601.8867,736.13416,cam_1_1690289996_07-59-56.jpg
182,161,1839.1029,284.00696,2053.6506,500.32703,cam_1_1690289996_07-59-56.jpg
182,165,2660.6426,503.42462,2894.4155,823.0191,cam_1_1690289996_07-59-56.jpg
182,116,2001.6906,337.29233,2233.6711,534.7604,cam_1_1690289996_07-59-56.jpg
182,167,2782.6262,552.42725,3067.946,861.63043,cam_1_1690289996_07-59-56.jpg
182,160,2549.4512,782.82684,3305.778,1559.581,cam_1_1690289996_07-59-56.jpg
182,156,1795.2529,279.5845,1914.2438,472.37888,cam_1_1690289996_07-59-56.jpg
183,3,2541.1616,484.4721,2776.6729,774.83716,cam_1_1690290026_08-00-26.jpg
183,130,3373.766,723.55774,3817.0725,1123.7621,cam_1_1690290026_08-00-26.jpg
183,128,949.49255,446.54257,1419.3583,613.76697,cam_1_1690290026_08-00-26.jpg
183,143,3756.0146,784.903,4030.1194,1269.2874,cam_1_1690290026_08-00-26.jpg
183,150,2250.3362,406.8433,2502.031,659.11255,cam_1_1690290026_08-00-26.jpg
183,152,2155.319,377.90732,2342.7737,615.1439,cam_1_1690290026_08-00-26.jpg
183,126,1005.4602,496.32254,1524.6431,685.9767,cam_1_1690290026_08-00-26.jpg
183,137,2919.6235,604.954,3274.4048,899.9472,cam_1_1690290026_08-00-26.jpg
183,114,3132.7036,640.95715,3455.4456,1032.3479,cam_1_1690290026_08-00-26.jpg
183,140,2397.4238,451.26834,2596.8757,734.9034,cam_1_1690290026_08-00-26.jpg
183,161,1793.0109,276.37335,2038.7183,498.82733,cam_1_1690290026_08-00-26.jpg
183,165,2667.1428,506.13025,2890.551,810.1046,cam_1_1690290026_08-00-26.jpg
183,116,2003.8235,335.06586,2255.8152,539.38763,cam_1_1690290026_08-00-26.jpg
183,167,2784.0093,552.51025,3077.1646,847.57666,cam_1_1690290026_08-00-26.jpg
183,160,2518.1104,792.638,3293.881,1500.427,cam_1_1690290026_08-00-26.jpg
184,130,3442.5881,716.7935,3772.1323,1167.0355,cam_1_1690290176_08-02-56.jpg
184,128,951.86487,445.73642,1423.752,616.1013,cam_1_1690290176_08-02-56.jpg
184,150,2242.027,403.67258,2511.2153,584.19885,cam_1_1690290176_08-02-56.jpg
184,152,2142.0095,377.68436,2332.182,561.2532,cam_1_1690290176_08-02-56.jpg
184,126,1008.9354,494.87772,1519.1199,685.55524,cam_1_1690290176_08-02-56.jpg
184,114,3137.2178,640.7391,3509.1584,1024.325,cam_1_1690290176_08-02-56.jpg
184,140,2385.5994,456.5341,2682.1953,733.5581,cam_1_1690290176_08-02-56.jpg
184,161,1837.1112,287.7377,2055.7273,501.4061,cam_1_1690290176_08-02-56.jpg
184,165,2636.812,503.94833,2899.5168,696.2146,cam_1_1690290176_08-02-56.jpg
184,116,1996.3314,328.47272,2239.6445,532.13226,cam_1_1690290176_08-02-56.jpg
184,167,2563.2117,612.958,3073.2878,935.4465,cam_1_1690290176_08-02-56.jpg
184,160,2523.4575,790.7502,3363.591,1470.7604,cam_1_1690290176_08-02-56.jpg
184,151,1696.8314,269.61404,1951.5005,462.53125,cam_1_1690290176_08-02-56.jpg
184,79,1934.2625,510.77512,2409.798,827.70776,cam_1_1690290176_08-02-56.jpg
185,130,3411.4377,747.141,3879.376,1173.7446,cam_1_1690290266_08-04-26.jpg
185,128,950.4273,445.22467,1423.2964,615.70276,cam_1_1690290266_08-04-26.jpg
185,150,2274.0388,400.91644,2520.3284,627.6473,cam_1_1690290266_08-04-26.jpg
185,152,2127.6628,376.75137,2349.568,539.8164,cam_1_1690290266_08-04-26.jpg
185,126,1022.5309,494.00177,1520.5702,683.6516,cam_1_1690290266_08-04-26.jpg
185,140,2402.4614,456.57428,2703.2988,734.8058,cam_1_1690290266_08-04-26.jpg
185,161,1818.6267,276.86926,1989.6973,489.922,cam_1_1690290266_08-04-26.jpg
185,165,2616.608,497.22507,2893.0457,788.35175,cam_1_1690290266_08-04-26.jpg
185,116,1982.1433,329.69092,2237.452,528.08936,cam_1_1690290266_08-04-26.jpg
185,167,2643.6406,574.89294,3083.3171,906.1909,cam_1_1690290266_08-04-26.jpg
185,160,2601.3003,847.7145,3207.7412,1499.5607,cam_1_1690290266_08-04-26.jpg
185,151,1613.9614,268.4236,1861.2302,466.79352,cam_1_1690290266_08-04-26.jpg
185,79,1911.154,522.3894,2389.838,837.57684,cam_1_1690290266_08-04-26.jpg
185,134,3272.5654,691.5973,3677.3582,1075.2451,cam_1_1690290266_08-04-26.jpg
185,155,1130.7213,202.41376,1487.8337,410.3002,cam_1_1690290266_08-04-26.jpg
185,137,2914.2505,605.7814,3352.6873,923.1137,cam_1_1690290266_08-04-26.jpg
186,130,3492.7896,771.0059,3890.887,1198.5883,cam_1_1690290476_08-07-56.jpg
186,150,2309.4067,402.15115,2501.8386,596.3887,cam_1_1690290476_08-07-56.jpg
186,126,1023.875,493.75302,1523.6864,686.1053,cam_1_1690290476_08-07-56.jpg
186,161,1799.1652,271.60602,1948.4342,478.5558,cam_1_1690290476_08-07-56.jpg
186,116,1917.8389,300.45514,2193.7083,515.7529,cam_1_1690290476_08-07-56.jpg
186,160,2572.4028,843.499,3457.486,1464.1134,cam_1_1690290476_08-07-56.jpg
186,151,1668.2635,249.20535,1879.1268,446.53055,cam_1_1690290476_08-07-56.jpg
186,79,1938.7809,547.57214,2513.919,865.5834,cam_1_1690290476_08-07-56.jpg
186,134,3251.7798,720.62317,3631.3872,1079.6753,cam_1_1690290476_08-07-56.jpg
186,155,1075.0089,193.53355,1453.5946,392.4743,cam_1_1690290476_08-07-56.jpg
186,125,846.5198,315.01343,1320.265,687.12866,cam_1_1690290476_08-07-56.jpg
186,133,2864.2407,744.775,3474.5938,1099.2892,cam_1_1690290476_08-07-56.jpg
186,127,686.4528,277.51102,1106.8424,611.0241,cam_1_1690290476_08-07-56.jpg
186,149,2186.0454,642.3033,2788.9785,1111.1305,cam_1_1690290476_08-07-56.jpg
187,150,2266.1946,389.60452,2465.0105,584.18115,cam_1_1690290671_08-11-11.jpg
187,126,1026.6614,489.22864,1520.9265,682.7792,cam_1_1690290671_08-11-11.jpg
187,161,1756.5876,267.56955,1988.4868,446.6121,cam_1_1690290671_08-11-11.jpg
187,79,2001.8258,559.2674,2567.0576,881.0745,cam_1_1690290671_08-11-11.jpg
187,169,1232.9127,581.3353,1846.5865,988.81476,cam_1_1690290671_08-11-11.jpg
187,125,837.9228,307.9393,1358.8384,687.43823,cam_1_1690290671_08-11-11.jpg
187,81,1645.4634,425.5163,2114.8022,635.7763,cam_1_1690290671_08-11-11.jpg
187,114,3032.7966,629.64484,3515.0989,1001.1643,cam_1_1690290671_08-11-11.jpg
187,152,2120.8013,381.332,2278.3928,573.49176,cam_1_1690290671_08-11-11.jpg
187,140,2418.1494,456.4411,2771.0928,735.6604,cam_1_1690290671_08-11-11.jpg
188,150,2222.0364,388.76053,2398.3965,564.2321,cam_1_1690290716_08-11-56.jpg
188,126,1067.1102,496.25772,1529.4388,682.56995,cam_1_1690290716_08-11-56.jpg
188,161,1739.291,264.77737,2006.2576,467.98605,cam_1_1690290716_08-11-56.jpg
188,79,1988.5012,560.4174,2586.4395,880.7489,cam_1_1690290716_08-11-56.jpg
188,169,1272.2236,664.3668,1939.0966,1005.87384,cam_1_1690290716_08-11-56.jpg
188,125,817.3646,299.8813,1333.8403,622.4868,cam_1_1690290716_08-11-56.jpg
188,172,803.0379,184.34097,1198.2878,356.99277,cam_1_1690290716_08-11-56.jpg
188,114,3018.6182,624.23663,3477.682,999.56744,cam_1_1690290716_08-11-56.jpg
188,140,2439.8503,455.82123,2792.4758,737.6843,cam_1_1690290716_08-11-56.jpg
188,163,1861.3649,488.87402,2315.3213,699.45557,cam_1_1690290716_08-11-56.jpg
188,130,3224.1099,874.80804,3894.75,1363.7009,cam_1_1690290716_08-11-56.jpg
189,150,2226.852,391.1879,2478.4397,573.10596,cam_1_1690290806_08-13-26.jpg
189,126,1049.2814,498.06094,1526.03,687.2641,cam_1_1690290806_08-13-26.jpg
189,161,1740.5724,266.00613,2022.3148,474.2346,cam_1_1690290806_08-13-26.jpg
189,79,2002.7981,567.2058,2595.1567,882.97015,cam_1_1690290806_08-13-26.jpg
189,169,1288.63,700.43256,1997.9697,1013.83405,cam_1_1690290806_08-13-26.jpg
189,125,831.9656,303.31543,1358.6294,651.1631,cam_1_1690290806_08-13-26.jpg
189,172,939.94507,208.745,1195.4758,348.7097,cam_1_1690290806_08-13-26.jpg
189,114,3018.5657,621.8088,3454.623,996.2418,cam_1_1690290806_08-13-26.jpg
189,140,2449.4531,455.9082,2779.2104,738.5921,cam_1_1690290806_08-13-26.jpg
189,173,1188.6294,592.9359,1713.2256,846.8494,cam_1_1690290806_08-13-26.jpg
189,163,1772.1053,489.39044,2333.7495,701.333,cam_1_1690290806_08-13-26.jpg
189,130,3169.4802,899.0998,3875.186,1396.0803,cam_1_1690290806_08-13-26.jpg
189,137,2877.7363,577.9793,3187.4534,936.021,cam_1_1690290806_08-13-26.jpg
190,150,2231.4565,389.85803,2528.2947,570.5151,cam_1_1690290926_08-15-26.jpg
190,161,1750.5858,268.3182,2033.0155,477.39624,cam_1_1690290926_08-15-26.jpg
190,79,1958.829,564.90826,2587.1584,885.7189,cam_1_1690290926_08-15-26.jpg
190,169,1293.3522,711.0031,2007.8875,1016.9711,cam_1_1690290926_08-15-26.jpg
190,125,845.2166,289.56818,1332.9454,514.3733,cam_1_1690290926_08-15-26.jpg
190,114,3017.5305,622.42957,3440.208,1001.13416,cam_1_1690290926_08-15-26.jpg
190,173,1208.2838,591.83014,1738.421,849.6128,cam_1_1690290926_08-15-26.jpg
190,130,3146.2864,895.8716,3828.1396,1416.7147,cam_1_1690290926_08-15-26.jpg
190,137,2859.4336,572.09576,3180.6758,938.1629,cam_1_1690290926_08-15-26.jpg
190,128,797.68945,411.06488,1457.06,767.46625,cam_1_1690290926_08-15-26.jpg
190,167,2614.146,518.27155,2987.7532,848.6704,cam_1_1690290926_08-15-26.jpg
191,150,2226.0645,389.8584,2544.5662,574.4706,cam_1_1690291226_08-20-26.jpg
191,161,1749.624,266.8976,2018.443,473.80255,cam_1_1690291226_08-20-26.jpg
191,79,1960.3265,567.2101,2591.2532,894.94525,cam_1_1690291226_08-20-26.jpg
191,169,1287.9282,712.11523,2006.1887,1018.5868,cam_1_1690291226_08-20-26.jpg
191,125,885.60223,366.36636,1357.5679,544.8006,cam_1_1690291226_08-20-26.jpg
191,114,3046.3843,623.2032,3450.184,1019.99866,cam_1_1690291226_08-20-26.jpg
191,173,1195.0796,587.5727,1719.8959,848.37036,cam_1_1690291226_08-20-26.jpg
191,130,3165.7708,881.34424,3704.5598,1418.83,cam_1_1690291226_08-20-26.jpg
191,137,2809.9377,558.5238,3141.3948,921.0514,cam_1_1690291226_08-20-26.jpg
191,176,1567.4764,546.8758,1973.0922,699.41437,cam_1_1690291226_08-20-26.jpg
191,128,879.8046,429.63965,1447.3093,696.48114,cam_1_1690291226_08-20-26.jpg
191,167,2611.842,499.85995,2915.1145,833.8657,cam_1_1690291226_08-20-26.jpg
191,126,1054.6842,520.84186,1549.8975,739.0308,cam_1_1690291226_08-20-26.jpg
191,163,1786.2378,489.38153,2333.9575,686.3291,cam_1_1690291226_08-20-26.jpg
192,150,2230.0906,395.19373,2580.449,585.7429,cam_1_1690291661_08-27-41.jpg
192,161,1794.3676,271.90723,2022.9357,477.99713,cam_1_1690291661_08-27-41.jpg
192,79,1952.4082,566.8995,2582.4,886.1731,cam_1_1690291661_08-27-41.jpg
192,169,1284.9137,718.6283,2002.986,1020.5492,cam_1_1690291661_08-27-41.jpg
192,114,3075.8608,624.9293,3430.1199,1026.5632,cam_1_1690291661_08-27-41.jpg
192,173,1192.6726,594.6319,1719.3892,842.9917,cam_1_1690291661_08-27-41.jpg
192,130,3157.6814,889.9668,3704.7764,1422.3207,cam_1_1690291661_08-27-41.jpg
192,137,2755.189,548.94037,3121.8906,894.35175,cam_1_1690291661_08-27-41.jpg
192,176,1585.5986,557.52454,1983.4895,703.59436,cam_1_1690291661_08-27-41.jpg
192,128,880.0207,366.92154,1469.6711,666.42474,cam_1_1690291661_08-27-41.jpg
192,126,1050.4012,533.49896,1543.5597,750.45544,cam_1_1690291661_08-27-41.jpg
192,156,1748.2701,267.92264,1868.2849,436.89908,cam_1_1690291661_08-27-41.jpg
192,134,3326.523,702.3774,3703.9854,982.88074,cam_1_1690291661_08-27-41.jpg
193,150,2232.472,396.81207,2583.2888,589.8513,cam_1_1690291676_08-27-56.jpg
193,161,1810.7203,274.00235,2027.6393,480.0964,cam_1_1690291676_08-27-56.jpg
193,79,1947.2041,566.5446,2578.6653,882.4365,cam_1_1690291676_08-27-56.jpg
193,169,1284.0724,720.2442,2004.8876,1019.4885,cam_1_1690291676_08-27-56.jpg
193,114,3089.3608,622.75555,3414.4119,1032.7987,cam_1_1690291676_08-27-56.jpg
193,173,1194.8148,596.825,1725.9893,842.6837,cam_1_1690291676_08-27-56.jpg
193,130,3157.4875,892.50073,3689.4314,1425.0026,cam_1_1690291676_08-27-56.jpg
193,137,2733.6448,547.65454,3122.2192,883.012,cam_1_1690291676_08-27-56.jpg
193,176,1592.3861,559.8905,1983.9537,703.7415,cam_1_1690291676_08-27-56.jpg
193,128,849.4936,358.7069,1464.8821,686.37933,cam_1_1690291676_08-27-56.jpg
193,126,1049.659,536.82263,1543.1283,755.0368,cam_1_1690291676_08-27-56.jpg
193,156,1749.2627,269.3404,1866.8595,439.82114,cam_1_1690291676_08-27-56.jpg
193,134,3306.2268,694.8766,3781.0144,954.6692,cam_1_1690291676_08-27-56.jpg
194,150,2230.6387,399.2994,2593.4888,584.82153,cam_1_1690291871_08-31-11.jpg
194,161,1821.9344,278.79614,2039.481,478.02972,cam_1_1690291871_08-31-11.jpg
194,79,1958.9476,562.4001,2572.2292,873.65015,cam_1_1690291871_08-31-11.jpg
194,169,1280.6038,730.8588,2011.3867,1025.0001,cam_1_1690291871_08-31-11.jpg
194,114,3098.4075,637.02094,3504.9512,1038.3243,cam_1_1690291871_08-31-11.jpg
194,173,1193.7596,596.3069,1739.4333,842.2998,cam_1_1690291871_08-31-11.jpg
194,130,3149.017,881.9447,3649.6416,1423.7192,cam_1_1690291871_08-31-11.jpg
194,137,2749.5203,546.3459,3127.4639,888.4929,cam_1_1690291871_08-31-11.jpg
194,176,1614.8201,560.0044,1989.2979,709.11145,cam_1_1690291871_08-31-11.jpg
194,128,903.05054,418.31366,1456.8761,652.92426,cam_1_1690291871_08-31-11.jpg
194,126,1048.2657,538.4461,1548.1543,757.93414,cam_1_1690291871_08-31-11.jpg
194,156,1737.9457,268.7937,1883.7827,437.34573,cam_1_1690291871_08-31-11.jpg
194,134,3339.544,702.4529,3747.0503,981.2321,cam_1_1690291871_08-31-11.jpg
194,125,896.8545,399.00037,1359.8304,552.6281,cam_1_1690291871_08-31-11.jpg
194,167,2607.504,504.50772,2887.7544,835.703,cam_1_1690291871_08-31-11.jpg
195,150,2235.2737,401.429,2597.024,582.8455,cam_1_1690291946_08-32-26.jpg
195,161,1823.1088,280.8119,2038.8452,475.83453,cam_1_1690291946_08-32-26.jpg
195,79,1961.151,563.7582,2576.0283,868.0592,cam_1_1690291946_08-32-26.jpg
195,169,1277.6351,730.8894,2008.406,1025.9165,cam_1_1690291946_08-32-26.jpg
195,114,3101.4365,646.31775,3538.4214,1038.7662,cam_1_1690291946_08-32-26.jpg
195,173,1192.8679,594.288,1745.6832,843.0801,cam_1_1690291946_08-32-26.jpg
195,130,3149.7107,888.6039,3667.6125,1421.8325,cam_1_1690291946_08-32-26.jpg
195,137,2761.8447,542.61694,3122.4187,888.8424,cam_1_1690291946_08-32-26.jpg
195,176,1622.5732,561.0255,1995.1284,710.1056,cam_1_1690291946_08-32-26.jpg
195,128,926.10944,448.49112,1453.2638,635.8701,cam_1_1690291946_08-32-26.jpg
195,126,1042.9043,537.2605,1550.4753,757.7083,cam_1_1690291946_08-32-26.jpg
195,156,1738.2186,267.21597,1888.0613,433.72223,cam_1_1690291946_08-32-26.jpg
195,134,3345.2683,701.6666,3742.8123,970.4413,cam_1_1690291946_08-32-26.jpg
195,125,899.85876,398.4114,1360.7462,556.63684,cam_1_1690291946_08-32-26.jpg
195,167,2606.901,504.98026,2889.1943,831.7516,cam_1_1690291946_08-32-26.jpg
196,150,2236.6309,403.09317,2576.3538,583.66833,cam_1_1690292021_08-33-41.jpg
196,161,1826.6498,281.7336,2058.7332,478.69205,cam_1_1690292021_08-33-41.jpg
196,79,1954.5299,566.38074,2572.037,858.4879,cam_1_1690292021_08-33-41.jpg
196,169,1265.7222,742.31665,2001.9236,1038.6859,cam_1_1690292021_08-33-41.jpg
196,114,3105.8516,647.62085,3534.8762,1044.6853,cam_1_1690292021_08-33-41.jpg
196,173,1181.1006,597.61206,1737.6892,839.46466,cam_1_1690292021_08-33-41.jpg
196,130,3157.7705,894.0815,3667.344,1416.274,cam_1_1690292021_08-33-41.jpg
196,137,2768.0344,543.8495,3124.2534,891.3072,cam_1_1690292021_08-33-41.jpg
196,176,1622.2749,559.84863,1987.8248,713.22424,cam_1_1690292021_08-33-41.jpg
196,128,933.28406,458.19238,1453.4652,629.8082,cam_1_1690292021_08-33-41.jpg
196,126,1039.1296,540.37463,1556.1696,760.7176,cam_1_1690292021_08-33-41.jpg
196,156,1742.1426,267.8544,1885.9666,440.74493,cam_1_1690292021_08-33-41.jpg
196,134,3368.7854,705.90155,3717.9775,962.0811,cam_1_1690292021_08-33-41.jpg
196,125,902.2587,401.12518,1354.607,557.97034,cam_1_1690292021_08-33-41.jpg
196,167,2608.583,504.42838,2891.7942,831.39813,cam_1_1690292021_08-33-41.jpg
197,150,2238.8044,403.91895,2581.8535,583.9426,cam_1_1690292111_08-35-11.jpg
197,161,1827.4221,280.24615,2035.0139,478.07828,cam_1_1690292111_08-35-11.jpg
197,79,1948.1871,565.1809,2569.2102,855.92456,cam_1_1690292111_08-35-11.jpg
197,169,1259.951,746.89923,2004.77,1043.3496,cam_1_1690292111_08-35-11.jpg
197,114,3108.6917,648.65826,3538.049,1047.0931,cam_1_1690292111_08-35-11.jpg
197,173,1174.2148,601.2083,1750.5415,841.95734,cam_1_1690292111_08-35-11.jpg
197,130,3155.711,883.0402,3645.8757,1424.2672,cam_1_1690292111_08-35-11.jpg
197,137,2755.1152,543.96783,3126.3464,892.5194,cam_1_1690292111_08-35-11.jpg
197,176,1624.5845,557.1275,1987.4764,714.5827,cam_1_1690292111_08-35-11.jpg
197,128,935.54803,461.6901,1450.1892,628.1122,cam_1_1690292111_08-35-11.jpg
197,126,1036.0,540.8724,1560.6572,761.7153,cam_1_1690292111_08-35-11.jpg
197,156,1748.6199,268.1875,1879.8505,440.55695,cam_1_1690292111_08-35-11.jpg
197,134,3374.081,705.82355,3713.9958,978.9545,cam_1_1690292111_08-35-11.jpg
197,125,901.47656,403.52515,1352.3489,559.4907,cam_1_1690292111_08-35-11.jpg
197,167,2615.2368,509.17453,2876.9988,842.2496,cam_1_1690292111_08-35-11.jpg
198,150,2225.986,403.71625,2590.7996,582.72516,cam_1_1690292261_08-37-41.jpg
198,161,1812.4797,277.12003,2039.157,477.96823,cam_1_1690292261_08-37-41.jpg
198,79,1948.2627,566.685,2561.1245,852.9841,cam_1_1690292261_08-37-41.jpg
198,169,1256.8221,747.49994,2003.5319,1046.1694,cam_1_1690292261_08-37-41.jpg
198,114,3122.6165,650.46014,3559.7065,1043.5458,cam_1_1690292261_08-37-41.jpg
198,173,1175.7697,601.6237,1752.171,838.5832,cam_1_1690292261_08-37-41.jpg
198,130,3162.1406,883.91205,3627.786,1420.1819,cam_1_1690292261_08-37-41.jpg
198,137,2770.2388,545.0116,3111.8083,904.03595,cam_1_1690292261_08-37-41.jpg
198,176,1618.3059,554.7485,1986.6522,713.2646,cam_1_1690292261_08-37-41.jpg
198,128,935.3042,464.24323,1452.0706,627.58136,cam_1_1690292261_08-37-41.jpg
198,126,1035.9183,540.9756,1561.085,762.0608,cam_1_1690292261_08-37-41.jpg
198,156,1734.6755,262.1363,1868.1527,433.81406,cam_1_1690292261_08-37-41.jpg
198,134,3374.2476,709.4982,3737.8943,1021.90924,cam_1_1690292261_08-37-41.jpg
198,125,901.1464,406.06784,1344.6641,561.66736,cam_1_1690292261_08-37-41.jpg
199,79,1955.6748,563.4713,2556.0334,803.94836,cam_1_1690292396_08-39-56.jpg
199,169,1264.5608,741.4589,2001.44,1048.7202,cam_1_1690292396_08-39-56.jpg
199,114,3121.6497,655.8153,3551.3337,1042.2788,cam_1_1690292396_08-39-56.jpg
199,173,1082.7952,543.88245,1783.2758,927.5966,cam_1_1690292396_08-39-56.jpg
199,130,3197.9758,886.04724,3623.3367,1405.4797,cam_1_1690292396_08-39-56.jpg
199,137,2751.6558,545.8783,3107.6685,856.35364,cam_1_1690292396_08-39-56.jpg
199,176,1651.7467,560.9548,1985.5018,716.4917,cam_1_1690292396_08-39-56.jpg
199,128,939.9074,466.3633,1434.7782,625.6257,cam_1_1690292396_08-39-56.jpg
199,134,3372.977,713.5762,3803.3362,998.27295,cam_1_1690292396_08-39-56.jpg
199,125,902.14954,403.86868,1333.0867,555.2221,cam_1_1690292396_08-39-56.jpg
199,178,2941.7483,618.43555,3250.878,942.35474,cam_1_1690292396_08-39-56.jpg
199,160,2685.8555,805.1924,3344.4995,1484.1395,cam_1_1690292396_08-39-56.jpg
200,79,1953.3038,563.0636,2557.4753,836.7228,cam_1_1690292456_08-40-56.jpg
200,169,1266.5265,740.9866,1998.3286,1049.6,cam_1_1690292456_08-40-56.jpg
200,173,1048.0082,532.3544,1769.5338,955.1259,cam_1_1690292456_08-40-56.jpg
200,130,3222.631,906.5405,3634.8086,1379.2037,cam_1_1690292456_08-40-56.jpg
200,176,1652.7015,562.2138,1981.5403,721.338,cam_1_1690292456_08-40-56.jpg
200,128,940.1244,468.66656,1445.0223,626.1512,cam_1_1690292456_08-40-56.jpg
200,134,3370.1594,710.97076,3814.2021,992.9037,cam_1_1690292456_08-40-56.jpg
200,125,903.43304,405.1412,1317.8129,558.87897,cam_1_1690292456_08-40-56.jpg
200,178,2828.0605,638.925,3360.0215,967.48706,cam_1_1690292456_08-40-56.jpg
200,160,2727.6125,780.32227,3410.438,1471.6621,cam_1_1690292456_08-40-56.jpg
200,149,2505.8513,824.0714,3290.4036,1560.5128,cam_1_1690292456_08-40-56.jpg
201,79,1972.5614,555.9638,2564.7476,844.31335,cam_1_1690292471_08-41-11.jpg
201,169,1266.8279,740.8321,1995.2286,1050.1283,cam_1_1690292471_08-41-11.jpg
201,173,1030.1578,525.12524,1786.1042,969.73206,cam_1_1690292471_08-41-11.jpg
201,176,1666.1747,566.73346,1993.2974,720.3481,cam_1_1690292471_08-41-11.jpg
201,128,940.1405,469.23242,1445.0897,626.1254,cam_1_1690292471_08-41-11.jpg
201,134,3377.9526,708.16125,3753.6172,981.42975,cam_1_1690292471_08-41-11.jpg
201,125,903.96356,406.75574,1311.7684,560.97266,cam_1_1690292471_08-41-11.jpg
201,178,2799.663,637.78467,3404.692,978.2819,cam_1_1690292471_08-41-11.jpg
201,160,2729.8137,772.43164,3444.0066,1408.5117,cam_1_1690292471_08-41-11.jpg
201,149,2492.0454,833.8205,3414.8716,1533.8018,cam_1_1690292471_08-41-11.jpg
202,79,1961.3284,558.83453,2551.9841,847.1409,cam_1_1690292591_08-43-11.jpg
202,169,1266.6855,741.47156,1997.7537,1049.3582,cam_1_1690292591_08-43-11.jpg
202,173,1017.06256,519.15076,1754.4418,975.97565,cam_1_1690292591_08-43-11.jpg
202,176,1655.2316,564.6856,1986.6649,726.71576,cam_1_1690292591_08-43-11.jpg
202,128,939.3113,469.4832,1437.0763,625.2887,cam_1_1690292591_08-43-11.jpg
202,134,3378.4841,714.18097,3750.3694,975.46106,cam_1_1690292591_08-43-11.jpg
202,125,902.6143,405.64682,1313.5428,560.8437,cam_1_1690292591_08-43-11.jpg
202,178,2790.6191,640.4178,3422.8098,991.743,cam_1_1690292591_08-43-11.jpg
202,160,2714.9617,759.73804,3340.139,1296.7499,cam_1_1690292591_08-43-11.jpg
202,149,2532.8433,843.9966,3453.2456,1535.8917,cam_1_1690292591_08-43-11.jpg
202,130,3218.481,898.6023,3635.8892,1351.8159,cam_1_1690292591_08-43-11.jpg
203,79,1969.3153,557.552,2539.006,845.2478,cam_1_1690292711_08-45-11.jpg
203,169,1265.88,738.93445,1993.1743,1048.3395,cam_1_1690292711_08-45-11.jpg
203,173,1009.9992,514.92725,1741.3815,979.3217,cam_1_1690292711_08-45-11.jpg
203,176,1647.1874,565.5317,1992.3005,729.89075,cam_1_1690292711_08-45-11.jpg
203,128,937.62463,468.17792,1437.746,626.0886,cam_1_1690292711_08-45-11.jpg
203,134,3378.6147,712.32733,3749.2195,982.3854,cam_1_1690292711_08-45-11.jpg
203,125,901.13544,405.86975,1315.4629,561.614,cam_1_1690292711_08-45-11.jpg
203,178,2789.9785,640.38293,3422.3867,1019.48895,cam_1_1690292711_08-45-11.jpg
203,160,2693.7375,764.1328,3393.9565,1229.1272,cam_1_1690292711_08-45-11.jpg
203,149,2538.405,841.3027,3548.964,1485.7908,cam_1_1690292711_08-45-11.jpg
203,137,2759.6155,544.1124,3123.233,753.2916,cam_1_1690292711_08-45-11.jpg
204,79,1957.5105,558.1878,2545.0344,850.0965,cam_1_1690292801_08-46-41.jpg
204,169,1261.092,742.28973,1998.1375,1052.9995,cam_1_1690292801_08-46-41.jpg
204,173,1012.30725,518.69495,1754.5272,980.51886,cam_1_1690292801_08-46-41.jpg
204,176,1651.653,560.9454,1981.4783,727.1677,cam_1_1690292801_08-46-41.jpg
204,128,944.05963,466.49307,1452.7776,627.16534,cam_1_1690292801_08-46-41.jpg
204,125,899.4793,403.84116,1318.2776,559.8328,cam_1_1690292801_08-46-41.jpg
204,160,2687.1816,785.454,3362.853,1436.2863,cam_1_1690292801_08-46-41.jpg
204,149,2456.166,850.32837,3408.657,1576.8511,cam_1_1690292801_08-46-41.jpg
204,143,3765.66,810.37836,4172.721,1270.7188,cam_1_1690292801_08-46-41.jpg
204,133,2912.9038,781.99426,3427.7378,1430.5704,cam_1_1690292801_08-46-41.jpg
204,81,1841.9406,414.59445,2220.96,591.27625,cam_1_1690292801_08-46-41.jpg
204,167,2514.361,570.3437,2752.427,910.3559,cam_1_1690292801_08-46-41.jpg
204,114,3210.7903,692.6918,3802.2644,1095.4191,cam_1_1690292801_08-46-41.jpg
205,79,1954.7445,559.7227,2548.5464,848.4848,cam_1_1690292921_08-48-41.jpg
205,169,1257.1517,739.0855,1992.5232,1054.5077,cam_1_1690292921_08-48-41.jpg
205,173,1031.8816,518.163,1774.8654,975.2541,cam_1_1690292921_08-48-41.jpg
205,176,1650.0688,558.5908,1983.926,723.3693,cam_1_1690292921_08-48-41.jpg
205,128,943.09015,466.90918,1448.9852,629.86255,cam_1_1690292921_08-48-41.jpg
205,125,899.05255,402.17053,1335.8705,558.72186,cam_1_1690292921_08-48-41.jpg
205,160,2678.2634,786.17413,3281.609,1382.1453,cam_1_1690292921_08-48-41.jpg
205,149,2391.437,852.09393,3347.291,1604.3431,cam_1_1690292921_08-48-41.jpg
205,143,3749.9253,832.55676,4116.1885,1296.2106,cam_1_1690292921_08-48-41.jpg
205,133,2900.0706,778.08374,3447.6013,1469.2367,cam_1_1690292921_08-48-41.jpg
205,167,2437.392,592.19885,2789.8506,890.5293,cam_1_1690292921_08-48-41.jpg
205,114,3246.0754,704.6143,3790.789,1086.7078,cam_1_1690292921_08-48-41.jpg
205,155,1096.5901,192.95901,1350.6221,399.52914,cam_1_1690292921_08-48-41.jpg
206,79,1969.3944,559.3399,2539.3086,853.61365,cam_1_1690292936_08-48-56.jpg
206,169,1255.9447,738.67584,1994.7695,1054.8008,cam_1_1690292936_08-48-56.jpg
206,173,1039.6392,518.3113,1779.5168,977.0989,cam_1_1690292936_08-48-56.jpg
206,176,1650.845,561.17444,1988.0424,722.7489,cam_1_1690292936_08-48-56.jpg
206,128,940.2996,466.66156,1443.3479,628.27106,cam_1_1690292936_08-48-56.jpg
206,125,899.8748,401.11417,1337.2494,555.26984,cam_1_1690292936_08-48-56.jpg
206,160,2674.6162,794.6793,3359.7986,1346.9249,cam_1_1690292936_08-48-56.jpg
206,149,2366.1826,849.1955,3360.5015,1539.1926,cam_1_1690292936_08-48-56.jpg
206,143,3742.8296,847.0961,4136.7764,1307.175,cam_1_1690292936_08-48-56.jpg
206,133,2860.1538,772.63116,3484.2646,1398.1606,cam_1_1690292936_08-48-56.jpg
206,167,2457.044,597.9057,2794.871,893.9827,cam_1_1690292936_08-48-56.jpg
206,114,3268.773,704.74176,3751.4326,1078.194,cam_1_1690292936_08-48-56.jpg
206,155,1088.6986,192.94185,1343.2886,399.4691,cam_1_1690292936_08-48-56.jpg
207,79,1958.3434,562.8804,2548.514,850.55994,cam_1_1690293041_08-50-41.jpg
207,169,1258.3151,736.65027,1999.8813,1053.5197,cam_1_1690293041_08-50-41.jpg
207,173,1054.3606,514.7998,1780.196,979.7259,cam_1_1690293041_08-50-41.jpg
207,176,1662.2505,565.10315,1987.4034,721.61914,cam_1_1690293041_08-50-41.jpg
207,128,947.4057,472.39212,1457.5065,633.51434,cam_1_1690293041_08-50-41.jpg
207,125,896.6529,404.79095,1326.9652,557.9063,cam_1_1690293041_08-50-41.jpg
207,160,2686.3848,795.41943,3448.8984,1353.4587,cam_1_1690293041_08-50-41.jpg
207,149,2388.665,876.0739,3431.5479,1504.4373,cam_1_1690293041_08-50-41.jpg
207,143,3757.82,835.73175,4204.857,1288.45,cam_1_1690293041_08-50-41.jpg
207,133,2824.4836,759.53796,3447.05,1272.9126,cam_1_1690293041_08-50-41.jpg
207,167,2480.4902,613.00696,2800.0413,903.7492,cam_1_1690293041_08-50-41.jpg
207,114,3301.5273,711.93225,3796.7163,1092.1151,cam_1_1690293041_08-50-41.jpg
208,79,2056.6697,556.912,2557.496,839.59674,cam_1_1690293131_08-52-11.jpg
208,169,1260.8254,743.0245,1768.4741,1072.5714,cam_1_1690293131_08-52-11.jpg
208,173,1063.1647,518.5858,1773.3357,981.915,cam_1_1690293131_08-52-11.jpg
208,176,1696.142,566.51953,1992.8314,704.45624,cam_1_1690293131_08-52-11.jpg
208,128,943.1065,467.61218,1439.335,628.7292,cam_1_1690293131_08-52-11.jpg
208,125,900.2314,403.19482,1335.6721,558.03937,cam_1_1690293131_08-52-11.jpg
208,149,2387.4175,880.8342,3486.7505,1476.8207,cam_1_1690293131_08-52-11.jpg
208,143,3751.912,827.52026,4114.681,1281.4081,cam_1_1690293131_08-52-11.jpg
208,133,2815.6177,746.65955,3431.5706,1199.2266,cam_1_1690293131_08-52-11.jpg
208,114,3310.8784,712.52264,3737.2725,1085.1987,cam_1_1690293131_08-52-11.jpg
208,178,2802.9207,736.66766,3341.73,1084.3475,cam_1_1690293131_08-52-11.jpg
209,79,2084.4517,559.3767,2552.44,747.119,cam_1_1690293146_08-52-26.jpg
209,169,1265.0083,738.5773,1915.5597,1059.0308,cam_1_1690293146_08-52-26.jpg
209,173,1034.1454,516.2211,1752.4285,978.33685,cam_1_1690293146_08-52-26.jpg
209,176,1669.0803,567.2816,1981.9772,725.07495,cam_1_1690293146_08-52-26.jpg
209,128,941.216,467.6567,1443.117,629.3958,cam_1_1690293146_08-52-26.jpg
209,125,897.0192,401.76205,1336.4966,556.1037,cam_1_1690293146_08-52-26.jpg
209,149,2392.0405,888.43866,3480.2173,1471.1493,cam_1_1690293146_08-52-26.jpg
209,133,2732.6106,719.4745,3399.6382,1195.6145,cam_1_1690293146_08-52-26.jpg
209,186,1860.8737,634.2913,2471.6729,1198.3243,cam_1_1690293146_08-52-26.jpg
210,79,2079.867,559.81213,2554.0657,715.3492,cam_1_1690293161_08-52-41.jpg
210,169,1265.8798,737.3715,1951.1832,1053.1465,cam_1_1690293161_08-52-41.jpg
210,173,1019.089,517.57214,1759.1599,978.8731,cam_1_1690293161_08-52-41.jpg
210,176,1659.9601,566.0026,1979.997,727.0671,cam_1_1690293161_08-52-41.jpg
210,128,943.0857,466.34866,1442.7422,629.76917,cam_1_1690293161_08-52-41.jpg
210,125,899.3005,400.54697,1327.0164,554.319,cam_1_1690293161_08-52-41.jpg
210,149,2365.9421,889.90656,3490.7192,1468.1039,cam_1_1690293161_08-52-41.jpg
210,133,2746.7776,725.4623,3385.8708,1170.1207,cam_1_1690293161_08-52-41.jpg
210,186,1914.7836,630.0187,2494.368,1188.6837,cam_1_1690293161_08-52-41.jpg
210,81,2014.8145,354.98303,2373.9993,592.7523,cam_1_1690293161_08-52-41.jpg
210,178,3045.0547,726.2424,3468.8674,1073.787,cam_1_1690293161_08-52-41.jpg
211,79,2088.2473,524.9022,2528.5918,690.94934,cam_1_1690293206_08-53-26.jpg
211,169,1276.2528,734.04846,1963.0363,1043.3877,cam_1_1690293206_08-53-26.jpg
211,173,1014.3259,522.129,1728.8114,983.41174,cam_1_1690293206_08-53-26.jpg
211,176,1653.2621,566.8435,1990.9542,727.01227,cam_1_1690293206_08-53-26.jpg
211,128,940.2835,466.09732,1438.9468,630.0841,cam_1_1690293206_08-53-26.jpg
211,125,899.2889,402.24194,1331.9486,555.86285,cam_1_1690293206_08-53-26.jpg
211,149,2453.8308,922.0645,3497.271,1515.9575,cam_1_1690293206_08-53-26.jpg
211,133,2699.932,703.7413,3279.809,1051.9232,cam_1_1690293206_08-53-26.jpg
211,186,1929.8861,628.78577,2504.57,1184.4546,cam_1_1690293206_08-53-26.jpg
211,178,3017.6165,727.7944,3424.0107,1020.8724,cam_1_1690293206_08-53-26.jpg
211,155,1014.1511,197.9684,1311.522,401.1754,cam_1_1690293206_08-53-26.jpg
212,79,2039.5101,521.7107,2533.373,695.998,cam_1_1690293221_08-53-41.jpg
212,169,1269.9695,731.8128,1970.9164,1045.254,cam_1_1690293221_08-53-41.jpg
212,173,1001.7015,522.2609,1720.1658,980.2634,cam_1_1690293221_08-53-41.jpg
212,176,1641.8042,564.80695,1976.817,718.7167,cam_1_1690293221_08-53-41.jpg
212,128,938.04504,463.38144,1434.4905,626.73376,cam_1_1690293221_08-53-41.jpg
212,125,901.101,402.73047,1324.0731,555.2484,cam_1_1690293221_08-53-41.jpg
212,149,2502.0273,939.92645,3526.829,1522.7446,cam_1_1690293221_08-53-41.jpg
212,133,2695.2686,701.8686,3233.584,1018.02893,cam_1_1690293221_08-53-41.jpg
212,186,1944.619,633.82587,2522.982,1182.2842,cam_1_1690293221_08-53-41.jpg
212,178,2826.9739,703.86237,3382.5496,1006.0139,cam_1_1690293221_08-53-41.jpg
212,155,1007.62445,197.82321,1309.278,400.60046,cam_1_1690293221_08-53-41.jpg
212,140,2621.019,497.09195,2927.0132,720.1564,cam_1_1690293221_08-53-41.jpg
213,79,2025.8898,541.8583,2553.2412,703.7831,cam_1_1690293326_08-55-26.jpg
213,169,1266.3591,737.0904,1973.0308,1043.586,cam_1_1690293326_08-55-26.jpg
213,173,976.7502,520.95746,1704.7603,985.0824,cam_1_1690293326_08-55-26.jpg
213,176,1635.675,563.7642,1972.5483,724.3721,cam_1_1690293326_08-55-26.jpg
213,128,934.8073,464.259,1442.2671,622.1729,cam_1_1690293326_08-55-26.jpg
213,125,900.4148,402.0787,1320.5941,556.05664,cam_1_1690293326_08-55-26.jpg
213,149,2487.3384,934.14026,3517.49,1499.7672,cam_1_1690293326_08-55-26.jpg
213,133,2638.2336,682.706,3147.5476,974.4165,cam_1_1690293326_08-55-26.jpg
213,186,1950.735,635.63116,2434.1914,1189.3317,cam_1_1690293326_08-55-26.jpg
213,140,2650.6726,502.71463,2933.0315,710.99567,cam_1_1690293326_08-55-26.jpg
213,172,1646.3915,228.03958,1879.2528,424.79828,cam_1_1690293326_08-55-26.jpg
213,167,2380.1975,684.31354,2869.077,1125.5735,cam_1_1690293326_08-55-26.jpg
214,79,2025.064,549.65424,2563.6304,705.2203,cam_1_1690293341_08-55-41.jpg
214,169,1268.1648,735.0282,1973.3302,1045.3208,cam_1_1690293341_08-55-41.jpg
214,173,970.0552,518.90533,1703.9012,987.38885,cam_1_1690293341_08-55-41.jpg
214,176,1636.0624,564.35376,1983.0217,731.14264,cam_1_1690293341_08-55-41.jpg
214,128,933.22876,462.91583,1439.6371,620.8931,cam_1_1690293341_08-55-41.jpg
214,125,901.3262,401.03967,1322.8461,556.6981,cam_1_1690293341_08-55-41.jpg
214,149,2351.6824,923.14777,3346.2593,1525.5895,cam_1_1690293341_08-55-41.jpg
214,133,2630.535,675.3742,3213.602,1088.5398,cam_1_1690293341_08-55-41.jpg
214,186,1961.4944,634.6731,2473.4482,1187.0786,cam_1_1690293341_08-55-41.jpg
214,140,2633.7542,496.05353,2931.8528,706.7806,cam_1_1690293341_08-55-41.jpg
214,172,1651.546,228.26276,1882.2749,427.80194,cam_1_1690293341_08-55-41.jpg
214,167,2374.702,684.06274,2866.6172,1034.9663,cam_1_1690293341_08-55-41.jpg
215,79,2023.0205,549.01636,2568.145,709.0479,cam_1_1690293356_08-55-56.jpg
215,169,1269.0991,736.3828,1970.412,1045.9525,cam_1_1690293356_08-55-56.jpg
215,173,972.8509,518.4376,1690.4487,988.96497,cam_1_1690293356_08-55-56.jpg
215,176,1640.8228,565.87384,1980.1837,728.049,cam_1_1690293356_08-55-56.jpg
215,128,933.90674,463.57233,1444.6029,622.8393,cam_1_1690293356_08-55-56.jpg
215,125,901.98975,401.7947,1322.5209,556.21405,cam_1_1690293356_08-55-56.jpg
215,149,2243.666,926.81195,3194.7117,1578.7896,cam_1_1690293356_08-55-56.jpg
215,133,2648.0667,677.8768,3154.8823,1178.3162,cam_1_1690293356_08-55-56.jpg
215,186,1970.716,635.5415,2418.082,1190.2638,cam_1_1690293356_08-55-56.jpg
215,140,2623.8408,521.96686,2878.5688,708.8409,cam_1_1690293356_08-55-56.jpg
215,172,1659.4498,231.32164,1896.2043,430.94293,cam_1_1690293356_08-55-56.jpg
215,167,2362.5715,681.0097,2856.4612,995.0477,cam_1_1690293356_08-55-56.jpg
216,79,1996.4386,550.10364,2567.794,790.04425,cam_1_1690293401_08-56-41.jpg
216,169,1266.5146,733.4922,1976.0654,1044.7106,cam_1_1690293401_08-56-41.jpg
216,173,966.56024,521.89435,1697.3468,990.3734,cam_1_1690293401_08-56-41.jpg
216,176,1639.2014,567.83026,1990.5023,732.8328,cam_1_1690293401_08-56-41.jpg
216,128,932.7403,464.3842,1443.5845,624.22345,cam_1_1690293401_08-56-41.jpg
216,125,899.2775,402.00552,1316.2698,557.55066,cam_1_1690293401_08-56-41.jpg
216,149,2214.373,910.72565,3007.8665,1601.3302,cam_1_1690293401_08-56-41.jpg
216,133,2624.6145,663.1217,2990.977,1091.1381,cam_1_1690293401_08-56-41.jpg
216,172,1654.3425,230.1866,1895.018,433.33508,cam_1_1690293401_08-56-41.jpg
216,167,2345.3054,632.8567,2756.4402,979.447,cam_1_1690293401_08-56-41.jpg
216,130,3096.914,778.46844,3581.0051,1357.6824,cam_1_1690293401_08-56-41.jpg
217,79,1973.4973,555.695,2564.3865,764.604,cam_1_1690293566_08-59-26.jpg
217,169,1270.9705,734.6577,1988.8969,1043.7632,cam_1_1690293566_08-59-26.jpg
217,173,977.87604,514.26495,1713.1382,992.60864,cam_1_1690293566_08-59-26.jpg
217,176,1636.7921,566.60626,1989.8832,730.6486,cam_1_1690293566_08-59-26.jpg
217,128,930.2373,386.4394,1411.585,621.34534,cam_1_1690293566_08-59-26.jpg
217,167,2234.4788,647.78687,2808.6277,1103.1532,cam_1_1690293566_08-59-26.jpg
217,160,2806.305,729.7111,3107.7168,1310.766,cam_1_1690293566_08-59-26.jpg
217,114,3221.7324,667.36206,3785.5962,1084.4681,cam_1_1690293566_08-59-26.jpg
217,178,2955.8071,675.6884,3379.535,1143.3838,cam_1_1690293566_08-59-26.jpg
217,186,1908.5868,734.07245,2422.671,1401.489,cam_1_1690293566_08-59-26.jpg
218,79,2039.8083,554.61017,2565.5544,749.818,cam_1_1690293611_09-00-11.jpg
218,169,1273.0978,734.26965,1995.1101,1045.6711,cam_1_1690293611_09-00-11.jpg
218,173,974.7974,510.6725,1712.9757,991.7843,cam_1_1690293611_09-00-11.jpg
218,176,1639.9847,567.9342,1990.9429,730.47784,cam_1_1690293611_09-00-11.jpg
218,128,934.4818,420.01596,1389.6345,616.5091,cam_1_1690293611_09-00-11.jpg
218,167,2224.664,655.02924,2840.8694,1161.3525,cam_1_1690293611_09-00-11.jpg
218,160,2801.758,710.77185,3073.905,1271.7052,cam_1_1690293611_09-00-11.jpg
218,114,3218.5176,678.5182,3750.7483,1073.2476,cam_1_1690293611_09-00-11.jpg
218,178,3035.9155,649.5785,3332.4163,1063.3342,cam_1_1690293611_09-00-11.jpg
218,186,1815.5374,723.302,2435.782,1406.6226,cam_1_1690293611_09-00-11.jpg
218,125,904.52313,399.32843,1317.2201,554.7182,cam_1_1690293611_09-00-11.jpg
219,79,1977.5631,558.0115,2563.1338,752.478,cam_1_1690293686_09-01-26.jpg
219,169,1269.4283,736.3688,1985.7224,1049.6329,cam_1_1690293686_09-01-26.jpg
219,173,986.873,513.1293,1721.1052,985.62744,cam_1_1690293686_09-01-26.jpg
219,176,1637.3611,563.27356,1992.7694,735.45605,cam_1_1690293686_09-01-26.jpg
219,128,939.1583,441.46024,1386.9719,619.308,cam_1_1690293686_09-01-26.jpg
219,114,3266.1611,690.24756,3724.069,1004.83405,cam_1_1690293686_09-01-26.jpg
219,178,3033.6223,642.58203,3362.325,1022.5635,cam_1_1690293686_09-01-26.jpg
219,186,1711.5853,739.49603,2494.5115,1363.367,cam_1_1690293686_09-01-26.jpg
219,125,904.85443,397.85638,1326.6516,555.56226,cam_1_1690293686_09-01-26.jpg
219,133,2484.4026,645.8741,2914.8398,1096.0232,cam_1_1690293686_09-01-26.jpg
219,130,3209.5835,821.23346,3584.4536,1390.1954,cam_1_1690293686_09-01-26.jpg
220,79,1969.9918,553.1465,2567.4033,750.0021,cam_1_1690293881_09-04-41.jpg
220,169,1275.9885,633.0454,2006.5481,1033.6827,cam_1_1690293881_09-04-41.jpg
220,128,939.9957,447.90213,1359.7125,610.78687,cam_1_1690293881_09-04-41.jpg
220,178,3026.9824,636.00116,3408.26,993.7124,cam_1_1690293881_09-04-41.jpg
220,125,907.5042,400.8355,1328.7958,552.0025,cam_1_1690293881_09-04-41.jpg
220,193,983.8566,484.464,1490.1895,653.7193,cam_1_1690293881_09-04-41.jpg
220,133,2432.2302,665.881,2895.431,967.0147,cam_1_1690293881_09-04-41.jpg
220,126,1041.4197,538.82623,1557.8889,768.9724,cam_1_1690293881_09-04-41.jpg
220,134,3354.4565,711.78235,3813.7207,1122.0714,cam_1_1690293881_09-04-41.jpg
220,149,2054.9,867.5447,3041.096,1463.9489,cam_1_1690293881_09-04-41.jpg
220,167,2081.4065,655.0741,2558.2559,1198.7599,cam_1_1690293881_09-04-41.jpg
221,79,2003.8248,554.8836,2573.5415,743.72345,cam_1_1690293911_09-05-11.jpg
221,169,1272.092,589.9635,1919.9294,1022.2678,cam_1_1690293911_09-05-11.jpg
221,128,942.59845,447.41998,1346.3414,608.2751,cam_1_1690293911_09-05-11.jpg
221,178,3014.2375,636.7681,3429.6108,993.2034,cam_1_1690293911_09-05-11.jpg
221,125,923.6084,313.6579,1329.24,524.70654,cam_1_1690293911_09-05-11.jpg
221,193,980.7134,484.26144,1495.3319,653.9399,cam_1_1690293911_09-05-11.jpg
221,133,2385.9001,666.25574,2784.246,1121.6732,cam_1_1690293911_09-05-11.jpg
221,194,1672.285,434.87234,2153.0837,577.35583,cam_1_1690293911_09-05-11.jpg
221,195,1895.3529,486.44864,2397.6702,640.7111,cam_1_1690293911_09-05-11.jpg
221,126,1037.5374,536.1906,1565.2776,766.23224,cam_1_1690293911_09-05-11.jpg
221,134,3352.5364,708.68304,3751.5876,1128.5686,cam_1_1690293911_09-05-11.jpg
221,167,2024.2402,665.4891,2447.1094,1241.8097,cam_1_1690293911_09-05-11.jpg
221,186,1487.5314,688.63007,2186.2764,1373.0427,cam_1_1690293911_09-05-11.jpg
222,79,2042.583,551.1219,2588.5225,734.242,cam_1_1690294001_09-06-41.jpg
222,169,1253.212,574.0834,1900.4744,1022.266,cam_1_1690294001_09-06-41.jpg
222,128,944.73975,445.6641,1341.1243,608.29584,cam_1_1690294001_09-06-41.jpg
222,178,3040.4773,644.5606,3496.8467,998.08856,cam_1_1690294001_09-06-41.jpg
222,125,810.6175,288.95102,1316.074,576.41473,cam_1_1690294001_09-06-41.jpg
222,193,985.69244,490.73285,1491.2504,659.8249,cam_1_1690294001_09-06-41.jpg
222,133,2357.781,663.8232,2988.647,1207.1222,cam_1_1690294001_09-06-41.jpg
222,194,1714.4352,439.81537,2224.195,593.4963,cam_1_1690294001_09-06-41.jpg
222,195,1926.9564,493.2153,2385.035,658.2726,cam_1_1690294001_09-06-41.jpg
222,126,1036.0474,539.58,1561.2622,764.98804,cam_1_1690294001_09-06-41.jpg
222,134,3425.2173,724.73303,3807.3638,1171.8672,cam_1_1690294001_09-06-41.jpg
222,186,1422.9451,684.2906,2189.0522,1413.6376,cam_1_1690294001_09-06-41.jpg
222,149,2117.7876,766.1064,3065.7651,1296.5874,cam_1_1690294001_09-06-41.jpg
223,79,2081.343,552.27594,2593.004,715.9057,cam_1_1690294151_09-09-11.jpg
223,169,1246.1362,580.24255,1905.2808,962.2626,cam_1_1690294151_09-09-11.jpg
223,128,938.9253,451.67377,1337.4116,610.0647,cam_1_1690294151_09-09-11.jpg
223,178,3080.0093,652.36,3561.9185,946.95123,cam_1_1690294151_09-09-11.jpg
223,193,986.44543,485.42032,1493.0436,661.02466,cam_1_1690294151_09-09-11.jpg
223,133,2207.743,658.89795,2893.2065,1177.2567,cam_1_1690294151_09-09-11.jpg
223,194,1759.7778,444.3143,2274.1335,611.7395,cam_1_1690294151_09-09-11.jpg
223,126,1053.9675,537.1802,1560.515,732.72974,cam_1_1690294151_09-09-11.jpg
223,143,3538.6953,774.3693,4232.2524,1197.0906,cam_1_1690294151_09-09-11.jpg
223,173,941.9652,644.27954,1669.4109,1262.6086,cam_1_1690294151_09-09-11.jpg
223,130,2843.889,846.38007,3731.5125,1381.6825,cam_1_1690294151_09-09-11.jpg
223,167,1862.4968,669.8842,2267.4592,1339.9215,cam_1_1690294151_09-09-11.jpg
224,79,2115.0386,544.9163,2588.6968,730.84375,cam_1_1690294181_09-09-41.jpg
224,169,1219.9756,578.5071,1900.9323,831.22864,cam_1_1690294181_09-09-41.jpg
224,128,936.6474,451.20468,1330.7859,614.20013,cam_1_1690294181_09-09-41.jpg
224,178,3096.9167,654.00836,3570.8508,928.53485,cam_1_1690294181_09-09-41.jpg
224,193,988.0298,485.80103,1487.8761,662.22687,cam_1_1690294181_09-09-41.jpg
224,133,2283.7952,670.8628,2805.218,1201.4131,cam_1_1690294181_09-09-41.jpg
224,194,1767.9773,448.1073,2276.0574,631.6048,cam_1_1690294181_09-09-41.jpg
224,126,1041.1906,532.5905,1556.3732,757.57324,cam_1_1690294181_09-09-41.jpg
224,143,3558.1445,778.00665,4269.435,1202.9205,cam_1_1690294181_09-09-41.jpg
224,130,2800.7822,843.5826,3744.7258,1379.9858,cam_1_1690294181_09-09-41.jpg
224,186,1213.0176,696.47394,2078.3618,1315.9586,cam_1_1690294181_09-09-41.jpg
224,149,2074.6755,685.9165,2522.0466,1322.7463,cam_1_1690294181_09-09-41.jpg
225,79,2096.574,547.627,2591.1838,735.9064,cam_1_1690294331_09-12-11.jpg
225,128,934.7923,450.65018,1329.0969,613.7005,cam_1_1690294331_09-12-11.jpg
225,178,3086.6729,653.92194,3504.179,920.6362,cam_1_1690294331_09-12-11.jpg
225,193,982.04865,484.87747,1501.9808,664.3853,cam_1_1690294331_09-12-11.jpg
225,133,2215.0784,698.94116,2814.2937,1218.2825,cam_1_1690294331_09-12-11.jpg
225,194,1807.8296,441.89212,2289.8853,626.52325,cam_1_1690294331_09-12-11.jpg
225,126,1042.4048,536.31036,1562.1205,767.8891,cam_1_1690294331_09-12-11.jpg
225,143,3571.325,789.2963,4261.6836,1207.6426,cam_1_1690294331_09-12-11.jpg
225,130,2782.1216,846.44653,3753.4348,1376.2684,cam_1_1690294331_09-12-11.jpg
225,186,1183.4646,629.3534,1966.4319,1176.2368,cam_1_1690294331_09-12-11.jpg
225,114,3372.644,709.21356,3807.8604,1002.66113,cam_1_1690294331_09-12-11.jpg
225,167,1912.0426,705.3525,2264.8135,1422.8188,cam_1_1690294331_09-12-11.jpg
226,79,2093.5547,548.7837,2594.2002,727.4242,cam_1_1690294421_09-13-41.jpg
226,128,939.4181,453.97336,1334.6509,608.10004,cam_1_1690294421_09-13-41.jpg
226,178,3095.616,654.58636,3465.463,916.72925,cam_1_1690294421_09-13-41.jpg
226,193,982.73706,484.87762,1505.4427,661.08905,cam_1_1690294421_09-13-41.jpg
226,133,2162.3857,685.55206,2832.819,1180.9446,cam_1_1690294421_09-13-41.jpg
226,194,1826.8356,439.65463,2271.7095,621.41797,cam_1_1690294421_09-13-41.jpg
226,126,1041.9316,537.15607,1566.3942,770.7762,cam_1_1690294421_09-13-41.jpg
226,143,3611.314,793.38574,4255.9897,1206.9982,cam_1_1690294421_09-13-41.jpg
226,130,2785.3296,846.5388,3756.8928,1375.405,cam_1_1690294421_09-13-41.jpg
226,186,1179.35,610.57104,1921.8923,1132.1045,cam_1_1690294421_09-13-41.jpg
226,114,3367.8992,711.7609,3818.4612,1007.3946,cam_1_1690294421_09-13-41.jpg
226,167,1857.9849,707.0098,2275.977,1454.432,cam_1_1690294421_09-13-41.jpg
227,79,2105.4707,550.86304,2592.087,720.2189,cam_1_1690294451_09-14-11.jpg
227,128,936.44946,453.69748,1334.9701,610.12256,cam_1_1690294451_09-14-11.jpg
227,178,3094.2012,654.6743,3450.237,920.6646,cam_1_1690294451_09-14-11.jpg
227,193,980.75555,485.38925,1505.8607,661.9666,cam_1_1690294451_09-14-11.jpg
227,133,2117.4324,675.31525,2761.2983,1177.9163,cam_1_1690294451_09-14-11.jpg
227,194,1779.7787,442.73877,2261.613,630.18646,cam_1_1690294451_09-14-11.jpg
227,126,1039.2295,539.68097,1561.8408,772.4083,cam_1_1690294451_09-14-11.jpg
227,143,3618.3706,797.2231,4239.849,1203.7126,cam_1_1690294451_09-14-11.jpg
227,130,2777.1794,845.93726,3750.5864,1376.06,cam_1_1690294451_09-14-11.jpg
227,186,1174.7212,606.2223,1899.8817,1115.2958,cam_1_1690294451_09-14-11.jpg
227,114,3374.2239,715.934,3821.8193,1010.25696,cam_1_1690294451_09-14-11.jpg
227,167,1839.9978,704.9451,2253.9854,1464.676,cam_1_1690294451_09-14-11.jpg
228,79,2115.2214,550.1453,2590.5496,738.7767,cam_1_1690294541_09-15-41.jpg
228,128,938.0073,453.5519,1330.6036,612.4999,cam_1_1690294541_09-15-41.jpg
228,178,3080.8313,651.70996,3432.0767,921.3238,cam_1_1690294541_09-15-41.jpg
228,193,980.3653,485.85333,1509.6012,661.32745,cam_1_1690294541_09-15-41.jpg
228,194,1769.4169,441.54767,2254.2163,650.5841,cam_1_1690294541_09-15-41.jpg
228,126,1036.4432,538.13696,1564.4825,771.05536,cam_1_1690294541_09-15-41.jpg
228,143,3669.5063,793.05426,4255.1973,1204.9539,cam_1_1690294541_09-15-41.jpg
228,130,2766.688,841.1003,3760.155,1377.5127,cam_1_1690294541_09-15-41.jpg
228,186,1168.0427,595.49506,1818.296,1115.879,cam_1_1690294541_09-15-41.jpg
228,114,3367.6511,710.21844,3821.293,1004.10986,cam_1_1690294541_09-15-41.jpg
228,167,1685.366,763.2679,2434.73,1536.023,cam_1_1690294541_09-15-41.jpg
228,149,1599.4308,683.1923,2512.0957,1245.8494,cam_1_1690294541_09-15-41.jpg
229,79,2117.3665,552.37964,2591.0024,744.61035,cam_1_1690294556_09-15-56.jpg
229,128,937.8921,453.09396,1331.0052,611.7844,cam_1_1690294556_09-15-56.jpg
229,178,3089.4607,653.4481,3433.3975,922.3211,cam_1_1690294556_09-15-56.jpg
229,193,979.07446,484.25082,1503.1316,660.17303,cam_1_1690294556_09-15-56.jpg
229,194,1786.2463,438.54486,2231.7302,663.0723,cam_1_1690294556_09-15-56.jpg
229,126,1033.9633,535.81085,1558.3186,770.0218,cam_1_1690294556_09-15-56.jpg
229,143,3653.4077,793.92145,4254.82,1207.095,cam_1_1690294556_09-15-56.jpg
229,130,2765.9902,840.7395,3757.7466,1377.2411,cam_1_1690294556_09-15-56.jpg
229,186,1175.3871,586.408,1801.4747,1120.3652,cam_1_1690294556_09-15-56.jpg
229,114,3368.232,711.1063,3819.4714,1000.01373,cam_1_1690294556_09-15-56.jpg
229,167,1640.1664,785.29224,2490.6433,1566.7487,cam_1_1690294556_09-15-56.jpg
229,149,1559.7958,684.2427,2505.7642,1236.8733,cam_1_1690294556_09-15-56.jpg
230,79,2180.304,545.67706,2584.4263,753.35114,cam_1_1690294631_09-17-11.jpg
230,128,938.5547,452.8426,1326.8942,612.33057,cam_1_1690294631_09-17-11.jpg
230,178,3083.855,656.7711,3419.9119,918.41974,cam_1_1690294631_09-17-11.jpg
230,193,981.7796,486.37033,1506.345,659.62695,cam_1_1690294631_09-17-11.jpg
230,194,1783.9834,443.552,2237.5183,672.55255,cam_1_1690294631_09-17-11.jpg
230,126,1033.676,538.6399,1568.3092,770.1722,cam_1_1690294631_09-17-11.jpg
230,143,3675.66,796.45483,4245.0703,1208.1799,cam_1_1690294631_09-17-11.jpg
230,130,2775.8718,842.142,3764.154,1378.2098,cam_1_1690294631_09-17-11.jpg
230,186,1175.6938,589.7115,1818.3033,1126.2194,cam_1_1690294631_09-17-11.jpg
230,114,3364.5232,707.1753,3820.0615,1009.6361,cam_1_1690294631_09-17-11.jpg
230,167,1624.0747,812.2417,2607.135,1524.0072,cam_1_1690294631_09-17-11.jpg
230,149,1553.8229,676.92334,2504.1877,1234.1589,cam_1_1690294631_09-17-11.jpg
231,79,2132.7153,548.95526,2586.014,840.2721,cam_1_1690294826_09-20-26.jpg
231,128,938.4173,454.05377,1324.7593,612.919,cam_1_1690294826_09-20-26.jpg
231,178,3092.5317,660.0515,3453.0625,921.6813,cam_1_1690294826_09-20-26.jpg
231,193,980.6082,485.17545,1503.9741,660.5043,cam_1_1690294826_09-20-26.jpg
231,194,1770.6827,437.7183,2213.6663,661.4456,cam_1_1690294826_09-20-26.jpg
231,126,1031.8319,538.7484,1567.8097,770.3443,cam_1_1690294826_09-20-26.jpg
231,143,3742.3037,813.3832,4243.5376,1245.139,cam_1_1690294826_09-20-26.jpg
231,130,2804.0076,850.68005,3760.4087,1377.5995,cam_1_1690294826_09-20-26.jpg
231,186,1169.9836,605.30194,1843.0005,1126.5256,cam_1_1690294826_09-20-26.jpg
231,114,3386.212,711.55444,3833.8748,1015.3445,cam_1_1690294826_09-20-26.jpg
231,167,1735.4999,881.2591,2847.9875,1592.2644,cam_1_1690294826_09-20-26.jpg
232,79,2099.0356,551.4072,2587.9087,866.0497,cam_1_1690294841_09-20-41.jpg
232,128,938.24646,454.07117,1325.2848,612.77576,cam_1_1690294841_09-20-41.jpg
232,178,3095.8892,659.62946,3464.9265,923.4708,cam_1_1690294841_09-20-41.jpg
232,193,981.42224,484.81708,1507.1152,662.3485,cam_1_1690294841_09-20-41.jpg
232,194,1759.7043,433.50607,2209.366,662.991,cam_1_1690294841_09-20-41.jpg
232,126,1037.3314,538.1541,1564.1841,770.434,cam_1_1690294841_09-20-41.jpg
232,143,3769.832,818.85547,4244.5845,1256.868,cam_1_1690294841_09-20-41.jpg
232,130,2819.1926,854.3884,3758.7756,1376.2715,cam_1_1690294841_09-20-41.jpg
232,186,1180.9185,599.65027,1869.4132,1128.4177,cam_1_1690294841_09-20-41.jpg
232,114,3398.7058,716.17773,3838.4568,1017.67474,cam_1_1690294841_09-20-41.jpg
232,167,1842.1388,891.34424,2952.2908,1628.2427,cam_1_1690294841_09-20-41.jpg
232,196,2393.3616,615.46936,2815.2732,960.83954,cam_1_1690294841_09-20-41.jpg
233,79,2094.4937,553.14294,2575.3801,873.96027,cam_1_1690294931_09-22-11.jpg
233,128,936.122,453.5533,1322.4105,612.1675,cam_1_1690294931_09-22-11.jpg
233,178,3112.7476,656.919,3477.2405,926.3075,cam_1_1690294931_09-22-11.jpg
233,193,978.7094,485.31903,1494.8481,658.70306,cam_1_1690294931_09-22-11.jpg
233,126,1035.3247,540.1788,1557.9979,767.7207,cam_1_1690294931_09-22-11.jpg
233,143,3670.5735,810.4892,4227.5723,1238.9541,cam_1_1690294931_09-22-11.jpg
233,130,2822.9888,850.6475,3753.519,1377.6611,cam_1_1690294931_09-22-11.jpg
233,186,1171.9886,592.4954,1914.1946,1104.9099,cam_1_1690294931_09-22-11.jpg
233,114,3399.386,717.4592,3830.7163,1008.8121,cam_1_1690294931_09-22-11.jpg
233,167,1906.1299,897.22485,3024.982,1627.5837,cam_1_1690294931_09-22-11.jpg
233,196,2301.1487,618.5275,2767.6855,960.0038,cam_1_1690294931_09-22-11.jpg
234,79,2073.5647,555.19653,2568.8467,838.81616,cam_1_1690294961_09-22-41.jpg
234,128,936.22095,454.4351,1322.9253,612.6585,cam_1_1690294961_09-22-41.jpg
234,178,3118.008,659.45416,3471.652,923.4889,cam_1_1690294961_09-22-41.jpg
234,193,980.4435,487.27762,1488.9365,660.3506,cam_1_1690294961_09-22-41.jpg
234,126,1027.6138,540.562,1560.9666,765.02155,cam_1_1690294961_09-22-41.jpg
234,143,3612.159,800.27454,4235.437,1222.2534,cam_1_1690294961_09-22-41.jpg
234,130,2831.3105,850.4456,3752.6313,1378.4194,cam_1_1690294961_09-22-41.jpg
234,186,1157.3765,592.8782,1926.5127,1094.3468,cam_1_1690294961_09-22-41.jpg
234,114,3404.9941,716.4041,3820.9915,1003.2238,cam_1_1690294961_09-22-41.jpg
234,167,1906.9275,906.16003,3045.609,1621.1014,cam_1_1690294961_09-22-41.jpg
234,196,2248.771,636.173,2825.0376,953.3661,cam_1_1690294961_09-22-41.jpg
235,79,2030.332,555.14954,2568.5652,835.1249,cam_1_1690295021_09-23-41.jpg
235,128,934.9779,455.43143,1331.2462,611.7046,cam_1_1690295021_09-23-41.jpg
235,178,3074.0098,641.01416,3482.7397,920.67236,cam_1_1690295021_09-23-41.jpg
235,193,988.798,485.59744,1492.3302,663.3144,cam_1_1690295021_09-23-41.jpg
235,126,1024.5171,535.4267,1552.406,736.91656,cam_1_1690295021_09-23-41.jpg
235,130,2715.7346,839.0059,3703.1162,1405.7617,cam_1_1690295021_09-23-41.jpg
235,186,1070.7415,587.49713,1873.7845,1116.2538,cam_1_1690295021_09-23-41.jpg
235,167,1958.8612,911.9418,3060.5945,1617.5525,cam_1_1690295021_09-23-41.jpg
235,196,2224.2478,676.7156,2911.9316,970.3877,cam_1_1690295021_09-23-41.jpg
235,176,1710.5436,585.1879,2038.9854,755.8362,cam_1_1690295021_09-23-41.jpg
235,134,3374.4707,719.23206,3997.377,1198.424,cam_1_1690295021_09-23-41.jpg
236,128,953.87317,452.92743,1329.5745,602.4198,cam_1_1690295141_09-25-41.jpg
236,193,1003.80316,487.22043,1494.8649,653.7428,cam_1_1690295141_09-25-41.jpg
236,126,1031.9762,535.09955,1560.5057,753.86426,cam_1_1690295141_09-25-41.jpg
236,130,2657.768,816.2928,3693.4014,1413.5828,cam_1_1690295141_09-25-41.jpg
236,186,1185.4958,638.9247,1877.5688,1002.325,cam_1_1690295141_09-25-41.jpg
236,196,2115.3618,643.3148,2809.1033,1050.3086,cam_1_1690295141_09-25-41.jpg
236,160,2621.1877,576.2373,3145.0815,876.9585,cam_1_1690295141_09-25-41.jpg
236,195,2037.7012,553.3292,2549.753,745.9468,cam_1_1690295141_09-25-41.jpg
236,149,1371.4048,746.18933,2001.9198,1048.4133,cam_1_1690295141_09-25-41.jpg
236,143,3744.5208,820.335,4168.9077,1275.111,cam_1_1690295141_09-25-41.jpg
236,114,3361.5388,704.3267,3745.53,1024.8073,cam_1_1690295141_09-25-41.jpg
237,128,945.24744,450.47223,1348.2411,607.78,cam_1_1690295306_09-28-26.jpg
237,193,995.20465,483.2362,1484.7263,654.71906,cam_1_1690295306_09-28-26.jpg
237,126,1026.6196,536.00336,1548.8062,759.60504,cam_1_1690295306_09-28-26.jpg
237,130,2638.9224,811.2399,3691.4146,1414.2693,cam_1_1690295306_09-28-26.jpg
237,186,1228.6764,658.41473,1879.8511,951.56,cam_1_1690295306_09-28-26.jpg
237,200,1181.0023,595.1399,1703.6134,831.25525,cam_1_1690295306_09-28-26.jpg
237,195,2066.6467,557.9119,2559.86,720.7866,cam_1_1690295306_09-28-26.jpg
237,149,1379.4124,752.0285,1908.7611,1038.5399,cam_1_1690295306_09-28-26.jpg
237,114,3359.3423,701.5823,3721.7786,1022.7129,cam_1_1690295306_09-28-26.jpg
237,133,1840.9619,658.0367,2657.325,1146.4304,cam_1_1690295306_09-28-26.jpg
237,134,3513.7383,790.1823,4030.4429,1200.7736,cam_1_1690295306_09-28-26.jpg
238,128,943.27185,450.83008,1345.7821,609.08466,cam_1_1690295381_09-29-41.jpg
238,193,989.5756,484.1037,1487.2876,651.97797,cam_1_1690295381_09-29-41.jpg
238,126,1023.6216,532.41437,1547.7565,764.1904,cam_1_1690295381_09-29-41.jpg
238,130,2640.9556,786.3934,3660.1924,1408.1735,cam_1_1690295381_09-29-41.jpg
238,186,1250.4884,667.3716,1872.7927,940.5628,cam_1_1690295381_09-29-41.jpg
238,200,1175.6716,594.6811,1710.6455,836.61536,cam_1_1690295381_09-29-41.jpg
238,195,2069.902,555.8097,2570.193,752.3702,cam_1_1690295381_09-29-41.jpg
238,149,1381.5822,762.75275,1933.6859,1031.4526,cam_1_1690295381_09-29-41.jpg
238,114,3334.5823,697.9264,3703.2625,1055.2816,cam_1_1690295381_09-29-41.jpg
238,134,3545.0007,800.3137,4032.4993,1148.1652,cam_1_1690295381_09-29-41.jpg
238,196,2100.3418,647.3324,2554.884,1162.4916,cam_1_1690295381_09-29-41.jpg
239,128,942.0692,449.8334,1337.6302,612.665,cam_1_1690295726_09-35-26.jpg
239,193,985.0228,484.98294,1479.6475,651.7285,cam_1_1690295726_09-35-26.jpg
239,126,1024.9147,532.29944,1546.4579,761.79193,cam_1_1690295726_09-35-26.jpg
239,130,2976.5847,873.7021,3812.329,1402.1122,cam_1_1690295726_09-35-26.jpg
239,186,1260.0245,673.6389,1879.8123,939.67413,cam_1_1690295726_09-35-26.jpg
239,200,1173.027,597.4816,1715.8085,841.6336,cam_1_1690295726_09-35-26.jpg
239,149,1373.044,756.06866,1926.1743,1030.8711,cam_1_1690295726_09-35-26.jpg
239,114,3396.1858,699.0218,3706.2993,1008.2992,cam_1_1690295726_09-35-26.jpg
239,196,2110.5173,656.5613,2421.7651,1222.6167,cam_1_1690295726_09-35-26.jpg
239,172,2109.3352,369.0526,2448.6545,621.6242,cam_1_1690295726_09-35-26.jpg
239,125,843.81244,276.90738,1293.202,537.123,cam_1_1690295726_09-35-26.jpg
239,79,1878.582,641.54266,2285.1711,883.64105,cam_1_1690295726_09-35-26.jpg
239,178,3198.0693,653.75745,3523.1528,935.29456,cam_1_1690295726_09-35-26.jpg
240,128,944.6685,453.52908,1352.4188,610.81464,cam_1_1690295846_09-37-26.jpg
240,193,983.3265,484.1265,1487.7122,653.96924,cam_1_1690295846_09-37-26.jpg
240,126,1026.0608,533.983,1547.5105,763.4652,cam_1_1690295846_09-37-26.jpg
240,186,1260.9939,670.8357,1883.1279,937.30664,cam_1_1690295846_09-37-26.jpg
240,200,1175.3406,596.91675,1709.0848,841.1224,cam_1_1690295846_09-37-26.jpg
240,149,1371.4672,756.9789,1924.7339,1030.9493,cam_1_1690295846_09-37-26.jpg
240,114,3389.795,699.7867,3712.0237,1093.0253,cam_1_1690295846_09-37-26.jpg
240,196,2110.7263,675.8067,2394.3452,1260.9465,cam_1_1690295846_09-37-26.jpg
240,206,3031.0073,608.2726,3292.4368,1014.09143,cam_1_1690295846_09-37-26.jpg
240,172,2123.6936,373.01614,2465.119,625.932,cam_1_1690295846_09-37-26.jpg
240,125,873.2808,367.935,1314.7443,543.7764,cam_1_1690295846_09-37-26.jpg
240,79,1847.3655,648.95636,2240.3472,886.0652,cam_1_1690295846_09-37-26.jpg
240,178,3189.8245,655.8688,3528.636,1023.27563,cam_1_1690295846_09-37-26.jpg
240,143,3531.7239,879.8459,4091.1274,1313.1091,cam_1_1690295846_09-37-26.jpg
241,128,945.7458,454.50464,1359.3472,607.584,cam_1_1690295981_09-39-41.jpg
241,193,984.28107,483.7024,1489.0391,651.72534,cam_1_1690295981_09-39-41.jpg
241,126,1025.6979,533.8851,1554.1069,765.5362,cam_1_1690295981_09-39-41.jpg
241,186,1264.0662,673.3187,1881.3959,939.8806,cam_1_1690295981_09-39-41.jpg
241,200,1176.3873,596.45984,1714.15,843.58856,cam_1_1690295981_09-39-41.jpg
241,149,1371.3652,755.64606,1922.4896,1030.3374,cam_1_1690295981_09-39-41.jpg
241,196,2093.4863,667.2423,2368.243,1259.0154,cam_1_1690295981_09-39-41.jpg
241,206,2959.4092,579.12976,3264.123,971.3463,cam_1_1690295981_09-39-41.jpg
241,172,2124.1023,366.48703,2421.5967,616.57336,cam_1_1690295981_09-39-41.jpg
241,125,882.8628,394.88745,1328.1387,544.403,cam_1_1690295981_09-39-41.jpg
241,79,1837.1328,650.4412,2226.633,893.1838,cam_1_1690295981_09-39-41.jpg
241,143,3668.9482,849.7378,4146.3438,1292.3837,cam_1_1690295981_09-39-41.jpg
241,140,2618.3203,470.22995,2782.402,799.4603,cam_1_1690295981_09-39-41.jpg
241,160,2753.6357,528.9056,3011.4543,882.21606,cam_1_1690295981_09-39-41.jpg
242,128,948.46716,456.23108,1358.211,607.9225,cam_1_1690296026_09-40-26.jpg
242,193,983.5622,484.04077,1487.0543,651.23737,cam_1_1690296026_09-40-26.jpg
242,126,1026.2502,535.0192,1548.6261,767.44977,cam_1_1690296026_09-40-26.jpg
242,186,1262.6948,674.0089,1884.6115,941.4066,cam_1_1690296026_09-40-26.jpg
242,200,1175.3682,594.6039,1716.5072,840.9691,cam_1_1690296026_09-40-26.jpg
242,149,1372.7925,753.88654,1922.7682,1030.409,cam_1_1690296026_09-40-26.jpg
242,196,2086.937,659.8981,2361.4443,1250.3347,cam_1_1690296026_09-40-26.jpg
242,206,2936.546,564.67004,3270.7566,953.15845,cam_1_1690296026_09-40-26.jpg
242,172,2119.2075,364.34708,2408.3945,612.59875,cam_1_1690296026_09-40-26.jpg
242,125,887.4991,402.8356,1325.4033,546.05383,cam_1_1690296026_09-40-26.jpg
242,79,1838.2809,651.09393,2225.4753,896.29517,cam_1_1690296026_09-40-26.jpg
242,143,3733.907,842.4686,4170.609,1284.5055,cam_1_1690296026_09-40-26.jpg
242,140,2614.086,474.37494,2786.3743,783.212,cam_1_1690296026_09-40-26.jpg
242,160,2725.2393,520.63995,2995.5342,870.6984,cam_1_1690296026_09-40-26.jpg
243,128,947.352,458.17297,1361.263,610.5731,cam_1_1690296116_09-41-56.jpg
243,193,980.98047,484.47656,1487.116,651.0667,cam_1_1690296116_09-41-56.jpg
243,126,1025.787,535.0741,1552.0862,766.91864,cam_1_1690296116_09-41-56.jpg
243,186,1264.103,676.1929,1884.9281,942.6491,cam_1_1690296116_09-41-56.jpg
243,200,1173.7441,595.41144,1722.7123,837.99835,cam_1_1690296116_09-41-56.jpg
243,149,1373.9629,754.6052,1915.967,1030.6017,cam_1_1690296116_09-41-56.jpg
243,196,2035.3962,649.89374,2388.1265,1226.578,cam_1_1690296116_09-41-56.jpg
243,206,2909.9019,560.3707,3245.206,951.043,cam_1_1690296116_09-41-56.jpg
243,172,2116.7834,363.18326,2424.328,611.142,cam_1_1690296116_09-41-56.jpg
243,125,884.634,405.53406,1327.1747,547.6617,cam_1_1690296116_09-41-56.jpg
243,79,1830.8165,649.0577,2182.8599,900.2578,cam_1_1690296116_09-41-56.jpg
243,143,3740.2827,823.7322,4088.4307,1279.1846,cam_1_1690296116_09-41-56.jpg
243,140,2577.0916,459.43253,2768.6997,764.89594,cam_1_1690296116_09-41-56.jpg
243,160,2718.6172,514.0202,2983.6777,874.0272,cam_1_1690296116_09-41-56.jpg
244,128,945.61914,457.4768,1361.7633,608.9482,cam_1_1690296146_09-42-26.jpg
244,193,984.331,485.4967,1492.6184,650.5595,cam_1_1690296146_09-42-26.jpg
244,126,1028.3351,535.2162,1550.228,767.4207,cam_1_1690296146_09-42-26.jpg
244,186,1262.1982,672.5241,1883.7346,941.334,cam_1_1690296146_09-42-26.jpg
244,200,1177.2363,597.0586,1720.7368,837.1174,cam_1_1690296146_09-42-26.jpg
244,149,1381.8689,757.10333,1925.371,1031.2104,cam_1_1690296146_09-42-26.jpg
244,206,2898.45,563.18823,3236.936,947.8644,cam_1_1690296146_09-42-26.jpg
244,172,2116.6902,364.27438,2445.7935,608.65625,cam_1_1690296146_09-42-26.jpg
244,125,884.5653,404.91956,1331.3824,543.0217,cam_1_1690296146_09-42-26.jpg
244,143,3745.886,812.4999,4041.0686,1271.7988,cam_1_1690296146_09-42-26.jpg
244,140,2558.0818,455.4604,2762.646,757.7984,cam_1_1690296146_09-42-26.jpg
244,160,2715.1443,513.8846,2981.454,873.005,cam_1_1690296146_09-42-26.jpg
244,133,1928.6893,613.29376,2486.5598,1159.544,cam_1_1690296146_09-42-26.jpg
245,128,946.82806,456.8606,1361.7911,608.40326,cam_1_1690296281_09-44-41.jpg
245,193,982.7938,485.70453,1491.2261,649.3151,cam_1_1690296281_09-44-41.jpg
245,126,1026.5833,534.5439,1547.0374,762.18427,cam_1_1690296281_09-44-41.jpg
245,186,1256.097,669.72595,1884.622,940.30383,cam_1_1690296281_09-44-41.jpg
245,200,1175.5731,595.0155,1721.1831,832.4374,cam_1_1690296281_09-44-41.jpg
245,149,1384.2336,761.6093,1914.8588,1031.3279,cam_1_1690296281_09-44-41.jpg
245,206,2893.6401,580.8863,3306.7043,955.0143,cam_1_1690296281_09-44-41.jpg
245,172,2115.045,375.98206,2492.2673,629.75867,cam_1_1690296281_09-44-41.jpg
245,125,885.49426,403.49628,1331.1613,546.1772,cam_1_1690296281_09-44-41.jpg
245,143,3747.7073,804.6001,4021.5493,1270.6034,cam_1_1690296281_09-44-41.jpg
245,160,2684.9707,514.854,2994.0588,870.18964,cam_1_1690296281_09-44-41.jpg
245,133,1923.8678,616.40717,2476.1965,1158.1555,cam_1_1690296281_09-44-41.jpg
245,194,1683.8378,368.717,2108.2732,603.0031,cam_1_1690296281_09-44-41.jpg
246,128,946.0824,457.598,1355.8182,607.83606,cam_1_1690296326_09-45-26.jpg
246,193,982.02435,486.3055,1492.6962,651.5007,cam_1_1690296326_09-45-26.jpg
246,126,1025.2233,536.70557,1551.0168,764.77136,cam_1_1690296326_09-45-26.jpg
246,186,1261.1892,668.52167,1889.8184,942.5858,cam_1_1690296326_09-45-26.jpg
246,200,1175.37,595.8153,1717.2131,835.57336,cam_1_1690296326_09-45-26.jpg
246,149,1384.2896,757.11884,1931.3127,1032.7247,cam_1_1690296326_09-45-26.jpg
246,206,2888.3604,586.9979,3368.4338,960.8423,cam_1_1690296326_09-45-26.jpg
246,172,2120.2078,377.23978,2541.2766,639.0146,cam_1_1690296326_09-45-26.jpg
246,125,885.0405,403.5118,1331.0322,544.05084,cam_1_1690296326_09-45-26.jpg
246,143,3735.558,803.2693,4016.9104,1274.0502,cam_1_1690296326_09-45-26.jpg
246,160,2684.1157,514.0953,2992.1921,870.33105,cam_1_1690296326_09-45-26.jpg
246,133,1944.3813,618.84424,2456.2756,1161.2224,cam_1_1690296326_09-45-26.jpg
246,194,1568.6841,339.82312,1956.1525,568.1014,cam_1_1690296326_09-45-26.jpg
247,128,950.39624,456.46,1354.0819,605.9934,cam_1_1690296356_09-45-56.jpg
247,193,987.1554,485.41394,1498.5548,652.8098,cam_1_1690296356_09-45-56.jpg
247,126,1024.9243,535.73785,1554.1166,766.816,cam_1_1690296356_09-45-56.jpg
247,186,1263.9188,671.3481,1886.6554,944.16626,cam_1_1690296356_09-45-56.jpg
247,200,1173.505,594.61346,1715.4884,836.01276,cam_1_1690296356_09-45-56.jpg
247,149,1379.5508,757.8048,1921.2892,1032.4216,cam_1_1690296356_09-45-56.jpg
247,206,2904.2234,589.42737,3359.5388,955.71533,cam_1_1690296356_09-45-56.jpg
247,172,2123.0557,380.2938,2528.7666,640.902,cam_1_1690296356_09-45-56.jpg
247,125,882.97534,404.50107,1328.2079,545.4156,cam_1_1690296356_09-45-56.jpg
247,143,3731.3826,801.13715,4015.9187,1264.1285,cam_1_1690296356_09-45-56.jpg
247,160,2683.5234,514.3551,2989.8975,867.1251,cam_1_1690296356_09-45-56.jpg
247,133,1925.3983,618.3357,2445.314,1164.9926,cam_1_1690296356_09-45-56.jpg
247,194,1526.1346,328.2056,1905.752,557.39685,cam_1_1690296356_09-45-56.jpg
248,128,948.1029,453.70657,1355.5599,604.54913,cam_1_1690296551_09-49-11.jpg
248,200,1155.3838,511.3946,1789.579,893.4272,cam_1_1690296551_09-49-11.jpg
248,149,1383.7501,754.8004,1917.2687,1034.6383,cam_1_1690296551_09-49-11.jpg
248,206,2894.1428,566.096,3208.9053,888.2751,cam_1_1690296551_09-49-11.jpg
248,125,881.4331,402.73773,1329.6394,546.2424,cam_1_1690296551_09-49-11.jpg
248,143,3730.6199,800.687,4012.076,1268.0425,cam_1_1690296551_09-49-11.jpg
248,160,2662.441,513.8466,2990.528,844.5011,cam_1_1690296551_09-49-11.jpg
248,133,1918.5735,615.6932,2456.5867,1167.9419,cam_1_1690296551_09-49-11.jpg
248,176,1715.6042,589.1715,2021.651,761.1355,cam_1_1690296551_09-49-11.jpg
249,128,946.7522,451.7287,1349.4016,604.213,cam_1_1690296626_09-50-26.jpg
249,200,1146.8702,480.67664,1812.6545,911.86816,cam_1_1690296626_09-50-26.jpg
249,149,1383.4379,759.094,1919.0178,1034.7341,cam_1_1690296626_09-50-26.jpg
249,206,2869.676,553.53265,3181.8315,856.7257,cam_1_1690296626_09-50-26.jpg
249,125,883.09174,399.4762,1334.4911,548.82556,cam_1_1690296626_09-50-26.jpg
249,143,3740.8647,800.4435,4017.0898,1247.817,cam_1_1690296626_09-50-26.jpg
249,160,2653.5112,513.697,2996.394,841.0026,cam_1_1690296626_09-50-26.jpg
249,133,1917.9099,615.4832,2459.232,1159.1083,cam_1_1690296626_09-50-26.jpg
249,207,2727.6587,788.88257,3286.6836,1450.3444,cam_1_1690296626_09-50-26.jpg
250,128,945.2369,450.99023,1346.1223,603.33167,cam_1_1690296656_09-50-56.jpg
250,200,1147.2877,471.31918,1826.2909,921.11414,cam_1_1690296656_09-50-56.jpg
250,149,1385.5,755.5585,1928.1526,1036.7896,cam_1_1690296656_09-50-56.jpg
250,206,2873.672,547.8598,3133.526,855.6407,cam_1_1690296656_09-50-56.jpg
250,125,883.50757,400.96667,1328.5114,546.91077,cam_1_1690296656_09-50-56.jpg
250,143,3739.3591,801.0419,4017.4885,1250.0542,cam_1_1690296656_09-50-56.jpg
250,160,2650.9907,511.3046,2996.961,837.51434,cam_1_1690296656_09-50-56.jpg
250,133,1938.3817,617.8675,2503.706,1163.9357,cam_1_1690296656_09-50-56.jpg
250,207,2732.1904,790.76495,3349.7898,1444.9338,cam_1_1690296656_09-50-56.jpg
250,208,1862.5,499.40057,2410.0215,701.5907,cam_1_1690296656_09-50-56.jpg
251,128,943.4844,451.4661,1343.1809,603.0527,cam_1_1690296716_09-51-56.jpg
251,200,1143.3203,469.1622,1831.8969,925.54553,cam_1_1690296716_09-51-56.jpg
251,149,1384.4927,756.0811,1930.5651,1036.2687,cam_1_1690296716_09-51-56.jpg
251,206,2865.303,544.3114,3115.873,854.9135,cam_1_1690296716_09-51-56.jpg
251,125,881.51733,401.0817,1331.3005,545.6385,cam_1_1690296716_09-51-56.jpg
251,143,3674.0337,785.3152,3966.87,1226.1385,cam_1_1690296716_09-51-56.jpg
251,160,2643.7158,510.49402,2999.057,841.38635,cam_1_1690296716_09-51-56.jpg
251,133,1926.2793,621.05695,2470.6677,1169.8522,cam_1_1690296716_09-51-56.jpg
251,207,2728.4607,797.38696,3433.6724,1475.3483,cam_1_1690296716_09-51-56.jpg
251,208,1859.0308,502.50116,2400.3816,708.8468,cam_1_1690296716_09-51-56.jpg
252,128,941.1984,452.28317,1341.5973,604.4634,cam_1_1690296776_09-52-56.jpg
252,200,1138.5437,466.62335,1833.9203,929.3918,cam_1_1690296776_09-52-56.jpg
252,149,1383.8142,756.8955,1923.7173,1036.4121,cam_1_1690296776_09-52-56.jpg
252,206,2845.4958,547.9615,3135.4822,853.3368,cam_1_1690296776_09-52-56.jpg
252,125,879.6267,399.8482,1327.9536,546.7063,cam_1_1690296776_09-52-56.jpg
252,143,3648.4155,785.1396,3932.6924,1230.7019,cam_1_1690296776_09-52-56.jpg
252,160,2654.313,514.4236,2995.802,841.637,cam_1_1690296776_09-52-56.jpg
252,133,1906.9952,621.80316,2457.368,1167.8418,cam_1_1690296776_09-52-56.jpg
252,207,2721.5254,796.7648,3445.7712,1479.5323,cam_1_1690296776_09-52-56.jpg
252,208,1858.3544,504.2729,2387.7917,702.15656,cam_1_1690296776_09-52-56.jpg
253,128,944.7362,452.9066,1350.4689,604.3067,cam_1_1690296881_09-54-41.jpg
253,200,1135.1278,466.5058,1821.0339,928.404,cam_1_1690296881_09-54-41.jpg
253,149,1385.5901,756.75836,1927.4762,1036.2601,cam_1_1690296881_09-54-41.jpg
253,206,2835.3013,543.06384,3128.2866,873.56506,cam_1_1690296881_09-54-41.jpg
253,125,881.5269,400.03986,1333.4447,545.6475,cam_1_1690296881_09-54-41.jpg
253,143,3632.9934,774.1295,3919.3557,1224.7645,cam_1_1690296881_09-54-41.jpg
253,160,2650.2964,510.01895,2989.7969,847.8889,cam_1_1690296881_09-54-41.jpg
253,133,1926.0819,621.2799,2434.9705,1182.7764,cam_1_1690296881_09-54-41.jpg
253,208,1848.4441,499.05627,2392.686,706.21155,cam_1_1690296881_09-54-41.jpg
253,130,2909.4216,861.13525,3829.0708,1402.0049,cam_1_1690296881_09-54-41.jpg
254,128,946.848,452.5372,1349.9655,603.68567,cam_1_1690296926_09-55-26.jpg
254,200,1135.3894,467.56958,1825.5576,926.16364,cam_1_1690296926_09-55-26.jpg
254,149,1385.2957,758.0278,1923.6206,1036.8273,cam_1_1690296926_09-55-26.jpg
254,206,2803.225,525.44165,3048.9324,873.54315,cam_1_1690296926_09-55-26.jpg
254,125,883.2753,399.6423,1336.4338,547.2113,cam_1_1690296926_09-55-26.jpg
254,143,3623.6926,776.0081,3910.7214,1185.3541,cam_1_1690296926_09-55-26.jpg
254,160,2626.6855,497.20743,2886.0808,849.63824,cam_1_1690296926_09-55-26.jpg
254,133,1940.3082,627.03,2423.5374,1186.6771,cam_1_1690296926_09-55-26.jpg
254,208,1844.4862,501.992,2402.4363,701.7914,cam_1_1690296926_09-55-26.jpg
254,130,3119.5906,878.85925,3833.5862,1389.178,cam_1_1690296926_09-55-26.jpg
255,128,946.0969,451.59296,1348.126,606.39954,cam_1_1690296971_09-56-11.jpg
255,200,1138.2161,466.60767,1809.9484,925.63635,cam_1_1690296971_09-56-11.jpg
255,149,1386.773,757.46954,1923.977,1036.7225,cam_1_1690296971_09-56-11.jpg
255,206,2756.554,522.8898,3048.2568,801.0405,cam_1_1690296971_09-56-11.jpg
255,125,881.8478,399.37872,1337.0817,548.07465,cam_1_1690296971_09-56-11.jpg
255,143,3612.199,787.2259,3923.137,1223.5856,cam_1_1690296971_09-56-11.jpg
255,133,1932.477,625.2846,2412.453,1189.6447,cam_1_1690296971_09-56-11.jpg
255,208,1838.25,500.64484,2388.4817,705.41296,cam_1_1690296971_09-56-11.jpg
255,207,2734.4001,730.282,3289.8267,1383.0385,cam_1_1690296971_09-56-11.jpg
256,128,970.1708,452.36484,1370.2113,605.4907,cam_1_1690297256_10-00-56.jpg
256,200,1082.2349,493.88257,1776.3063,967.3427,cam_1_1690297256_10-00-56.jpg
256,149,1383.0991,765.4211,1891.132,1038.5231,cam_1_1690297256_10-00-56.jpg
256,206,2717.4478,521.6359,3027.338,851.97485,cam_1_1690297256_10-00-56.jpg
256,125,883.21686,398.47195,1331.3047,548.30273,cam_1_1690297256_10-00-56.jpg
256,143,3523.2183,740.8618,3855.7239,1198.3915,cam_1_1690297256_10-00-56.jpg
256,133,1862.6736,615.8691,2418.2795,1167.1842,cam_1_1690297256_10-00-56.jpg
256,208,1837.1731,501.6463,2382.3074,690.4862,cam_1_1690297256_10-00-56.jpg
257,128,984.4357,445.95694,1376.514,594.53174,cam_1_1690297331_10-02-11.jpg
257,200,1046.0629,505.85507,1739.9741,988.28876,cam_1_1690297331_10-02-11.jpg
257,149,1387.4456,766.7886,1886.5936,1038.6963,cam_1_1690297331_10-02-11.jpg
257,125,883.21826,395.01477,1329.1362,540.887,cam_1_1690297331_10-02-11.jpg
257,143,3499.4858,719.9405,3826.034,1186.8386,cam_1_1690297331_10-02-11.jpg
257,133,1858.149,618.86755,2433.9639,1163.3296,cam_1_1690297331_10-02-11.jpg
257,208,1841.22,501.64566,2380.4246,688.5659,cam_1_1690297331_10-02-11.jpg
257,210,820.5247,492.7271,1085.9298,994.9674,cam_1_1690297331_10-02-11.jpg
257,160,2646.0742,493.8643,2914.7458,842.7883,cam_1_1690297331_10-02-11.jpg
258,200,995.885,507.7407,1696.287,1006.68616,cam_1_1690297376_10-02-56.jpg
258,149,1382.3442,770.10974,1889.0531,1035.7397,cam_1_1690297376_10-02-56.jpg
258,143,3428.1736,699.52216,3837.111,1175.065,cam_1_1690297376_10-02-56.jpg
258,133,1867.167,619.18097,2445.2444,1161.64,cam_1_1690297376_10-02-56.jpg
258,208,1842.5283,501.64716,2384.8328,688.85767,cam_1_1690297376_10-02-56.jpg
258,126,878.8965,389.0889,1415.6993,788.0453,cam_1_1690297376_10-02-56.jpg
258,176,1672.9108,603.4854,1983.8662,782.66266,cam_1_1690297376_10-02-56.jpg
258,206,2646.2104,504.15292,2981.4375,834.51483,cam_1_1690297376_10-02-56.jpg
259,200,964.3517,506.07944,1698.5756,1009.7137,cam_1_1690297421_10-03-41.jpg
259,149,1381.8917,768.91693,1878.9906,1036.5897,cam_1_1690297421_10-03-41.jpg
259,143,3369.2761,698.2449,3836.628,1170.322,cam_1_1690297421_10-03-41.jpg
259,133,1836.601,615.0851,2435.6155,1154.4406,cam_1_1690297421_10-03-41.jpg
259,208,1849.38,501.42194,2386.9868,672.3236,cam_1_1690297421_10-03-41.jpg
259,212,377.83307,420.9674,833.2442,879.8711,cam_1_1690297421_10-03-41.jpg
259,206,2637.1929,498.22678,2949.8892,835.79364,cam_1_1690297421_10-03-41.jpg
259,128,963.9661,452.2667,1378.1748,613.00354,cam_1_1690297421_10-03-41.jpg
259,125,885.15326,394.19583,1319.9373,553.84186,cam_1_1690297421_10-03-41.jpg
260,200,929.7724,508.0971,1665.2023,1020.49805,cam_1_1690297556_10-05-56.jpg
260,149,1385.7333,774.7723,1867.7439,1041.3795,cam_1_1690297556_10-05-56.jpg
260,133,1810.3318,622.4411,2391.752,1181.4558,cam_1_1690297556_10-05-56.jpg
260,208,1950.3589,509.65042,2359.08,654.3256,cam_1_1690297556_10-05-56.jpg
260,212,359.46347,513.01874,768.31,1094.0237,cam_1_1690297556_10-05-56.jpg
260,128,948.04663,450.22916,1374.8947,621.25525,cam_1_1690297556_10-05-56.jpg
260,125,882.0957,393.69843,1316.8983,559.3053,cam_1_1690297556_10-05-56.jpg
260,195,2308.0234,552.1134,2855.7664,908.72906,cam_1_1690297556_10-05-56.jpg
260,130,3228.1917,901.9336,3696.7622,1459.4364,cam_1_1690297556_10-05-56.jpg
260,176,1707.0615,600.4182,1989.0358,773.6665,cam_1_1690297556_10-05-56.jpg
261,200,921.9665,510.7197,1665.2186,1020.25946,cam_1_1690297601_10-06-41.jpg
261,149,1388.1656,776.46387,1867.7806,1042.9431,cam_1_1690297601_10-06-41.jpg
261,133,1788.5217,626.69934,2381.4746,1186.1599,cam_1_1690297601_10-06-41.jpg
261,208,1987.3837,509.01617,2339.4297,651.0371,cam_1_1690297601_10-06-41.jpg
261,212,343.81723,549.7224,863.90985,1157.5957,cam_1_1690297601_10-06-41.jpg
261,128,942.83307,449.73288,1369.2979,620.2918,cam_1_1690297601_10-06-41.jpg
261,125,880.64655,393.63803,1318.7156,561.3957,cam_1_1690297601_10-06-41.jpg
261,195,2304.8435,549.46063,2856.2754,911.7264,cam_1_1690297601_10-06-41.jpg
261,130,3238.7446,903.8557,3670.496,1481.061,cam_1_1690297601_10-06-41.jpg
261,176,1709.7365,596.97473,1986.8319,768.44904,cam_1_1690297601_10-06-41.jpg
262,200,924.9329,624.88007,1802.5109,1188.7434,cam_1_1690297646_10-07-26.jpg
262,133,1796.8673,629.1922,2388.65,1190.9917,cam_1_1690297646_10-07-26.jpg
262,208,1998.5842,511.54767,2332.2275,647.75116,cam_1_1690297646_10-07-26.jpg
262,128,939.4152,449.1589,1367.3851,621.79193,cam_1_1690297646_10-07-26.jpg
262,125,885.7083,393.76663,1322.9025,559.93066,cam_1_1690297646_10-07-26.jpg
262,195,2305.2112,546.4833,2858.8818,915.3484,cam_1_1690297646_10-07-26.jpg
262,130,3236.9663,906.7003,3662.6233,1489.3237,cam_1_1690297646_10-07-26.jpg
262,176,1718.4199,593.628,1996.1768,771.67725,cam_1_1690297646_10-07-26.jpg
262,126,941.3495,498.3579,1625.6547,766.0183,cam_1_1690297646_10-07-26.jpg
263,200,912.89856,554.6939,1715.1912,1099.3766,cam_1_1690297736_10-08-56.jpg
263,133,1903.3726,620.9129,2491.7798,1151.9803,cam_1_1690297736_10-08-56.jpg
263,208,2000.7812,511.3754,2333.9548,654.8652,cam_1_1690297736_10-08-56.jpg
263,128,938.3044,450.06393,1371.2178,624.9307,cam_1_1690297736_10-08-56.jpg
263,125,884.38324,392.68704,1320.6458,561.7528,cam_1_1690297736_10-08-56.jpg
263,195,2348.613,551.20026,2855.974,917.69293,cam_1_1690297736_10-08-56.jpg
263,130,3184.9875,908.5106,3683.7444,1455.9855,cam_1_1690297736_10-08-56.jpg
263,176,1716.2858,595.7131,2001.5837,775.0097,cam_1_1690297736_10-08-56.jpg
263,207,2291.8357,805.16986,3229.233,1579.5745,cam_1_1690297736_10-08-56.jpg
263,149,1387.8231,763.31555,1906.2377,1043.4114,cam_1_1690297736_10-08-56.jpg
264,200,989.3881,519.5071,1686.5583,1041.0303,cam_1_1690297796_10-09-56.jpg
264,133,1940.6245,612.3716,2519.7598,1142.2809,cam_1_1690297796_10-09-56.jpg
264,208,1993.3806,509.5057,2330.4978,661.4215,cam_1_1690297796_10-09-56.jpg
264,128,954.21936,451.9065,1362.783,617.19885,cam_1_1690297796_10-09-56.jpg
264,125,884.08795,391.15686,1318.2843,558.1293,cam_1_1690297796_10-09-56.jpg
264,195,2366.1572,552.121,2859.24,915.7208,cam_1_1690297796_10-09-56.jpg
264,176,1721.2291,601.66,1993.8293,776.5703,cam_1_1690297796_10-09-56.jpg
264,207,2275.5247,809.07367,3249.3655,1589.9579,cam_1_1690297796_10-09-56.jpg
264,149,1388.4934,759.8301,1914.358,1043.3706,cam_1_1690297796_10-09-56.jpg
264,212,436.17862,549.44794,1002.6336,1091.8157,cam_1_1690297796_10-09-56.jpg
265,200,1066.6958,511.32205,1728.5338,1014.4494,cam_1_1690297886_10-11-26.jpg
265,133,1937.0165,622.32855,2549.111,1149.5913,cam_1_1690297886_10-11-26.jpg
265,208,2000.0187,507.16324,2330.5854,658.0829,cam_1_1690297886_10-11-26.jpg
265,128,969.6346,464.38696,1381.743,628.1214,cam_1_1690297886_10-11-26.jpg
265,125,882.3367,389.0985,1322.3658,555.60693,cam_1_1690297886_10-11-26.jpg
265,195,2362.1882,552.7367,2859.729,913.63885,cam_1_1690297886_10-11-26.jpg
265,176,1720.6191,604.0785,2000.2445,776.2851,cam_1_1690297886_10-11-26.jpg
265,207,2266.2,811.47363,3267.4739,1598.312,cam_1_1690297886_10-11-26.jpg
265,149,1390.6399,766.9799,1915.3402,1042.1139,cam_1_1690297886_10-11-26.jpg
265,212,410.56332,537.4738,1102.4277,1095.1855,cam_1_1690297886_10-11-26.jpg
266,200,1106.931,508.9465,1745.7078,1001.62006,cam_1_1690297931_10-12-11.jpg
266,133,1936.4015,691.58563,2657.9546,1227.5183,cam_1_1690297931_10-12-11.jpg
266,208,1974.4001,509.4418,2336.6792,673.14276,cam_1_1690297931_10-12-11.jpg
266,128,959.12164,455.87076,1365.2731,616.11273,cam_1_1690297931_10-12-11.jpg
266,125,882.2141,392.13992,1327.9867,556.1191,cam_1_1690297931_10-12-11.jpg
266,195,2361.7393,550.67834,2868.3752,914.13544,cam_1_1690297931_10-12-11.jpg
266,176,1709.4729,600.59143,1998.3738,769.207,cam_1_1690297931_10-12-11.jpg
266,207,2278.1504,824.4234,3306.4348,1594.7489,cam_1_1690297931_10-12-11.jpg
266,149,1388.6267,753.2297,1947.1273,1041.9504,cam_1_1690297931_10-12-11.jpg
266,193,994.89435,480.2904,1434.1053,661.1961,cam_1_1690297931_10-12-11.jpg
267,200,1082.7233,496.65598,1745.5925,993.5408,cam_1_1690297991_10-13-11.jpg
267,133,1841.9694,712.97064,2576.4778,1305.1589,cam_1_1690297991_10-13-11.jpg
267,208,2000.9272,506.83362,2355.7256,665.6122,cam_1_1690297991_10-13-11.jpg
267,128,954.8828,452.60992,1365.7567,615.7845,cam_1_1690297991_10-13-11.jpg
267,125,879.5381,391.82587,1328.4857,557.2625,cam_1_1690297991_10-13-11.jpg
267,195,2361.4473,549.6464,2874.4902,908.6416,cam_1_1690297991_10-13-11.jpg
267,176,1700.1881,601.02484,2016.8323,765.3105,cam_1_1690297991_10-13-11.jpg
267,207,2286.6162,821.71594,3380.401,1544.0735,cam_1_1690297991_10-13-11.jpg
267,149,1385.7135,757.392,1925.0875,1041.8895,cam_1_1690297991_10-13-11.jpg
267,214,2045.7534,618.3071,2546.0293,772.53723,cam_1_1690297991_10-13-11.jpg
267,193,986.379,477.3994,1421.1672,659.21106,cam_1_1690297991_10-13-11.jpg
268,200,1015.5227,502.035,1713.4559,999.47614,cam_1_1690298111_10-15-11.jpg
268,133,1798.5111,725.4324,2501.1343,1339.4603,cam_1_1690298111_10-15-11.jpg
268,208,2019.1865,504.51147,2346.6895,655.87506,cam_1_1690298111_10-15-11.jpg
268,128,946.05164,446.42712,1358.6681,614.2644,cam_1_1690298111_10-15-11.jpg
268,125,879.53595,390.6035,1326.4585,560.3279,cam_1_1690298111_10-15-11.jpg
268,195,2336.5947,549.11926,2859.444,910.7383,cam_1_1690298111_10-15-11.jpg
268,176,1708.9712,599.4279,2010.4232,771.5981,cam_1_1690298111_10-15-11.jpg
268,149,1385.7961,768.4996,1899.0413,1041.2611,cam_1_1690298111_10-15-11.jpg
268,178,3596.0684,754.14343,3872.9102,1200.8734,cam_1_1690298111_10-15-11.jpg
269,200,988.45154,501.42175,1691.6199,999.3708,cam_1_1690298126_10-15-26.jpg
269,133,1794.4994,732.6472,2501.7021,1354.689,cam_1_1690298126_10-15-26.jpg
269,208,2017.6174,503.63773,2348.8525,651.6394,cam_1_1690298126_10-15-26.jpg
269,128,942.2476,442.81763,1356.2971,614.16925,cam_1_1690298126_10-15-26.jpg
269,125,879.103,390.59454,1324.7002,556.10297,cam_1_1690298126_10-15-26.jpg
269,195,2321.1475,550.68604,2853.5608,913.22815,cam_1_1690298126_10-15-26.jpg
269,176,1715.9445,600.6788,2004.9486,775.58264,cam_1_1690298126_10-15-26.jpg
269,149,1385.3231,772.5928,1887.1403,1040.4089,cam_1_1690298126_10-15-26.jpg
269,178,3600.7405,754.77625,3880.177,1202.5145,cam_1_1690298126_10-15-26.jpg
270,200,976.7623,502.73575,1679.9937,996.97266,cam_1_1690298171_10-16-11.jpg
270,133,1797.2922,729.84863,2431.3977,1359.9937,cam_1_1690298171_10-16-11.jpg
270,208,2032.8763,501.79047,2337.004,649.9661,cam_1_1690298171_10-16-11.jpg
270,128,940.51697,438.99017,1361.3036,611.6782,cam_1_1690298171_10-16-11.jpg
270,125,877.16077,389.59515,1333.1371,558.17224,cam_1_1690298171_10-16-11.jpg
270,195,2316.8916,552.33655,2858.6042,920.5429,cam_1_1690298171_10-16-11.jpg
270,176,1708.107,599.7669,2011.9617,775.6114,cam_1_1690298171_10-16-11.jpg
270,149,1384.0951,768.44824,1892.7056,1039.2894,cam_1_1690298171_10-16-11.jpg
270,178,3602.84,758.83496,3890.4246,1197.8046,cam_1_1690298171_10-16-11.jpg
271,133,1806.2014,725.83655,2390.6453,1378.47,cam_1_1690298321_10-18-41.jpg
271,208,2049.202,497.94983,2331.7546,643.94495,cam_1_1690298321_10-18-41.jpg
271,128,958.98834,435.59155,1368.8596,599.27136,cam_1_1690298321_10-18-41.jpg
271,125,875.03046,393.3868,1335.1945,564.5129,cam_1_1690298321_10-18-41.jpg
271,195,2304.0762,552.2022,2851.3516,918.28455,cam_1_1690298321_10-18-41.jpg
271,176,1676.4094,603.1917,2012.3745,777.7371,cam_1_1690298321_10-18-41.jpg
271,149,1381.27,770.2278,1904.6237,1043.0713,cam_1_1690298321_10-18-41.jpg
271,178,3535.3608,736.77,3814.7393,1196.3333,cam_1_1690298321_10-18-41.jpg
271,186,1219.2638,592.5943,1689.3484,862.2749,cam_1_1690298321_10-18-41.jpg
271,126,1187.0771,532.92975,1609.8882,696.106,cam_1_1690298321_10-18-41.jpg
271,212,679.79724,553.6144,1302.7949,1045.2412,cam_1_1690298321_10-18-41.jpg
271,193,1028.76,483.28394,1515.6305,635.8081,cam_1_1690298321_10-18-41.jpg
272,133,1806.0374,725.57104,2374.0706,1385.1493,cam_1_1690298351_10-19-11.jpg
272,208,2092.7524,488.74356,2387.226,652.2029,cam_1_1690298351_10-19-11.jpg
272,125,871.74866,389.17734,1327.0548,563.29706,cam_1_1690298351_10-19-11.jpg
272,195,2301.1287,549.36084,2846.3918,915.3262,cam_1_1690298351_10-19-11.jpg
272,176,1670.0592,599.8729,2016.2609,776.13324,cam_1_1690298351_10-19-11.jpg
272,149,1376.1888,778.0954,1891.2152,1040.6826,cam_1_1690298351_10-19-11.jpg
272,178,3507.962,730.0969,3795.359,1184.6477,cam_1_1690298351_10-19-11.jpg
272,212,740.4379,538.0357,1350.1104,1029.775,cam_1_1690298351_10-19-11.jpg
272,200,1039.4246,451.47403,1665.2155,818.4488,cam_1_1690298351_10-19-11.jpg
273,133,1809.3169,741.2087,2301.2227,1416.3135,cam_1_1690298666_10-24-26.jpg
273,208,2027.075,504.8167,2403.4102,690.2215,cam_1_1690298666_10-24-26.jpg
273,125,873.9878,389.7158,1347.906,560.0154,cam_1_1690298666_10-24-26.jpg
273,176,1585.1675,600.62225,2015.9956,778.6418,cam_1_1690298666_10-24-26.jpg
273,149,1369.9224,781.1322,1882.6523,1033.7998,cam_1_1690298666_10-24-26.jpg
273,178,3462.1025,717.8807,3748.845,1177.1013,cam_1_1690298666_10-24-26.jpg
273,216,1791.9031,632.85144,2363.256,986.9036,cam_1_1690298666_10-24-26.jpg
273,200,995.7229,454.1411,1651.015,877.9961,cam_1_1690298666_10-24-26.jpg
273,140,2225.0042,401.878,2582.6128,651.75574,cam_1_1690298666_10-24-26.jpg
274,133,1812.8779,748.6855,2278.0527,1428.1273,cam_1_1690298681_10-24-41.jpg
274,208,1995.482,514.6935,2397.6086,691.5784,cam_1_1690298681_10-24-41.jpg
274,125,874.0965,390.0944,1358.8868,560.6725,cam_1_1690298681_10-24-41.jpg
274,176,1549.6503,600.51105,2005.5214,775.2493,cam_1_1690298681_10-24-41.jpg
274,149,1369.7604,783.4491,1862.8022,1030.5004,cam_1_1690298681_10-24-41.jpg
274,178,3338.8267,689.4279,3725.148,1167.4849,cam_1_1690298681_10-24-41.jpg
274,216,1762.5016,630.1409,2354.9607,1008.8399,cam_1_1690298681_10-24-41.jpg
274,200,981.0799,455.5791,1646.3955,894.23193,cam_1_1690298681_10-24-41.jpg
274,218,1781.7416,281.36377,2090.6665,506.29456,cam_1_1690298681_10-24-41.jpg
274,140,2227.1233,401.20694,2585.2185,646.31604,cam_1_1690298681_10-24-41.jpg
275,133,1835.2148,754.7479,2234.4453,1449.5,cam_1_1690298891_10-28-11.jpg
275,125,859.6894,365.62848,1388.3643,681.9269,cam_1_1690298891_10-28-11.jpg
275,176,1540.856,597.9057,2008.595,772.7338,cam_1_1690298891_10-28-11.jpg
275,149,1368.017,785.3069,1835.5409,1034.1748,cam_1_1690298891_10-28-11.jpg
275,178,3289.8906,677.6163,3620.2815,1132.415,cam_1_1690298891_10-28-11.jpg
275,216,1746.2897,626.5636,2354.2024,1022.26373,cam_1_1690298891_10-28-11.jpg
275,200,1004.8465,453.39362,1663.1674,897.647,cam_1_1690298891_10-28-11.jpg
275,218,1798.3734,271.61624,2080.321,496.5836,cam_1_1690298891_10-28-11.jpg
275,140,2220.462,401.48712,2563.8726,649.04846,cam_1_1690298891_10-28-11.jpg
275,219,1667.4049,597.6872,2014.8185,758.06146,cam_1_1690298891_10-28-11.jpg
276,133,1860.4358,756.5164,2224.6372,1459.1959,cam_1_1690299071_10-31-11.jpg
276,125,858.445,356.65454,1411.5458,722.54535,cam_1_1690299071_10-31-11.jpg
276,149,1371.4331,792.49243,1778.5125,1035.2406,cam_1_1690299071_10-31-11.jpg
276,178,3233.1023,657.6571,3511.4263,1088.5872,cam_1_1690299071_10-31-11.jpg
276,216,1696.9845,627.5367,2302.7766,1134.8275,cam_1_1690299071_10-31-11.jpg
276,200,1017.21814,451.50452,1664.1707,903.44354,cam_1_1690299071_10-31-11.jpg
276,218,1793.1011,278.61594,2072.9634,488.21152,cam_1_1690299071_10-31-11.jpg
276,140,2227.763,402.49258,2561.893,651.53076,cam_1_1690299071_10-31-11.jpg
276,219,1671.739,599.47595,2021.1919,756.16943,cam_1_1690299071_10-31-11.jpg
277,133,1875.7457,770.1129,2214.9006,1478.7126,cam_1_1690299176_10-32-56.jpg
277,125,857.93787,353.15826,1410.6167,736.9509,cam_1_1690299176_10-32-56.jpg
277,149,1368.103,794.1612,1772.9321,1036.3992,cam_1_1690299176_10-32-56.jpg
277,216,1693.4368,630.55347,2285.9717,1175.9686,cam_1_1690299176_10-32-56.jpg
277,200,1024.8945,450.16837,1654.9512,906.1108,cam_1_1690299176_10-32-56.jpg
277,218,1785.219,276.98123,1994.1112,481.67776,cam_1_1690299176_10-32-56.jpg
277,140,2221.6938,401.71713,2581.7954,653.02075,cam_1_1690299176_10-32-56.jpg
277,219,1652.1982,605.6313,2020.6831,758.3261,cam_1_1690299176_10-32-56.jpg
277,143,3117.9636,616.19434,3360.3464,1018.5129,cam_1_1690299176_10-32-56.jpg
278,125,871.0948,378.37787,1385.3228,634.8349,cam_1_1690299506_10-38-26.jpg
278,149,1369.2224,793.14954,1766.8474,1034.102,cam_1_1690299506_10-38-26.jpg
278,216,1692.6964,628.54926,2309.7415,1200.2733,cam_1_1690299506_10-38-26.jpg
278,200,1059.7733,503.26486,1608.3522,799.7189,cam_1_1690299506_10-38-26.jpg
278,140,2244.0205,404.2133,2591.3977,652.5331,cam_1_1690299506_10-38-26.jpg
278,128,950.68835,450.89438,1392.3505,614.4858,cam_1_1690299506_10-38-26.jpg
278,186,1148.6725,585.50964,1691.0739,859.423,cam_1_1690299506_10-38-26.jpg
278,193,991.96906,477.87738,1519.7194,662.76544,cam_1_1690299506_10-38-26.jpg
278,195,2558.5938,595.0253,2791.5227,1007.80756,cam_1_1690299506_10-38-26.jpg
278,208,1930.1478,493.76895,2317.9397,670.0941,cam_1_1690299506_10-38-26.jpg
279,125,877.66284,391.5352,1372.9792,583.3363,cam_1_1690299581_10-39-41.jpg
279,149,1371.9666,799.02765,1728.8665,1035.6672,cam_1_1690299581_10-39-41.jpg
279,216,1667.3014,627.9584,2286.457,1207.9585,cam_1_1690299581_10-39-41.jpg
279,200,1073.1016,525.3504,1582.4843,752.4722,cam_1_1690299581_10-39-41.jpg
279,140,2238.2927,404.17,2592.7483,654.169,cam_1_1690299581_10-39-41.jpg
279,220,3545.4214,745.0449,3856.9233,1186.3906,cam_1_1690299581_10-39-41.jpg
279,221,1897.8657,309.38504,2245.5396,521.9566,cam_1_1690299581_10-39-41.jpg
279,128,948.1628,454.31714,1396.413,616.87396,cam_1_1690299581_10-39-41.jpg
279,186,1143.0153,581.0861,1696.2125,859.15607,cam_1_1690299581_10-39-41.jpg
279,193,984.6139,478.77466,1522.6821,662.4946,cam_1_1690299581_10-39-41.jpg
279,195,2580.324,608.74097,2785.7334,1024.0396,cam_1_1690299581_10-39-41.jpg
280,125,881.2198,397.1638,1330.7493,564.5118,cam_1_1690299731_10-42-11.jpg
280,149,1375.8796,782.5419,1931.3402,1040.6382,cam_1_1690299731_10-42-11.jpg
280,216,1727.3582,660.0378,2269.4246,1005.9096,cam_1_1690299731_10-42-11.jpg
280,140,2246.0247,405.3819,2589.1484,654.3794,cam_1_1690299731_10-42-11.jpg
280,220,3533.6104,748.00525,3951.1611,1186.112,cam_1_1690299731_10-42-11.jpg
280,221,1906.6542,307.65143,2135.5786,512.74475,cam_1_1690299731_10-42-11.jpg
280,128,952.95624,457.57004,1373.1239,619.52985,cam_1_1690299731_10-42-11.jpg
280,186,1198.0176,583.25757,1708.7627,849.68225,cam_1_1690299731_10-42-11.jpg
280,193,989.49994,486.13812,1535.7219,659.70465,cam_1_1690299731_10-42-11.jpg
280,223,1551.6044,365.94785,2029.5717,562.84607,cam_1_1690299731_10-42-11.jpg
280,130,2897.255,806.19244,3350.3037,1451.6849,cam_1_1690299731_10-42-11.jpg
280,212,987.89185,608.4218,1290.2725,1143.0131,cam_1_1690299731_10-42-11.jpg
281,125,880.8982,401.16757,1318.5032,559.2534,cam_1_1690299746_10-42-26.jpg
281,149,1374.4008,779.1963,2003.0594,1038.9651,cam_1_1690299746_10-42-26.jpg
281,216,1754.9225,673.7377,2257.3286,902.0366,cam_1_1690299746_10-42-26.jpg
281,140,2189.9473,402.85208,2587.7695,664.0872,cam_1_1690299746_10-42-26.jpg
281,220,3549.6885,743.85486,3899.026,1181.4111,cam_1_1690299746_10-42-26.jpg
281,128,952.6662,455.38535,1360.937,619.87634,cam_1_1690299746_10-42-26.jpg
281,186,1236.4038,585.3937,1710.1416,823.3839,cam_1_1690299746_10-42-26.jpg
281,193,988.7977,482.7474,1532.5084,653.9776,cam_1_1690299746_10-42-26.jpg
281,223,1537.5667,362.76376,2030.4385,572.1723,cam_1_1690299746_10-42-26.jpg
281,130,2961.4646,799.6875,3383.1907,1482.9543,cam_1_1690299746_10-42-26.jpg
281,212,890.919,622.9008,1427.9379,1213.7177,cam_1_1690299746_10-42-26.jpg
281,200,1147.8223,529.4331,1596.3983,683.81244,cam_1_1690299746_10-42-26.jpg
282,125,882.33203,402.58832,1310.1815,555.08844,cam_1_1690299776_10-42-56.jpg
282,149,1382.2448,781.1655,2010.1642,1039.7257,cam_1_1690299776_10-42-56.jpg
282,216,1760.8021,676.4815,2256.6082,885.23566,cam_1_1690299776_10-42-56.jpg
282,220,3540.4543,742.33264,3909.9077,1183.7358,cam_1_1690299776_10-42-56.jpg
282,128,951.6163,456.82263,1362.7496,617.84924,cam_1_1690299776_10-42-56.jpg
282,186,1256.1576,585.59125,1709.8071,805.697,cam_1_1690299776_10-42-56.jpg
282,193,979.1829,484.61606,1528.2454,655.66394,cam_1_1690299776_10-42-56.jpg
282,223,1568.7379,362.60495,2026.0234,575.4726,cam_1_1690299776_10-42-56.jpg
282,130,2981.3337,799.4948,3371.266,1471.3054,cam_1_1690299776_10-42-56.jpg
282,212,807.3704,669.51483,1485.8215,1260.9115,cam_1_1690299776_10-42-56.jpg
282,200,1092.1061,522.8295,1582.623,713.7482,cam_1_1690299776_10-42-56.jpg
283,125,881.1898,400.87366,1297.3196,554.6488,cam_1_1690299911_10-45-11.jpg
283,149,1355.767,780.30853,1953.2897,1048.5591,cam_1_1690299911_10-45-11.jpg
283,216,1774.3972,678.13995,2254.389,890.0274,cam_1_1690299911_10-45-11.jpg
283,220,3489.2732,717.43317,3783.4346,1094.9258,cam_1_1690299911_10-45-11.jpg
283,128,950.8286,457.42316,1370.4401,614.90186,cam_1_1690299911_10-45-11.jpg
283,186,1234.7448,581.03735,1701.819,826.9713,cam_1_1690299911_10-45-11.jpg
283,193,999.4089,483.82718,1535.7793,644.5299,cam_1_1690299911_10-45-11.jpg
283,223,1577.2217,364.51923,2022.3322,571.6292,cam_1_1690299911_10-45-11.jpg
283,130,2879.087,778.1968,3606.0862,1417.5818,cam_1_1690299911_10-45-11.jpg
283,212,580.7737,626.0492,1445.0781,1177.2295,cam_1_1690299911_10-45-11.jpg
283,200,1129.5587,516.8664,1589.1403,677.88684,cam_1_1690299911_10-45-11.jpg
283,207,2385.6992,823.6555,3218.6792,1550.9001,cam_1_1690299911_10-45-11.jpg
283,214,2238.6133,544.1294,2576.8848,858.9427,cam_1_1690299911_10-45-11.jpg
284,125,885.5573,400.89505,1292.2114,554.9038,cam_1_1690299941_10-45-41.jpg
284,149,1345.6414,780.14154,1928.3424,1052.5326,cam_1_1690299941_10-45-41.jpg
284,220,3426.864,712.2674,3726.6648,1019.59064,cam_1_1690299941_10-45-41.jpg
284,128,952.42926,456.25278,1375.1215,613.88104,cam_1_1690299941_10-45-41.jpg
284,186,1231.9546,576.8112,1693.0769,823.7162,cam_1_1690299941_10-45-41.jpg
284,193,994.8627,480.92133,1538.4415,640.7502,cam_1_1690299941_10-45-41.jpg
284,223,1569.7949,365.38068,2028.8956,565.4549,cam_1_1690299941_10-45-41.jpg
284,130,2873.4236,779.5432,3664.006,1392.5083,cam_1_1690299941_10-45-41.jpg
284,212,487.25134,607.68646,1440.3674,1140.6721,cam_1_1690299941_10-45-41.jpg
284,200,1136.895,518.06683,1591.2014,670.03925,cam_1_1690299941_10-45-41.jpg
284,207,2484.8784,844.5037,3249.8389,1591.1107,cam_1_1690299941_10-45-41.jpg
284,214,2052.0686,545.2349,2511.312,875.3806,cam_1_1690299941_10-45-41.jpg
285,125,885.0592,401.02786,1291.8335,553.6181,cam_1_1690299956_10-45-56.jpg
285,149,1337.4489,783.51154,1910.4467,1055.852,cam_1_1690299956_10-45-56.jpg
285,220,3423.6953,707.4065,3707.5002,1049.4132,cam_1_1690299956_10-45-56.jpg
285,128,953.6899,459.66946,1379.1003,617.78723,cam_1_1690299956_10-45-56.jpg
285,186,1205.1823,575.0334,1700.7958,833.09406,cam_1_1690299956_10-45-56.jpg
285,193,981.4396,481.6853,1539.6842,644.3692,cam_1_1690299956_10-45-56.jpg
285,223,1557.6234,365.01483,2027.938,562.8991,cam_1_1690299956_10-45-56.jpg
285,130,2876.5564,782.7402,3701.5657,1369.2156,cam_1_1690299956_10-45-56.jpg
285,212,441.3571,603.3968,1354.4443,1129.6373,cam_1_1690299956_10-45-56.jpg
285,200,1097.9032,520.4476,1596.3558,692.7257,cam_1_1690299956_10-45-56.jpg
285,207,2499.8325,851.73474,3397.4473,1580.0573,cam_1_1690299956_10-45-56.jpg
285,214,2009.8407,648.9394,2425.1536,902.5657,cam_1_1690299956_10-45-56.jpg
285,216,1785.9355,684.84595,2258.895,826.2034,cam_1_1690299956_10-45-56.jpg
286,125,885.2846,401.29883,1296.8318,552.2573,cam_1_1690299986_10-46-26.jpg
286,149,1343.2249,785.24976,1907.1873,1055.8716,cam_1_1690299986_10-46-26.jpg
286,220,3404.808,710.03534,3704.7488,1098.3969,cam_1_1690299986_10-46-26.jpg
286,128,954.6961,457.98434,1374.1768,616.70764,cam_1_1690299986_10-46-26.jpg
286,186,1240.1862,581.6296,1716.1271,812.7545,cam_1_1690299986_10-46-26.jpg
286,193,982.6507,482.27286,1538.3242,640.47375,cam_1_1690299986_10-46-26.jpg
286,223,1565.0511,363.84943,2029.987,566.8375,cam_1_1690299986_10-46-26.jpg
286,212,618.8836,613.6654,1489.9823,1170.7556,cam_1_1690299986_10-46-26.jpg
286,200,1127.0026,525.1047,1610.1956,686.3729,cam_1_1690299986_10-46-26.jpg
286,207,2467.3,840.82947,3396.96,1539.4437,cam_1_1690299986_10-46-26.jpg
286,214,1989.0376,698.9367,2395.6997,914.4077,cam_1_1690299986_10-46-26.jpg
286,216,1788.8008,688.71234,2254.9458,835.0488,cam_1_1690299986_10-46-26.jpg
287,125,883.7929,401.6801,1293.4637,555.93066,cam_1_1690300061_10-47-41.jpg
287,149,1340.4991,777.4704,1836.3972,1052.2189,cam_1_1690300061_10-47-41.jpg
287,220,3387.483,707.3604,3692.1206,1109.5381,cam_1_1690300061_10-47-41.jpg
287,128,951.9362,462.08865,1371.9653,619.14355,cam_1_1690300061_10-47-41.jpg
287,186,1176.5424,582.0942,1710.2463,843.2007,cam_1_1690300061_10-47-41.jpg
287,193,981.89465,483.27576,1538.2076,654.24536,cam_1_1690300061_10-47-41.jpg
287,223,1562.6569,367.91437,2029.8772,564.55743,cam_1_1690300061_10-47-41.jpg
287,200,1085.5878,528.3973,1603.8315,719.2739,cam_1_1690300061_10-47-41.jpg
287,207,2428.9731,818.76996,3380.8508,1538.165,cam_1_1690300061_10-47-41.jpg
287,225,3671.56,796.2368,4005.385,1200.1022,cam_1_1690300061_10-47-41.jpg
288,125,878.4438,399.98108,1275.9235,555.5895,cam_1_1690300166_10-49-26.jpg
288,149,1335.0707,779.16925,1864.9331,1050.943,cam_1_1690300166_10-49-26.jpg
288,220,3366.4517,708.57526,3688.968,1121.6644,cam_1_1690300166_10-49-26.jpg
288,128,959.3676,464.6247,1362.3782,617.29333,cam_1_1690300166_10-49-26.jpg
288,186,1151.9116,580.54956,1706.8314,847.1283,cam_1_1690300166_10-49-26.jpg
288,193,977.36786,481.15662,1539.412,654.2079,cam_1_1690300166_10-49-26.jpg
288,223,1541.2198,365.1665,2021.5652,548.0273,cam_1_1690300166_10-49-26.jpg
288,200,1064.6572,526.0085,1600.1792,724.49866,cam_1_1690300166_10-49-26.jpg
288,207,2417.521,822.9239,3425.7585,1532.3011,cam_1_1690300166_10-49-26.jpg
288,225,3636.6858,773.65155,3917.9329,1182.9218,cam_1_1690300166_10-49-26.jpg
288,195,2695.336,592.3625,3001.5679,932.199,cam_1_1690300166_10-49-26.jpg
288,214,1988.5544,718.3469,2371.577,921.3692,cam_1_1690300166_10-49-26.jpg
288,216,1808.2161,686.44855,2250.0745,815.0418,cam_1_1690300166_10-49-26.jpg
289,125,876.74457,398.5833,1274.0026,552.91046,cam_1_1690300226_10-50-26.jpg
289,149,1334.9374,780.3905,1865.7114,1052.7208,cam_1_1690300226_10-50-26.jpg
289,220,3373.4604,709.0467,3688.8162,1124.7491,cam_1_1690300226_10-50-26.jpg
289,128,954.15814,465.03973,1362.395,616.50476,cam_1_1690300226_10-50-26.jpg
289,186,1137.8358,578.6309,1704.8514,845.0814,cam_1_1690300226_10-50-26.jpg
289,193,979.8662,481.02795,1538.4613,656.0497,cam_1_1690300226_10-50-26.jpg
289,223,1572.0416,365.13278,2016.7834,544.00793,cam_1_1690300226_10-50-26.jpg
289,200,1058.8331,526.0735,1600.4717,724.1895,cam_1_1690300226_10-50-26.jpg
289,207,2435.5706,820.6575,3464.8315,1520.816,cam_1_1690300226_10-50-26.jpg
289,225,3614.8203,764.2345,3867.8652,1176.3423,cam_1_1690300226_10-50-26.jpg
289,214,1992.0283,722.952,2362.4216,923.0079,cam_1_1690300226_10-50-26.jpg
289,216,1828.1816,686.4281,2258.104,810.26874,cam_1_1690300226_10-50-26.jpg
289,160,2596.1462,474.93893,2767.456,791.9157,cam_1_1690300226_10-50-26.jpg
290,125,876.5946,398.68384,1269.6016,555.4265,cam_1_1690300301_10-51-41.jpg
290,149,1334.7402,780.98083,1863.8491,1051.7041,cam_1_1690300301_10-51-41.jpg
290,220,3389.9558,708.8426,3690.7363,1129.0789,cam_1_1690300301_10-51-41.jpg
290,128,951.8204,464.11182,1360.823,616.1477,cam_1_1690300301_10-51-41.jpg
290,186,1138.377,581.5231,1707.3455,849.9437,cam_1_1690300301_10-51-41.jpg
290,193,975.35016,479.11646,1541.3844,653.31,cam_1_1690300301_10-51-41.jpg
290,223,1540.5946,368.40582,1973.6823,534.20306,cam_1_1690300301_10-51-41.jpg
290,200,1058.5905,527.1367,1608.6727,726.94403,cam_1_1690300301_10-51-41.jpg
290,207,2440.0972,827.68353,3496.2148,1507.0109,cam_1_1690300301_10-51-41.jpg
290,225,3617.6582,768.4315,3874.5764,1176.5763,cam_1_1690300301_10-51-41.jpg
290,214,1995.5698,724.64307,2356.051,923.1695,cam_1_1690300301_10-51-41.jpg
290,216,1838.5895,684.9613,2260.8901,807.1426,cam_1_1690300301_10-51-41.jpg
290,160,2584.7039,472.56012,2766.61,780.90356,cam_1_1690300301_10-51-41.jpg
291,125,882.16437,399.7172,1267.1624,555.78143,cam_1_1690300421_10-53-41.jpg
291,149,1333.4799,781.7476,1859.4572,1050.8497,cam_1_1690300421_10-53-41.jpg
291,220,3371.322,709.0272,3693.1443,1131.8425,cam_1_1690300421_10-53-41.jpg
291,128,949.88995,465.67902,1364.3256,618.3963,cam_1_1690300421_10-53-41.jpg
291,186,1135.4646,582.30884,1717.7758,855.1396,cam_1_1690300421_10-53-41.jpg
291,193,973.03094,478.82382,1542.308,651.53394,cam_1_1690300421_10-53-41.jpg
291,223,1535.4465,371.2668,1960.4275,532.6559,cam_1_1690300421_10-53-41.jpg
291,200,1059.3285,528.16565,1608.8427,729.8999,cam_1_1690300421_10-53-41.jpg
291,207,2433.4517,823.62976,3502.5623,1494.6923,cam_1_1690300421_10-53-41.jpg
291,225,3611.1199,768.52094,3851.0688,1177.029,cam_1_1690300421_10-53-41.jpg
291,214,1989.9994,724.2234,2360.403,922.9762,cam_1_1690300421_10-53-41.jpg
291,216,1844.6455,686.8224,2259.0374,804.8069,cam_1_1690300421_10-53-41.jpg
291,160,2581.2102,473.88205,2764.4324,779.98267,cam_1_1690300421_10-53-41.jpg
292,125,879.32245,398.88513,1266.7224,556.21045,cam_1_1690300451_10-54-11.jpg
292,149,1334.0002,781.75,1865.1117,1051.4319,cam_1_1690300451_10-54-11.jpg
292,220,3358.0518,707.1701,3684.1277,1126.5171,cam_1_1690300451_10-54-11.jpg
292,128,949.4241,466.22104,1366.327,618.4493,cam_1_1690300451_10-54-11.jpg
292,186,1135.676,582.168,1711.5564,855.30145,cam_1_1690300451_10-54-11.jpg
292,193,972.7559,479.2139,1544.0675,652.3248,cam_1_1690300451_10-54-11.jpg
292,223,1547.7095,373.98065,1955.2925,533.0511,cam_1_1690300451_10-54-11.jpg
292,200,1061.3777,528.41064,1606.7483,730.98285,cam_1_1690300451_10-54-11.jpg
292,207,2428.0708,827.671,3497.3838,1491.5778,cam_1_1690300451_10-54-11.jpg
292,225,3602.5898,767.3215,3849.225,1177.0636,cam_1_1690300451_10-54-11.jpg
292,214,1988.4791,720.2369,2349.8145,922.26074,cam_1_1690300451_10-54-11.jpg
292,216,1840.1229,689.0442,2261.0747,807.9501,cam_1_1690300451_10-54-11.jpg
292,160,2585.5085,475.10068,2762.8228,778.9489,cam_1_1690300451_10-54-11.jpg
293,125,878.89325,398.67282,1266.6174,556.62933,cam_1_1690300481_10-54-41.jpg
293,149,1334.6644,781.6019,1858.1978,1051.8864,cam_1_1690300481_10-54-41.jpg
293,220,3348.7747,707.3615,3687.3347,1127.7229,cam_1_1690300481_10-54-41.jpg
293,128,946.7059,466.92786,1362.8931,618.2829,cam_1_1690300481_10-54-41.jpg
293,186,1136.4507,586.2362,1717.3162,855.5355,cam_1_1690300481_10-54-41.jpg
293,193,971.8804,480.67633,1541.0632,651.2021,cam_1_1690300481_10-54-41.jpg
293,223,1564.5363,377.30878,1956.911,516.8428,cam_1_1690300481_10-54-41.jpg
293,200,1060.4763,531.682,1609.0377,729.04645,cam_1_1690300481_10-54-41.jpg
293,207,2435.3381,826.66266,3514.9575,1478.8207,cam_1_1690300481_10-54-41.jpg
293,225,3602.3745,769.23206,3957.612,1174.2993,cam_1_1690300481_10-54-41.jpg
293,214,1979.9452,720.1634,2352.2896,923.1336,cam_1_1690300481_10-54-41.jpg
293,216,1837.8334,690.1657,2258.1807,807.6396,cam_1_1690300481_10-54-41.jpg
293,160,2581.316,471.8932,2762.136,780.0039,cam_1_1690300481_10-54-41.jpg
294,125,879.0469,399.47006,1267.8065,556.87164,cam_1_1690300526_10-55-26.jpg
294,149,1336.2909,779.4712,1861.8138,1050.3923,cam_1_1690300526_10-55-26.jpg
294,220,3336.6946,708.43475,3676.9902,1128.7659,cam_1_1690300526_10-55-26.jpg
294,128,947.35693,466.70105,1358.7711,618.85876,cam_1_1690300526_10-55-26.jpg
294,186,1138.5956,585.80804,1707.7981,854.92194,cam_1_1690300526_10-55-26.jpg
294,193,973.641,481.34933,1541.1976,653.09515,cam_1_1690300526_10-55-26.jpg
294,223,1528.8383,369.38327,1951.89,508.9478,cam_1_1690300526_10-55-26.jpg
294,200,1064.2231,529.7483,1603.9066,729.199,cam_1_1690300526_10-55-26.jpg
294,207,2459.3542,834.39667,3538.048,1465.8605,cam_1_1690300526_10-55-26.jpg
294,225,3586.572,767.40326,3885.37,1170.8962,cam_1_1690300526_10-55-26.jpg
294,214,1983.8876,721.2922,2350.869,924.06116,cam_1_1690300526_10-55-26.jpg
294,216,1835.6902,689.7567,2254.086,807.1807,cam_1_1690300526_10-55-26.jpg
294,160,2574.889,472.30533,2762.5325,778.40515,cam_1_1690300526_10-55-26.jpg
295,125,877.9537,399.68082,1267.6497,558.1315,cam_1_1690300706_10-58-26.jpg
295,149,1336.9237,781.5578,1862.0452,1050.4373,cam_1_1690300706_10-58-26.jpg
295,220,3359.6367,709.7467,3692.387,1131.8208,cam_1_1690300706_10-58-26.jpg
295,128,947.1832,466.5579,1357.2004,617.98755,cam_1_1690300706_10-58-26.jpg
295,186,1136.8096,585.8359,1711.8539,855.1871,cam_1_1690300706_10-58-26.jpg
295,193,971.6139,481.50385,1546.16,653.4455,cam_1_1690300706_10-58-26.jpg
295,223,1525.6367,368.36752,1949.3577,510.55725,cam_1_1690300706_10-58-26.jpg
295,200,1061.6542,529.2658,1610.9948,730.96216,cam_1_1690300706_10-58-26.jpg
295,207,2406.67,824.2175,3419.4963,1514.751,cam_1_1690300706_10-58-26.jpg
295,225,3577.6218,784.78815,3859.769,1196.3535,cam_1_1690300706_10-58-26.jpg
295,214,1982.7094,723.30475,2348.709,924.58545,cam_1_1690300706_10-58-26.jpg
295,216,1831.6617,688.07025,2254.9622,806.0781,cam_1_1690300706_10-58-26.jpg
295,160,2544.3723,461.9779,2768.8713,759.2969,cam_1_1690300706_10-58-26.jpg
296,125,878.3663,400.19214,1268.1914,558.445,cam_1_1690300826_11-00-26.jpg
296,149,1332.8577,784.4506,1861.7484,1051.9535,cam_1_1690300826_11-00-26.jpg
296,220,3375.062,708.9469,3696.3677,1141.4261,cam_1_1690300826_11-00-26.jpg
296,128,949.74347,466.22528,1364.0282,617.5825,cam_1_1690300826_11-00-26.jpg
296,186,1135.8715,584.48944,1705.2078,855.2776,cam_1_1690300826_11-00-26.jpg
296,193,976.4391,481.9773,1542.1005,653.44727,cam_1_1690300826_11-00-26.jpg
296,223,1524.6152,372.15033,1955.4896,524.6608,cam_1_1690300826_11-00-26.jpg
296,200,1057.1748,529.83704,1610.4731,730.1602,cam_1_1690300826_11-00-26.jpg
296,207,2381.822,817.7972,3196.459,1530.6881,cam_1_1690300826_11-00-26.jpg
296,225,3570.2068,806.4103,3968.8787,1212.8285,cam_1_1690300826_11-00-26.jpg
296,214,1990.5405,725.42413,2353.1328,924.5653,cam_1_1690300826_11-00-26.jpg
296,216,1833.0752,689.31134,2257.8357,805.8721,cam_1_1690300826_11-00-26.jpg
296,160,2522.036,457.29883,2770.2637,751.1701,cam_1_1690300826_11-00-26.jpg
297,125,878.7265,400.07288,1270.9746,558.5954,cam_1_1690300856_11-00-56.jpg
297,149,1333.1486,783.61774,1862.5367,1051.5994,cam_1_1690300856_11-00-56.jpg
297,220,3396.4622,703.84576,3693.7698,1147.5089,cam_1_1690300856_11-00-56.jpg
297,128,951.36053,466.36606,1365.7235,618.5496,cam_1_1690300856_11-00-56.jpg
297,186,1137.3632,584.57837,1704.5345,854.4228,cam_1_1690300856_11-00-56.jpg
297,193,974.2224,481.26117,1541.7644,651.40985,cam_1_1690300856_11-00-56.jpg
297,223,1560.9777,372.3134,1959.1074,530.0022,cam_1_1690300856_11-00-56.jpg
297,200,1059.9989,530.04175,1609.7351,733.1264,cam_1_1690300856_11-00-56.jpg
297,207,2372.5361,811.7873,3283.11,1566.5017,cam_1_1690300856_11-00-56.jpg
297,225,3557.3398,801.7783,3885.3906,1217.0983,cam_1_1690300856_11-00-56.jpg
297,214,1991.2693,724.35626,2356.904,924.1652,cam_1_1690300856_11-00-56.jpg
297,216,1824.5348,686.5517,2256.311,804.7834,cam_1_1690300856_11-00-56.jpg
297,160,2520.4255,452.84915,2766.7397,750.6669,cam_1_1690300856_11-00-56.jpg
298,125,876.9978,398.85455,1271.2864,557.598,cam_1_1690300871_11-01-11.jpg
298,149,1332.5333,783.1133,1859.1042,1050.5894,cam_1_1690300871_11-01-11.jpg
298,220,3334.7283,701.4049,3650.9714,1140.2698,cam_1_1690300871_11-01-11.jpg
298,128,950.7786,466.19638,1372.0898,619.6247,cam_1_1690300871_11-01-11.jpg
298,186,1138.2284,583.9997,1699.7516,852.7751,cam_1_1690300871_11-01-11.jpg
298,193,970.8212,480.93747,1540.929,649.1658,cam_1_1690300871_11-01-11.jpg
298,223,1590.2717,362.44528,1934.5249,525.66864,cam_1_1690300871_11-01-11.jpg
298,200,1060.0144,530.1212,1606.9728,734.44507,cam_1_1690300871_11-01-11.jpg
298,207,2374.1729,818.6403,3365.9436,1577.1578,cam_1_1690300871_11-01-11.jpg
298,225,3561.862,796.1759,3855.9214,1223.9548,cam_1_1690300871_11-01-11.jpg
298,214,1990.9656,724.285,2357.1465,924.9819,cam_1_1690300871_11-01-11.jpg
298,216,1824.2777,686.4706,2257.8538,803.76855,cam_1_1690300871_11-01-11.jpg
298,160,2526.4482,456.63364,2764.036,749.44293,cam_1_1690300871_11-01-11.jpg
299,125,878.6514,399.7897,1269.6141,555.65686,cam_1_1690300976_11-02-56.jpg
299,149,1332.4834,783.41486,1863.1873,1050.5807,cam_1_1690300976_11-02-56.jpg
299,220,3354.7874,690.7589,3632.96,1117.9004,cam_1_1690300976_11-02-56.jpg
299,128,949.3451,467.19604,1377.4634,617.7182,cam_1_1690300976_11-02-56.jpg
299,186,1137.569,583.81445,1704.3391,852.2427,cam_1_1690300976_11-02-56.jpg
299,193,968.77234,479.7036,1543.0881,649.3713,cam_1_1690300976_11-02-56.jpg
299,200,1062.5961,529.926,1609.728,734.1888,cam_1_1690300976_11-02-56.jpg
299,207,2373.3987,806.4529,3385.3235,1544.2382,cam_1_1690300976_11-02-56.jpg
299,225,3573.8418,777.79095,3837.1772,1196.1434,cam_1_1690300976_11-02-56.jpg
299,214,1991.691,725.387,2362.5515,923.4892,cam_1_1690300976_11-02-56.jpg
299,216,1823.4331,688.12555,2258.3633,805.2719,cam_1_1690300976_11-02-56.jpg
299,160,2481.0718,468.1111,2769.8416,760.8668,cam_1_1690300976_11-02-56.jpg
300,125,878.4749,400.96268,1271.6666,558.3038,cam_1_1690301156_11-05-56.jpg
300,149,1332.6302,779.6003,1822.5924,1050.524,cam_1_1690301156_11-05-56.jpg
300,128,951.2845,466.44467,1368.4952,616.85657,cam_1_1690301156_11-05-56.jpg
300,186,1143.4569,584.1362,1703.9316,852.62573,cam_1_1690301156_11-05-56.jpg
300,193,971.8966,479.377,1545.121,649.7315,cam_1_1690301156_11-05-56.jpg
300,200,1064.3347,527.7797,1601.5768,730.8949,cam_1_1690301156_11-05-56.jpg
300,207,2475.687,828.3093,3489.058,1503.937,cam_1_1690301156_11-05-56.jpg
300,225,3570.071,763.1352,3834.6174,1205.4799,cam_1_1690301156_11-05-56.jpg
300,160,2500.619,471.23035,2818.522,773.8103,cam_1_1690301156_11-05-56.jpg
300,208,1734.2106,479.09952,2062.2178,661.6141,cam_1_1690301156_11-05-56.jpg
301,125,899.6847,398.592,1294.7329,565.01227,cam_1_1690301726_11-15-26.jpg
301,149,1342.4651,764.8416,1890.9683,1049.53,cam_1_1690301726_11-15-26.jpg
301,128,951.2456,460.01663,1350.6879,617.40625,cam_1_1690301726_11-15-26.jpg
301,186,1120.1827,544.7643,1757.3141,947.691,cam_1_1690301726_11-15-26.jpg
301,193,995.2294,489.07422,1482.752,662.53876,cam_1_1690301726_11-15-26.jpg
301,207,2582.2397,853.5171,3348.2014,1585.5345,cam_1_1690301726_11-15-26.jpg
301,225,3559.7043,764.0625,3837.6296,1142.7444,cam_1_1690301726_11-15-26.jpg
301,130,3037.8184,909.99274,3658.8247,1402.6565,cam_1_1690301726_11-15-26.jpg
301,214,2025.256,730.9809,2372.718,912.11755,cam_1_1690301726_11-15-26.jpg
301,216,1861.3845,675.3767,2217.3215,794.0211,cam_1_1690301726_11-15-26.jpg
302,125,904.77045,396.0545,1310.4143,569.9038,cam_1_1690301906_11-18-26.jpg
302,149,1347.1068,756.4332,1920.024,1050.5117,cam_1_1690301906_11-18-26.jpg
302,128,953.7772,457.0585,1351.386,619.2856,cam_1_1690301906_11-18-26.jpg
302,186,1115.0143,530.0482,1765.4907,979.95874,cam_1_1690301906_11-18-26.jpg
302,193,996.3044,489.3686,1471.0432,671.9289,cam_1_1690301906_11-18-26.jpg
302,207,2657.6565,830.7444,3471.389,1525.3767,cam_1_1690301906_11-18-26.jpg
302,143,2638.059,596.3394,3055.935,890.63403,cam_1_1690301906_11-18-26.jpg
303,125,906.5042,395.19843,1315.5219,572.9657,cam_1_1690301921_11-18-41.jpg
303,149,1349.3103,752.0832,1930.1772,1051.6111,cam_1_1690301921_11-18-41.jpg
303,128,954.456,454.35986,1349.4417,620.55566,cam_1_1690301921_11-18-41.jpg
303,186,1109.5951,515.142,1765.2588,997.3129,cam_1_1690301921_11-18-41.jpg
303,193,998.3128,489.08887,1455.2097,673.786,cam_1_1690301921_11-18-41.jpg
303,207,2684.424,822.5306,3284.5022,1493.366,cam_1_1690301921_11-18-41.jpg
303,231,2011.0983,641.5018,2844.0566,1135.2228,cam_1_1690301921_11-18-41.jpg
303,232,1788.469,260.3221,2149.995,475.50912,cam_1_1690301921_11-18-41.jpg
303,143,2649.1687,594.5077,3048.164,867.3271,cam_1_1690301921_11-18-41.jpg
304,125,906.9106,396.1118,1315.6593,572.3016,cam_1_1690302011_11-20-11.jpg
304,149,1350.3668,747.9637,1924.5358,1051.4454,cam_1_1690302011_11-20-11.jpg
304,128,950.35864,452.54413,1348.6399,618.2776,cam_1_1690302011_11-20-11.jpg
304,186,1128.6486,515.3065,1776.011,1006.6534,cam_1_1690302011_11-20-11.jpg
304,193,994.20886,489.2714,1438.3934,668.8204,cam_1_1690302011_11-20-11.jpg
304,207,2495.0261,811.8398,3268.5725,1450.3943,cam_1_1690302011_11-20-11.jpg
304,231,1957.4792,639.87756,2778.186,1106.5491,cam_1_1690302011_11-20-11.jpg
304,232,1783.2985,262.2824,2138.2014,477.75464,cam_1_1690302011_11-20-11.jpg
304,143,2557.3276,589.43677,2945.7375,843.40155,cam_1_1690302011_11-20-11.jpg
304,140,1982.3882,547.26666,2508.005,690.663,cam_1_1690302011_11-20-11.jpg
305,125,908.95264,395.2123,1317.2671,572.6847,cam_1_1690302086_11-21-26.jpg
305,149,1351.316,751.1006,1928.6246,1050.7627,cam_1_1690302086_11-21-26.jpg
305,128,950.457,455.20096,1343.9543,619.17377,cam_1_1690302086_11-21-26.jpg
305,186,1120.1544,516.2045,1782.685,1014.57806,cam_1_1690302086_11-21-26.jpg
305,193,991.9538,494.23724,1435.7216,672.4131,cam_1_1690302086_11-21-26.jpg
305,207,2545.4792,813.8247,3407.6213,1480.8619,cam_1_1690302086_11-21-26.jpg
305,231,1936.6486,641.32355,2750.5168,1097.6969,cam_1_1690302086_11-21-26.jpg
305,232,1919.9987,293.60715,2263.0508,531.83124,cam_1_1690302086_11-21-26.jpg
305,143,2515.7905,578.32764,2876.5857,819.95105,cam_1_1690302086_11-21-26.jpg
305,140,2059.9988,556.7093,2554.3418,685.99976,cam_1_1690302086_11-21-26.jpg
306,125,909.77594,395.95667,1314.6979,572.06573,cam_1_1690302116_11-21-56.jpg
306,149,1349.5623,750.29333,1926.7295,1052.1975,cam_1_1690302116_11-21-56.jpg
306,128,952.1007,458.34753,1341.5001,620.048,cam_1_1690302116_11-21-56.jpg
306,186,1121.4697,516.31976,1787.7994,1011.298,cam_1_1690302116_11-21-56.jpg
306,193,994.05774,495.47348,1450.8539,677.741,cam_1_1690302116_11-21-56.jpg
306,207,2569.0503,819.4414,3457.391,1515.314,cam_1_1690302116_11-21-56.jpg
306,231,1932.4016,644.3057,2755.2178,1097.36,cam_1_1690302116_11-21-56.jpg
306,140,2173.555,554.9772,2575.195,675.613,cam_1_1690302116_11-21-56.jpg
307,125,908.37695,398.62973,1308.2913,574.04083,cam_1_1690302161_11-22-41.jpg
307,149,1350.3682,744.70734,1919.679,1047.7794,cam_1_1690302161_11-22-41.jpg
307,128,951.9048,461.1102,1338.2578,618.8236,cam_1_1690302161_11-22-41.jpg
307,186,1129.7219,571.0407,1733.9196,920.15674,cam_1_1690302161_11-22-41.jpg
307,193,986.78784,495.41827,1474.7323,669.4935,cam_1_1690302161_11-22-41.jpg
307,207,2558.9531,807.59283,3373.8198,1497.4404,cam_1_1690302161_11-22-41.jpg
307,231,1922.6865,644.5519,2759.622,1099.4248,cam_1_1690302161_11-22-41.jpg
307,178,2199.5454,380.95596,2545.323,613.6532,cam_1_1690302161_11-22-41.jpg
307,219,1269.1567,659.8716,1919.7869,911.56256,cam_1_1690302161_11-22-41.jpg
307,200,1070.8539,548.8611,1568.2184,742.90454,cam_1_1690302161_11-22-41.jpg
307,143,2575.0505,613.13745,2908.7915,845.5128,cam_1_1690302161_11-22-41.jpg
308,125,908.87933,399.05368,1311.3239,574.34216,cam_1_1690302176_11-22-56.jpg
308,149,1350.4271,743.4049,1921.9084,1046.1797,cam_1_1690302176_11-22-56.jpg
308,128,950.94727,463.62088,1339.2494,621.78796,cam_1_1690302176_11-22-56.jpg
308,186,1134.1924,596.3876,1714.6174,879.72003,cam_1_1690302176_11-22-56.jpg
308,193,985.65594,495.24542,1496.2976,668.3269,cam_1_1690302176_11-22-56.jpg
308,207,2537.3718,804.2826,3419.041,1485.9768,cam_1_1690302176_11-22-56.jpg
308,231,1900.6781,638.48615,2752.0273,1099.3865,cam_1_1690302176_11-22-56.jpg
308,178,2176.8718,378.07556,2552.688,634.44946,cam_1_1690302176_11-22-56.jpg
308,219,1260.991,663.3131,1905.3156,913.3564,cam_1_1690302176_11-22-56.jpg
308,200,1072.7655,551.18024,1563.6924,746.4095,cam_1_1690302176_11-22-56.jpg
308,143,2581.435,626.0223,2931.339,876.4534,cam_1_1690302176_11-22-56.jpg
309,125,908.5611,395.9127,1312.409,573.3461,cam_1_1690302221_11-23-41.jpg
309,149,1348.2655,746.09467,1907.7739,1046.3223,cam_1_1690302221_11-23-41.jpg
309,128,955.393,462.54828,1346.4673,619.55176,cam_1_1690302221_11-23-41.jpg
309,186,1136.1683,600.038,1714.1652,865.84546,cam_1_1690302221_11-23-41.jpg
309,193,983.4814,492.26584,1493.5171,664.2562,cam_1_1690302221_11-23-41.jpg
309,207,2544.4753,803.4014,3358.6038,1494.392,cam_1_1690302221_11-23-41.jpg
309,231,1880.2437,635.1776,2729.9863,1104.3329,cam_1_1690302221_11-23-41.jpg
309,178,2168.1978,375.8933,2542.0212,639.3592,cam_1_1690302221_11-23-41.jpg
309,219,1260.9802,662.40625,1853.0681,916.21265,cam_1_1690302221_11-23-41.jpg
309,200,1065.9342,547.61426,1571.0876,744.39197,cam_1_1690302221_11-23-41.jpg
309,143,2586.1829,604.0655,2899.9888,866.9995,cam_1_1690302221_11-23-41.jpg
310,125,908.5126,394.74475,1316.4501,573.0268,cam_1_1690302281_11-24-41.jpg
310,149,1345.1564,741.5949,1901.2811,1044.1221,cam_1_1690302281_11-24-41.jpg
310,128,954.0206,462.48663,1349.75,621.36456,cam_1_1690302281_11-24-41.jpg
310,186,1136.3503,605.3263,1703.9281,863.64087,cam_1_1690302281_11-24-41.jpg
310,193,989.6215,492.94757,1489.6884,668.0814,cam_1_1690302281_11-24-41.jpg
310,207,2532.2283,792.98926,3369.32,1479.1384,cam_1_1690302281_11-24-41.jpg
310,231,1865.1891,635.4049,2737.1724,1106.6055,cam_1_1690302281_11-24-41.jpg
310,219,1267.9928,662.5758,1885.1265,916.0345,cam_1_1690302281_11-24-41.jpg
310,200,1066.25,548.6266,1566.5609,745.5748,cam_1_1690302281_11-24-41.jpg
310,143,2594.3923,608.2949,2927.5752,876.21497,cam_1_1690302281_11-24-41.jpg
310,208,1612.6522,429.02353,2104.7446,654.9748,cam_1_1690302281_11-24-41.jpg
311,125,907.15546,395.67694,1316.8408,574.5623,cam_1_1690302311_11-25-11.jpg
311,149,1346.4253,742.00195,1902.0367,1044.9819,cam_1_1690302311_11-25-11.jpg
311,128,955.3858,459.6099,1349.1687,620.5954,cam_1_1690302311_11-25-11.jpg
311,186,1135.158,603.4265,1703.215,862.65533,cam_1_1690302311_11-25-11.jpg
311,193,985.1427,490.59882,1486.0967,665.4556,cam_1_1690302311_11-25-11.jpg
311,207,2530.9565,788.8018,3381.557,1473.4607,cam_1_1690302311_11-25-11.jpg
311,231,1881.0493,636.9724,2736.2905,1106.95,cam_1_1690302311_11-25-11.jpg
311,219,1265.8345,662.88965,1839.6162,918.0828,cam_1_1690302311_11-25-11.jpg
311,200,1062.2285,546.737,1568.1923,742.7955,cam_1_1690302311_11-25-11.jpg
311,143,2600.587,615.52277,2944.6401,886.7522,cam_1_1690302311_11-25-11.jpg
311,208,1597.5886,428.47778,2102.8418,656.04663,cam_1_1690302311_11-25-11.jpg
311,232,2375.3833,435.83273,2757.2268,661.5018,cam_1_1690302311_11-25-11.jpg
312,149,1347.9781,746.44135,1910.0353,1046.4446,cam_1_1690303001_11-36-41.jpg
312,186,1141.4734,602.6197,1711.875,859.94324,cam_1_1690303001_11-36-41.jpg
312,193,899.2551,398.52747,1464.5876,709.8689,cam_1_1690303001_11-36-41.jpg
312,231,1936.5359,632.3697,2770.0264,1103.0023,cam_1_1690303001_11-36-41.jpg
312,219,1253.5353,665.4583,1883.579,919.35016,cam_1_1690303001_11-36-41.jpg
312,200,1063.1434,539.3885,1576.5166,745.5147,cam_1_1690303001_11-36-41.jpg
312,208,1633.1527,415.85822,2183.229,655.77264,cam_1_1690303001_11-36-41.jpg
312,220,3248.7917,672.56165,3723.665,1080.9125,cam_1_1690303001_11-36-41.jpg
312,130,3032.8684,852.0678,3396.7886,1447.897,cam_1_1690303001_11-36-41.jpg
313,149,1347.6216,745.5561,1920.6501,1046.6874,cam_1_1690303211_11-40-11.jpg
313,186,1140.9824,601.8894,1718.6592,862.10016,cam_1_1690303211_11-40-11.jpg
313,193,844.79254,367.70615,1466.5662,723.32825,cam_1_1690303211_11-40-11.jpg
313,231,1977.2399,642.23364,2802.06,1106.6049,cam_1_1690303211_11-40-11.jpg
313,219,1255.2709,664.3973,1905.9554,920.3421,cam_1_1690303211_11-40-11.jpg
313,200,1058.9943,532.2539,1579.3337,745.59766,cam_1_1690303211_11-40-11.jpg
313,208,1769.3004,334.4111,2193.1624,578.6005,cam_1_1690303211_11-40-11.jpg
313,220,3244.7117,677.3056,3709.9465,1075.0342,cam_1_1690303211_11-40-11.jpg
313,130,3000.365,871.4537,3458.355,1448.9027,cam_1_1690303211_11-40-11.jpg
313,140,2190.05,475.1166,2579.9575,683.82007,cam_1_1690303211_11-40-11.jpg
314,149,1348.4797,744.72815,1921.3241,1046.9021,cam_1_1690303226_11-40-26.jpg
314,186,1140.9918,600.74603,1720.8336,860.303,cam_1_1690303226_11-40-26.jpg
314,193,824.2255,353.32217,1470.5391,731.02045,cam_1_1690303226_11-40-26.jpg
314,231,1997.0292,646.8493,2816.669,1108.9415,cam_1_1690303226_11-40-26.jpg
314,219,1256.8927,662.9633,1913.235,919.43286,cam_1_1690303226_11-40-26.jpg
314,200,1057.0957,532.017,1582.7123,745.79346,cam_1_1690303226_11-40-26.jpg
314,208,1828.2385,303.02777,2197.17,547.5467,cam_1_1690303226_11-40-26.jpg
314,220,3245.6846,678.513,3725.007,1076.1293,cam_1_1690303226_11-40-26.jpg
314,130,2985.4749,878.96954,3446.5012,1448.842,cam_1_1690303226_11-40-26.jpg
314,140,2186.693,472.6614,2570.366,685.1666,cam_1_1690303226_11-40-26.jpg
315,149,1348.5972,744.6424,1928.4009,1046.8324,cam_1_1690303256_11-40-56.jpg
315,186,1140.4033,601.8881,1718.2502,861.8638,cam_1_1690303256_11-40-56.jpg
315,193,838.7217,347.16418,1483.8228,721.3019,cam_1_1690303256_11-40-56.jpg
315,231,2008.0259,649.0199,2815.1023,1109.9137,cam_1_1690303256_11-40-56.jpg
315,219,1258.6139,663.1389,1920.2281,920.9629,cam_1_1690303256_11-40-56.jpg
315,200,1059.3414,533.53455,1581.3949,746.09607,cam_1_1690303256_11-40-56.jpg
315,208,1849.5428,291.95227,2198.5293,535.90186,cam_1_1690303256_11-40-56.jpg
315,220,3185.9146,669.5654,3671.6519,994.0016,cam_1_1690303256_11-40-56.jpg
315,130,2963.4119,884.52594,3447.2646,1452.9015,cam_1_1690303256_11-40-56.jpg
315,140,2206.2693,474.92636,2579.421,683.8083,cam_1_1690303256_11-40-56.jpg
316,149,1348.041,748.07336,1916.7715,1048.6392,cam_1_1690303346_11-42-26.jpg
316,186,1140.3497,602.249,1714.2776,863.9141,cam_1_1690303346_11-42-26.jpg
316,193,832.43054,348.13535,1489.8054,727.03345,cam_1_1690303346_11-42-26.jpg
316,231,2011.1118,652.5401,2755.3772,1105.8254,cam_1_1690303346_11-42-26.jpg
316,219,1258.4219,664.5984,1924.7593,922.429,cam_1_1690303346_11-42-26.jpg
316,200,1060.5515,529.65784,1584.2002,748.27765,cam_1_1690303346_11-42-26.jpg
316,208,1863.4012,288.30566,2219.7305,517.09106,cam_1_1690303346_11-42-26.jpg
316,130,2969.8167,886.8577,3478.161,1460.7366,cam_1_1690303346_11-42-26.jpg
316,223,1615.4181,394.53906,2084.5125,630.5847,cam_1_1690303346_11-42-26.jpg
316,143,2522.7893,599.50946,2876.6003,1009.50684,cam_1_1690303346_11-42-26.jpg
317,149,1349.5609,747.88727,1907.5961,1049.5165,cam_1_1690303361_11-42-41.jpg
317,186,1137.3956,600.86676,1708.4147,862.65796,cam_1_1690303361_11-42-41.jpg
317,193,843.4556,346.34106,1481.1465,728.50714,cam_1_1690303361_11-42-41.jpg
317,231,1930.4257,651.3716,2726.9119,1105.2711,cam_1_1690303361_11-42-41.jpg
317,219,1259.8417,661.9971,1924.7571,922.11383,cam_1_1690303361_11-42-41.jpg
317,200,1059.8666,529.6446,1582.2958,745.3014,cam_1_1690303361_11-42-41.jpg
317,208,1870.248,286.567,2225.9197,506.99042,cam_1_1690303361_11-42-41.jpg
317,130,2956.6672,886.64417,3491.6301,1460.7814,cam_1_1690303361_11-42-41.jpg
317,223,1596.5585,397.567,2090.087,637.9435,cam_1_1690303361_11-42-41.jpg
317,143,2518.096,598.4943,2904.0347,1035.8406,cam_1_1690303361_11-42-41.jpg
318,149,1340.2102,753.64795,1870.4553,1045.5408,cam_1_1690303496_11-44-56.jpg
318,186,1141.3159,600.1055,1717.9873,864.9096,cam_1_1690303496_11-44-56.jpg
318,193,833.73724,349.79184,1468.1852,726.9468,cam_1_1690303496_11-44-56.jpg
318,231,1785.1595,657.17566,2545.118,1137.6447,cam_1_1690303496_11-44-56.jpg
318,219,1254.7583,667.56934,1898.1589,923.802,cam_1_1690303496_11-44-56.jpg
318,200,1068.3234,531.9713,1579.528,745.2046,cam_1_1690303496_11-44-56.jpg
318,208,1873.6034,284.8482,2205.3162,504.62704,cam_1_1690303496_11-44-56.jpg
318,130,2994.5906,825.1618,3489.4346,1465.101,cam_1_1690303496_11-44-56.jpg
318,223,1611.4635,394.1377,2078.3828,660.1417,cam_1_1690303496_11-44-56.jpg
318,207,2282.895,796.8347,3187.9827,1426.2958,cam_1_1690303496_11-44-56.jpg
319,149,1337.0953,757.5571,1848.3912,1045.6605,cam_1_1690303511_11-45-11.jpg
319,186,1142.4513,599.19,1716.0674,864.6966,cam_1_1690303511_11-45-11.jpg
319,193,829.99194,352.13776,1446.0463,725.12994,cam_1_1690303511_11-45-11.jpg
319,231,1698.4667,650.1628,2449.6626,1153.3967,cam_1_1690303511_11-45-11.jpg
319,219,1256.8961,667.1575,1898.6913,924.30444,cam_1_1690303511_11-45-11.jpg
319,200,1070.607,534.8428,1575.548,741.99286,cam_1_1690303511_11-45-11.jpg
319,208,1872.7634,284.55667,2216.0298,481.70676,cam_1_1690303511_11-45-11.jpg
319,130,3007.4033,800.6136,3504.3267,1493.0234,cam_1_1690303511_11-45-11.jpg
319,223,1619.2532,394.44016,2086.8098,659.1126,cam_1_1690303511_11-45-11.jpg
319,237,819.38043,283.526,1321.6344,424.705,cam_1_1690303511_11-45-11.jpg
319,207,2236.1582,799.37177,3172.2239,1424.7914,cam_1_1690303511_11-45-11.jpg
320,186,1130.8135,598.9192,1698.6775,862.01,cam_1_1690303571_11-46-11.jpg
320,193,838.26825,351.49792,1439.3746,728.4106,cam_1_1690303571_11-46-11.jpg
320,231,1564.4675,664.51984,2374.7769,1175.6926,cam_1_1690303571_11-46-11.jpg
320,219,1240.5906,666.9381,1823.9279,921.3681,cam_1_1690303571_11-46-11.jpg
320,200,1069.3564,534.9365,1571.8267,741.0173,cam_1_1690303571_11-46-11.jpg
320,208,1872.3376,283.21048,2202.7087,491.57803,cam_1_1690303571_11-46-11.jpg
320,130,2978.3127,787.95404,3509.1726,1509.4677,cam_1_1690303571_11-46-11.jpg
320,223,1610.8319,396.477,2088.7048,661.37006,cam_1_1690303571_11-46-11.jpg
320,237,818.3624,286.2351,1307.4703,426.01703,cam_1_1690303571_11-46-11.jpg
320,143,2432.1123,665.12823,2846.277,1282.6437,cam_1_1690303571_11-46-11.jpg
321,186,1131.9637,595.54047,1718.0895,864.0985,cam_1_1690303616_11-46-56.jpg
321,193,851.26404,351.75458,1459.267,728.563,cam_1_1690303616_11-46-56.jpg
321,231,1445.6104,664.5701,2298.992,1188.0685,cam_1_1690303616_11-46-56.jpg
321,219,1238.568,664.9466,1777.4891,921.31726,cam_1_1690303616_11-46-56.jpg
321,200,1063.7333,533.9238,1579.4774,743.93976,cam_1_1690303616_11-46-56.jpg
321,130,2970.4722,788.0336,3508.8152,1512.1954,cam_1_1690303616_11-46-56.jpg
321,237,824.0464,283.7284,1281.0885,414.00043,cam_1_1690303616_11-46-56.jpg
321,143,2405.148,676.25165,2846.6284,1306.941,cam_1_1690303616_11-46-56.jpg
321,178,1850.4569,291.90048,2200.5537,529.7334,cam_1_1690303616_11-46-56.jpg
322,186,1179.649,594.25134,1736.8541,827.14404,cam_1_1690303751_11-49-11.jpg
322,193,817.86505,306.00446,1436.9039,648.8534,cam_1_1690303751_11-49-11.jpg
322,219,1234.4883,670.29816,1844.4259,923.2109,cam_1_1690303751_11-49-11.jpg
322,200,1126.9408,528.1121,1597.1064,695.9652,cam_1_1690303751_11-49-11.jpg
322,130,2974.1775,789.3169,3514.3684,1517.4406,cam_1_1690303751_11-49-11.jpg
322,143,2423.7568,699.2302,2757.1257,1263.2948,cam_1_1690303751_11-49-11.jpg
322,178,1820.3108,283.7653,2162.3953,517.29877,cam_1_1690303751_11-49-11.jpg
322,214,1983.0808,723.0881,2489.3208,910.74316,cam_1_1690303751_11-49-11.jpg
322,128,973.6772,486.1387,1460.4196,638.2496,cam_1_1690303751_11-49-11.jpg
322,149,1332.1165,772.338,1922.0363,1049.8059,cam_1_1690303751_11-49-11.jpg
323,186,1243.4326,589.4968,1736.4568,763.68335,cam_1_1690303811_11-50-11.jpg
323,193,816.9815,287.6208,1422.62,620.6007,cam_1_1690303811_11-50-11.jpg
323,219,1261.5035,672.9955,1864.9789,934.8628,cam_1_1690303811_11-50-11.jpg
323,200,1158.0366,524.47565,1579.6549,658.8502,cam_1_1690303811_11-50-11.jpg
323,130,2861.0398,769.76324,3363.8743,1444.0521,cam_1_1690303811_11-50-11.jpg
323,143,2438.6858,678.2006,2745.0237,1231.3749,cam_1_1690303811_11-50-11.jpg
323,178,1806.7944,279.10245,2166.1572,518.1262,cam_1_1690303811_11-50-11.jpg
323,239,687.29156,590.87103,1439.5985,1130.756,cam_1_1690303811_11-50-11.jpg
323,214,1983.7241,722.32227,2475.0317,913.4041,cam_1_1690303811_11-50-11.jpg
323,128,970.49725,484.32733,1455.2024,630.701,cam_1_1690303811_11-50-11.jpg
323,149,1328.5243,770.45374,1926.0975,1053.5468,cam_1_1690303811_11-50-11.jpg
324,193,815.118,279.32333,1399.9532,619.5054,cam_1_1690303976_11-52-56.jpg
324,219,1279.2747,599.70465,1875.4138,1008.1844,cam_1_1690303976_11-52-56.jpg
324,200,1164.2684,525.4614,1579.4915,661.94226,cam_1_1690303976_11-52-56.jpg
324,130,2908.1335,781.72406,3413.6616,1425.7167,cam_1_1690303976_11-52-56.jpg
324,143,2435.317,680.1527,2718.832,1218.7384,cam_1_1690303976_11-52-56.jpg
324,178,1803.9487,279.7561,2161.61,520.4997,cam_1_1690303976_11-52-56.jpg
324,239,579.44476,611.72034,1401.3049,1156.0712,cam_1_1690303976_11-52-56.jpg
324,214,1983.0747,725.233,2470.8455,915.64795,cam_1_1690303976_11-52-56.jpg
324,128,1015.55145,489.622,1478.5311,638.2903,cam_1_1690303976_11-52-56.jpg
325,219,1169.6309,577.0044,1878.1713,979.3514,cam_1_1690304036_11-53-56.jpg
325,200,1112.722,504.5313,1590.0854,638.45447,cam_1_1690304036_11-53-56.jpg
325,130,2817.1,763.6531,3453.2222,1411.6613,cam_1_1690304036_11-53-56.jpg
325,143,2438.1118,684.30096,2715.8745,1195.8206,cam_1_1690304036_11-53-56.jpg
325,178,1802.2163,280.5475,2159.1414,523.8384,cam_1_1690304036_11-53-56.jpg
325,239,597.7804,640.2952,1514.3318,1224.8785,cam_1_1690304036_11-53-56.jpg
325,214,1973.5787,723.03125,2476.2083,914.4911,cam_1_1690304036_11-53-56.jpg
325,128,1001.6574,491.23224,1500.7291,640.2466,cam_1_1690304036_11-53-56.jpg
325,125,895.7511,409.10742,1334.5992,585.3783,cam_1_1690304036_11-53-56.jpg
326,200,1082.6716,527.69135,1602.5457,711.2336,cam_1_1690304156_11-55-56.jpg
326,130,2757.01,752.12885,3507.5427,1437.811,cam_1_1690304156_11-55-56.jpg
326,143,2425.5752,681.02765,2707.1238,1196.7239,cam_1_1690304156_11-55-56.jpg
326,178,1859.4323,293.0248,2219.8809,535.8758,cam_1_1690304156_11-55-56.jpg
326,214,1979.5709,724.45233,2469.7866,916.2975,cam_1_1690304156_11-55-56.jpg
326,128,999.65717,492.22958,1517.0049,638.297,cam_1_1690304156_11-55-56.jpg
326,125,899.05334,402.04208,1334.8999,578.5312,cam_1_1690304156_11-55-56.jpg
326,231,1112.3506,673.1265,2066.6877,1256.1826,cam_1_1690304156_11-55-56.jpg
326,186,1147.2418,594.8195,1750.5742,764.066,cam_1_1690304156_11-55-56.jpg
327,200,1070.62,532.959,1602.6881,731.87177,cam_1_1690304201_11-56-41.jpg
327,130,2717.5146,759.1382,3600.1526,1411.624,cam_1_1690304201_11-56-41.jpg
327,143,2424.1248,675.80316,2785.282,1178.4904,cam_1_1690304201_11-56-41.jpg
327,178,1882.069,298.27792,2233.4214,538.94775,cam_1_1690304201_11-56-41.jpg
327,128,996.58453,492.24493,1515.4597,639.3055,cam_1_1690304201_11-56-41.jpg
327,125,899.836,403.19666,1336.9202,579.8315,cam_1_1690304201_11-56-41.jpg
327,242,1827.2484,290.23615,2020.3619,500.5272,cam_1_1690304201_11-56-41.jpg
327,186,1130.8403,599.491,1733.6499,825.96936,cam_1_1690304201_11-56-41.jpg
327,149,1282.8123,739.0121,1952.655,1044.6172,cam_1_1690304201_11-56-41.jpg
327,219,1228.3195,641.4821,1913.7803,907.73846,cam_1_1690304201_11-56-41.jpg
328,200,1064.1506,537.26056,1612.3044,743.3195,cam_1_1690304366_11-59-26.jpg
328,130,2856.544,841.1281,3780.6106,1411.2928,cam_1_1690304366_11-59-26.jpg
328,128,993.9467,492.88745,1507.4816,637.7597,cam_1_1690304366_11-59-26.jpg
328,125,900.6444,402.78247,1336.9084,581.28595,cam_1_1690304366_11-59-26.jpg
328,186,1122.8566,600.1594,1745.8125,843.5329,cam_1_1690304366_11-59-26.jpg
328,149,1270.416,729.01025,1901.4261,1039.351,cam_1_1690304366_11-59-26.jpg
328,219,1241.5265,661.2655,1916.935,882.3843,cam_1_1690304366_11-59-26.jpg
328,220,3002.0745,593.0864,3328.1335,954.8972,cam_1_1690304366_11-59-26.jpg
328,140,2183.271,384.21033,2525.2026,660.13544,cam_1_1690304366_11-59-26.jpg
328,207,1818.2479,696.474,2572.0874,1344.3645,cam_1_1690304366_11-59-26.jpg
329,200,1062.7665,537.54486,1628.9657,747.6185,cam_1_1690304501_12-01-41.jpg
329,128,998.49774,494.7379,1511.9106,634.41595,cam_1_1690304501_12-01-41.jpg
329,125,900.7793,403.88025,1337.9718,582.169,cam_1_1690304501_12-01-41.jpg
329,186,1118.4663,596.88544,1738.3778,847.727,cam_1_1690304501_12-01-41.jpg
329,220,2989.6873,592.0476,3301.2761,980.31226,cam_1_1690304501_12-01-41.jpg
329,140,2307.5432,395.8122,2571.5125,699.43256,cam_1_1690304501_12-01-41.jpg
329,207,1511.9135,689.31494,2365.3936,1303.625,cam_1_1690304501_12-01-41.jpg
329,225,3054.458,677.9552,3710.9595,1104.1161,cam_1_1690304501_12-01-41.jpg
329,232,3732.7803,810.2405,4151.2466,1249.573,cam_1_1690304501_12-01-41.jpg
330,200,1059.981,537.55664,1628.6976,747.6769,cam_1_1690304651_12-04-11.jpg
330,128,999.6521,494.79974,1519.414,631.9116,cam_1_1690304651_12-04-11.jpg
330,125,901.0751,401.30408,1330.874,579.21594,cam_1_1690304651_12-04-11.jpg
330,186,1118.0991,597.3722,1739.2992,851.50397,cam_1_1690304651_12-04-11.jpg
330,220,3029.909,587.6881,3272.673,990.3842,cam_1_1690304651_12-04-11.jpg
330,140,2295.193,396.79218,2562.4348,677.4463,cam_1_1690304651_12-04-11.jpg
330,207,1475.74,702.19495,2390.5715,1330.3107,cam_1_1690304651_12-04-11.jpg
330,178,1876.3363,283.09738,2201.5007,534.7152,cam_1_1690304651_12-04-11.jpg
330,219,1237.8167,670.64905,1797.8375,873.5588,cam_1_1690304651_12-04-11.jpg
331,200,1059.0663,535.5326,1632.3378,747.9613,cam_1_1690304771_12-06-11.jpg
331,128,995.44617,492.96533,1515.9865,633.5054,cam_1_1690304771_12-06-11.jpg
331,125,900.8962,400.96683,1329.2589,579.1606,cam_1_1690304771_12-06-11.jpg
331,186,1114.3962,596.7036,1737.0505,847.7637,cam_1_1690304771_12-06-11.jpg
331,220,3016.2778,581.7367,3233.8384,990.7431,cam_1_1690304771_12-06-11.jpg
331,140,2284.282,393.47928,2558.981,666.1395,cam_1_1690304771_12-06-11.jpg
331,207,1350.2887,686.7259,2244.5374,1317.7778,cam_1_1690304771_12-06-11.jpg
331,246,2579.496,463.76486,2768.297,801.417,cam_1_1690304771_12-06-11.jpg
331,178,1879.0364,282.3506,2195.2668,534.59607,cam_1_1690304771_12-06-11.jpg
332,200,1056.8296,535.2914,1639.3998,746.8744,cam_1_1690304801_12-06-41.jpg
332,128,994.797,492.82492,1518.9276,631.8993,cam_1_1690304801_12-06-41.jpg
332,125,899.9665,400.64383,1331.8147,578.0339,cam_1_1690304801_12-06-41.jpg
332,186,1113.0778,594.6663,1743.1938,850.1146,cam_1_1690304801_12-06-41.jpg
332,220,2995.573,586.71606,3301.1982,999.071,cam_1_1690304801_12-06-41.jpg
332,140,2281.082,392.64276,2560.1274,663.25885,cam_1_1690304801_12-06-41.jpg
332,207,1277.8529,688.5947,2190.1704,1306.7446,cam_1_1690304801_12-06-41.jpg
332,246,2580.791,464.45914,2764.3142,801.34955,cam_1_1690304801_12-06-41.jpg
332,178,1876.7623,282.288,2210.5845,536.8496,cam_1_1690304801_12-06-41.jpg
333,200,1067.1438,535.7127,1638.677,745.8517,cam_1_1690304861_12-07-41.jpg
333,128,994.53253,493.13412,1518.4801,632.40735,cam_1_1690304861_12-07-41.jpg
333,125,898.9038,400.34647,1329.8928,579.27747,cam_1_1690304861_12-07-41.jpg
333,186,1113.5182,594.5704,1749.5712,851.1402,cam_1_1690304861_12-07-41.jpg
333,220,2993.2905,590.6476,3300.1785,1003.7948,cam_1_1690304861_12-07-41.jpg
333,140,2277.2659,394.65945,2550.0967,661.9906,cam_1_1690304861_12-07-41.jpg
333,207,1320.2615,695.36194,2219.732,1337.348,cam_1_1690304861_12-07-41.jpg
333,246,2581.0593,464.7771,2766.5886,797.76306,cam_1_1690304861_12-07-41.jpg
333,178,1884.4103,284.76538,2205.33,535.2722,cam_1_1690304861_12-07-41.jpg
333,219,1220.9661,655.4532,1803.3013,870.9878,cam_1_1690304861_12-07-41.jpg
334,200,1061.2885,537.06744,1622.0001,746.6493,cam_1_1690305101_12-11-41.jpg
334,128,995.85706,493.7031,1519.4279,631.7232,cam_1_1690305101_12-11-41.jpg
334,125,898.1022,400.80176,1333.3458,579.30145,cam_1_1690305101_12-11-41.jpg
334,186,1114.55,595.65283,1749.9551,847.42737,cam_1_1690305101_12-11-41.jpg
334,220,2979.9392,590.2619,3310.7058,998.4082,cam_1_1690305101_12-11-41.jpg
334,140,2275.0198,383.7451,2513.1436,659.9862,cam_1_1690305101_12-11-41.jpg
334,207,1288.86,690.81604,2171.2432,1330.0555,cam_1_1690305101_12-11-41.jpg
334,246,2543.6301,460.72247,2769.3406,772.25366,cam_1_1690305101_12-11-41.jpg
334,178,1953.1401,309.60852,2268.495,562.97864,cam_1_1690305101_12-11-41.jpg
335,200,1094.9464,538.01184,1604.1832,726.5,cam_1_1690305221_12-13-41.jpg
335,128,1022.2909,493.3398,1520.0983,633.35144,cam_1_1690305221_12-13-41.jpg
335,125,899.20776,405.0924,1338.0597,581.46124,cam_1_1690305221_12-13-41.jpg
335,186,1143.2974,597.88184,1739.9406,838.72034,cam_1_1690305221_12-13-41.jpg
335,140,2230.481,372.61478,2485.9956,651.1427,cam_1_1690305221_12-13-41.jpg
335,246,2522.3286,458.89484,2749.0505,732.7149,cam_1_1690305221_12-13-41.jpg
335,214,1976.6326,729.4032,2446.0002,906.2236,cam_1_1690305221_12-13-41.jpg
335,143,2410.0264,672.1522,3236.4583,1227.5365,cam_1_1690305221_12-13-41.jpg
335,149,1267.902,736.99677,1965.8539,1043.8774,cam_1_1690305221_12-13-41.jpg
335,219,1236.5813,660.5855,1875.7305,867.8977,cam_1_1690305221_12-13-41.jpg
336,200,1110.6993,518.4488,1590.621,683.01184,cam_1_1690305236_12-13-56.jpg
336,128,999.8805,496.8419,1525.0316,645.56396,cam_1_1690305236_12-13-56.jpg
336,125,903.7354,406.92725,1334.8168,581.27,cam_1_1690305236_12-13-56.jpg
336,186,1228.3187,591.7673,1727.9221,793.08466,cam_1_1690305236_12-13-56.jpg
336,140,2216.0054,369.5194,2439.6309,647.5963,cam_1_1690305236_12-13-56.jpg
336,246,2518.1975,452.35443,2747.1113,714.3857,cam_1_1690305236_12-13-56.jpg
336,248,2721.4885,531.8809,3116.3628,753.92786,cam_1_1690305236_12-13-56.jpg
336,214,1974.1285,728.9599,2442.6145,909.2499,cam_1_1690305236_12-13-56.jpg
336,143,2416.3042,670.1492,3265.1626,1229.0813,cam_1_1690305236_12-13-56.jpg
336,149,1272.4191,743.45636,1976.6251,1042.4763,cam_1_1690305236_12-13-56.jpg
336,219,1264.4465,664.2475,1880.1925,866.0341,cam_1_1690305236_12-13-56.jpg
336,231,669.24994,635.7326,1394.0995,1247.9796,cam_1_1690305236_12-13-56.jpg
337,125,864.9142,414.2939,1407.7825,700.3783,cam_1_1690305341_12-15-41.jpg
337,186,1282.1937,590.6909,1788.9553,756.96906,cam_1_1690305341_12-15-41.jpg
337,140,2190.855,365.16086,2427.1729,639.3543,cam_1_1690305341_12-15-41.jpg
337,246,2519.1929,453.6012,2753.8525,744.6898,cam_1_1690305341_12-15-41.jpg
337,248,2731.5757,532.1291,3125.262,849.05414,cam_1_1690305341_12-15-41.jpg
337,214,1908.3276,667.1504,2440.809,1092.8875,cam_1_1690305341_12-15-41.jpg
337,149,1390.5999,721.9995,1965.8853,1023.56177,cam_1_1690305341_12-15-41.jpg
337,231,846.18384,604.62646,1573.1694,1207.985,cam_1_1690305341_12-15-41.jpg
338,125,888.90546,406.99536,1365.6512,641.2399,cam_1_1690305446_12-17-26.jpg
338,140,2180.3867,364.1547,2444.7412,628.563,cam_1_1690305446_12-17-26.jpg
338,246,2516.57,454.07742,2751.7463,750.5625,cam_1_1690305446_12-17-26.jpg
338,248,2736.6953,535.1436,3121.9468,880.3517,cam_1_1690305446_12-17-26.jpg
338,214,2026.1317,631.5647,2489.7708,1137.0192,cam_1_1690305446_12-17-26.jpg
338,207,1209.3762,709.883,2114.2324,1303.3495,cam_1_1690305446_12-17-26.jpg
338,200,1095.649,532.4165,1572.4916,741.46344,cam_1_1690305446_12-17-26.jpg
338,128,995.30585,496.1569,1499.7406,669.2853,cam_1_1690305446_12-17-26.jpg
338,219,1160.296,612.0396,1779.9844,857.87756,cam_1_1690305446_12-17-26.jpg
339,125,896.2653,404.2711,1341.5227,606.5252,cam_1_1690305476_12-17-56.jpg
339,140,2179.568,366.8531,2418.4624,627.1259,cam_1_1690305476_12-17-56.jpg
339,246,2525.12,460.13394,2747.6658,759.4946,cam_1_1690305476_12-17-56.jpg
339,248,2749.0361,538.7674,3115.8015,889.0144,cam_1_1690305476_12-17-56.jpg
339,200,1090.913,533.8767,1560.7941,751.7888,cam_1_1690305476_12-17-56.jpg
339,128,992.5348,492.65723,1489.3507,671.8928,cam_1_1690305476_12-17-56.jpg
339,219,1138.2496,599.15533,1729.4712,856.0519,cam_1_1690305476_12-17-56.jpg
339,143,2106.822,785.4771,3137.0303,1527.3201,cam_1_1690305476_12-17-56.jpg
339,149,1309.0671,727.58594,1973.2854,1032.5533,cam_1_1690305476_12-17-56.jpg
340,125,900.0018,403.31308,1336.8107,591.96704,cam_1_1690305506_12-18-26.jpg
340,140,2180.797,364.2627,2417.5217,628.15015,cam_1_1690305506_12-18-26.jpg
340,246,2541.9443,476.72665,2853.1667,765.94836,cam_1_1690305506_12-18-26.jpg
340,248,2738.8425,540.6921,3182.9116,895.1745,cam_1_1690305506_12-18-26.jpg
340,200,1087.265,533.0949,1561.3865,754.27893,cam_1_1690305506_12-18-26.jpg
340,128,988.228,492.20322,1494.298,671.0845,cam_1_1690305506_12-18-26.jpg
340,219,1133.8284,591.901,1714.6659,852.93823,cam_1_1690305506_12-18-26.jpg
340,250,1260.8431,663.21686,1920.5317,876.8313,cam_1_1690305506_12-18-26.jpg
340,143,2220.1116,828.9437,3321.956,1613.5463,cam_1_1690305506_12-18-26.jpg
340,149,1288.5503,724.5151,1974.5538,1037.6824,cam_1_1690305506_12-18-26.jpg
340,214,2189.8843,618.07996,2513.5703,1208.9855,cam_1_1690305506_12-18-26.jpg
341,125,901.53253,402.52048,1338.4614,587.8323,cam_1_1690305611_12-20-11.jpg
341,140,2178.2483,364.49567,2423.6655,626.0905,cam_1_1690305611_12-20-11.jpg
341,246,2505.9202,485.9469,2882.609,787.1174,cam_1_1690305611_12-20-11.jpg
341,248,2748.381,541.95465,3206.65,893.2245,cam_1_1690305611_12-20-11.jpg
341,200,1086.6749,533.6799,1559.1743,751.76355,cam_1_1690305611_12-20-11.jpg
341,128,987.8111,490.93027,1488.141,673.89075,cam_1_1690305611_12-20-11.jpg
341,219,1124.1483,591.703,1704.7212,852.595,cam_1_1690305611_12-20-11.jpg
341,250,1264.465,661.655,1900.3206,878.5136,cam_1_1690305611_12-20-11.jpg
341,143,2277.8523,838.4993,3406.0186,1657.2823,cam_1_1690305611_12-20-11.jpg
341,149,1281.4116,724.1303,1981.8412,1038.5214,cam_1_1690305611_12-20-11.jpg
341,214,2123.2725,616.00525,2537.2046,1182.7965,cam_1_1690305611_12-20-11.jpg
342,125,901.3665,403.14948,1339.3951,584.34546,cam_1_1690305626_12-20-26.jpg
342,140,2174.6328,364.50726,2454.5693,626.66437,cam_1_1690305626_12-20-26.jpg
342,246,2567.4011,498.01688,2916.674,778.5771,cam_1_1690305626_12-20-26.jpg
342,248,2759.5764,541.96484,3220.5496,893.3848,cam_1_1690305626_12-20-26.jpg
342,200,1086.7814,532.1695,1554.7905,750.19946,cam_1_1690305626_12-20-26.jpg
342,128,988.112,490.97604,1488.1283,672.69385,cam_1_1690305626_12-20-26.jpg
342,219,1121.7174,589.7115,1702.3833,853.6134,cam_1_1690305626_12-20-26.jpg
342,250,1259.5359,660.521,1909.6754,878.2462,cam_1_1690305626_12-20-26.jpg
342,143,2310.342,841.0636,3355.278,1668.6589,cam_1_1690305626_12-20-26.jpg
342,149,1280.5233,726.4483,1981.1592,1039.9707,cam_1_1690305626_12-20-26.jpg
342,214,2193.9814,610.20886,2534.2036,1188.6558,cam_1_1690305626_12-20-26.jpg
343,125,899.9195,402.3177,1339.0018,582.2186,cam_1_1690305806_12-23-26.jpg
343,140,2155.1104,363.63324,2448.3535,620.12976,cam_1_1690305806_12-23-26.jpg
343,246,2598.0962,504.83493,2955.4028,771.18726,cam_1_1690305806_12-23-26.jpg
343,248,2703.8125,543.112,3199.9023,886.21594,cam_1_1690305806_12-23-26.jpg
343,200,1082.0225,529.76416,1554.4491,755.2346,cam_1_1690305806_12-23-26.jpg
343,128,1018.611,488.10742,1489.3801,670.9767,cam_1_1690305806_12-23-26.jpg
343,219,1122.4313,593.25476,1711.005,856.8416,cam_1_1690305806_12-23-26.jpg
343,250,1252.2537,659.1266,1928.5114,882.2536,cam_1_1690305806_12-23-26.jpg
343,143,2460.908,822.2727,3369.9707,1648.4442,cam_1_1690305806_12-23-26.jpg
343,149,1279.1921,725.9648,1984.7574,1040.262,cam_1_1690305806_12-23-26.jpg
343,214,2245.4353,603.90814,2555.651,1158.2517,cam_1_1690305806_12-23-26.jpg
344,125,898.2525,402.68582,1337.1725,584.5804,cam_1_1690305956_12-25-56.jpg
344,140,2148.5525,364.34995,2447.0322,625.1106,cam_1_1690305956_12-25-56.jpg
344,248,2643.7993,521.55347,3157.5422,870.89526,cam_1_1690305956_12-25-56.jpg
344,200,1082.7455,532.08466,1547.943,755.2325,cam_1_1690305956_12-25-56.jpg
344,128,1000.587,490.3539,1491.0778,671.0437,cam_1_1690305956_12-25-56.jpg
344,219,1119.9226,592.9794,1698.7903,853.5705,cam_1_1690305956_12-25-56.jpg
344,250,1253.0646,655.4183,1915.4069,878.42377,cam_1_1690305956_12-25-56.jpg
344,143,2514.229,828.1908,3273.216,1654.6343,cam_1_1690305956_12-25-56.jpg
344,149,1283.2015,726.35815,1970.4379,1040.5839,cam_1_1690305956_12-25-56.jpg
344,214,2287.5002,605.8591,2560.2178,1159.557,cam_1_1690305956_12-25-56.jpg
344,130,2983.2275,827.0652,3488.4275,1482.4764,cam_1_1690305956_12-25-56.jpg
345,125,896.9674,403.9828,1337.6522,587.0567,cam_1_1690305971_12-26-11.jpg
345,140,2139.7812,362.57986,2443.4973,623.8768,cam_1_1690305971_12-26-11.jpg
345,248,2621.0198,515.0397,3139.3992,863.7043,cam_1_1690305971_12-26-11.jpg
345,200,1080.8661,533.6061,1546.5322,754.3153,cam_1_1690305971_12-26-11.jpg
345,128,994.7748,491.43384,1489.0114,672.1635,cam_1_1690305971_12-26-11.jpg
345,219,1122.5054,591.7722,1706.8185,854.836,cam_1_1690305971_12-26-11.jpg
345,250,1251.7805,653.8647,1914.4867,876.70996,cam_1_1690305971_12-26-11.jpg
345,143,2535.4072,828.6764,3287.461,1657.7794,cam_1_1690305971_12-26-11.jpg
345,149,1283.1207,725.7901,1963.7822,1040.8573,cam_1_1690305971_12-26-11.jpg
345,214,2293.5566,608.5027,2559.1804,1158.554,cam_1_1690305971_12-26-11.jpg
345,254,1969.3877,742.76776,2314.52,895.3607,cam_1_1690305971_12-26-11.jpg
345,130,2968.3516,830.2413,3509.5088,1471.4282,cam_1_1690305971_12-26-11.jpg
346,125,862.3729,326.24915,1341.1404,577.58386,cam_1_1690306106_12-28-26.jpg
346,140,2146.1885,361.1559,2437.9724,621.0661,cam_1_1690306106_12-28-26.jpg
346,200,1077.2374,534.6587,1556.97,752.3938,cam_1_1690306106_12-28-26.jpg
346,128,987.5744,495.80817,1444.4546,669.4149,cam_1_1690306106_12-28-26.jpg
346,219,1121.1483,590.83,1712.3757,854.87,cam_1_1690306106_12-28-26.jpg
346,250,1257.9213,659.0688,1916.0485,877.2492,cam_1_1690306106_12-28-26.jpg
346,143,2582.8386,829.33685,3215.9155,1644.4926,cam_1_1690306106_12-28-26.jpg
346,149,1283.6266,728.98987,1978.8577,1039.0017,cam_1_1690306106_12-28-26.jpg
346,214,2288.6394,604.80536,2556.4963,1147.9167,cam_1_1690306106_12-28-26.jpg
346,254,1976.2693,747.44775,2320.645,894.6184,cam_1_1690306106_12-28-26.jpg
346,130,2994.593,837.15393,3866.636,1427.4207,cam_1_1690306106_12-28-26.jpg
346,246,2604.4287,507.06085,3008.2405,819.03595,cam_1_1690306106_12-28-26.jpg
347,125,852.89374,299.62952,1319.9764,574.7685,cam_1_1690306151_12-29-11.jpg
347,140,2142.7983,363.5953,2432.24,630.2697,cam_1_1690306151_12-29-11.jpg
347,200,1077.9482,531.576,1556.0826,751.5102,cam_1_1690306151_12-29-11.jpg
347,128,984.542,494.4409,1420.6833,669.49243,cam_1_1690306151_12-29-11.jpg
347,219,1120.0579,591.7942,1709.2867,854.2724,cam_1_1690306151_12-29-11.jpg
347,250,1254.6937,657.4424,1914.631,877.2246,cam_1_1690306151_12-29-11.jpg
347,143,2599.9197,823.65515,3228.607,1639.5986,cam_1_1690306151_12-29-11.jpg
347,149,1283.878,731.6199,1984.3022,1039.496,cam_1_1690306151_12-29-11.jpg
347,214,2294.7397,604.91547,2585.556,1145.1792,cam_1_1690306151_12-29-11.jpg
347,254,1988.1608,745.6624,2326.9312,895.3149,cam_1_1690306151_12-29-11.jpg
347,130,3005.3682,840.1125,3977.3381,1414.005,cam_1_1690306151_12-29-11.jpg
347,246,2607.368,506.41196,3012.0457,822.6192,cam_1_1690306151_12-29-11.jpg
348,125,871.65753,356.21585,1324.8632,573.69434,cam_1_1690306406_12-33-26.jpg
348,140,2140.9128,358.60638,2420.4639,625.0546,cam_1_1690306406_12-33-26.jpg
348,200,1082.1263,532.96185,1571.2032,750.9978,cam_1_1690306406_12-33-26.jpg
348,128,981.7177,499.46313,1455.5244,671.12396,cam_1_1690306406_12-33-26.jpg
348,219,1123.0411,594.302,1712.4679,852.8709,cam_1_1690306406_12-33-26.jpg
348,250,1252.4774,666.19806,1904.3398,874.9774,cam_1_1690306406_12-33-26.jpg
348,149,1281.3845,734.3461,1990.5933,1039.4022,cam_1_1690306406_12-33-26.jpg
348,254,1986.6923,742.3453,2425.7168,908.9241,cam_1_1690306406_12-33-26.jpg
348,130,3260.9731,829.8749,3891.1626,1370.5494,cam_1_1690306406_12-33-26.jpg
348,220,2945.3604,648.3175,3283.957,1099.6757,cam_1_1690306406_12-33-26.jpg
348,231,516.61505,713.4339,961.1429,1553.6676,cam_1_1690306406_12-33-26.jpg
349,125,808.7738,318.65945,1302.204,643.92065,cam_1_1690306421_12-33-41.jpg
349,200,1083.9612,536.7634,1565.4388,751.1475,cam_1_1690306421_12-33-41.jpg
349,128,986.435,497.78998,1475.7708,671.467,cam_1_1690306421_12-33-41.jpg
349,219,1126.3163,596.74945,1707.7863,854.75433,cam_1_1690306421_12-33-41.jpg
349,250,1254.4802,672.39734,1877.4897,878.3402,cam_1_1690306421_12-33-41.jpg
349,149,1282.7522,744.4984,1998.617,1038.8325,cam_1_1690306421_12-33-41.jpg
349,254,1979.6385,744.50214,2460.4185,905.6359,cam_1_1690306421_12-33-41.jpg
349,130,3408.692,812.9316,3817.7803,1344.0093,cam_1_1690306421_12-33-41.jpg
349,255,3792.93,839.023,4151.882,1276.1178,cam_1_1690306421_12-33-41.jpg
349,220,2906.826,671.9692,3299.1072,1117.7327,cam_1_1690306421_12-33-41.jpg
349,178,2056.9053,350.6108,2287.0618,614.26935,cam_1_1690306421_12-33-41.jpg
350,125,852.709,357.99496,1305.3116,604.77783,cam_1_1690306586_12-36-26.jpg
350,200,1084.0461,535.0417,1561.8854,752.43604,cam_1_1690306586_12-36-26.jpg
350,128,984.7399,494.57526,1490.785,677.271,cam_1_1690306586_12-36-26.jpg
350,219,1126.9547,597.52075,1710.7338,855.79193,cam_1_1690306586_12-36-26.jpg
350,250,1258.2074,674.5296,1891.8744,877.2896,cam_1_1690306586_12-36-26.jpg
350,149,1279.7362,743.56006,2001.6329,1037.91,cam_1_1690306586_12-36-26.jpg
350,254,1990.7694,738.72235,2450.091,903.0869,cam_1_1690306586_12-36-26.jpg
350,143,2402.719,759.9645,3100.2747,1334.5945,cam_1_1690306586_12-36-26.jpg
350,214,2281.9185,613.91516,2869.184,913.77155,cam_1_1690306586_12-36-26.jpg
351,125,871.5497,384.59802,1308.3306,585.0211,cam_1_1690306661_12-37-41.jpg
351,200,1081.7736,535.06024,1566.4807,752.18085,cam_1_1690306661_12-37-41.jpg
351,128,980.3877,493.3942,1491.089,680.39825,cam_1_1690306661_12-37-41.jpg
351,219,1122.1946,596.3706,1707.2156,853.24384,cam_1_1690306661_12-37-41.jpg
351,250,1255.4069,675.98566,1868.7888,876.79004,cam_1_1690306661_12-37-41.jpg
351,149,1280.0327,746.7405,1999.584,1039.0394,cam_1_1690306661_12-37-41.jpg
351,254,1986.1641,737.5436,2448.1418,898.14484,cam_1_1690306661_12-37-41.jpg
351,257,935.52655,451.58994,1376.3405,617.3566,cam_1_1690306661_12-37-41.jpg
351,143,2461.1729,792.69586,3317.3533,1452.8678,cam_1_1690306661_12-37-41.jpg
351,214,2273.7854,620.1756,2967.694,1047.0146,cam_1_1690306661_12-37-41.jpg
351,130,2999.2185,845.17487,3882.028,1367.7167,cam_1_1690306661_12-37-41.jpg
352,125,877.4223,391.19376,1315.7838,576.20074,cam_1_1690306691_12-38-11.jpg
352,200,1082.4972,535.8749,1568.0255,754.4476,cam_1_1690306691_12-38-11.jpg
352,128,984.4551,494.3951,1497.6058,681.5075,cam_1_1690306691_12-38-11.jpg
352,219,1121.7941,598.04236,1711.0856,855.3616,cam_1_1690306691_12-38-11.jpg
352,250,1256.1042,678.47345,1842.2891,877.04956,cam_1_1690306691_12-38-11.jpg
352,149,1280.5281,750.72845,2005.6511,1036.495,cam_1_1690306691_12-38-11.jpg
352,254,1978.4243,745.0094,2404.6765,895.3163,cam_1_1690306691_12-38-11.jpg
352,257,938.64484,455.4936,1383.8845,621.163,cam_1_1690306691_12-38-11.jpg
352,143,2482.8806,797.9449,3392.5574,1486.7347,cam_1_1690306691_12-38-11.jpg
352,214,2248.0593,632.1274,3004.4995,1055.3351,cam_1_1690306691_12-38-11.jpg
352,259,3503.5686,719.567,3781.028,1009.7787,cam_1_1690306691_12-38-11.jpg
352,130,2934.3696,849.42487,3895.725,1398.0737,cam_1_1690306691_12-38-11.jpg
353,125,877.28955,394.01614,1314.7985,573.91437,cam_1_1690306781_12-39-41.jpg
353,200,1085.2947,534.21216,1564.572,754.0155,cam_1_1690306781_12-39-41.jpg
353,128,981.1268,493.27527,1508.2812,680.2179,cam_1_1690306781_12-39-41.jpg
353,219,1129.0918,597.76044,1704.6587,850.5446,cam_1_1690306781_12-39-41.jpg
353,250,1258.3842,681.45386,1829.3295,879.70654,cam_1_1690306781_12-39-41.jpg
353,149,1283.8757,752.47363,2007.1959,1034.6208,cam_1_1690306781_12-39-41.jpg
353,254,1973.8756,748.21497,2396.7927,894.92975,cam_1_1690306781_12-39-41.jpg
353,257,937.7714,456.64932,1379.6907,623.36395,cam_1_1690306781_12-39-41.jpg
353,143,2491.45,799.42114,3429.0232,1480.5602,cam_1_1690306781_12-39-41.jpg
353,214,2240.0906,636.8497,3020.428,1067.7207,cam_1_1690306781_12-39-41.jpg
353,259,3518.0908,716.11346,3795.9924,997.1907,cam_1_1690306781_12-39-41.jpg
353,130,2943.3008,863.52405,3913.399,1415.805,cam_1_1690306781_12-39-41.jpg
354,125,879.8963,396.35306,1319.6431,575.0972,cam_1_1690306841_12-40-41.jpg
354,200,1084.984,530.6404,1572.4755,752.34985,cam_1_1690306841_12-40-41.jpg
354,128,979.63556,491.40683,1512.8998,681.1492,cam_1_1690306841_12-40-41.jpg
354,219,1134.8008,597.4033,1704.2482,853.768,cam_1_1690306841_12-40-41.jpg
354,250,1260.0151,682.155,1757.0812,881.06604,cam_1_1690306841_12-40-41.jpg
354,149,1288.5363,753.12714,2025.4526,1034.5393,cam_1_1690306841_12-40-41.jpg
354,254,1984.9819,742.0822,2417.2024,893.5206,cam_1_1690306841_12-40-41.jpg
354,257,935.0052,453.92728,1386.9705,621.57715,cam_1_1690306841_12-40-41.jpg
354,143,2478.5273,799.59436,3430.8994,1481.6595,cam_1_1690306841_12-40-41.jpg
354,214,2236.231,629.6744,3023.1038,1076.694,cam_1_1690306841_12-40-41.jpg
354,259,3519.277,718.37866,3784.6423,987.7827,cam_1_1690306841_12-40-41.jpg
354,130,2919.111,870.53345,3920.7424,1434.0027,cam_1_1690306841_12-40-41.jpg
355,125,881.11957,395.36984,1317.6477,574.7596,cam_1_1690306976_12-42-56.jpg
355,200,1085.0908,529.72656,1581.606,751.8267,cam_1_1690306976_12-42-56.jpg
355,128,980.4601,490.53082,1510.6476,680.99225,cam_1_1690306976_12-42-56.jpg
355,219,1136.0059,597.56165,1703.8799,854.8429,cam_1_1690306976_12-42-56.jpg
355,250,1256.3376,679.53156,1741.2992,882.543,cam_1_1690306976_12-42-56.jpg
355,149,1289.4576,753.35547,2020.6808,1035.2681,cam_1_1690306976_12-42-56.jpg
355,254,1970.7396,744.1258,2379.2117,894.5227,cam_1_1690306976_12-42-56.jpg
355,257,929.6138,451.188,1384.6409,621.09534,cam_1_1690306976_12-42-56.jpg
355,143,2464.746,791.79584,3423.6372,1476.8425,cam_1_1690306976_12-42-56.jpg
355,214,2233.0718,643.76605,3028.5369,1080.2678,cam_1_1690306976_12-42-56.jpg
355,259,3481.468,717.315,3757.9956,984.7334,cam_1_1690306976_12-42-56.jpg
355,130,2967.7078,878.46313,3898.0256,1427.1617,cam_1_1690306976_12-42-56.jpg
355,261,1773.683,689.21204,2235.086,883.56116,cam_1_1690306976_12-42-56.jpg
356,125,881.2351,395.24445,1322.951,574.2934,cam_1_1690307036_12-43-56.jpg
356,200,1086.3052,531.68207,1584.6562,751.10876,cam_1_1690307036_12-43-56.jpg
356,128,982.56586,491.91727,1511.9374,681.4039,cam_1_1690307036_12-43-56.jpg
356,219,1134.8159,599.3403,1703.8773,854.9497,cam_1_1690307036_12-43-56.jpg
356,250,1254.666,681.81836,1728.9614,882.8882,cam_1_1690307036_12-43-56.jpg
356,149,1290.7944,752.95935,2022.4259,1035.5836,cam_1_1690307036_12-43-56.jpg
356,254,1965.8365,739.16315,2405.5583,894.0047,cam_1_1690307036_12-43-56.jpg
356,257,928.8911,453.65268,1384.4009,622.0336,cam_1_1690307036_12-43-56.jpg
356,143,2482.7256,794.057,3489.441,1476.7615,cam_1_1690307036_12-43-56.jpg
356,214,2228.4739,638.96313,3030.8901,1054.4265,cam_1_1690307036_12-43-56.jpg
356,259,3489.8408,717.505,3762.4072,966.1531,cam_1_1690307036_12-43-56.jpg
356,130,3051.4165,887.1331,3851.3276,1406.2719,cam_1_1690307036_12-43-56.jpg
356,261,1775.9912,691.94415,2240.7632,881.5366,cam_1_1690307036_12-43-56.jpg
357,125,879.87,396.47427,1327.4563,573.26276,cam_1_1690307156_12-45-56.jpg
357,200,1086.9926,535.0967,1586.533,749.6466,cam_1_1690307156_12-45-56.jpg
357,128,988.00055,494.20743,1512.124,679.8988,cam_1_1690307156_12-45-56.jpg
357,219,1128.2421,599.6167,1711.529,855.2812,cam_1_1690307156_12-45-56.jpg
357,250,1257.8346,682.80896,1789.0486,880.7638,cam_1_1690307156_12-45-56.jpg
357,149,1282.7235,752.0375,2019.0604,1035.7069,cam_1_1690307156_12-45-56.jpg
357,254,1973.1384,734.68317,2448.49,893.2241,cam_1_1690307156_12-45-56.jpg
357,257,928.0953,453.83353,1390.9945,622.08124,cam_1_1690307156_12-45-56.jpg
357,143,2440.919,777.8962,3496.473,1496.7274,cam_1_1690307156_12-45-56.jpg
357,259,3503.0266,713.4976,3775.444,968.90796,cam_1_1690307156_12-45-56.jpg
357,130,3097.1892,900.54315,3876.1064,1430.1902,cam_1_1690307156_12-45-56.jpg
357,248,2458.2866,653.75616,2988.9634,927.4027,cam_1_1690307156_12-45-56.jpg
358,125,874.9001,402.759,1259.4287,576.7912,cam_1_1690307351_12-49-11.jpg
358,128,986.16064,498.76212,1382.3252,692.7952,cam_1_1690307351_12-49-11.jpg
358,219,1189.058,621.3385,1716.1853,868.33685,cam_1_1690307351_12-49-11.jpg
358,149,1279.8727,738.7008,1867.7539,1029.4335,cam_1_1690307351_12-49-11.jpg
358,257,922.00946,450.55896,1316.8175,623.4318,cam_1_1690307351_12-49-11.jpg
358,143,2486.7417,806.0185,3504.857,1463.3021,cam_1_1690307351_12-49-11.jpg
358,130,3126.5305,907.987,3887.7065,1362.9283,cam_1_1690307351_12-49-11.jpg
358,225,3050.5754,595.24036,3417.8362,955.9859,cam_1_1690307351_12-49-11.jpg
358,261,1746.908,654.0772,2516.6475,1096.5804,cam_1_1690307351_12-49-11.jpg
359,125,877.9638,400.36072,1257.591,577.9455,cam_1_1690307381_12-49-41.jpg
359,128,991.9961,497.90048,1396.3535,694.8654,cam_1_1690307381_12-49-41.jpg
359,219,1222.41,628.7984,1749.6772,873.67065,cam_1_1690307381_12-49-41.jpg
359,149,1278.8843,735.458,1807.3217,1025.835,cam_1_1690307381_12-49-41.jpg
359,257,921.78436,447.0771,1295.7762,627.2229,cam_1_1690307381_12-49-41.jpg
359,143,2424.4788,778.652,3352.6145,1487.6951,cam_1_1690307381_12-49-41.jpg
359,130,3154.759,909.8572,3886.3525,1329.9459,cam_1_1690307381_12-49-41.jpg
359,262,1539.5558,297.98456,1898.3646,590.82166,cam_1_1690307381_12-49-41.jpg
359,225,2973.2063,578.9779,3473.518,943.5352,cam_1_1690307381_12-49-41.jpg
359,261,1733.3877,648.621,2569.585,1142.2969,cam_1_1690307381_12-49-41.jpg
360,125,875.3573,395.23,1308.5564,572.42804,cam_1_1690307396_12-49-56.jpg
360,128,985.8099,494.46976,1472.8547,685.3659,cam_1_1690307396_12-49-56.jpg
360,219,1199.3184,577.30273,1815.3928,880.62573,cam_1_1690307396_12-49-56.jpg
360,149,1280.9705,729.948,1786.9143,1022.77997,cam_1_1690307396_12-49-56.jpg
360,257,929.5688,448.17307,1370.8446,625.8402,cam_1_1690307396_12-49-56.jpg
360,143,2396.9016,765.608,3288.422,1499.7495,cam_1_1690307396_12-49-56.jpg
360,130,3168.2444,889.2262,3837.642,1364.2754,cam_1_1690307396_12-49-56.jpg
360,225,2984.0967,579.02106,3472.3315,939.5777,cam_1_1690307396_12-49-56.jpg
360,261,1727.3733,647.52057,2580.6997,1159.9613,cam_1_1690307396_12-49-56.jpg
360,200,1088.5668,519.3573,1574.9065,743.9626,cam_1_1690307396_12-49-56.jpg
361,125,881.05054,391.50153,1337.5038,573.331,cam_1_1690307651_12-54-11.jpg
361,128,997.6771,487.58612,1511.4366,690.345,cam_1_1690307651_12-54-11.jpg
361,219,1130.2935,543.4454,1809.2496,951.52203,cam_1_1690307651_12-54-11.jpg
361,149,1281.8666,732.81256,1753.5535,1021.33887,cam_1_1690307651_12-54-11.jpg
361,257,930.976,441.9271,1394.694,629.10736,cam_1_1690307651_12-54-11.jpg
361,143,2377.6875,749.00946,3400.2073,1495.8501,cam_1_1690307651_12-54-11.jpg
361,130,3170.3738,894.0119,3869.3145,1379.5651,cam_1_1690307651_12-54-11.jpg
361,225,3024.7886,583.9482,3382.2708,959.6923,cam_1_1690307651_12-54-11.jpg
361,261,1683.2522,650.491,2565.0159,1169.6921,cam_1_1690307651_12-54-11.jpg
361,178,1855.9924,490.37646,2424.466,681.9653,cam_1_1690307651_12-54-11.jpg
362,125,881.2923,388.92587,1335.4437,573.66235,cam_1_1690307921_12-58-41.jpg
362,128,1001.7774,485.09146,1527.5448,692.1888,cam_1_1690307921_12-58-41.jpg
362,219,1099.8381,530.31,1810.5067,978.1481,cam_1_1690307921_12-58-41.jpg
362,149,1280.1957,738.9191,1715.8595,1021.2772,cam_1_1690307921_12-58-41.jpg
362,257,927.4673,440.10303,1404.8507,630.395,cam_1_1690307921_12-58-41.jpg
362,143,2357.6917,735.82965,3388.1099,1492.5372,cam_1_1690307921_12-58-41.jpg
362,130,3150.392,899.30963,3863.128,1374.0631,cam_1_1690307921_12-58-41.jpg
362,225,3020.1357,586.5914,3270.5156,962.35223,cam_1_1690307921_12-58-41.jpg
362,261,1621.5845,647.9345,2518.1692,1168.028,cam_1_1690307921_12-58-41.jpg
363,125,885.42896,387.93594,1338.811,571.9533,cam_1_1690308101_13-01-41.jpg
363,128,1001.0024,483.943,1531.0078,690.977,cam_1_1690308101_13-01-41.jpg
363,219,1093.5101,523.1743,1803.5353,991.36316,cam_1_1690308101_13-01-41.jpg
363,149,1282.3103,743.0609,1713.6854,1020.3519,cam_1_1690308101_13-01-41.jpg
363,257,927.1995,437.7685,1398.1974,625.958,cam_1_1690308101_13-01-41.jpg
363,143,2412.3467,775.3966,3321.4988,1481.5416,cam_1_1690308101_13-01-41.jpg
363,130,3178.9897,908.70325,3876.8733,1369.5737,cam_1_1690308101_13-01-41.jpg
363,225,3022.2148,590.8462,3251.1353,975.499,cam_1_1690308101_13-01-41.jpg
363,261,1611.3076,651.88556,2500.0679,1169.573,cam_1_1690308101_13-01-41.jpg
363,186,1523.8596,379.6794,2078.2986,670.9549,cam_1_1690308101_13-01-41.jpg
363,248,2403.7625,613.6158,2871.772,874.2124,cam_1_1690308101_13-01-41.jpg
364,125,886.3401,389.78592,1341.6923,573.1072,cam_1_1690308176_13-02-56.jpg
364,128,1007.82336,484.32492,1535.0812,694.5171,cam_1_1690308176_13-02-56.jpg
364,219,1075.4977,517.144,1768.6761,996.92004,cam_1_1690308176_13-02-56.jpg
364,149,1277.6981,742.6434,1707.097,1020.52386,cam_1_1690308176_13-02-56.jpg
364,257,929.4942,439.37433,1406.1342,628.8471,cam_1_1690308176_13-02-56.jpg
364,143,2432.7327,785.36676,3424.0698,1464.1676,cam_1_1690308176_13-02-56.jpg
364,130,3179.4373,903.8882,3874.3333,1335.1426,cam_1_1690308176_13-02-56.jpg
364,261,1581.4907,650.34424,2471.3132,1172.7999,cam_1_1690308176_13-02-56.jpg
364,186,1530.041,379.5548,2085.0125,669.8759,cam_1_1690308176_13-02-56.jpg
364,248,2401.7898,614.79865,2898.6162,869.21814,cam_1_1690308176_13-02-56.jpg
365,125,885.9804,389.6921,1344.1187,572.3892,cam_1_1690308191_13-03-11.jpg
365,128,993.0786,483.90878,1517.7465,685.67804,cam_1_1690308191_13-03-11.jpg
365,219,1066.7358,514.20996,1735.8956,1001.3486,cam_1_1690308191_13-03-11.jpg
365,149,1277.7214,743.0526,1705.986,1020.43634,cam_1_1690308191_13-03-11.jpg
365,257,927.52264,437.48624,1391.5846,625.37946,cam_1_1690308191_13-03-11.jpg
365,143,2442.6304,777.96155,3447.2705,1466.5413,cam_1_1690308191_13-03-11.jpg
365,130,3174.4868,903.92145,3866.2776,1314.0667,cam_1_1690308191_13-03-11.jpg
365,261,1567.8248,648.4256,2470.665,1175.8048,cam_1_1690308191_13-03-11.jpg
365,186,1534.4822,379.48007,2088.5117,630.75165,cam_1_1690308191_13-03-11.jpg
365,248,2418.9146,606.5264,2879.8882,871.42194,cam_1_1690308191_13-03-11.jpg
365,178,1897.4827,487.11633,2477.5063,686.317,cam_1_1690308191_13-03-11.jpg
366,125,884.3052,387.99252,1339.071,570.67285,cam_1_1690308461_13-07-41.jpg
366,219,1107.1578,475.88098,1805.2913,947.4639,cam_1_1690308461_13-07-41.jpg
366,149,1275.2733,743.89905,1714.5466,1022.1219,cam_1_1690308461_13-07-41.jpg
366,257,926.1725,434.5194,1396.7725,621.0889,cam_1_1690308461_13-07-41.jpg
366,143,2430.0906,781.3125,3479.4927,1450.7759,cam_1_1690308461_13-07-41.jpg
366,130,3164.5818,902.5342,3873.5752,1348.0327,cam_1_1690308461_13-07-41.jpg
366,261,1571.9432,653.30554,2470.6301,1183.2113,cam_1_1690308461_13-07-41.jpg
366,186,1531.2865,380.7049,2089.733,624.1786,cam_1_1690308461_13-07-41.jpg
366,248,2410.8987,612.65436,2860.5693,858.664,cam_1_1690308461_13-07-41.jpg
366,178,1965.7563,493.77182,2445.503,688.58417,cam_1_1690308461_13-07-41.jpg
367,125,881.6557,386.6309,1334.0851,569.42377,cam_1_1690308521_13-08-41.jpg
367,219,1114.4369,461.64114,1826.0795,928.4473,cam_1_1690308521_13-08-41.jpg
367,149,1276.4828,741.05994,1733.3302,1022.90424,cam_1_1690308521_13-08-41.jpg
367,257,924.41626,433.75803,1394.8792,620.3423,cam_1_1690308521_13-08-41.jpg
367,143,2435.8718,775.92993,3497.8345,1447.3599,cam_1_1690308521_13-08-41.jpg
367,130,3191.5708,905.00824,3877.464,1357.6284,cam_1_1690308521_13-08-41.jpg
367,261,1579.1407,653.9711,2462.1318,1183.4857,cam_1_1690308521_13-08-41.jpg
367,186,1567.0234,381.9224,2083.3408,620.6439,cam_1_1690308521_13-08-41.jpg
367,248,2407.3633,615.2283,2891.624,865.77686,cam_1_1690308521_13-08-41.jpg
367,178,1940.2372,493.4538,2512.5366,694.97064,cam_1_1690308521_13-08-41.jpg
368,125,886.57227,387.65897,1341.2501,567.25433,cam_1_1690308731_13-12-11.jpg
368,219,1104.5784,455.72397,1823.0459,923.6507,cam_1_1690308731_13-12-11.jpg
368,149,1274.1151,741.2495,1725.9235,1022.6016,cam_1_1690308731_13-12-11.jpg
368,257,919.6458,424.15967,1388.0769,601.3454,cam_1_1690308731_13-12-11.jpg
368,143,2512.8157,791.57965,3437.692,1494.6467,cam_1_1690308731_13-12-11.jpg
368,130,3124.2876,908.59143,3818.3696,1403.0189,cam_1_1690308731_13-12-11.jpg
368,261,1572.3429,653.3376,2455.5212,1174.7365,cam_1_1690308731_13-12-11.jpg
368,186,1630.7094,396.55167,2142.3352,603.4619,cam_1_1690308731_13-12-11.jpg
368,178,1921.1797,494.48785,2531.5806,711.09094,cam_1_1690308731_13-12-11.jpg
368,220,3034.633,738.94135,3341.2373,1100.9956,cam_1_1690308731_13-12-11.jpg
369,125,887.5687,388.71136,1336.3573,568.81995,cam_1_1690308776_13-12-56.jpg
369,219,1041.7142,498.31052,1778.4916,961.1524,cam_1_1690308776_13-12-56.jpg
369,149,1276.9053,741.7725,1723.4106,1021.2568,cam_1_1690308776_13-12-56.jpg
369,257,928.25287,435.81857,1403.2567,616.0781,cam_1_1690308776_13-12-56.jpg
369,143,2548.8582,795.1646,3330.053,1501.4996,cam_1_1690308776_13-12-56.jpg
369,130,3077.6406,919.48,3777.3264,1361.27,cam_1_1690308776_13-12-56.jpg
369,261,1571.5619,658.14856,2459.8987,1167.9324,cam_1_1690308776_13-12-56.jpg
369,186,1666.5435,388.73416,2150.0337,649.90686,cam_1_1690308776_13-12-56.jpg
369,220,3030.3428,733.5689,3343.531,1064.5123,cam_1_1690308776_13-12-56.jpg
369,128,997.09686,457.67725,1551.1978,613.9235,cam_1_1690308776_13-12-56.jpg
370,125,888.1019,390.09845,1335.3827,567.6355,cam_1_1690308791_13-13-11.jpg
370,219,1028.4426,515.256,1761.268,975.19586,cam_1_1690308791_13-13-11.jpg
370,149,1271.0381,735.58057,1714.0211,1018.255,cam_1_1690308791_13-13-11.jpg
370,257,928.0555,442.65048,1411.3601,622.96204,cam_1_1690308791_13-13-11.jpg
370,143,2562.1714,799.09467,3315.6929,1546.5072,cam_1_1690308791_13-13-11.jpg
370,130,3051.049,919.17914,3769.6604,1398.5996,cam_1_1690308791_13-13-11.jpg
370,261,1568.8055,657.7113,2456.2927,1164.3961,cam_1_1690308791_13-13-11.jpg
370,186,1654.794,391.98453,2177.0989,663.8838,cam_1_1690308791_13-13-11.jpg
370,220,2992.8254,722.3537,3336.2368,1033.1986,cam_1_1690308791_13-13-11.jpg
370,128,995.7759,454.39514,1555.4696,607.65875,cam_1_1690308791_13-13-11.jpg
371,125,888.36053,390.7465,1336.795,570.08215,cam_1_1690308806_13-13-26.jpg
371,219,1011.8619,521.7222,1753.5066,981.6777,cam_1_1690308806_13-13-26.jpg
371,149,1270.9003,740.6633,1719.335,1020.33075,cam_1_1690308806_13-13-26.jpg
371,257,937.858,448.4821,1418.6178,626.5801,cam_1_1690308806_13-13-26.jpg
371,143,2565.5547,800.9901,3312.6035,1566.9266,cam_1_1690308806_13-13-26.jpg
371,130,3080.6035,919.6584,3774.41,1387.4518,cam_1_1690308806_13-13-26.jpg
371,261,1566.105,651.6039,2426.8047,1163.254,cam_1_1690308806_13-13-26.jpg
371,186,1649.9816,398.5081,2184.0474,674.6231,cam_1_1690308806_13-13-26.jpg
371,220,2944.1567,718.70996,3326.2786,1079.8348,cam_1_1690308806_13-13-26.jpg
371,128,996.3239,454.42166,1549.9877,604.10724,cam_1_1690308806_13-13-26.jpg
372,125,889.1915,390.62704,1332.7672,569.5518,cam_1_1690308911_13-15-11.jpg
372,219,992.70184,527.11725,1746.9934,990.075,cam_1_1690308911_13-15-11.jpg
372,149,1276.061,751.25946,1719.1096,1024.2712,cam_1_1690308911_13-15-11.jpg
372,257,930.4026,442.05435,1400.6271,619.58203,cam_1_1690308911_13-15-11.jpg
372,143,2553.2278,807.1124,3382.1533,1498.84,cam_1_1690308911_13-15-11.jpg
372,130,3140.5269,920.7728,3904.604,1365.4932,cam_1_1690308911_13-15-11.jpg
372,261,1581.1849,657.22015,2451.7268,1165.0027,cam_1_1690308911_13-15-11.jpg
372,186,1691.8162,417.2244,2216.2178,681.0264,cam_1_1690308911_13-15-11.jpg
372,128,1002.1391,452.8042,1554.9207,599.4712,cam_1_1690308911_13-15-11.jpg
372,248,2469.604,575.80054,2975.1667,903.85156,cam_1_1690308911_13-15-11.jpg
373,125,885.1401,389.08023,1329.2142,568.53723,cam_1_1690308941_13-15-41.jpg
373,219,973.44495,527.98553,1740.4442,995.3142,cam_1_1690308941_13-15-41.jpg
373,149,1277.5336,748.5472,1725.652,1022.1367,cam_1_1690308941_13-15-41.jpg
373,257,923.4492,433.923,1377.7123,611.9404,cam_1_1690308941_13-15-41.jpg
373,143,2548.7888,807.38544,3424.7078,1468.8489,cam_1_1690308941_13-15-41.jpg
373,130,3128.5127,902.9753,3840.6133,1338.8866,cam_1_1690308941_13-15-41.jpg
373,261,1598.1285,655.61896,2448.0005,1166.6318,cam_1_1690308941_13-15-41.jpg
373,186,1721.0981,425.48807,2235.2212,679.6389,cam_1_1690308941_13-15-41.jpg
373,128,1001.15674,455.76874,1617.168,607.7663,cam_1_1690308941_13-15-41.jpg
373,270,1699.8876,396.6465,2061.1453,518.9024,cam_1_1690308941_13-15-41.jpg
373,248,2419.7417,569.81226,2964.5513,900.95514,cam_1_1690308941_13-15-41.jpg
374,125,879.6065,388.80893,1333.533,570.59875,cam_1_1690308986_13-16-26.jpg
374,219,971.111,528.1768,1730.5427,996.9937,cam_1_1690308986_13-16-26.jpg
374,149,1279.7788,747.66626,1722.0192,1021.1469,cam_1_1690308986_13-16-26.jpg
374,257,919.8453,430.03116,1371.4376,609.2152,cam_1_1690308986_13-16-26.jpg
374,143,2543.1633,811.03125,3469.7283,1472.5151,cam_1_1690308986_13-16-26.jpg
374,130,3169.3577,902.5813,3802.766,1301.009,cam_1_1690308986_13-16-26.jpg
374,261,1595.2992,659.44226,2458.6653,1165.7023,cam_1_1690308986_13-16-26.jpg
374,186,1723.0142,432.4979,2213.945,683.8834,cam_1_1690308986_13-16-26.jpg
374,128,1004.03394,455.6942,1579.6779,598.7801,cam_1_1690308986_13-16-26.jpg
375,125,911.6994,364.53506,1375.7699,533.61957,cam_1_1690309136_13-18-56.jpg
375,219,933.6209,525.3299,1701.7365,999.09845,cam_1_1690309136_13-18-56.jpg
375,149,1274.0138,748.51984,1704.7649,1022.3235,cam_1_1690309136_13-18-56.jpg
375,143,2472.2212,814.82,3492.2974,1455.2241,cam_1_1690309136_13-18-56.jpg
375,130,3176.5105,894.583,3868.1897,1371.2316,cam_1_1690309136_13-18-56.jpg
375,261,1558.8536,659.5964,2408.7986,1185.0383,cam_1_1690309136_13-18-56.jpg
375,128,992.85046,449.38406,1570.9858,580.272,cam_1_1690309136_13-18-56.jpg
375,271,1164.3984,202.8332,1436.229,390.2826,cam_1_1690309136_13-18-56.jpg
375,262,1493.9515,313.94165,1884.7635,513.3873,cam_1_1690309136_13-18-56.jpg
376,125,892.77094,357.4173,1425.0592,520.96844,cam_1_1690309151_13-19-11.jpg
376,219,913.2691,518.31775,1685.366,1003.782,cam_1_1690309151_13-19-11.jpg
376,149,1272.1183,745.6349,1718.4996,1024.4497,cam_1_1690309151_13-19-11.jpg
376,143,2443.0576,818.7976,3432.0078,1449.5868,cam_1_1690309151_13-19-11.jpg
376,130,3074.7683,877.3437,3867.1057,1393.718,cam_1_1690309151_13-19-11.jpg
376,261,1564.0118,660.6446,2390.2048,1191.2947,cam_1_1690309151_13-19-11.jpg
376,271,1134.9905,201.55948,1436.6051,369.84497,cam_1_1690309151_13-19-11.jpg
376,273,1760.3126,590.30896,2060.5015,727.0608,cam_1_1690309151_13-19-11.jpg
376,262,1437.2925,315.6857,1889.5522,511.771,cam_1_1690309151_13-19-11.jpg
377,125,881.71106,362.01898,1419.3381,523.54034,cam_1_1690309301_13-21-41.jpg
377,219,885.82697,520.28015,1674.5667,1007.0161,cam_1_1690309301_13-21-41.jpg
377,149,1267.3373,743.0238,1818.9011,1028.2507,cam_1_1690309301_13-21-41.jpg
377,143,2445.8335,880.38635,3411.9548,1478.9597,cam_1_1690309301_13-21-41.jpg
377,261,1662.8666,662.9601,2371.1123,1227.7429,cam_1_1690309301_13-21-41.jpg
377,273,1756.0177,597.9707,2028.4823,736.05786,cam_1_1690309301_13-21-41.jpg
377,262,1586.3281,257.7782,1955.8398,476.06613,cam_1_1690309301_13-21-41.jpg
377,214,2606.2554,824.1721,3401.711,1128.8948,cam_1_1690309301_13-21-41.jpg
378,219,882.1753,520.9433,1676.1594,1007.2203,cam_1_1690309316_13-21-56.jpg
378,149,1271.1265,739.1527,1776.5399,1026.9615,cam_1_1690309316_13-21-56.jpg
378,143,2455.2498,902.7589,3438.6836,1479.0312,cam_1_1690309316_13-21-56.jpg
378,261,1640.4342,667.38684,2366.9531,1224.7313,cam_1_1690309316_13-21-56.jpg
378,273,1763.1212,598.7583,2040.2933,740.85004,cam_1_1690309316_13-21-56.jpg
378,262,1643.2205,237.3008,1976.0358,460.3872,cam_1_1690309316_13-21-56.jpg
378,277,846.1566,465.0522,1470.1212,846.65375,cam_1_1690309316_13-21-56.jpg
378,214,2594.5073,820.19916,3439.9868,1148.1788,cam_1_1690309316_13-21-56.jpg
378,257,758.087,366.37335,1352.8741,736.403,cam_1_1690309316_13-21-56.jpg
379,219,956.2319,586.91254,1460.033,1179.6194,cam_1_1690309571_13-26-11.jpg
379,149,1299.6779,739.9924,1914.5215,1021.23206,cam_1_1690309571_13-26-11.jpg
379,273,1726.9387,608.8587,2022.2454,738.53845,cam_1_1690309571_13-26-11.jpg
379,277,830.4401,459.61096,1478.5385,904.0663,cam_1_1690309571_13-26-11.jpg
379,140,1946.6099,313.49332,2256.6804,572.3523,cam_1_1690309571_13-26-11.jpg
379,255,3634.832,755.84247,3971.7651,1204.3649,cam_1_1690309571_13-26-11.jpg
379,254,1965.2123,735.3987,2460.2007,906.6642,cam_1_1690309571_13-26-11.jpg
379,270,1684.1637,307.87347,1979.2786,517.0855,cam_1_1690309571_13-26-11.jpg
379,248,2359.1787,443.442,2816.928,765.0035,cam_1_1690309571_13-26-11.jpg
379,125,942.3822,385.4411,1362.5265,506.7209,cam_1_1690309571_13-26-11.jpg
380,149,1285.1581,735.31836,1919.2478,1030.0978,cam_1_1690309616_13-26-56.jpg
380,273,1724.5953,613.58203,2015.4163,728.2569,cam_1_1690309616_13-26-56.jpg
380,277,847.4117,461.60477,1521.2701,935.9265,cam_1_1690309616_13-26-56.jpg
380,280,986.4721,188.93976,1155.9246,413.99942,cam_1_1690309616_13-26-56.jpg
380,140,1975.8658,324.0354,2231.4438,563.8335,cam_1_1690309616_13-26-56.jpg
380,255,3572.3118,753.0778,4025.2693,1232.646,cam_1_1690309616_13-26-56.jpg
380,254,1972.0006,736.50464,2455.7212,910.0305,cam_1_1690309616_13-26-56.jpg
380,248,2427.9355,450.13953,2861.022,772.3535,cam_1_1690309616_13-26-56.jpg
380,125,956.9256,391.1352,1349.0748,498.0882,cam_1_1690309616_13-26-56.jpg
381,149,1279.7269,730.4679,1968.2725,1033.1143,cam_1_1690309691_13-28-11.jpg
381,273,1724.0562,613.13135,2005.272,726.53564,cam_1_1690309691_13-28-11.jpg
381,277,843.8445,466.42468,1531.2745,947.1066,cam_1_1690309691_13-28-11.jpg
381,280,984.6184,193.13824,1152.8036,417.62534,cam_1_1690309691_13-28-11.jpg
381,140,1956.1659,305.2164,2185.094,535.4464,cam_1_1690309691_13-28-11.jpg
381,255,3533.4343,727.9835,3915.0222,1204.7306,cam_1_1690309691_13-28-11.jpg
381,254,1970.4047,736.52545,2460.2786,908.3691,cam_1_1690309691_13-28-11.jpg
381,248,2453.3647,454.9328,2893.803,775.7901,cam_1_1690309691_13-28-11.jpg
381,125,967.9724,395.06546,1336.8218,501.24545,cam_1_1690309691_13-28-11.jpg
381,270,1722.5032,284.00214,1940.04,492.71152,cam_1_1690309691_13-28-11.jpg
382,149,1276.6409,727.91095,1993.856,1035.6061,cam_1_1690309736_13-28-56.jpg
382,273,1722.2559,609.30817,2010.7769,726.8197,cam_1_1690309736_13-28-56.jpg
382,277,812.6844,460.21964,1524.5112,934.8994,cam_1_1690309736_13-28-56.jpg
382,140,1966.4661,300.73212,2132.7615,532.3846,cam_1_1690309736_13-28-56.jpg
382,255,3507.9976,768.60767,3846.8093,1233.3901,cam_1_1690309736_13-28-56.jpg
382,254,1969.7953,737.9723,2462.1353,907.5619,cam_1_1690309736_13-28-56.jpg
382,125,958.8854,392.31543,1322.6877,502.6307,cam_1_1690309736_13-28-56.jpg
382,270,1631.3069,253.02892,1899.6786,461.66568,cam_1_1690309736_13-28-56.jpg
382,220,2706.9883,578.36646,3272.883,952.7601,cam_1_1690309736_13-28-56.jpg
383,149,1274.3824,725.02997,1978.5071,1034.0591,cam_1_1690309841_13-30-41.jpg
383,273,1729.955,611.69415,2016.3551,721.89667,cam_1_1690309841_13-30-41.jpg
383,140,1974.191,303.8158,2132.2993,532.7539,cam_1_1690309841_13-30-41.jpg
383,254,1974.476,733.8685,2464.1553,908.4127,cam_1_1690309841_13-30-41.jpg
383,125,903.2529,396.5623,1287.3668,544.9281,cam_1_1690309841_13-30-41.jpg
383,270,1673.4532,251.50156,1936.1226,458.43185,cam_1_1690309841_13-30-41.jpg
383,285,2197.2031,380.83707,2506.525,646.8864,cam_1_1690309841_13-30-41.jpg
383,220,2790.393,553.0723,3184.1929,923.58624,cam_1_1690309841_13-30-41.jpg
383,200,1104.2096,540.6933,1588.013,765.67676,cam_1_1690309841_13-30-41.jpg
383,225,2668.8635,527.4662,2877.3445,902.2155,cam_1_1690309841_13-30-41.jpg
383,128,923.12335,452.89285,1436.3651,622.7905,cam_1_1690309841_13-30-41.jpg
383,143,2268.5168,896.4093,3330.5005,1641.0112,cam_1_1690309841_13-30-41.jpg
383,248,2503.1555,460.85672,2873.3406,759.34534,cam_1_1690309841_13-30-41.jpg
384,149,1275.2657,728.1601,1968.2385,1036.4888,cam_1_1690310051_13-34-11.jpg
384,273,1729.6892,610.67084,2021.1976,723.6825,cam_1_1690310051_13-34-11.jpg
384,140,1917.5283,292.41437,2100.2551,520.9759,cam_1_1690310051_13-34-11.jpg
384,254,1976.1619,734.86646,2454.4607,909.6445,cam_1_1690310051_13-34-11.jpg
384,125,881.79175,399.3036,1277.5316,560.8125,cam_1_1690310051_13-34-11.jpg
384,270,1708.8076,253.90579,1933.9095,461.7714,cam_1_1690310051_13-34-11.jpg
384,285,2176.7827,376.31927,2426.6243,639.40155,cam_1_1690310051_13-34-11.jpg
384,220,2923.3413,575.27747,3430.2263,934.9301,cam_1_1690310051_13-34-11.jpg
384,200,1103.2871,542.6246,1590.9258,765.203,cam_1_1690310051_13-34-11.jpg
384,225,2622.7114,502.81104,2950.4165,842.1711,cam_1_1690310051_13-34-11.jpg
384,128,919.5636,453.98978,1428.2546,624.3603,cam_1_1690310051_13-34-11.jpg
384,130,2925.5718,902.8515,3789.812,1444.3627,cam_1_1690310051_13-34-11.jpg
385,149,1276.2391,728.32416,1963.2534,1039.194,cam_1_1690310096_13-34-56.jpg
385,273,1729.5421,608.0681,2019.2659,724.9835,cam_1_1690310096_13-34-56.jpg
385,140,1888.9072,277.76715,2057.0417,506.98718,cam_1_1690310096_13-34-56.jpg
385,254,1968.2935,735.75415,2447.9639,910.62024,cam_1_1690310096_13-34-56.jpg
385,125,874.1537,398.93494,1264.1167,566.39417,cam_1_1690310096_13-34-56.jpg
385,270,1726.3005,254.37952,1925.6625,461.18796,cam_1_1690310096_13-34-56.jpg
385,285,2158.1292,373.01184,2400.2722,637.43835,cam_1_1690310096_13-34-56.jpg
385,220,2892.6655,583.93555,3439.4592,960.1828,cam_1_1690310096_13-34-56.jpg
385,200,1101.5166,541.32806,1596.0503,765.0732,cam_1_1690310096_13-34-56.jpg
385,225,2608.311,498.33005,2972.6396,822.75793,cam_1_1690310096_13-34-56.jpg
385,128,914.2889,454.20526,1426.9849,627.5868,cam_1_1690310096_13-34-56.jpg
385,287,2310.3228,389.7267,2576.4197,673.54376,cam_1_1690310096_13-34-56.jpg
385,255,3547.0215,764.0561,3840.163,1217.0356,cam_1_1690310096_13-34-56.jpg
386,149,1282.7389,723.2448,1941.7625,1039.7466,cam_1_1690310156_13-35-56.jpg
386,273,1727.0032,608.46625,2026.9219,724.96606,cam_1_1690310156_13-35-56.jpg
386,140,1870.2855,270.71237,2038.9305,503.5265,cam_1_1690310156_13-35-56.jpg
386,254,1971.3032,736.26587,2451.579,910.7805,cam_1_1690310156_13-35-56.jpg
386,125,871.2568,399.19562,1259.2446,569.8735,cam_1_1690310156_13-35-56.jpg
386,270,1723.1176,254.01239,1907.5513,463.89954,cam_1_1690310156_13-35-56.jpg
386,285,2099.242,372.34024,2339.2258,641.5145,cam_1_1690310156_13-35-56.jpg
386,220,2886.142,566.76434,3322.5293,955.7466,cam_1_1690310156_13-35-56.jpg
386,200,1106.4216,541.75336,1589.384,764.7487,cam_1_1690310156_13-35-56.jpg
386,225,2604.2683,501.6456,2975.9702,815.5048,cam_1_1690310156_13-35-56.jpg
386,128,911.4968,454.2402,1425.5146,628.7534,cam_1_1690310156_13-35-56.jpg
386,287,2284.75,395.20715,2570.5166,670.8089,cam_1_1690310156_13-35-56.jpg
386,255,3556.207,755.40027,3835.7068,1206.6716,cam_1_1690310156_13-35-56.jpg
387,149,1281.5845,722.06635,1959.3354,1036.076,cam_1_1690310396_13-39-56.jpg
387,140,1840.404,264.2374,2031.6039,481.6995,cam_1_1690310396_13-39-56.jpg
387,125,869.6266,400.25433,1273.5582,572.0983,cam_1_1690310396_13-39-56.jpg
387,270,1731.6157,254.6514,1901.6136,458.14258,cam_1_1690310396_13-39-56.jpg
387,285,2088.5137,342.37012,2321.604,600.41064,cam_1_1690310396_13-39-56.jpg
387,220,2888.193,557.1691,3179.7114,933.55725,cam_1_1690310396_13-39-56.jpg
387,200,1102.8496,541.88464,1587.2316,765.103,cam_1_1690310396_13-39-56.jpg
387,225,2659.243,505.88834,2936.1423,851.1097,cam_1_1690310396_13-39-56.jpg
387,128,912.7903,454.55203,1419.4924,628.61194,cam_1_1690310396_13-39-56.jpg
387,287,2282.4387,399.35925,2497.7249,613.09955,cam_1_1690310396_13-39-56.jpg
387,178,1987.2131,571.839,2579.7502,872.76434,cam_1_1690310396_13-39-56.jpg
387,186,1664.6531,437.0782,2169.3953,719.6088,cam_1_1690310396_13-39-56.jpg
387,248,2521.9333,446.80533,2761.465,747.57794,cam_1_1690310396_13-39-56.jpg
388,149,1279.5614,725.5485,1966.008,1032.0349,cam_1_1690310561_13-42-41.jpg
388,140,1824.0436,265.4397,2015.0483,487.4372,cam_1_1690310561_13-42-41.jpg
388,125,892.55,399.06107,1293.4116,564.86005,cam_1_1690310561_13-42-41.jpg
388,270,1723.6134,255.15575,1891.26,454.88174,cam_1_1690310561_13-42-41.jpg
388,285,2039.521,334.8613,2264.9453,589.8419,cam_1_1690310561_13-42-41.jpg
388,200,1102.7753,545.282,1593.0261,762.84,cam_1_1690310561_13-42-41.jpg
388,225,2658.6877,500.80014,2922.4836,845.8247,cam_1_1690310561_13-42-41.jpg
388,128,912.9467,452.74826,1420.2498,625.39984,cam_1_1690310561_13-42-41.jpg
388,287,2198.017,363.69943,2421.4128,599.09607,cam_1_1690310561_13-42-41.jpg
388,178,2042.4419,575.4612,2571.0603,877.0147,cam_1_1690310561_13-42-41.jpg
388,248,2549.4548,455.71606,2747.1328,754.99,cam_1_1690310561_13-42-41.jpg
388,273,1711.9462,608.875,2016.5466,736.46436,cam_1_1690310561_13-42-41.jpg
389,149,1279.5754,734.43994,1982.0417,1027.568,cam_1_1690310591_13-43-11.jpg
389,140,1824.0139,264.36465,2005.6932,490.85254,cam_1_1690310591_13-43-11.jpg
389,125,854.7836,321.8398,1316.3004,544.3292,cam_1_1690310591_13-43-11.jpg
389,270,1721.98,258.1748,1892.0636,459.7043,cam_1_1690310591_13-43-11.jpg
389,285,2009.8407,331.47366,2252.37,589.1449,cam_1_1690310591_13-43-11.jpg
389,200,1100.7582,554.1747,1600.2065,763.0984,cam_1_1690310591_13-43-11.jpg
389,225,2645.7883,496.58688,2905.909,841.542,cam_1_1690310591_13-43-11.jpg
389,128,910.2063,451.75882,1419.5868,630.7651,cam_1_1690310591_13-43-11.jpg
389,287,2180.7654,351.3718,2386.0576,594.1601,cam_1_1690310591_13-43-11.jpg
389,178,2056.3765,577.06195,2571.099,878.87494,cam_1_1690310591_13-43-11.jpg
389,248,2560.5203,459.2819,2747.64,757.08124,cam_1_1690310591_13-43-11.jpg
389,290,1464.874,521.2554,1895.1099,659.9296,cam_1_1690310591_13-43-11.jpg
389,273,1706.8751,607.64124,2016.9792,739.12317,cam_1_1690310591_13-43-11.jpg
389,220,2975.6108,593.5586,3410.1433,979.94354,cam_1_1690310591_13-43-11.jpg
390,149,1278.3751,737.0221,1993.7494,1025.9508,cam_1_1690310636_13-43-56.jpg
390,140,1813.0251,266.3336,2008.739,492.81885,cam_1_1690310636_13-43-56.jpg
390,125,841.0494,297.4335,1323.4182,540.0079,cam_1_1690310636_13-43-56.jpg
390,270,1701.1158,251.93373,1875.5637,452.40775,cam_1_1690310636_13-43-56.jpg
390,285,2000.3705,330.11493,2239.0813,586.8823,cam_1_1690310636_13-43-56.jpg
390,200,1098.4855,561.0961,1599.9595,761.82074,cam_1_1690310636_13-43-56.jpg
390,225,2652.309,496.55423,2915.6226,838.69464,cam_1_1690310636_13-43-56.jpg
390,128,911.164,454.04263,1421.7839,633.37555,cam_1_1690310636_13-43-56.jpg
390,287,2167.0266,344.41522,2357.574,607.664,cam_1_1690310636_13-43-56.jpg
390,178,2117.227,571.4987,2649.1323,878.711,cam_1_1690310636_13-43-56.jpg
390,248,2565.505,462.65094,2748.1216,716.7329,cam_1_1690310636_13-43-56.jpg
390,290,1466.2432,522.6347,1900.5325,659.6821,cam_1_1690310636_13-43-56.jpg
390,273,1698.9971,607.4713,2011.9684,740.8917,cam_1_1690310636_13-43-56.jpg
390,220,2985.5945,602.4275,3447.7559,988.5619,cam_1_1690310636_13-43-56.jpg
390,254,1926.8008,679.3561,2258.818,879.6249,cam_1_1690310636_13-43-56.jpg
391,149,1279.4972,736.2415,2006.8259,1023.45044,cam_1_1690310756_13-45-56.jpg
391,140,1812.0312,262.8154,1995.9541,491.634,cam_1_1690310756_13-45-56.jpg
391,125,801.0103,295.9654,1296.3683,591.7282,cam_1_1690310756_13-45-56.jpg
391,270,1706.1687,254.52827,1872.816,457.10342,cam_1_1690310756_13-45-56.jpg
391,285,2001.3854,329.81506,2229.8132,585.3846,cam_1_1690310756_13-45-56.jpg
391,200,1098.4281,564.466,1599.4349,761.97394,cam_1_1690310756_13-45-56.jpg
391,225,2650.7498,494.10403,2919.9229,829.5152,cam_1_1690310756_13-45-56.jpg
391,128,914.48694,455.96942,1426.8348,629.2722,cam_1_1690310756_13-45-56.jpg
391,287,2151.4116,342.38623,2364.5781,609.55566,cam_1_1690310756_13-45-56.jpg
391,178,2113.038,572.5462,2689.4985,940.58704,cam_1_1690310756_13-45-56.jpg
391,248,2535.0361,459.3091,2746.3594,649.4249,cam_1_1690310756_13-45-56.jpg
391,290,1462.8188,525.1384,1905.823,662.8254,cam_1_1690310756_13-45-56.jpg
391,273,1699.042,606.11005,2004.5428,738.7048,cam_1_1690310756_13-45-56.jpg
391,220,2991.2827,608.431,3461.9355,993.4384,cam_1_1690310756_13-45-56.jpg
391,254,1902.0128,668.9278,2241.4695,872.16766,cam_1_1690310756_13-45-56.jpg
392,149,1278.9067,740.6026,2003.346,1026.8531,cam_1_1690310846_13-47-26.jpg
392,140,1806.6001,268.36603,2028.1974,496.41528,cam_1_1690310846_13-47-26.jpg
392,125,859.79285,368.24957,1321.002,581.8432,cam_1_1690310846_13-47-26.jpg
392,270,1697.787,250.01268,1876.8512,454.112,cam_1_1690310846_13-47-26.jpg
392,285,2003.907,332.1656,2229.5513,580.55695,cam_1_1690310846_13-47-26.jpg
392,200,1101.1632,560.00793,1595.6445,762.02515,cam_1_1690310846_13-47-26.jpg
392,225,2651.8364,495.59006,2919.879,827.89777,cam_1_1690310846_13-47-26.jpg
392,128,918.33453,455.40723,1431.0786,628.5116,cam_1_1690310846_13-47-26.jpg
392,287,2139.6274,344.7532,2370.3328,608.67664,cam_1_1690310846_13-47-26.jpg
392,178,2111.353,573.07166,2694.2551,945.3034,cam_1_1690310846_13-47-26.jpg
392,248,2525.7712,461.9066,2747.3857,631.7215,cam_1_1690310846_13-47-26.jpg
392,290,1478.7493,523.36597,1906.3511,660.45605,cam_1_1690310846_13-47-26.jpg
392,273,1701.6549,608.6601,2007.6532,742.66815,cam_1_1690310846_13-47-26.jpg
392,220,3001.1667,609.217,3460.5056,996.05695,cam_1_1690310846_13-47-26.jpg
392,254,1914.9153,669.8356,2234.0195,868.5745,cam_1_1690310846_13-47-26.jpg
392,257,670.3873,400.16013,935.05945,809.319,cam_1_1690310846_13-47-26.jpg
393,149,1278.0568,738.67365,1997.8052,1024.9392,cam_1_1690310891_13-48-11.jpg
393,140,1803.7267,271.24973,2042.2012,498.50137,cam_1_1690310891_13-48-11.jpg
393,125,825.40283,317.8507,1356.1412,639.5704,cam_1_1690310891_13-48-11.jpg
393,270,1697.1477,248.95673,1881.7827,450.90753,cam_1_1690310891_13-48-11.jpg
393,285,2010.5087,332.40887,2230.112,583.5007,cam_1_1690310891_13-48-11.jpg
393,200,1096.2863,561.95123,1573.0007,758.5248,cam_1_1690310891_13-48-11.jpg
393,225,2653.5803,495.9005,2915.533,825.14435,cam_1_1690310891_13-48-11.jpg
393,287,2136.4382,348.25156,2369.2712,607.928,cam_1_1690310891_13-48-11.jpg
393,178,2098.0557,574.48987,2709.221,905.4366,cam_1_1690310891_13-48-11.jpg
393,248,2514.5928,459.65387,2749.2402,623.5123,cam_1_1690310891_13-48-11.jpg
393,290,1477.0415,521.6571,1910.2698,661.17444,cam_1_1690310891_13-48-11.jpg
393,273,1698.3079,606.1991,2015.1975,742.4308,cam_1_1690310891_13-48-11.jpg
393,220,3001.6675,609.7606,3458.4824,995.77026,cam_1_1690310891_13-48-11.jpg
393,254,1909.8735,669.6479,2227.8022,866.3509,cam_1_1690310891_13-48-11.jpg
393,143,2336.6707,864.6465,3044.1736,1538.2942,cam_1_1690310891_13-48-11.jpg
394,149,1275.3898,739.1553,2002.752,1022.59015,cam_1_1690310921_13-48-41.jpg
394,140,1801.3545,273.39984,2040.2787,498.10287,cam_1_1690310921_13-48-41.jpg
394,125,815.2191,302.9871,1373.6039,656.8615,cam_1_1690310921_13-48-41.jpg
394,270,1694.1816,247.4733,1881.9082,449.57455,cam_1_1690310921_13-48-41.jpg
394,285,2001.6885,331.82172,2229.4802,572.6309,cam_1_1690310921_13-48-41.jpg
394,200,1092.755,563.1217,1562.826,758.7516,cam_1_1690310921_13-48-41.jpg
394,225,2634.7808,489.92233,2912.5027,821.7446,cam_1_1690310921_13-48-41.jpg
394,287,2133.4072,344.52286,2396.9524,606.95593,cam_1_1690310921_13-48-41.jpg
394,178,2115.7712,575.1003,2717.1409,889.0017,cam_1_1690310921_13-48-41.jpg
394,248,2510.0623,456.9086,2742.4465,616.83295,cam_1_1690310921_13-48-41.jpg
394,290,1462.7638,518.79724,1910.1068,662.78656,cam_1_1690310921_13-48-41.jpg
394,273,1698.2621,606.1364,2009.2683,740.6225,cam_1_1690310921_13-48-41.jpg
394,220,2999.2498,608.9614,3457.9504,992.3443,cam_1_1690310921_13-48-41.jpg
394,254,1907.0094,667.0683,2229.8315,868.43634,cam_1_1690310921_13-48-41.jpg
394,143,2356.0327,854.9363,3382.6729,1504.0934,cam_1_1690310921_13-48-41.jpg
395,149,1278.1786,741.1234,2005.8406,1022.1846,cam_1_1690311146_13-52-26.jpg
395,140,1860.6215,293.42645,2089.0217,510.15204,cam_1_1690311146_13-52-26.jpg
395,125,770.1834,301.63425,1361.4128,670.56757,cam_1_1690311146_13-52-26.jpg
395,270,1690.9867,247.74452,1897.2301,453.7441,cam_1_1690311146_13-52-26.jpg
395,285,2001.7194,326.72342,2228.587,566.8353,cam_1_1690311146_13-52-26.jpg
395,200,1093.9235,566.3639,1575.7601,761.05945,cam_1_1690311146_13-52-26.jpg
395,225,2630.0325,486.32272,2912.5547,820.3114,cam_1_1690311146_13-52-26.jpg
395,287,2131.2095,342.60397,2382.175,605.5024,cam_1_1690311146_13-52-26.jpg
395,178,2116.1543,574.43585,2720.7068,950.04193,cam_1_1690311146_13-52-26.jpg
395,248,2488.0886,459.45508,2747.895,616.04895,cam_1_1690311146_13-52-26.jpg
395,290,1471.4922,522.9732,1911.3291,665.43494,cam_1_1690311146_13-52-26.jpg
395,273,1702.328,606.2336,2005.3026,742.59454,cam_1_1690311146_13-52-26.jpg
395,220,3037.8147,633.8301,3422.629,1011.52966,cam_1_1690311146_13-52-26.jpg
395,254,1913.5754,669.1849,2226.5444,866.10925,cam_1_1690311146_13-52-26.jpg
395,255,3288.9875,693.5894,3877.2927,1117.8474,cam_1_1690311146_13-52-26.jpg
396,149,1278.8704,743.06195,2005.6547,1021.5837,cam_1_1690311176_13-52-56.jpg
396,140,1853.0823,295.0738,2087.5923,511.1785,cam_1_1690311176_13-52-56.jpg
396,125,774.9866,299.67575,1362.6099,659.6922,cam_1_1690311176_13-52-56.jpg
396,270,1690.841,247.58368,1892.9547,451.04514,cam_1_1690311176_13-52-56.jpg
396,285,2003.335,325.24722,2231.1045,564.19293,cam_1_1690311176_13-52-56.jpg
396,200,1083.799,567.2618,1552.5771,759.6884,cam_1_1690311176_13-52-56.jpg
396,225,2628.5884,485.7529,2910.6392,820.2711,cam_1_1690311176_13-52-56.jpg
396,287,2131.0083,343.3602,2374.5154,606.3644,cam_1_1690311176_13-52-56.jpg
396,178,2129.84,573.3857,2724.0283,967.4144,cam_1_1690311176_13-52-56.jpg
396,248,2484.2407,458.5159,2748.411,611.911,cam_1_1690311176_13-52-56.jpg
396,290,1476.3961,522.0876,1910.4307,662.7208,cam_1_1690311176_13-52-56.jpg
396,273,1702.4191,607.50946,2003.6399,744.1743,cam_1_1690311176_13-52-56.jpg
396,220,3056.1648,644.5038,3399.972,1021.5197,cam_1_1690311176_13-52-56.jpg
396,254,1923.2529,668.6576,2235.5366,867.7796,cam_1_1690311176_13-52-56.jpg
396,255,3279.6255,691.9,3877.761,1111.7491,cam_1_1690311176_13-52-56.jpg
397,149,1281.6548,746.53094,2003.8413,1027.8181,cam_1_1690311416_13-56-56.jpg
397,140,1819.7955,290.60114,2062.362,510.24976,cam_1_1690311416_13-56-56.jpg
397,125,799.04346,366.8983,1314.2063,799.6115,cam_1_1690311416_13-56-56.jpg
397,285,2000.7468,328.72318,2285.1685,577.3967,cam_1_1690311416_13-56-56.jpg
397,200,1133.1659,561.65393,1532.7283,753.75806,cam_1_1690311416_13-56-56.jpg
397,225,2625.8733,487.4416,2913.4443,799.5219,cam_1_1690311416_13-56-56.jpg
397,248,2473.4976,459.8107,2734.286,694.3461,cam_1_1690311416_13-56-56.jpg
397,290,1481.5969,522.9315,1903.1554,659.16693,cam_1_1690311416_13-56-56.jpg
397,273,1695.9379,609.1529,2002.8988,743.78107,cam_1_1690311416_13-56-56.jpg
397,220,3086.2856,618.533,3366.1025,1009.0975,cam_1_1690311416_13-56-56.jpg
397,254,1932.4207,672.1652,2239.3472,868.01874,cam_1_1690311416_13-56-56.jpg
397,143,2511.614,727.0417,3212.432,1366.904,cam_1_1690311416_13-56-56.jpg
398,149,1280.8088,749.6231,2008.3239,1029.7172,cam_1_1690311476_13-57-56.jpg
398,125,824.5737,417.09537,1323.2056,881.496,cam_1_1690311476_13-57-56.jpg
398,285,1935.77,349.52948,2214.8145,600.0906,cam_1_1690311476_13-57-56.jpg
398,200,1171.1351,561.0179,1526.886,750.72296,cam_1_1690311476_13-57-56.jpg
398,225,2627.2935,485.66602,2905.7957,794.2472,cam_1_1690311476_13-57-56.jpg
398,248,2474.822,459.6487,2739.08,713.76166,cam_1_1690311476_13-57-56.jpg
398,290,1476.5134,522.7818,1891.6223,659.5541,cam_1_1690311476_13-57-56.jpg
398,273,1694.1217,612.09045,1998.904,744.4692,cam_1_1690311476_13-57-56.jpg
398,220,3072.1858,608.2224,3322.845,958.29266,cam_1_1690311476_13-57-56.jpg
398,254,1936.9603,674.3215,2242.7075,868.8264,cam_1_1690311476_13-57-56.jpg
398,291,2861.6104,565.39545,3097.4812,878.145,cam_1_1690311476_13-57-56.jpg
398,143,2620.4143,745.9822,3444.101,1398.7623,cam_1_1690311476_13-57-56.jpg
398,287,2065.8984,332.32214,2330.0088,589.6325,cam_1_1690311476_13-57-56.jpg
399,149,1280.7484,750.258,2000.3989,1030.0143,cam_1_1690311566_13-59-26.jpg
399,285,1970.3944,336.1779,2210.3582,582.423,cam_1_1690311566_13-59-26.jpg
399,225,2616.9038,484.94803,2915.1611,792.55945,cam_1_1690311566_13-59-26.jpg
399,248,2468.0364,460.67325,2735.3645,744.14197,cam_1_1690311566_13-59-26.jpg
399,290,1527.8163,523.8776,1894.5609,650.5431,cam_1_1690311566_13-59-26.jpg
399,273,1703.4067,617.3875,2002.2555,740.7007,cam_1_1690311566_13-59-26.jpg
399,220,3041.8706,605.38904,3307.0513,896.9522,cam_1_1690311566_13-59-26.jpg
399,254,1937.6307,674.7131,2239.321,867.69135,cam_1_1690311566_13-59-26.jpg
399,291,2857.243,566.45593,3095.9595,869.29846,cam_1_1690311566_13-59-26.jpg
399,143,2600.1716,746.09467,3314.5386,1469.2203,cam_1_1690311566_13-59-26.jpg
399,287,2075.961,341.74088,2353.8503,606.4054,cam_1_1690311566_13-59-26.jpg
399,214,2931.0798,845.04517,3804.7656,1304.2954,cam_1_1690311566_13-59-26.jpg
399,277,1081.052,506.06717,1781.7529,926.76196,cam_1_1690311566_13-59-26.jpg
399,255,3170.8728,741.27057,3913.8777,1219.0568,cam_1_1690311566_13-59-26.jpg
400,149,1277.6417,748.1146,2021.8473,1033.3706,cam_1_1690311581_13-59-41.jpg
400,285,1980.0121,330.46896,2211.4885,565.1812,cam_1_1690311581_13-59-41.jpg
400,225,2617.5327,488.42856,2914.5112,795.88025,cam_1_1690311581_13-59-41.jpg
400,248,2463.338,462.21918,2742.3003,755.39874,cam_1_1690311581_13-59-41.jpg
400,290,1496.7513,518.4864,1897.2205,651.6632,cam_1_1690311581_13-59-41.jpg
400,273,1710.5004,614.82324,1999.0597,737.52313,cam_1_1690311581_13-59-41.jpg
400,220,3037.5874,601.98096,3304.3733,879.2282,cam_1_1690311581_13-59-41.jpg
400,254,1944.1047,676.4301,2240.6016,867.07635,cam_1_1690311581_13-59-41.jpg
400,291,2850.4243,565.39557,3087.8777,869.8029,cam_1_1690311581_13-59-41.jpg
400,143,2583.3958,765.5384,3319.558,1502.5486,cam_1_1690311581_13-59-41.jpg
400,287,2077.4133,344.93008,2365.962,610.41595,cam_1_1690311581_13-59-41.jpg
400,214,2918.7168,842.473,3816.695,1308.6655,cam_1_1690311581_13-59-41.jpg
400,277,1186.8314,614.2943,1815.666,897.538,cam_1_1690311581_13-59-41.jpg
400,255,3155.3313,747.49817,3919.5098,1231.1453,cam_1_1690311581_13-59-41.jpg
400,200,1103.5841,539.73737,1541.3552,759.1545,cam_1_1690311581_13-59-41.jpg
401,149,1276.3828,750.6127,2013.755,1034.9271,cam_1_1690311611_14-00-11.jpg
401,285,1992.5659,330.48404,2208.7637,566.8426,cam_1_1690311611_14-00-11.jpg
401,225,2613.9788,487.93167,2915.8237,806.8063,cam_1_1690311611_14-00-11.jpg
401,248,2461.5247,461.669,2738.6426,766.77264,cam_1_1690311611_14-00-11.jpg
401,290,1490.8552,518.7645,1896.6792,653.12445,cam_1_1690311611_14-00-11.jpg
401,273,1705.3842,614.78516,1998.6686,737.21094,cam_1_1690311611_14-00-11.jpg
401,220,2990.5125,607.9623,3269.6387,872.6333,cam_1_1690311611_14-00-11.jpg
401,254,1945.0011,676.16095,2238.4827,863.3613,cam_1_1690311611_14-00-11.jpg
401,291,2829.0684,555.8038,3085.3965,876.9411,cam_1_1690311611_14-00-11.jpg
401,143,2581.0632,782.34045,3407.0725,1487.9811,cam_1_1690311611_14-00-11.jpg
401,287,2083.0303,347.1477,2371.33,611.07916,cam_1_1690311611_14-00-11.jpg
401,214,2914.7258,835.94073,3785.9512,1309.7863,cam_1_1690311611_14-00-11.jpg
401,277,1228.0424,648.53253,1830.908,890.7423,cam_1_1690311611_14-00-11.jpg
401,255,3166.8884,750.5257,3927.3452,1232.2128,cam_1_1690311611_14-00-11.jpg
401,200,1090.6718,540.25757,1572.5526,764.04944,cam_1_1690311611_14-00-11.jpg
402,149,1276.3954,750.1272,2022.8064,1036.773,cam_1_1690311716_14-01-56.jpg
402,225,2610.6497,482.0288,2915.8838,802.3863,cam_1_1690311716_14-01-56.jpg
402,248,2453.8145,460.14545,2739.834,774.6656,cam_1_1690311716_14-01-56.jpg
402,290,1494.012,515.96454,1897.7618,651.42084,cam_1_1690311716_14-01-56.jpg
402,273,1705.0065,612.66425,2005.3402,733.6508,cam_1_1690311716_14-01-56.jpg
402,220,2967.2183,584.41693,3232.3276,861.5283,cam_1_1690311716_14-01-56.jpg
402,254,1939.6641,675.651,2237.2703,862.1282,cam_1_1690311716_14-01-56.jpg
402,291,2825.0896,558.3303,3050.3784,859.6377,cam_1_1690311716_14-01-56.jpg
402,143,2630.534,812.0132,3404.3457,1502.8264,cam_1_1690311716_14-01-56.jpg
402,287,2111.9028,364.0044,2436.0237,632.3652,cam_1_1690311716_14-01-56.jpg
402,214,2905.846,829.25775,3786.713,1316.452,cam_1_1690311716_14-01-56.jpg
402,277,1240.2814,647.6754,1859.6544,890.61304,cam_1_1690311716_14-01-56.jpg
402,255,3176.508,759.0443,3962.4172,1231.832,cam_1_1690311716_14-01-56.jpg
402,200,1084.7855,531.24725,1582.2782,765.3541,cam_1_1690311716_14-01-56.jpg
403,149,1280.2638,749.7309,2023.4574,1035.3771,cam_1_1690311791_14-03-11.jpg
403,225,2611.0356,484.725,2913.5679,799.59393,cam_1_1690311791_14-03-11.jpg
403,248,2454.8955,459.14352,2744.765,770.17755,cam_1_1690311791_14-03-11.jpg
403,290,1496.0853,515.19183,1890.3585,648.9276,cam_1_1690311791_14-03-11.jpg
403,273,1701.399,608.6148,2008.2618,735.20135,cam_1_1690311791_14-03-11.jpg
403,220,2975.3816,580.812,3219.0654,864.337,cam_1_1690311791_14-03-11.jpg
403,254,1946.3467,678.17285,2239.0076,866.2904,cam_1_1690311791_14-03-11.jpg
403,291,2813.7786,562.6255,3050.2305,852.9479,cam_1_1690311791_14-03-11.jpg
403,143,2613.59,813.26605,3461.5876,1520.7446,cam_1_1690311791_14-03-11.jpg
403,287,2121.0762,367.7915,2452.5605,645.65753,cam_1_1690311791_14-03-11.jpg
403,214,2901.6775,823.7175,3802.428,1317.4213,cam_1_1690311791_14-03-11.jpg
403,277,1243.4862,645.79926,1857.437,894.24286,cam_1_1690311791_14-03-11.jpg
403,255,3182.4573,762.37787,3955.047,1230.1741,cam_1_1690311791_14-03-11.jpg
403,200,1083.0809,528.03906,1582.1786,763.2264,cam_1_1690311791_14-03-11.jpg
403,294,2252.0305,807.0496,2917.043,1691.4165,cam_1_1690311791_14-03-11.jpg
404,149,1287.1987,747.1873,2026.9965,1036.2527,cam_1_1690311881_14-04-41.jpg
404,225,2610.9067,485.8179,2914.8108,799.25183,cam_1_1690311881_14-04-41.jpg
404,248,2459.6353,459.7771,2745.7727,774.09283,cam_1_1690311881_14-04-41.jpg
404,290,1494.808,516.9539,1889.0864,650.3863,cam_1_1690311881_14-04-41.jpg
404,273,1706.1381,609.0576,2011.933,734.7669,cam_1_1690311881_14-04-41.jpg
404,220,2970.5925,579.4742,3219.5796,888.90686,cam_1_1690311881_14-04-41.jpg
404,254,1945.4167,677.9089,2237.7766,867.40735,cam_1_1690311881_14-04-41.jpg
404,291,2799.2842,560.02954,3057.5576,844.1782,cam_1_1690311881_14-04-41.jpg
404,143,2595.8865,811.37134,3214.4175,1598.3022,cam_1_1690311881_14-04-41.jpg
404,287,2127.6152,370.91852,2470.3228,652.1656,cam_1_1690311881_14-04-41.jpg
404,214,3149.6868,897.4697,3700.0889,1315.304,cam_1_1690311881_14-04-41.jpg
404,277,1239.2167,644.4179,1858.5972,897.4521,cam_1_1690311881_14-04-41.jpg
404,200,1081.7432,524.67456,1586.8932,764.1599,cam_1_1690311881_14-04-41.jpg
404,294,2252.6091,839.24426,2734.476,1768.8918,cam_1_1690311881_14-04-41.jpg
404,130,2824.5435,820.11163,3318.5657,1375.881,cam_1_1690311881_14-04-41.jpg
405,149,1284.1934,742.2237,2041.9856,1032.0201,cam_1_1690311911_14-05-11.jpg
405,225,2603.3875,483.63272,2910.4277,791.5767,cam_1_1690311911_14-05-11.jpg
405,248,2454.4592,458.15555,2725.9553,771.1385,cam_1_1690311911_14-05-11.jpg
405,290,1493.456,515.1638,1883.6127,650.89056,cam_1_1690311911_14-05-11.jpg
405,273,1701.6174,603.43524,2026.8306,741.7139,cam_1_1690311911_14-05-11.jpg
405,220,2962.7295,577.9255,3219.7112,900.6029,cam_1_1690311911_14-05-11.jpg
405,291,2782.4507,561.2279,3037.8298,842.87335,cam_1_1690311911_14-05-11.jpg
405,287,2130.814,376.33316,2478.0422,648.0721,cam_1_1690311911_14-05-11.jpg
405,214,3242.161,922.8012,3648.0996,1330.4321,cam_1_1690311911_14-05-11.jpg
405,277,1234.5521,640.4624,1856.0316,898.76373,cam_1_1690311911_14-05-11.jpg
405,200,1081.0413,522.57587,1588.9342,761.92114,cam_1_1690311911_14-05-11.jpg
405,294,2111.8452,921.1841,2728.1897,1792.1923,cam_1_1690311911_14-05-11.jpg
405,130,2783.1316,813.08746,3331.8535,1406.0541,cam_1_1690311911_14-05-11.jpg
405,261,2031.5944,583.3674,2345.6082,1219.1382,cam_1_1690311911_14-05-11.jpg
406,149,1283.172,745.4186,2036.8049,1032.2772,cam_1_1690311926_14-05-26.jpg
406,225,2593.7805,482.31348,2923.5632,794.1343,cam_1_1690311926_14-05-26.jpg
406,248,2447.4597,460.01996,2716.7708,767.61676,cam_1_1690311926_14-05-26.jpg
406,290,1491.8911,515.42584,1881.8065,651.0168,cam_1_1690311926_14-05-26.jpg
406,220,2965.53,578.6362,3219.0034,896.3016,cam_1_1690311926_14-05-26.jpg
406,291,2778.9727,562.09503,3041.1504,874.7677,cam_1_1690311926_14-05-26.jpg
406,287,2133.497,376.42,2472.3916,637.9786,cam_1_1690311926_14-05-26.jpg
406,214,3244.477,934.10706,3644.439,1338.5133,cam_1_1690311926_14-05-26.jpg
406,277,1233.7247,640.7796,1851.2593,899.0514,cam_1_1690311926_14-05-26.jpg
406,200,1078.2616,522.1523,1590.7747,761.2531,cam_1_1690311926_14-05-26.jpg
406,294,2119.653,944.93665,2740.742,1863.97,cam_1_1690311926_14-05-26.jpg
406,130,2807.4036,817.2772,3293.6914,1371.7817,cam_1_1690311926_14-05-26.jpg
406,261,2044.0083,589.1492,2381.888,1218.2798,cam_1_1690311926_14-05-26.jpg
407,149,1280.7141,746.2545,2032.272,1033.8496,cam_1_1690312091_14-08-11.jpg
407,248,2382.9246,451.08652,2732.7212,711.2437,cam_1_1690312091_14-08-11.jpg
407,290,1498.8146,515.80164,1881.5109,655.24396,cam_1_1690312091_14-08-11.jpg
407,287,2137.5046,376.05276,2475.9863,627.39886,cam_1_1690312091_14-08-11.jpg
407,214,3064.09,933.82,3650.6423,1327.6006,cam_1_1690312091_14-08-11.jpg
407,277,1229.2483,654.6429,1858.7717,900.2123,cam_1_1690312091_14-08-11.jpg
407,200,1032.732,427.16403,1565.9589,761.5112,cam_1_1690312091_14-08-11.jpg
407,294,1883.2166,962.5183,2722.4065,1881.2224,cam_1_1690312091_14-08-11.jpg
407,261,2111.439,565.53284,2527.6074,992.69305,cam_1_1690312091_14-08-11.jpg
407,178,2336.6614,656.87866,2719.9404,1070.9447,cam_1_1690312091_14-08-11.jpg
407,143,2616.1633,726.663,3145.0706,1326.5454,cam_1_1690312091_14-08-11.jpg
407,273,1694.1952,604.08655,2018.1327,732.7256,cam_1_1690312091_14-08-11.jpg
408,149,1279.7255,747.3798,2034.5559,1036.7122,cam_1_1690312226_14-10-26.jpg
408,290,1510.8102,518.39624,1896.395,661.9227,cam_1_1690312226_14-10-26.jpg
408,214,3038.5146,929.56915,3644.8696,1337.9304,cam_1_1690312226_14-10-26.jpg
408,277,1229.9926,659.00775,1854.1945,896.5031,cam_1_1690312226_14-10-26.jpg
408,200,975.13544,407.57452,1557.6141,778.9815,cam_1_1690312226_14-10-26.jpg
408,261,2116.8276,555.58453,2574.5261,888.1424,cam_1_1690312226_14-10-26.jpg
408,296,3471.5525,732.2184,3738.904,1057.656,cam_1_1690312226_14-10-26.jpg
408,178,2354.0996,673.90924,2653.8252,1194.6257,cam_1_1690312226_14-10-26.jpg
408,143,2593.3496,685.4943,3245.801,1279.7598,cam_1_1690312226_14-10-26.jpg
408,273,1697.293,607.0717,2006.6564,736.5972,cam_1_1690312226_14-10-26.jpg
408,219,465.71146,971.47046,1299.7253,2279.5872,cam_1_1690312226_14-10-26.jpg
408,125,718.7976,443.55746,1010.0813,935.434,cam_1_1690312226_14-10-26.jpg
408,225,2559.5784,480.42383,2905.0154,699.6319,cam_1_1690312226_14-10-26.jpg
408,291,2709.3792,545.4155,3155.8835,820.6597,cam_1_1690312226_14-10-26.jpg
409,290,1467.6545,519.75946,1897.3596,669.13403,cam_1_1690312256_14-10-56.jpg
409,214,3073.9697,919.1027,3623.6868,1379.314,cam_1_1690312256_14-10-56.jpg
409,277,1226.2233,688.41614,1786.1487,897.96545,cam_1_1690312256_14-10-56.jpg
409,200,953.255,403.6029,1548.6542,797.9853,cam_1_1690312256_14-10-56.jpg
409,261,2137.9429,553.21277,2594.6875,740.4744,cam_1_1690312256_14-10-56.jpg
409,296,3472.257,729.4046,3730.4104,1107.7238,cam_1_1690312256_14-10-56.jpg
409,178,2358.487,682.8398,2661.177,1239.9945,cam_1_1690312256_14-10-56.jpg
409,143,2591.7725,682.79736,3276.765,1265.733,cam_1_1690312256_14-10-56.jpg
409,291,2696.8342,538.9642,3150.0432,808.3783,cam_1_1690312256_14-10-56.jpg
410,290,1493.9647,521.26636,1898.4824,652.93207,cam_1_1690312496_14-14-56.jpg
410,214,3183.823,917.1073,3649.8293,1310.5275,cam_1_1690312496_14-14-56.jpg
410,277,1221.3541,669.6992,1788.5308,887.29083,cam_1_1690312496_14-14-56.jpg
410,261,2139.1506,568.18774,2598.9858,738.5161,cam_1_1690312496_14-14-56.jpg
410,178,2344.3318,662.9806,2807.0671,1162.9031,cam_1_1690312496_14-14-56.jpg
410,143,2549.3896,710.43146,3117.1814,1209.4684,cam_1_1690312496_14-14-56.jpg
410,298,1714.9236,633.75525,2358.2349,1177.6237,cam_1_1690312496_14-14-56.jpg
410,220,2980.1213,630.08655,3386.309,967.49146,cam_1_1690312496_14-14-56.jpg
410,130,2810.1438,783.78174,3313.3977,1440.2307,cam_1_1690312496_14-14-56.jpg
410,149,1268.9287,754.9823,1832.2617,1031.7054,cam_1_1690312496_14-14-56.jpg
411,290,1552.3145,518.1956,1891.4786,644.3923,cam_1_1690312616_14-16-56.jpg
411,178,2227.0718,634.4454,2689.4153,1101.9974,cam_1_1690312616_14-16-56.jpg
411,143,2540.6208,774.20544,3206.6343,1466.8616,cam_1_1690312616_14-16-56.jpg
411,298,1551.5952,678.7532,2378.2058,1232.0232,cam_1_1690312616_14-16-56.jpg
411,220,2996.8147,616.7293,3405.409,900.2929,cam_1_1690312616_14-16-56.jpg
411,130,2879.2444,784.43274,3358.7004,1363.26,cam_1_1690312616_14-16-56.jpg
411,149,1150.1576,645.5497,1801.1965,1084.4404,cam_1_1690312616_14-16-56.jpg
411,291,2698.3225,637.6524,3131.6526,843.7365,cam_1_1690312616_14-16-56.jpg
412,178,2156.1611,627.67773,2613.0442,1091.8501,cam_1_1690312661_14-17-41.jpg
412,143,2527.076,788.1988,3324.1475,1543.0973,cam_1_1690312661_14-17-41.jpg
412,298,1540.3793,696.5462,2418.1646,1245.9534,cam_1_1690312661_14-17-41.jpg
412,220,3002.251,607.4643,3383.521,857.1412,cam_1_1690312661_14-17-41.jpg
412,149,1121.1486,610.1969,1792.9506,1102.5442,cam_1_1690312661_14-17-41.jpg
412,303,1107.5094,489.38864,1722.5615,690.1507,cam_1_1690312661_14-17-41.jpg
412,291,2635.1223,633.6323,3107.637,835.9441,cam_1_1690312661_14-17-41.jpg
412,186,1846.7806,496.1032,2386.4404,699.6849,cam_1_1690312661_14-17-41.jpg
412,255,2894.7466,801.3424,3800.4124,1345.6388,cam_1_1690312661_14-17-41.jpg
413,178,2107.8582,614.46704,2574.6592,1074.1106,cam_1_1690312676_14-17-56.jpg
413,143,2528.1414,793.502,3443.082,1552.3953,cam_1_1690312676_14-17-56.jpg
413,298,1549.1375,712.5357,2435.1975,1256.1323,cam_1_1690312676_14-17-56.jpg
413,220,3026.0625,607.5276,3333.5776,843.8609,cam_1_1690312676_14-17-56.jpg
413,149,1103.6298,589.4584,1796.0137,1109.4377,cam_1_1690312676_14-17-56.jpg
413,303,1101.4957,491.5104,1718.3243,692.6786,cam_1_1690312676_14-17-56.jpg
413,291,2614.5679,634.56866,3111.8347,836.1447,cam_1_1690312676_14-17-56.jpg
413,304,1098.1243,491.491,1727.8416,830.4817,cam_1_1690312676_14-17-56.jpg
413,186,1860.4324,498.83777,2403.4363,708.8032,cam_1_1690312676_14-17-56.jpg
413,255,3002.653,815.6493,3789.228,1279.8728,cam_1_1690312676_14-17-56.jpg
414,178,2114.6223,627.8115,2569.4272,1072.1152,cam_1_1690312826_14-20-26.jpg
414,143,2537.1763,801.83844,3490.1772,1537.0222,cam_1_1690312826_14-20-26.jpg
414,298,1603.6571,720.68335,2511.4722,1261.5789,cam_1_1690312826_14-20-26.jpg
414,220,3055.2307,625.32837,3497.344,955.8379,cam_1_1690312826_14-20-26.jpg
414,149,1116.7582,584.1158,1800.6733,1112.9668,cam_1_1690312826_14-20-26.jpg
414,291,2604.657,632.7494,3089.4497,828.46606,cam_1_1690312826_14-20-26.jpg
414,304,1079.9529,490.12537,1677.2872,875.55206,cam_1_1690312826_14-20-26.jpg
414,186,1861.688,500.89685,2406.3105,716.9204,cam_1_1690312826_14-20-26.jpg
414,140,1399.9617,329.6008,1877.321,491.76138,cam_1_1690312826_14-20-26.jpg
414,296,3549.4731,752.91614,3856.0352,1236.5156,cam_1_1690312826_14-20-26.jpg
415,143,2519.5334,818.2794,3147.1292,1553.0424,cam_1_1690313096_14-24-56.jpg
415,298,1798.1086,652.24677,2453.7334,1214.0627,cam_1_1690313096_14-24-56.jpg
415,220,3086.5857,644.39087,3537.7256,1002.0098,cam_1_1690313096_14-24-56.jpg
415,149,1092.4375,580.4398,1849.8254,1131.8347,cam_1_1690313096_14-24-56.jpg
415,186,1932.4552,504.45868,2443.4255,689.2955,cam_1_1690313096_14-24-56.jpg
415,306,2645.3953,726.64343,3122.6538,1146.804,cam_1_1690313096_14-24-56.jpg
415,140,1408.5975,325.34912,1869.6719,495.42477,cam_1_1690313096_14-24-56.jpg
415,296,3543.547,748.57526,3857.1147,1218.6487,cam_1_1690313096_14-24-56.jpg
415,290,1464.7745,514.8595,1909.3766,656.40344,cam_1_1690313096_14-24-56.jpg
416,143,2272.4033,904.9105,2940.2046,1754.7777,cam_1_1690313171_14-26-11.jpg
416,298,1880.6544,623.19165,2430.1387,1183.967,cam_1_1690313171_14-26-11.jpg
416,220,3093.3796,651.637,3555.8962,1022.6141,cam_1_1690313171_14-26-11.jpg
416,149,1052.9686,583.96857,1850.6721,1128.6495,cam_1_1690313171_14-26-11.jpg
416,186,1896.324,505.52606,2449.7717,692.09515,cam_1_1690313171_14-26-11.jpg
416,306,2634.5105,728.9981,3137.4417,1166.2881,cam_1_1690313171_14-26-11.jpg
416,140,1396.2701,325.76672,1862.1958,496.29797,cam_1_1690313171_14-26-11.jpg
416,296,3523.8066,746.4815,3854.124,1228.8856,cam_1_1690313171_14-26-11.jpg
416,290,1459.5201,515.37177,1906.4392,653.88306,cam_1_1690313171_14-26-11.jpg
416,291,2406.6143,634.3749,2956.4602,956.1797,cam_1_1690313171_14-26-11.jpg
417,143,2057.2664,953.5705,2839.3806,1928.4596,cam_1_1690313201_14-26-41.jpg
417,298,1918.3115,621.84674,2421.8193,1178.0765,cam_1_1690313201_14-26-41.jpg
417,220,3101.5198,649.32697,3570.1355,1031.8314,cam_1_1690313201_14-26-41.jpg
417,149,1032.8795,586.1154,1859.2479,1130.6042,cam_1_1690313201_14-26-41.jpg
417,186,1886.1259,505.23392,2461.5903,696.5226,cam_1_1690313201_14-26-41.jpg
417,306,2627.0862,728.0424,3132.5515,1173.0017,cam_1_1690313201_14-26-41.jpg
417,140,1384.4142,326.3987,1857.342,496.26776,cam_1_1690313201_14-26-41.jpg
417,296,3518.2302,744.4004,3854.7798,1222.8473,cam_1_1690313201_14-26-41.jpg
417,290,1452.1068,515.6519,1910.2572,654.0966,cam_1_1690313201_14-26-41.jpg
417,291,2360.6497,625.541,2899.6924,995.67426,cam_1_1690313201_14-26-41.jpg
418,143,2060.548,970.13794,2804.9534,1941.5464,cam_1_1690313216_14-26-56.jpg
418,298,1941.3939,618.3137,2408.1812,1175.4479,cam_1_1690313216_14-26-56.jpg
418,220,3107.4531,648.36597,3562.2532,1033.9071,cam_1_1690313216_14-26-56.jpg
418,149,1027.6257,585.04614,1861.6317,1130.1359,cam_1_1690313216_14-26-56.jpg
418,186,1881.9194,506.01678,2463.9553,700.0766,cam_1_1690313216_14-26-56.jpg
418,306,2622.5325,729.6385,3137.6257,1174.4153,cam_1_1690313216_14-26-56.jpg
418,140,1377.9054,327.12158,1855.4568,496.11984,cam_1_1690313216_14-26-56.jpg
418,296,3493.988,740.99976,3844.9807,1209.8221,cam_1_1690313216_14-26-56.jpg
418,290,1449.9104,516.4764,1912.6614,655.39557,cam_1_1690313216_14-26-56.jpg
418,291,2341.8982,620.68774,2874.9197,1014.0017,cam_1_1690313216_14-26-56.jpg
419,143,1898.3771,975.3612,2795.5903,1930.0972,cam_1_1690313291_14-28-11.jpg
419,298,1865.9807,613.4401,2456.3687,1185.5604,cam_1_1690313291_14-28-11.jpg
419,220,3108.4507,652.67017,3555.0718,1038.1624,cam_1_1690313291_14-28-11.jpg
419,149,1069.611,587.96747,1880.6135,1122.4409,cam_1_1690313291_14-28-11.jpg
419,186,1887.5192,503.21524,2475.3787,685.09314,cam_1_1690313291_14-28-11.jpg
419,306,2661.046,730.9686,3129.2043,1193.6417,cam_1_1690313291_14-28-11.jpg
419,140,1384.1519,326.00897,1855.6748,496.54706,cam_1_1690313291_14-28-11.jpg
419,296,3452.48,735.6996,3841.4985,1174.6129,cam_1_1690313291_14-28-11.jpg
419,290,1462.7751,518.11194,1906.8801,654.257,cam_1_1690313291_14-28-11.jpg
419,291,2348.6284,615.6172,2873.7344,1017.2933,cam_1_1690313291_14-28-11.jpg
419,313,2884.7349,592.1745,3282.4243,815.4916,cam_1_1690313291_14-28-11.jpg
420,143,1931.0868,977.8121,2779.371,1976.9836,cam_1_1690313351_14-29-11.jpg
420,298,1835.7452,614.7608,2437.2393,1183.6473,cam_1_1690313351_14-29-11.jpg
420,220,3112.8308,656.0005,3555.073,1035.7603,cam_1_1690313351_14-29-11.jpg
420,149,1088.5259,590.5333,1896.9961,1128.8502,cam_1_1690313351_14-29-11.jpg
420,186,1883.2073,502.04346,2471.9507,685.26575,cam_1_1690313351_14-29-11.jpg
420,306,2664.5437,727.95764,3106.476,1248.5442,cam_1_1690313351_14-29-11.jpg
420,140,1391.279,325.47388,1868.6482,496.17407,cam_1_1690313351_14-29-11.jpg
420,296,3425.7913,733.46844,3835.7793,1169.2996,cam_1_1690313351_14-29-11.jpg
420,290,1457.9021,517.8823,1899.3789,648.8643,cam_1_1690313351_14-29-11.jpg
420,291,2362.2844,615.2268,2867.5244,1015.7933,cam_1_1690313351_14-29-11.jpg
420,313,2887.211,591.47925,3284.5776,859.98376,cam_1_1690313351_14-29-11.jpg
421,143,1807.7502,995.8099,2769.6238,1954.2183,cam_1_1690313411_14-30-11.jpg
421,298,1822.1151,608.8847,2432.3938,1184.5714,cam_1_1690313411_14-30-11.jpg
421,220,3116.6956,654.35077,3562.4207,1033.0585,cam_1_1690313411_14-30-11.jpg
421,149,1017.5478,581.7089,1863.2129,1117.9375,cam_1_1690313411_14-30-11.jpg
421,186,1893.3381,501.34714,2487.9697,686.0387,cam_1_1690313411_14-30-11.jpg
421,306,2675.3833,729.39185,3094.2659,1274.1229,cam_1_1690313411_14-30-11.jpg
421,140,1432.9592,325.8414,1863.0415,498.33734,cam_1_1690313411_14-30-11.jpg
421,296,3419.809,735.62555,3835.0815,1179.2217,cam_1_1690313411_14-30-11.jpg
421,290,1458.9877,518.75836,1896.282,652.45245,cam_1_1690313411_14-30-11.jpg
421,291,2386.5142,619.4266,2857.903,1032.6747,cam_1_1690313411_14-30-11.jpg
421,313,2885.0605,591.984,3279.9001,835.0207,cam_1_1690313411_14-30-11.jpg
422,298,1872.732,580.73285,2520.3428,936.8153,cam_1_1690313921_14-38-41.jpg
422,220,3084.9277,655.25085,3565.9636,1025.539,cam_1_1690313921_14-38-41.jpg
422,149,1129.222,572.9451,1863.1804,1128.4427,cam_1_1690313921_14-38-41.jpg
422,186,1902.5962,505.63812,2483.359,674.36273,cam_1_1690313921_14-38-41.jpg
422,306,2614.5132,737.78644,3012.2705,1298.2277,cam_1_1690313921_14-38-41.jpg
422,296,3484.797,732.27893,3820.0112,1170.5122,cam_1_1690313921_14-38-41.jpg
422,291,2246.6614,634.56305,2778.3062,1096.9418,cam_1_1690313921_14-38-41.jpg
422,270,1654.8339,227.05536,1890.4053,423.05832,cam_1_1690313921_14-38-41.jpg
422,200,890.3916,317.38794,1388.2474,632.8091,cam_1_1690313921_14-38-41.jpg
422,214,3261.3694,941.1298,3620.4973,1346.7224,cam_1_1690313921_14-38-41.jpg
423,298,1951.5863,571.37006,2563.622,830.12946,cam_1_1690313981_14-39-41.jpg
423,220,3084.9597,660.0109,3544.9094,1022.1095,cam_1_1690313981_14-39-41.jpg
423,149,1180.8519,570.94495,1839.7672,1132.7916,cam_1_1690313981_14-39-41.jpg
423,186,1897.3936,507.16443,2481.4539,669.6978,cam_1_1690313981_14-39-41.jpg
423,306,2607.129,738.9087,2990.7966,1308.3899,cam_1_1690313981_14-39-41.jpg
423,296,3514.086,725.04474,3775.3296,1140.2074,cam_1_1690313981_14-39-41.jpg
423,291,2190.6284,642.3568,2742.1562,1129.2664,cam_1_1690313981_14-39-41.jpg
423,314,2611.9106,603.89655,2995.6807,774.64874,cam_1_1690313981_14-39-41.jpg
423,315,1805.1139,438.98105,2127.6687,604.9454,cam_1_1690313981_14-39-41.jpg
423,214,3177.0183,935.0247,3632.012,1329.1036,cam_1_1690313981_14-39-41.jpg
423,128,937.11957,461.48688,1404.7758,625.98254,cam_1_1690313981_14-39-41.jpg
423,285,1767.0693,263.9199,2081.705,461.1484,cam_1_1690313981_14-39-41.jpg
424,298,1918.7823,572.8868,2534.9998,802.55927,cam_1_1690313996_14-39-56.jpg
424,220,3078.6697,658.688,3533.7522,1018.244,cam_1_1690313996_14-39-56.jpg
424,149,1189.9946,573.0453,1862.4326,1134.6509,cam_1_1690313996_14-39-56.jpg
424,186,1879.6844,511.16687,2481.7534,683.6973,cam_1_1690313996_14-39-56.jpg
424,306,2606.3281,739.58453,2992.5645,1312.8175,cam_1_1690313996_14-39-56.jpg
424,296,3523.9526,720.0506,3762.7915,1145.236,cam_1_1690313996_14-39-56.jpg
424,291,2178.4392,643.62036,2721.8264,1141.3562,cam_1_1690313996_14-39-56.jpg
424,314,2614.3677,603.9264,2991.9812,780.9142,cam_1_1690313996_14-39-56.jpg
424,315,1772.2114,437.73325,2135.1465,606.8955,cam_1_1690313996_14-39-56.jpg
424,214,3148.431,930.3762,3633.0513,1379.1733,cam_1_1690313996_14-39-56.jpg
424,128,938.2753,460.08014,1397.6243,625.48425,cam_1_1690313996_14-39-56.jpg
424,285,1760.7137,262.0211,2080.7427,460.3298,cam_1_1690313996_14-39-56.jpg
425,298,1991.6987,573.6236,2565.755,787.4674,cam_1_1690314026_14-40-26.jpg
425,220,3082.907,654.5233,3551.681,1015.5009,cam_1_1690314026_14-40-26.jpg
425,149,1209.1335,569.99786,1816.709,1135.8646,cam_1_1690314026_14-40-26.jpg
425,186,1887.3823,508.63385,2471.3723,691.29895,cam_1_1690314026_14-40-26.jpg
425,306,2615.2622,739.1655,2984.2822,1309.9899,cam_1_1690314026_14-40-26.jpg
425,296,3527.1135,721.4945,3755.4917,1120.8623,cam_1_1690314026_14-40-26.jpg
425,291,2160.5955,643.9324,2725.2634,1142.4457,cam_1_1690314026_14-40-26.jpg
425,314,2593.0562,604.4744,2955.7703,778.73413,cam_1_1690314026_14-40-26.jpg
425,315,1756.6228,439.87906,2137.7114,610.0971,cam_1_1690314026_14-40-26.jpg
425,214,3212.6138,919.69696,3625.619,1323.9209,cam_1_1690314026_14-40-26.jpg
425,128,938.8574,459.13922,1413.3004,626.5346,cam_1_1690314026_14-40-26.jpg
425,285,1759.608,261.832,2079.2957,462.28207,cam_1_1690314026_14-40-26.jpg
426,298,2014.7085,572.2363,2580.9448,779.6055,cam_1_1690314176_14-42-56.jpg
426,220,3263.2673,671.7191,3601.1294,1084.8545,cam_1_1690314176_14-42-56.jpg
426,149,1170.7089,576.11664,1852.0206,1139.7772,cam_1_1690314176_14-42-56.jpg
426,306,2624.6248,733.8823,2977.5024,1305.3618,cam_1_1690314176_14-42-56.jpg
426,291,2068.4597,710.52686,2664.383,1312.6572,cam_1_1690314176_14-42-56.jpg
426,314,2635.5696,611.6342,2996.5786,785.91174,cam_1_1690314176_14-42-56.jpg
426,315,1734.161,444.15012,2169.3506,651.97107,cam_1_1690314176_14-42-56.jpg
426,128,940.60516,456.62595,1433.6136,624.42426,cam_1_1690314176_14-42-56.jpg
426,285,1766.9254,265.62567,2087.2988,466.1679,cam_1_1690314176_14-42-56.jpg
426,130,2942.5347,658.603,3403.341,1070.1786,cam_1_1690314176_14-42-56.jpg
427,298,2069.489,572.27936,2585.7666,773.97076,cam_1_1690314221_14-43-41.jpg
427,220,3333.1416,687.1044,3597.487,1123.632,cam_1_1690314221_14-43-41.jpg
427,149,1152.8887,580.2273,1861.5896,1140.1313,cam_1_1690314221_14-43-41.jpg
427,306,2630.0686,741.5668,2968.299,1293.2162,cam_1_1690314221_14-43-41.jpg
427,314,2747.543,614.8149,3033.8884,783.951,cam_1_1690314221_14-43-41.jpg
427,315,1757.8711,443.65295,2184.0195,666.71216,cam_1_1690314221_14-43-41.jpg
427,128,931.01605,426.61447,1417.5745,769.48413,cam_1_1690314221_14-43-41.jpg
427,285,1768.8711,266.38605,2093.2493,466.89526,cam_1_1690314221_14-43-41.jpg
427,255,2688.9224,867.55005,3359.9187,1496.1539,cam_1_1690314221_14-43-41.jpg
427,178,2086.2812,635.7597,2767.5706,1098.611,cam_1_1690314221_14-43-41.jpg
428,298,1968.6011,562.8047,2584.5908,765.8115,cam_1_1690314281_14-44-41.jpg
428,220,3340.8586,684.9804,3604.7012,1147.0131,cam_1_1690314281_14-44-41.jpg
428,149,1142.3699,584.2,1933.3931,1143.0265,cam_1_1690314281_14-44-41.jpg
428,306,2597.359,731.09595,3038.1917,1082.4523,cam_1_1690314281_14-44-41.jpg
428,285,1768.6276,266.07477,2104.1375,483.27872,cam_1_1690314281_14-44-41.jpg
428,255,2578.6191,830.4553,3318.9265,1562.589,cam_1_1690314281_14-44-41.jpg
428,178,2086.9607,631.3929,2665.544,1102.3718,cam_1_1690314281_14-44-41.jpg
428,303,1045.1353,424.76172,1601.8685,752.4791,cam_1_1690314281_14-44-41.jpg
428,290,1594.3145,523.8646,1913.1035,649.49005,cam_1_1690314281_14-44-41.jpg
429,220,3289.386,666.9647,3551.367,1118.7766,cam_1_1690314341_14-45-41.jpg
429,149,1165.762,583.73804,1942.8907,1141.5627,cam_1_1690314341_14-45-41.jpg
429,306,2619.588,723.76,3077.6348,1017.47644,cam_1_1690314341_14-45-41.jpg
429,285,1766.6173,267.08856,2101.084,488.15512,cam_1_1690314341_14-45-41.jpg
429,255,2521.3992,810.7417,3305.0166,1537.2888,cam_1_1690314341_14-45-41.jpg
429,178,2075.8472,624.867,2616.7632,1112.9535,cam_1_1690314341_14-45-41.jpg
429,303,1058.3877,488.42648,1609.7667,759.6872,cam_1_1690314341_14-45-41.jpg
429,290,1617.5111,524.35364,1914.0958,649.0414,cam_1_1690314341_14-45-41.jpg
429,225,2424.3242,453.5067,2845.2244,667.16003,cam_1_1690314341_14-45-41.jpg
429,128,936.4304,449.6195,1450.9939,679.24304,cam_1_1690314341_14-45-41.jpg
430,149,1180.8604,582.9198,1929.0634,1140.5778,cam_1_1690314476_14-47-56.jpg
430,306,2689.3716,730.5196,3066.8396,946.7823,cam_1_1690314476_14-47-56.jpg
430,285,1765.8062,267.1636,2113.8748,490.1078,cam_1_1690314476_14-47-56.jpg
430,255,2611.791,822.3863,3337.3418,1492.0902,cam_1_1690314476_14-47-56.jpg
430,178,2035.4619,617.1571,2587.719,1116.036,cam_1_1690314476_14-47-56.jpg
430,303,1067.8085,523.481,1616.1672,760.9402,cam_1_1690314476_14-47-56.jpg
430,290,1623.4198,524.101,1908.6207,647.2043,cam_1_1690314476_14-47-56.jpg
430,225,2552.2202,468.01556,2840.0369,756.0849,cam_1_1690314476_14-47-56.jpg
430,128,938.7228,460.9941,1462.6417,639.44336,cam_1_1690314476_14-47-56.jpg
430,214,3105.3188,883.87415,3541.0862,1278.467,cam_1_1690314476_14-47-56.jpg
430,291,2171.297,768.297,2834.5283,1540.6189,cam_1_1690314476_14-47-56.jpg
431,149,1193.6199,583.60333,1926.2937,1139.4203,cam_1_1690314491_14-48-11.jpg
431,306,2761.8635,741.6923,3117.9202,958.4208,cam_1_1690314491_14-48-11.jpg
431,285,1767.4487,267.45297,2111.357,490.9759,cam_1_1690314491_14-48-11.jpg
431,255,2665.7393,838.1377,3363.078,1471.6656,cam_1_1690314491_14-48-11.jpg
431,178,2011.384,616.07,2569.621,1126.9415,cam_1_1690314491_14-48-11.jpg
431,303,1065.7587,534.08795,1615.0914,758.72046,cam_1_1690314491_14-48-11.jpg
431,290,1626.1088,525.04926,1910.1035,648.83594,cam_1_1690314491_14-48-11.jpg
431,225,2607.4875,474.7196,2849.3445,782.8576,cam_1_1690314491_14-48-11.jpg
431,128,938.9547,462.04025,1463.5469,631.0447,cam_1_1690314491_14-48-11.jpg
431,214,3079.458,884.6335,3515.4275,1279.6395,cam_1_1690314491_14-48-11.jpg
431,291,2186.946,774.907,2992.0552,1572.9946,cam_1_1690314491_14-48-11.jpg
432,149,1196.1207,584.02795,1934.7169,1137.4742,cam_1_1690314671_14-51-11.jpg
432,306,2767.612,715.2433,3164.1545,979.7897,cam_1_1690314671_14-51-11.jpg
432,285,1795.933,269.1844,2143.5999,501.08957,cam_1_1690314671_14-51-11.jpg
432,255,2714.1917,856.895,3334.5771,1466.6218,cam_1_1690314671_14-51-11.jpg
432,178,2048.7263,622.82574,2564.3694,959.9121,cam_1_1690314671_14-51-11.jpg
432,303,1070.3671,535.6449,1607.6838,756.08527,cam_1_1690314671_14-51-11.jpg
432,290,1623.6752,524.2702,1903.0181,639.80225,cam_1_1690314671_14-51-11.jpg
432,128,937.5617,462.33585,1466.6836,627.81116,cam_1_1690314671_14-51-11.jpg
432,291,2012.9895,775.30536,2891.2825,1470.6062,cam_1_1690314671_14-51-11.jpg
432,248,2395.2163,418.1022,2555.3015,613.26196,cam_1_1690314671_14-51-11.jpg
432,296,3485.74,750.6973,3836.8657,1214.4713,cam_1_1690314671_14-51-11.jpg
433,149,1196.1924,582.07196,1930.5898,1135.7865,cam_1_1690314731_14-52-11.jpg
433,306,2710.508,701.05225,3200.673,1026.5509,cam_1_1690314731_14-52-11.jpg
433,285,1792.6562,271.079,2167.4714,505.1566,cam_1_1690314731_14-52-11.jpg
433,255,2808.6829,874.38824,3373.95,1514.3466,cam_1_1690314731_14-52-11.jpg
433,178,2063.9038,624.8032,2561.123,867.253,cam_1_1690314731_14-52-11.jpg
433,303,1068.867,538.2447,1605.4719,757.75397,cam_1_1690314731_14-52-11.jpg
433,290,1622.1967,524.186,1905.0682,639.88873,cam_1_1690314731_14-52-11.jpg
433,128,938.4587,464.20102,1467.5692,627.5211,cam_1_1690314731_14-52-11.jpg
433,291,1918.5381,777.47754,2879.3364,1412.5513,cam_1_1690314731_14-52-11.jpg
433,248,2407.8098,418.82626,2575.7285,615.3105,cam_1_1690314731_14-52-11.jpg
433,296,3481.0002,754.21295,3857.536,1217.6263,cam_1_1690314731_14-52-11.jpg
434,149,1194.2902,586.35785,1926.8583,1135.3464,cam_1_1690315061_14-57-41.jpg
434,306,2699.296,723.5754,3270.791,1123.6812,cam_1_1690315061_14-57-41.jpg
434,255,2538.7773,881.212,3391.8008,1549.1603,cam_1_1690315061_14-57-41.jpg
434,178,2040.1143,626.34155,2550.3455,1080.5387,cam_1_1690315061_14-57-41.jpg
434,303,1066.8865,540.42706,1613.5624,758.253,cam_1_1690315061_14-57-41.jpg
434,290,1619.6387,524.9266,1910.3632,647.88556,cam_1_1690315061_14-57-41.jpg
434,128,936.9965,464.06067,1465.299,626.8781,cam_1_1690315061_14-57-41.jpg
434,248,2403.71,424.73788,2571.1313,613.90735,cam_1_1690315061_14-57-41.jpg
434,296,3583.8787,757.6006,3931.2756,1211.4208,cam_1_1690315061_14-57-41.jpg
434,130,3154.8337,632.3795,3413.794,1063.2367,cam_1_1690315061_14-57-41.jpg
434,298,2037.7285,550.3747,2558.5215,738.7964,cam_1_1690315061_14-57-41.jpg
435,149,1201.8994,586.63824,1906.7643,1134.4575,cam_1_1690315331_15-02-11.jpg
435,306,2692.2412,743.9603,3256.0105,1193.8091,cam_1_1690315331_15-02-11.jpg
435,255,2434.0789,819.22235,3314.955,1566.6155,cam_1_1690315331_15-02-11.jpg
435,303,1065.3829,540.31854,1606.7133,754.45966,cam_1_1690315331_15-02-11.jpg
435,128,939.9128,460.61328,1468.8915,627.20874,cam_1_1690315331_15-02-11.jpg
435,298,2028.1952,600.39417,2550.341,777.10986,cam_1_1690315331_15-02-11.jpg
435,313,2872.7908,562.5436,3111.7754,870.7749,cam_1_1690315331_15-02-11.jpg
435,315,1742.4493,442.28888,2166.3486,666.20044,cam_1_1690315331_15-02-11.jpg
435,225,2560.8857,490.62726,2792.629,793.73126,cam_1_1690315331_15-02-11.jpg
435,285,1907.2676,305.11783,2227.4033,498.72107,cam_1_1690315331_15-02-11.jpg
435,291,1690.375,741.3791,2564.6543,1335.73,cam_1_1690315331_15-02-11.jpg
436,149,1211.8607,588.44147,1897.2832,1134.2366,cam_1_1690315346_15-02-26.jpg
436,306,2689.9941,749.90894,3241.9922,1202.2909,cam_1_1690315346_15-02-26.jpg
436,255,2386.9988,787.5377,3300.8933,1558.9818,cam_1_1690315346_15-02-26.jpg
436,303,1060.9171,537.5513,1612.658,754.2231,cam_1_1690315346_15-02-26.jpg
436,128,938.5868,461.67126,1471.5026,626.39716,cam_1_1690315346_15-02-26.jpg
436,298,2052.4888,614.151,2547.9888,835.2106,cam_1_1690315346_15-02-26.jpg
436,313,2867.9485,564.2696,3105.0737,869.6402,cam_1_1690315346_15-02-26.jpg
436,315,1746.3213,442.1592,2163.6968,665.5066,cam_1_1690315346_15-02-26.jpg
436,225,2597.648,486.42926,2787.1697,792.68646,cam_1_1690315346_15-02-26.jpg
436,285,1939.3667,313.74878,2247.5186,500.91122,cam_1_1690315346_15-02-26.jpg
436,291,1614.391,726.9195,2452.2751,1325.9746,cam_1_1690315346_15-02-26.jpg
437,149,1212.9607,582.444,1905.8889,1135.4105,cam_1_1690315376_15-02-56.jpg
437,306,2719.6846,768.4043,3257.7188,1198.4806,cam_1_1690315376_15-02-56.jpg
437,255,2340.3262,787.5952,3338.8123,1556.052,cam_1_1690315376_15-02-56.jpg
437,303,1063.6388,539.7024,1603.3596,755.42065,cam_1_1690315376_15-02-56.jpg
437,128,938.90326,461.9555,1473.3319,625.9353,cam_1_1690315376_15-02-56.jpg
437,298,2026.7666,617.94556,2548.613,818.7215,cam_1_1690315376_15-02-56.jpg
437,313,2805.401,539.1455,3004.466,846.7239,cam_1_1690315376_15-02-56.jpg
437,315,1749.047,442.4569,2161.9268,664.9315,cam_1_1690315376_15-02-56.jpg
437,225,2593.892,485.24017,2766.4575,803.3491,cam_1_1690315376_15-02-56.jpg
437,285,1951.908,317.23343,2238.8943,495.03052,cam_1_1690315376_15-02-56.jpg
437,291,1589.9357,724.5003,2425.2422,1322.9207,cam_1_1690315376_15-02-56.jpg
438,149,1221.4229,579.0393,1903.3439,1104.0741,cam_1_1690315436_15-03-56.jpg
438,306,2637.9192,769.05286,3265.1853,1189.0677,cam_1_1690315436_15-03-56.jpg
438,255,2316.543,781.43304,3362.6282,1556.7561,cam_1_1690315436_15-03-56.jpg
438,303,1065.7355,539.84015,1592.7091,754.1668,cam_1_1690315436_15-03-56.jpg
438,128,939.67236,464.35397,1467.5151,625.97784,cam_1_1690315436_15-03-56.jpg
438,298,2017.892,623.84436,2547.6982,802.7586,cam_1_1690315436_15-03-56.jpg
438,313,2782.3064,533.47864,2978.7715,823.0566,cam_1_1690315436_15-03-56.jpg
438,315,1808.7931,451.8431,2281.9358,658.0254,cam_1_1690315436_15-03-56.jpg
438,225,2595.4773,483.99225,2757.4927,791.56604,cam_1_1690315436_15-03-56.jpg
438,285,1945.8812,317.3684,2233.2424,486.54642,cam_1_1690315436_15-03-56.jpg
438,291,1571.7896,725.0063,2428.4543,1320.2333,cam_1_1690315436_15-03-56.jpg
438,290,1614.1556,521.70087,1906.3236,650.8435,cam_1_1690315436_15-03-56.jpg
439,149,1220.9232,579.2065,1927.5917,1124.6696,cam_1_1690315451_15-04-11.jpg
439,306,2630.8196,766.99274,3312.1511,1213.7963,cam_1_1690315451_15-04-11.jpg
439,255,2309.4124,777.6687,3391.964,1555.9971,cam_1_1690315451_15-04-11.jpg
439,303,1063.6196,540.08545,1594.097,753.82635,cam_1_1690315451_15-04-11.jpg
439,128,938.28534,462.39813,1463.691,624.2614,cam_1_1690315451_15-04-11.jpg
439,298,1990.9347,626.92566,2543.4343,802.9312,cam_1_1690315451_15-04-11.jpg
439,313,2775.4624,530.7091,2974.069,807.2832,cam_1_1690315451_15-04-11.jpg
439,225,2600.1711,484.1031,2756.6814,789.79865,cam_1_1690315451_15-04-11.jpg
439,285,1952.214,316.49768,2230.1538,526.9344,cam_1_1690315451_15-04-11.jpg
439,291,1616.5608,726.1199,2415.7234,1320.3346,cam_1_1690315451_15-04-11.jpg
439,290,1612.6926,523.0487,1908.3229,648.13,cam_1_1690315451_15-04-11.jpg
439,287,2121.5369,411.00214,2366.763,611.5426,cam_1_1690315451_15-04-11.jpg
440,149,1219.397,579.0911,1933.1523,1132.9585,cam_1_1690315466_15-04-26.jpg
440,306,2627.5715,781.05615,3342.2004,1253.5815,cam_1_1690315466_15-04-26.jpg
440,255,2313.3667,779.9414,3365.1128,1553.2501,cam_1_1690315466_15-04-26.jpg
440,303,1064.8057,537.64795,1595.5858,751.73517,cam_1_1690315466_15-04-26.jpg
440,128,939.04956,460.92645,1460.6576,624.2053,cam_1_1690315466_15-04-26.jpg
440,298,2003.5145,623.2482,2537.4277,817.55347,cam_1_1690315466_15-04-26.jpg
440,313,2776.5923,533.1752,2979.097,812.78033,cam_1_1690315466_15-04-26.jpg
440,225,2602.8564,484.6955,2758.3333,795.2856,cam_1_1690315466_15-04-26.jpg
440,285,1955.2588,318.13632,2232.0374,542.2082,cam_1_1690315466_15-04-26.jpg
440,291,1620.6785,716.9491,2385.0078,1322.5203,cam_1_1690315466_15-04-26.jpg
440,290,1611.7983,523.3552,1907.5923,645.9433,cam_1_1690315466_15-04-26.jpg
440,287,2224.2124,393.40485,2463.206,614.4125,cam_1_1690315466_15-04-26.jpg
441,149,1222.339,579.90454,1917.1053,1132.7029,cam_1_1690315661_15-07-41.jpg
441,255,2534.5486,864.0735,3554.1284,1555.392,cam_1_1690315661_15-07-41.jpg
441,303,1062.9315,535.4381,1608.4264,758.10504,cam_1_1690315661_15-07-41.jpg
441,128,937.8899,460.69098,1467.62,625.75055,cam_1_1690315661_15-07-41.jpg
441,225,2591.5317,469.50912,2759.942,790.5125,cam_1_1690315661_15-07-41.jpg
441,285,1954.5211,320.53482,2255.2703,558.24884,cam_1_1690315661_15-07-41.jpg
441,291,1683.9307,712.1786,2540.75,1329.0432,cam_1_1690315661_15-07-41.jpg
441,290,1611.7513,524.76074,1907.217,647.40625,cam_1_1690315661_15-07-41.jpg
441,287,2227.1602,381.3988,2402.8198,604.0759,cam_1_1690315661_15-07-41.jpg
442,149,1221.526,581.2038,1898.051,1131.833,cam_1_1690315676_15-07-56.jpg
442,255,2613.6963,895.7341,3628.0828,1554.883,cam_1_1690315676_15-07-56.jpg
442,303,1064.2762,535.9667,1603.2797,758.975,cam_1_1690315676_15-07-56.jpg
442,128,937.6951,461.46002,1469.209,625.9076,cam_1_1690315676_15-07-56.jpg
442,225,2572.3545,463.12628,2756.9714,782.02124,cam_1_1690315676_15-07-56.jpg
442,285,1977.5656,338.89438,2294.9377,579.862,cam_1_1690315676_15-07-56.jpg
442,291,1713.75,715.3824,2598.567,1332.2524,cam_1_1690315676_15-07-56.jpg
442,290,1612.5468,524.27155,1908.5935,648.4801,cam_1_1690315676_15-07-56.jpg
442,325,2447.1245,457.32382,2760.5706,789.5841,cam_1_1690315676_15-07-56.jpg
443,149,1223.9448,578.9579,1894.8915,1132.6626,cam_1_1690315751_15-09-11.jpg
443,303,1064.8347,538.47394,1600.1675,757.3476,cam_1_1690315751_15-09-11.jpg
443,128,936.93317,463.033,1468.1128,626.8779,cam_1_1690315751_15-09-11.jpg
443,225,2561.5369,465.5417,2750.4636,778.4284,cam_1_1690315751_15-09-11.jpg
443,285,1974.6456,329.10934,2270.489,568.06824,cam_1_1690315751_15-09-11.jpg
443,291,1743.7142,717.17554,2631.2737,1329.9451,cam_1_1690315751_15-09-11.jpg
443,290,1613.9702,524.35223,1907.0768,646.12555,cam_1_1690315751_15-09-11.jpg
443,214,2948.276,638.999,3250.0374,1080.898,cam_1_1690315751_15-09-11.jpg
443,178,1772.1116,616.7858,2418.25,1098.6589,cam_1_1690315751_15-09-11.jpg
443,248,2399.7786,425.79755,2536.3145,594.9352,cam_1_1690315751_15-09-11.jpg
444,149,1222.9463,580.3326,1902.8722,1131.3021,cam_1_1690315901_15-11-41.jpg
444,303,1065.3136,536.70306,1594.6443,759.0745,cam_1_1690315901_15-11-41.jpg
444,128,937.9799,462.00388,1468.3839,627.9767,cam_1_1690315901_15-11-41.jpg
444,225,2550.9116,455.6936,2746.7363,756.717,cam_1_1690315901_15-11-41.jpg
444,285,1973.6774,322.22394,2253.0361,555.06445,cam_1_1690315901_15-11-41.jpg
444,291,1922.2245,779.7076,2887.1162,1445.5708,cam_1_1690315901_15-11-41.jpg
444,290,1614.5453,523.4431,1905.5403,644.3516,cam_1_1690315901_15-11-41.jpg
444,332,1912.6187,306.58038,2100.2266,506.36676,cam_1_1690315901_15-11-41.jpg
444,248,2380.2166,422.85562,2560.0417,594.17896,cam_1_1690315901_15-11-41.jpg
444,186,2070.7483,569.8528,2582.8694,737.67596,cam_1_1690315901_15-11-41.jpg
444,298,2070.6802,662.7958,2854.4995,914.1568,cam_1_1690315901_15-11-41.jpg
444,313,2732.2502,511.34686,2974.7314,822.54803,cam_1_1690315901_15-11-41.jpg
445,149,1224.3536,580.00366,1926.2378,1128.1903,cam_1_1690316066_15-14-26.jpg
445,303,1062.026,536.56476,1606.6656,760.7415,cam_1_1690316066_15-14-26.jpg
445,128,938.24695,460.54184,1478.837,627.7336,cam_1_1690316066_15-14-26.jpg
445,285,1985.6333,315.89713,2223.9485,549.4536,cam_1_1690316066_15-14-26.jpg
445,290,1614.2224,524.144,1900.601,639.47034,cam_1_1690316066_15-14-26.jpg
445,332,1895.9183,297.59106,2095.319,505.00397,cam_1_1690316066_15-14-26.jpg
445,248,2409.712,425.1632,2574.4517,605.48987,cam_1_1690316066_15-14-26.jpg
445,186,2080.2812,569.9126,2582.4739,820.29956,cam_1_1690316066_15-14-26.jpg
445,298,2330.093,647.2723,2820.893,1091.1521,cam_1_1690316066_15-14-26.jpg
445,313,2696.4226,510.30554,2993.1316,831.3994,cam_1_1690316066_15-14-26.jpg
445,178,1914.8635,675.10974,2301.6904,1275.6642,cam_1_1690316066_15-14-26.jpg
446,149,1226.6956,581.4777,1930.2784,1131.2004,cam_1_1690316171_15-16-11.jpg
446,303,1057.9779,535.7842,1606.237,761.05457,cam_1_1690316171_15-16-11.jpg
446,128,937.86566,459.76846,1477.6235,627.9476,cam_1_1690316171_15-16-11.jpg
446,285,1982.9701,315.45422,2208.2136,545.01685,cam_1_1690316171_15-16-11.jpg
446,290,1614.9277,525.20526,1902.974,641.73975,cam_1_1690316171_15-16-11.jpg
446,332,1894.518,298.9672,2086.5027,506.84708,cam_1_1690316171_15-16-11.jpg
446,248,2412.25,426.76437,2573.3174,609.5308,cam_1_1690316171_15-16-11.jpg
446,186,2078.3809,561.75806,2590.134,835.4847,cam_1_1690316171_15-16-11.jpg
446,298,2480.2563,664.32904,2796.879,1163.8164,cam_1_1690316171_15-16-11.jpg
446,313,2680.2693,512.5154,3038.4912,832.67975,cam_1_1690316171_15-16-11.jpg
446,335,2182.956,365.67615,2316.7864,587.111,cam_1_1690316171_15-16-11.jpg
446,178,1861.2374,660.47235,2276.246,1294.0802,cam_1_1690316171_15-16-11.jpg
446,270,1641.2931,229.76324,1881.0045,425.88815,cam_1_1690316171_15-16-11.jpg
447,149,1230.1085,579.77264,1932.2775,1135.5508,cam_1_1690316276_15-17-56.jpg
447,303,1053.4476,535.71576,1605.1711,763.44714,cam_1_1690316276_15-17-56.jpg
447,128,937.6248,458.75348,1476.2863,627.487,cam_1_1690316276_15-17-56.jpg
447,285,1988.691,315.3868,2203.0188,542.8097,cam_1_1690316276_15-17-56.jpg
447,290,1614.31,525.58215,1903.6836,643.85,cam_1_1690316276_15-17-56.jpg
447,332,1885.651,295.29788,2084.8125,503.5427,cam_1_1690316276_15-17-56.jpg
447,248,2381.4045,423.39908,2553.7434,606.7668,cam_1_1690316276_15-17-56.jpg
447,186,2221.5479,557.75836,2592.337,847.0966,cam_1_1690316276_15-17-56.jpg
447,298,2499.706,670.5307,2797.533,1205.2897,cam_1_1690316276_15-17-56.jpg
447,313,2671.2112,512.28357,3008.4336,833.908,cam_1_1690316276_15-17-56.jpg
447,335,2173.7966,360.42432,2310.4878,608.4385,cam_1_1690316276_15-17-56.jpg
447,178,1797.7783,660.9614,2324.777,1293.3015,cam_1_1690316276_15-17-56.jpg
447,270,1640.0333,230.64197,1879.0057,425.61615,cam_1_1690316276_15-17-56.jpg
447,325,2302.8098,552.01746,2826.0076,850.09937,cam_1_1690316276_15-17-56.jpg
448,149,1225.7783,582.247,1932.0444,1139.3599,cam_1_1690316366_15-19-26.jpg
448,303,1060.2856,538.4182,1600.2881,762.42834,cam_1_1690316366_15-19-26.jpg
448,128,936.1285,460.44785,1473.9847,629.42584,cam_1_1690316366_15-19-26.jpg
448,285,1967.109,319.15616,2248.223,543.8203,cam_1_1690316366_15-19-26.jpg
448,290,1615.2765,525.7403,1908.8859,646.46375,cam_1_1690316366_15-19-26.jpg
448,298,2527.2043,656.3178,2792.2402,1195.7896,cam_1_1690316366_15-19-26.jpg
448,313,2655.2717,508.76297,3015.2927,833.0103,cam_1_1690316366_15-19-26.jpg
448,178,1761.074,659.80786,2353.4895,1282.5658,cam_1_1690316366_15-19-26.jpg
448,315,2038.5731,424.53174,2505.7812,688.217,cam_1_1690316366_15-19-26.jpg
449,149,1206.5574,581.70435,1882.7585,1146.8163,cam_1_1690316501_15-21-41.jpg
449,303,1057.414,535.45386,1605.112,763.5569,cam_1_1690316501_15-21-41.jpg
449,128,936.2352,462.3371,1475.8551,629.4778,cam_1_1690316501_15-21-41.jpg
449,285,1966.8036,321.41583,2235.3308,524.7352,cam_1_1690316501_15-21-41.jpg
449,313,2649.375,504.59863,3006.108,842.6993,cam_1_1690316501_15-21-41.jpg
449,178,1698.7529,654.49164,2313.3418,1265.9716,cam_1_1690316501_15-21-41.jpg
449,315,1885.4883,469.1155,2442.401,727.97174,cam_1_1690316501_15-21-41.jpg
449,225,2462.986,455.89044,2787.8396,735.118,cam_1_1690316501_15-21-41.jpg
449,332,1846.8798,287.7014,2087.9077,492.08054,cam_1_1690316501_15-21-41.jpg
449,248,2272.2112,407.98203,2557.9421,629.23676,cam_1_1690316501_15-21-41.jpg
449,335,2131.8533,375.71225,2304.8442,538.2293,cam_1_1690316501_15-21-41.jpg
450,149,1216.6664,573.0965,1856.55,1151.4286,cam_1_1690316801_15-26-41.jpg
450,303,1057.611,531.3698,1605.7961,762.5927,cam_1_1690316801_15-26-41.jpg
450,128,936.1683,460.71524,1466.1898,630.16125,cam_1_1690316801_15-26-41.jpg
450,285,1938.4117,311.81433,2185.4343,528.47705,cam_1_1690316801_15-26-41.jpg
450,313,2643.3325,505.35974,3032.8184,850.3881,cam_1_1690316801_15-26-41.jpg
450,178,1627.626,658.7074,2321.4487,1259.8142,cam_1_1690316801_15-26-41.jpg
450,248,2239.2637,403.45502,2574.9175,647.287,cam_1_1690316801_15-26-41.jpg
450,335,2136.6843,371.22473,2316.6868,582.84985,cam_1_1690316801_15-26-41.jpg
450,200,819.0826,184.91058,1134.7054,431.63785,cam_1_1690316801_15-26-41.jpg
450,291,1843.9044,958.4201,2710.28,1818.783,cam_1_1690316801_15-26-41.jpg
450,290,1614.711,523.8739,1910.3113,642.3609,cam_1_1690316801_15-26-41.jpg
451,149,1222.4674,573.47766,1841.4116,1156.731,cam_1_1690316816_15-26-56.jpg
451,303,1056.6036,534.49585,1592.2667,762.49756,cam_1_1690316816_15-26-56.jpg
451,128,935.241,464.21948,1453.2703,630.08453,cam_1_1690316816_15-26-56.jpg
451,285,1916.0613,305.54993,2157.575,521.564,cam_1_1690316816_15-26-56.jpg
451,313,2643.43,504.48477,3034.827,851.4124,cam_1_1690316816_15-26-56.jpg
451,178,1584.9888,661.74854,2333.1401,1240.8611,cam_1_1690316816_15-26-56.jpg
451,248,2224.2307,400.92844,2558.5708,654.6066,cam_1_1690316816_15-26-56.jpg
451,335,2140.554,372.75055,2327.1367,588.27655,cam_1_1690316816_15-26-56.jpg
451,338,1130.5188,201.38095,1509.3384,414.2859,cam_1_1690316816_15-26-56.jpg
451,339,2055.6233,353.15244,2218.2144,571.9443,cam_1_1690316816_15-26-56.jpg
451,200,795.608,187.29575,1117.5477,427.42117,cam_1_1690316816_15-26-56.jpg
451,291,1887.6713,971.1607,2690.95,1850.6616,cam_1_1690316816_15-26-56.jpg
451,290,1612.8966,523.3926,1908.6252,639.6156,cam_1_1690316816_15-26-56.jpg
452,149,1227.1351,577.5489,1860.1423,1154.3577,cam_1_1690316846_15-27-26.jpg
452,303,1060.6832,531.8444,1589.0947,761.3671,cam_1_1690316846_15-27-26.jpg
452,128,936.53613,459.79733,1461.598,629.149,cam_1_1690316846_15-27-26.jpg
452,285,1921.4086,306.39398,2144.9958,522.8348,cam_1_1690316846_15-27-26.jpg
452,313,2644.6206,504.7436,3010.7925,853.222,cam_1_1690316846_15-27-26.jpg
452,178,1540.0847,663.2704,2331.1414,1245.0143,cam_1_1690316846_15-27-26.jpg
452,248,2221.2668,398.21283,2551.4722,656.9733,cam_1_1690316846_15-27-26.jpg
452,335,2144.167,371.751,2324.2075,594.65784,cam_1_1690316846_15-27-26.jpg
452,338,1135.9308,196.10144,1511.5432,414.4064,cam_1_1690316846_15-27-26.jpg
452,339,2053.577,350.96646,2222.9763,570.1052,cam_1_1690316846_15-27-26.jpg
452,200,842.013,190.23631,1070.6412,438.90274,cam_1_1690316846_15-27-26.jpg
452,291,1900.596,984.0905,2697.2163,1881.9076,cam_1_1690316846_15-27-26.jpg
452,290,1611.0985,523.1961,1906.196,639.307,cam_1_1690316846_15-27-26.jpg
453,149,1230.7971,576.74713,1870.0978,1155.9443,cam_1_1690316876_15-27-56.jpg
453,303,1051.8342,532.3759,1589.7655,765.67236,cam_1_1690316876_15-27-56.jpg
453,128,937.97095,461.2758,1467.6482,630.94196,cam_1_1690316876_15-27-56.jpg
453,285,1922.0426,306.30167,2147.6035,521.59753,cam_1_1690316876_15-27-56.jpg
453,313,2565.8289,508.3769,2952.685,841.6701,cam_1_1690316876_15-27-56.jpg
453,178,1516.6814,671.3743,2332.6504,1248.1945,cam_1_1690316876_15-27-56.jpg
453,248,2221.5703,400.5005,2572.578,657.6374,cam_1_1690316876_15-27-56.jpg
453,335,2141.984,371.02167,2323.5898,594.9456,cam_1_1690316876_15-27-56.jpg
453,338,1131.0563,199.38762,1517.087,417.56134,cam_1_1690316876_15-27-56.jpg
453,339,2054.076,350.72827,2225.8623,564.8686,cam_1_1690316876_15-27-56.jpg
453,291,1908.2343,986.1951,2696.5935,1895.0177,cam_1_1690316876_15-27-56.jpg
453,290,1609.7915,522.3474,1901.8661,640.9592,cam_1_1690316876_15-27-56.jpg
454,149,1261.9912,656.53436,1869.4636,1028.0242,cam_1_1690316996_15-29-56.jpg
454,303,1027.2786,455.04382,1608.9773,715.4692,cam_1_1690316996_15-29-56.jpg
454,128,857.7767,368.89096,1349.3228,643.98047,cam_1_1690316996_15-29-56.jpg
454,248,2219.5645,434.14322,2494.9927,738.4288,cam_1_1690316996_15-29-56.jpg
454,290,1610.0527,530.4999,1912.582,663.6325,cam_1_1690316996_15-29-56.jpg
454,341,264.1325,261.37146,720.08923,588.78186,cam_1_1690316996_15-29-56.jpg
454,214,2726.3438,536.8091,3158.699,877.2549,cam_1_1690316996_15-29-56.jpg
454,325,2544.655,642.6185,2809.164,1161.0481,cam_1_1690316996_15-29-56.jpg
455,149,1021.83685,525.7082,1704.474,951.92755,cam_1_1690317101_15-31-41.jpg
455,303,1020.028,428.01324,1665.6791,701.7576,cam_1_1690317101_15-31-41.jpg
455,128,691.61273,331.518,1131.5262,656.5543,cam_1_1690317101_15-31-41.jpg
455,342,176.41508,914.61505,1298.2473,1857.4364,cam_1_1690317101_15-31-41.jpg
480,178,1240.0126,574.713,1907.1416,1145.5969,cam_1_1690319291_16-08-11.jpg
480,342,236.34647,919.8709,1259.0865,1869.6818,cam_1_1690319291_16-08-11.jpg
481,347,3233.9243,662.98224,3569.3394,1074.5498,cam_1_1690319381_16-09-41.jpg
481,348,2612.98,828.4025,3382.4148,1231.2516,cam_1_1690319381_16-09-41.jpg
481,349,2148.8152,985.20776,3289.494,1718.0782,cam_1_1690319381_16-09-41.jpg
481,178,1220.8462,582.2795,1884.3868,1141.253,cam_1_1690319381_16-09-41.jpg
481,315,2361.819,650.221,2696.3174,1027.3435,cam_1_1690319381_16-09-41.jpg
481,338,1126.6254,204.44875,1435.9806,412.2099,cam_1_1690319381_16-09-41.jpg
481,248,1983.0533,637.09955,2471.937,1030.2225,cam_1_1690319381_16-09-41.jpg
482,347,3259.7407,644.9825,3523.1182,954.6278,cam_1_1690319531_16-12-11.jpg
482,348,2573.215,782.88885,3428.6616,1378.1805,cam_1_1690319531_16-12-11.jpg
482,178,1205.4581,578.08215,1920.729,1082.5547,cam_1_1690319531_16-12-11.jpg
482,351,1068.2316,490.51556,1636.3104,1002.362,cam_1_1690319531_16-12-11.jpg
482,353,3395.823,723.3047,3915.226,1157.6205,cam_1_1690319531_16-12-11.jpg
482,354,2786.1775,526.23425,2983.4668,799.51965,cam_1_1690319531_16-12-11.jpg
482,355,985.9405,196.08315,1152.4102,422.5178,cam_1_1690319531_16-12-11.jpg
482,356,1885.2288,531.625,2385.4988,747.913,cam_1_1690319531_16-12-11.jpg
482,358,3000.4956,598.08734,3258.054,865.6501,cam_1_1690319531_16-12-11.jpg
482,248,2052.7021,638.18164,2538.4485,1117.0852,cam_1_1690319531_16-12-11.jpg
483,347,3244.2107,644.4755,3472.707,1042.4492,cam_1_1690319621_16-13-41.jpg
483,178,1213.0596,551.0236,1890.2363,1031.1072,cam_1_1690319621_16-13-41.jpg
483,353,3414.8188,730.8007,3873.5342,1172.3527,cam_1_1690319621_16-13-41.jpg
483,354,2788.228,528.3331,2991.3657,877.2032,cam_1_1690319621_16-13-41.jpg
483,356,1858.9967,536.50806,2399.0068,741.7968,cam_1_1690319621_16-13-41.jpg
483,358,2985.1562,591.7528,3229.2998,959.6685,cam_1_1690319621_16-13-41.jpg
483,248,2076.4219,641.33344,2555.6206,1154.9711,cam_1_1690319621_16-13-41.jpg
483,360,2628.9202,480.6419,2819.348,802.8916,cam_1_1690319621_16-13-41.jpg
483,363,2484.4802,465.29797,2693.0886,749.14557,cam_1_1690319621_16-13-41.jpg
483,339,1976.4818,331.44223,2301.4438,534.1739,cam_1_1690319621_16-13-41.jpg
483,338,1109.3368,199.57065,1391.5579,415.73013,cam_1_1690319621_16-13-41.jpg
484,178,1268.01,564.79834,1855.2463,1039.4286,cam_1_1690319996_16-19-56.jpg
484,356,1815.8718,529.5275,2379.28,737.3755,cam_1_1690319996_16-19-56.jpg
484,358,2891.3682,572.33203,3139.664,913.03394,cam_1_1690319996_16-19-56.jpg
484,248,1925.6399,663.2022,2429.9353,1246.0453,cam_1_1690319996_16-19-56.jpg
484,360,2612.046,472.8711,2798.9897,796.86255,cam_1_1690319996_16-19-56.jpg
484,339,1993.6567,331.96594,2273.2385,534.72864,cam_1_1690319996_16-19-56.jpg
484,338,1161.3131,202.40619,1398.5923,412.8859,cam_1_1690319996_16-19-56.jpg
484,313,2184.8943,400.20386,2541.904,645.4538,cam_1_1690319996_16-19-56.jpg
484,348,2704.3713,776.8827,3440.5723,1453.9685,cam_1_1690319996_16-19-56.jpg
484,351,625.0041,527.32056,1365.3085,1008.6457,cam_1_1690319996_16-19-56.jpg
484,355,1042.7432,207.57579,1221.6968,430.73065,cam_1_1690319996_16-19-56.jpg
485,178,1207.886,636.61646,1921.7881,1235.2981,cam_1_1690320221_16-23-41.jpg
485,356,1805.1494,491.22366,2308.7698,685.25214,cam_1_1690320221_16-23-41.jpg
485,358,2786.1274,549.55743,3091.3936,904.4691,cam_1_1690320221_16-23-41.jpg
485,248,1848.5668,667.8695,2349.6533,1287.2646,cam_1_1690320221_16-23-41.jpg
485,360,2648.4607,495.3706,2885.1572,828.87366,cam_1_1690320221_16-23-41.jpg
485,313,2261.08,398.26968,2465.3655,597.0461,cam_1_1690320221_16-23-41.jpg
485,347,3033.2214,635.0239,3430.3784,1009.331,cam_1_1690320221_16-23-41.jpg
485,353,3318.4126,708.4937,3857.8438,1121.6671,cam_1_1690320221_16-23-41.jpg
485,363,2439.7473,456.49832,2751.8892,676.35297,cam_1_1690320221_16-23-41.jpg
486,178,1271.3047,651.06415,1990.5721,1277.8989,cam_1_1690320446_16-27-26.jpg
486,358,2797.8152,533.14984,3071.3945,914.4987,cam_1_1690320446_16-27-26.jpg
486,248,1831.4346,671.5922,2310.7556,1295.9938,cam_1_1690320446_16-27-26.jpg
486,360,2628.4128,483.28915,2837.9368,811.32117,cam_1_1690320446_16-27-26.jpg
486,313,2219.3867,381.63995,2420.8403,597.63086,cam_1_1690320446_16-27-26.jpg
486,369,2159.3389,574.3453,2593.5537,859.39734,cam_1_1690320446_16-27-26.jpg
486,370,1598.3108,390.26776,1975.5364,565.5753,cam_1_1690320446_16-27-26.jpg
486,371,1273.4633,577.6257,1879.7163,804.72815,cam_1_1690320446_16-27-26.jpg
486,339,2036.083,320.8857,2228.2043,552.0683,cam_1_1690320446_16-27-26.jpg
487,178,1153.5319,681.7027,1961.951,1327.3975,cam_1_1690320626_16-30-26.jpg
487,358,2770.1208,526.1763,3010.6,910.9541,cam_1_1690320626_16-30-26.jpg
487,248,1849.9846,659.9931,2331.274,1279.5339,cam_1_1690320626_16-30-26.jpg
487,313,2174.2131,372.13815,2408.68,611.9403,cam_1_1690320626_16-30-26.jpg
487,370,1616.4868,389.59686,1994.6222,559.3033,cam_1_1690320626_16-30-26.jpg
487,371,1280.3875,578.1036,1899.4084,780.8825,cam_1_1690320626_16-30-26.jpg
487,372,1117.3303,486.7045,1566.0769,744.80115,cam_1_1690320626_16-30-26.jpg
487,373,2368.119,412.73685,2526.6248,678.4884,cam_1_1690320626_16-30-26.jpg
487,374,1943.3602,304.0281,2089.5051,521.74475,cam_1_1690320626_16-30-26.jpg
487,339,2010.0833,318.94165,2216.1343,547.28656,cam_1_1690320626_16-30-26.jpg
487,363,2484.9998,451.7546,2764.6992,742.1932,cam_1_1690320626_16-30-26.jpg
488,178,1039.2205,687.87866,1910.7482,1382.994,cam_1_1690320641_16-30-41.jpg
488,358,2763.7932,521.6634,2996.4016,911.4925,cam_1_1690320641_16-30-41.jpg
488,248,1854.8196,646.4439,2319.875,1272.8662,cam_1_1690320641_16-30-41.jpg
488,313,2157.8608,366.8777,2404.071,617.6731,cam_1_1690320641_16-30-41.jpg
488,370,1623.4653,388.7508,1993.1392,558.16394,cam_1_1690320641_16-30-41.jpg
488,371,1288.602,581.6497,1917.2131,798.26697,cam_1_1690320641_16-30-41.jpg
488,372,1117.9127,503.89383,1571.3124,753.0507,cam_1_1690320641_16-30-41.jpg
488,373,2374.51,414.90253,2532.9094,697.2955,cam_1_1690320641_16-30-41.jpg
488,374,1941.8359,303.37943,2086.2097,527.4273,cam_1_1690320641_16-30-41.jpg
488,339,2000.6069,317.4921,2218.7688,546.312,cam_1_1690320641_16-30-41.jpg
488,376,1339.8202,457.34387,1755.2445,597.9194,cam_1_1690320641_16-30-41.jpg
488,363,2499.908,449.11642,2768.8833,755.14606,cam_1_1690320641_16-30-41.jpg
489,178,1001.1139,736.08905,1687.9514,1456.2732,cam_1_1690320716_16-31-56.jpg
489,358,2759.5325,523.089,2987.216,903.041,cam_1_1690320716_16-31-56.jpg
489,248,1877.9807,653.2985,2353.8157,1267.9785,cam_1_1690320716_16-31-56.jpg
489,313,2157.8513,370.97592,2404.6636,619.9863,cam_1_1690320716_16-31-56.jpg
489,370,1626.6254,387.8118,2006.7563,566.1778,cam_1_1690320716_16-31-56.jpg
489,371,1279.6807,571.9479,1962.7798,916.91693,cam_1_1690320716_16-31-56.jpg
489,372,1117.0906,516.8788,1559.7573,743.7098,cam_1_1690320716_16-31-56.jpg
489,373,2367.782,420.08774,2528.6775,691.63086,cam_1_1690320716_16-31-56.jpg
489,339,1966.3623,313.5586,2222.6477,543.9667,cam_1_1690320716_16-31-56.jpg
489,376,1334.2378,448.8708,1742.3752,589.3809,cam_1_1690320716_16-31-56.jpg
489,363,2501.0781,449.5942,2769.598,757.02545,cam_1_1690320716_16-31-56.jpg
490,178,1091.9989,700.4152,1859.2002,1395.4055,cam_1_1690320746_16-32-26.jpg
490,358,2751.0076,522.03174,2993.0942,887.88324,cam_1_1690320746_16-32-26.jpg
490,248,1870.0535,651.9485,2351.235,1261.28,cam_1_1690320746_16-32-26.jpg
490,313,2139.4941,368.33322,2401.2368,616.08826,cam_1_1690320746_16-32-26.jpg
490,370,1615.4481,388.14594,2000.5374,566.339,cam_1_1690320746_16-32-26.jpg
490,371,1242.7479,562.7712,1911.2186,874.35675,cam_1_1690320746_16-32-26.jpg
490,373,2362.1038,414.68558,2532.8596,689.74524,cam_1_1690320746_16-32-26.jpg
490,339,1977.1079,318.4733,2219.0574,544.6887,cam_1_1690320746_16-32-26.jpg
490,376,1329.1604,447.32806,1742.8804,595.6952,cam_1_1690320746_16-32-26.jpg
490,363,2510.7786,448.8553,2760.8345,757.56934,cam_1_1690320746_16-32-26.jpg
491,358,2728.9036,516.06586,3003.3237,884.44507,cam_1_1690320971_16-36-11.jpg
491,248,2024.3645,699.53845,2463.0515,1397.0692,cam_1_1690320971_16-36-11.jpg
491,313,2142.2454,367.2619,2437.767,624.58984,cam_1_1690320971_16-36-11.jpg
491,370,1608.0472,396.17438,2030.2074,557.97894,cam_1_1690320971_16-36-11.jpg
491,371,1208.6586,554.74677,1993.8958,955.55304,cam_1_1690320971_16-36-11.jpg
491,339,1970.7024,319.06332,2242.1304,545.30676,cam_1_1690320971_16-36-11.jpg
491,376,1309.3591,459.3236,1753.824,599.09454,cam_1_1690320971_16-36-11.jpg
491,363,2485.5955,450.3936,2757.6675,756.909,cam_1_1690320971_16-36-11.jpg
491,378,1868.5493,278.67938,2033.8925,433.70984,cam_1_1690320971_16-36-11.jpg
492,358,2722.483,516.8307,3009.5535,882.83484,cam_1_1690321001_16-36-41.jpg
492,248,2086.054,744.0518,2442.9507,1459.7051,cam_1_1690321001_16-36-41.jpg
492,313,2090.0986,367.60614,2433.072,622.8161,cam_1_1690321001_16-36-41.jpg
492,370,1619.4873,398.7331,2047.5784,564.1569,cam_1_1690321001_16-36-41.jpg
492,371,1204.7676,549.491,2023.185,993.60986,cam_1_1690321001_16-36-41.jpg
492,339,1969.2933,320.7543,2225.338,535.1966,cam_1_1690321001_16-36-41.jpg
492,376,1295.5493,459.28253,1752.5891,602.62445,cam_1_1690321001_16-36-41.jpg
492,363,2475.7402,451.2656,2757.108,757.25714,cam_1_1690321001_16-36-41.jpg
492,378,1847.7991,271.26242,2024.3418,420.32172,cam_1_1690321001_16-36-41.jpg
492,379,808.55536,319.92883,1353.4183,670.0163,cam_1_1690321001_16-36-41.jpg
492,380,1971.2029,727.08093,2366.6653,909.4833,cam_1_1690321001_16-36-41.jpg
493,313,2103.464,377.82654,2478.4216,637.46735,cam_1_1690321271_16-41-11.jpg
493,371,1234.9386,563.09753,1958.9329,1041.3148,cam_1_1690321271_16-41-11.jpg
493,376,1307.6584,451.37512,1779.2686,595.96515,cam_1_1690321271_16-41-11.jpg
493,363,2478.2004,455.47925,2757.3833,758.6116,cam_1_1690321271_16-41-11.jpg
493,380,1968.1665,732.6681,2399.8289,911.4271,cam_1_1690321271_16-41-11.jpg
493,349,2425.2925,924.3809,3498.196,1536.3413,cam_1_1690321271_16-41-11.jpg
493,347,2856.8672,576.4031,3213.6204,937.3522,cam_1_1690321271_16-41-11.jpg
493,360,2631.6965,491.75665,2912.1843,834.81165,cam_1_1690321271_16-41-11.jpg
493,374,1906.1997,300.13702,2142.5706,527.0643,cam_1_1690321271_16-41-11.jpg
493,372,1118.093,534.26166,1553.5305,742.74445,cam_1_1690321271_16-41-11.jpg
494,313,2173.9937,391.19098,2514.591,650.08167,cam_1_1690321451_16-44-11.jpg
494,371,1249.9298,571.9612,1935.2333,1060.5073,cam_1_1690321451_16-44-11.jpg
494,376,1324.792,449.486,1801.6417,597.85034,cam_1_1690321451_16-44-11.jpg
494,363,2486.1587,456.47894,2745.698,743.6352,cam_1_1690321451_16-44-11.jpg
494,380,1956.1042,732.67346,2410.7942,911.7654,cam_1_1690321451_16-44-11.jpg
494,347,2879.2263,579.63336,3249.5574,949.349,cam_1_1690321451_16-44-11.jpg
494,360,2615.545,489.03323,2913.7468,826.5565,cam_1_1690321451_16-44-11.jpg
494,374,1861.1759,292.7884,2114.2427,506.10004,cam_1_1690321451_16-44-11.jpg
494,372,1121.9672,535.7183,1557.145,738.63654,cam_1_1690321451_16-44-11.jpg
494,339,1983.3444,324.1884,2284.313,549.91565,cam_1_1690321451_16-44-11.jpg
495,313,2205.0557,394.1174,2529.8875,654.1967,cam_1_1690321466_16-44-26.jpg
495,371,1253.3213,573.0364,1924.3851,1069.7407,cam_1_1690321466_16-44-26.jpg
495,376,1331.1672,449.10394,1810.5282,598.44415,cam_1_1690321466_16-44-26.jpg
495,363,2482.8687,456.9713,2746.832,738.28613,cam_1_1690321466_16-44-26.jpg
495,380,1973.577,735.4072,2414.5889,910.49005,cam_1_1690321466_16-44-26.jpg
495,347,2883.995,580.8665,3216.3235,948.07355,cam_1_1690321466_16-44-26.jpg
495,360,2606.1313,492.395,2913.5042,819.6927,cam_1_1690321466_16-44-26.jpg
495,374,1838.8708,290.04718,2106.8228,506.28604,cam_1_1690321466_16-44-26.jpg
495,372,1120.9451,532.1678,1551.57,736.89594,cam_1_1690321466_16-44-26.jpg
495,382,3528.2476,753.24854,3834.2896,1199.4427,cam_1_1690321466_16-44-26.jpg
495,339,1988.3545,323.50314,2292.873,554.60815,cam_1_1690321466_16-44-26.jpg
496,313,2210.9414,396.16776,2532.248,653.9195,cam_1_1690321481_16-44-41.jpg
496,371,1249.9137,574.75433,1928.315,1072.5658,cam_1_1690321481_16-44-41.jpg
496,376,1331.7262,447.14462,1817.088,600.3796,cam_1_1690321481_16-44-41.jpg
496,363,2479.376,458.95764,2744.5464,740.1515,cam_1_1690321481_16-44-41.jpg
496,380,1971.3982,733.64856,2413.9446,910.90625,cam_1_1690321481_16-44-41.jpg
496,347,2881.604,580.9119,3212.1775,948.3922,cam_1_1690321481_16-44-41.jpg
496,360,2603.3196,487.59875,2912.5728,816.1632,cam_1_1690321481_16-44-41.jpg
496,374,1826.5165,293.8631,2098.6733,507.50427,cam_1_1690321481_16-44-41.jpg
496,372,1123.0553,533.7584,1549.7444,737.5534,cam_1_1690321481_16-44-41.jpg
496,382,3524.6853,751.9967,3906.9177,1199.6344,cam_1_1690321481_16-44-41.jpg
496,339,1992.0831,325.79715,2296.6885,555.77637,cam_1_1690321481_16-44-41.jpg
497,371,1259.304,570.35095,1913.7866,1069.3094,cam_1_1690321601_16-46-41.jpg
497,363,2480.2693,459.5787,2747.9531,736.71686,cam_1_1690321601_16-46-41.jpg
497,380,1959.9681,738.55347,2414.3987,913.8486,cam_1_1690321601_16-46-41.jpg
497,347,2888.7478,581.80896,3198.9705,955.2301,cam_1_1690321601_16-46-41.jpg
497,360,2600.4446,486.16595,2917.8096,801.36365,cam_1_1690321601_16-46-41.jpg
497,374,1797.2921,320.21915,2013.6562,539.9785,cam_1_1690321601_16-46-41.jpg
497,372,1114.0475,534.4645,1553.879,745.92676,cam_1_1690321601_16-46-41.jpg
497,382,3502.1055,725.6088,3817.342,1192.8579,cam_1_1690321601_16-46-41.jpg
497,339,1973.6078,326.26044,2313.0466,581.9577,cam_1_1690321601_16-46-41.jpg
498,371,1256.1776,568.2232,1902.3425,1075.0145,cam_1_1690321811_16-50-11.jpg
498,363,2483.2825,470.63773,2832.759,751.0206,cam_1_1690321811_16-50-11.jpg
498,347,2907.5166,581.60504,3203.521,957.4042,cam_1_1690321811_16-50-11.jpg
498,360,2639.751,525.0065,3001.9995,834.72485,cam_1_1690321811_16-50-11.jpg
498,372,1110.7609,533.22986,1565.2343,743.9116,cam_1_1690321811_16-50-11.jpg
498,339,2054.9744,336.6869,2295.0334,576.63855,cam_1_1690321811_16-50-11.jpg
498,353,3353.1934,673.0732,3635.842,1122.6284,cam_1_1690321811_16-50-11.jpg
498,370,1660.0399,409.28342,2157.94,646.56354,cam_1_1690321811_16-50-11.jpg
499,371,1191.8346,539.72546,1987.32,1034.1702,cam_1_1690322111_16-55-11.jpg
499,363,2513.2793,473.94943,2860.3118,752.7345,cam_1_1690322111_16-55-11.jpg
499,347,2932.8909,587.3346,3194.1565,960.69037,cam_1_1690322111_16-55-11.jpg
499,360,2661.4114,542.7824,3025.6372,851.74567,cam_1_1690322111_16-55-11.jpg
499,372,1024.0094,508.6371,1583.3351,913.14276,cam_1_1690322111_16-55-11.jpg
499,339,2085.5671,342.23053,2273.6406,579.41895,cam_1_1690322111_16-55-11.jpg
499,370,1615.9745,406.6162,2147.4146,643.7982,cam_1_1690322111_16-55-11.jpg
499,379,735.1127,287.3399,1286.1742,635.0056,cam_1_1690322111_16-55-11.jpg
499,380,1960.1704,743.4122,2411.7463,914.2744,cam_1_1690322111_16-55-11.jpg
500,371,1175.7166,522.3904,2016.423,1019.2893,cam_1_1690322126_16-55-26.jpg
500,347,2929.5273,581.0382,3196.4873,964.1001,cam_1_1690322126_16-55-26.jpg
500,360,2673.637,548.44836,3036.09,857.29956,cam_1_1690322126_16-55-26.jpg
500,372,984.4501,506.1202,1563.3425,973.4886,cam_1_1690322126_16-55-26.jpg
500,339,2096.3699,343.2592,2272.9739,575.0769,cam_1_1690322126_16-55-26.jpg
500,370,1680.2452,406.2855,2153.0898,644.53156,cam_1_1690322126_16-55-26.jpg
500,386,3141.9243,612.8007,3363.8918,1028.2863,cam_1_1690322126_16-55-26.jpg
500,379,592.7218,291.55252,1101.8197,629.02325,cam_1_1690322126_16-55-26.jpg
500,380,1962.9824,743.08636,2408.6184,914.7979,cam_1_1690322126_16-55-26.jpg
500,358,2594.2102,481.5465,2853.1072,795.638,cam_1_1690322126_16-55-26.jpg
501,371,1169.02,515.7824,2035.7506,1013.6891,cam_1_1690322141_16-55-41.jpg
501,347,2932.1052,579.2647,3194.178,963.61237,cam_1_1690322141_16-55-41.jpg
501,360,2679.4966,549.9671,3041.0725,860.08374,cam_1_1690322141_16-55-41.jpg
501,372,958.6576,504.11972,1548.7211,1008.5855,cam_1_1690322141_16-55-41.jpg
501,339,2098.911,340.68506,2262.5789,577.4311,cam_1_1690322141_16-55-41.jpg
501,386,3143.7742,613.749,3364.7383,1030.6693,cam_1_1690322141_16-55-41.jpg
501,379,621.5331,307.93396,1076.8008,649.63403,cam_1_1690322141_16-55-41.jpg
501,380,1965.3789,742.4436,2410.2683,914.4554,cam_1_1690322141_16-55-41.jpg
501,358,2561.661,480.8062,2852.862,791.4647,cam_1_1690322141_16-55-41.jpg
502,371,1169.7698,512.98486,1989.6124,1006.3726,cam_1_1690322171_16-56-11.jpg
502,347,2934.5566,583.92926,3195.415,964.0197,cam_1_1690322171_16-56-11.jpg
502,360,2679.945,550.99396,3045.8853,859.572,cam_1_1690322171_16-56-11.jpg
502,372,909.0656,502.5942,1511.1495,1021.67566,cam_1_1690322171_16-56-11.jpg
502,339,2098.368,343.04288,2276.1758,578.4688,cam_1_1690322171_16-56-11.jpg
502,386,3143.753,615.4616,3362.9663,1033.404,cam_1_1690322171_16-56-11.jpg
502,379,780.9645,313.18124,1275.6022,639.4856,cam_1_1690322171_16-56-11.jpg
502,380,1959.8086,741.823,2410.165,915.31915,cam_1_1690322171_16-56-11.jpg
502,358,2548.821,477.3911,2851.7122,785.87555,cam_1_1690322171_16-56-11.jpg
503,371,1177.6033,511.60544,2024.247,996.1815,cam_1_1690322246_16-57-26.jpg
503,347,2949.4495,584.5254,3202.441,962.88025,cam_1_1690322246_16-57-26.jpg
503,360,2692.6086,550.0639,3061.1035,858.40265,cam_1_1690322246_16-57-26.jpg
503,339,2096.826,342.56613,2269.1382,579.1361,cam_1_1690322246_16-57-26.jpg
503,386,3136.2637,611.82245,3354.7468,1034.5472,cam_1_1690322246_16-57-26.jpg
503,379,778.3517,312.45523,1316.3154,660.9775,cam_1_1690322246_16-57-26.jpg
503,380,1960.171,740.40594,2410.525,915.50507,cam_1_1690322246_16-57-26.jpg
503,358,2532.5098,477.98044,2857.0632,781.7184,cam_1_1690322246_16-57-26.jpg
504,371,1168.2101,511.19073,2040.5446,997.2686,cam_1_1690322261_16-57-41.jpg
504,347,2947.1875,585.09735,3199.7996,965.1672,cam_1_1690322261_16-57-41.jpg
504,360,2684.9595,547.13763,3057.6042,859.1094,cam_1_1690322261_16-57-41.jpg
504,339,2101.3608,342.076,2284.3682,583.9666,cam_1_1690322261_16-57-41.jpg
504,386,3137.346,613.8432,3357.4502,1032.9171,cam_1_1690322261_16-57-41.jpg
504,379,750.76166,311.23605,1316.1058,670.7804,cam_1_1690322261_16-57-41.jpg
504,380,1957.2153,739.5394,2410.055,915.7786,cam_1_1690322261_16-57-41.jpg
504,358,2554.7363,474.72327,2847.2227,780.3829,cam_1_1690322261_16-57-41.jpg
504,390,913.78174,179.73924,1110.6144,334.90518,cam_1_1690322261_16-57-41.jpg
505,371,1181.9578,507.28485,1999.5183,993.27057,cam_1_1690322411_17-00-11.jpg
505,347,2937.7446,570.5002,3248.8333,969.30225,cam_1_1690322411_17-00-11.jpg
505,380,1972.6543,740.30554,2402.0635,913.47186,cam_1_1690322411_17-00-11.jpg
505,355,1521.0787,300.1698,1904.5444,488.77142,cam_1_1690322411_17-00-11.jpg
506,371,1166.9443,508.4478,1969.2656,995.72925,cam_1_1690322501_17-01-41.jpg
506,355,1607.1766,248.76967,1945.7557,453.47543,cam_1_1690322501_17-01-41.jpg
506,338,1043.87,196.31297,1354.1677,416.7961,cam_1_1690322501_17-01-41.jpg
506,369,2234.695,646.1286,2773.4353,1025.0603,cam_1_1690322501_17-01-41.jpg
506,248,1846.2793,903.3241,2946.032,1674.8923,cam_1_1690322501_17-01-41.jpg
506,360,2798.7544,539.1104,3041.4128,895.76404,cam_1_1690322501_17-01-41.jpg
507,371,1168.7241,511.99225,1973.9108,995.7233,cam_1_1690322516_17-01-56.jpg
507,355,1648.2534,234.72763,1959.7784,446.0216,cam_1_1690322516_17-01-56.jpg
507,338,1073.3634,195.67181,1350.4158,416.13144,cam_1_1690322516_17-01-56.jpg
507,369,2299.0208,641.7167,2779.2808,1028.9241,cam_1_1690322516_17-01-56.jpg
507,248,1834.0072,902.6499,2968.814,1663.7189,cam_1_1690322516_17-01-56.jpg
507,360,2828.1697,536.72156,3040.245,907.3547,cam_1_1690322516_17-01-56.jpg
507,373,2384.9683,504.08792,2580.7031,735.18176,cam_1_1690322516_17-01-56.jpg
507,370,1836.6049,496.50256,2381.7708,737.34204,cam_1_1690322516_17-01-56.jpg
507,380,1965.9279,737.27856,2405.9287,916.0068,cam_1_1690322516_17-01-56.jpg
508,371,1185.9614,533.96204,1961.5907,1010.09875,cam_1_1690322561_17-02-41.jpg
508,338,1092.9204,195.11685,1341.4288,413.98096,cam_1_1690322561_17-02-41.jpg
508,369,2489.3525,643.8777,2840.2998,1067.1709,cam_1_1690322561_17-02-41.jpg
508,360,2829.8967,539.3668,3021.8315,901.28796,cam_1_1690322561_17-02-41.jpg
508,373,2377.8562,523.04877,2581.8352,819.27106,cam_1_1690322561_17-02-41.jpg
508,370,1901.4156,521.4027,2334.3423,768.97284,cam_1_1690322561_17-02-41.jpg
508,380,1957.9498,739.26465,2402.8782,917.00476,cam_1_1690322561_17-02-41.jpg
508,349,2851.88,815.1155,3342.953,1418.8777,cam_1_1690322561_17-02-41.jpg
508,339,1937.7776,300.27603,2274.6538,539.52826,cam_1_1690322561_17-02-41.jpg
509,371,1182.6693,539.49005,1908.7904,1020.70166,cam_1_1690322606_17-03-26.jpg
509,369,2566.4768,648.24896,2952.331,1090.2946,cam_1_1690322606_17-03-26.jpg
509,360,2820.6685,538.0546,3015.2847,878.5635,cam_1_1690322606_17-03-26.jpg
509,373,2350.5532,538.6805,2585.1262,844.9578,cam_1_1690322606_17-03-26.jpg
509,380,1954.284,739.4087,2405.2532,917.7253,cam_1_1690322606_17-03-26.jpg
509,349,2892.4841,815.6577,3331.4937,1425.063,cam_1_1690322606_17-03-26.jpg
509,339,1912.5056,294.92746,2260.8198,537.5298,cam_1_1690322606_17-03-26.jpg
509,390,864.1415,209.63568,1109.507,444.12772,cam_1_1690322606_17-03-26.jpg
510,371,1191.6188,538.9525,1923.9037,1023.10284,cam_1_1690322741_17-05-41.jpg
510,369,2603.4253,647.74286,2946.1152,1110.5132,cam_1_1690322741_17-05-41.jpg
510,360,2799.3083,533.1298,3000.0059,844.2691,cam_1_1690322741_17-05-41.jpg
510,380,1985.9744,739.44434,2404.1575,907.4282,cam_1_1690322741_17-05-41.jpg
510,349,2935.4749,816.12354,3326.2847,1428.4359,cam_1_1690322741_17-05-41.jpg
510,339,1954.609,308.57916,2308.756,557.30524,cam_1_1690322741_17-05-41.jpg
510,386,3043.8098,624.9954,3438.1013,890.27924,cam_1_1690322741_17-05-41.jpg
511,371,1119.707,531.4299,1851.9171,1008.229,cam_1_1690322831_17-07-11.jpg
511,369,2641.785,658.6301,3014.064,1129.6729,cam_1_1690322831_17-07-11.jpg
511,360,2798.7437,532.3628,3003.6624,792.4436,cam_1_1690322831_17-07-11.jpg
511,380,1968.7106,741.0557,2404.2285,904.08276,cam_1_1690322831_17-07-11.jpg
511,349,2949.1238,801.59814,3326.5334,1432.0542,cam_1_1690322831_17-07-11.jpg
511,339,1968.7777,315.03735,2348.4788,570.1795,cam_1_1690322831_17-07-11.jpg
511,386,3029.4578,623.1273,3469.0,873.31085,cam_1_1690322831_17-07-11.jpg
512,371,1096.9105,527.914,1819.0199,992.53265,cam_1_1690322906_17-08-26.jpg
512,360,2800.4521,530.14685,3005.51,797.5722,cam_1_1690322906_17-08-26.jpg
512,380,1960.4303,742.715,2405.0918,903.1809,cam_1_1690322906_17-08-26.jpg
512,349,2714.2803,773.78516,3278.7368,1445.6315,cam_1_1690322906_17-08-26.jpg
512,386,3031.882,630.34375,3598.369,963.65485,cam_1_1690322906_17-08-26.jpg
512,399,1332.9055,800.1505,2075.0122,1027.9935,cam_1_1690322906_17-08-26.jpg
512,313,2169.7615,363.90216,2491.17,641.0249,cam_1_1690322906_17-08-26.jpg
513,371,1086.7441,526.26337,1807.6368,998.5756,cam_1_1690322996_17-09-56.jpg
513,380,1964.2681,735.50134,2421.8906,906.6401,cam_1_1690322996_17-09-56.jpg
513,386,3054.132,614.4688,3459.1729,1002.32837,cam_1_1690322996_17-09-56.jpg
513,399,1328.8071,798.66797,2069.159,1028.8911,cam_1_1690322996_17-09-56.jpg
513,353,3281.7556,698.5289,3584.5122,1150.7565,cam_1_1690322996_17-09-56.jpg
513,355,1819.5142,263.74612,1985.616,479.6301,cam_1_1690322996_17-09-56.jpg
513,373,2414.4846,590.53217,2717.859,998.70154,cam_1_1690322996_17-09-56.jpg
513,369,2784.7307,604.205,3091.0312,1017.216,cam_1_1690322996_17-09-56.jpg
514,371,1094.6311,526.07733,1810.2157,1001.32715,cam_1_1690323041_17-10-41.jpg
514,399,1329.089,791.3474,2080.209,1031.4468,cam_1_1690323041_17-10-41.jpg
514,355,1860.1578,288.62668,2073.5854,480.72485,cam_1_1690323041_17-10-41.jpg
514,373,2253.4585,615.50946,2733.4365,1066.0441,cam_1_1690323041_17-10-41.jpg
514,363,2589.8604,492.8648,2981.4956,818.6825,cam_1_1690323041_17-10-41.jpg
514,339,1926.2731,388.53668,2290.1404,615.4039,cam_1_1690323041_17-10-41.jpg
515,371,1079.0026,525.7422,1798.8455,998.756,cam_1_1690323056_17-10-56.jpg
515,399,1328.832,800.00946,1904.4944,1027.8213,cam_1_1690323056_17-10-56.jpg
515,355,1873.521,303.27408,2112.469,499.3472,cam_1_1690323056_17-10-56.jpg
515,402,1749.0271,229.45392,1890.9365,434.15112,cam_1_1690323056_17-10-56.jpg
515,363,2542.4243,491.55087,3016.07,817.40045,cam_1_1690323056_17-10-56.jpg
515,339,1946.792,398.54034,2286.03,629.58435,cam_1_1690323056_17-10-56.jpg
515,380,1764.5276,668.8435,2428.3813,1094.4454,cam_1_1690323056_17-10-56.jpg
516,371,1080.2793,523.22504,1807.5743,1000.4093,cam_1_1690323116_17-11-56.jpg
516,355,1868.4952,303.50958,2121.9397,503.3178,cam_1_1690323116_17-11-56.jpg
516,402,1747.9672,244.17308,1887.6652,448.26276,cam_1_1690323116_17-11-56.jpg
516,380,1487.839,662.5753,2273.5408,1166.1011,cam_1_1690323116_17-11-56.jpg
516,370,2081.3462,726.9146,2404.4954,896.54193,cam_1_1690323116_17-11-56.jpg
516,313,2080.728,448.1374,2413.2678,722.40546,cam_1_1690323116_17-11-56.jpg
516,373,2424.682,606.70685,2740.9636,1037.5073,cam_1_1690323116_17-11-56.jpg
517,371,1068.839,527.74744,1799.749,1003.66284,cam_1_1690323371_17-16-11.jpg
517,402,1758.0714,257.32874,2003.6552,472.33218,cam_1_1690323371_17-16-11.jpg
517,380,1733.3647,664.8285,2277.3806,1198.0223,cam_1_1690323371_17-16-11.jpg
517,313,2106.9055,469.64813,2498.3542,740.7997,cam_1_1690323371_17-16-11.jpg
517,373,2250.931,642.7854,2766.8616,1099.5172,cam_1_1690323371_17-16-11.jpg
517,379,895.56647,402.46432,1370.7524,573.0203,cam_1_1690323371_17-16-11.jpg
517,399,1324.4412,804.2435,1964.8752,1027.2285,cam_1_1690323371_17-16-11.jpg
518,371,1073.7568,528.26385,1787.6461,1004.1692,cam_1_1690323416_17-16-56.jpg
518,402,1763.1129,265.84244,2045.1083,477.37766,cam_1_1690323416_17-16-56.jpg
518,380,1694.0254,679.4581,2226.2126,1304.2898,cam_1_1690323416_17-16-56.jpg
518,313,2111.4019,480.96902,2536.1628,740.92175,cam_1_1690323416_17-16-56.jpg
518,373,2215.6333,655.77386,2772.7058,1114.9141,cam_1_1690323416_17-16-56.jpg
518,379,900.1422,404.8281,1373.6858,568.6542,cam_1_1690323416_17-16-56.jpg
518,399,1314.5835,808.3212,1878.364,1028.2627,cam_1_1690323416_17-16-56.jpg
519,371,1080.9691,531.3947,1783.5908,1003.65955,cam_1_1690323476_17-17-56.jpg
519,402,1762.6854,266.96094,2027.8688,470.45935,cam_1_1690323476_17-17-56.jpg
519,313,2142.5315,491.95877,2569.472,706.00085,cam_1_1690323476_17-17-56.jpg
519,373,1988.1266,656.44714,2659.7322,1132.0404,cam_1_1690323476_17-17-56.jpg
519,379,891.29407,407.25974,1367.5636,555.0592,cam_1_1690323476_17-17-56.jpg
519,399,1320.4247,806.764,1976.6708,1029.659,cam_1_1690323476_17-17-56.jpg
519,372,626.99884,522.3919,1153.6238,1034.565,cam_1_1690323476_17-17-56.jpg
520,371,1080.3226,534.37555,1784.1326,1006.10474,cam_1_1690323641_17-20-41.jpg
520,402,1759.3623,265.5223,2013.9916,470.75934,cam_1_1690323641_17-20-41.jpg
520,313,2154.0264,486.28253,2586.5706,814.2098,cam_1_1690323641_17-20-41.jpg
520,379,892.3132,400.79282,1343.3928,552.8362,cam_1_1690323641_17-20-41.jpg
520,399,1318.4216,803.2109,2040.2164,1030.9259,cam_1_1690323641_17-20-41.jpg
520,347,2776.827,561.96796,3235.1006,907.8858,cam_1_1690323641_17-20-41.jpg
520,370,1987.0476,742.8717,2417.343,904.22656,cam_1_1690323641_17-20-41.jpg
521,371,1078.3848,534.7696,1784.4467,1007.0248,cam_1_1690323746_17-22-26.jpg
521,402,1713.0603,247.8536,1988.5713,456.3153,cam_1_1690323746_17-22-26.jpg
521,313,2169.6875,491.9983,2592.8281,843.6486,cam_1_1690323746_17-22-26.jpg
521,379,892.471,397.30386,1336.4603,554.0485,cam_1_1690323746_17-22-26.jpg
521,399,1318.0815,802.5465,2059.9053,1030.5288,cam_1_1690323746_17-22-26.jpg
521,405,941.8904,449.79214,1449.1036,622.75336,cam_1_1690323746_17-22-26.jpg
521,347,2804.5479,571.5106,3303.2368,926.33936,cam_1_1690323746_17-22-26.jpg
521,370,1973.5614,740.7594,2414.5308,907.3598,cam_1_1690323746_17-22-26.jpg
522,371,1090.8601,529.38715,1785.9446,1005.0134,cam_1_1690323851_17-24-11.jpg
522,379,892.9564,395.76044,1328.262,555.5507,cam_1_1690323851_17-24-11.jpg
522,399,1323.0261,798.93744,2068.281,1030.0001,cam_1_1690323851_17-24-11.jpg
522,405,943.4626,447.2176,1440.736,622.0575,cam_1_1690323851_17-24-11.jpg
522,347,2855.793,583.295,3392.7024,956.60486,cam_1_1690323851_17-24-11.jpg
522,370,1933.7786,744.36456,2414.2224,906.78986,cam_1_1690323851_17-24-11.jpg
522,358,2307.9128,402.8107,2574.6704,707.0111,cam_1_1690323851_17-24-11.jpg
523,371,1099.2031,529.29987,1788.7384,1006.7215,cam_1_1690323881_17-24-41.jpg
523,379,894.51575,395.56146,1327.7931,555.7902,cam_1_1690323881_17-24-41.jpg
523,399,1324.5165,797.3444,2068.9966,1030.9542,cam_1_1690323881_17-24-41.jpg
523,405,943.7269,446.31088,1443.0449,622.6855,cam_1_1690323881_17-24-41.jpg
523,347,2865.7366,586.21027,3471.7202,974.5851,cam_1_1690323881_17-24-41.jpg
523,370,1920.7856,746.0429,2413.9534,905.15796,cam_1_1690323881_17-24-41.jpg
523,407,1411.8385,300.19775,1786.6959,477.51135,cam_1_1690323881_17-24-41.jpg
523,408,1724.6488,678.6158,2224.5872,805.83905,cam_1_1690323881_17-24-41.jpg
523,358,2301.5261,402.96848,2584.8257,697.9494,cam_1_1690323881_17-24-41.jpg
524,371,1089.5009,531.53143,1789.3704,1006.7335,cam_1_1690323941_17-25-41.jpg
524,379,889.52637,394.63226,1328.0958,557.1512,cam_1_1690323941_17-25-41.jpg
524,399,1326.3871,793.44275,2066.7412,1030.6089,cam_1_1690323941_17-25-41.jpg
524,405,943.07574,449.20297,1436.2001,621.69244,cam_1_1690323941_17-25-41.jpg
524,370,1962.8936,747.12885,2416.5989,905.53796,cam_1_1690323941_17-25-41.jpg
524,407,1397.7649,300.81058,1784.6582,481.21225,cam_1_1690323941_17-25-41.jpg
524,408,1744.0114,681.82574,2237.9006,806.8157,cam_1_1690323941_17-25-41.jpg
524,358,2297.0198,399.1205,2576.643,705.24945,cam_1_1690323941_17-25-41.jpg
524,386,3007.9543,616.8525,3541.8206,1014.6951,cam_1_1690323941_17-25-41.jpg
525,371,1092.4839,529.17694,1799.0581,1008.3203,cam_1_1690324091_17-28-11.jpg
525,379,892.7528,397.57224,1327.59,554.07904,cam_1_1690324091_17-28-11.jpg
525,399,1327.4738,794.6546,2066.9175,1029.6019,cam_1_1690324091_17-28-11.jpg
525,405,941.43555,451.06686,1440.8975,621.4006,cam_1_1690324091_17-28-11.jpg
525,370,1980.0234,747.9129,2417.1018,903.6662,cam_1_1690324091_17-28-11.jpg
525,407,1428.3372,320.78317,1861.9584,520.3761,cam_1_1690324091_17-28-11.jpg
525,408,1740.3541,687.4819,2241.7666,809.01953,cam_1_1690324091_17-28-11.jpg
525,358,2292.262,401.37628,2568.3672,704.4361,cam_1_1690324091_17-28-11.jpg
525,386,2998.6772,622.0552,3491.251,1009.41614,cam_1_1690324091_17-28-11.jpg
526,371,1086.9839,529.09705,1789.6863,989.47736,cam_1_1690324241_17-30-41.jpg
526,379,889.7442,397.4167,1328.126,555.1845,cam_1_1690324241_17-30-41.jpg
526,399,1328.9185,794.7906,2071.2166,1028.7964,cam_1_1690324241_17-30-41.jpg
526,405,942.7549,452.72873,1439.7777,621.555,cam_1_1690324241_17-30-41.jpg
526,370,1941.4589,745.0367,2420.2234,903.86017,cam_1_1690324241_17-30-41.jpg
526,407,1503.8569,335.1606,1902.4111,547.14984,cam_1_1690324241_17-30-41.jpg
526,408,1726.9199,682.085,2232.6694,805.1295,cam_1_1690324241_17-30-41.jpg
526,358,2289.411,403.7329,2558.4348,705.63116,cam_1_1690324241_17-30-41.jpg
526,386,2998.5703,615.38983,3382.4924,1007.77167,cam_1_1690324241_17-30-41.jpg
527,371,1092.2549,527.91345,1803.9141,999.29333,cam_1_1690324331_17-32-11.jpg
527,379,892.2071,398.50766,1335.547,553.47266,cam_1_1690324331_17-32-11.jpg
527,399,1329.7386,794.6187,2074.8396,1031.2946,cam_1_1690324331_17-32-11.jpg
527,405,941.7493,451.23376,1444.2195,619.6908,cam_1_1690324331_17-32-11.jpg
527,370,1915.587,744.19794,2416.6655,901.3636,cam_1_1690324331_17-32-11.jpg
527,408,1727.5227,681.12036,2231.4062,806.82294,cam_1_1690324331_17-32-11.jpg
527,358,2292.857,403.62625,2550.3252,707.97284,cam_1_1690324331_17-32-11.jpg
527,386,2994.1064,610.3087,3349.242,1004.90015,cam_1_1690324331_17-32-11.jpg
528,371,1106.6527,527.93884,1813.9153,1000.6652,cam_1_1690324481_17-34-41.jpg
528,379,894.8941,400.64172,1352.6748,552.9111,cam_1_1690324481_17-34-41.jpg
528,399,1329.7911,788.2433,2080.7817,1032.6686,cam_1_1690324481_17-34-41.jpg
528,405,943.6472,454.39432,1446.5552,620.2676,cam_1_1690324481_17-34-41.jpg
528,370,1949.4996,743.1081,2414.2158,901.59247,cam_1_1690324481_17-34-41.jpg
528,408,1723.1705,681.0298,2248.0742,802.63556,cam_1_1690324481_17-34-41.jpg
528,358,2286.7268,405.07138,2567.9744,703.03064,cam_1_1690324481_17-34-41.jpg
528,386,2989.075,609.0638,3338.6526,1002.9743,cam_1_1690324481_17-34-41.jpg
528,339,1709.1299,471.57703,2246.5242,742.3467,cam_1_1690324481_17-34-41.jpg
529,371,1107.0652,528.2919,1818.3295,1000.23865,cam_1_1690324616_17-36-56.jpg
529,379,896.1681,400.17517,1364.5162,552.6346,cam_1_1690324616_17-36-56.jpg
529,399,1328.3312,785.95435,2084.3513,1032.1967,cam_1_1690324616_17-36-56.jpg
529,405,942.113,455.9971,1467.3041,620.34344,cam_1_1690324616_17-36-56.jpg
529,370,1971.3838,742.25745,2418.0989,901.7354,cam_1_1690324616_17-36-56.jpg
529,408,1715.3165,680.51337,2255.8113,804.18005,cam_1_1690324616_17-36-56.jpg
529,358,2291.2085,404.91977,2583.8328,694.03564,cam_1_1690324616_17-36-56.jpg
529,339,1697.2758,475.21436,2243.5789,745.2299,cam_1_1690324616_17-36-56.jpg
529,363,2593.1045,531.56464,3069.2761,904.4666,cam_1_1690324616_17-36-56.jpg
530,371,1096.4022,526.9564,1818.0127,1001.23303,cam_1_1690324631_17-37-11.jpg
530,379,898.1214,399.7382,1369.9784,552.6712,cam_1_1690324631_17-37-11.jpg
530,399,1329.9697,785.14404,2093.092,1031.889,cam_1_1690324631_17-37-11.jpg
530,405,945.4153,455.1897,1468.3982,618.9644,cam_1_1690324631_17-37-11.jpg
530,370,1983.0841,742.3811,2417.5654,900.2731,cam_1_1690324631_17-37-11.jpg
530,408,1714.4854,682.50854,2253.0781,806.22217,cam_1_1690324631_17-37-11.jpg
530,358,2307.2092,402.85934,2555.994,603.4431,cam_1_1690324631_17-37-11.jpg
530,339,1726.6722,477.362,2236.9304,745.1232,cam_1_1690324631_17-37-11.jpg
530,313,2263.764,519.0839,2771.8804,868.31165,cam_1_1690324631_17-37-11.jpg
531,371,1091.3688,528.0681,1819.5049,1002.21466,cam_1_1690324646_17-37-26.jpg
531,379,897.0089,401.52792,1367.2805,553.039,cam_1_1690324646_17-37-26.jpg
531,399,1328.754,783.53107,2090.0215,1032.1333,cam_1_1690324646_17-37-26.jpg
531,405,946.8197,456.28775,1469.723,619.79205,cam_1_1690324646_17-37-26.jpg
531,370,1976.554,747.36456,2413.2632,898.1684,cam_1_1690324646_17-37-26.jpg
531,408,1710.4248,682.2823,2263.4014,807.2214,cam_1_1690324646_17-37-26.jpg
531,358,2282.2854,408.96982,2580.1636,660.89197,cam_1_1690324646_17-37-26.jpg
531,339,1726.5067,476.36627,2238.92,747.6877,cam_1_1690324646_17-37-26.jpg
532,371,1111.778,529.3152,1817.1556,1001.3441,cam_1_1690324871_17-41-11.jpg
532,379,898.2504,400.65256,1368.2605,551.25226,cam_1_1690324871_17-41-11.jpg
532,399,1327.1395,786.04285,2077.253,1029.5369,cam_1_1690324871_17-41-11.jpg
532,405,946.8615,452.7982,1469.5309,619.1437,cam_1_1690324871_17-41-11.jpg
532,370,1987.2798,740.6419,2414.7659,901.29456,cam_1_1690324871_17-41-11.jpg
532,408,1691.3273,681.6909,2248.7388,804.4984,cam_1_1690324871_17-41-11.jpg
532,358,2291.734,407.1862,2584.0293,690.79144,cam_1_1690324871_17-41-11.jpg
532,339,1731.0422,480.63757,2235.9407,746.4261,cam_1_1690324871_17-41-11.jpg
532,402,1880.261,303.7483,2175.4683,491.10284,cam_1_1690324871_17-41-11.jpg
533,371,1108.9253,529.43494,1813.7416,1001.9429,cam_1_1690324901_17-41-41.jpg
533,379,898.9378,400.83685,1373.229,550.1787,cam_1_1690324901_17-41-41.jpg
533,399,1326.9259,779.02527,2072.0312,1030.9487,cam_1_1690324901_17-41-41.jpg
533,405,946.4052,453.7728,1483.6613,619.1333,cam_1_1690324901_17-41-41.jpg
533,408,1675.8909,686.33856,2226.8745,816.0362,cam_1_1690324901_17-41-41.jpg
533,339,1708.244,481.38318,2232.0938,751.447,cam_1_1690324901_17-41-41.jpg
533,402,1892.2096,307.8761,2184.4941,498.83273,cam_1_1690324901_17-41-41.jpg
533,355,2303.4753,405.11017,2595.7107,586.4186,cam_1_1690324901_17-41-41.jpg
533,313,2122.4175,539.14276,2578.9712,879.3039,cam_1_1690324901_17-41-41.jpg
534,371,1080.3553,528.93207,1811.9214,1004.43164,cam_1_1690325126_17-45-26.jpg
534,379,897.58295,401.8232,1375.8387,551.1245,cam_1_1690325126_17-45-26.jpg
534,399,1326.3683,776.8934,2066.8806,1029.5007,cam_1_1690325126_17-45-26.jpg
534,405,942.40594,456.3885,1484.2119,621.4864,cam_1_1690325126_17-45-26.jpg
534,408,1683.4077,695.66626,2263.6565,850.5328,cam_1_1690325126_17-45-26.jpg
534,339,1690.0404,481.8518,2203.3525,745.2316,cam_1_1690325126_17-45-26.jpg
534,402,1897.6455,302.9814,2142.8384,492.20724,cam_1_1690325126_17-45-26.jpg
534,358,2247.585,396.88678,2581.3652,678.7058,cam_1_1690325126_17-45-26.jpg
535,371,1086.5796,528.9116,1812.1171,1002.5013,cam_1_1690325171_17-46-11.jpg
535,379,897.8075,401.38733,1373.565,551.47485,cam_1_1690325171_17-46-11.jpg
535,399,1326.2284,777.477,2068.3179,1028.3386,cam_1_1690325171_17-46-11.jpg
535,405,943.27234,457.05084,1483.4302,622.0421,cam_1_1690325171_17-46-11.jpg
535,408,1696.8473,700.51117,2275.5127,862.7059,cam_1_1690325171_17-46-11.jpg
535,339,1687.7598,482.41324,2224.9277,748.11334,cam_1_1690325171_17-46-11.jpg
535,402,1984.0887,310.3671,2175.8455,498.01242,cam_1_1690325171_17-46-11.jpg
535,358,2199.9246,377.7115,2582.9229,661.4955,cam_1_1690325171_17-46-11.jpg
536,371,1097.082,526.8474,1811.5609,1000.6105,cam_1_1690325216_17-46-56.jpg
536,379,898.5033,400.77988,1370.4958,551.59515,cam_1_1690325216_17-46-56.jpg
536,399,1331.5402,777.7589,2069.8518,1030.486,cam_1_1690325216_17-46-56.jpg
536,405,943.91266,456.32846,1481.9354,621.6766,cam_1_1690325216_17-46-56.jpg
536,408,1699.1195,703.97046,2279.8604,866.1965,cam_1_1690325216_17-46-56.jpg
536,339,1682.9191,483.6392,2234.893,750.1325,cam_1_1690325216_17-46-56.jpg
536,402,2035.4606,321.24844,2183.7317,497.1125,cam_1_1690325216_17-46-56.jpg
536,358,2201.5645,381.55234,2591.3127,657.6847,cam_1_1690325216_17-46-56.jpg
536,412,1723.4384,242.28506,1887.2114,447.9013,cam_1_1690325216_17-46-56.jpg
537,371,1101.63,526.53143,1814.0928,1000.8056,cam_1_1690325336_17-48-56.jpg
537,379,894.30035,401.15668,1372.6368,550.56866,cam_1_1690325336_17-48-56.jpg
537,399,1331.9047,778.53644,2070.7476,1029.8982,cam_1_1690325336_17-48-56.jpg
537,405,943.1674,456.33206,1481.9216,622.3064,cam_1_1690325336_17-48-56.jpg
537,408,1705.4935,704.13477,2282.5022,867.52155,cam_1_1690325336_17-48-56.jpg
537,339,1689.2926,481.20978,2240.7236,750.3626,cam_1_1690325336_17-48-56.jpg
537,358,2209.8145,386.62335,2594.1594,657.7272,cam_1_1690325336_17-48-56.jpg
537,412,1742.4504,237.79443,1898.4728,443.73947,cam_1_1690325336_17-48-56.jpg
538,371,1181.64,542.55554,1930.7255,1013.74396,cam_1_1690325831_17-57-11.jpg
538,379,892.2803,403.09448,1367.4928,550.9646,cam_1_1690325831_17-57-11.jpg
538,405,942.5893,460.64078,1481.9009,622.53033,cam_1_1690325831_17-57-11.jpg
538,408,1845.6409,699.8133,2278.3284,864.108,cam_1_1690325831_17-57-11.jpg
538,339,1718.8229,481.87772,2238.386,746.0825,cam_1_1690325831_17-57-11.jpg
538,358,2158.8176,377.95865,2484.2332,630.94006,cam_1_1690325831_17-57-11.jpg
538,402,2051.1663,346.39157,2277.097,500.11118,cam_1_1690325831_17-57-11.jpg
539,371,1211.5227,543.9899,1971.4729,1014.76044,cam_1_1690325951_17-59-11.jpg
539,379,892.8042,402.93936,1369.4001,548.9184,cam_1_1690325951_17-59-11.jpg
539,405,943.68695,461.11694,1483.2748,623.2193,cam_1_1690325951_17-59-11.jpg
539,408,1898.2977,695.431,2271.8022,861.9793,cam_1_1690325951_17-59-11.jpg
539,339,1705.5955,482.3156,2241.305,738.45416,cam_1_1690325951_17-59-11.jpg
539,358,2125.9844,370.3753,2441.2212,619.13074,cam_1_1690325951_17-59-11.jpg
539,415,1937.2727,299.12564,2123.8564,488.33136,cam_1_1690325951_17-59-11.jpg
539,402,2060.4492,343.69156,2300.3772,506.85538,cam_1_1690325951_17-59-11.jpg
540,371,1209.0801,546.4667,1992.6276,1014.6858,cam_1_1690326011_18-00-11.jpg
540,379,889.47565,404.06744,1362.7911,549.6463,cam_1_1690326011_18-00-11.jpg
540,405,941.315,458.0463,1475.0503,622.4823,cam_1_1690326011_18-00-11.jpg
540,408,1917.6831,695.8805,2271.2483,861.8091,cam_1_1690326011_18-00-11.jpg
540,339,1720.3917,486.20792,2243.3123,740.151,cam_1_1690326011_18-00-11.jpg
540,358,2132.05,372.747,2428.4368,616.587,cam_1_1690326011_18-00-11.jpg
540,415,1936.1166,298.60773,2131.1216,483.37512,cam_1_1690326011_18-00-11.jpg
540,402,2062.9058,348.08868,2299.0452,504.73352,cam_1_1690326011_18-00-11.jpg
541,371,1219.4307,546.6866,1978.1885,1017.2216,cam_1_1690326086_18-01-26.jpg
541,379,892.7252,404.03717,1365.0627,549.05023,cam_1_1690326086_18-01-26.jpg
541,405,939.772,458.23508,1471.2175,623.16455,cam_1_1690326086_18-01-26.jpg
541,408,1904.9371,695.265,2267.9973,862.796,cam_1_1690326086_18-01-26.jpg
541,339,1716.6653,485.43964,2237.0835,737.1693,cam_1_1690326086_18-01-26.jpg
541,358,2116.0376,376.55948,2440.3555,632.95953,cam_1_1690326086_18-01-26.jpg
541,415,1936.4729,298.99734,2136.1829,482.98367,cam_1_1690326086_18-01-26.jpg
541,402,2056.9653,347.34717,2291.9585,501.61838,cam_1_1690326086_18-01-26.jpg
542,371,1222.531,547.3975,1991.2147,1016.8325,cam_1_1690326116_18-01-56.jpg
542,379,889.449,404.30365,1366.0895,549.8613,cam_1_1690326116_18-01-56.jpg
542,405,941.5778,459.29843,1476.6044,623.0342,cam_1_1690326116_18-01-56.jpg
542,408,1909.2743,694.1515,2271.406,863.49396,cam_1_1690326116_18-01-56.jpg
542,339,1703.1476,481.32764,2234.8188,730.2551,cam_1_1690326116_18-01-56.jpg
542,358,2149.4702,386.0011,2497.788,646.72046,cam_1_1690326116_18-01-56.jpg
542,402,2055.47,339.78412,2274.8965,504.00684,cam_1_1690326116_18-01-56.jpg
542,412,1709.5485,279.23285,2023.8412,469.97955,cam_1_1690326116_18-01-56.jpg
543,371,1189.2987,588.15564,1833.2153,895.0766,cam_1_1690326296_18-04-56.jpg
543,379,881.47327,406.5221,1335.2456,550.6244,cam_1_1690326296_18-04-56.jpg
543,405,936.5636,458.4084,1457.5133,626.6589,cam_1_1690326296_18-04-56.jpg
543,408,1866.2565,689.95667,2274.3904,872.7304,cam_1_1690326296_18-04-56.jpg
543,339,1705.2793,477.16226,2233.9224,721.4731,cam_1_1690326296_18-04-56.jpg
543,358,2185.3904,397.1231,2542.3662,656.3561,cam_1_1690326296_18-04-56.jpg
543,402,2051.697,333.00198,2270.5332,496.42273,cam_1_1690326296_18-04-56.jpg
543,399,1272.8848,692.1319,1810.2872,941.1723,cam_1_1690326296_18-04-56.jpg
544,371,1177.2145,604.9726,1760.2245,842.52936,cam_1_1690326371_18-06-11.jpg
544,379,884.20056,406.03534,1320.0771,548.4185,cam_1_1690326371_18-06-11.jpg
544,405,937.88446,456.9469,1451.0094,625.27783,cam_1_1690326371_18-06-11.jpg
544,408,1868.1504,687.5411,2267.6372,875.5123,cam_1_1690326371_18-06-11.jpg
544,339,1713.6322,474.83185,2240.5798,723.5015,cam_1_1690326371_18-06-11.jpg
544,358,2201.864,402.891,2557.8862,660.62225,cam_1_1690326371_18-06-11.jpg
544,402,2040.2748,328.31833,2269.0266,495.9399,cam_1_1690326371_18-06-11.jpg
544,416,2246.9731,838.07965,3375.4,1546.9348,cam_1_1690326371_18-06-11.jpg
544,417,1107.3998,537.6739,1590.9329,743.0964,cam_1_1690326371_18-06-11.jpg
544,418,1110.6357,197.83228,1456.0421,397.03586,cam_1_1690326371_18-06-11.jpg
544,399,1266.6311,681.0001,1786.2706,932.7093,cam_1_1690326371_18-06-11.jpg
545,371,1171.5557,611.73254,1734.3507,832.7377,cam_1_1690326461_18-07-41.jpg
545,379,883.18866,406.64432,1298.9019,548.7357,cam_1_1690326461_18-07-41.jpg
545,405,936.6685,458.34164,1438.3861,625.9176,cam_1_1690326461_18-07-41.jpg
545,408,1865.5912,690.156,2268.54,878.0055,cam_1_1690326461_18-07-41.jpg
545,339,1711.1987,479.98108,2237.7664,738.6524,cam_1_1690326461_18-07-41.jpg
545,358,2204.6458,402.7917,2569.2515,654.36676,cam_1_1690326461_18-07-41.jpg
545,402,2012.8306,322.7859,2242.9236,491.62897,cam_1_1690326461_18-07-41.jpg
545,417,1105.3768,540.08514,1587.1154,744.00543,cam_1_1690326461_18-07-41.jpg
545,418,1132.3574,198.33939,1467.0994,384.88614,cam_1_1690326461_18-07-41.jpg
545,399,1263.7467,677.43115,1775.021,927.74603,cam_1_1690326461_18-07-41.jpg
546,371,1169.5138,611.82733,1723.6244,830.8443,cam_1_1690326596_18-09-56.jpg
546,379,882.9201,408.66534,1275.4723,548.5434,cam_1_1690326596_18-09-56.jpg
546,405,936.47656,457.34885,1445.8408,626.6804,cam_1_1690326596_18-09-56.jpg
546,408,1875.7225,692.6831,2270.8008,879.80133,cam_1_1690326596_18-09-56.jpg
546,339,1735.0503,478.6719,2246.3477,739.00616,cam_1_1690326596_18-09-56.jpg
546,358,2215.7722,401.71454,2555.5542,651.02783,cam_1_1690326596_18-09-56.jpg
546,402,1998.8427,320.46448,2238.3225,481.24542,cam_1_1690326596_18-09-56.jpg
546,417,1103.3043,539.723,1585.2108,744.18695,cam_1_1690326596_18-09-56.jpg
546,418,1215.0199,253.79932,1636.7086,419.06503,cam_1_1690326596_18-09-56.jpg
546,399,1262.8704,677.6555,1764.6656,925.48834,cam_1_1690326596_18-09-56.jpg
546,420,1627.9962,399.7596,2132.9312,580.4926,cam_1_1690326596_18-09-56.jpg
546,355,2512.1492,476.24155,2928.2886,769.38776,cam_1_1690326596_18-09-56.jpg
547,371,1166.6085,612.3338,1724.2725,830.4115,cam_1_1690326836_18-13-56.jpg
547,379,883.2654,408.33823,1268.3417,547.70856,cam_1_1690326836_18-13-56.jpg
547,405,935.32117,455.64682,1439.859,627.78143,cam_1_1690326836_18-13-56.jpg
547,408,1877.654,693.61884,2266.129,879.7587,cam_1_1690326836_18-13-56.jpg
547,358,2200.3337,392.78036,2512.4517,644.0798,cam_1_1690326836_18-13-56.jpg
547,417,1102.9382,536.6854,1588.0846,745.86804,cam_1_1690326836_18-13-56.jpg
547,418,1276.8914,278.31232,1716.9352,437.81918,cam_1_1690326836_18-13-56.jpg
547,399,1263.4824,677.7248,1768.4967,926.4432,cam_1_1690326836_18-13-56.jpg
547,420,1651.0,413.4412,2183.1943,631.8821,cam_1_1690326836_18-13-56.jpg
547,422,1662.6776,227.27914,1882.685,417.36234,cam_1_1690326836_18-13-56.jpg
547,355,2503.855,465.51413,2829.8315,764.839,cam_1_1690326836_18-13-56.jpg
547,415,1955.1324,303.9106,2130.3652,444.52698,cam_1_1690326836_18-13-56.jpg
548,371,1165.0145,614.1445,1714.3138,830.0489,cam_1_1690326881_18-14-41.jpg
548,379,883.3514,408.01822,1263.573,547.0151,cam_1_1690326881_18-14-41.jpg
548,405,934.6459,454.55627,1442.8632,626.59686,cam_1_1690326881_18-14-41.jpg
548,408,1871.9524,693.8837,2265.9185,879.283,cam_1_1690326881_18-14-41.jpg
548,358,2150.3674,390.42883,2443.475,634.51587,cam_1_1690326881_18-14-41.jpg
548,417,1108.3947,535.62964,1587.0973,744.61176,cam_1_1690326881_18-14-41.jpg
548,418,1304.9843,283.8741,1743.2069,441.0558,cam_1_1690326881_18-14-41.jpg
548,399,1266.0847,680.18585,1769.0197,926.74554,cam_1_1690326881_18-14-41.jpg
548,420,1667.5664,415.64072,2185.4224,647.9842,cam_1_1690326881_18-14-41.jpg
548,422,1660.3833,224.47664,1887.8018,418.01413,cam_1_1690326881_18-14-41.jpg
548,355,2495.2969,463.63562,2804.9414,759.3577,cam_1_1690326881_18-14-41.jpg
548,415,1936.6339,306.33286,2146.9604,444.46262,cam_1_1690326881_18-14-41.jpg
549,371,1166.0052,613.8394,1710.7334,827.7988,cam_1_1690326896_18-14-56.jpg
549,379,882.9903,407.28064,1259.6599,547.9384,cam_1_1690326896_18-14-56.jpg
549,405,936.30585,453.1875,1448.7571,626.4815,cam_1_1690326896_18-14-56.jpg
549,408,1868.7588,692.7511,2267.261,879.3231,cam_1_1690326896_18-14-56.jpg
549,358,2158.7068,378.7193,2428.3967,628.06354,cam_1_1690326896_18-14-56.jpg
549,417,1107.6411,535.4164,1590.4022,743.65625,cam_1_1690326896_18-14-56.jpg
549,418,1312.4054,285.63568,1747.4911,442.67133,cam_1_1690326896_18-14-56.jpg
549,399,1266.0786,680.31683,1770.067,928.8886,cam_1_1690326896_18-14-56.jpg
549,420,1690.5983,418.00174,2189.8706,658.1959,cam_1_1690326896_18-14-56.jpg
549,422,1665.6915,224.32178,1892.2355,421.48373,cam_1_1690326896_18-14-56.jpg
549,355,2491.7822,460.68082,2784.1445,758.2805,cam_1_1690326896_18-14-56.jpg
549,415,1932.8353,305.5091,2143.644,442.02856,cam_1_1690326896_18-14-56.jpg
550,371,1168.6403,611.00195,1718.078,829.3833,cam_1_1690326941_18-15-41.jpg
550,379,881.5468,406.41312,1260.3804,548.0022,cam_1_1690326941_18-15-41.jpg
550,405,937.7602,453.06238,1450.334,627.43445,cam_1_1690326941_18-15-41.jpg
550,408,1871.1823,693.5091,2267.6018,880.21844,cam_1_1690326941_18-15-41.jpg
550,358,2150.736,375.85623,2438.533,624.65594,cam_1_1690326941_18-15-41.jpg
550,417,1107.6915,534.50226,1589.0309,743.4005,cam_1_1690326941_18-15-41.jpg
550,418,1311.757,282.84933,1752.8546,442.92737,cam_1_1690326941_18-15-41.jpg
550,399,1265.4907,679.2494,1771.0555,929.0589,cam_1_1690326941_18-15-41.jpg
550,420,1695.4604,416.41077,2178.7996,659.3939,cam_1_1690326941_18-15-41.jpg
550,422,1673.6907,226.82771,1893.4978,423.4481,cam_1_1690326941_18-15-41.jpg
550,355,2485.9531,459.9453,2794.65,755.29645,cam_1_1690326941_18-15-41.jpg
550,415,1925.7147,302.66156,2132.1233,440.22736,cam_1_1690326941_18-15-41.jpg
551,371,1167.0636,611.2186,1721.0963,830.8312,cam_1_1690326956_18-15-56.jpg
551,379,883.9475,407.5149,1258.2834,547.8354,cam_1_1690326956_18-15-56.jpg
551,405,936.4108,454.1587,1450.7078,628.2884,cam_1_1690326956_18-15-56.jpg
551,408,1864.144,690.18506,2266.5369,879.54486,cam_1_1690326956_18-15-56.jpg
551,358,2139.688,373.70685,2441.781,622.48047,cam_1_1690326956_18-15-56.jpg
551,417,1106.8038,537.1838,1585.5267,743.2031,cam_1_1690326956_18-15-56.jpg
551,418,1305.6487,279.91132,1750.9603,441.9444,cam_1_1690326956_18-15-56.jpg
551,399,1265.125,679.28265,1773.7428,927.26575,cam_1_1690326956_18-15-56.jpg
551,420,1694.9972,415.5833,2175.0105,661.9398,cam_1_1690326956_18-15-56.jpg
551,422,1674.477,225.06152,1898.3059,419.25537,cam_1_1690326956_18-15-56.jpg
551,355,2484.442,461.61496,2791.1008,753.0847,cam_1_1690326956_18-15-56.jpg
551,415,1918.6031,301.99838,2159.8796,439.77496,cam_1_1690326956_18-15-56.jpg
552,371,1164.1738,614.069,1725.5856,830.9962,cam_1_1690327076_18-17-56.jpg
552,379,882.5203,408.77036,1260.0587,546.549,cam_1_1690327076_18-17-56.jpg
552,405,938.0686,454.3666,1446.2955,626.2218,cam_1_1690327076_18-17-56.jpg
552,408,1871.025,695.00806,2265.8452,878.55914,cam_1_1690327076_18-17-56.jpg
552,358,2132.9946,372.85214,2420.471,608.95593,cam_1_1690327076_18-17-56.jpg
552,417,1107.0647,538.9756,1582.5381,739.6476,cam_1_1690327076_18-17-56.jpg
552,418,1313.7794,281.1376,1748.5414,441.48434,cam_1_1690327076_18-17-56.jpg
552,399,1265.7882,682.1829,1774.1444,927.1431,cam_1_1690327076_18-17-56.jpg
552,420,1667.1812,413.40866,2187.3042,656.0284,cam_1_1690327076_18-17-56.jpg
552,422,1656.1522,229.07074,1839.0931,416.298,cam_1_1690327076_18-17-56.jpg
552,415,1921.4929,308.1408,2127.1667,436.15286,cam_1_1690327076_18-17-56.jpg
553,371,1164.49,612.58856,1729.0604,830.62537,cam_1_1690327106_18-18-26.jpg
553,379,882.6825,409.0293,1263.4331,545.24677,cam_1_1690327106_18-18-26.jpg
553,405,935.2867,451.36304,1442.424,625.39435,cam_1_1690327106_18-18-26.jpg
553,408,1877.4338,696.8107,2265.4456,878.5039,cam_1_1690327106_18-18-26.jpg
553,358,2138.6655,369.84045,2401.329,599.72815,cam_1_1690327106_18-18-26.jpg
553,417,1108.0312,538.9753,1581.1661,736.2219,cam_1_1690327106_18-18-26.jpg
553,418,1342.9198,286.54126,1750.1666,446.8019,cam_1_1690327106_18-18-26.jpg
553,399,1266.0902,683.23694,1771.5057,928.7842,cam_1_1690327106_18-18-26.jpg
553,420,1674.8689,414.95242,2192.042,654.2563,cam_1_1690327106_18-18-26.jpg
553,422,1641.6436,233.37485,1848.1969,420.04764,cam_1_1690327106_18-18-26.jpg
553,423,2300.6729,399.4432,2565.19,688.79913,cam_1_1690327106_18-18-26.jpg
554,371,1165.453,612.39374,1727.9497,829.5412,cam_1_1690327121_18-18-41.jpg
554,379,880.62897,407.11716,1266.0497,546.09265,cam_1_1690327121_18-18-41.jpg
554,405,934.79016,451.97586,1439.5718,625.1213,cam_1_1690327121_18-18-41.jpg
554,408,1880.2505,698.2822,2265.8706,879.2198,cam_1_1690327121_18-18-41.jpg
554,358,2131.9272,369.7215,2366.3425,587.58356,cam_1_1690327121_18-18-41.jpg
554,417,1107.4175,539.7181,1579.495,736.9268,cam_1_1690327121_18-18-41.jpg
554,418,1344.1562,290.02765,1747.517,452.2734,cam_1_1690327121_18-18-41.jpg
554,399,1264.4359,684.2099,1772.3414,930.2904,cam_1_1690327121_18-18-41.jpg
554,420,1703.224,414.87003,2191.443,657.0074,cam_1_1690327121_18-18-41.jpg
554,422,1652.5962,229.11307,1871.057,418.59177,cam_1_1690327121_18-18-41.jpg
554,423,2260.103,393.7793,2593.9028,663.4287,cam_1_1690327121_18-18-41.jpg
554,424,1152.7549,198.67053,1485.0687,378.53613,cam_1_1690327121_18-18-41.jpg
555,371,1166.6921,612.0117,1717.1444,834.6935,cam_1_1690327181_18-19-41.jpg
555,405,928.9566,413.04407,1515.742,741.1345,cam_1_1690327181_18-19-41.jpg
555,408,1877.6263,698.16534,2265.1865,878.409,cam_1_1690327181_18-19-41.jpg
555,358,2102.2476,360.97665,2352.9407,579.26996,cam_1_1690327181_18-19-41.jpg
555,418,1364.1653,291.17325,1748.2772,449.16626,cam_1_1690327181_18-19-41.jpg
555,399,1264.4764,684.5591,1782.3594,930.7665,cam_1_1690327181_18-19-41.jpg
555,420,1690.147,415.15808,2184.9697,661.77655,cam_1_1690327181_18-19-41.jpg
555,422,1658.4993,227.15132,1893.3549,420.78226,cam_1_1690327181_18-19-41.jpg
555,423,2242.376,398.57986,2603.2385,659.6916,cam_1_1690327181_18-19-41.jpg
555,424,1139.599,198.09883,1469.7605,382.6474,cam_1_1690327181_18-19-41.jpg
556,371,1167.3143,614.4197,1714.0392,836.9419,cam_1_1690327196_18-19-56.jpg
556,405,917.6958,401.50754,1540.2285,776.84985,cam_1_1690327196_18-19-56.jpg
556,408,1875.6365,697.59375,2268.6443,878.18915,cam_1_1690327196_18-19-56.jpg
556,358,2089.8726,360.62543,2339.0854,576.8901,cam_1_1690327196_18-19-56.jpg
556,418,1359.8701,289.29437,1748.5404,442.9447,cam_1_1690327196_18-19-56.jpg
556,399,1262.6566,685.2717,1783.7495,931.33655,cam_1_1690327196_18-19-56.jpg
556,420,1723.2849,415.8252,2179.418,664.42865,cam_1_1690327196_18-19-56.jpg
556,422,1652.9993,224.86192,1880.5785,418.21832,cam_1_1690327196_18-19-56.jpg
556,423,2233.2595,399.2772,2607.388,659.0907,cam_1_1690327196_18-19-56.jpg
556,424,1131.9373,196.90096,1459.7112,383.88696,cam_1_1690327196_18-19-56.jpg
557,371,1169.8676,615.1925,1722.1019,839.1811,cam_1_1690327241_18-20-41.jpg
557,405,923.93866,399.33972,1552.6858,795.5529,cam_1_1690327241_18-20-41.jpg
557,408,1880.0847,696.3066,2270.2915,877.0706,cam_1_1690327241_18-20-41.jpg
557,358,2111.0576,365.92987,2324.7197,596.66327,cam_1_1690327241_18-20-41.jpg
557,418,1328.9576,281.5371,1701.8259,435.71033,cam_1_1690327241_18-20-41.jpg
557,399,1260.9194,683.499,1789.7029,932.0506,cam_1_1690327241_18-20-41.jpg
557,420,1675.9083,413.2475,2169.7,658.86774,cam_1_1690327241_18-20-41.jpg
557,423,2231.113,400.47452,2593.1062,656.46924,cam_1_1690327241_18-20-41.jpg
557,402,2011.7726,326.47092,2298.2327,473.29395,cam_1_1690327241_18-20-41.jpg
557,379,829.54974,330.12573,1278.8925,649.45447,cam_1_1690327241_18-20-41.jpg
558,371,1171.7126,616.18384,1726.5453,839.4888,cam_1_1690327256_18-20-56.jpg
558,405,926.78375,398.80365,1555.1843,803.72534,cam_1_1690327256_18-20-56.jpg
558,408,1875.265,695.6105,2269.747,877.48157,cam_1_1690327256_18-20-56.jpg
558,358,2119.1035,389.49487,2378.507,674.9914,cam_1_1690327256_18-20-56.jpg
558,399,1261.0703,684.32965,1790.153,932.8395,cam_1_1690327256_18-20-56.jpg
558,420,1670.5255,413.45554,2155.0803,661.32513,cam_1_1690327256_18-20-56.jpg
558,423,2254.045,399.2516,2588.829,645.86835,cam_1_1690327256_18-20-56.jpg
558,426,327.6476,423.93234,627.82416,934.73175,cam_1_1690327256_18-20-56.jpg
558,402,2027.1399,318.91696,2275.0117,461.56183,cam_1_1690327256_18-20-56.jpg
558,379,819.53674,320.07806,1282.2883,659.1562,cam_1_1690327256_18-20-56.jpg
559,371,1226.7369,605.91693,1751.6161,767.3097,cam_1_1690327376_18-22-56.jpg
559,405,939.4489,395.8342,1557.8594,795.5514,cam_1_1690327376_18-22-56.jpg
559,399,1075.9778,683.78235,1892.4095,1143.4272,cam_1_1690327376_18-22-56.jpg
559,423,2229.7573,396.1346,2597.1501,655.7768,cam_1_1690327376_18-22-56.jpg
559,379,818.51746,314.4012,1299.7124,674.9844,cam_1_1690327376_18-22-56.jpg
559,313,1926.6982,715.6537,2430.5598,914.272,cam_1_1690327376_18-22-56.jpg
559,416,2669.6863,777.9439,3268.0134,1454.4774,cam_1_1690327376_18-22-56.jpg
559,424,1127.3491,199.93713,1492.6946,392.31387,cam_1_1690327376_18-22-56.jpg
560,371,1188.7576,611.4419,1722.8085,819.4234,cam_1_1690327406_18-23-26.jpg
560,405,935.9526,398.93814,1563.5178,804.3679,cam_1_1690327406_18-23-26.jpg
560,399,1172.929,686.8184,1844.4271,1048.5979,cam_1_1690327406_18-23-26.jpg
560,423,2215.2388,393.72327,2600.7908,657.45325,cam_1_1690327406_18-23-26.jpg
560,379,814.10986,312.3926,1298.0514,676.17224,cam_1_1690327406_18-23-26.jpg
560,313,1934.2557,709.8071,2426.4434,920.9536,cam_1_1690327406_18-23-26.jpg
560,416,2350.083,793.1465,3237.0615,1469.8265,cam_1_1690327406_18-23-26.jpg
560,424,1120.469,198.9784,1498.0059,393.94196,cam_1_1690327406_18-23-26.jpg
561,371,1174.3633,614.1954,1715.8671,830.59326,cam_1_1690327421_18-23-41.jpg
561,405,932.11145,401.0953,1564.0657,808.85144,cam_1_1690327421_18-23-41.jpg
561,399,1227.9999,692.27026,1820.9326,988.696,cam_1_1690327421_18-23-41.jpg
561,423,2210.047,393.245,2595.429,655.9136,cam_1_1690327421_18-23-41.jpg
561,379,812.5837,309.61603,1303.1339,675.1113,cam_1_1690327421_18-23-41.jpg
561,313,1929.7563,706.0313,2429.067,920.17487,cam_1_1690327421_18-23-41.jpg
561,416,2339.8816,805.2942,3324.351,1465.9354,cam_1_1690327421_18-23-41.jpg
561,424,1121.21,197.5963,1498.0807,391.23712,cam_1_1690327421_18-23-41.jpg
561,428,3526.1414,738.5212,3847.2668,1212.3986,cam_1_1690327421_18-23-41.jpg
562,371,1170.187,614.54816,1719.7646,836.691,cam_1_1690327436_18-23-56.jpg
562,405,931.8371,403.19336,1562.5963,811.04895,cam_1_1690327436_18-23-56.jpg
562,399,1246.6221,694.2218,1812.46,966.3355,cam_1_1690327436_18-23-56.jpg
562,423,2202.5586,394.16486,2596.6316,657.1914,cam_1_1690327436_18-23-56.jpg
562,379,813.8811,311.42538,1306.3606,675.4916,cam_1_1690327436_18-23-56.jpg
562,313,1932.306,705.3829,2429.5588,919.107,cam_1_1690327436_18-23-56.jpg
562,416,2338.0908,808.67065,3356.152,1470.9362,cam_1_1690327436_18-23-56.jpg
562,424,1114.0378,196.88135,1490.3505,391.71588,cam_1_1690327436_18-23-56.jpg
562,428,3523.4133,739.8214,3842.75,1214.3538,cam_1_1690327436_18-23-56.jpg
563,371,1166.1683,614.821,1723.1884,840.14075,cam_1_1690327511_18-25-11.jpg
563,405,811.2457,395.4659,1474.5117,827.3134,cam_1_1690327511_18-25-11.jpg
563,399,1254.4244,694.70197,1803.497,956.5169,cam_1_1690327511_18-25-11.jpg
563,423,2204.8833,394.91934,2598.2126,658.14453,cam_1_1690327511_18-25-11.jpg
563,313,1937.8551,708.86255,2425.7515,915.86487,cam_1_1690327511_18-25-11.jpg
563,416,2240.9358,794.5725,3254.7505,1503.3173,cam_1_1690327511_18-25-11.jpg
563,424,1135.6211,197.50754,1486.5972,386.114,cam_1_1690327511_18-25-11.jpg
563,428,3458.162,711.84045,3767.3582,1195.2983,cam_1_1690327511_18-25-11.jpg
564,371,1167.592,615.45874,1734.9956,839.02496,cam_1_1690327586_18-26-26.jpg
564,405,788.94604,391.51282,1433.803,830.54767,cam_1_1690327586_18-26-26.jpg
564,399,1255.6427,694.3058,1803.9606,951.19604,cam_1_1690327586_18-26-26.jpg
564,423,2208.243,392.43372,2588.1265,659.7393,cam_1_1690327586_18-26-26.jpg
564,313,1946.7117,704.1893,2407.4585,909.2097,cam_1_1690327586_18-26-26.jpg
564,416,2189.2214,783.5221,3155.9983,1499.7443,cam_1_1690327586_18-26-26.jpg
564,428,3440.8633,705.1967,3739.7341,1196.7141,cam_1_1690327586_18-26-26.jpg
564,429,822.3318,338.71902,1266.2219,443.29465,cam_1_1690327586_18-26-26.jpg
564,422,1678.257,233.71893,1984.8318,454.17505,cam_1_1690327586_18-26-26.jpg
565,371,1171.5446,619.2672,1726.2938,837.46356,cam_1_1690327721_18-28-41.jpg
565,405,768.48035,395.3803,1420.1572,838.7828,cam_1_1690327721_18-28-41.jpg
565,399,1257.9321,695.3618,1799.5469,949.42847,cam_1_1690327721_18-28-41.jpg
565,423,2173.4268,385.4407,2541.1677,649.6335,cam_1_1690327721_18-28-41.jpg
565,313,1938.5479,705.63666,2406.577,911.95844,cam_1_1690327721_18-28-41.jpg
565,416,2172.4023,780.64307,3124.971,1498.1892,cam_1_1690327721_18-28-41.jpg
565,428,3345.4697,676.0831,3643.333,1153.4716,cam_1_1690327721_18-28-41.jpg
565,429,811.9666,321.98694,1306.7119,447.95264,cam_1_1690327721_18-28-41.jpg
565,430,817.8207,264.71713,1207.2577,373.89847,cam_1_1690327721_18-28-41.jpg
565,422,1679.3917,234.55612,1991.985,456.08887,cam_1_1690327721_18-28-41.jpg
566,371,1181.8622,619.2368,1729.4207,835.59155,cam_1_1690327841_18-30-41.jpg
566,405,775.3606,393.98557,1414.168,838.84125,cam_1_1690327841_18-30-41.jpg
566,399,1256.452,694.00214,1808.8481,944.61597,cam_1_1690327841_18-30-41.jpg
566,423,2152.1707,377.95276,2549.3801,642.50916,cam_1_1690327841_18-30-41.jpg
566,313,1959.5684,711.065,2419.2507,916.65875,cam_1_1690327841_18-30-41.jpg
566,416,2120.8643,880.02527,3006.4792,1676.4388,cam_1_1690327841_18-30-41.jpg
566,429,791.66626,318.0449,1265.3143,449.4336,cam_1_1690327841_18-30-41.jpg
566,422,1675.9961,233.48485,1990.0288,457.8342,cam_1_1690327841_18-30-41.jpg
566,355,2676.3853,527.35706,3247.2952,885.8627,cam_1_1690327841_18-30-41.jpg
566,379,744.79724,321.90817,1229.492,667.8658,cam_1_1690327841_18-30-41.jpg
567,371,1250.3815,614.3987,1728.4553,792.39716,cam_1_1690327946_18-32-26.jpg
567,405,778.74,397.1235,1432.1034,840.0809,cam_1_1690327946_18-32-26.jpg
567,399,1293.9866,690.581,1825.7427,947.5166,cam_1_1690327946_18-32-26.jpg
567,423,2156.7922,376.74625,2582.1282,648.4643,cam_1_1690327946_18-32-26.jpg
567,313,1954.8107,712.3806,2425.0823,914.3462,cam_1_1690327946_18-32-26.jpg
567,422,1678.9323,234.58057,1994.827,461.44223,cam_1_1690327946_18-32-26.jpg
567,355,2763.6094,555.4682,3247.1382,912.02844,cam_1_1690327946_18-32-26.jpg
567,379,618.17236,325.98874,1088.2539,702.91064,cam_1_1690327946_18-32-26.jpg
567,430,766.99384,287.4403,1148.4006,401.52496,cam_1_1690327946_18-32-26.jpg
568,405,782.7048,401.19736,1352.6077,837.1958,cam_1_1690328081_18-34-41.jpg
568,399,1272.0612,686.2781,1823.0724,929.6548,cam_1_1690328081_18-34-41.jpg
568,313,1965.2218,710.1622,2424.238,910.8753,cam_1_1690328081_18-34-41.jpg
568,355,2825.7986,597.69885,3185.0767,1025.9976,cam_1_1690328081_18-34-41.jpg
568,417,1098.0583,463.6408,1655.2141,846.437,cam_1_1690328081_18-34-41.jpg
568,429,789.6801,297.02762,1268.1986,459.68356,cam_1_1690328081_18-34-41.jpg
569,399,1021.3543,696.31165,1878.6749,1149.5715,cam_1_1690328141_18-35-41.jpg
569,313,1972.4363,718.05945,2428.922,914.06805,cam_1_1690328141_18-35-41.jpg
569,434,3342.1384,697.8243,4044.8545,1196.9706,cam_1_1690328141_18-35-41.jpg
569,437,918.0155,182.59476,1149.1222,317.42905,cam_1_1690328141_18-35-41.jpg
569,417,1112.8602,457.5949,1676.0029,809.2961,cam_1_1690328141_18-35-41.jpg
569,429,758.9908,294.27917,1254.9225,465.32935,cam_1_1690328141_18-35-41.jpg
569,379,616.8778,387.05243,1103.8878,792.20166,cam_1_1690328141_18-35-41.jpg
570,399,1193.0239,720.33075,1951.978,1095.8308,cam_1_1690328216_18-36-56.jpg
570,313,1977.0378,710.4418,2427.437,912.81836,cam_1_1690328216_18-36-56.jpg
570,434,3468.6973,754.0549,4070.6868,1208.3047,cam_1_1690328216_18-36-56.jpg
570,437,933.2716,182.37993,1210.8042,347.404,cam_1_1690328216_18-36-56.jpg
570,429,789.60565,312.06485,1297.0454,527.2396,cam_1_1690328216_18-36-56.jpg
570,416,2266.4167,906.0043,3326.2334,1549.5856,cam_1_1690328216_18-36-56.jpg
570,371,1255.2717,678.2096,1802.11,904.55664,cam_1_1690328216_18-36-56.jpg
570,405,750.9594,415.90512,1200.9264,851.3639,cam_1_1690328216_18-36-56.jpg
571,399,1290.2952,733.46466,1986.55,1059.9233,cam_1_1690328231_18-37-11.jpg
571,313,1968.7305,705.93085,2426.8894,913.22754,cam_1_1690328231_18-37-11.jpg
571,437,932.13763,183.98665,1177.9017,361.69473,cam_1_1690328231_18-37-11.jpg
571,429,808.22485,323.09326,1318.8811,634.29694,cam_1_1690328231_18-37-11.jpg
571,439,2495.168,544.9323,2720.228,928.42554,cam_1_1690328231_18-37-11.jpg
571,416,2273.0024,908.94763,3309.0112,1521.9598,cam_1_1690328231_18-37-11.jpg
571,371,1245.9746,683.77203,1807.5117,918.4104,cam_1_1690328231_18-37-11.jpg
571,405,900.7756,469.0658,1259.9117,953.4603,cam_1_1690328231_18-37-11.jpg
572,399,1367.7089,741.53723,2014.2201,1041.082,cam_1_1690328246_18-37-26.jpg
572,313,1970.5785,705.2454,2426.1304,913.7636,cam_1_1690328246_18-37-26.jpg
572,437,930.5616,183.65993,1167.7196,404.45532,cam_1_1690328246_18-37-26.jpg
572,429,858.93304,386.80048,1391.8918,630.2219,cam_1_1690328246_18-37-26.jpg
572,416,2274.8765,915.86487,3374.9475,1524.4827,cam_1_1690328246_18-37-26.jpg
572,371,1303.3477,678.50635,1822.8628,889.1016,cam_1_1690328246_18-37-26.jpg
572,441,3258.9263,646.65936,3685.1914,1082.7997,cam_1_1690328246_18-37-26.jpg
572,430,805.85846,201.3342,948.7096,447.95883,cam_1_1690328246_18-37-26.jpg
572,417,1072.1674,547.9034,1546.7911,1107.2133,cam_1_1690328246_18-37-26.jpg
573,399,1287.0406,730.1338,2066.1643,1254.7961,cam_1_1690328321_18-38-41.jpg
573,313,1959.7101,711.5674,2427.9712,915.4571,cam_1_1690328321_18-38-41.jpg
573,429,893.5163,423.51694,1411.577,627.61487,cam_1_1690328321_18-38-41.jpg
573,416,2501.6082,917.3451,3376.4617,1528.6378,cam_1_1690328321_18-38-41.jpg
573,441,3252.5996,644.2145,3607.892,1095.7983,cam_1_1690328321_18-38-41.jpg
573,443,2612.7632,490.2522,2933.1047,822.5039,cam_1_1690328321_18-38-41.jpg
573,430,834.9562,194.27382,985.6013,448.0204,cam_1_1690328321_18-38-41.jpg
573,424,1335.8192,213.40889,1660.5784,394.32593,cam_1_1690328321_18-38-41.jpg
574,399,1317.2322,737.2044,2056.076,1145.8334,cam_1_1690328441_18-40-41.jpg
574,313,1968.8827,706.2488,2429.8374,915.3883,cam_1_1690328441_18-40-41.jpg
574,429,898.1704,440.21872,1443.4045,625.79596,cam_1_1690328441_18-40-41.jpg
574,416,2776.5803,914.9363,3626.7085,1480.233,cam_1_1690328441_18-40-41.jpg
574,441,3165.905,629.8861,3463.3984,981.5548,cam_1_1690328441_18-40-41.jpg
574,443,2603.0178,488.9046,2974.3926,817.15204,cam_1_1690328441_18-40-41.jpg
574,415,1885.1044,297.04816,2197.3005,525.39954,cam_1_1690328441_18-40-41.jpg
574,418,1490.195,359.25912,1930.3849,565.393,cam_1_1690328441_18-40-41.jpg
574,434,3575.2024,770.6824,4044.6074,1210.3069,cam_1_1690328441_18-40-41.jpg
574,371,1268.5367,677.8043,1830.094,917.6866,cam_1_1690328441_18-40-41.jpg
575,399,1331.0195,743.8173,2047.8087,1072.7771,cam_1_1690328546_18-42-26.jpg
575,313,1967.3073,705.82605,2428.0908,915.15015,cam_1_1690328546_18-42-26.jpg
575,429,902.824,444.73657,1453.8153,624.0786,cam_1_1690328546_18-42-26.jpg
575,441,3090.6335,623.8177,3402.733,1016.034,cam_1_1690328546_18-42-26.jpg
575,443,2602.7234,490.84738,2951.3538,818.36536,cam_1_1690328546_18-42-26.jpg
575,415,1897.4614,298.9293,2222.4075,537.84467,cam_1_1690328546_18-42-26.jpg
575,418,1501.2477,361.16193,1941.0109,571.81604,cam_1_1690328546_18-42-26.jpg
575,434,3606.1643,776.7892,4014.4348,1211.4318,cam_1_1690328546_18-42-26.jpg
575,371,1263.6509,677.4174,1838.2927,923.35754,cam_1_1690328546_18-42-26.jpg
576,399,1338.7496,744.5306,2045.2406,1042.9377,cam_1_1690328591_18-43-11.jpg
576,313,1967.3627,705.91296,2429.0708,913.5043,cam_1_1690328591_18-43-11.jpg
576,429,904.1012,445.33453,1455.6072,622.223,cam_1_1690328591_18-43-11.jpg
576,441,3048.8357,627.7288,3386.56,1023.29736,cam_1_1690328591_18-43-11.jpg
576,443,2604.1873,492.71945,2947.863,820.8533,cam_1_1690328591_18-43-11.jpg
576,415,1910.0497,302.39035,2234.0874,541.1491,cam_1_1690328591_18-43-11.jpg
576,418,1511.8695,367.32367,1979.0267,579.80945,cam_1_1690328591_18-43-11.jpg
576,434,3609.758,781.45905,4034.457,1229.0212,cam_1_1690328591_18-43-11.jpg
576,371,1259.7502,674.46423,1834.0352,924.00275,cam_1_1690328591_18-43-11.jpg
576,444,3300.7964,668.14624,3578.9622,1111.6228,cam_1_1690328591_18-43-11.jpg
577,399,1339.3723,744.7868,2040.1676,1033.0857,cam_1_1690328681_18-44-41.jpg
577,313,1971.1606,707.1757,2428.8171,913.2008,cam_1_1690328681_18-44-41.jpg
577,429,905.79736,443.06186,1451.7303,623.1721,cam_1_1690328681_18-44-41.jpg
577,441,3014.3235,619.105,3385.9897,1007.1665,cam_1_1690328681_18-44-41.jpg
577,443,2602.428,492.0632,2933.9255,817.6596,cam_1_1690328681_18-44-41.jpg
577,415,1918.8063,308.2479,2241.1355,546.54926,cam_1_1690328681_18-44-41.jpg
577,434,3626.797,783.69995,4039.5825,1219.7383,cam_1_1690328681_18-44-41.jpg
577,371,1259.6171,676.723,1834.6064,925.57605,cam_1_1690328681_18-44-41.jpg
577,444,3302.431,663.0768,3567.2144,1107.9688,cam_1_1690328681_18-44-41.jpg
577,422,1820.3766,281.48624,2030.638,485.481,cam_1_1690328681_18-44-41.jpg
578,399,1339.6492,746.8997,2040.4425,1029.2385,cam_1_1690328696_18-44-56.jpg
578,313,1972.0769,707.4361,2428.2866,911.6062,cam_1_1690328696_18-44-56.jpg
578,429,903.33936,442.94272,1450.2076,622.692,cam_1_1690328696_18-44-56.jpg
578,441,3001.076,616.4285,3386.9617,998.63226,cam_1_1690328696_18-44-56.jpg
578,443,2595.1453,494.88205,2979.4739,820.24115,cam_1_1690328696_18-44-56.jpg
578,415,1919.6353,307.03262,2235.2373,547.4898,cam_1_1690328696_18-44-56.jpg
578,434,3605.1038,782.53217,4036.828,1216.3408,cam_1_1690328696_18-44-56.jpg
578,371,1257.5892,677.22546,1836.5049,925.6207,cam_1_1690328696_18-44-56.jpg
578,444,3301.3271,660.28595,3561.7617,1107.0243,cam_1_1690328696_18-44-56.jpg
578,446,1131.6553,204.19017,1432.5752,409.58554,cam_1_1690328696_18-44-56.jpg
578,422,1819.5946,282.9602,2016.2007,485.025,cam_1_1690328696_18-44-56.jpg
579,399,1343.7014,746.70215,2030.7948,1030.5436,cam_1_1690328756_18-45-56.jpg
579,313,1973.0132,707.23785,2429.4758,912.5573,cam_1_1690328756_18-45-56.jpg
579,429,901.6908,445.62238,1444.1837,621.5266,cam_1_1690328756_18-45-56.jpg
579,441,2995.1401,613.9572,3390.1372,1000.94934,cam_1_1690328756_18-45-56.jpg
579,443,2591.2637,492.99115,2970.2783,815.2557,cam_1_1690328756_18-45-56.jpg
579,415,1913.9918,307.24136,2235.8757,549.26495,cam_1_1690328756_18-45-56.jpg
579,434,3572.4546,760.16156,3898.94,1206.5645,cam_1_1690328756_18-45-56.jpg
579,371,1257.3118,678.65015,1833.9633,925.426,cam_1_1690328756_18-45-56.jpg
579,444,3280.901,664.23303,3551.9539,1099.476,cam_1_1690328756_18-45-56.jpg
579,424,1598.871,228.23178,1859.9448,429.04092,cam_1_1690328756_18-45-56.jpg
580,399,1341.0743,746.0797,2037.707,1027.3569,cam_1_1690328861_18-47-41.jpg
580,313,1975.0508,707.3148,2428.893,910.8064,cam_1_1690328861_18-47-41.jpg
580,429,901.0501,446.67645,1444.3939,620.9243,cam_1_1690328861_18-47-41.jpg
580,441,2991.036,590.5461,3361.4375,1023.3704,cam_1_1690328861_18-47-41.jpg
580,443,2581.2673,484.58408,2835.9568,798.8898,cam_1_1690328861_18-47-41.jpg
580,415,1929.9944,309.87827,2243.3176,550.9824,cam_1_1690328861_18-47-41.jpg
580,434,3522.7815,745.23444,3880.575,1200.1302,cam_1_1690328861_18-47-41.jpg
580,371,1254.1058,679.54425,1835.2638,925.14874,cam_1_1690328861_18-47-41.jpg
580,424,1623.1737,228.81183,1872.2391,429.84802,cam_1_1690328861_18-47-41.jpg
580,428,2781.7678,531.17236,3052.8047,886.44604,cam_1_1690328861_18-47-41.jpg
580,422,1855.0776,288.8222,2042.0273,473.70087,cam_1_1690328861_18-47-41.jpg
581,399,1341.5842,744.1953,2041.6444,1025.5223,cam_1_1690328966_18-49-26.jpg
581,313,1972.6608,704.5338,2430.9985,912.15765,cam_1_1690328966_18-49-26.jpg
581,429,899.6078,445.4954,1450.7178,621.2763,cam_1_1690328966_18-49-26.jpg
581,443,2574.5413,481.69205,2840.7056,787.3032,cam_1_1690328966_18-49-26.jpg
581,415,1934.3472,309.64468,2247.9824,550.31946,cam_1_1690328966_18-49-26.jpg
581,434,3512.7288,741.6439,3872.511,1192.54,cam_1_1690328966_18-49-26.jpg
581,371,1251.5067,679.50385,1835.0039,923.64594,cam_1_1690328966_18-49-26.jpg
581,424,1655.3239,234.71222,1917.34,402.73956,cam_1_1690328966_18-49-26.jpg
581,428,2796.1968,540.3794,3099.689,904.1891,cam_1_1690328966_18-49-26.jpg
581,418,1538.9373,371.33936,1997.7218,606.4671,cam_1_1690328966_18-49-26.jpg
582,399,1340.759,747.9138,2045.0256,1025.3666,cam_1_1690329071_18-51-11.jpg
582,313,1967.2944,714.2224,2430.0098,913.4607,cam_1_1690329071_18-51-11.jpg
582,429,897.7062,447.92004,1447.9421,621.1622,cam_1_1690329071_18-51-11.jpg
582,443,2578.795,490.0308,2894.5024,795.5223,cam_1_1690329071_18-51-11.jpg
582,415,1938.3341,312.22418,2244.934,540.73645,cam_1_1690329071_18-51-11.jpg
582,371,1251.7955,679.8877,1832.4432,924.192,cam_1_1690329071_18-51-11.jpg
582,424,1667.7681,237.30125,1925.4535,431.76987,cam_1_1690329071_18-51-11.jpg
582,428,2774.9543,541.6864,3118.4604,903.71967,cam_1_1690329071_18-51-11.jpg
582,448,1293.7357,287.31662,1777.7556,464.56497,cam_1_1690329071_18-51-11.jpg
582,418,1467.1746,453.25854,1922.1191,642.99786,cam_1_1690329071_18-51-11.jpg
582,358,1923.1357,517.88965,2387.4348,785.20807,cam_1_1690329071_18-51-11.jpg
582,444,3275.835,667.4092,3550.2856,1103.4149,cam_1_1690329071_18-51-11.jpg
582,422,1873.7484,293.11703,2063.872,472.59488,cam_1_1690329071_18-51-11.jpg
583,399,1339.464,748.5004,2047.1853,1025.3907,cam_1_1690329101_18-51-41.jpg
583,313,1972.3604,718.3789,2430.801,914.3637,cam_1_1690329101_18-51-41.jpg
583,429,898.1333,449.88147,1449.0906,620.7869,cam_1_1690329101_18-51-41.jpg
583,443,2587.6738,495.17938,2905.8804,802.5878,cam_1_1690329101_18-51-41.jpg
583,415,1948.8783,313.86035,2249.1404,536.9422,cam_1_1690329101_18-51-41.jpg
583,371,1252.0034,681.14856,1832.3856,922.5126,cam_1_1690329101_18-51-41.jpg
583,424,1666.7783,238.57861,1920.5543,437.1096,cam_1_1690329101_18-51-41.jpg
583,428,2755.3372,535.7436,3122.0322,896.8139,cam_1_1690329101_18-51-41.jpg
583,448,1295.2979,287.15817,1777.4457,464.83636,cam_1_1690329101_18-51-41.jpg
583,418,1450.793,485.1117,1896.0516,658.00793,cam_1_1690329101_18-51-41.jpg
583,358,1913.1229,521.6011,2381.7786,790.313,cam_1_1690329101_18-51-41.jpg
583,444,3252.992,663.2692,3552.7747,1094.9279,cam_1_1690329101_18-51-41.jpg
583,422,1873.024,300.27185,2063.6467,480.7622,cam_1_1690329101_18-51-41.jpg
584,399,1339.9539,750.9707,2042.7415,1025.5286,cam_1_1690329146_18-52-26.jpg
584,313,1969.0304,718.1943,2431.946,913.0585,cam_1_1690329146_18-52-26.jpg
584,429,897.42993,448.3496,1448.1875,619.9388,cam_1_1690329146_18-52-26.jpg
584,443,2558.1199,498.0115,2912.1611,804.44666,cam_1_1690329146_18-52-26.jpg
584,415,1945.1302,313.78497,2243.9255,536.6098,cam_1_1690329146_18-52-26.jpg
584,371,1253.9474,681.91315,1829.277,920.6175,cam_1_1690329146_18-52-26.jpg
584,424,1675.1733,240.87958,1926.9238,439.94794,cam_1_1690329146_18-52-26.jpg
584,428,2751.1704,537.3447,3131.2383,894.8881,cam_1_1690329146_18-52-26.jpg
584,448,1308.5511,278.16364,1756.1963,461.0721,cam_1_1690329146_18-52-26.jpg
584,418,1438.5215,500.78275,1885.0897,663.08026,cam_1_1690329146_18-52-26.jpg
584,358,1921.1033,525.30743,2376.9565,786.5057,cam_1_1690329146_18-52-26.jpg
584,444,3231.9795,662.5964,3608.2878,1087.5144,cam_1_1690329146_18-52-26.jpg
584,422,1874.1671,301.359,2066.0454,481.87225,cam_1_1690329146_18-52-26.jpg
585,399,1340.3357,749.4771,2041.1783,1024.1044,cam_1_1690329266_18-54-26.jpg
585,313,1968.4496,721.7637,2431.0735,914.83734,cam_1_1690329266_18-54-26.jpg
585,429,895.8199,448.96057,1444.5172,620.48096,cam_1_1690329266_18-54-26.jpg
585,443,2579.7043,498.59708,2927.491,810.39557,cam_1_1690329266_18-54-26.jpg
585,415,1944.0874,316.2613,2250.2544,538.5564,cam_1_1690329266_18-54-26.jpg
585,371,1253.5858,683.0796,1828.6122,921.40344,cam_1_1690329266_18-54-26.jpg
585,424,1709.5258,256.83386,1943.9602,433.73502,cam_1_1690329266_18-54-26.jpg
585,428,2752.8816,535.6854,3143.7175,891.5383,cam_1_1690329266_18-54-26.jpg
585,448,1360.4001,290.0652,1832.4531,475.6356,cam_1_1690329266_18-54-26.jpg
585,418,1440.1824,496.73706,1886.163,665.8517,cam_1_1690329266_18-54-26.jpg
585,358,1888.4933,525.9426,2391.0679,795.5647,cam_1_1690329266_18-54-26.jpg
585,444,3207.8599,658.0594,3508.1807,1067.0394,cam_1_1690329266_18-54-26.jpg
585,422,1865.123,295.06696,2067.2432,481.792,cam_1_1690329266_18-54-26.jpg
586,399,1344.3427,745.27625,2039.3818,1023.3659,cam_1_1690329356_18-55-56.jpg
586,313,1968.6887,718.29596,2431.517,913.8287,cam_1_1690329356_18-55-56.jpg
586,429,895.8441,448.64813,1455.8029,622.27496,cam_1_1690329356_18-55-56.jpg
586,443,2597.3237,503.5507,2921.7532,832.21924,cam_1_1690329356_18-55-56.jpg
586,415,1940.6537,318.3848,2229.2124,537.1223,cam_1_1690329356_18-55-56.jpg
586,371,1250.3834,688.47906,1836.6077,922.20746,cam_1_1690329356_18-55-56.jpg
586,424,1723.8387,257.31433,1957.3617,440.73972,cam_1_1690329356_18-55-56.jpg
586,428,2753.0964,535.0833,3122.451,891.2965,cam_1_1690329356_18-55-56.jpg
586,418,1437.6779,493.39713,1878.4128,666.7667,cam_1_1690329356_18-55-56.jpg
586,358,1871.5262,523.36536,2438.6907,795.2475,cam_1_1690329356_18-55-56.jpg
586,444,3108.8638,628.125,3383.9917,1044.6217,cam_1_1690329356_18-55-56.jpg
586,422,1877.0656,298.15955,2064.816,485.7808,cam_1_1690329356_18-55-56.jpg
586,446,1107.9803,204.16992,1427.6199,404.4983,cam_1_1690329356_18-55-56.jpg
587,399,1346.4054,743.9086,2037.397,1025.1185,cam_1_1690329371_18-56-11.jpg
587,313,1973.1611,716.43365,2429.3203,913.1749,cam_1_1690329371_18-56-11.jpg
587,429,895.882,448.89493,1457.4327,622.7053,cam_1_1690329371_18-56-11.jpg
587,443,2605.1472,505.5984,2921.2288,833.352,cam_1_1690329371_18-56-11.jpg
587,415,1941.5732,318.34384,2219.9172,537.30994,cam_1_1690329371_18-56-11.jpg
587,371,1256.8695,686.3707,1845.0709,921.0433,cam_1_1690329371_18-56-11.jpg
587,424,1730.6982,258.4196,1963.3859,444.34277,cam_1_1690329371_18-56-11.jpg
587,428,2754.1272,534.75775,3104.2393,889.71063,cam_1_1690329371_18-56-11.jpg
587,418,1442.5449,494.0684,1878.3386,664.38354,cam_1_1690329371_18-56-11.jpg
587,358,1900.9799,523.0838,2463.9949,796.9911,cam_1_1690329371_18-56-11.jpg
587,444,3056.6655,611.63495,3346.0647,1016.90857,cam_1_1690329371_18-56-11.jpg
587,422,1887.228,302.56705,2072.634,488.8623,cam_1_1690329371_18-56-11.jpg
587,446,1121.6686,203.9253,1430.5035,403.6316,cam_1_1690329371_18-56-11.jpg
588,399,1341.353,745.2769,2038.7954,1024.8602,cam_1_1690329416_18-56-56.jpg
588,313,1972.8031,716.29834,2427.822,913.45355,cam_1_1690329416_18-56-56.jpg
588,429,892.39996,451.76276,1443.251,623.1173,cam_1_1690329416_18-56-56.jpg
588,443,2615.2214,506.70285,2919.456,837.40137,cam_1_1690329416_18-56-56.jpg
588,415,1937.5177,319.6491,2234.8447,542.65564,cam_1_1690329416_18-56-56.jpg
588,371,1249.6838,690.41364,1837.7524,920.51935,cam_1_1690329416_18-56-56.jpg
588,424,1767.9331,263.15268,1983.1383,445.21686,cam_1_1690329416_18-56-56.jpg
588,428,2763.0337,540.06274,3105.7212,894.6256,cam_1_1690329416_18-56-56.jpg
588,418,1439.252,491.29056,1880.1372,665.33685,cam_1_1690329416_18-56-56.jpg
588,358,1962.6127,521.8884,2534.57,809.72656,cam_1_1690329416_18-56-56.jpg
588,444,3028.0576,603.5094,3326.9897,1007.2699,cam_1_1690329416_18-56-56.jpg
588,422,1893.71,302.39822,2077.6418,483.93912,cam_1_1690329416_18-56-56.jpg
589,399,1338.7528,747.4916,2040.7599,1026.7466,cam_1_1690329431_18-57-11.jpg
589,313,1969.0012,717.20386,2427.489,914.0072,cam_1_1690329431_18-57-11.jpg
589,429,890.684,451.84967,1445.0688,623.92847,cam_1_1690329431_18-57-11.jpg
589,443,2613.2542,507.59653,2926.695,837.516,cam_1_1690329431_18-57-11.jpg
589,415,1923.0266,318.1545,2228.7837,539.47565,cam_1_1690329431_18-57-11.jpg
589,371,1250.9554,689.7386,1839.6356,920.0796,cam_1_1690329431_18-57-11.jpg
589,424,1780.9669,266.94714,1989.9889,442.5916,cam_1_1690329431_18-57-11.jpg
589,428,2759.235,540.52686,3100.328,899.42755,cam_1_1690329431_18-57-11.jpg
589,418,1443.7856,490.48358,1887.5623,664.0179,cam_1_1690329431_18-57-11.jpg
589,358,2044.2504,527.67926,2561.8518,822.8811,cam_1_1690329431_18-57-11.jpg
589,444,3017.2222,600.3938,3334.6675,1000.95215,cam_1_1690329431_18-57-11.jpg
589,422,1892.5507,301.6272,2080.4966,474.62997,cam_1_1690329431_18-57-11.jpg
589,449,1557.5287,222.38635,1807.9242,401.74713,cam_1_1690329431_18-57-11.jpg
590,399,1334.9591,747.9234,2043.6356,1027.2959,cam_1_1690329461_18-57-41.jpg
590,313,1971.5524,715.7937,2425.2986,914.7295,cam_1_1690329461_18-57-41.jpg
590,429,890.1322,450.3677,1443.4072,623.3218,cam_1_1690329461_18-57-41.jpg
590,443,2621.881,505.15875,2923.421,832.70074,cam_1_1690329461_18-57-41.jpg
590,415,1950.0403,316.97012,2222.7651,540.79724,cam_1_1690329461_18-57-41.jpg
590,371,1251.9951,693.67206,1835.2548,918.4885,cam_1_1690329461_18-57-41.jpg
590,424,1789.2363,267.42108,1991.0659,443.18246,cam_1_1690329461_18-57-41.jpg
590,428,2760.0315,540.699,3102.0933,895.785,cam_1_1690329461_18-57-41.jpg
590,418,1435.717,490.43918,1886.6805,662.57434,cam_1_1690329461_18-57-41.jpg
590,358,2134.4192,530.385,2579.3418,825.2866,cam_1_1690329461_18-57-41.jpg
590,444,3007.8176,600.77734,3333.8535,996.9736,cam_1_1690329461_18-57-41.jpg
590,422,1891.8097,302.50128,2088.404,475.93616,cam_1_1690329461_18-57-41.jpg
590,449,1651.3125,234.23224,1883.8646,406.056,cam_1_1690329461_18-57-41.jpg
591,399,1334.7468,750.40295,2042.8265,1026.8927,cam_1_1690329476_18-57-56.jpg
591,313,1968.1847,715.142,2427.1287,915.6641,cam_1_1690329476_18-57-56.jpg
591,429,888.51575,451.72586,1441.9974,623.5986,cam_1_1690329476_18-57-56.jpg
591,443,2621.493,506.45486,2912.7595,833.28467,cam_1_1690329476_18-57-56.jpg
591,415,1963.2644,317.0231,2203.9548,538.91974,cam_1_1690329476_18-57-56.jpg
591,371,1250.2374,695.5898,1835.8059,918.76685,cam_1_1690329476_18-57-56.jpg
591,424,1793.5541,265.0233,1979.1204,433.76083,cam_1_1690329476_18-57-56.jpg
591,428,2756.9507,541.3482,3099.0605,889.7965,cam_1_1690329476_18-57-56.jpg
591,418,1427.1536,490.1274,1890.3989,662.30524,cam_1_1690329476_18-57-56.jpg
591,358,2159.6633,535.5661,2590.342,835.74615,cam_1_1690329476_18-57-56.jpg
591,444,3001.367,599.1275,3325.6492,986.50336,cam_1_1690329476_18-57-56.jpg
591,422,1880.7465,300.39557,2085.2432,480.2573,cam_1_1690329476_18-57-56.jpg
591,449,1687.6278,241.49072,1917.502,412.10428,cam_1_1690329476_18-57-56.jpg
592,399,1332.669,750.0263,2048.93,1025.9901,cam_1_1690329626_19-00-26.jpg
592,313,1966.8232,716.6992,2430.2683,918.0783,cam_1_1690329626_19-00-26.jpg
592,429,889.55054,451.24454,1441.4293,623.4925,cam_1_1690329626_19-00-26.jpg
592,443,2610.5222,506.82852,2914.3633,828.0578,cam_1_1690329626_19-00-26.jpg
592,415,1969.035,314.50876,2194.203,538.6714,cam_1_1690329626_19-00-26.jpg
592,371,1253.0787,695.77405,1833.5198,918.55994,cam_1_1690329626_19-00-26.jpg
592,424,1791.2689,302.79688,1983.0284,499.36713,cam_1_1690329626_19-00-26.jpg
592,428,2726.4412,547.4827,3046.7275,917.5032,cam_1_1690329626_19-00-26.jpg
592,418,1438.3258,493.4622,1904.477,659.17365,cam_1_1690329626_19-00-26.jpg
592,444,2962.4368,582.7043,3254.9292,966.7017,cam_1_1690329626_19-00-26.jpg
592,449,1686.8132,239.66359,1925.6067,415.50125,cam_1_1690329626_19-00-26.jpg
592,446,1068.287,203.83035,1387.873,412.14105,cam_1_1690329626_19-00-26.jpg
593,399,1333.3656,749.17786,2045.8782,1027.1554,cam_1_1690329641_19-00-41.jpg
593,313,1969.7675,718.1675,2429.8838,918.529,cam_1_1690329641_19-00-41.jpg
593,429,890.73376,453.23883,1441.6481,624.4716,cam_1_1690329641_19-00-41.jpg
593,443,2608.5068,507.11368,2926.3955,825.67664,cam_1_1690329641_19-00-41.jpg
593,415,1974.0266,321.0416,2258.745,558.6693,cam_1_1690329641_19-00-41.jpg
593,371,1254.0337,695.07214,1843.395,918.88214,cam_1_1690329641_19-00-41.jpg
593,428,2719.172,546.8621,3060.6543,931.3366,cam_1_1690329641_19-00-41.jpg
593,418,1445.4846,494.42148,1903.4666,657.424,cam_1_1690329641_19-00-41.jpg
593,444,2941.263,584.9769,3222.7256,974.6345,cam_1_1690329641_19-00-41.jpg
593,449,1686.3014,238.55353,1923.9094,429.23752,cam_1_1690329641_19-00-41.jpg
593,446,1068.9167,203.01294,1383.3231,413.82553,cam_1_1690329641_19-00-41.jpg
593,422,1876.2498,308.70834,2090.825,483.96005,cam_1_1690329641_19-00-41.jpg
594,399,1332.9775,747.91187,2045.7651,1025.9126,cam_1_1690329701_19-01-41.jpg
594,313,1975.6384,724.09503,2426.278,917.413,cam_1_1690329701_19-01-41.jpg
594,429,889.6741,452.8628,1441.0968,623.3521,cam_1_1690329701_19-01-41.jpg
594,443,2606.4863,497.01486,2931.1145,819.497,cam_1_1690329701_19-01-41.jpg
594,415,1971.2416,326.47183,2270.412,540.6558,cam_1_1690329701_19-01-41.jpg
594,371,1253.2704,696.28326,1838.9257,918.31305,cam_1_1690329701_19-01-41.jpg
594,418,1445.8464,496.10513,1889.4988,664.38965,cam_1_1690329701_19-01-41.jpg
594,449,1738.6138,256.90057,1956.6208,430.61804,cam_1_1690329701_19-01-41.jpg
594,422,1880.3629,305.1335,2101.3726,466.5449,cam_1_1690329701_19-01-41.jpg
594,439,2490.715,468.70093,2730.4922,738.6664,cam_1_1690329701_19-01-41.jpg
594,358,1993.5774,516.3742,2443.5037,798.8616,cam_1_1690329701_19-01-41.jpg
595,399,1335.2305,747.3817,2041.5437,1024.113,cam_1_1690329821_19-03-41.jpg
595,313,1964.7793,724.72876,2425.8752,917.16565,cam_1_1690329821_19-03-41.jpg
595,429,890.2558,450.4466,1435.0848,621.14825,cam_1_1690329821_19-03-41.jpg
595,415,1979.1698,330.92444,2268.0706,532.5071,cam_1_1690329821_19-03-41.jpg
595,371,1251.3721,697.2664,1836.1118,917.95135,cam_1_1690329821_19-03-41.jpg
595,418,1442.3594,490.62814,1876.6416,666.1541,cam_1_1690329821_19-03-41.jpg
595,449,1737.3779,267.70477,1964.9976,432.50803,cam_1_1690329821_19-03-41.jpg
595,422,1895.1154,315.18787,2112.798,475.09586,cam_1_1690329821_19-03-41.jpg
595,439,2521.2158,462.33463,2753.5474,748.044,cam_1_1690329821_19-03-41.jpg
595,358,1912.4702,511.04153,2456.182,801.8632,cam_1_1690329821_19-03-41.jpg
595,423,2174.1304,366.89032,2379.3845,536.67,cam_1_1690329821_19-03-41.jpg
596,399,1335.6855,750.46106,2042.401,1024.4857,cam_1_1690330031_19-07-11.jpg
596,313,1968.8143,727.5049,2423.9653,917.02155,cam_1_1690330031_19-07-11.jpg
596,429,888.5578,451.72333,1434.9077,622.62805,cam_1_1690330031_19-07-11.jpg
596,415,1981.2732,333.34512,2281.707,515.4552,cam_1_1690330031_19-07-11.jpg
596,371,1251.3649,698.60486,1836.2828,917.73206,cam_1_1690330031_19-07-11.jpg
596,418,1431.4636,488.80197,1875.5927,669.6805,cam_1_1690330031_19-07-11.jpg
596,449,1721.4846,270.9916,1953.8467,427.02005,cam_1_1690330031_19-07-11.jpg
596,422,1904.3153,312.5391,2122.115,462.26233,cam_1_1690330031_19-07-11.jpg
596,439,2486.3367,458.56607,2830.641,745.36053,cam_1_1690330031_19-07-11.jpg
596,358,1941.0979,510.4426,2474.3474,802.9382,cam_1_1690330031_19-07-11.jpg
596,423,2138.9316,374.48166,2383.1802,520.7919,cam_1_1690330031_19-07-11.jpg
596,424,1823.0391,287.9353,2021.154,453.65704,cam_1_1690330031_19-07-11.jpg
597,399,1336.9642,752.31323,2042.5118,1023.7035,cam_1_1690330166_19-09-26.jpg
597,313,1971.4962,725.97375,2422.5552,914.42773,cam_1_1690330166_19-09-26.jpg
597,429,889.50775,450.50488,1433.5536,621.7103,cam_1_1690330166_19-09-26.jpg
597,415,1989.8953,334.8461,2286.2947,501.66168,cam_1_1690330166_19-09-26.jpg
597,371,1249.7478,697.23145,1835.583,917.4768,cam_1_1690330166_19-09-26.jpg
597,418,1432.2327,486.4597,1875.4368,671.40643,cam_1_1690330166_19-09-26.jpg
597,449,1719.5219,268.05807,1954.3556,423.60165,cam_1_1690330166_19-09-26.jpg
597,422,1909.4294,309.63416,2128.2673,450.96573,cam_1_1690330166_19-09-26.jpg
597,439,2469.2441,460.08734,2819.13,747.99994,cam_1_1690330166_19-09-26.jpg
597,358,1917.3431,510.12924,2485.603,806.95123,cam_1_1690330166_19-09-26.jpg
597,423,2129.6094,373.06,2381.1023,520.9723,cam_1_1690330166_19-09-26.jpg
597,452,2208.7815,394.15225,2555.6807,556.35364,cam_1_1690330166_19-09-26.jpg
597,424,1827.3956,279.3787,2022.583,437.45764,cam_1_1690330166_19-09-26.jpg
598,399,1337.875,753.2334,2039.6266,1023.80066,cam_1_1690330211_19-10-11.jpg
598,313,1968.3934,727.88727,2415.6006,913.0251,cam_1_1690330211_19-10-11.jpg
598,429,889.1181,450.60025,1434.9857,622.0534,cam_1_1690330211_19-10-11.jpg
598,415,1982.1902,335.7156,2275.4526,508.02792,cam_1_1690330211_19-10-11.jpg
598,371,1247.9883,697.68304,1833.6882,918.246,cam_1_1690330211_19-10-11.jpg
598,418,1432.4435,485.73013,1871.916,672.77527,cam_1_1690330211_19-10-11.jpg
598,449,1736.6224,269.45096,1959.6617,417.47058,cam_1_1690330211_19-10-11.jpg
598,422,1900.5293,305.07617,2122.194,447.41214,cam_1_1690330211_19-10-11.jpg
598,439,2416.3464,458.9241,2861.9497,757.7068,cam_1_1690330211_19-10-11.jpg
598,358,1861.1737,508.0788,2416.91,803.93774,cam_1_1690330211_19-10-11.jpg
598,423,2127.6226,370.02527,2372.6975,516.4527,cam_1_1690330211_19-10-11.jpg
598,452,2187.3486,388.3344,2555.5195,560.35724,cam_1_1690330211_19-10-11.jpg
598,424,1826.8005,279.9172,2032.9194,427.84158,cam_1_1690330211_19-10-11.jpg
599,399,1345.3513,750.8881,2042.4308,1020.66046,cam_1_1690330376_19-12-56.jpg
599,313,1981.9297,719.278,2425.39,913.6387,cam_1_1690330376_19-12-56.jpg
599,429,882.9935,422.00967,1472.4031,740.8414,cam_1_1690330376_19-12-56.jpg
599,415,1968.8802,323.9066,2234.0972,528.4091,cam_1_1690330376_19-12-56.jpg
599,371,1253.402,695.93243,1829.9706,917.3629,cam_1_1690330376_19-12-56.jpg
599,418,1427.7845,490.20007,1858.3876,670.8654,cam_1_1690330376_19-12-56.jpg
599,439,2440.8667,459.46017,2815.108,753.86896,cam_1_1690330376_19-12-56.jpg
599,452,2148.0486,368.65195,2528.6755,609.6731,cam_1_1690330376_19-12-56.jpg
599,444,2882.254,573.75116,3225.9087,941.82275,cam_1_1690330376_19-12-56.jpg
600,399,1348.3885,751.157,2046.5138,1020.46625,cam_1_1690330406_19-13-26.jpg
600,313,1988.5977,715.94055,2423.1733,913.0151,cam_1_1690330406_19-13-26.jpg
600,429,893.3989,416.2115,1524.8108,779.069,cam_1_1690330406_19-13-26.jpg
600,415,2019.9052,334.9358,2298.6145,557.394,cam_1_1690330406_19-13-26.jpg
600,371,1255.0503,691.5193,1830.1421,919.52515,cam_1_1690330406_19-13-26.jpg
600,418,1448.2935,491.79642,1864.5714,666.6406,cam_1_1690330406_19-13-26.jpg
600,439,2451.257,455.07983,2839.227,753.9727,cam_1_1690330406_19-13-26.jpg
600,452,2176.9148,371.44873,2561.5955,640.11584,cam_1_1690330406_19-13-26.jpg
600,444,2873.3772,576.0738,3278.4578,941.7134,cam_1_1690330406_19-13-26.jpg
600,446,999.172,194.92232,1407.469,416.40326,cam_1_1690330406_19-13-26.jpg
600,449,1752.3391,246.345,1921.8832,441.4521,cam_1_1690330406_19-13-26.jpg
601,399,1347.3179,749.14026,2044.5134,1020.9563,cam_1_1690330451_19-14-11.jpg
601,313,1988.743,712.6377,2422.271,911.2305,cam_1_1690330451_19-14-11.jpg
601,429,855.0296,410.36557,1465.1427,805.38324,cam_1_1690330451_19-14-11.jpg
601,415,2037.6658,340.87863,2316.1038,569.19586,cam_1_1690330451_19-14-11.jpg
601,371,1254.3038,694.6658,1828.8208,920.1171,cam_1_1690330451_19-14-11.jpg
601,418,1440.3342,492.62842,1865.5975,667.231,cam_1_1690330451_19-14-11.jpg
601,439,2455.0093,451.6373,2813.606,753.4626,cam_1_1690330451_19-14-11.jpg
601,452,2186.1118,371.84348,2578.6023,650.0976,cam_1_1690330451_19-14-11.jpg
601,444,2864.22,576.8939,3300.9973,938.563,cam_1_1690330451_19-14-11.jpg
601,446,981.7392,188.69853,1342.8398,411.81982,cam_1_1690330451_19-14-11.jpg
601,449,1720.5537,239.89243,1893.4578,441.27255,cam_1_1690330451_19-14-11.jpg
602,399,1346.4272,749.7389,2042.8942,1019.79706,cam_1_1690330586_19-16-26.jpg
602,313,1991.05,712.55536,2430.8477,914.56305,cam_1_1690330586_19-16-26.jpg
602,429,892.0591,414.9345,1449.3539,814.6252,cam_1_1690330586_19-16-26.jpg
602,415,2031.462,338.51727,2292.158,560.7832,cam_1_1690330586_19-16-26.jpg
602,371,1254.085,695.0803,1837.9824,920.5413,cam_1_1690330586_19-16-26.jpg
602,418,1433.6302,494.8154,1865.0417,667.5927,cam_1_1690330586_19-16-26.jpg
602,439,2469.8225,455.13074,2848.72,768.31964,cam_1_1690330586_19-16-26.jpg
602,452,2137.295,364.9575,2529.7227,650.6013,cam_1_1690330586_19-16-26.jpg
602,444,2836.9106,563.2967,3239.9714,918.9503,cam_1_1690330586_19-16-26.jpg
602,449,1706.8191,235.26567,1885.8212,444.35062,cam_1_1690330586_19-16-26.jpg
603,399,1345.0122,749.5955,2044.9669,1019.95984,cam_1_1690330676_19-17-56.jpg
603,313,1990.0576,711.1222,2428.1646,915.47894,cam_1_1690330676_19-17-56.jpg
603,429,935.99774,402.80487,1431.331,828.14777,cam_1_1690330676_19-17-56.jpg
603,415,2036.0497,340.90454,2292.5603,564.0095,cam_1_1690330676_19-17-56.jpg
603,371,1255.4519,696.70276,1840.0895,919.4554,cam_1_1690330676_19-17-56.jpg
603,418,1419.6772,489.30914,1867.3826,665.79663,cam_1_1690330676_19-17-56.jpg
603,439,2475.3523,461.73303,2844.1094,762.3945,cam_1_1690330676_19-17-56.jpg
603,452,2134.9714,362.80768,2499.7002,646.4002,cam_1_1690330676_19-17-56.jpg
603,449,1698.7428,232.52454,1881.898,441.24753,cam_1_1690330676_19-17-56.jpg
603,443,2720.072,519.57654,3021.435,867.3366,cam_1_1690330676_19-17-56.jpg
604,399,1344.8702,745.85205,2044.3329,1019.9935,cam_1_1690330781_19-19-41.jpg
604,313,1990.7639,710.7871,2426.5625,915.65375,cam_1_1690330781_19-19-41.jpg
604,429,944.5411,403.43735,1474.7756,829.24023,cam_1_1690330781_19-19-41.jpg
604,415,2005.396,346.2558,2284.1462,579.57855,cam_1_1690330781_19-19-41.jpg
604,371,1257.1198,693.68805,1830.2765,918.33405,cam_1_1690330781_19-19-41.jpg
604,418,1428.3795,491.3477,1884.7839,668.39746,cam_1_1690330781_19-19-41.jpg
604,439,2477.3076,466.2628,2837.0186,759.8507,cam_1_1690330781_19-19-41.jpg
604,452,2231.6921,406.99435,2456.4229,702.83136,cam_1_1690330781_19-19-41.jpg
604,449,1694.1737,229.88692,1880.1641,437.52298,cam_1_1690330781_19-19-41.jpg
604,457,754.0709,294.21094,1237.5715,634.32385,cam_1_1690330781_19-19-41.jpg
604,443,2724.7441,520.0584,3015.3792,869.46014,cam_1_1690330781_19-19-41.jpg
605,399,1343.9231,747.26874,2045.427,1021.08936,cam_1_1690330856_19-20-56.jpg
605,313,1990.8461,708.14667,2428.8352,915.88165,cam_1_1690330856_19-20-56.jpg
605,429,949.6575,402.9828,1478.8269,829.77826,cam_1_1690330856_19-20-56.jpg
605,371,1254.9893,692.29755,1829.287,917.8303,cam_1_1690330856_19-20-56.jpg
605,418,1433.5704,490.83655,1872.3145,667.85486,cam_1_1690330856_19-20-56.jpg
605,449,1669.9324,228.26773,1863.5543,433.62637,cam_1_1690330856_19-20-56.jpg
605,457,767.71796,286.43362,1257.6737,633.6143,cam_1_1690330856_19-20-56.jpg
605,458,1359.1024,275.29688,1675.031,439.63107,cam_1_1690330856_19-20-56.jpg
605,448,1918.559,301.97382,2194.0244,528.7461,cam_1_1690330856_19-20-56.jpg
605,423,2164.1555,358.36588,2333.7944,609.32324,cam_1_1690330856_19-20-56.jpg
605,424,1863.6431,286.93744,2037.8951,476.16248,cam_1_1690330856_19-20-56.jpg
606,399,1345.2975,746.09985,2044.4622,1021.67676,cam_1_1690330871_19-21-11.jpg
606,313,1989.3362,710.6814,2426.9458,916.5642,cam_1_1690330871_19-21-11.jpg
606,429,952.62366,406.12775,1479.2202,830.52484,cam_1_1690330871_19-21-11.jpg
606,371,1254.9421,692.54395,1829.873,917.22046,cam_1_1690330871_19-21-11.jpg
606,418,1431.5143,491.9638,1862.216,665.0982,cam_1_1690330871_19-21-11.jpg
606,449,1661.1847,227.71059,1857.3539,429.92505,cam_1_1690330871_19-21-11.jpg
606,457,772.3744,286.07324,1213.3805,631.7323,cam_1_1690330871_19-21-11.jpg
606,458,1330.9518,275.06357,1671.783,438.57108,cam_1_1690330871_19-21-11.jpg
606,459,2792.57,806.6417,3418.7383,1479.5627,cam_1_1690330871_19-21-11.jpg
606,448,1932.6611,304.11703,2194.599,531.58026,cam_1_1690330871_19-21-11.jpg
606,423,2165.4722,354.42245,2332.8306,614.5204,cam_1_1690330871_19-21-11.jpg
606,424,1864.3048,287.63406,2036.2551,483.25327,cam_1_1690330871_19-21-11.jpg
607,399,1347.0145,751.3903,1917.084,1016.6308,cam_1_1690331036_19-23-56.jpg
607,429,976.4371,410.86197,1535.1791,838.5316,cam_1_1690331036_19-23-56.jpg
607,371,1258.3076,693.26306,1844.9193,917.4351,cam_1_1690331036_19-23-56.jpg
607,418,1443.7478,493.0238,1865.5172,661.15515,cam_1_1690331036_19-23-56.jpg
607,458,1355.2092,284.94867,1729.7892,445.329,cam_1_1690331036_19-23-56.jpg
607,448,1923.9764,305.9845,2180.7834,531.1062,cam_1_1690331036_19-23-56.jpg
607,423,2147.5881,348.57745,2308.5593,604.8674,cam_1_1690331036_19-23-56.jpg
607,424,1776.6526,284.24832,1988.2806,477.7316,cam_1_1690331036_19-23-56.jpg
608,399,1345.7102,749.76025,2008.6184,1019.3083,cam_1_1690331096_19-24-56.jpg
608,429,985.6976,441.52805,1536.1884,885.07733,cam_1_1690331096_19-24-56.jpg
608,371,1263.3534,697.2648,1824.5457,917.4707,cam_1_1690331096_19-24-56.jpg
608,418,1464.2288,503.65402,1874.7236,665.9633,cam_1_1690331096_19-24-56.jpg
608,458,1435.7852,288.01712,1779.2422,463.8151,cam_1_1690331096_19-24-56.jpg
608,424,1786.0247,276.05652,2046.9409,481.2627,cam_1_1690331096_19-24-56.jpg
608,415,1970.3925,362.0471,2271.8604,585.95447,cam_1_1690331096_19-24-56.jpg
608,313,2003.4056,717.0115,2430.9116,910.0538,cam_1_1690331096_19-24-56.jpg
609,399,1348.8881,747.5779,2028.0037,1021.3665,cam_1_1690331156_19-25-56.jpg
609,429,951.07837,423.8212,1488.0013,864.90186,cam_1_1690331156_19-25-56.jpg
609,371,1258.076,694.16327,1794.9866,913.64,cam_1_1690331156_19-25-56.jpg
609,458,1436.1082,288.36664,1796.753,470.9449,cam_1_1690331156_19-25-56.jpg
609,424,1783.8075,267.75027,2036.4218,480.5086,cam_1_1690331156_19-25-56.jpg
609,313,2002.8374,717.8912,2431.527,906.07983,cam_1_1690331156_19-25-56.jpg
609,452,2198.2573,400.84384,2584.1335,659.53,cam_1_1690331156_19-25-56.jpg
609,423,2107.3655,360.31265,2346.13,587.49335,cam_1_1690331156_19-25-56.jpg
610,399,1350.656,749.9683,2038.1296,1020.8494,cam_1_1690331171_19-26-11.jpg
610,429,939.713,414.72284,1467.5515,857.25903,cam_1_1690331171_19-26-11.jpg
610,371,1258.6736,695.1941,1800.1702,914.7954,cam_1_1690331171_19-26-11.jpg
610,424,1781.7992,265.3553,2019.4314,482.75827,cam_1_1690331171_19-26-11.jpg
610,313,2008.3839,719.44965,2428.556,904.1624,cam_1_1690331171_19-26-11.jpg
610,463,1171.021,603.4212,1691.6951,820.05585,cam_1_1690331171_19-26-11.jpg
610,452,2191.6516,396.5376,2580.6213,652.44073,cam_1_1690331171_19-26-11.jpg
610,423,2096.9011,363.30753,2351.1785,582.4851,cam_1_1690331171_19-26-11.jpg
610,446,1039.7217,190.9301,1417.895,407.44556,cam_1_1690331171_19-26-11.jpg
610,449,1646.5051,295.57474,1836.2495,489.07095,cam_1_1690331171_19-26-11.jpg
611,399,1352.4901,750.4818,2044.7451,1020.5469,cam_1_1690331471_19-31-11.jpg
611,429,1019.7387,494.51404,1526.1515,786.1226,cam_1_1690331471_19-31-11.jpg
611,371,1259.0149,694.26917,1811.515,916.09656,cam_1_1690331471_19-31-11.jpg
611,424,1811.027,271.31915,2051.4666,480.2477,cam_1_1690331471_19-31-11.jpg
611,313,2013.9243,722.1679,2426.6792,902.9351,cam_1_1690331471_19-31-11.jpg
611,463,1169.5366,598.6479,1676.7837,814.56415,cam_1_1690331471_19-31-11.jpg
611,452,2195.3967,408.6447,2567.9414,632.4122,cam_1_1690331471_19-31-11.jpg
611,423,2103.518,369.50577,2366.248,526.21564,cam_1_1690331471_19-31-11.jpg
611,358,1739.8038,486.29034,2233.0,757.01434,cam_1_1690331471_19-31-11.jpg
611,439,2407.332,455.7928,2837.1553,753.35077,cam_1_1690331471_19-31-11.jpg
611,457,814.0659,322.94724,1344.1605,686.2692,cam_1_1690331471_19-31-11.jpg
612,399,1350.9246,751.1082,2048.0583,1022.582,cam_1_1690331786_19-36-26.jpg
612,429,1045.576,538.787,1552.8909,748.06464,cam_1_1690331786_19-36-26.jpg
612,371,1252.223,692.91895,1809.9712,915.09735,cam_1_1690331786_19-36-26.jpg
612,424,1820.0999,283.46722,2104.8528,484.84613,cam_1_1690331786_19-36-26.jpg
612,313,1998.0317,717.08356,2429.606,907.97943,cam_1_1690331786_19-36-26.jpg
612,463,1163.0203,601.70776,1703.1671,815.0498,cam_1_1690331786_19-36-26.jpg
612,423,2096.4402,367.2136,2396.957,581.6061,cam_1_1690331786_19-36-26.jpg
612,358,1705.628,483.5663,2229.4265,752.9625,cam_1_1690331786_19-36-26.jpg
612,439,2383.413,446.02783,2794.7947,733.16223,cam_1_1690331786_19-36-26.jpg
612,457,848.49866,387.22723,1350.0765,615.9844,cam_1_1690331786_19-36-26.jpg
612,434,3001.8442,612.9752,3534.549,1003.30865,cam_1_1690331786_19-36-26.jpg
612,446,1174.9574,216.68987,1516.3964,413.87515,cam_1_1690331786_19-36-26.jpg
613,399,1348.7596,751.04535,2043.3342,1023.5233,cam_1_1690331831_19-37-11.jpg
613,429,1056.2533,549.2934,1568.5721,737.775,cam_1_1690331831_19-37-11.jpg
613,371,1248.5951,691.47186,1810.4784,915.1985,cam_1_1690331831_19-37-11.jpg
613,424,1823.8237,286.6786,2128.245,486.3879,cam_1_1690331831_19-37-11.jpg
613,313,1988.1367,715.08435,2430.4927,913.03577,cam_1_1690331831_19-37-11.jpg
613,463,1160.5742,602.80963,1717.3397,819.6656,cam_1_1690331831_19-37-11.jpg
613,423,2093.1206,366.52164,2405.9036,595.8471,cam_1_1690331831_19-37-11.jpg
613,358,1706.8431,482.35507,2232.723,752.9637,cam_1_1690331831_19-37-11.jpg
613,439,2379.0298,442.97073,2770.813,736.59204,cam_1_1690331831_19-37-11.jpg
613,457,865.9114,409.7253,1347.0616,585.1163,cam_1_1690331831_19-37-11.jpg
613,434,2991.887,614.57666,3530.9092,998.4343,cam_1_1690331831_19-37-11.jpg
613,446,1235.0925,226.1514,1591.2164,409.327,cam_1_1690331831_19-37-11.jpg
614,399,1344.5713,746.54504,2040.1915,1023.9963,cam_1_1690331921_19-38-41.jpg
614,424,1822.0331,284.87158,2090.6978,478.52185,cam_1_1690331921_19-38-41.jpg
614,313,1979.3652,713.29016,2431.668,913.8444,cam_1_1690331921_19-38-41.jpg
614,463,1154.2748,521.1734,1769.9877,901.2417,cam_1_1690331921_19-38-41.jpg
614,423,2080.597,364.80646,2412.302,600.5935,cam_1_1690331921_19-38-41.jpg
614,358,1715.2937,480.41556,2229.6118,741.75916,cam_1_1690331921_19-38-41.jpg
614,439,2371.438,443.41763,2773.449,737.85144,cam_1_1690331921_19-38-41.jpg
614,457,870.82056,416.09732,1361.0903,579.35187,cam_1_1690331921_19-38-41.jpg
614,434,3081.6519,647.0733,3634.7651,1040.7866,cam_1_1690331921_19-38-41.jpg
614,448,1926.548,319.13022,2233.4475,494.0436,cam_1_1690331921_19-38-41.jpg
615,399,1316.7894,625.5224,2029.5765,1023.8543,cam_1_1690332101_19-41-41.jpg
615,424,1871.2421,295.4341,2118.9429,470.69525,cam_1_1690332101_19-41-41.jpg
615,313,1979.3062,717.646,2434.1072,916.7746,cam_1_1690332101_19-41-41.jpg
615,423,2081.2727,365.0469,2405.655,599.97687,cam_1_1690332101_19-41-41.jpg
615,358,1702.9305,476.34058,2217.8718,741.99023,cam_1_1690332101_19-41-41.jpg
615,439,2364.8655,442.40546,2763.4988,738.63684,cam_1_1690332101_19-41-41.jpg
615,457,871.58154,418.60358,1370.6243,585.7075,cam_1_1690332101_19-41-41.jpg
615,434,3127.7485,669.6056,3680.9114,1057.1487,cam_1_1690332101_19-41-41.jpg
615,448,1962.2588,325.47073,2256.4917,493.2503,cam_1_1690332101_19-41-41.jpg
615,429,1058.984,555.86487,1578.0532,737.4712,cam_1_1690332101_19-41-41.jpg
615,446,1245.1031,211.58035,1558.6339,393.56534,cam_1_1690332101_19-41-41.jpg
616,424,1886.0071,298.72333,2135.6482,470.31793,cam_1_1690332221_19-43-41.jpg
616,313,1972.1895,720.20575,2434.5657,919.6802,cam_1_1690332221_19-43-41.jpg
616,358,1713.7241,476.30786,2210.1462,735.0585,cam_1_1690332221_19-43-41.jpg
616,439,2377.7878,444.70563,2795.3508,739.70966,cam_1_1690332221_19-43-41.jpg
616,457,868.422,419.29776,1368.4896,579.9996,cam_1_1690332221_19-43-41.jpg
616,434,3204.5762,690.92896,3891.98,1087.1842,cam_1_1690332221_19-43-41.jpg
616,448,1967.7225,329.7805,2268.1462,494.7444,cam_1_1690332221_19-43-41.jpg
616,429,1150.1886,544.27026,1603.8041,694.57684,cam_1_1690332221_19-43-41.jpg
616,452,2181.0237,385.65225,2500.0776,622.7973,cam_1_1690332221_19-43-41.jpg
616,463,1237.2653,571.6746,1755.9718,836.7457,cam_1_1690332221_19-43-41.jpg
617,424,1885.932,301.18243,2138.9304,467.41434,cam_1_1690332236_19-43-56.jpg
617,313,1973.9749,721.75977,2434.9858,919.61176,cam_1_1690332236_19-43-56.jpg
617,358,1707.1792,477.81158,2209.565,732.41364,cam_1_1690332236_19-43-56.jpg
617,439,2379.0955,446.98346,2787.4863,740.2427,cam_1_1690332236_19-43-56.jpg
617,457,867.53107,419.453,1363.28,581.81445,cam_1_1690332236_19-43-56.jpg
617,434,3235.8577,697.2629,3892.9055,1093.8607,cam_1_1690332236_19-43-56.jpg
617,448,1978.0221,334.10986,2269.7678,495.71417,cam_1_1690332236_19-43-56.jpg
617,429,1131.5964,544.2881,1598.3468,692.28754,cam_1_1690332236_19-43-56.jpg
617,466,922.8001,591.1236,1536.1232,1218.9913,cam_1_1690332236_19-43-56.jpg
617,467,1698.3972,636.55676,2218.4062,859.48804,cam_1_1690332236_19-43-56.jpg
617,452,2183.196,383.08017,2489.3486,617.0471,cam_1_1690332236_19-43-56.jpg
617,463,1273.7483,600.9535,1752.2094,814.8107,cam_1_1690332236_19-43-56.jpg
618,424,1921.9222,306.27292,2183.2598,461.71408,cam_1_1690332326_19-45-26.jpg
618,313,1977.0201,718.0762,2437.917,915.0251,cam_1_1690332326_19-45-26.jpg
618,358,1708.7367,480.99844,2218.477,730.50616,cam_1_1690332326_19-45-26.jpg
618,439,2381.2422,448.97656,2799.9824,741.44495,cam_1_1690332326_19-45-26.jpg
618,457,865.252,418.52597,1360.9733,581.34644,cam_1_1690332326_19-45-26.jpg
618,434,3255.4553,703.0668,3851.862,1099.7908,cam_1_1690332326_19-45-26.jpg
618,448,1988.1473,338.34357,2298.741,499.06512,cam_1_1690332326_19-45-26.jpg
618,429,1081.0839,548.97876,1595.9875,727.1788,cam_1_1690332326_19-45-26.jpg
618,467,1715.7837,642.52386,2230.3987,872.2917,cam_1_1690332326_19-45-26.jpg
618,452,2163.2842,382.2104,2495.4956,598.4747,cam_1_1690332326_19-45-26.jpg
618,463,1189.2825,605.98883,1732.2936,829.65466,cam_1_1690332326_19-45-26.jpg
618,459,2300.0972,895.7573,3370.8079,1504.3655,cam_1_1690332326_19-45-26.jpg
619,424,1931.305,309.75995,2199.5376,473.7325,cam_1_1690332371_19-46-11.jpg
619,313,1953.5165,720.6977,2439.8323,906.28705,cam_1_1690332371_19-46-11.jpg
619,358,1706.5338,482.7676,2213.211,729.2963,cam_1_1690332371_19-46-11.jpg
619,439,2384.346,451.07556,2776.3777,742.558,cam_1_1690332371_19-46-11.jpg
619,457,863.60754,417.98056,1358.6559,582.7352,cam_1_1690332371_19-46-11.jpg
619,434,3288.8923,712.0736,3864.5964,1108.0443,cam_1_1690332371_19-46-11.jpg
619,448,1999.8855,341.96753,2316.4758,500.5505,cam_1_1690332371_19-46-11.jpg
619,429,1062.4769,548.9925,1592.8353,742.0885,cam_1_1690332371_19-46-11.jpg
619,467,1723.0211,643.75665,2239.913,869.3708,cam_1_1690332371_19-46-11.jpg
619,452,2177.0981,387.94644,2496.8474,609.66406,cam_1_1690332371_19-46-11.jpg
619,463,1167.5693,608.07825,1726.3235,836.6532,cam_1_1690332371_19-46-11.jpg
619,459,2539.126,830.89417,3390.0464,1500.6785,cam_1_1690332371_19-46-11.jpg
620,424,1937.8713,308.17612,2206.6248,467.89072,cam_1_1690332416_19-46-56.jpg
620,313,1960.1097,718.1853,2434.7935,912.8795,cam_1_1690332416_19-46-56.jpg
620,358,1710.3788,479.07913,2203.3425,728.0276,cam_1_1690332416_19-46-56.jpg
620,439,2383.3435,451.5734,2765.9636,730.0633,cam_1_1690332416_19-46-56.jpg
620,457,863.261,416.82217,1356.4734,581.0692,cam_1_1690332416_19-46-56.jpg
620,434,3251.2642,708.01825,3908.4463,1126.0068,cam_1_1690332416_19-46-56.jpg
620,448,2003.2646,344.42374,2327.497,500.18475,cam_1_1690332416_19-46-56.jpg
620,429,1051.1642,550.2379,1585.7737,741.51105,cam_1_1690332416_19-46-56.jpg
620,467,1725.0839,642.5543,2224.122,862.8524,cam_1_1690332416_19-46-56.jpg
620,452,2181.706,390.37015,2521.8083,614.69965,cam_1_1690332416_19-46-56.jpg
620,463,1159.4055,606.8801,1720.9625,835.0931,cam_1_1690332416_19-46-56.jpg
620,459,2673.3723,807.80505,3307.4866,1461.0765,cam_1_1690332416_19-46-56.jpg
620,444,2610.5,566.14923,2836.0276,985.7831,cam_1_1690332416_19-46-56.jpg
621,424,1940.7533,305.01276,2204.6772,456.26407,cam_1_1690332551_19-49-11.jpg
621,313,1950.1593,713.29175,2430.8538,916.2526,cam_1_1690332551_19-49-11.jpg
621,358,1709.1478,478.98706,2207.2441,725.06256,cam_1_1690332551_19-49-11.jpg
621,439,2388.6428,443.63687,2645.3071,749.55383,cam_1_1690332551_19-49-11.jpg
621,457,865.3155,416.35822,1349.2963,580.86224,cam_1_1690332551_19-49-11.jpg
621,448,1992.061,343.23828,2347.9402,549.69574,cam_1_1690332551_19-49-11.jpg
621,429,1050.854,550.6615,1587.5984,740.8062,cam_1_1690332551_19-49-11.jpg
621,467,1705.3243,639.1529,2221.6677,859.91187,cam_1_1690332551_19-49-11.jpg
621,463,1158.7618,606.3852,1718.3009,835.5723,cam_1_1690332551_19-49-11.jpg
621,459,2915.3755,847.70715,3361.9832,1471.1346,cam_1_1690332551_19-49-11.jpg
621,443,2855.2632,588.5286,3360.7542,941.7177,cam_1_1690332551_19-49-11.jpg
622,424,1935.2478,307.6526,2216.3894,472.39175,cam_1_1690332566_19-49-26.jpg
622,313,1957.5277,712.07196,2430.1504,917.1181,cam_1_1690332566_19-49-26.jpg
622,358,1709.4565,478.3858,2211.893,731.9,cam_1_1690332566_19-49-26.jpg
622,439,2387.4973,449.965,2592.6494,754.44086,cam_1_1690332566_19-49-26.jpg
622,457,866.9562,416.35675,1355.1472,581.69965,cam_1_1690332566_19-49-26.jpg
622,429,1049.5477,552.43976,1586.2871,742.0946,cam_1_1690332566_19-49-26.jpg
622,467,1698.0376,639.967,2224.7148,859.2436,cam_1_1690332566_19-49-26.jpg
622,463,1161.1394,606.2302,1715.4851,835.66736,cam_1_1690332566_19-49-26.jpg
622,459,2987.4058,851.95844,3394.5647,1487.6174,cam_1_1690332566_19-49-26.jpg
622,470,3330.1296,957.18665,3761.772,1368.9136,cam_1_1690332566_19-49-26.jpg
622,423,2063.1155,355.59406,2383.0696,598.8498,cam_1_1690332566_19-49-26.jpg
623,424,1936.0034,312.46765,2222.596,475.1624,cam_1_1690332731_19-52-11.jpg
623,313,1964.293,720.37054,2436.3816,918.3589,cam_1_1690332731_19-52-11.jpg
623,358,1717.2573,476.72842,2213.828,736.93756,cam_1_1690332731_19-52-11.jpg
623,457,870.6397,415.6395,1358.9766,579.3597,cam_1_1690332731_19-52-11.jpg
623,429,1055.6315,553.4181,1599.0033,740.14355,cam_1_1690332731_19-52-11.jpg
623,467,1709.7797,637.3871,2236.8372,855.2819,cam_1_1690332731_19-52-11.jpg
623,470,3227.4097,958.1628,3728.1355,1411.7761,cam_1_1690332731_19-52-11.jpg
623,471,2677.8245,499.35776,2936.1018,839.1794,cam_1_1690332731_19-52-11.jpg
623,423,2075.2915,361.13794,2390.2444,551.44806,cam_1_1690332731_19-52-11.jpg
623,415,2022.8927,469.7153,2350.5684,687.96643,cam_1_1690332731_19-52-11.jpg
623,466,1138.1282,575.0382,1777.3354,1165.3536,cam_1_1690332731_19-52-11.jpg
623,452,2260.847,391.61392,2527.6462,632.3444,cam_1_1690332731_19-52-11.jpg
624,424,1933.8839,313.22812,2215.3945,472.6192,cam_1_1690332821_19-53-41.jpg
624,313,1941.3845,726.1534,2438.4868,909.3548,cam_1_1690332821_19-53-41.jpg
624,358,1729.546,471.37955,2219.294,738.0092,cam_1_1690332821_19-53-41.jpg
624,457,872.0904,413.99756,1367.2361,580.84424,cam_1_1690332821_19-53-41.jpg
624,429,1057.5287,550.2263,1607.2456,726.6699,cam_1_1690332821_19-53-41.jpg
624,467,1707.793,640.6173,2243.3958,856.90295,cam_1_1690332821_19-53-41.jpg
624,471,2660.0132,504.4967,2987.4116,844.24615,cam_1_1690332821_19-53-41.jpg
624,415,2047.6753,469.34116,2357.3567,697.63513,cam_1_1690332821_19-53-41.jpg
624,466,1061.3921,589.5095,1779.423,1203.6227,cam_1_1690332821_19-53-41.jpg
624,452,2285.8013,392.5719,2507.576,638.63153,cam_1_1690332821_19-53-41.jpg
624,448,2026.9307,347.07703,2336.9314,509.2072,cam_1_1690332821_19-53-41.jpg
625,424,1958.76,323.61948,2237.0867,472.4119,cam_1_1690333076_19-57-56.jpg
625,313,1928.5245,722.1324,2430.7227,915.0122,cam_1_1690333076_19-57-56.jpg
625,358,1793.1855,456.53302,2226.8125,717.2551,cam_1_1690333076_19-57-56.jpg
625,457,874.11835,385.592,1410.7329,691.93176,cam_1_1690333076_19-57-56.jpg
625,429,1059.3527,547.8731,1604.8964,727.66644,cam_1_1690333076_19-57-56.jpg
625,467,1741.7528,646.3052,2247.2288,858.5923,cam_1_1690333076_19-57-56.jpg
625,466,1052.5417,594.0007,1790.1578,1197.6633,cam_1_1690333076_19-57-56.jpg
625,452,2181.4592,376.83023,2528.615,640.6173,cam_1_1690333076_19-57-56.jpg
625,449,1431.9014,340.07227,1870.3612,526.309,cam_1_1690333076_19-57-56.jpg
625,444,2397.9832,621.35657,2801.2964,1050.5503,cam_1_1690333076_19-57-56.jpg
625,443,3038.6033,635.51965,3530.737,1015.7067,cam_1_1690333076_19-57-56.jpg
626,424,2020.3867,331.824,2263.6338,471.59323,cam_1_1690333091_19-58-11.jpg
626,313,1915.6715,723.2451,2399.6714,918.71606,cam_1_1690333091_19-58-11.jpg
626,358,1825.4355,450.8912,2229.6812,708.51245,cam_1_1690333091_19-58-11.jpg
626,457,873.6666,376.8093,1419.0773,724.4298,cam_1_1690333091_19-58-11.jpg
626,429,1060.0464,543.29553,1601.5752,733.4523,cam_1_1690333091_19-58-11.jpg
626,467,1754.3018,649.79736,2256.641,856.9802,cam_1_1690333091_19-58-11.jpg
626,466,1113.8788,591.05023,1779.0828,1175.7859,cam_1_1690333091_19-58-11.jpg
626,452,2155.931,370.05676,2520.8335,638.7237,cam_1_1690333091_19-58-11.jpg
626,449,1426.6923,339.65128,1868.7434,520.38684,cam_1_1690333091_19-58-11.jpg
626,444,2312.4307,630.1231,2793.769,1045.7502,cam_1_1690333091_19-58-11.jpg
626,443,3061.911,643.15186,3547.205,1022.773,cam_1_1690333091_19-58-11.jpg
627,424,2049.5264,337.18082,2265.9963,471.20782,cam_1_1690333106_19-58-26.jpg
627,313,1916.3511,714.4639,2382.97,918.52576,cam_1_1690333106_19-58-26.jpg
627,358,1757.2474,451.35803,2229.2039,704.14795,cam_1_1690333106_19-58-26.jpg
627,457,872.35925,370.7907,1440.0038,742.0706,cam_1_1690333106_19-58-26.jpg
627,429,1067.6958,540.2148,1599.2694,736.63794,cam_1_1690333106_19-58-26.jpg
627,467,1748.8422,648.16296,2253.1062,852.8781,cam_1_1690333106_19-58-26.jpg
627,466,1121.1436,591.2095,1736.9076,1149.9493,cam_1_1690333106_19-58-26.jpg
627,452,2140.848,368.28012,2512.8687,638.431,cam_1_1690333106_19-58-26.jpg
627,449,1425.3148,340.26254,1865.7568,520.5661,cam_1_1690333106_19-58-26.jpg
627,444,2263.8333,621.75775,2806.1743,1048.4467,cam_1_1690333106_19-58-26.jpg
627,443,3070.6677,647.3015,3557.7534,1023.8608,cam_1_1690333106_19-58-26.jpg
628,424,2052.7842,339.51144,2280.1423,474.3154,cam_1_1690333181_19-59-41.jpg
628,313,1986.1854,723.1736,2418.451,916.2778,cam_1_1690333181_19-59-41.jpg
628,358,1731.5332,454.7905,2226.3022,694.9242,cam_1_1690333181_19-59-41.jpg
628,457,874.4911,369.151,1439.0409,750.5777,cam_1_1690333181_19-59-41.jpg
628,429,1062.2775,542.4415,1582.1157,739.3832,cam_1_1690333181_19-59-41.jpg
628,466,1147.5393,589.3372,1807.8965,1111.4755,cam_1_1690333181_19-59-41.jpg
628,452,2129.837,369.06287,2512.3564,637.20667,cam_1_1690333181_19-59-41.jpg
628,449,1533.6337,319.5548,1851.501,497.50894,cam_1_1690333181_19-59-41.jpg
628,399,1315.8275,679.366,2057.4822,1299.6097,cam_1_1690333181_19-59-41.jpg
629,313,1928.8656,724.31757,2426.4673,920.4666,cam_1_1690333211_20-00-11.jpg
629,358,1756.9048,454.6619,2215.1418,711.7463,cam_1_1690333211_20-00-11.jpg
629,457,874.37445,378.60568,1410.3679,649.1023,cam_1_1690333211_20-00-11.jpg
629,466,1075.246,595.1192,1759.4996,1112.7838,cam_1_1690333211_20-00-11.jpg
629,452,2092.6443,366.5497,2511.216,629.2443,cam_1_1690333211_20-00-11.jpg
629,473,2969.771,588.96796,3234.2983,1005.5402,cam_1_1690333211_20-00-11.jpg
629,467,1741.6427,639.9412,2240.9407,833.321,cam_1_1690333211_20-00-11.jpg
630,313,1938.3168,715.30176,2427.369,916.68097,cam_1_1690333271_20-01-11.jpg
630,358,1711.6162,441.13226,2218.7168,721.3367,cam_1_1690333271_20-01-11.jpg
630,457,875.4956,404.92358,1372.0605,602.93134,cam_1_1690333271_20-01-11.jpg
630,466,1119.0175,590.9715,1708.5919,1109.5698,cam_1_1690333271_20-01-11.jpg
630,474,1065.9127,196.39462,1393.6862,409.2096,cam_1_1690333271_20-01-11.jpg
630,475,1888.5768,287.57422,2070.7815,453.2939,cam_1_1690333271_20-01-11.jpg
630,467,1739.8502,641.1083,2241.0652,839.71826,cam_1_1690333271_20-01-11.jpg
630,463,1051.4696,519.7109,1730.7979,951.927,cam_1_1690333271_20-01-11.jpg
630,423,2017.8627,336.50763,2340.3977,563.33,cam_1_1690333271_20-01-11.jpg
630,471,2611.0828,487.32086,2975.6792,821.1557,cam_1_1690333271_20-01-11.jpg
630,429,973.8487,497.18353,1470.0784,673.3958,cam_1_1690333271_20-01-11.jpg
631,313,1927.4236,722.64374,2430.1853,915.12213,cam_1_1690333421_20-03-41.jpg
631,358,1711.9514,453.08328,2224.775,725.3385,cam_1_1690333421_20-03-41.jpg
631,457,876.88696,412.12976,1357.641,584.9085,cam_1_1690333421_20-03-41.jpg
631,466,1158.8838,588.0793,1827.9883,1122.1936,cam_1_1690333421_20-03-41.jpg
631,474,1050.466,195.64275,1392.5946,412.2977,cam_1_1690333421_20-03-41.jpg
631,475,1860.2148,281.61893,2047.785,463.48337,cam_1_1690333421_20-03-41.jpg
631,467,1750.352,651.6935,2237.8274,835.18805,cam_1_1690333421_20-03-41.jpg
631,463,1056.1952,522.3883,1717.2058,976.6322,cam_1_1690333421_20-03-41.jpg
631,429,953.60126,488.8497,1467.8573,664.42596,cam_1_1690333421_20-03-41.jpg
631,424,2034.8254,342.8544,2307.1013,494.36584,cam_1_1690333421_20-03-41.jpg
631,452,2189.2026,376.9131,2460.306,634.6703,cam_1_1690333421_20-03-41.jpg
632,313,1918.4314,722.98663,2428.9033,914.54376,cam_1_1690333466_20-04-26.jpg
632,358,1714.5934,455.445,2229.351,723.61676,cam_1_1690333466_20-04-26.jpg
632,457,877.69415,415.30618,1349.0983,579.5862,cam_1_1690333466_20-04-26.jpg
632,466,1170.0428,580.04114,1829.2771,1140.507,cam_1_1690333466_20-04-26.jpg
632,474,1014.03033,198.59843,1357.506,415.94415,cam_1_1690333466_20-04-26.jpg
632,475,1798.9552,280.6628,2003.3903,469.2232,cam_1_1690333466_20-04-26.jpg
632,467,1749.8994,652.11694,2238.029,836.1019,cam_1_1690333466_20-04-26.jpg
632,463,1067.6439,521.22064,1775.6613,976.3659,cam_1_1690333466_20-04-26.jpg
632,429,945.49695,489.4381,1453.3519,667.4482,cam_1_1690333466_20-04-26.jpg
632,424,2035.3545,345.87665,2305.797,496.38632,cam_1_1690333466_20-04-26.jpg
632,452,2218.8735,380.08435,2460.9148,635.36035,cam_1_1690333466_20-04-26.jpg
633,313,1923.5658,722.61334,2430.7253,914.42975,cam_1_1690333481_20-04-41.jpg
633,358,1721.1848,462.31308,2236.6382,733.1365,cam_1_1690333481_20-04-41.jpg
633,457,873.3971,415.99615,1351.257,578.52,cam_1_1690333481_20-04-41.jpg
633,466,1171.5669,583.7737,1819.8872,1149.5991,cam_1_1690333481_20-04-41.jpg
633,474,906.872,198.78914,1295.7759,427.07425,cam_1_1690333481_20-04-41.jpg
633,475,1788.5431,278.07532,1982.3109,474.74527,cam_1_1690333481_20-04-41.jpg
633,467,1740.0343,653.13434,2237.0105,838.6644,cam_1_1690333481_20-04-41.jpg
633,463,1031.7495,521.4487,1771.7329,986.5107,cam_1_1690333481_20-04-41.jpg
633,429,944.26373,482.96143,1441.0797,659.16956,cam_1_1690333481_20-04-41.jpg
633,424,2033.2275,345.65286,2307.3618,499.41473,cam_1_1690333481_20-04-41.jpg
633,452,2232.7969,380.99777,2447.0872,636.5581,cam_1_1690333481_20-04-41.jpg
634,358,1733.6377,462.50745,2236.3904,728.12067,cam_1_1690333901_20-11-41.jpg
634,457,876.1329,414.42377,1356.5471,572.9518,cam_1_1690333901_20-11-41.jpg
634,466,1176.8047,588.36945,1894.4661,1134.3395,cam_1_1690333901_20-11-41.jpg
634,475,1692.9365,264.24036,1954.7625,470.1027,cam_1_1690333901_20-11-41.jpg
634,467,1792.5778,667.8074,2271.34,859.3878,cam_1_1690333901_20-11-41.jpg
634,429,949.26514,491.8021,1450.2377,663.6263,cam_1_1690333901_20-11-41.jpg
634,439,2234.9744,535.1752,2573.2834,854.7929,cam_1_1690333901_20-11-41.jpg
634,471,2420.7937,452.12125,2851.969,753.08527,cam_1_1690333901_20-11-41.jpg
635,358,1722.5072,460.74216,2238.205,717.9782,cam_1_1690334066_20-14-26.jpg
635,457,876.89496,415.0408,1357.8237,576.6714,cam_1_1690334066_20-14-26.jpg
635,466,1186.9296,615.3628,1817.4619,1134.5204,cam_1_1690334066_20-14-26.jpg
635,467,1804.5854,668.7167,2272.9246,867.8746,cam_1_1690334066_20-14-26.jpg
635,429,946.0595,487.52344,1450.9717,660.0863,cam_1_1690334066_20-14-26.jpg
635,439,2203.545,544.3208,2633.4165,874.4838,cam_1_1690334066_20-14-26.jpg
635,471,2414.887,453.7266,2787.8662,731.8012,cam_1_1690334066_20-14-26.jpg
635,415,2190.0496,544.4938,2611.3582,780.4524,cam_1_1690334066_20-14-26.jpg
635,448,2060.2683,353.724,2400.38,577.3265,cam_1_1690334066_20-14-26.jpg
635,444,2190.936,664.6822,2550.4985,1243.2139,cam_1_1690334066_20-14-26.jpg
635,423,1951.4485,309.67148,2221.4658,475.16415,cam_1_1690334066_20-14-26.jpg
635,463,1038.0569,529.5067,1744.9332,981.2995,cam_1_1690334066_20-14-26.jpg
636,358,1720.05,455.69165,2227.4731,709.4575,cam_1_1690334156_20-15-56.jpg
636,457,877.93207,415.0209,1357.9741,577.76,cam_1_1690334156_20-15-56.jpg
636,466,1189.8972,610.21796,1862.6469,1133.1927,cam_1_1690334156_20-15-56.jpg
636,467,1805.1014,670.7189,2278.6392,871.2286,cam_1_1690334156_20-15-56.jpg
636,429,947.87305,485.01154,1456.4973,657.76404,cam_1_1690334156_20-15-56.jpg
636,415,2198.2104,497.5225,2487.6086,770.22003,cam_1_1690334156_20-15-56.jpg
636,444,2248.345,647.6384,2681.8037,1196.2665,cam_1_1690334156_20-15-56.jpg
636,423,1916.3575,310.70764,2204.6375,465.39035,cam_1_1690334156_20-15-56.jpg
636,463,1044.1908,534.12683,1701.8446,983.5811,cam_1_1690334156_20-15-56.jpg
636,449,1510.2593,353.25854,1938.0646,547.6061,cam_1_1690334156_20-15-56.jpg
636,424,2100.459,363.04092,2374.4954,513.21027,cam_1_1690334156_20-15-56.jpg
637,358,1705.1345,458.49875,2219.1565,711.6168,cam_1_1690334456_20-20-56.jpg
637,457,878.4895,414.99405,1360.4634,574.8425,cam_1_1690334456_20-20-56.jpg
637,466,1170.008,595.165,1827.7869,1135.9728,cam_1_1690334456_20-20-56.jpg
637,467,1794.96,675.15704,2244.0667,872.0633,cam_1_1690334456_20-20-56.jpg
637,429,950.912,488.36716,1473.0244,661.03406,cam_1_1690334456_20-20-56.jpg
637,444,2129.8135,693.7599,2725.169,1228.3656,cam_1_1690334456_20-20-56.jpg
637,463,1044.253,544.19714,1623.1089,823.7474,cam_1_1690334456_20-20-56.jpg
637,449,1519.1683,355.1406,1948.4719,535.6655,cam_1_1690334456_20-20-56.jpg
637,443,3152.9126,615.6249,3523.6416,1066.4191,cam_1_1690334456_20-20-56.jpg
637,452,2232.6309,390.082,2522.078,649.4222,cam_1_1690334456_20-20-56.jpg
637,475,1683.7898,260.17102,1959.2493,399.3268,cam_1_1690334456_20-20-56.jpg
638,358,1696.9885,457.4748,2213.9402,711.6021,cam_1_1690334846_20-27-26.jpg
638,457,879.93494,412.554,1361.8052,567.2026,cam_1_1690334846_20-27-26.jpg
638,466,1159.4794,603.68756,1897.4171,1116.2008,cam_1_1690334846_20-27-26.jpg
638,467,1810.347,673.45764,2265.3188,872.11505,cam_1_1690334846_20-27-26.jpg
638,429,959.45496,489.54147,1476.549,657.4023,cam_1_1690334846_20-27-26.jpg
638,463,1042.0659,546.2476,1600.4187,752.5031,cam_1_1690334846_20-27-26.jpg
638,449,1502.1031,352.56735,1961.1526,545.7402,cam_1_1690334846_20-27-26.jpg
638,443,3103.8103,610.8545,3453.8103,1061.7208,cam_1_1690334846_20-27-26.jpg
638,452,2232.6172,389.85806,2539.985,649.70715,cam_1_1690334846_20-27-26.jpg
638,475,1703.0559,259.30914,1971.9259,396.13303,cam_1_1690334846_20-27-26.jpg
639,358,1695.6392,459.66788,2206.9048,713.59436,cam_1_1690334921_20-28-41.jpg
639,457,879.66876,412.40256,1381.9878,566.02386,cam_1_1690334921_20-28-41.jpg
639,466,1164.0413,608.9326,1937.1974,1115.6238,cam_1_1690334921_20-28-41.jpg
639,467,1822.8342,672.40234,2272.5554,871.54755,cam_1_1690334921_20-28-41.jpg
639,429,963.2218,490.2448,1478.4884,657.9508,cam_1_1690334921_20-28-41.jpg
639,463,1047.5013,550.679,1596.6628,737.411,cam_1_1690334921_20-28-41.jpg
639,449,1492.662,352.25842,1969.392,551.42633,cam_1_1690334921_20-28-41.jpg
639,452,2237.9602,389.69745,2513.1226,653.7685,cam_1_1690334921_20-28-41.jpg
639,475,1699.1505,258.137,1979.6733,396.55994,cam_1_1690334921_20-28-41.jpg
639,482,928.9076,442.2258,1403.27,594.691,cam_1_1690334921_20-28-41.jpg
639,483,1297.4675,289.18723,1756.4786,466.02975,cam_1_1690334921_20-28-41.jpg
639,473,2953.1338,565.1199,3255.2239,979.5511,cam_1_1690334921_20-28-41.jpg
640,358,1700.5505,461.7942,2206.998,713.64764,cam_1_1690334981_20-29-41.jpg
640,457,879.3813,411.91354,1384.2507,563.8611,cam_1_1690334981_20-29-41.jpg
640,466,1166.7957,596.3334,1929.8802,1114.8364,cam_1_1690334981_20-29-41.jpg
640,467,1820.2853,670.79736,2274.302,870.878,cam_1_1690334981_20-29-41.jpg
640,429,965.4197,490.50317,1473.5085,658.8676,cam_1_1690334981_20-29-41.jpg
640,463,1049.8499,550.7776,1589.6228,733.0199,cam_1_1690334981_20-29-41.jpg
640,449,1486.968,352.15747,1974.6143,558.74506,cam_1_1690334981_20-29-41.jpg
640,452,2239.942,388.63,2503.624,654.8832,cam_1_1690334981_20-29-41.jpg
640,475,1691.7467,259.14532,1978.267,398.58298,cam_1_1690334981_20-29-41.jpg
640,482,930.2846,440.68875,1407.9762,593.109,cam_1_1690334981_20-29-41.jpg
640,483,1318.0607,292.44946,1768.3752,467.40997,cam_1_1690334981_20-29-41.jpg
640,473,2956.5571,559.21356,3262.8547,981.21674,cam_1_1690334981_20-29-41.jpg
641,358,1701.3463,459.6049,2199.1333,709.282,cam_1_1690335011_20-30-11.jpg
641,457,878.39276,410.95334,1379.698,562.2179,cam_1_1690335011_20-30-11.jpg
641,466,1175.4806,587.45905,1926.9203,1116.903,cam_1_1690335011_20-30-11.jpg
641,467,1825.6189,667.593,2275.1396,870.64905,cam_1_1690335011_20-30-11.jpg
641,429,965.3932,490.26532,1476.1998,659.2318,cam_1_1690335011_20-30-11.jpg
641,463,1051.2457,550.8853,1588.6302,733.3856,cam_1_1690335011_20-30-11.jpg
641,449,1478.787,352.43964,1977.4171,557.6664,cam_1_1690335011_20-30-11.jpg
641,452,2243.7966,386.96313,2505.0479,654.0974,cam_1_1690335011_20-30-11.jpg
641,475,1679.156,256.18497,1978.1982,401.42157,cam_1_1690335011_20-30-11.jpg
641,482,929.58453,441.46475,1407.5199,594.4687,cam_1_1690335011_20-30-11.jpg
641,483,1331.5305,290.5794,1783.8121,467.63974,cam_1_1690335011_20-30-11.jpg
641,473,2959.1948,564.13086,3273.4656,979.7028,cam_1_1690335011_20-30-11.jpg
642,358,1702.1061,462.31985,2206.6064,713.8911,cam_1_1690335056_20-30-56.jpg
642,457,880.43835,410.60962,1379.473,561.11926,cam_1_1690335056_20-30-56.jpg
642,466,1175.232,593.91785,1928.0286,1119.9286,cam_1_1690335056_20-30-56.jpg
642,467,1826.873,670.13043,2276.312,870.50665,cam_1_1690335056_20-30-56.jpg
642,429,968.05414,487.694,1472.189,655.5049,cam_1_1690335056_20-30-56.jpg
642,463,1044.5217,549.03613,1587.8431,732.8521,cam_1_1690335056_20-30-56.jpg
642,449,1476.1338,354.35883,1975.301,561.99426,cam_1_1690335056_20-30-56.jpg
642,452,2246.1323,389.09085,2526.6216,653.10156,cam_1_1690335056_20-30-56.jpg
642,475,1699.4707,258.48914,2001.1019,422.99228,cam_1_1690335056_20-30-56.jpg
642,482,926.93866,439.1346,1394.6493,595.3713,cam_1_1690335056_20-30-56.jpg
642,483,1371.8141,299.7131,1811.6086,477.8393,cam_1_1690335056_20-30-56.jpg
642,473,2952.8835,566.62573,3259.3442,977.87225,cam_1_1690335056_20-30-56.jpg
643,358,1693.7444,461.33856,2206.6665,714.7275,cam_1_1690335161_20-32-41.jpg
643,457,880.4427,410.05435,1371.0177,560.05695,cam_1_1690335161_20-32-41.jpg
643,466,1174.2389,588.36926,1915.235,1115.1146,cam_1_1690335161_20-32-41.jpg
643,467,1824.0118,667.5184,2277.5347,870.3574,cam_1_1690335161_20-32-41.jpg
643,429,966.16614,492.382,1480.3472,657.6194,cam_1_1690335161_20-32-41.jpg
643,463,1047.1598,546.9587,1589.1377,732.59204,cam_1_1690335161_20-32-41.jpg
643,449,1470.4377,350.233,1975.0677,568.07355,cam_1_1690335161_20-32-41.jpg
643,452,2243.0093,389.98065,2535.1487,653.305,cam_1_1690335161_20-32-41.jpg
643,482,929.6661,440.71848,1394.9594,593.023,cam_1_1690335161_20-32-41.jpg
643,483,1425.3534,305.20688,1881.0155,485.92603,cam_1_1690335161_20-32-41.jpg
643,473,2874.9998,548.40717,3264.2563,974.16534,cam_1_1690335161_20-32-41.jpg
643,448,2008.1191,332.75784,2319.397,555.87445,cam_1_1690335161_20-32-41.jpg
643,423,1764.6165,272.2474,2058.1926,455.54944,cam_1_1690335161_20-32-41.jpg
644,358,1704.621,457.5925,2203.1516,716.545,cam_1_1690335176_20-32-56.jpg
644,457,879.59064,410.78925,1371.1116,560.3681,cam_1_1690335176_20-32-56.jpg
644,466,1172.9625,590.4943,1926.9236,1113.3982,cam_1_1690335176_20-32-56.jpg
644,467,1831.2526,668.70764,2275.6829,869.912,cam_1_1690335176_20-32-56.jpg
644,429,966.25323,492.8315,1482.4758,659.5997,cam_1_1690335176_20-32-56.jpg
644,463,1048.5846,546.9186,1590.2462,733.6712,cam_1_1690335176_20-32-56.jpg
644,449,1458.3856,351.59955,1967.8405,568.86847,cam_1_1690335176_20-32-56.jpg
644,452,2242.8923,388.5838,2514.6223,653.2771,cam_1_1690335176_20-32-56.jpg
644,482,929.03436,441.1661,1397.0911,594.2579,cam_1_1690335176_20-32-56.jpg
644,483,1441.3649,305.4619,1893.1605,489.63922,cam_1_1690335176_20-32-56.jpg
644,473,2828.1096,547.61896,3270.7146,977.48724,cam_1_1690335176_20-32-56.jpg
644,448,1990.7212,334.79593,2324.854,560.24335,cam_1_1690335176_20-32-56.jpg
644,423,1756.1289,269.40567,2067.6902,455.37262,cam_1_1690335176_20-32-56.jpg
645,358,1713.5587,456.61746,2204.26,712.41125,cam_1_1690335191_20-33-11.jpg
645,457,877.2181,409.1433,1375.5598,559.3606,cam_1_1690335191_20-33-11.jpg
645,466,1165.2804,604.53864,1905.1415,1133.1621,cam_1_1690335191_20-33-11.jpg
645,467,1810.3146,668.9026,2275.493,869.6307,cam_1_1690335191_20-33-11.jpg
645,429,965.1319,494.4283,1480.3113,658.72205,cam_1_1690335191_20-33-11.jpg
645,463,1050.77,548.41986,1598.7051,733.8996,cam_1_1690335191_20-33-11.jpg
645,449,1457.1666,349.1982,1976.5226,576.6588,cam_1_1690335191_20-33-11.jpg
645,452,2243.406,390.89896,2516.491,653.26074,cam_1_1690335191_20-33-11.jpg
645,482,928.5892,440.13016,1402.3429,594.3661,cam_1_1690335191_20-33-11.jpg
645,473,2809.854,548.22144,3273.4407,979.1968,cam_1_1690335191_20-33-11.jpg
645,448,1993.905,339.37082,2315.2056,557.2028,cam_1_1690335191_20-33-11.jpg
645,423,1754.0789,267.99878,2059.5752,456.6741,cam_1_1690335191_20-33-11.jpg
646,358,1696.1581,460.13782,2200.7253,721.31683,cam_1_1690335296_20-34-56.jpg
646,457,875.1011,408.23975,1375.4456,558.91907,cam_1_1690335296_20-34-56.jpg
646,466,1077.4595,598.82855,1875.4745,1143.4733,cam_1_1690335296_20-34-56.jpg
646,467,1805.5739,667.5593,2279.562,870.7795,cam_1_1690335296_20-34-56.jpg
646,429,960.6718,494.6695,1469.6761,657.9774,cam_1_1690335296_20-34-56.jpg
646,463,1045.6007,548.5699,1594.4142,728.9258,cam_1_1690335296_20-34-56.jpg
646,449,1455.0632,349.3283,1978.7799,571.6494,cam_1_1690335296_20-34-56.jpg
646,482,926.2309,442.64822,1399.7025,595.07794,cam_1_1690335296_20-34-56.jpg
646,473,2833.0457,538.90796,3198.2456,953.4755,cam_1_1690335296_20-34-56.jpg
646,423,1750.0935,267.17538,2041.4684,457.1358,cam_1_1690335296_20-34-56.jpg
646,484,1113.2814,193.15562,1404.3495,396.6231,cam_1_1690335296_20-34-56.jpg
646,471,2178.7017,373.08362,2578.2292,654.0986,cam_1_1690335296_20-34-56.jpg
647,358,1702.9568,460.40283,2207.586,720.1809,cam_1_1690335476_20-37-56.jpg
647,457,813.6719,324.68073,1339.5986,596.5186,cam_1_1690335476_20-37-56.jpg
647,466,1105.8345,600.3332,1850.5497,1131.9103,cam_1_1690335476_20-37-56.jpg
647,467,1806.7513,665.6754,2282.4058,870.7978,cam_1_1690335476_20-37-56.jpg
647,429,970.3948,492.70087,1467.7103,655.62164,cam_1_1690335476_20-37-56.jpg
647,463,1043.518,549.8965,1595.0688,726.65295,cam_1_1690335476_20-37-56.jpg
647,449,1447.2109,349.68228,1973.4167,571.58984,cam_1_1690335476_20-37-56.jpg
647,482,932.1872,436.62656,1389.3643,592.4401,cam_1_1690335476_20-37-56.jpg
647,473,2697.145,527.87305,3147.04,934.6723,cam_1_1690335476_20-37-56.jpg
647,484,1204.8369,198.48796,1509.8082,382.78943,cam_1_1690335476_20-37-56.jpg
647,415,2401.3984,433.57462,2787.9658,759.6403,cam_1_1690335476_20-37-56.jpg
647,475,1617.0096,223.71759,1899.1357,389.47333,cam_1_1690335476_20-37-56.jpg
648,358,1697.1738,459.62714,2208.0432,722.08954,cam_1_1690335491_20-38-11.jpg
648,457,782.9408,298.0799,1326.4169,611.3943,cam_1_1690335491_20-38-11.jpg
648,466,1152.2806,607.32153,1893.2661,1120.5922,cam_1_1690335491_20-38-11.jpg
648,467,1823.0292,667.7889,2282.3665,869.82306,cam_1_1690335491_20-38-11.jpg
648,429,968.55444,494.15164,1469.8561,656.8082,cam_1_1690335491_20-38-11.jpg
648,463,1046.9117,550.2767,1592.3379,736.30884,cam_1_1690335491_20-38-11.jpg
648,449,1453.4852,350.58044,1971.9996,573.6083,cam_1_1690335491_20-38-11.jpg
648,482,937.01074,435.55212,1386.3165,592.1238,cam_1_1690335491_20-38-11.jpg
648,473,2675.6868,524.52545,3135.4487,929.10114,cam_1_1690335491_20-38-11.jpg
648,484,1240.1115,197.58475,1476.8822,367.45737,cam_1_1690335491_20-38-11.jpg
648,486,1104.744,189.79941,1285.8164,342.38702,cam_1_1690335491_20-38-11.jpg
648,415,2410.1091,429.45944,2746.646,754.1058,cam_1_1690335491_20-38-11.jpg
648,475,1608.5906,222.45807,1871.0615,383.6846,cam_1_1690335491_20-38-11.jpg
649,358,1718.3848,460.52185,2216.4014,725.6197,cam_1_1690335551_20-39-11.jpg
649,457,781.5442,284.30298,1322.087,618.3157,cam_1_1690335551_20-39-11.jpg
649,466,1166.123,597.44965,1911.973,1122.4119,cam_1_1690335551_20-39-11.jpg
649,467,1826.1973,669.22034,2282.3708,869.40546,cam_1_1690335551_20-39-11.jpg
649,429,969.8329,492.40332,1466.7522,652.8308,cam_1_1690335551_20-39-11.jpg
649,463,1045.6294,547.6628,1585.2319,737.67474,cam_1_1690335551_20-39-11.jpg
649,449,1458.3546,348.12048,1978.405,578.5253,cam_1_1690335551_20-39-11.jpg
649,482,937.8933,435.15762,1387.1141,592.88586,cam_1_1690335551_20-39-11.jpg
649,473,2668.625,521.41113,3112.6025,923.93005,cam_1_1690335551_20-39-11.jpg
649,484,1263.5354,197.51978,1519.1992,377.62717,cam_1_1690335551_20-39-11.jpg
649,486,1117.1007,188.92226,1343.6276,353.69046,cam_1_1690335551_20-39-11.jpg
649,415,2396.0186,425.48752,2772.518,751.7183,cam_1_1690335551_20-39-11.jpg
649,423,1676.0262,241.15036,1952.474,404.3944,cam_1_1690335551_20-39-11.jpg
650,358,1707.8862,460.17764,2208.0261,718.8689,cam_1_1690335566_20-39-26.jpg
650,457,776.5996,280.11295,1317.075,621.1248,cam_1_1690335566_20-39-26.jpg
650,466,1161.7865,601.72943,1906.667,1128.7728,cam_1_1690335566_20-39-26.jpg
650,467,1825.2242,665.32404,2276.9287,869.194,cam_1_1690335566_20-39-26.jpg
650,429,971.24194,493.40735,1471.2012,652.84143,cam_1_1690335566_20-39-26.jpg
650,463,1044.678,546.30884,1584.579,740.3287,cam_1_1690335566_20-39-26.jpg
650,449,1458.9231,349.79764,1977.6062,579.57104,cam_1_1690335566_20-39-26.jpg
650,482,938.15875,434.2766,1382.9437,593.93054,cam_1_1690335566_20-39-26.jpg
650,473,2642.0496,516.1998,3116.5383,921.7484,cam_1_1690335566_20-39-26.jpg
650,415,2383.8499,422.1206,2788.4482,750.608,cam_1_1690335566_20-39-26.jpg
650,423,1627.2119,237.71536,1912.1711,388.52518,cam_1_1690335566_20-39-26.jpg
650,483,1692.6658,259.25226,2036.9283,457.38876,cam_1_1690335566_20-39-26.jpg
651,358,1719.9529,458.29208,2206.812,710.13635,cam_1_1690335611_20-40-11.jpg
651,457,769.6343,275.18115,1311.9673,623.82416,cam_1_1690335611_20-40-11.jpg
651,466,1165.929,600.1212,1907.3063,1100.7443,cam_1_1690335611_20-40-11.jpg
651,467,1819.9541,665.44116,2278.8613,869.52356,cam_1_1690335611_20-40-11.jpg
651,429,971.31024,491.82596,1472.615,653.4434,cam_1_1690335611_20-40-11.jpg
651,463,1048.842,545.5414,1575.6595,737.424,cam_1_1690335611_20-40-11.jpg
651,449,1462.6282,351.88382,1979.7734,580.0609,cam_1_1690335611_20-40-11.jpg
651,482,936.67786,435.04462,1385.6178,592.9764,cam_1_1690335611_20-40-11.jpg
651,473,2627.2378,518.9693,3120.403,924.4691,cam_1_1690335611_20-40-11.jpg
651,415,2416.8313,429.73016,2738.4827,760.79785,cam_1_1690335611_20-40-11.jpg
651,483,1714.534,252.0812,2063.8523,455.35782,cam_1_1690335611_20-40-11.jpg
652,358,1710.4247,457.8113,2217.3567,709.7946,cam_1_1690335731_20-42-11.jpg
652,457,758.63666,275.33774,1305.1067,622.59216,cam_1_1690335731_20-42-11.jpg
652,466,1152.3832,599.1002,1921.5182,1116.6061,cam_1_1690335731_20-42-11.jpg
652,429,974.9023,493.62314,1472.2283,655.4875,cam_1_1690335731_20-42-11.jpg
652,463,1048.1732,548.44617,1565.7053,737.03595,cam_1_1690335731_20-42-11.jpg
652,449,1457.2598,352.33682,1987.4064,582.0836,cam_1_1690335731_20-42-11.jpg
652,482,939.57227,434.6831,1381.984,592.35706,cam_1_1690335731_20-42-11.jpg
652,473,2618.71,487.11148,2967.909,857.7976,cam_1_1690335731_20-42-11.jpg
652,483,1785.224,264.31488,2091.7688,461.5471,cam_1_1690335731_20-42-11.jpg
652,444,1861.5781,674.7141,2520.0396,1205.7488,cam_1_1690335731_20-42-11.jpg
652,423,1664.2819,237.28357,1862.9916,382.7051,cam_1_1690335731_20-42-11.jpg
653,358,1704.2738,458.0828,2216.6455,711.9335,cam_1_1690335746_20-42-26.jpg
653,457,757.9973,277.06064,1300.4585,622.76196,cam_1_1690335746_20-42-26.jpg
653,466,1129.2878,602.98175,1920.375,1123.752,cam_1_1690335746_20-42-26.jpg
653,429,974.99133,497.19415,1464.892,660.5989,cam_1_1690335746_20-42-26.jpg
653,463,1046.0905,549.43976,1581.7681,733.45245,cam_1_1690335746_20-42-26.jpg
653,449,1461.303,351.7308,1988.3052,583.31366,cam_1_1690335746_20-42-26.jpg
653,482,941.6475,436.3865,1386.4507,593.8571,cam_1_1690335746_20-42-26.jpg
653,473,2615.187,474.3883,2885.5273,835.9456,cam_1_1690335746_20-42-26.jpg
653,483,1809.1157,266.8381,2090.8337,461.86743,cam_1_1690335746_20-42-26.jpg
653,444,1780.6783,673.2136,2513.4534,1203.3285,cam_1_1690335746_20-42-26.jpg
653,423,1677.3179,236.84117,1873.5454,381.09415,cam_1_1690335746_20-42-26.jpg
654,358,1721.3889,459.09583,2212.2683,701.62396,cam_1_1690335941_20-45-41.jpg
654,457,690.1064,276.5594,1189.6885,626.5476,cam_1_1690335941_20-45-41.jpg
654,466,1202.5205,650.1879,1863.2505,989.44476,cam_1_1690335941_20-45-41.jpg
654,429,976.8838,498.70724,1445.9587,660.9089,cam_1_1690335941_20-45-41.jpg
654,463,1046.2261,550.1033,1577.8195,741.5546,cam_1_1690335941_20-45-41.jpg
654,449,1459.2915,346.15933,1985.0017,580.48883,cam_1_1690335941_20-45-41.jpg
654,482,932.9466,440.91928,1379.4739,599.8333,cam_1_1690335941_20-45-41.jpg
654,483,1788.5145,262.0818,2063.8245,458.13425,cam_1_1690335941_20-45-41.jpg
654,439,2049.1584,568.4367,2560.4521,874.31226,cam_1_1690335941_20-45-41.jpg
654,467,1834.5262,668.2271,2253.7825,868.58777,cam_1_1690335941_20-45-41.jpg
655,358,1718.8333,460.82703,2225.811,708.87164,cam_1_1690336061_20-47-41.jpg
655,466,1233.6085,670.5325,1832.9287,930.56305,cam_1_1690336061_20-47-41.jpg
655,429,972.394,499.24158,1437.6375,661.753,cam_1_1690336061_20-47-41.jpg
655,463,1044.5344,550.1125,1576.3859,745.22736,cam_1_1690336061_20-47-41.jpg
655,449,1455.8774,346.41974,1984.9718,578.66785,cam_1_1690336061_20-47-41.jpg
655,482,933.42395,446.11743,1390.8801,602.3315,cam_1_1690336061_20-47-41.jpg
655,483,1766.2979,261.16556,2051.6438,456.55878,cam_1_1690336061_20-47-41.jpg
655,487,1151.1796,607.0395,1714.9869,816.8311,cam_1_1690336061_20-47-41.jpg
655,488,385.78366,587.99585,816.1437,1283.3817,cam_1_1690336061_20-47-41.jpg
655,489,1389.8055,764.0909,2011.2218,1024.2024,cam_1_1690336061_20-47-41.jpg
655,439,2079.0784,571.0154,2550.6262,870.44434,cam_1_1690336061_20-47-41.jpg
655,467,1823.7438,661.5026,2243.6494,869.00336,cam_1_1690336061_20-47-41.jpg
656,358,1735.9667,463.6644,2233.3643,713.8825,cam_1_1690336106_20-48-26.jpg
656,466,1247.4019,674.75183,1820.9191,915.4514,cam_1_1690336106_20-48-26.jpg
656,429,973.21783,499.47467,1443.9044,657.0088,cam_1_1690336106_20-48-26.jpg
656,463,1047.4271,551.3242,1578.6313,746.3402,cam_1_1690336106_20-48-26.jpg
656,449,1458.9568,348.63336,1985.5045,582.63153,cam_1_1690336106_20-48-26.jpg
656,482,932.5421,445.8578,1394.5623,599.4744,cam_1_1690336106_20-48-26.jpg
656,483,1769.6836,265.75464,2047.1624,458.32715,cam_1_1690336106_20-48-26.jpg
656,487,1157.6185,609.79065,1723.648,816.6232,cam_1_1690336106_20-48-26.jpg
656,488,380.7586,490.53824,994.0085,1038.6324,cam_1_1690336106_20-48-26.jpg
656,489,1402.6782,761.54016,2017.6421,1006.83887,cam_1_1690336106_20-48-26.jpg
656,439,2109.7126,572.28674,2546.2358,872.92944,cam_1_1690336106_20-48-26.jpg
656,467,1819.0977,664.6148,2232.948,869.4369,cam_1_1690336106_20-48-26.jpg
656,399,1215.4989,942.4278,1767.2932,2003.6329,cam_1_1690336106_20-48-26.jpg
657,358,1717.517,464.7732,2234.3918,716.0325,cam_1_1690336136_20-48-56.jpg
657,466,1134.4323,676.1709,1884.5248,1107.755,cam_1_1690336136_20-48-56.jpg
657,429,974.85394,500.72885,1458.4929,661.99634,cam_1_1690336136_20-48-56.jpg
657,463,1050.215,550.704,1587.2721,735.7112,cam_1_1690336136_20-48-56.jpg
657,449,1456.7455,353.04932,1987.8252,581.7909,cam_1_1690336136_20-48-56.jpg
657,482,930.5761,447.19458,1407.7284,600.4176,cam_1_1690336136_20-48-56.jpg
657,483,1761.6431,265.63568,2044.0585,459.46793,cam_1_1690336136_20-48-56.jpg
657,439,2126.604,573.2753,2543.4746,875.64923,cam_1_1690336136_20-48-56.jpg
657,467,1810.32,664.7629,2235.924,877.71515,cam_1_1690336136_20-48-56.jpg
657,399,1222.659,956.78143,2022.4188,2031.6733,cam_1_1690336136_20-48-56.jpg
658,358,1735.8169,463.51016,2234.6113,709.69617,cam_1_1690336151_20-49-11.jpg
658,466,1201.8348,680.66425,1835.4232,1016.62213,cam_1_1690336151_20-49-11.jpg
658,429,974.195,501.7452,1456.9185,664.8605,cam_1_1690336151_20-49-11.jpg
658,463,1045.5658,550.21124,1573.6425,743.1757,cam_1_1690336151_20-49-11.jpg
658,449,1456.5726,354.56897,1986.5372,570.7861,cam_1_1690336151_20-49-11.jpg
658,482,932.33307,446.87317,1404.2415,603.58026,cam_1_1690336151_20-49-11.jpg
658,483,1756.5696,263.098,2046.3451,457.52618,cam_1_1690336151_20-49-11.jpg
658,439,2098.1025,573.89984,2540.2844,867.25934,cam_1_1690336151_20-49-11.jpg
658,399,1202.9862,963.9049,2047.2933,2032.7858,cam_1_1690336151_20-49-11.jpg
658,444,1563.929,717.6698,2506.7449,1289.8749,cam_1_1690336151_20-49-11.jpg
658,487,1154.5543,614.6501,1705.7671,816.97455,cam_1_1690336151_20-49-11.jpg
659,358,1732.0133,457.93964,2252.2678,702.465,cam_1_1690336181_20-49-41.jpg
659,466,1214.9213,686.2131,1964.3734,1225.01,cam_1_1690336181_20-49-41.jpg
659,429,972.9579,499.8156,1463.21,662.62646,cam_1_1690336181_20-49-41.jpg
659,463,1043.9983,549.732,1583.2281,744.9571,cam_1_1690336181_20-49-41.jpg
659,449,1461.7853,355.89117,1995.5475,570.5315,cam_1_1690336181_20-49-41.jpg
659,482,934.3519,447.42062,1407.9364,601.0938,cam_1_1690336181_20-49-41.jpg
659,483,1768.1497,264.18677,2038.5898,450.62134,cam_1_1690336181_20-49-41.jpg
659,439,2111.714,574.0289,2539.2766,870.75476,cam_1_1690336181_20-49-41.jpg
659,487,1153.2435,618.83496,1696.6626,819.5929,cam_1_1690336181_20-49-41.jpg
659,467,1842.9647,662.36316,2241.5127,870.5551,cam_1_1690336181_20-49-41.jpg
660,358,1807.4724,458.94778,2287.6824,686.77264,cam_1_1690336256_20-50-56.jpg
660,466,1237.7667,679.87396,1882.3064,1073.3431,cam_1_1690336256_20-50-56.jpg
660,429,991.75006,504.0303,1473.2017,657.8765,cam_1_1690336256_20-50-56.jpg
660,463,1088.2495,548.88934,1586.2974,731.7445,cam_1_1690336256_20-50-56.jpg
660,449,1458.2727,350.2991,1994.9882,577.0387,cam_1_1690336256_20-50-56.jpg
660,482,928.3983,446.99323,1405.0728,595.3721,cam_1_1690336256_20-50-56.jpg
660,483,1778.7908,262.21854,2094.454,462.67462,cam_1_1690336256_20-50-56.jpg
660,439,2085.7698,571.13654,2540.1704,866.69574,cam_1_1690336256_20-50-56.jpg
660,487,1166.6328,609.9017,1716.7231,818.50195,cam_1_1690336256_20-50-56.jpg
660,494,2338.472,869.99585,3376.629,1542.229,cam_1_1690336256_20-50-56.jpg
660,484,1688.623,232.79932,1921.6226,391.6745,cam_1_1690336256_20-50-56.jpg
660,489,1392.2074,764.6899,2033.1605,1019.78424,cam_1_1690336256_20-50-56.jpg
661,358,1775.6565,457.99747,2262.1838,676.58594,cam_1_1690336286_20-51-26.jpg
661,466,1244.0615,678.0631,1844.8582,976.49225,cam_1_1690336286_20-51-26.jpg
661,429,982.8287,500.3958,1454.1018,662.29663,cam_1_1690336286_20-51-26.jpg
661,463,1078.4003,540.3666,1598.5887,744.4617,cam_1_1690336286_20-51-26.jpg
661,449,1457.2347,352.32245,1986.5221,587.75586,cam_1_1690336286_20-51-26.jpg
661,482,936.6939,445.27966,1398.1456,595.31464,cam_1_1690336286_20-51-26.jpg
661,483,1778.0413,263.14813,2071.6326,460.17313,cam_1_1690336286_20-51-26.jpg
661,439,2041.7148,566.82544,2540.0203,868.3308,cam_1_1690336286_20-51-26.jpg
661,487,1157.8174,607.8937,1721.4625,818.3551,cam_1_1690336286_20-51-26.jpg
661,494,2351.2505,876.513,3397.9214,1557.9108,cam_1_1690336286_20-51-26.jpg
661,496,1892.9126,507.29782,2413.1978,801.44434,cam_1_1690336286_20-51-26.jpg
661,484,1702.024,235.59349,1927.67,392.3569,cam_1_1690336286_20-51-26.jpg
661,489,1390.9341,766.5258,2038.7203,1020.9146,cam_1_1690336286_20-51-26.jpg
662,358,1758.5109,454.0526,2248.347,665.2855,cam_1_1690336376_20-52-56.jpg
662,466,1245.2341,676.0225,1837.5742,939.90485,cam_1_1690336376_20-52-56.jpg
662,463,988.5105,459.72202,1573.61,794.9759,cam_1_1690336376_20-52-56.jpg
662,449,1458.2339,353.91776,1985.5342,586.09644,cam_1_1690336376_20-52-56.jpg
662,483,1772.0746,264.4018,2082.0583,459.4761,cam_1_1690336376_20-52-56.jpg
662,439,2009.8018,570.3026,2542.3906,866.7028,cam_1_1690336376_20-52-56.jpg
662,487,1152.4077,607.16766,1728.7302,819.8533,cam_1_1690336376_20-52-56.jpg
662,494,2350.3953,877.0511,3438.3125,1531.9199,cam_1_1690336376_20-52-56.jpg
662,496,1861.406,501.77487,2421.004,772.7273,cam_1_1690336376_20-52-56.jpg
662,484,1704.3501,236.79028,1933.0863,391.167,cam_1_1690336376_20-52-56.jpg
662,489,1391.8206,765.3584,2042.6193,1021.207,cam_1_1690336376_20-52-56.jpg
662,457,711.24786,322.1067,997.1473,682.8283,cam_1_1690336376_20-52-56.jpg
663,358,1742.817,455.5149,2245.178,665.3794,cam_1_1690336451_20-54-11.jpg
663,466,1245.5293,674.66833,1833.6971,930.0483,cam_1_1690336451_20-54-11.jpg
663,463,965.3024,432.47504,1564.1205,814.20667,cam_1_1690336451_20-54-11.jpg
663,449,1459.5283,352.15424,1984.7539,586.9276,cam_1_1690336451_20-54-11.jpg
663,483,1757.4847,262.4853,2048.6602,456.2445,cam_1_1690336451_20-54-11.jpg
663,439,1989.0707,572.2098,2547.246,865.81683,cam_1_1690336451_20-54-11.jpg
663,487,1148.7831,604.8109,1737.2559,821.7247,cam_1_1690336451_20-54-11.jpg
663,494,2275.88,851.1474,3430.1636,1540.0577,cam_1_1690336451_20-54-11.jpg
663,496,1889.4675,501.834,2420.2507,755.1864,cam_1_1690336451_20-54-11.jpg
663,484,1705.0519,234.10078,1938.4907,388.11813,cam_1_1690336451_20-54-11.jpg
663,489,1390.149,764.4966,2038.2009,1022.2951,cam_1_1690336451_20-54-11.jpg
663,482,811.35406,324.54025,1336.8226,614.39404,cam_1_1690336451_20-54-11.jpg
664,358,1722.6493,459.90857,2254.7112,667.43353,cam_1_1690336481_20-54-41.jpg
664,466,1244.1022,674.8148,1827.7129,923.81683,cam_1_1690336481_20-54-41.jpg
664,463,956.11334,419.95547,1566.238,822.7912,cam_1_1690336481_20-54-41.jpg
664,449,1463.0905,352.27335,1984.2794,584.1391,cam_1_1690336481_20-54-41.jpg
664,483,1759.5259,261.8429,2040.3069,458.18625,cam_1_1690336481_20-54-41.jpg
664,439,1968.6332,574.4046,2546.1758,864.3066,cam_1_1690336481_20-54-41.jpg
664,487,1146.6108,604.3953,1737.9078,823.0313,cam_1_1690336481_20-54-41.jpg
664,494,2248.061,840.8352,3399.0242,1541.4614,cam_1_1690336481_20-54-41.jpg
664,496,1919.3859,504.02264,2464.2058,757.24115,cam_1_1690336481_20-54-41.jpg
664,484,1704.0154,233.26242,1943.7708,386.44394,cam_1_1690336481_20-54-41.jpg
664,489,1389.3539,762.7942,2036.5645,1024.3293,cam_1_1690336481_20-54-41.jpg
664,482,787.5325,299.95618,1329.4116,620.24854,cam_1_1690336481_20-54-41.jpg
665,358,1718.4697,452.7185,2254.8184,665.66425,cam_1_1690336586_20-56-26.jpg
665,466,1244.9348,670.11127,1840.7179,923.8458,cam_1_1690336586_20-56-26.jpg
665,463,954.81384,413.52386,1542.4723,827.975,cam_1_1690336586_20-56-26.jpg
665,449,1459.2834,349.32986,1986.7699,577.4157,cam_1_1690336586_20-56-26.jpg
665,483,1760.623,263.57968,2036.79,457.15234,cam_1_1690336586_20-56-26.jpg
665,439,1959.3367,574.50793,2545.9978,863.7181,cam_1_1690336586_20-56-26.jpg
665,487,1145.5077,604.62933,1731.2148,822.67676,cam_1_1690336586_20-56-26.jpg
665,494,2275.4102,849.3947,3409.5999,1533.953,cam_1_1690336586_20-56-26.jpg
665,496,1912.8604,499.93164,2466.2126,744.28,cam_1_1690336586_20-56-26.jpg
665,484,1702.0626,231.85838,1952.1725,383.75278,cam_1_1690336586_20-56-26.jpg
665,489,1389.7007,758.9428,2026.7416,1023.53613,cam_1_1690336586_20-56-26.jpg
665,482,779.10693,287.98865,1326.671,623.9337,cam_1_1690336586_20-56-26.jpg
666,358,1746.8275,453.0424,2270.8137,671.7345,cam_1_1690336616_20-56-56.jpg
666,466,1244.4382,671.63403,1848.7875,923.6049,cam_1_1690336616_20-56-56.jpg
666,463,954.38025,410.82916,1538.7567,827.96295,cam_1_1690336616_20-56-56.jpg
666,449,1459.5842,348.06192,1986.5806,577.9311,cam_1_1690336616_20-56-56.jpg
666,483,1754.466,261.84598,2031.6586,455.1949,cam_1_1690336616_20-56-56.jpg
666,439,1958.3743,572.5317,2546.7751,863.0259,cam_1_1690336616_20-56-56.jpg
666,487,1145.0203,603.98157,1728.9093,821.4205,cam_1_1690336616_20-56-56.jpg
666,494,2265.2585,850.9721,3393.0674,1542.2968,cam_1_1690336616_20-56-56.jpg
666,496,1912.4397,496.538,2470.3284,753.9473,cam_1_1690336616_20-56-56.jpg
666,484,1646.7024,233.07755,1921.2312,389.63498,cam_1_1690336616_20-56-56.jpg
666,489,1389.8276,759.419,2026.172,1023.86334,cam_1_1690336616_20-56-56.jpg
666,482,778.059,284.493,1322.5183,625.3711,cam_1_1690336616_20-56-56.jpg
667,358,1769.4973,445.6827,2317.341,669.43835,cam_1_1690336706_20-58-26.jpg
667,466,1244.2413,672.50305,1852.9742,924.0137,cam_1_1690336706_20-58-26.jpg
667,463,848.38544,401.33395,1448.2666,841.83215,cam_1_1690336706_20-58-26.jpg
667,449,1463.6768,349.47638,1988.3662,580.6631,cam_1_1690336706_20-58-26.jpg
667,483,1763.0266,261.4725,2040.2877,458.22726,cam_1_1690336706_20-58-26.jpg
667,439,1997.283,572.4111,2543.867,865.56177,cam_1_1690336706_20-58-26.jpg
667,487,1142.7998,602.40063,1738.7885,821.64795,cam_1_1690336706_20-58-26.jpg
667,494,2255.5325,846.95514,3389.044,1547.7428,cam_1_1690336706_20-58-26.jpg
667,496,1908.872,494.61334,2490.712,741.6523,cam_1_1690336706_20-58-26.jpg
667,484,1653.3257,230.55753,1923.0537,386.6704,cam_1_1690336706_20-58-26.jpg
667,489,1389.0939,762.3724,2033.9038,1024.9963,cam_1_1690336706_20-58-26.jpg
667,482,780.03394,280.5577,1350.4149,566.6545,cam_1_1690336706_20-58-26.jpg
668,466,1246.881,675.5952,1849.7216,922.87775,cam_1_1690336841_21-00-41.jpg
668,463,793.6412,403.26636,1403.8547,856.6728,cam_1_1690336841_21-00-41.jpg
668,449,1441.1625,332.18915,1922.2194,543.7054,cam_1_1690336841_21-00-41.jpg
668,483,1758.546,262.4532,2069.287,434.07318,cam_1_1690336841_21-00-41.jpg
668,439,1981.6971,571.9806,2539.15,864.65955,cam_1_1690336841_21-00-41.jpg
668,487,1145.562,604.2196,1734.0723,819.56586,cam_1_1690336841_21-00-41.jpg
668,494,2310.1545,872.18463,3462.8386,1523.4619,cam_1_1690336841_21-00-41.jpg
668,496,1929.9453,494.58716,2501.9001,735.6172,cam_1_1690336841_21-00-41.jpg
668,489,1389.0298,762.3493,2009.5895,1026.402,cam_1_1690336841_21-00-41.jpg
668,482,775.4488,277.9637,1326.0737,515.1499,cam_1_1690336841_21-00-41.jpg
668,448,1835.0967,374.75327,2172.051,580.4956,cam_1_1690336841_21-00-41.jpg
669,466,1246.2892,673.99243,1828.1342,921.4894,cam_1_1690337126_21-05-26.jpg
669,463,784.4822,402.52414,1366.2867,865.1174,cam_1_1690337126_21-05-26.jpg
669,449,1470.637,335.91763,1917.1488,538.873,cam_1_1690337126_21-05-26.jpg
669,439,1994.4396,573.10126,2543.8484,866.8896,cam_1_1690337126_21-05-26.jpg
669,487,1150.1744,601.79175,1734.455,820.0486,cam_1_1690337126_21-05-26.jpg
669,494,2309.5747,876.9301,3438.1138,1501.576,cam_1_1690337126_21-05-26.jpg
669,489,1388.8636,761.8505,2022.2336,1024.493,cam_1_1690337126_21-05-26.jpg
669,482,781.41736,278.17145,1342.7692,496.39218,cam_1_1690337126_21-05-26.jpg
669,500,1644.043,540.3428,1976.545,679.5105,cam_1_1690337126_21-05-26.jpg
669,471,1724.6616,262.5161,2082.4685,490.3406,cam_1_1690337126_21-05-26.jpg
669,467,1814.8636,644.4289,2186.123,857.6329,cam_1_1690337126_21-05-26.jpg
670,466,1245.6042,679.39215,1810.9716,920.945,cam_1_1690337396_21-09-56.jpg
670,463,877.5888,423.49097,1380.087,709.9369,cam_1_1690337396_21-09-56.jpg
670,439,2016.9891,574.71313,2550.2207,872.4483,cam_1_1690337396_21-09-56.jpg
670,487,1152.792,608.42615,1724.9648,818.34204,cam_1_1690337396_21-09-56.jpg
670,494,2337.0632,881.79254,3457.886,1491.7772,cam_1_1690337396_21-09-56.jpg
670,489,1390.0973,759.7628,2017.8704,1023.3518,cam_1_1690337396_21-09-56.jpg
670,482,779.4166,259.49945,1323.2692,543.6867,cam_1_1690337396_21-09-56.jpg
670,500,1649.4348,540.76447,1970.7816,683.52124,cam_1_1690337396_21-09-56.jpg
670,503,1155.7646,535.9657,1567.167,714.5049,cam_1_1690337396_21-09-56.jpg
670,471,1763.512,268.15955,2093.0903,493.80463,cam_1_1690337396_21-09-56.jpg
670,467,1822.7771,639.38245,2184.8408,862.3313,cam_1_1690337396_21-09-56.jpg
670,429,975.79065,498.32144,1477.4609,688.0372,cam_1_1690337396_21-09-56.jpg
670,457,401.00064,249.91054,852.01276,565.7764,cam_1_1690337396_21-09-56.jpg
671,466,1243.3313,677.0945,1806.9323,921.9669,cam_1_1690337636_21-13-56.jpg
671,463,914.3969,434.8758,1389.2507,635.549,cam_1_1690337636_21-13-56.jpg
671,439,2045.5643,570.57416,2555.0674,879.2351,cam_1_1690337636_21-13-56.jpg
671,487,1157.5726,608.51166,1721.327,816.018,cam_1_1690337636_21-13-56.jpg
671,489,1390.5021,761.86304,2024.001,1023.0848,cam_1_1690337636_21-13-56.jpg
671,482,773.39703,252.39912,1322.7765,557.1105,cam_1_1690337636_21-13-56.jpg
671,500,1643.8058,542.937,1987.0856,681.7229,cam_1_1690337636_21-13-56.jpg
671,503,1159.5646,545.6152,1575.401,727.3545,cam_1_1690337636_21-13-56.jpg
671,471,1776.3425,270.36426,2096.7375,495.26514,cam_1_1690337636_21-13-56.jpg
671,467,1818.239,645.77954,2201.15,873.9159,cam_1_1690337636_21-13-56.jpg
671,429,974.3994,495.5145,1474.5848,688.40753,cam_1_1690337636_21-13-56.jpg
672,466,1244.8462,678.87006,1804.187,921.4903,cam_1_1690337816_21-16-56.jpg
672,463,926.6006,438.20853,1393.4708,609.0937,cam_1_1690337816_21-16-56.jpg
672,439,2048.8027,572.6091,2560.722,879.38605,cam_1_1690337816_21-16-56.jpg
672,487,1156.7334,607.92926,1715.1818,815.9527,cam_1_1690337816_21-16-56.jpg
672,489,1392.9596,768.2473,2009.5789,1021.47705,cam_1_1690337816_21-16-56.jpg
672,482,813.465,340.19128,1316.5176,550.7769,cam_1_1690337816_21-16-56.jpg
672,500,1647.4736,542.7784,1974.9482,680.6059,cam_1_1690337816_21-16-56.jpg
672,503,1160.3997,550.0869,1574.2615,726.1097,cam_1_1690337816_21-16-56.jpg
672,467,1824.3972,646.89154,2206.7957,873.6205,cam_1_1690337816_21-16-56.jpg
672,429,977.81805,494.49258,1477.1095,687.57666,cam_1_1690337816_21-16-56.jpg
672,504,243.90108,269.83328,487.44998,653.6346,cam_1_1690337816_21-16-56.jpg
672,505,3566.9592,754.3894,3850.229,1193.5078,cam_1_1690337816_21-16-56.jpg
673,466,1245.0293,680.27795,1797.738,921.4568,cam_1_1690337951_21-19-11.jpg
673,463,925.73376,439.06268,1396.6168,605.8756,cam_1_1690337951_21-19-11.jpg
673,439,1999.4233,571.1432,2562.8938,874.573,cam_1_1690337951_21-19-11.jpg
673,487,1158.1945,609.2209,1716.632,817.4198,cam_1_1690337951_21-19-11.jpg
673,489,1389.8982,766.1569,2019.6826,1022.11914,cam_1_1690337951_21-19-11.jpg
673,482,831.0973,383.7395,1328.4623,550.5893,cam_1_1690337951_21-19-11.jpg
673,500,1650.0544,544.37775,1976.2317,681.15717,cam_1_1690337951_21-19-11.jpg
673,503,1162.1123,550.2395,1572.4779,724.7479,cam_1_1690337951_21-19-11.jpg
673,467,1825.6162,652.28046,2191.421,867.2587,cam_1_1690337951_21-19-11.jpg
673,429,977.8311,496.41022,1475.0706,689.6518,cam_1_1690337951_21-19-11.jpg
673,504,252.76459,277.20892,576.8056,664.77094,cam_1_1690337951_21-19-11.jpg
673,505,3568.2793,745.45544,3842.3018,1217.7671,cam_1_1690337951_21-19-11.jpg
673,494,2638.5327,833.0317,3362.5205,1507.1764,cam_1_1690337951_21-19-11.jpg
674,466,1150.6858,578.1084,1818.1243,972.16626,cam_1_1690338056_21-20-56.jpg
674,463,928.6347,439.08966,1397.2511,604.24426,cam_1_1690338056_21-20-56.jpg
674,439,1984.3029,569.9928,2568.357,877.5098,cam_1_1690338056_21-20-56.jpg
674,489,1394.0249,768.7979,2028.6202,1023.50104,cam_1_1690338056_21-20-56.jpg
674,482,837.0961,397.9157,1336.9358,553.1863,cam_1_1690338056_21-20-56.jpg
674,467,1817.605,666.4891,2195.3916,872.1617,cam_1_1690338056_21-20-56.jpg
674,429,977.7673,499.10455,1466.2343,686.57983,cam_1_1690338056_21-20-56.jpg
674,504,240.88779,281.59525,629.23553,668.7762,cam_1_1690338056_21-20-56.jpg
674,505,3424.0188,700.19385,3791.364,1136.4097,cam_1_1690338056_21-20-56.jpg
674,494,2678.7812,823.8574,3522.524,1487.6589,cam_1_1690338056_21-20-56.jpg
675,466,1125.3473,545.0672,1811.02,925.9013,cam_1_1690338461_21-27-41.jpg
675,463,928.1889,439.9276,1386.1088,605.4436,cam_1_1690338461_21-27-41.jpg
675,482,841.2185,401.3033,1334.3657,557.02374,cam_1_1690338461_21-27-41.jpg
675,467,1900.9218,668.0831,2238.1426,867.6638,cam_1_1690338461_21-27-41.jpg
675,429,963.8575,498.04257,1474.5151,696.81854,cam_1_1690338461_21-27-41.jpg
675,444,1092.6152,653.5775,2057.2244,1213.8065,cam_1_1690338461_21-27-41.jpg
675,448,1749.8958,387.41022,2092.171,607.7235,cam_1_1690338461_21-27-41.jpg
675,500,1636.3889,524.483,1982.1394,672.0821,cam_1_1690338461_21-27-41.jpg
676,466,1122.8394,530.10736,1828.461,864.4527,cam_1_1690338506_21-28-26.jpg
676,463,931.81757,450.459,1404.7115,611.74286,cam_1_1690338506_21-28-26.jpg
676,482,837.3291,403.79935,1330.4503,559.6232,cam_1_1690338506_21-28-26.jpg
676,467,1867.0964,670.05023,2252.6523,865.6188,cam_1_1690338506_21-28-26.jpg
676,429,996.06287,495.8812,1469.8029,665.2141,cam_1_1690338506_21-28-26.jpg
676,507,381.28665,632.9073,1077.269,1231.2322,cam_1_1690338506_21-28-26.jpg
676,444,897.1878,617.69653,1723.0746,1178.108,cam_1_1690338506_21-28-26.jpg
676,448,1739.773,389.43997,2088.7395,609.8226,cam_1_1690338506_21-28-26.jpg
676,500,1643.493,521.86145,1984.7157,675.5961,cam_1_1690338506_21-28-26.jpg
676,489,1421.9626,768.2449,2047.0255,1023.644,cam_1_1690338506_21-28-26.jpg
676,504,280.4294,419.26,649.197,754.7587,cam_1_1690338506_21-28-26.jpg
677,466,1121.2725,526.192,1830.7498,841.563,cam_1_1690338521_21-28-41.jpg
677,463,925.11163,448.0866,1402.6656,612.00854,cam_1_1690338521_21-28-41.jpg
677,482,835.4567,405.853,1326.4807,561.7992,cam_1_1690338521_21-28-41.jpg
677,467,1854.5879,670.7817,2258.254,865.9691,cam_1_1690338521_21-28-41.jpg
677,429,985.9146,493.16483,1467.9218,650.72864,cam_1_1690338521_21-28-41.jpg
677,507,380.12848,602.1886,962.72864,1254.9738,cam_1_1690338521_21-28-41.jpg
677,444,812.5362,607.3015,1612.8164,1168.3687,cam_1_1690338521_21-28-41.jpg
677,448,1736.9092,391.50424,2065.035,601.77026,cam_1_1690338521_21-28-41.jpg
677,500,1648.4407,523.54895,1996.3044,679.60785,cam_1_1690338521_21-28-41.jpg
677,489,1420.3624,768.2696,2055.695,1024.4685,cam_1_1690338521_21-28-41.jpg
677,504,312.43802,459.76367,644.7139,822.764,cam_1_1690338521_21-28-41.jpg
678,466,1120.9546,525.162,1840.2068,803.71844,cam_1_1690338551_21-29-11.jpg
678,463,926.01434,441.28897,1393.7672,608.20355,cam_1_1690338551_21-29-11.jpg
678,482,840.3985,402.07904,1335.1335,560.1441,cam_1_1690338551_21-29-11.jpg
678,467,1863.5215,672.3047,2262.6,865.0796,cam_1_1690338551_21-29-11.jpg
678,429,971.40594,494.57364,1469.9117,672.2093,cam_1_1690338551_21-29-11.jpg
678,507,407.77875,613.89716,929.996,1266.7021,cam_1_1690338551_21-29-11.jpg
678,448,1733.8165,380.80856,2049.701,577.7032,cam_1_1690338551_21-29-11.jpg
678,500,1636.2972,523.519,1993.8833,680.2379,cam_1_1690338551_21-29-11.jpg
678,489,1229.5491,708.24176,2079.913,1174.3848,cam_1_1690338551_21-29-11.jpg
678,504,308.87054,468.37985,645.53485,868.06287,cam_1_1690338551_21-29-11.jpg
679,466,1117.9972,523.83563,1846.2252,794.81085,cam_1_1690338566_21-29-26.jpg
679,463,928.1338,438.82547,1387.9016,604.53064,cam_1_1690338566_21-29-26.jpg
679,482,841.62146,403.65024,1344.8972,561.6054,cam_1_1690338566_21-29-26.jpg
679,467,1860.7971,670.6484,2263.3923,865.0044,cam_1_1690338566_21-29-26.jpg
679,429,962.1429,495.0653,1470.9381,677.69446,cam_1_1690338566_21-29-26.jpg
679,507,362.38977,613.0204,924.23474,1268.5465,cam_1_1690338566_21-29-26.jpg
679,448,1733.6171,379.1555,2046.5873,570.37177,cam_1_1690338566_21-29-26.jpg
679,500,1630.0847,521.9593,1992.829,679.3481,cam_1_1690338566_21-29-26.jpg
679,489,1157.6066,690.54846,2081.0002,1223.686,cam_1_1690338566_21-29-26.jpg
679,504,319.95782,478.00168,658.68036,863.3933,cam_1_1690338566_21-29-26.jpg
680,466,1111.8275,522.01917,1824.233,928.5838,cam_1_1690338671_21-31-11.jpg
680,463,940.7257,437.45782,1381.7964,604.8085,cam_1_1690338671_21-31-11.jpg
680,482,895.8263,401.656,1330.7129,551.21075,cam_1_1690338671_21-31-11.jpg
680,429,967.11633,497.05215,1462.172,685.26025,cam_1_1690338671_21-31-11.jpg
680,500,1643.3215,525.09174,1991.8099,677.52386,cam_1_1690338671_21-31-11.jpg
680,489,1514.3351,656.2377,2300.0266,1235.3938,cam_1_1690338671_21-31-11.jpg
680,504,319.43622,526.74384,694.6425,1050.2024,cam_1_1690338671_21-31-11.jpg
680,449,1664.8085,336.46335,1906.322,508.7844,cam_1_1690338671_21-31-11.jpg
681,466,1088.0188,519.4906,1823.0138,972.9611,cam_1_1690338776_21-32-56.jpg
681,463,937.67053,436.01535,1382.9807,597.2673,cam_1_1690338776_21-32-56.jpg
681,482,860.6064,403.9081,1330.3894,559.07733,cam_1_1690338776_21-32-56.jpg
681,429,963.7336,489.6724,1448.8386,668.39343,cam_1_1690338776_21-32-56.jpg
681,500,1653.4823,531.9746,1992.7107,682.4662,cam_1_1690338776_21-32-56.jpg
681,489,1424.392,719.129,2113.341,1117.7308,cam_1_1690338776_21-32-56.jpg
681,504,366.2727,512.7314,693.9928,1069.247,cam_1_1690338776_21-32-56.jpg
681,449,1665.2604,333.05606,1884.4395,512.74805,cam_1_1690338776_21-32-56.jpg
681,439,2128.4802,616.60077,2654.043,1098.025,cam_1_1690338776_21-32-56.jpg
681,467,1842.0765,671.2741,2221.3572,864.63104,cam_1_1690338776_21-32-56.jpg
682,466,1145.4452,608.30054,1853.39,954.6205,cam_1_1690339046_21-37-26.jpg
682,482,841.452,344.94412,1311.0591,651.7021,cam_1_1690339046_21-37-26.jpg
682,429,977.1138,490.25375,1470.4303,678.8723,cam_1_1690339046_21-37-26.jpg
682,500,1656.1589,532.6108,1997.9999,683.3476,cam_1_1690339046_21-37-26.jpg
682,489,1391.8971,747.3104,2034.8019,1059.938,cam_1_1690339046_21-37-26.jpg
682,449,1642.9637,336.42596,1866.7743,513.8402,cam_1_1690339046_21-37-26.jpg
682,513,634.54407,250.97719,1006.71155,576.4999,cam_1_1690339046_21-37-26.jpg
682,439,2246.6064,622.32446,2718.7026,1126.3463,cam_1_1690339046_21-37-26.jpg
682,467,1862.8002,671.85645,2249.4104,867.4821,cam_1_1690339046_21-37-26.jpg
682,487,1157.4723,619.24255,1723.6141,810.6274,cam_1_1690339046_21-37-26.jpg
682,503,1157.7207,543.50415,1581.6803,718.5601,cam_1_1690339046_21-37-26.jpg
683,466,1168.1232,651.459,1863.9111,944.96173,cam_1_1690339061_21-37-41.jpg
683,482,836.4927,327.61566,1297.9983,682.82166,cam_1_1690339061_21-37-41.jpg
683,429,984.33136,489.95395,1475.7631,682.9646,cam_1_1690339061_21-37-41.jpg
683,500,1657.4697,533.4518,2001.9613,684.35693,cam_1_1690339061_21-37-41.jpg
683,489,1383.3429,755.7749,2014.2587,1041.4207,cam_1_1690339061_21-37-41.jpg
683,449,1624.9751,319.2715,1812.7523,497.18414,cam_1_1690339061_21-37-41.jpg
683,513,617.59924,249.50269,1043.66,573.63165,cam_1_1690339061_21-37-41.jpg
683,439,2305.2598,631.0443,2686.348,1137.5356,cam_1_1690339061_21-37-41.jpg
683,467,1870.6024,668.83496,2253.8687,868.6951,cam_1_1690339061_21-37-41.jpg
683,487,1162.6162,617.8677,1722.7936,808.5484,cam_1_1690339061_21-37-41.jpg
683,503,1160.443,542.82007,1578.7251,720.3277,cam_1_1690339061_21-37-41.jpg
684,466,1178.189,665.4706,1864.3397,941.0475,cam_1_1690339181_21-39-41.jpg
684,482,835.5725,318.0255,1339.4548,699.90875,cam_1_1690339181_21-39-41.jpg
684,429,983.6269,489.16806,1494.5994,687.7689,cam_1_1690339181_21-39-41.jpg
684,500,1657.1399,533.83905,2005.6493,684.5643,cam_1_1690339181_21-39-41.jpg
684,489,1378.8983,756.7374,2004.7002,1035.3708,cam_1_1690339181_21-39-41.jpg
684,513,599.11945,247.34651,1042.048,577.6276,cam_1_1690339181_21-39-41.jpg
684,467,1859.9755,669.3032,2257.2075,865.52966,cam_1_1690339181_21-39-41.jpg
684,487,1162.2185,616.70886,1729.7719,808.75354,cam_1_1690339181_21-39-41.jpg
684,503,1165.5376,545.9023,1584.385,722.4031,cam_1_1690339181_21-39-41.jpg
685,466,1180.7977,671.0823,1869.6201,942.4806,cam_1_1690339481_21-44-41.jpg
685,482,826.1528,281.59866,1304.0057,624.999,cam_1_1690339481_21-44-41.jpg
685,429,976.7942,495.59375,1480.5109,685.7893,cam_1_1690339481_21-44-41.jpg
685,500,1651.7749,537.0683,2005.2645,684.38025,cam_1_1690339481_21-44-41.jpg
685,489,1378.9117,759.6284,1996.1549,1034.8723,cam_1_1690339481_21-44-41.jpg
685,513,676.8554,228.17204,1082.7225,526.103,cam_1_1690339481_21-44-41.jpg
685,467,1853.8485,670.4779,2256.8909,863.18854,cam_1_1690339481_21-44-41.jpg
685,487,1167.0538,619.73016,1740.1982,808.82306,cam_1_1690339481_21-44-41.jpg
685,503,1171.3679,548.1489,1585.0938,721.569,cam_1_1690339481_21-44-41.jpg
685,471,1658.65,231.05167,1883.2802,404.31808,cam_1_1690339481_21-44-41.jpg
685,463,934.5473,443.55423,1382.3319,604.1877,cam_1_1690339481_21-44-41.jpg
685,449,1502.0754,267.66312,1800.9092,461.29965,cam_1_1690339481_21-44-41.jpg
686,466,1182.9943,675.1039,1875.439,943.4531,cam_1_1690339526_21-45-26.jpg
686,482,819.1742,268.55963,1288.1042,596.37146,cam_1_1690339526_21-45-26.jpg
686,429,976.0234,497.34494,1477.873,686.4836,cam_1_1690339526_21-45-26.jpg
686,500,1651.65,538.8361,2005.19,684.86755,cam_1_1690339526_21-45-26.jpg
686,489,1380.0977,761.5179,1992.9076,1033.872,cam_1_1690339526_21-45-26.jpg
686,513,704.41766,218.9325,1119.4744,518.0566,cam_1_1690339526_21-45-26.jpg
686,467,1851.2501,669.438,2256.869,862.1435,cam_1_1690339526_21-45-26.jpg
686,487,1166.2856,618.44556,1736.657,806.23895,cam_1_1690339526_21-45-26.jpg
686,503,1170.3702,546.0529,1581.9982,722.9645,cam_1_1690339526_21-45-26.jpg
686,516,315.14316,294.8473,761.137,662.6237,cam_1_1690339526_21-45-26.jpg
686,471,1652.3704,228.80748,1867.2985,392.9659,cam_1_1690339526_21-45-26.jpg
686,463,936.34467,442.75867,1381.2931,606.40735,cam_1_1690339526_21-45-26.jpg
686,449,1474.7931,256.54788,1816.7028,454.8762,cam_1_1690339526_21-45-26.jpg
687,466,1185.0981,678.31647,1877.83,945.1938,cam_1_1690339616_21-46-56.jpg
687,482,821.89856,265.7031,1277.1506,580.7144,cam_1_1690339616_21-46-56.jpg
687,429,979.196,496.55606,1475.0688,685.1298,cam_1_1690339616_21-46-56.jpg
687,500,1650.5265,538.4907,2002.3329,682.8892,cam_1_1690339616_21-46-56.jpg
687,489,1380.5942,762.1282,1989.3977,1034.0063,cam_1_1690339616_21-46-56.jpg
687,513,716.4734,216.75987,1134.0021,522.6792,cam_1_1690339616_21-46-56.jpg
687,467,1850.6533,669.2324,2257.0745,858.40186,cam_1_1690339616_21-46-56.jpg
687,487,1168.5074,619.60596,1740.8806,808.52844,cam_1_1690339616_21-46-56.jpg
687,503,1173.8402,544.859,1580.9215,723.88135,cam_1_1690339616_21-46-56.jpg
687,516,264.08374,327.87033,598.8753,724.18805,cam_1_1690339616_21-46-56.jpg
687,471,1647.9022,229.10333,1865.9767,396.45697,cam_1_1690339616_21-46-56.jpg
687,463,938.43146,442.67502,1381.4398,606.8766,cam_1_1690339616_21-46-56.jpg
687,449,1451.3789,250.22284,1825.457,454.16992,cam_1_1690339616_21-46-56.jpg
688,466,1184.9263,678.52405,1879.6295,943.7873,cam_1_1690339901_21-51-41.jpg
688,482,806.23505,259.60403,1277.9647,575.4169,cam_1_1690339901_21-51-41.jpg
688,429,982.7353,500.09415,1472.6757,685.69073,cam_1_1690339901_21-51-41.jpg
688,500,1657.136,539.41583,2003.1047,684.98956,cam_1_1690339901_21-51-41.jpg
688,489,1381.0825,759.71387,1986.7655,1029.6243,cam_1_1690339901_21-51-41.jpg
688,467,1854.7091,666.4046,2254.3748,856.44714,cam_1_1690339901_21-51-41.jpg
688,487,1168.5012,620.25104,1739.0475,807.1553,cam_1_1690339901_21-51-41.jpg
688,503,1173.0621,546.5274,1575.4198,722.23456,cam_1_1690339901_21-51-41.jpg
688,463,940.1358,442.471,1377.576,607.39105,cam_1_1690339901_21-51-41.jpg
688,449,1446.7207,251.16638,1834.351,460.71774,cam_1_1690339901_21-51-41.jpg
688,358,2073.44,351.48492,2445.866,607.3197,cam_1_1690339901_21-51-41.jpg
689,466,1189.1377,680.12366,1884.0953,941.768,cam_1_1690339961_21-52-41.jpg
689,482,802.5822,259.37668,1274.9012,574.7855,cam_1_1690339961_21-52-41.jpg
689,429,983.7031,500.28268,1473.6934,683.35547,cam_1_1690339961_21-52-41.jpg
689,500,1653.731,539.55176,1998.6215,686.7709,cam_1_1690339961_21-52-41.jpg
689,489,1381.2808,760.521,1975.2606,1028.715,cam_1_1690339961_21-52-41.jpg
689,467,1860.529,664.5538,2249.0168,858.2531,cam_1_1690339961_21-52-41.jpg
689,487,1165.6594,619.5431,1742.7925,807.77313,cam_1_1690339961_21-52-41.jpg
689,503,1167.1896,543.9586,1569.6216,722.277,cam_1_1690339961_21-52-41.jpg
689,463,941.1167,441.34894,1370.7041,606.4667,cam_1_1690339961_21-52-41.jpg
689,449,1446.1692,250.51123,1839.3628,463.41568,cam_1_1690339961_21-52-41.jpg
689,517,2228.6414,942.80884,3369.8564,1556.695,cam_1_1690339961_21-52-41.jpg
689,518,1027.1405,224.86449,1464.2904,400.10254,cam_1_1690339961_21-52-41.jpg
689,358,2087.102,352.5577,2448.4834,608.2941,cam_1_1690339961_21-52-41.jpg
690,466,1186.5216,676.4136,1887.0778,942.4568,cam_1_1690340021_21-53-41.jpg
690,482,799.3019,260.4113,1283.157,574.3513,cam_1_1690340021_21-53-41.jpg
690,429,983.66656,498.56943,1477.3024,684.49896,cam_1_1690340021_21-53-41.jpg
690,500,1650.8273,540.0519,1994.9225,685.70264,cam_1_1690340021_21-53-41.jpg
690,489,1379.5714,762.43646,1962.6294,1030.73,cam_1_1690340021_21-53-41.jpg
690,467,1860.5352,664.0427,2247.289,859.8502,cam_1_1690340021_21-53-41.jpg
690,487,1164.3717,618.4032,1753.9448,810.5701,cam_1_1690340021_21-53-41.jpg
690,503,1165.2415,543.49023,1572.4011,724.1623,cam_1_1690340021_21-53-41.jpg
690,463,936.5431,441.58707,1372.7168,608.0107,cam_1_1690340021_21-53-41.jpg
690,449,1454.3196,249.26619,1836.1559,459.764,cam_1_1690340021_21-53-41.jpg
690,517,2250.5383,941.11456,3340.362,1524.6964,cam_1_1690340021_21-53-41.jpg
690,358,2099.5083,354.95563,2453.7727,610.8612,cam_1_1690340021_21-53-41.jpg
691,466,1185.2936,673.38416,1888.579,940.7662,cam_1_1690340291_21-58-11.jpg
691,482,800.95667,260.22183,1292.4558,572.2608,cam_1_1690340291_21-58-11.jpg
691,429,984.0295,497.12128,1480.303,686.08563,cam_1_1690340291_21-58-11.jpg
691,500,1654.8251,538.1891,2003.943,686.38513,cam_1_1690340291_21-58-11.jpg
691,489,1383.1182,760.53894,1968.1161,1034.8309,cam_1_1690340291_21-58-11.jpg
691,467,1874.3511,669.2837,2252.0117,862.664,cam_1_1690340291_21-58-11.jpg
691,487,1165.5408,614.6781,1752.7003,811.3641,cam_1_1690340291_21-58-11.jpg
691,503,1165.1252,540.5593,1573.1532,727.09674,cam_1_1690340291_21-58-11.jpg
691,463,939.4575,438.48468,1371.9802,609.3778,cam_1_1690340291_21-58-11.jpg
691,449,1448.5059,248.52599,1840.2074,462.49722,cam_1_1690340291_21-58-11.jpg
691,496,2185.7483,385.39197,2585.432,655.4587,cam_1_1690340291_21-58-11.jpg
691,494,3449.306,718.1057,3761.5632,1180.185,cam_1_1690340291_21-58-11.jpg
692,466,1195.4241,670.10944,1866.0547,940.6341,cam_1_1690340846_22-07-26.jpg
692,482,845.73914,351.92764,1273.4994,560.77594,cam_1_1690340846_22-07-26.jpg
692,429,986.84973,490.38757,1484.2146,689.34595,cam_1_1690340846_22-07-26.jpg
692,500,1637.4552,536.87054,1994.6514,685.9169,cam_1_1690340846_22-07-26.jpg
692,489,1385.6912,764.1472,1973.3547,1038.6959,cam_1_1690340846_22-07-26.jpg
692,467,1852.2013,661.2995,2242.72,823.40137,cam_1_1690340846_22-07-26.jpg
692,487,1206.1552,610.60767,1736.4658,804.0518,cam_1_1690340846_22-07-26.jpg
692,503,1164.3986,539.22235,1568.7084,751.3886,cam_1_1690340846_22-07-26.jpg
692,463,937.89233,445.00235,1361.4058,608.4212,cam_1_1690340846_22-07-26.jpg
692,449,1400.1621,286.58344,1818.7992,461.63748,cam_1_1690340846_22-07-26.jpg
692,448,1542.0593,370.23688,1970.6854,554.5556,cam_1_1690340846_22-07-26.jpg
692,518,1198.2631,255.2187,1602.592,393.92172,cam_1_1690340846_22-07-26.jpg
693,466,1198.8419,667.9594,1847.6346,939.78705,cam_1_1690340861_22-07-41.jpg
693,482,867.59674,393.1204,1272.1285,554.0169,cam_1_1690340861_22-07-41.jpg
693,429,983.23846,487.09692,1485.5758,688.3664,cam_1_1690340861_22-07-41.jpg
693,500,1630.5548,536.3627,1995.5521,687.75464,cam_1_1690340861_22-07-41.jpg
693,489,1387.1661,765.2382,1983.2472,1039.6406,cam_1_1690340861_22-07-41.jpg
693,467,1842.6028,659.039,2236.7805,808.4616,cam_1_1690340861_22-07-41.jpg
693,487,1217.5934,607.9296,1726.1935,802.52185,cam_1_1690340861_22-07-41.jpg
693,503,1160.5295,537.8576,1568.7255,757.9131,cam_1_1690340861_22-07-41.jpg
693,463,940.80865,448.51636,1357.4392,607.28015,cam_1_1690340861_22-07-41.jpg
693,521,2584.2654,463.05426,2788.2974,800.2227,cam_1_1690340861_22-07-41.jpg
693,522,1987.0636,727.4819,2468.6902,899.28064,cam_1_1690340861_22-07-41.jpg
693,448,1521.1777,363.16714,1971.0963,555.38226,cam_1_1690340861_22-07-41.jpg
693,518,1230.6337,263.6093,1624.073,404.07907,cam_1_1690340861_22-07-41.jpg
693,471,1647.6226,251.94923,1788.9069,394.1986,cam_1_1690340861_22-07-41.jpg
694,466,1200.9133,668.2453,1857.2642,938.05414,cam_1_1690340996_22-09-56.jpg
694,482,870.5185,404.15002,1275.8451,554.596,cam_1_1690340996_22-09-56.jpg
694,429,980.1173,486.74017,1482.6405,686.1747,cam_1_1690340996_22-09-56.jpg
694,500,1629.1423,537.1174,1992.7843,688.6396,cam_1_1690340996_22-09-56.jpg
694,489,1386.5548,767.0357,1994.8983,1039.6874,cam_1_1690340996_22-09-56.jpg
694,467,1841.1436,656.361,2237.746,802.8337,cam_1_1690340996_22-09-56.jpg
694,487,1223.0485,610.0997,1715.4363,800.6113,cam_1_1690340996_22-09-56.jpg
694,503,1156.3562,537.1011,1561.981,762.24805,cam_1_1690340996_22-09-56.jpg
694,463,937.24255,451.933,1353.3724,608.2179,cam_1_1690340996_22-09-56.jpg
694,521,2575.3625,461.1489,2774.7825,802.30835,cam_1_1690340996_22-09-56.jpg
694,522,1986.1835,726.7196,2465.6306,898.72656,cam_1_1690340996_22-09-56.jpg
694,448,1572.0835,361.90704,2005.0514,554.64526,cam_1_1690340996_22-09-56.jpg
694,518,1155.1782,244.74261,1547.8745,391.80365,cam_1_1690340996_22-09-56.jpg
694,471,1658.9987,247.55365,1848.0961,390.49078,cam_1_1690340996_22-09-56.jpg
695,466,1199.6437,669.11633,1870.8257,939.0419,cam_1_1690341176_22-12-56.jpg
695,482,874.9868,406.40543,1257.0,552.34204,cam_1_1690341176_22-12-56.jpg
695,429,976.1927,487.3753,1481.6073,685.2536,cam_1_1690341176_22-12-56.jpg
695,500,1634.6614,538.2275,1961.1924,684.5768,cam_1_1690341176_22-12-56.jpg
695,489,1384.3888,766.60333,2020.725,1040.5933,cam_1_1690341176_22-12-56.jpg
695,467,1840.7281,543.63275,2325.1653,778.324,cam_1_1690341176_22-12-56.jpg
695,487,1220.9536,612.0634,1712.1028,802.65607,cam_1_1690341176_22-12-56.jpg
695,503,1156.1584,537.9308,1559.1254,761.88354,cam_1_1690341176_22-12-56.jpg
695,463,932.239,449.69144,1352.8945,605.9294,cam_1_1690341176_22-12-56.jpg
695,522,1972.8218,728.3989,2468.0574,903.0237,cam_1_1690341176_22-12-56.jpg
695,448,1675.6539,292.2801,2004.7881,499.38675,cam_1_1690341176_22-12-56.jpg
695,518,1170.3575,222.60748,1461.6245,372.02155,cam_1_1690341176_22-12-56.jpg
695,513,961.3628,203.34161,1181.777,411.16922,cam_1_1690341176_22-12-56.jpg
696,466,1197.9271,668.7532,1890.9744,941.75244,cam_1_1690341296_22-14-56.jpg
696,482,876.99243,407.84848,1272.4714,553.9523,cam_1_1690341296_22-14-56.jpg
696,429,979.86395,488.72296,1480.3457,686.91394,cam_1_1690341296_22-14-56.jpg
696,500,1637.8086,540.6891,1969.0692,689.5968,cam_1_1690341296_22-14-56.jpg
696,489,1388.9785,773.5672,2018.9236,1038.8953,cam_1_1690341296_22-14-56.jpg
696,467,1843.5931,514.22003,2366.7463,781.6812,cam_1_1690341296_22-14-56.jpg
696,487,1220.817,612.47064,1707.9673,803.556,cam_1_1690341296_22-14-56.jpg
696,503,1156.5057,538.945,1562.567,761.9164,cam_1_1690341296_22-14-56.jpg
696,463,932.6713,450.04987,1356.457,608.48096,cam_1_1690341296_22-14-56.jpg
696,522,1942.1776,730.1382,2465.3962,902.547,cam_1_1690341296_22-14-56.jpg
696,448,1758.0485,272.5535,2095.3035,492.89487,cam_1_1690341296_22-14-56.jpg
696,518,1196.5878,217.53407,1438.5107,373.83258,cam_1_1690341296_22-14-56.jpg
696,471,1628.9535,232.00516,1859.5052,406.72467,cam_1_1690341296_22-14-56.jpg
697,466,1199.9443,669.582,1886.9636,940.36584,cam_1_1690341401_22-16-41.jpg
697,482,773.6682,317.3865,1226.8671,608.066,cam_1_1690341401_22-16-41.jpg
697,429,981.23676,491.71606,1483.9025,690.80975,cam_1_1690341401_22-16-41.jpg
697,500,1638.5469,537.2966,1970.2292,680.5286,cam_1_1690341401_22-16-41.jpg
697,489,1382.2207,770.841,2005.3124,1038.6492,cam_1_1690341401_22-16-41.jpg
697,467,1842.885,505.0926,2382.6985,774.67816,cam_1_1690341401_22-16-41.jpg
697,487,1220.1877,613.4774,1712.5979,799.2446,cam_1_1690341401_22-16-41.jpg
697,503,1153.7621,542.5384,1564.7693,763.9111,cam_1_1690341401_22-16-41.jpg
697,463,933.0638,446.34702,1359.2026,612.4493,cam_1_1690341401_22-16-41.jpg
697,522,1940.4094,728.2818,2469.0845,903.00745,cam_1_1690341401_22-16-41.jpg
697,448,1799.1251,274.6535,2129.683,495.88263,cam_1_1690341401_22-16-41.jpg
697,471,1626.3379,231.01053,1839.3667,394.26437,cam_1_1690341401_22-16-41.jpg
698,466,1204.7985,669.91736,1884.1443,937.54584,cam_1_1690341446_22-17-26.jpg
698,482,846.18365,354.53278,1269.297,586.7902,cam_1_1690341446_22-17-26.jpg
698,429,985.6182,489.85593,1492.5422,693.43134,cam_1_1690341446_22-17-26.jpg
698,500,1635.8864,537.3904,1962.3518,679.4625,cam_1_1690341446_22-17-26.jpg
698,489,1380.3152,772.3457,1998.8352,1039.4558,cam_1_1690341446_22-17-26.jpg
698,467,1834.7096,509.07788,2356.0645,775.3329,cam_1_1690341446_22-17-26.jpg
698,487,1221.8765,613.72766,1708.109,798.7498,cam_1_1690341446_22-17-26.jpg
698,503,1158.3949,539.2558,1566.9216,765.2389,cam_1_1690341446_22-17-26.jpg
698,463,941.0753,444.74506,1359.8231,609.1975,cam_1_1690341446_22-17-26.jpg
698,522,1947.3137,727.3402,2468.0542,903.42206,cam_1_1690341446_22-17-26.jpg
698,448,1815.3618,273.20453,2146.2358,495.88385,cam_1_1690341446_22-17-26.jpg
698,471,1620.8301,229.77135,1841.6923,368.94217,cam_1_1690341446_22-17-26.jpg
698,527,577.9518,260.16608,773.63055,564.78314,cam_1_1690341446_22-17-26.jpg
698,449,1444.5275,313.16556,1828.455,527.9021,cam_1_1690341446_22-17-26.jpg
699,466,1204.9579,670.321,1881.7731,939.74146,cam_1_1690341461_22-17-41.jpg
699,482,881.98425,383.24298,1280.4943,571.34955,cam_1_1690341461_22-17-41.jpg
699,429,987.0346,487.64255,1491.502,692.7362,cam_1_1690341461_22-17-41.jpg
699,500,1639.6332,536.3201,1986.5374,688.9535,cam_1_1690341461_22-17-41.jpg
699,489,1383.877,770.01807,1975.3301,1039.6597,cam_1_1690341461_22-17-41.jpg
699,487,1220.2136,612.14343,1693.3888,798.7845,cam_1_1690341461_22-17-41.jpg
699,503,1162.7921,539.08984,1567.1305,765.2058,cam_1_1690341461_22-17-41.jpg
699,463,942.5705,442.45178,1355.8335,608.63574,cam_1_1690341461_22-17-41.jpg
699,522,1952.6818,726.1665,2470.2944,900.1409,cam_1_1690341461_22-17-41.jpg
699,448,1818.6932,274.7286,2143.0613,502.51285,cam_1_1690341461_22-17-41.jpg
699,471,1619.3219,230.98524,1838.3455,358.32358,cam_1_1690341461_22-17-41.jpg
699,527,582.22345,261.05307,779.2778,564.2573,cam_1_1690341461_22-17-41.jpg
699,449,1472.2258,319.25446,1836.5038,530.75543,cam_1_1690341461_22-17-41.jpg
700,466,1202.0138,667.2395,1876.1412,943.3461,cam_1_1690341566_22-19-26.jpg
700,482,894.5734,393.8466,1282.906,564.9089,cam_1_1690341566_22-19-26.jpg
700,429,988.3993,486.53586,1493.2869,693.34485,cam_1_1690341566_22-19-26.jpg
700,500,1635.6249,539.439,1996.4563,693.9569,cam_1_1690341566_22-19-26.jpg
700,489,1387.0345,773.72284,2005.6974,1040.3451,cam_1_1690341566_22-19-26.jpg
700,487,1217.6274,606.1938,1662.8997,796.77094,cam_1_1690341566_22-19-26.jpg
700,503,1161.5352,538.85474,1564.3036,765.93225,cam_1_1690341566_22-19-26.jpg
700,463,946.96185,441.1619,1354.5338,608.35315,cam_1_1690341566_22-19-26.jpg
700,522,1976.0298,727.6158,2470.6072,896.5169,cam_1_1690341566_22-19-26.jpg
700,448,1824.6527,279.09564,2171.4802,505.91132,cam_1_1690341566_22-19-26.jpg
700,471,1627.0574,230.96124,1844.388,355.00552,cam_1_1690341566_22-19-26.jpg
700,527,567.2581,248.41234,761.62024,560.35394,cam_1_1690341566_22-19-26.jpg
700,449,1406.0874,319.87253,1839.5951,518.33887,cam_1_1690341566_22-19-26.jpg
700,529,1807.1016,663.4113,2252.5576,811.3441,cam_1_1690341566_22-19-26.jpg
700,530,1675.4186,244.49945,1894.8687,364.239,cam_1_1690341566_22-19-26.jpg
701,466,1201.2478,665.1162,1875.2432,942.78503,cam_1_1690341641_22-20-41.jpg
701,482,896.7261,396.58627,1283.4768,560.9693,cam_1_1690341641_22-20-41.jpg
701,429,989.1883,485.61166,1496.7805,693.2564,cam_1_1690341641_22-20-41.jpg
701,500,1636.1747,536.3051,2000.6047,690.70636,cam_1_1690341641_22-20-41.jpg
701,489,1386.8447,771.2808,2000.115,1039.2422,cam_1_1690341641_22-20-41.jpg
701,487,1217.4652,604.15784,1647.9678,794.0665,cam_1_1690341641_22-20-41.jpg
701,503,1158.944,537.8327,1565.9856,766.20325,cam_1_1690341641_22-20-41.jpg
701,463,946.8157,442.00293,1346.3976,607.4868,cam_1_1690341641_22-20-41.jpg
701,522,1965.7853,726.0961,2464.7224,898.0313,cam_1_1690341641_22-20-41.jpg
701,448,1879.9928,287.34045,2177.505,505.21402,cam_1_1690341641_22-20-41.jpg
701,527,558.45355,242.47794,752.78284,562.31116,cam_1_1690341641_22-20-41.jpg
701,449,1387.9679,319.1426,1843.899,508.89725,cam_1_1690341641_22-20-41.jpg
701,529,1809.6764,668.35724,2259.6392,815.0702,cam_1_1690341641_22-20-41.jpg
701,358,2160.3215,361.1523,2575.984,637.57574,cam_1_1690341641_22-20-41.jpg
702,466,1197.5771,667.0964,1844.254,940.1463,cam_1_1690341686_22-21-26.jpg
702,482,900.03064,396.82297,1288.8955,562.3034,cam_1_1690341686_22-21-26.jpg
702,429,985.6736,485.62277,1494.4917,692.92377,cam_1_1690341686_22-21-26.jpg
702,500,1638.2781,536.402,2003.9231,688.76654,cam_1_1690341686_22-21-26.jpg
702,489,1386.0568,770.84125,1952.3462,1038.7333,cam_1_1690341686_22-21-26.jpg
702,487,1223.0238,605.90454,1660.1191,794.55896,cam_1_1690341686_22-21-26.jpg
702,503,1157.0496,539.09186,1562.8206,765.6706,cam_1_1690341686_22-21-26.jpg
702,463,943.2135,441.81464,1348.1001,607.1809,cam_1_1690341686_22-21-26.jpg
702,522,1930.9932,724.61615,2461.1096,900.6138,cam_1_1690341686_22-21-26.jpg
702,448,1926.2655,295.89114,2215.3516,504.56253,cam_1_1690341686_22-21-26.jpg
702,527,559.5929,236.30186,802.83264,560.58685,cam_1_1690341686_22-21-26.jpg
702,449,1416.0599,322.00208,1849.4697,513.8625,cam_1_1690341686_22-21-26.jpg
702,529,1793.5758,652.7703,2252.5403,808.4944,cam_1_1690341686_22-21-26.jpg
702,532,2039.5327,343.78503,2342.9597,547.98254,cam_1_1690341686_22-21-26.jpg
702,358,2173.969,372.3269,2590.3867,650.22815,cam_1_1690341686_22-21-26.jpg
703,466,1197.0435,668.27374,1823.9663,936.6329,cam_1_1690341881_22-24-41.jpg
703,429,946.93854,385.00424,1468.6224,668.6484,cam_1_1690341881_22-24-41.jpg
703,500,1638.7843,535.1653,1993.8167,684.894,cam_1_1690341881_22-24-41.jpg
703,489,1384.1711,771.141,1933.229,1036.1296,cam_1_1690341881_22-24-41.jpg
703,487,1221.3893,608.8571,1667.695,800.31366,cam_1_1690341881_22-24-41.jpg
703,503,1161.3855,534.9054,1560.901,759.34595,cam_1_1690341881_22-24-41.jpg
703,522,1918.2056,728.67664,2462.8777,903.5148,cam_1_1690341881_22-24-41.jpg
703,448,1937.8619,301.56067,2223.5378,506.8427,cam_1_1690341881_22-24-41.jpg
703,449,1494.3375,333.51898,1900.9072,540.61975,cam_1_1690341881_22-24-41.jpg
703,529,1726.3916,649.2212,2249.0117,808.7768,cam_1_1690341881_22-24-41.jpg
703,532,2035.19,345.7742,2347.546,548.49994,cam_1_1690341881_22-24-41.jpg
703,358,2181.6455,379.4846,2599.9875,657.0429,cam_1_1690341881_22-24-41.jpg
703,530,1685.8679,232.11667,1837.1091,378.33463,cam_1_1690341881_22-24-41.jpg
704,466,1199.0331,668.9304,1863.3395,936.6402,cam_1_1690342061_22-27-41.jpg
704,429,887.4583,371.7027,1451.6642,702.20654,cam_1_1690342061_22-27-41.jpg
704,500,1637.7341,539.92926,1997.6302,691.5816,cam_1_1690342061_22-27-41.jpg
704,489,1381.8239,766.9448,1927.1656,1034.6931,cam_1_1690342061_22-27-41.jpg
704,487,1219.8126,611.55664,1665.799,801.56854,cam_1_1690342061_22-27-41.jpg
704,503,1158.9264,530.29,1561.0535,759.6171,cam_1_1690342061_22-27-41.jpg
704,522,1901.1187,730.4229,2458.7068,904.597,cam_1_1690342061_22-27-41.jpg
704,448,1948.339,303.6113,2235.2854,509.8502,cam_1_1690342061_22-27-41.jpg
704,449,1482.4384,335.35764,1920.5225,548.4226,cam_1_1690342061_22-27-41.jpg
704,529,1788.9205,658.1182,2252.6033,805.27893,cam_1_1690342061_22-27-41.jpg
704,532,2032.626,350.52167,2340.9023,551.6959,cam_1_1690342061_22-27-41.jpg
704,358,2186.0747,384.40897,2601.1646,657.6317,cam_1_1690342061_22-27-41.jpg
704,530,1686.1759,232.0143,1823.8455,378.63666,cam_1_1690342061_22-27-41.jpg
705,466,1205.4137,671.89764,1883.2341,938.79504,cam_1_1690342106_22-28-26.jpg
705,429,864.3019,366.9399,1450.2595,719.1893,cam_1_1690342106_22-28-26.jpg
705,500,1637.9713,538.42786,2000.3884,692.4055,cam_1_1690342106_22-28-26.jpg
705,489,1381.5663,766.70233,1927.1414,1033.437,cam_1_1690342106_22-28-26.jpg
705,487,1218.0486,613.0087,1677.8176,807.23755,cam_1_1690342106_22-28-26.jpg
705,503,1161.7664,531.9436,1568.7389,757.11456,cam_1_1690342106_22-28-26.jpg
705,522,1898.7413,731.1498,2456.0955,904.7999,cam_1_1690342106_22-28-26.jpg
705,448,1928.9082,306.72003,2214.7258,498.4063,cam_1_1690342106_22-28-26.jpg
705,449,1451.7197,334.7651,1924.8423,553.3369,cam_1_1690342106_22-28-26.jpg
705,529,1818.0349,659.7864,2250.9102,801.3299,cam_1_1690342106_22-28-26.jpg
705,532,2028.045,350.5558,2331.2683,553.9795,cam_1_1690342106_22-28-26.jpg
705,358,2206.1228,386.42447,2598.4104,657.87823,cam_1_1690342106_22-28-26.jpg
705,530,1685.285,233.26077,1823.743,377.99457,cam_1_1690342106_22-28-26.jpg
706,466,1202.275,673.1281,1897.7156,941.08936,cam_1_1690342391_22-33-11.jpg
706,500,1644.9432,538.5644,2003.1569,689.4981,cam_1_1690342391_22-33-11.jpg
706,489,1387.1183,767.3158,1953.5128,1036.2306,cam_1_1690342391_22-33-11.jpg
706,487,1209.4664,612.5233,1703.9958,812.27496,cam_1_1690342391_22-33-11.jpg
706,503,1156.1566,532.7365,1566.0575,756.5121,cam_1_1690342391_22-33-11.jpg
706,522,1919.617,730.625,2451.646,904.16174,cam_1_1690342391_22-33-11.jpg
706,448,1928.1196,313.27594,2229.4304,500.52933,cam_1_1690342391_22-33-11.jpg
706,449,1478.7164,335.4142,1940.0785,549.52484,cam_1_1690342391_22-33-11.jpg
706,529,1839.9675,661.44684,2253.87,802.7931,cam_1_1690342391_22-33-11.jpg
706,532,2063.4102,360.84393,2340.1758,563.85175,cam_1_1690342391_22-33-11.jpg
706,358,2227.9478,393.2213,2591.142,661.32574,cam_1_1690342391_22-33-11.jpg
706,482,901.0921,395.14374,1293.699,558.20526,cam_1_1690342391_22-33-11.jpg
706,463,937.8216,442.68225,1423.8861,616.77844,cam_1_1690342391_22-33-11.jpg
706,527,659.22565,317.8785,878.58276,635.22437,cam_1_1690342391_22-33-11.jpg
707,466,1197.2433,669.64124,1881.1678,939.45734,cam_1_1690342541_22-35-41.jpg
707,500,1645.3656,538.60144,2007.5627,690.5615,cam_1_1690342541_22-35-41.jpg
707,489,1389.4764,766.45435,1982.0526,1037.0062,cam_1_1690342541_22-35-41.jpg
707,487,1205.0568,611.7316,1690.09,813.13324,cam_1_1690342541_22-35-41.jpg
707,503,1160.8767,536.27277,1568.6514,757.02966,cam_1_1690342541_22-35-41.jpg
707,522,1938.3951,723.4971,2454.399,899.1036,cam_1_1690342541_22-35-41.jpg
707,448,1923.0815,312.2312,2236.2332,509.02158,cam_1_1690342541_22-35-41.jpg
707,449,1458.3666,327.2582,1952.0183,553.4178,cam_1_1690342541_22-35-41.jpg
707,529,1847.1173,662.655,2257.3677,804.727,cam_1_1690342541_22-35-41.jpg
707,532,2108.2732,368.42883,2429.3535,590.233,cam_1_1690342541_22-35-41.jpg
707,533,1816.3414,276.1895,2083.1152,400.46924,cam_1_1690342541_22-35-41.jpg
707,482,895.56976,397.76422,1288.9092,564.5326,cam_1_1690342541_22-35-41.jpg
707,463,936.33746,447.92432,1443.1766,622.2911,cam_1_1690342541_22-35-41.jpg
707,521,2374.6846,434.68527,2761.2852,732.84076,cam_1_1690342541_22-35-41.jpg
707,530,1655.9485,235.70139,1881.4951,371.1969,cam_1_1690342541_22-35-41.jpg
708,466,1193.6909,667.8404,1816.9369,937.8171,cam_1_1690342616_22-36-56.jpg
708,500,1654.2802,538.96796,1999.2074,691.1031,cam_1_1690342616_22-36-56.jpg
708,489,1390.115,766.95514,1969.4775,1036.8666,cam_1_1690342616_22-36-56.jpg
708,487,1205.6323,608.8876,1689.1342,810.58966,cam_1_1690342616_22-36-56.jpg
708,503,1159.9384,537.09753,1560.1278,756.6673,cam_1_1690342616_22-36-56.jpg
708,522,1933.9196,720.51465,2451.9778,900.5874,cam_1_1690342616_22-36-56.jpg
708,448,1910.8956,312.0979,2242.1702,510.29034,cam_1_1690342616_22-36-56.jpg
708,449,1461.8418,327.04987,1948.8975,563.9475,cam_1_1690342616_22-36-56.jpg
708,529,1772.1174,656.0128,2255.126,806.8703,cam_1_1690342616_22-36-56.jpg
708,532,2120.4832,371.865,2462.557,601.4483,cam_1_1690342616_22-36-56.jpg
708,482,894.3361,399.77853,1296.6863,563.7809,cam_1_1690342616_22-36-56.jpg
708,463,938.4937,449.9335,1462.3517,624.07367,cam_1_1690342616_22-36-56.jpg
708,521,2368.6775,436.8634,2766.5344,737.2436,cam_1_1690342616_22-36-56.jpg
708,530,1651.2874,236.8561,1901.9412,369.73657,cam_1_1690342616_22-36-56.jpg
709,466,1191.8212,668.378,1810.8774,938.241,cam_1_1690342646_22-37-26.jpg
709,500,1660.7201,539.27686,1993.7317,690.8331,cam_1_1690342646_22-37-26.jpg
709,489,1390.5094,767.5966,1970.9393,1037.2109,cam_1_1690342646_22-37-26.jpg
709,487,1212.0122,609.1549,1684.9622,809.6578,cam_1_1690342646_22-37-26.jpg
709,503,1155.79,539.55554,1552.6862,759.8277,cam_1_1690342646_22-37-26.jpg
709,522,1946.4886,720.937,2452.443,901.11206,cam_1_1690342646_22-37-26.jpg
709,448,1917.5011,311.10522,2237.242,509.20505,cam_1_1690342646_22-37-26.jpg
709,449,1445.7583,325.49536,1941.8595,562.6056,cam_1_1690342646_22-37-26.jpg
709,529,1748.0876,655.8414,2255.2568,809.64484,cam_1_1690342646_22-37-26.jpg
709,532,2127.9846,372.2156,2488.6714,609.79865,cam_1_1690342646_22-37-26.jpg
709,482,892.59125,400.01236,1298.6171,566.8585,cam_1_1690342646_22-37-26.jpg
709,463,931.7133,448.17877,1446.3126,622.8523,cam_1_1690342646_22-37-26.jpg
709,521,2386.9768,442.19528,2761.5247,738.2042,cam_1_1690342646_22-37-26.jpg
709,530,1648.343,235.92535,1902.8265,370.76947,cam_1_1690342646_22-37-26.jpg
709,533,1809.7621,278.4612,2081.2769,402.6136,cam_1_1690342646_22-37-26.jpg
710,466,1197.0958,669.04846,1847.8386,938.20514,cam_1_1690342721_22-38-41.jpg
710,500,1653.4465,539.00714,1994.394,694.5153,cam_1_1690342721_22-38-41.jpg
710,489,1390.8213,766.7733,1954.2162,1037.971,cam_1_1690342721_22-38-41.jpg
710,487,1218.8829,611.55426,1691.9037,805.9534,cam_1_1690342721_22-38-41.jpg
710,503,1155.2928,538.954,1547.3245,758.643,cam_1_1690342721_22-38-41.jpg
710,522,1922.7458,722.4272,2450.781,902.9744,cam_1_1690342721_22-38-41.jpg
710,448,1913.9178,315.72958,2249.1436,517.2644,cam_1_1690342721_22-38-41.jpg
710,449,1427.1368,326.111,1929.8678,559.86005,cam_1_1690342721_22-38-41.jpg
710,529,1802.0154,663.98505,2258.2866,818.5693,cam_1_1690342721_22-38-41.jpg
710,532,2132.3877,372.82977,2491.914,612.11414,cam_1_1690342721_22-38-41.jpg
710,482,892.57086,400.70566,1290.3285,565.36914,cam_1_1690342721_22-38-41.jpg
710,463,935.6315,450.03342,1454.6357,625.3544,cam_1_1690342721_22-38-41.jpg
710,521,2393.391,444.09097,2780.2446,739.27716,cam_1_1690342721_22-38-41.jpg
710,530,1647.8053,236.25569,1899.2244,369.15167,cam_1_1690342721_22-38-41.jpg
710,533,1828.2942,288.246,2099.2249,407.63443,cam_1_1690342721_22-38-41.jpg
711,466,1260.0702,598.112,1870.2952,996.3263,cam_1_1690342766_22-39-26.jpg
711,500,1655.4778,537.8964,1997.0588,694.7469,cam_1_1690342766_22-39-26.jpg
711,503,1157.4846,548.956,1532.3113,745.73773,cam_1_1690342766_22-39-26.jpg
711,522,1874.2798,723.6659,2455.8787,907.09064,cam_1_1690342766_22-39-26.jpg
711,448,1906.1692,312.1469,2244.865,522.0646,cam_1_1690342766_22-39-26.jpg
711,449,1427.27,328.01926,1931.0813,560.2929,cam_1_1690342766_22-39-26.jpg
711,529,1820.5737,667.9012,2271.6558,824.9089,cam_1_1690342766_22-39-26.jpg
711,532,2131.9263,369.024,2509.5999,623.9821,cam_1_1690342766_22-39-26.jpg
711,482,895.4489,399.48996,1288.9689,568.0457,cam_1_1690342766_22-39-26.jpg
711,463,933.61566,444.5472,1432.8794,622.1801,cam_1_1690342766_22-39-26.jpg
711,521,2407.9902,446.88535,2795.6475,746.3778,cam_1_1690342766_22-39-26.jpg
711,530,1648.6444,234.8839,1891.657,373.71255,cam_1_1690342766_22-39-26.jpg
712,466,1279.6394,575.64667,1885.9675,1016.5437,cam_1_1690342781_22-39-41.jpg
712,500,1651.7809,536.4735,1999.3682,694.53064,cam_1_1690342781_22-39-41.jpg
712,503,1154.6421,550.38165,1526.7783,743.0342,cam_1_1690342781_22-39-41.jpg
712,522,1855.5917,724.9248,2460.0386,908.803,cam_1_1690342781_22-39-41.jpg
712,448,1907.7941,309.41483,2240.8784,524.2495,cam_1_1690342781_22-39-41.jpg
712,449,1441.6925,327.62668,1882.2133,538.0133,cam_1_1690342781_22-39-41.jpg
712,529,1833.3755,668.20447,2274.6985,820.60095,cam_1_1690342781_22-39-41.jpg
712,532,2134.387,369.20258,2505.537,623.93774,cam_1_1690342781_22-39-41.jpg
712,482,897.33374,399.32037,1288.8961,567.7673,cam_1_1690342781_22-39-41.jpg
712,463,934.48145,441.5123,1415.8561,621.8859,cam_1_1690342781_22-39-41.jpg
712,521,2407.9583,447.47284,2803.127,748.61224,cam_1_1690342781_22-39-41.jpg
712,530,1648.5386,238.77147,1895.6941,415.25113,cam_1_1690342781_22-39-41.jpg
713,466,1285.1321,563.92975,1896.8063,1026.5077,cam_1_1690342841_22-40-41.jpg
713,500,1654.664,536.5299,2002.2112,695.59924,cam_1_1690342841_22-40-41.jpg
713,503,1154.2301,550.91296,1527.8116,743.72394,cam_1_1690342841_22-40-41.jpg
713,522,1850.3008,727.06195,2457.9417,910.4476,cam_1_1690342841_22-40-41.jpg
713,448,1902.0133,308.38913,2234.115,520.3472,cam_1_1690342841_22-40-41.jpg
713,449,1433.2075,326.54855,1918.8271,557.984,cam_1_1690342841_22-40-41.jpg
713,529,1843.918,668.20105,2276.3206,816.52997,cam_1_1690342841_22-40-41.jpg
713,532,2115.6338,360.92825,2453.148,626.7804,cam_1_1690342841_22-40-41.jpg
713,482,896.61487,400.80963,1286.6526,568.979,cam_1_1690342841_22-40-41.jpg
713,463,934.93304,442.0169,1412.6406,621.9256,cam_1_1690342841_22-40-41.jpg
713,521,2407.6924,446.53394,2810.0874,749.69885,cam_1_1690342841_22-40-41.jpg
713,530,1648.4806,236.28496,1891.6093,394.6916,cam_1_1690342841_22-40-41.jpg
714,466,1297.6511,557.7041,1890.9401,1028.8185,cam_1_1690342856_22-40-56.jpg
714,500,1658.535,537.8266,1996.8162,696.67316,cam_1_1690342856_22-40-56.jpg
714,503,1153.8569,551.3346,1515.8904,736.88885,cam_1_1690342856_22-40-56.jpg
714,522,1843.33,728.7412,2460.2175,910.8886,cam_1_1690342856_22-40-56.jpg
714,448,1900.5223,307.1497,2231.8555,525.44867,cam_1_1690342856_22-40-56.jpg
714,449,1432.8132,325.6741,1939.8615,563.1688,cam_1_1690342856_22-40-56.jpg
714,529,1843.2063,669.26807,2270.9678,813.7361,cam_1_1690342856_22-40-56.jpg
714,532,2121.5916,362.64484,2456.517,626.5171,cam_1_1690342856_22-40-56.jpg
714,482,896.99133,399.21872,1290.6161,569.8913,cam_1_1690342856_22-40-56.jpg
714,463,937.82263,441.30905,1418.4169,620.0662,cam_1_1690342856_22-40-56.jpg
714,521,2417.5261,447.7362,2785.7756,750.13904,cam_1_1690342856_22-40-56.jpg
714,530,1648.9972,235.6864,1875.6914,384.70377,cam_1_1690342856_22-40-56.jpg
715,466,1227.6661,566.30084,1887.9634,1085.7886,cam_1_1690342991_22-43-11.jpg
715,500,1656.4207,536.90576,1997.1041,694.11835,cam_1_1690342991_22-43-11.jpg
715,503,1157.1349,551.5922,1531.0737,738.73065,cam_1_1690342991_22-43-11.jpg
715,522,1850.6858,735.9991,2464.3171,911.74426,cam_1_1690342991_22-43-11.jpg
715,448,1910.632,308.46387,2267.427,536.37756,cam_1_1690342991_22-43-11.jpg
715,449,1462.8193,318.4968,1889.1766,532.0246,cam_1_1690342991_22-43-11.jpg
715,529,1842.4418,673.6553,2262.8955,822.82465,cam_1_1690342991_22-43-11.jpg
715,482,896.11414,400.03006,1290.9755,569.5588,cam_1_1690342991_22-43-11.jpg
715,463,932.76514,444.70428,1365.5481,619.9791,cam_1_1690342991_22-43-11.jpg
715,521,2412.3914,449.55798,2814.0732,747.3309,cam_1_1690342991_22-43-11.jpg
715,530,1650.0107,238.45612,1883.7446,385.35126,cam_1_1690342991_22-43-11.jpg
716,466,1191.1157,581.32794,1884.9913,1128.843,cam_1_1690343246_22-47-26.jpg
716,500,1657.0995,537.517,1999.1206,691.02057,cam_1_1690343246_22-47-26.jpg
716,503,1162.9716,549.8522,1535.8082,724.66595,cam_1_1690343246_22-47-26.jpg
716,522,1847.0315,744.2672,2464.9468,909.5421,cam_1_1690343246_22-47-26.jpg
716,448,1914.0934,312.14673,2275.1946,538.8881,cam_1_1690343246_22-47-26.jpg
716,529,1838.0862,675.1854,2254.5276,818.549,cam_1_1690343246_22-47-26.jpg
716,482,897.1009,400.16635,1285.0074,566.9028,cam_1_1690343246_22-47-26.jpg
716,463,932.8614,446.2078,1351.7654,618.052,cam_1_1690343246_22-47-26.jpg
716,521,2446.1357,456.7319,2795.8389,753.28864,cam_1_1690343246_22-47-26.jpg
716,530,1647.0883,238.91422,1871.0502,416.06934,cam_1_1690343246_22-47-26.jpg
716,533,1834.3062,288.56058,2077.926,464.96933,cam_1_1690343246_22-47-26.jpg
717,466,1131.4943,593.36615,1886.0331,1166.1395,cam_1_1690343366_22-49-26.jpg
717,500,1661.6505,538.40826,1996.2639,685.73883,cam_1_1690343366_22-49-26.jpg
717,503,1146.9618,543.10925,1550.2634,716.3345,cam_1_1690343366_22-49-26.jpg
717,522,1842.6725,741.4901,2462.4028,911.57806,cam_1_1690343366_22-49-26.jpg
717,448,1909.3635,308.4201,2225.5269,521.8427,cam_1_1690343366_22-49-26.jpg
717,529,1832.6118,672.4467,2258.9583,817.0791,cam_1_1690343366_22-49-26.jpg
717,521,2462.7495,461.80225,2887.3206,770.8804,cam_1_1690343366_22-49-26.jpg
717,530,1642.334,235.40366,1859.932,423.80606,cam_1_1690343366_22-49-26.jpg
717,467,2021.506,335.50204,2431.8223,599.181,cam_1_1690343366_22-49-26.jpg
717,429,823.02985,345.41855,1424.0785,715.6492,cam_1_1690343366_22-49-26.jpg
718,466,1084.3789,600.3426,1857.3936,1187.0559,cam_1_1690343576_22-52-56.jpg
718,500,1659.6355,540.0293,2002.1239,685.0624,cam_1_1690343576_22-52-56.jpg
718,503,1157.1355,543.4357,1537.0361,707.87256,cam_1_1690343576_22-52-56.jpg
718,522,1861.2494,741.75366,2467.383,910.1038,cam_1_1690343576_22-52-56.jpg
718,529,1846.5802,675.1376,2254.2485,828.09045,cam_1_1690343576_22-52-56.jpg
718,467,2027.1072,337.62155,2394.5989,596.9073,cam_1_1690343576_22-52-56.jpg
718,429,832.0093,350.80835,1406.0652,715.4948,cam_1_1690343576_22-52-56.jpg
719,466,1133.3206,606.5479,1862.9698,1177.0463,cam_1_1690343636_22-53-56.jpg
719,500,1645.3593,541.16034,2001.254,687.04895,cam_1_1690343636_22-53-56.jpg
719,503,1158.7397,542.4681,1564.3778,721.45135,cam_1_1690343636_22-53-56.jpg
719,522,1865.5337,740.65704,2464.0635,908.9117,cam_1_1690343636_22-53-56.jpg
719,529,1849.716,682.2442,2256.6382,833.2658,cam_1_1690343636_22-53-56.jpg
719,467,2027.1394,326.37558,2293.0854,574.2762,cam_1_1690343636_22-53-56.jpg
719,429,838.09235,353.37122,1412.9635,667.0131,cam_1_1690343636_22-53-56.jpg
719,358,2386.0403,429.0973,2844.4636,710.7119,cam_1_1690343636_22-53-56.jpg
719,521,2540.7395,557.4678,2916.1816,946.2499,cam_1_1690343636_22-53-56.jpg
720,466,1164.4658,601.7887,1882.8684,1165.6067,cam_1_1690343681_22-54-41.jpg
720,500,1651.4886,540.86145,1997.6611,688.8943,cam_1_1690343681_22-54-41.jpg
720,503,1159.5588,545.1903,1557.5422,728.95215,cam_1_1690343681_22-54-41.jpg
720,522,1872.1146,742.499,2457.5393,909.34503,cam_1_1690343681_22-54-41.jpg
720,529,1832.5226,679.03375,2248.977,832.2115,cam_1_1690343681_22-54-41.jpg
720,429,852.0336,354.04034,1392.7909,713.37823,cam_1_1690343681_22-54-41.jpg
720,358,2441.2627,457.598,2907.8035,733.6855,cam_1_1690343681_22-54-41.jpg
720,521,2557.33,581.07916,2907.142,981.95013,cam_1_1690343681_22-54-41.jpg
720,482,724.6708,273.18216,1152.6932,576.3554,cam_1_1690343681_22-54-41.jpg
721,466,1128.6268,546.87537,1840.461,1036.0608,cam_1_1690343876_22-57-56.jpg
721,500,1665.0192,534.82874,1999.6405,686.6151,cam_1_1690343876_22-57-56.jpg
721,503,1073.2734,490.8386,1546.7743,789.1938,cam_1_1690343876_22-57-56.jpg
721,522,1916.8618,744.59155,2462.2576,904.5236,cam_1_1690343876_22-57-56.jpg
721,529,1792.0741,666.0676,2255.1543,805.8444,cam_1_1690343876_22-57-56.jpg
721,429,885.8963,354.56418,1364.8015,671.9457,cam_1_1690343876_22-57-56.jpg
721,482,671.18,253.6279,1070.6578,582.0948,cam_1_1690343876_22-57-56.jpg
721,489,1328.1141,728.44196,2001.6166,997.2735,cam_1_1690343876_22-57-56.jpg
721,449,1467.5973,339.07773,1967.098,569.6862,cam_1_1690343876_22-57-56.jpg
722,466,1109.3243,528.322,1848.8547,979.71155,cam_1_1690343966_22-59-26.jpg
722,500,1670.9355,536.48016,2001.7367,686.3577,cam_1_1690343966_22-59-26.jpg
722,503,1037.0961,477.23697,1531.1223,827.2853,cam_1_1690343966_22-59-26.jpg
722,522,1958.2655,747.72076,2463.4172,904.85583,cam_1_1690343966_22-59-26.jpg
722,529,1813.0083,659.2763,2251.983,801.4122,cam_1_1690343966_22-59-26.jpg
722,429,902.4916,365.78146,1397.4025,705.4097,cam_1_1690343966_22-59-26.jpg
722,482,701.4377,289.67282,1181.3386,618.4713,cam_1_1690343966_22-59-26.jpg
722,489,1293.1462,685.6085,2000.0872,1209.2073,cam_1_1690343966_22-59-26.jpg
722,449,1494.9998,343.5016,1968.579,574.21344,cam_1_1690343966_22-59-26.jpg
722,521,2479.3713,622.9131,2784.1177,1109.8513,cam_1_1690343966_22-59-26.jpg
723,466,1121.0171,523.98785,1814.0016,984.98065,cam_1_1690344176_23-02-56.jpg
723,500,1677.624,538.5448,2005.297,685.16095,cam_1_1690344176_23-02-56.jpg
723,522,1993.2952,751.49054,2469.954,902.5,cam_1_1690344176_23-02-56.jpg
723,529,1778.5205,653.0663,2244.2124,795.5163,cam_1_1690344176_23-02-56.jpg
723,429,948.00494,374.75854,1438.7534,689.6842,cam_1_1690344176_23-02-56.jpg
723,482,699.0314,299.3571,1169.5773,614.51117,cam_1_1690344176_23-02-56.jpg
723,489,1308.5074,714.954,2034.2489,1117.7988,cam_1_1690344176_23-02-56.jpg
723,547,619.5004,246.0068,1093.9427,550.04614,cam_1_1690344176_23-02-56.jpg
724,466,976.76746,519.4108,1702.6365,1007.6789,cam_1_1690344431_23-07-11.jpg
724,500,1696.3551,474.5805,2149.5242,687.441,cam_1_1690344431_23-07-11.jpg
724,522,2000.9169,755.0755,2475.9568,902.6441,cam_1_1690344431_23-07-11.jpg
724,529,1744.4478,648.2957,2232.163,789.6557,cam_1_1690344431_23-07-11.jpg
724,429,898.7414,361.2347,1439.3038,570.6433,cam_1_1690344431_23-07-11.jpg
724,489,1311.0245,734.00653,2054.68,1057.2119,cam_1_1690344431_23-07-11.jpg
724,358,2717.1357,532.91327,3027.5303,879.11957,cam_1_1690344431_23-07-11.jpg
724,503,841.1866,426.47556,1433.0881,817.5005,cam_1_1690344431_23-07-11.jpg
725,466,923.72644,519.8977,1681.676,1017.43835,cam_1_1690344446_23-07-26.jpg
725,500,1723.7184,454.58707,2197.3752,687.9368,cam_1_1690344446_23-07-26.jpg
725,522,2010.2216,757.76416,2474.854,902.0968,cam_1_1690344446_23-07-26.jpg
725,529,1743.8572,652.31915,2230.8823,788.8339,cam_1_1690344446_23-07-26.jpg
725,429,881.23505,357.4052,1444.2888,527.9132,cam_1_1690344446_23-07-26.jpg
725,489,1315.7803,741.4443,2061.3118,1035.7296,cam_1_1690344446_23-07-26.jpg
725,551,306.8625,487.95383,615.865,1049.9261,cam_1_1690344446_23-07-26.jpg
725,552,353.92038,374.24704,679.10974,694.6248,cam_1_1690344446_23-07-26.jpg
725,358,2748.8452,543.5558,3036.431,893.3171,cam_1_1690344446_23-07-26.jpg
725,503,796.0911,416.2861,1412.0223,816.2167,cam_1_1690344446_23-07-26.jpg
726,500,1676.8568,506.56445,2082.9827,676.349,cam_1_1690344581_23-09-41.jpg
726,522,2030.3789,761.15607,2473.4792,901.8095,cam_1_1690344581_23-09-41.jpg
726,489,1215.2163,695.7859,2102.9124,1206.7821,cam_1_1690344581_23-09-41.jpg
726,552,306.47452,332.79117,552.4949,708.44226,cam_1_1690344581_23-09-41.jpg
726,358,2708.1863,530.62585,2952.67,879.5918,cam_1_1690344581_23-09-41.jpg
726,503,839.2725,379.51047,1420.5697,775.55585,cam_1_1690344581_23-09-41.jpg
726,487,1173.1432,585.83563,1663.5267,799.9355,cam_1_1690344581_23-09-41.jpg
727,500,1653.163,531.6244,2025.9224,664.81085,cam_1_1690344761_23-12-41.jpg
727,522,2080.3438,764.4646,2474.994,899.22565,cam_1_1690344761_23-12-41.jpg
727,489,1235.1558,683.6461,2152.2334,1262.9192,cam_1_1690344761_23-12-41.jpg
727,552,282.52304,277.19455,492.97775,649.98816,cam_1_1690344761_23-12-41.jpg
727,358,2649.381,510.46808,2892.9207,846.9593,cam_1_1690344761_23-12-41.jpg
727,503,858.75476,367.3915,1414.959,755.11926,cam_1_1690344761_23-12-41.jpg
727,487,1174.2098,582.4284,1678.4071,809.64166,cam_1_1690344761_23-12-41.jpg
727,533,1752.083,265.76245,2044.5933,486.5836,cam_1_1690344761_23-12-41.jpg
728,500,1642.418,536.6597,1999.1967,660.24176,cam_1_1690344806_23-13-26.jpg
728,522,2115.2634,764.7636,2471.43,897.6765,cam_1_1690344806_23-13-26.jpg
728,489,1263.507,678.3002,2174.3914,1290.7886,cam_1_1690344806_23-13-26.jpg
728,358,2630.4111,498.74774,2859.3276,833.4888,cam_1_1690344806_23-13-26.jpg
728,503,918.33014,436.35873,1463.1476,695.5475,cam_1_1690344806_23-13-26.jpg
728,487,1171.962,581.2377,1672.6803,820.52356,cam_1_1690344806_23-13-26.jpg
728,533,1770.5244,270.74988,2074.1682,491.6973,cam_1_1690344806_23-13-26.jpg
728,463,894.10406,404.97455,1302.1323,568.3874,cam_1_1690344806_23-13-26.jpg
728,547,406.17838,229.19893,824.0344,522.0227,cam_1_1690344806_23-13-26.jpg
729,500,1645.2529,539.55676,1993.6912,659.016,cam_1_1690345001_23-16-41.jpg
729,522,2121.442,762.72754,2466.0203,896.87976,cam_1_1690345001_23-16-41.jpg
729,489,1266.3131,676.92194,2188.9324,1302.3777,cam_1_1690345001_23-16-41.jpg
729,358,2610.9365,492.43008,2851.1958,825.7017,cam_1_1690345001_23-16-41.jpg
729,503,937.4387,468.22784,1486.178,684.48615,cam_1_1690345001_23-16-41.jpg
729,487,1174.3411,573.74854,1677.1373,822.77924,cam_1_1690345001_23-16-41.jpg
729,463,889.6307,402.07608,1299.0953,567.86145,cam_1_1690345001_23-16-41.jpg
729,532,2103.9934,361.48187,2497.2935,616.4949,cam_1_1690345001_23-16-41.jpg
729,448,1877.283,302.92877,2181.4119,519.1909,cam_1_1690345001_23-16-41.jpg
730,500,1644.4575,542.4234,1992.9666,658.21014,cam_1_1690345016_23-16-56.jpg
730,522,2131.5366,759.1025,2464.4602,892.87354,cam_1_1690345016_23-16-56.jpg
730,489,1278.3483,674.10236,2203.9785,1308.7919,cam_1_1690345016_23-16-56.jpg
730,358,2606.6653,492.805,2888.9714,820.17926,cam_1_1690345016_23-16-56.jpg
730,503,949.4038,478.711,1500.4321,677.8325,cam_1_1690345016_23-16-56.jpg
730,487,1173.6483,579.4527,1668.7328,826.385,cam_1_1690345016_23-16-56.jpg
730,463,891.1651,403.4381,1299.3751,566.3495,cam_1_1690345016_23-16-56.jpg
730,532,2105.034,361.6828,2471.437,615.23035,cam_1_1690345016_23-16-56.jpg
730,448,1868.3798,301.9688,2190.9949,518.91486,cam_1_1690345016_23-16-56.jpg
731,500,1643.1322,542.1285,1991.15,659.23694,cam_1_1690345046_23-17-26.jpg
731,522,2125.892,757.3573,2462.3792,891.46765,cam_1_1690345046_23-17-26.jpg
731,489,1287.9524,675.40125,2211.4453,1307.7346,cam_1_1690345046_23-17-26.jpg
731,358,2606.984,490.7104,2865.6868,816.31793,cam_1_1690345046_23-17-26.jpg
731,503,955.74316,482.10364,1495.6051,679.2438,cam_1_1690345046_23-17-26.jpg
731,487,1177.0253,575.3811,1668.7798,825.3775,cam_1_1690345046_23-17-26.jpg
731,463,892.25946,402.1152,1295.9397,567.53436,cam_1_1690345046_23-17-26.jpg
731,532,2082.0786,358.31732,2415.2153,603.4333,cam_1_1690345046_23-17-26.jpg
731,448,1866.6213,301.60913,2175.8984,517.83203,cam_1_1690345046_23-17-26.jpg
732,500,1641.295,541.5022,1990.4147,659.97375,cam_1_1690345091_23-18-11.jpg
732,522,2125.4465,758.47723,2467.8335,893.67316,cam_1_1690345091_23-18-11.jpg
732,489,1286.0894,677.86255,2211.5447,1308.8063,cam_1_1690345091_23-18-11.jpg
732,358,2540.5837,500.1026,2751.4956,812.6887,cam_1_1690345091_23-18-11.jpg
732,503,954.25653,478.77017,1497.5103,679.5201,cam_1_1690345091_23-18-11.jpg
732,487,1176.2706,567.99603,1654.2188,824.8036,cam_1_1690345091_23-18-11.jpg
732,463,889.7992,400.12476,1283.7069,567.6518,cam_1_1690345091_23-18-11.jpg
732,532,2072.99,359.8159,2396.6816,598.6902,cam_1_1690345091_23-18-11.jpg
732,448,1858.9731,300.95895,2175.1519,516.7527,cam_1_1690345091_23-18-11.jpg
733,500,1632.0579,539.9554,1985.8058,659.75665,cam_1_1690345106_23-18-26.jpg
733,522,2112.6116,757.4526,2466.1873,895.2683,cam_1_1690345106_23-18-26.jpg
733,489,1293.0896,684.20575,2206.3389,1303.6653,cam_1_1690345106_23-18-26.jpg
733,503,955.3478,478.4253,1494.9417,679.76953,cam_1_1690345106_23-18-26.jpg
733,487,1180.1155,559.44586,1644.4766,822.2254,cam_1_1690345106_23-18-26.jpg
733,463,891.5291,401.03162,1284.2721,566.6225,cam_1_1690345106_23-18-26.jpg
733,532,2082.7732,360.61874,2393.9233,596.76294,cam_1_1690345106_23-18-26.jpg
733,448,1867.415,299.86496,2159.3008,468.87964,cam_1_1690345106_23-18-26.jpg
733,533,1781.0116,362.02985,2117.8372,565.9543,cam_1_1690345106_23-18-26.jpg
734,500,1636.1246,536.58545,1988.5277,650.99866,cam_1_1690345121_23-18-41.jpg
734,489,1494.9305,670.2512,2282.0422,1253.6515,cam_1_1690345121_23-18-41.jpg
734,503,953.66766,476.95798,1501.4047,682.2693,cam_1_1690345121_23-18-41.jpg
734,487,1173.1603,575.3686,1663.2705,832.6407,cam_1_1690345121_23-18-41.jpg
734,463,889.4832,400.88754,1282.1619,566.5907,cam_1_1690345121_23-18-41.jpg
734,532,2082.8347,359.88202,2385.7356,593.91766,cam_1_1690345121_23-18-41.jpg
734,448,1869.2233,300.53284,2156.4414,494.36044,cam_1_1690345121_23-18-41.jpg
734,449,1545.9468,328.16162,1919.855,518.9087,cam_1_1690345121_23-18-41.jpg
735,500,1650.7449,539.51215,1995.5026,650.80914,cam_1_1690345361_23-22-41.jpg
735,489,1647.3419,657.87524,2340.4,1238.606,cam_1_1690345361_23-22-41.jpg
735,503,955.2272,477.25763,1498.3228,684.4815,cam_1_1690345361_23-22-41.jpg
735,487,1169.7375,582.12335,1665.7157,839.2734,cam_1_1690345361_23-22-41.jpg
735,463,887.4656,402.5138,1287.3247,564.3123,cam_1_1690345361_23-22-41.jpg
735,532,2083.8716,362.31247,2397.7144,593.54987,cam_1_1690345361_23-22-41.jpg
735,448,1866.7684,300.65393,2190.5,503.92316,cam_1_1690345361_23-22-41.jpg
735,555,1232.0283,666.60956,1837.1449,918.9402,cam_1_1690345361_23-22-41.jpg
735,556,1329.444,763.8449,1737.0239,1020.45526,cam_1_1690345361_23-22-41.jpg
736,500,1648.9242,536.1772,1993.826,646.9246,cam_1_1690345826_23-30-26.jpg
736,489,1681.8099,648.8222,2345.6504,1234.5321,cam_1_1690345826_23-30-26.jpg
736,503,957.25305,480.9686,1514.9788,684.68713,cam_1_1690345826_23-30-26.jpg
736,487,1167.4694,584.89233,1665.0322,841.12134,cam_1_1690345826_23-30-26.jpg
736,463,887.38446,403.28,1288.6031,563.21576,cam_1_1690345826_23-30-26.jpg
736,532,2084.668,360.41614,2403.9307,596.52985,cam_1_1690345826_23-30-26.jpg
736,448,1917.7659,305.86835,2220.7874,517.9275,cam_1_1690345826_23-30-26.jpg
736,555,1228.5721,663.2076,1792.5216,909.91797,cam_1_1690345826_23-30-26.jpg
736,556,1311.2185,748.3642,1735.1521,1013.9734,cam_1_1690345826_23-30-26.jpg
737,500,1648.8646,536.83417,1994.687,649.721,cam_1_1690345841_23-30-41.jpg
737,489,1696.8868,647.9802,2323.0696,1236.8241,cam_1_1690345841_23-30-41.jpg
737,503,954.3593,478.7494,1511.8594,684.3571,cam_1_1690345841_23-30-41.jpg
737,487,1167.8591,584.82336,1667.238,842.28217,cam_1_1690345841_23-30-41.jpg
737,463,882.1243,404.1216,1286.281,563.5569,cam_1_1690345841_23-30-41.jpg
737,532,2084.1162,360.9271,2415.1133,598.15204,cam_1_1690345841_23-30-41.jpg
737,448,1944.0878,309.22,2231.4958,519.60895,cam_1_1690345841_23-30-41.jpg
737,555,1227.6624,668.4938,1816.8918,913.57574,cam_1_1690345841_23-30-41.jpg
737,556,1320.592,762.1858,1749.3748,1022.90765,cam_1_1690345841_23-30-41.jpg
738,500,1652.3877,539.66943,1998.8798,650.22705,cam_1_1690345871_23-31-11.jpg
738,489,1695.9568,645.75464,2309.5051,1236.3666,cam_1_1690345871_23-31-11.jpg
738,503,951.8077,476.6629,1494.1259,679.03217,cam_1_1690345871_23-31-11.jpg
738,487,1170.0856,579.2118,1664.5475,843.40704,cam_1_1690345871_23-31-11.jpg
738,463,881.0679,405.34976,1287.8444,564.51825,cam_1_1690345871_23-31-11.jpg
738,532,2087.7756,360.39093,2409.614,600.2594,cam_1_1690345871_23-31-11.jpg
738,448,1948.8419,306.00162,2233.5386,520.6553,cam_1_1690345871_23-31-11.jpg
738,555,1231.5214,666.20905,1826.716,917.9374,cam_1_1690345871_23-31-11.jpg
738,556,1322.1342,762.9239,1745.0872,1022.549,cam_1_1690345871_23-31-11.jpg
739,500,1655.3468,537.5641,1995.8605,650.62787,cam_1_1690345961_23-32-41.jpg
739,489,1686.8273,644.3461,2309.973,1241.291,cam_1_1690345961_23-32-41.jpg
739,503,953.5892,479.3301,1510.824,686.8406,cam_1_1690345961_23-32-41.jpg
739,487,1165.8903,583.8595,1665.45,843.9098,cam_1_1690345961_23-32-41.jpg
739,463,880.4566,405.6655,1288.7745,564.7563,cam_1_1690345961_23-32-41.jpg
739,532,2096.07,360.9024,2401.99,602.4892,cam_1_1690345961_23-32-41.jpg
739,448,1955.3425,308.1104,2247.026,523.3267,cam_1_1690345961_23-32-41.jpg
739,555,1231.9033,666.50476,1828.2161,920.44916,cam_1_1690345961_23-32-41.jpg
739,556,1328.0099,766.08405,1740.5326,1023.5215,cam_1_1690345961_23-32-41.jpg
740,500,1655.1401,538.09576,1996.5562,652.14795,cam_1_1690345976_23-32-56.jpg
740,489,1707.9061,647.88586,2306.6392,1246.4967,cam_1_1690345976_23-32-56.jpg
740,503,957.25305,479.36908,1512.8304,688.4741,cam_1_1690345976_23-32-56.jpg
740,487,1162.2034,585.5995,1667.8523,840.0388,cam_1_1690345976_23-32-56.jpg
740,463,881.0526,406.32812,1285.3807,563.78314,cam_1_1690345976_23-32-56.jpg
740,448,1960.5104,307.4365,2261.2163,538.5783,cam_1_1690345976_23-32-56.jpg
740,555,1229.5443,661.3107,1829.9503,919.2767,cam_1_1690345976_23-32-56.jpg
740,556,1329.616,760.8183,1756.118,1017.4654,cam_1_1690345976_23-32-56.jpg
741,500,1656.6742,539.6434,1994.1348,648.4564,cam_1_1690346186_23-36-26.jpg
741,489,1681.1848,648.1851,2307.9407,1256.7155,cam_1_1690346186_23-36-26.jpg
741,503,961.7544,481.05783,1505.0239,689.9552,cam_1_1690346186_23-36-26.jpg
741,487,1164.5236,587.0801,1669.4427,841.615,cam_1_1690346186_23-36-26.jpg
741,463,881.44696,406.83426,1280.376,563.6532,cam_1_1690346186_23-36-26.jpg
741,555,1232.1162,664.25494,1818.5758,921.2756,cam_1_1690346186_23-36-26.jpg
741,556,1328.982,767.27734,1743.6211,1017.2646,cam_1_1690346186_23-36-26.jpg
741,429,1099.506,235.02295,1490.0349,393.8576,cam_1_1690346186_23-36-26.jpg
741,358,2404.2566,453.86008,2772.4187,745.7868,cam_1_1690346186_23-36-26.jpg
742,500,1660.84,540.7942,1995.5945,646.40894,cam_1_1690346246_23-37-26.jpg
742,489,1673.7432,648.8341,2298.5964,1255.4121,cam_1_1690346246_23-37-26.jpg
742,503,958.04834,480.73126,1507.7114,689.7567,cam_1_1690346246_23-37-26.jpg
742,487,1166.7277,585.3473,1686.498,839.74023,cam_1_1690346246_23-37-26.jpg
742,463,882.9335,405.4185,1281.8341,564.0342,cam_1_1690346246_23-37-26.jpg
742,555,1233.0511,668.2465,1796.8806,921.24677,cam_1_1690346246_23-37-26.jpg
742,556,1325.5138,770.1443,1735.5573,1018.5218,cam_1_1690346246_23-37-26.jpg
742,358,2424.0642,452.5481,2764.7996,745.30646,cam_1_1690346246_23-37-26.jpg
742,482,778.9509,224.52986,1104.1014,468.81277,cam_1_1690346246_23-37-26.jpg
743,500,1659.3418,541.78656,1996.1636,647.5011,cam_1_1690346276_23-37-56.jpg
743,489,1671.7345,645.5656,2293.3945,1255.2139,cam_1_1690346276_23-37-56.jpg
743,503,955.49756,480.00165,1490.915,687.51556,cam_1_1690346276_23-37-56.jpg
743,487,1167.2709,591.74536,1690.0781,838.4244,cam_1_1690346276_23-37-56.jpg
743,463,884.0979,404.9359,1283.2266,563.16254,cam_1_1690346276_23-37-56.jpg
743,555,1230.9617,671.4527,1787.9868,921.19977,cam_1_1690346276_23-37-56.jpg
743,556,1328.2227,766.14307,1728.21,1018.17,cam_1_1690346276_23-37-56.jpg
743,358,2442.378,453.07098,2771.945,746.0975,cam_1_1690346276_23-37-56.jpg
743,482,759.6615,221.30728,1096.361,475.6094,cam_1_1690346276_23-37-56.jpg
744,500,1658.8794,540.9963,1997.716,646.9152,cam_1_1690346426_23-40-26.jpg
744,489,1675.8837,652.7834,2283.7566,1259.3771,cam_1_1690346426_23-40-26.jpg
744,503,955.37726,480.71866,1503.5016,690.50195,cam_1_1690346426_23-40-26.jpg
744,487,1169.5565,591.082,1688.1511,841.1414,cam_1_1690346426_23-40-26.jpg
744,463,887.26044,406.1916,1292.2278,562.7703,cam_1_1690346426_23-40-26.jpg
744,555,1231.3618,669.8046,1782.0903,921.07263,cam_1_1690346426_23-40-26.jpg
744,556,1329.5146,769.08307,1731.256,1017.5684,cam_1_1690346426_23-40-26.jpg
744,358,2456.3333,457.80933,2768.8357,749.8359,cam_1_1690346426_23-40-26.jpg
745,500,1654.0885,539.67535,1994.0967,646.6119,cam_1_1690346471_23-41-11.jpg
745,489,1652.9272,649.5491,2281.2993,1250.3002,cam_1_1690346471_23-41-11.jpg
745,503,954.23486,480.1561,1501.3029,691.78735,cam_1_1690346471_23-41-11.jpg
745,487,1169.3832,591.37866,1685.1171,841.86926,cam_1_1690346471_23-41-11.jpg
745,463,889.64636,406.11304,1298.0789,563.14484,cam_1_1690346471_23-41-11.jpg
745,555,1233.026,670.4741,1790.6774,921.61456,cam_1_1690346471_23-41-11.jpg
745,556,1329.7975,769.3019,1709.9166,1018.92596,cam_1_1690346471_23-41-11.jpg
745,358,2443.5942,459.27896,2784.877,749.3755,cam_1_1690346471_23-41-11.jpg
745,558,940.2208,442.91693,1371.6898,606.0687,cam_1_1690346471_23-41-11.jpg
746,500,1666.5168,537.38696,1993.9614,644.51697,cam_1_1690346561_23-42-41.jpg
746,489,1692.4917,646.3462,2291.9626,1254.2427,cam_1_1690346561_23-42-41.jpg
746,503,964.76855,486.4471,1473.8628,679.5947,cam_1_1690346561_23-42-41.jpg
746,463,890.95966,407.7938,1302.9286,563.2043,cam_1_1690346561_23-42-41.jpg
746,555,1134.475,572.16113,1812.0991,968.4571,cam_1_1690346561_23-42-41.jpg
746,556,1326.8535,763.98474,1751.9196,1020.47125,cam_1_1690346561_23-42-41.jpg
746,558,945.2202,444.94717,1372.6803,611.0276,cam_1_1690346561_23-42-41.jpg
746,532,2250.197,376.1889,2433.481,645.0918,cam_1_1690346561_23-42-41.jpg
747,500,1665.5104,536.8031,1988.0658,648.10474,cam_1_1690346606_23-43-26.jpg
747,489,1673.7609,650.8317,2300.4524,1253.0951,cam_1_1690346606_23-43-26.jpg
747,503,970.4674,487.7491,1468.2631,674.891,cam_1_1690346606_23-43-26.jpg
747,463,892.67975,408.07556,1302.4615,564.7755,cam_1_1690346606_23-43-26.jpg
747,555,1101.8816,541.6315,1816.6284,984.6804,cam_1_1690346606_23-43-26.jpg
747,556,1329.0277,768.0753,1741.1796,1022.56976,cam_1_1690346606_23-43-26.jpg
747,558,947.93994,444.56143,1363.1411,613.3034,cam_1_1690346606_23-43-26.jpg
747,532,2252.2498,379.9075,2424.4678,643.87115,cam_1_1690346606_23-43-26.jpg
748,489,1685.402,650.6143,2315.6755,1258.1537,cam_1_1690346861_23-47-41.jpg
748,463,891.7445,409.96487,1307.8086,566.0974,cam_1_1690346861_23-47-41.jpg
748,555,941.58765,524.8635,1719.4451,1006.27704,cam_1_1690346861_23-47-41.jpg
748,556,1322.3086,765.8501,1753.2769,1025.0128,cam_1_1690346861_23-47-41.jpg
748,558,947.35376,441.67535,1350.5991,595.00977,cam_1_1690346861_23-47-41.jpg
748,533,1837.247,497.4404,2429.928,778.5651,cam_1_1690346861_23-47-41.jpg
749,489,1687.7224,654.64166,2296.0825,1261.5629,cam_1_1690346936_23-48-56.jpg
749,463,897.6762,410.9219,1304.5084,559.0516,cam_1_1690346936_23-48-56.jpg
749,555,838.65814,515.7631,1627.1342,1017.5914,cam_1_1690346936_23-48-56.jpg
749,556,1320.2871,769.83826,1758.7705,1025.107,cam_1_1690346936_23-48-56.jpg
749,558,991.8993,449.50284,1431.954,578.05927,cam_1_1690346936_23-48-56.jpg
749,559,1737.1018,239.41713,1869.117,437.52457,cam_1_1690346936_23-48-56.jpg
749,533,1814.6643,502.19934,2444.272,791.7738,cam_1_1690346936_23-48-56.jpg
749,487,1285.5488,597.5564,1700.1396,858.1104,cam_1_1690346936_23-48-56.jpg
750,489,1708.1245,654.371,2353.9924,1247.075,cam_1_1690346996_23-49-56.jpg
750,463,897.3131,409.9112,1309.4678,559.5959,cam_1_1690346996_23-49-56.jpg
750,555,816.11,514.2133,1596.8273,1013.7272,cam_1_1690346996_23-49-56.jpg
750,556,1322.0627,766.9263,1785.9961,1024.5167,cam_1_1690346996_23-49-56.jpg
750,558,989.5633,450.83704,1427.9934,571.5093,cam_1_1690346996_23-49-56.jpg
750,559,1739.0153,240.49544,1861.0295,439.90997,cam_1_1690346996_23-49-56.jpg
750,533,1804.3835,506.62943,2450.1174,767.02893,cam_1_1690346996_23-49-56.jpg
750,487,1295.8386,605.59827,1706.1093,862.3343,cam_1_1690346996_23-49-56.jpg
750,503,1022.5741,481.67014,1531.7756,612.5256,cam_1_1690346996_23-49-56.jpg
751,489,1687.2279,652.43427,2327.2395,1248.0553,cam_1_1690347071_23-51-11.jpg
751,463,896.7671,410.82135,1305.6942,559.1349,cam_1_1690347071_23-51-11.jpg
751,555,773.65735,511.41214,1539.8502,1020.2637,cam_1_1690347071_23-51-11.jpg
751,556,1320.4922,766.5288,1762.3483,1023.6488,cam_1_1690347071_23-51-11.jpg
751,559,1739.0681,239.99127,1875.4764,440.21747,cam_1_1690347071_23-51-11.jpg
751,533,1809.9375,509.37012,2453.2012,792.41534,cam_1_1690347071_23-51-11.jpg
751,487,1300.871,603.9475,1718.3242,854.37683,cam_1_1690347071_23-51-11.jpg
751,503,1054.6378,476.28705,1528.3083,601.7036,cam_1_1690347071_23-51-11.jpg
752,489,1665.9565,656.2885,2362.4565,1254.1346,cam_1_1690347341_23-55-41.jpg
752,463,893.6879,412.13776,1306.9833,563.3454,cam_1_1690347341_23-55-41.jpg
752,555,947.4613,519.3092,1557.6498,857.43854,cam_1_1690347341_23-55-41.jpg
752,556,1321.6646,775.9929,1728.9014,1022.8417,cam_1_1690347341_23-55-41.jpg
752,559,1710.1749,241.10388,1850.0822,425.34915,cam_1_1690347341_23-55-41.jpg
752,487,1211.544,593.1103,1693.1858,843.18115,cam_1_1690347341_23-55-41.jpg
752,503,996.5869,480.5022,1514.6262,652.84186,cam_1_1690347341_23-55-41.jpg
752,449,1793.1901,268.53467,2057.7063,480.54428,cam_1_1690347341_23-55-41.jpg
752,500,1648.7228,539.2643,2000.8323,652.44244,cam_1_1690347341_23-55-41.jpg
752,558,951.51953,447.07565,1374.4539,607.6843,cam_1_1690347341_23-55-41.jpg
753,489,1657.471,660.80615,2266.2275,1256.3677,cam_1_1690347371_23-56-11.jpg
753,463,893.4029,413.6251,1311.4523,565.8928,cam_1_1690347371_23-56-11.jpg
753,555,1026.2753,528.3364,1580.0836,780.332,cam_1_1690347371_23-56-11.jpg
753,556,1321.3691,779.0558,1718.8179,1021.76917,cam_1_1690347371_23-56-11.jpg
753,559,1698.4688,239.75784,1840.2654,420.38333,cam_1_1690347371_23-56-11.jpg
753,487,1178.5918,590.35016,1676.5726,840.7891,cam_1_1690347371_23-56-11.jpg
753,503,977.29126,482.82642,1507.2988,667.6251,cam_1_1690347371_23-56-11.jpg
753,449,1803.267,269.0051,2047.217,479.9007,cam_1_1690347371_23-56-11.jpg
753,500,1645.4955,541.4452,2002.3876,656.7467,cam_1_1690347371_23-56-11.jpg
753,558,943.3631,446.2021,1366.6262,613.95685,cam_1_1690347371_23-56-11.jpg
754,489,1653.7427,665.65735,2363.5547,1256.3864,cam_1_1690347386_23-56-26.jpg
754,463,893.81805,413.283,1312.4581,565.774,cam_1_1690347386_23-56-26.jpg
754,555,1047.9713,533.6142,1582.4254,761.27985,cam_1_1690347386_23-56-26.jpg
754,556,1322.4502,782.1887,1715.7986,1023.17865,cam_1_1690347386_23-56-26.jpg
754,559,1695.018,238.28586,1837.3182,420.21503,cam_1_1690347386_23-56-26.jpg
754,487,1165.6564,593.9226,1669.6576,839.8327,cam_1_1690347386_23-56-26.jpg
754,503,969.5827,483.07147,1509.5941,675.01495,cam_1_1690347386_23-56-26.jpg
754,449,1805.2335,268.90405,2049.5867,478.50537,cam_1_1690347386_23-56-26.jpg
754,500,1652.1838,539.03094,1997.0448,653.5174,cam_1_1690347386_23-56-26.jpg
754,558,940.18146,445.4674,1361.0155,617.132,cam_1_1690347386_23-56-26.jpg
755,489,1742.9377,661.7324,2384.5735,1228.5374,cam_1_1690347416_23-56-56.jpg
755,463,893.73376,413.1628,1310.685,564.5223,cam_1_1690347416_23-56-56.jpg
755,555,1053.3779,535.7711,1576.1653,752.6301,cam_1_1690347416_23-56-56.jpg
755,556,1321.9188,773.6346,1795.057,1021.3866,cam_1_1690347416_23-56-56.jpg
755,559,1697.2976,239.6261,1835.3859,424.67563,cam_1_1690347416_23-56-56.jpg
755,487,1160.6771,594.5611,1665.4696,839.5369,cam_1_1690347416_23-56-56.jpg
755,503,967.89795,485.1111,1503.9462,677.13116,cam_1_1690347416_23-56-56.jpg
755,449,1807.871,266.74728,2026.4376,472.96417,cam_1_1690347416_23-56-56.jpg
755,500,1644.8702,541.7173,1998.9205,656.0509,cam_1_1690347416_23-56-56.jpg
755,558,943.82214,445.3761,1364.5745,617.5152,cam_1_1690347416_23-56-56.jpg
