frame,track_id,x1,y1,x2,y2,image
0,1,1968.5433,556.8395,2593.8354,923.88464,cam_3_1690272026_03-00-26.jpg
0,2,529.5918,549.791,924.43036,1059.0332,cam_3_1690272026_03-00-26.jpg
0,3,1606.0256,458.53387,2064.311,704.15314,cam_3_1690272026_03-00-26.jpg
0,4,1536.8801,437.34253,1892.7582,646.58044,cam_3_1690272026_03-00-26.jpg
0,5,1857.4227,519.1387,2392.5527,821.3326,cam_3_1690272026_03-00-26.jpg
0,6,1710.6279,489.6485,2178.7598,759.39374,cam_3_1690272026_03-00-26.jpg
0,7,593.7739,385.6811,963.9226,676.53644,cam_3_1690272026_03-00-26.jpg
0,8,1634.2393,208.18365,1969.1097,387.297,cam_3_1690272026_03-00-26.jpg
0,9,1894.8875,205.34167,2259.0237,402.00525,cam_3_1690272026_03-00-26.jpg
0,10,445.84436,330.9602,803.9728,591.5218,cam_3_1690272026_03-00-26.jpg
0,11,1490.5226,397.346,1822.9594,594.5239,cam_3_1690272026_03-00-26.jpg
0,12,2478.399,466.39853,2733.709,628.14343,cam_3_1690272026_03-00-26.jpg
0,13,364.87442,323.59308,785.77795,472.4861,cam_3_1690272026_03-00-26.jpg
1,1,1963.259,567.35406,2579.5498,919.07294,cam_3_1690272101_03-01-41.jpg
1,2,537.20825,563.16394,986.5046,1085.493,cam_3_1690272101_03-01-41.jpg
1,3,1605.6742,464.07343,2061.9446,702.4421,cam_3_1690272101_03-01-41.jpg
1,4,1534.1895,439.3624,1898.9716,649.1926,cam_3_1690272101_03-01-41.jpg
1,5,1858.6061,528.117,2414.2258,814.79706,cam_3_1690272101_03-01-41.jpg
1,6,1707.4658,495.73975,2178.7485,755.41846,cam_3_1690272101_03-01-41.jpg
1,7,518.1237,448.09665,873.8095,836.0175,cam_3_1690272101_03-01-41.jpg
1,9,1912.8134,226.37595,2288.972,413.0688,cam_3_1690272101_03-01-41.jpg
1,10,516.42804,350.8623,716.937,563.10126,cam_3_1690272101_03-01-41.jpg
1,11,1492.2628,401.5577,1815.9359,597.884,cam_3_1690272101_03-01-41.jpg
1,12,2460.1636,468.73087,2730.947,620.38837,cam_3_1690272101_03-01-41.jpg
2,1,1965.773,563.3041,2581.8948,919.0466,cam_3_1690272191_03-03-11.jpg
2,2,566.8675,582.3181,1043.5258,1136.9016,cam_3_1690272191_03-03-11.jpg
2,3,1606.2766,465.4316,2065.6348,703.88696,cam_3_1690272191_03-03-11.jpg
2,4,1536.3937,438.12918,1911.3049,647.7646,cam_3_1690272191_03-03-11.jpg
2,5,1855.6162,527.00366,2430.2246,818.7917,cam_3_1690272191_03-03-11.jpg
2,6,1711.3059,500.86856,2188.0095,757.53656,cam_3_1690272191_03-03-11.jpg
2,7,444.06894,453.70105,880.7554,805.2432,cam_3_1690272191_03-03-11.jpg
2,9,1911.234,232.84338,2297.2585,418.30405,cam_3_1690272191_03-03-11.jpg
2,10,470.95114,378.4912,743.342,615.8963,cam_3_1690272191_03-03-11.jpg
2,11,1492.1776,400.16977,1813.8015,599.8185,cam_3_1690272191_03-03-11.jpg
2,12,2461.4963,468.72928,2732.2415,628.4788,cam_3_1690272191_03-03-11.jpg
2,15,1896.8756,199.10828,2242.4592,371.30472,cam_3_1690272191_03-03-11.jpg
3,1,1966.5214,565.43634,2586.3738,919.9826,cam_3_1690272281_03-04-41.jpg
3,2,673.58704,641.35785,1079.7834,1205.6719,cam_3_1690272281_03-04-41.jpg
3,3,1609.344,469.3448,2064.6401,704.05664,cam_3_1690272281_03-04-41.jpg
3,4,1536.4619,439.47595,1913.9878,647.635,cam_3_1690272281_03-04-41.jpg
3,5,1857.8578,532.60187,2410.3792,820.43744,cam_3_1690272281_03-04-41.jpg
3,6,1714.0465,504.66562,2191.2751,758.9908,cam_3_1690272281_03-04-41.jpg
3,7,461.5856,449.44556,899.8582,842.65735,cam_3_1690272281_03-04-41.jpg
3,9,1911.6707,231.73946,2293.114,420.12274,cam_3_1690272281_03-04-41.jpg
3,10,462.1714,390.26233,748.7675,677.1881,cam_3_1690272281_03-04-41.jpg
3,11,1489.3191,401.90576,1820.461,601.0041,cam_3_1690272281_03-04-41.jpg
3,12,2467.0596,468.08347,2730.9304,621.84875,cam_3_1690272281_03-04-41.jpg
3,15,1898.4277,202.73679,2248.9683,385.83405,cam_3_1690272281_03-04-41.jpg
4,1,1963.0647,577.6709,2507.283,920.82416,cam_3_1690272341_03-05-41.jpg
4,2,704.0536,650.20544,1053.4628,1184.6067,cam_3_1690272341_03-05-41.jpg
4,3,1609.5935,471.01083,2066.0762,704.10596,cam_3_1690272341_03-05-41.jpg
4,4,1539.4539,435.12857,1926.7112,645.0722,cam_3_1690272341_03-05-41.jpg
4,5,1859.6199,537.51086,2417.436,821.2349,cam_3_1690272341_03-05-41.jpg
4,6,1715.4377,504.81766,2192.4517,758.78326,cam_3_1690272341_03-05-41.jpg
4,7,426.59192,487.27206,970.09735,885.75824,cam_3_1690272341_03-05-41.jpg
4,9,1916.9849,235.14041,2294.6626,425.804,cam_3_1690272341_03-05-41.jpg
4,10,467.91592,391.2383,744.9106,670.3393,cam_3_1690272341_03-05-41.jpg
4,11,1490.88,403.24112,1820.7944,600.27356,cam_3_1690272341_03-05-41.jpg
4,12,2388.257,473.30402,2724.465,637.2642,cam_3_1690272341_03-05-41.jpg
4,15,1889.7571,203.96024,2246.1633,383.3291,cam_3_1690272341_03-05-41.jpg
5,1,1966.5046,565.14905,2564.4216,916.61584,cam_3_1690272491_03-08-11.jpg
5,2,537.99146,629.0271,1131.8551,1071.6664,cam_3_1690272491_03-08-11.jpg
5,3,1607.9122,466.27008,2080.4736,705.50586,cam_3_1690272491_03-08-11.jpg
5,4,1536.9888,432.92926,1930.0054,644.6849,cam_3_1690272491_03-08-11.jpg
5,5,1861.231,534.75757,2386.96,817.8094,cam_3_1690272491_03-08-11.jpg
5,6,1718.0588,503.39154,2196.31,759.05634,cam_3_1690272491_03-08-11.jpg
5,7,407.03293,490.32047,964.16406,791.0303,cam_3_1690272491_03-08-11.jpg
5,9,1929.1882,237.48434,2314.187,429.09924,cam_3_1690272491_03-08-11.jpg
5,10,430.9659,430.43143,851.2247,679.5873,cam_3_1690272491_03-08-11.jpg
5,11,1490.9122,408.10608,1803.6945,598.46423,cam_3_1690272491_03-08-11.jpg
5,12,2433.8809,470.5731,2726.7893,626.8639,cam_3_1690272491_03-08-11.jpg
5,15,1891.6677,205.1184,2246.3706,394.0773,cam_3_1690272491_03-08-11.jpg
6,1,1962.2609,560.3432,2570.7964,916.8576,cam_3_1690272551_03-09-11.jpg
6,2,499.6897,617.3032,1150.4403,1025.6558,cam_3_1690272551_03-09-11.jpg
6,3,1606.4303,466.11578,2082.9253,706.2717,cam_3_1690272551_03-09-11.jpg
6,4,1535.7291,434.4124,1929.8972,644.87976,cam_3_1690272551_03-09-11.jpg
6,5,1860.816,533.33984,2397.6477,818.24207,cam_3_1690272551_03-09-11.jpg
6,6,1714.8799,502.5515,2202.4487,760.0981,cam_3_1690272551_03-09-11.jpg
6,7,451.28625,497.34332,972.6782,828.1271,cam_3_1690272551_03-09-11.jpg
6,9,1934.0969,233.69635,2366.8198,429.5876,cam_3_1690272551_03-09-11.jpg
6,10,397.9819,445.49338,888.4225,686.54175,cam_3_1690272551_03-09-11.jpg
6,11,1490.5399,409.4804,1798.7206,599.05585,cam_3_1690272551_03-09-11.jpg
6,12,2451.2205,467.08667,2722.0337,624.4705,cam_3_1690272551_03-09-11.jpg
6,15,1915.3446,192.32338,2231.4463,388.77798,cam_3_1690272551_03-09-11.jpg
6,19,718.65796,360.3889,1116.9666,582.8551,cam_3_1690272551_03-09-11.jpg
7,1,1963.5146,557.36554,2571.829,915.1488,cam_3_1690272626_03-10-26.jpg
7,2,512.1275,611.8983,1163.1672,1012.8349,cam_3_1690272626_03-10-26.jpg
7,3,1606.6428,464.63492,2087.295,706.7345,cam_3_1690272626_03-10-26.jpg
7,4,1535.4957,432.73953,1931.029,644.90076,cam_3_1690272626_03-10-26.jpg
7,5,1859.8894,533.92065,2396.2102,819.663,cam_3_1690272626_03-10-26.jpg
7,6,1716.0287,501.68518,2206.4597,759.9458,cam_3_1690272626_03-10-26.jpg
7,7,474.51556,494.88037,985.8985,842.6748,cam_3_1690272626_03-10-26.jpg
7,9,1955.7844,228.93034,2394.9429,429.46762,cam_3_1690272626_03-10-26.jpg
7,10,366.70346,436.6362,907.9113,671.585,cam_3_1690272626_03-10-26.jpg
7,11,1491.296,407.76022,1802.4999,598.74756,cam_3_1690272626_03-10-26.jpg
7,12,2455.1697,468.46234,2719.262,626.0594,cam_3_1690272626_03-10-26.jpg
7,15,1908.3104,199.02846,2250.626,395.44833,cam_3_1690272626_03-10-26.jpg
8,1,1964.3693,555.8467,2570.5227,913.8493,cam_3_1690272866_03-14-26.jpg
8,2,507.96924,610.902,1164.4082,1009.5045,cam_3_1690272866_03-14-26.jpg
8,3,1608.8104,462.77072,2083.7466,706.06085,cam_3_1690272866_03-14-26.jpg
8,4,1536.1238,433.02673,1929.7902,645.64575,cam_3_1690272866_03-14-26.jpg
8,5,1862.2621,526.0505,2395.0068,816.5228,cam_3_1690272866_03-14-26.jpg
8,6,1713.2085,495.4124,2199.3076,757.91376,cam_3_1690272866_03-14-26.jpg
8,7,436.41968,487.73898,982.59436,872.6744,cam_3_1690272866_03-14-26.jpg
8,10,376.7791,423.28452,911.1251,655.6071,cam_3_1690272866_03-14-26.jpg
8,11,1491.713,408.2038,1806.0807,598.99866,cam_3_1690272866_03-14-26.jpg
8,12,2430.1812,470.07324,2718.7205,634.5681,cam_3_1690272866_03-14-26.jpg
8,20,1271.4727,197.95915,1463.0421,406.7563,cam_3_1690272866_03-14-26.jpg
8,13,370.71713,367.02542,874.92975,540.9851,cam_3_1690272866_03-14-26.jpg
9,1,1964.7511,556.09924,2593.4026,912.5737,cam_3_1690272896_03-14-56.jpg
9,2,617.28625,586.31946,1098.459,989.66956,cam_3_1690272896_03-14-56.jpg
9,3,1608.0381,463.0402,2086.448,706.31726,cam_3_1690272896_03-14-56.jpg
9,4,1535.1035,431.86298,1930.3297,646.2542,cam_3_1690272896_03-14-56.jpg
9,5,1863.3593,524.957,2401.6763,815.1752,cam_3_1690272896_03-14-56.jpg
9,6,1715.6505,499.49332,2202.2805,758.0939,cam_3_1690272896_03-14-56.jpg
9,7,455.67575,481.95386,1004.15314,889.5328,cam_3_1690272896_03-14-56.jpg
9,10,411.88394,428.98953,910.2473,710.77496,cam_3_1690272896_03-14-56.jpg
9,11,1490.9957,407.81323,1808.1965,598.1627,cam_3_1690272896_03-14-56.jpg
9,12,2389.6938,470.51117,2719.772,632.7363,cam_3_1690272896_03-14-56.jpg
9,20,1275.9457,195.75253,1479.3594,404.70248,cam_3_1690272896_03-14-56.jpg
9,13,416.61783,365.9642,871.4376,565.1091,cam_3_1690272896_03-14-56.jpg
10,1,1919.4587,486.65253,2573.261,978.1486,cam_3_1690273031_03-17-11.jpg
10,3,1608.3416,461.23917,2071.3132,704.9972,cam_3_1690273031_03-17-11.jpg
10,4,1534.89,432.16785,1926.2616,646.40173,cam_3_1690273031_03-17-11.jpg
10,6,1714.8961,505.03146,2163.4424,760.815,cam_3_1690273031_03-17-11.jpg
10,7,438.8962,499.45068,1002.8005,866.4172,cam_3_1690273031_03-17-11.jpg
10,10,424.16818,452.26633,928.22876,759.0658,cam_3_1690273031_03-17-11.jpg
10,11,1490.7845,407.40424,1805.5673,599.678,cam_3_1690273031_03-17-11.jpg
10,20,1259.6838,199.26385,1471.6738,400.50214,cam_3_1690273031_03-17-11.jpg
10,13,429.80136,363.3174,861.6314,546.5768,cam_3_1690273031_03-17-11.jpg
10,23,757.8684,1264.5945,2273.4072,2732.5752,cam_3_1690273031_03-17-11.jpg
11,1,1909.9664,456.53256,2569.588,942.8558,cam_3_1690273046_03-17-26.jpg
11,3,1609.7291,455.6385,2060.3733,706.00934,cam_3_1690273046_03-17-26.jpg
11,4,1533.4012,430.54092,1926.0197,646.06525,cam_3_1690273046_03-17-26.jpg
11,6,1713.2224,528.2909,2016.1495,765.26263,cam_3_1690273046_03-17-26.jpg
11,7,369.8413,503.44995,1008.0216,860.54755,cam_3_1690273046_03-17-26.jpg
11,10,391.99344,454.31708,933.4966,713.06744,cam_3_1690273046_03-17-26.jpg
11,11,1492.2263,405.67618,1807.9146,599.5208,cam_3_1690273046_03-17-26.jpg
11,20,1252.4761,198.51595,1467.1062,401.95392,cam_3_1690273046_03-17-26.jpg
11,13,402.00095,357.98087,851.84503,547.6468,cam_3_1690273046_03-17-26.jpg
11,23,758.5063,1265.7913,2271.3113,2695.835,cam_3_1690273046_03-17-26.jpg
12,1,1913.3276,443.43167,2573.1143,924.0317,cam_3_1690273196_03-19-56.jpg
12,3,1612.1573,454.51068,2056.8,706.5313,cam_3_1690273196_03-19-56.jpg
12,4,1532.0021,431.42944,1924.0636,646.1922,cam_3_1690273196_03-19-56.jpg
12,6,1713.5463,535.63385,1962.7662,766.1864,cam_3_1690273196_03-19-56.jpg
12,7,436.88333,510.6866,1017.3758,877.8773,cam_3_1690273196_03-19-56.jpg
12,10,423.32846,473.24054,952.16473,744.7912,cam_3_1690273196_03-19-56.jpg
12,11,1491.7316,411.07727,1794.4067,598.9752,cam_3_1690273196_03-19-56.jpg
12,13,380.82297,353.30746,830.55554,524.5327,cam_3_1690273196_03-19-56.jpg
13,1,1916.415,439.16827,2572.8154,916.66583,cam_3_1690273271_03-21-11.jpg
13,3,1616.5006,452.43457,2061.4263,706.5704,cam_3_1690273271_03-21-11.jpg
13,4,1534.9255,430.9417,1924.38,646.9445,cam_3_1690273271_03-21-11.jpg
13,6,1711.9307,536.2867,1952.8143,765.92206,cam_3_1690273271_03-21-11.jpg
13,7,476.05295,504.94006,1038.8201,878.57495,cam_3_1690273271_03-21-11.jpg
13,10,366.5502,447.3148,936.1611,677.52856,cam_3_1690273271_03-21-11.jpg
13,11,1490.4111,410.3784,1796.4121,600.2778,cam_3_1690273271_03-21-11.jpg
14,1,1910.2728,439.76978,2583.548,915.9648,cam_3_1690273331_03-22-11.jpg
14,3,1611.6787,451.99405,2052.9941,707.0891,cam_3_1690273331_03-22-11.jpg
14,4,1535.8359,431.44293,1923.5696,646.45557,cam_3_1690273331_03-22-11.jpg
14,6,1717.8608,542.89484,1950.0823,762.8915,cam_3_1690273331_03-22-11.jpg
14,7,438.9879,497.5991,1048.7532,869.5356,cam_3_1690273331_03-22-11.jpg
14,10,404.74576,435.44955,932.09973,659.17834,cam_3_1690273331_03-22-11.jpg
14,11,1489.5638,408.52945,1793.1566,599.304,cam_3_1690273331_03-22-11.jpg
14,28,507.76083,333.64728,800.24286,447.6122,cam_3_1690273331_03-22-11.jpg
15,1,1909.4567,439.03217,2598.3523,915.8681,cam_3_1690273436_03-23-56.jpg
15,3,1612.7971,451.48294,2055.5422,708.0571,cam_3_1690273436_03-23-56.jpg
15,4,1536.6891,430.14905,1924.0802,646.29254,cam_3_1690273436_03-23-56.jpg
15,6,1713.6052,548.51306,1945.4865,769.1394,cam_3_1690273436_03-23-56.jpg
15,7,389.73505,490.82443,1056.6947,866.53766,cam_3_1690273436_03-23-56.jpg
15,10,353.10712,428.44818,918.4356,645.39575,cam_3_1690273436_03-23-56.jpg
15,11,1488.546,407.33737,1790.052,595.7384,cam_3_1690273436_03-23-56.jpg
15,28,508.96582,341.02667,808.21014,448.9693,cam_3_1690273436_03-23-56.jpg
16,1,1906.5388,440.05716,2594.0256,915.05396,cam_3_1690273541_03-25-41.jpg
16,3,1610.2463,450.30063,2052.9,706.32935,cam_3_1690273541_03-25-41.jpg
16,4,1537.4637,428.44077,1924.579,645.26746,cam_3_1690273541_03-25-41.jpg
16,6,1715.5797,546.14124,1940.1832,768.5814,cam_3_1690273541_03-25-41.jpg
16,7,373.0867,487.17642,1029.0626,843.8012,cam_3_1690273541_03-25-41.jpg
16,10,362.9285,414.68747,910.0664,622.3522,cam_3_1690273541_03-25-41.jpg
16,11,1484.7719,402.84854,1785.676,595.14136,cam_3_1690273541_03-25-41.jpg
16,28,505.32626,335.71295,796.2956,447.2343,cam_3_1690273541_03-25-41.jpg
17,1,1906.3328,443.7709,2595.0986,913.16907,cam_3_1690273826_03-30-26.jpg
17,3,1605.0419,451.2555,2042.7075,705.7415,cam_3_1690273826_03-30-26.jpg
17,4,1462.0287,361.64948,1903.6046,635.0618,cam_3_1690273826_03-30-26.jpg
17,6,1709.9589,544.5765,1938.8767,769.1635,cam_3_1690273826_03-30-26.jpg
17,7,433.5296,484.7476,982.17426,802.76416,cam_3_1690273826_03-30-26.jpg
17,10,414.81918,408.807,883.99316,655.8666,cam_3_1690273826_03-30-26.jpg
17,28,499.8234,333.90134,795.5517,447.4821,cam_3_1690273826_03-30-26.jpg
17,9,2057.3337,249.5433,2583.918,463.54892,cam_3_1690273826_03-30-26.jpg
17,2,496.85468,535.4079,1103.5753,985.0113,cam_3_1690273826_03-30-26.jpg
17,13,435.84665,385.2407,825.58936,582.6559,cam_3_1690273826_03-30-26.jpg
18,1,1907.0221,446.61212,2591.5674,915.7007,cam_3_1690273856_03-30-56.jpg
18,3,1603.1118,453.65607,2043.7084,704.34717,cam_3_1690273856_03-30-56.jpg
18,4,1452.1515,335.80286,1900.2267,622.5401,cam_3_1690273856_03-30-56.jpg
18,6,1712.177,541.6568,1938.0312,768.8518,cam_3_1690273856_03-30-56.jpg
18,7,463.4371,480.7308,956.1736,810.8834,cam_3_1690273856_03-30-56.jpg
18,10,382.924,434.6335,901.39307,669.5945,cam_3_1690273856_03-30-56.jpg
18,28,495.78668,334.55737,798.2015,443.4382,cam_3_1690273856_03-30-56.jpg
18,9,2059.4348,251.6327,2592.7942,467.70853,cam_3_1690273856_03-30-56.jpg
18,2,550.49225,505.43164,1195.3722,960.3768,cam_3_1690273856_03-30-56.jpg
18,13,398.47394,358.3006,802.6724,562.7145,cam_3_1690273856_03-30-56.jpg
19,1,1906.8668,446.4877,2582.882,917.9356,cam_3_1690273871_03-31-11.jpg
19,3,1608.5142,455.49097,2044.0226,706.68555,cam_3_1690273871_03-31-11.jpg
19,4,1508.482,388.3554,1920.1654,630.6078,cam_3_1690273871_03-31-11.jpg
19,6,1713.154,546.6048,1935.9459,767.49963,cam_3_1690273871_03-31-11.jpg
19,10,395.22232,453.72055,929.71564,691.2077,cam_3_1690273871_03-31-11.jpg
19,9,2054.04,249.84784,2591.8958,465.0529,cam_3_1690273871_03-31-11.jpg
19,2,518.8178,503.82812,1149.9152,904.0913,cam_3_1690273871_03-31-11.jpg
19,13,387.3394,347.92523,799.8263,531.1048,cam_3_1690273871_03-31-11.jpg
19,33,398.6335,406.04596,871.9094,600.2091,cam_3_1690273871_03-31-11.jpg
19,11,1489.7886,405.63977,1804.8658,597.47015,cam_3_1690273871_03-31-11.jpg
20,1,1902.1381,447.55118,2595.4775,918.483,cam_3_1690274096_03-34-56.jpg
20,3,1608.5653,452.94745,2040.598,707.259,cam_3_1690274096_03-34-56.jpg
20,4,1531.4724,414.2896,1921.073,636.58606,cam_3_1690274096_03-34-56.jpg
20,6,1715.9093,554.985,1937.8914,767.74304,cam_3_1690274096_03-34-56.jpg
20,10,394.79297,450.3589,941.6905,697.9487,cam_3_1690274096_03-34-56.jpg
20,9,2101.6497,254.04587,2637.322,470.55002,cam_3_1690274096_03-34-56.jpg
20,2,489.27258,491.9785,1082.5983,878.72675,cam_3_1690274096_03-34-56.jpg
20,13,380.4502,343.01065,806.0079,542.66187,cam_3_1690274096_03-34-56.jpg
20,33,393.88464,392.16263,851.80365,584.99945,cam_3_1690274096_03-34-56.jpg
20,11,1489.3262,406.16885,1803.311,596.75525,cam_3_1690274096_03-34-56.jpg
20,28,508.49072,334.2232,806.81696,440.52313,cam_3_1690274096_03-34-56.jpg
21,1,1905.7125,442.52036,2596.3167,916.75665,cam_3_1690274126_03-35-26.jpg
21,3,1607.2806,447.0504,2038.7361,700.56744,cam_3_1690274126_03-35-26.jpg
21,4,1537.2583,424.27133,1911.1001,639.9112,cam_3_1690274126_03-35-26.jpg
21,6,1706.0989,546.1797,1934.3912,761.44336,cam_3_1690274126_03-35-26.jpg
21,10,433.91235,452.2275,942.7972,727.991,cam_3_1690274126_03-35-26.jpg
21,9,2113.3706,255.0951,2631.7205,464.73807,cam_3_1690274126_03-35-26.jpg
21,2,485.0787,486.0684,1058.9744,868.6298,cam_3_1690274126_03-35-26.jpg
21,11,1489.8586,404.71622,1805.6669,597.1208,cam_3_1690274126_03-35-26.jpg
21,28,531.93396,335.18704,803.87335,443.5084,cam_3_1690274126_03-35-26.jpg
22,1,1904.2302,446.8909,2598.3335,915.5286,cam_3_1690274186_03-36-26.jpg
22,4,1538.8213,427.7004,1904.5514,641.4615,cam_3_1690274186_03-36-26.jpg
22,10,395.77707,448.8425,948.887,702.96277,cam_3_1690274186_03-36-26.jpg
22,9,2151.8887,252.66318,2661.8506,469.71777,cam_3_1690274186_03-36-26.jpg
22,2,441.65836,475.0287,1077.0527,858.3105,cam_3_1690274186_03-36-26.jpg
22,11,1494.3093,402.83844,1808.2838,595.1973,cam_3_1690274186_03-36-26.jpg
22,5,1734.499,433.7934,2233.8435,903.9793,cam_3_1690274186_03-36-26.jpg
23,1,1910.7994,448.3028,2603.4468,906.6053,cam_3_1690274336_03-38-56.jpg
23,4,1532.9675,424.7978,1920.0085,613.9068,cam_3_1690274336_03-38-56.jpg
23,10,412.64444,448.04938,938.2441,709.408,cam_3_1690274336_03-38-56.jpg
23,9,2169.669,248.54652,2696.858,481.7765,cam_3_1690274336_03-38-56.jpg
23,2,460.9862,478.4021,1069.5273,860.7481,cam_3_1690274336_03-38-56.jpg
23,11,1496.2976,402.36884,1817.9762,598.3133,cam_3_1690274336_03-38-56.jpg
23,35,1164.5637,285.56476,1607.5793,584.8346,cam_3_1690274336_03-38-56.jpg
23,33,390.67447,424.75473,894.22485,630.62164,cam_3_1690274336_03-38-56.jpg
23,3,1533.7238,457.28857,2004.6765,900.2208,cam_3_1690274336_03-38-56.jpg
24,1,1907.1351,451.10107,2600.4998,905.66364,cam_3_1690274456_03-40-56.jpg
24,4,1539.4906,425.6412,1925.0792,629.5867,cam_3_1690274456_03-40-56.jpg
24,10,378.12585,473.49057,1000.78644,730.532,cam_3_1690274456_03-40-56.jpg
24,9,2191.2646,243.21599,2711.8386,496.12994,cam_3_1690274456_03-40-56.jpg
24,2,492.81546,569.26227,1120.7576,995.7879,cam_3_1690274456_03-40-56.jpg
24,11,1494.0962,401.81284,1812.5961,597.35315,cam_3_1690274456_03-40-56.jpg
24,35,1178.6514,284.45517,1618.7059,596.2976,cam_3_1690274456_03-40-56.jpg
24,3,1579.728,451.50238,2041.9016,801.05176,cam_3_1690274456_03-40-56.jpg
24,19,876.3732,285.60535,1213.3038,513.507,cam_3_1690274456_03-40-56.jpg
24,13,351.1175,356.01938,800.55304,551.8363,cam_3_1690274456_03-40-56.jpg
24,6,1712.2937,523.7535,1928.7561,772.07086,cam_3_1690274456_03-40-56.jpg
25,1,1901.1765,452.1633,2599.1638,910.0505,cam_3_1690274501_03-41-41.jpg
25,4,1540.9314,424.3562,1918.0472,635.19293,cam_3_1690274501_03-41-41.jpg
25,10,368.86404,483.05023,1025.0135,739.644,cam_3_1690274501_03-41-41.jpg
25,9,2250.1345,240.66461,2714.153,505.22537,cam_3_1690274501_03-41-41.jpg
25,2,502.10648,602.80554,1139.4307,1025.0929,cam_3_1690274501_03-41-41.jpg
25,11,1492.9631,402.8354,1812.9302,596.8551,cam_3_1690274501_03-41-41.jpg
25,35,1182.1097,282.4593,1570.6638,600.89105,cam_3_1690274501_03-41-41.jpg
25,3,1596.9664,448.70148,2050.9148,742.81396,cam_3_1690274501_03-41-41.jpg
25,19,881.81085,283.60107,1210.1783,513.4206,cam_3_1690274501_03-41-41.jpg
25,13,353.29916,359.33487,802.9741,549.1622,cam_3_1690274501_03-41-41.jpg
25,6,1715.9222,521.3297,1929.3867,775.5482,cam_3_1690274501_03-41-41.jpg
26,1,1905.2579,451.8929,2598.1694,903.4505,cam_3_1690274546_03-42-26.jpg
26,4,1546.9921,424.92908,1925.2877,636.9992,cam_3_1690274546_03-42-26.jpg
26,10,359.7531,487.36002,1043.0344,744.8181,cam_3_1690274546_03-42-26.jpg
26,9,2232.7646,239.09116,2721.4805,499.83377,cam_3_1690274546_03-42-26.jpg
26,2,519.1776,618.123,1152.8127,1036.4272,cam_3_1690274546_03-42-26.jpg
26,11,1491.634,401.48666,1815.369,597.7854,cam_3_1690274546_03-42-26.jpg
26,35,1184.2933,282.52008,1584.6063,591.9494,cam_3_1690274546_03-42-26.jpg
26,3,1607.2485,447.2456,2056.595,723.6052,cam_3_1690274546_03-42-26.jpg
26,13,405.85452,365.57156,802.2367,572.7901,cam_3_1690274546_03-42-26.jpg
26,6,1717.6718,525.3757,1937.6422,772.3613,cam_3_1690274546_03-42-26.jpg
26,20,1226.0498,225.2665,1563.2179,335.72757,cam_3_1690274546_03-42-26.jpg
27,1,1897.4517,450.72705,2585.2983,909.0614,cam_3_1690274606_03-43-26.jpg
27,9,2226.0283,238.60336,2728.2446,506.09244,cam_3_1690274606_03-43-26.jpg
27,2,521.6783,615.8825,1162.6963,1041.1082,cam_3_1690274606_03-43-26.jpg
27,11,1474.2546,344.0615,1825.6658,627.5172,cam_3_1690274606_03-43-26.jpg
27,35,1188.0656,284.13052,1580.6033,595.7321,cam_3_1690274606_03-43-26.jpg
27,3,1610.2161,391.68085,2110.8435,752.5066,cam_3_1690274606_03-43-26.jpg
27,13,417.0123,364.4644,806.29333,591.4173,cam_3_1690274606_03-43-26.jpg
27,15,2120.8843,195.6354,2372.567,401.22427,cam_3_1690274606_03-43-26.jpg
27,7,490.6217,479.2287,1035.2432,814.37866,cam_3_1690274606_03-43-26.jpg
28,1,1900.3666,451.785,2585.6577,913.19366,cam_3_1690274666_03-44-26.jpg
28,9,2226.8794,239.02739,2725.0352,502.92374,cam_3_1690274666_03-44-26.jpg
28,2,517.42737,622.13153,1188.2456,1087.0681,cam_3_1690274666_03-44-26.jpg
28,11,1452.6157,329.67786,1825.8104,636.92413,cam_3_1690274666_03-44-26.jpg
28,35,1184.4631,282.49295,1596.7538,599.5129,cam_3_1690274666_03-44-26.jpg
28,3,1603.9468,373.34375,2084.319,758.54535,cam_3_1690274666_03-44-26.jpg
28,13,367.0435,360.46057,809.25085,565.4114,cam_3_1690274666_03-44-26.jpg
28,15,2128.6887,194.65202,2400.218,402.89014,cam_3_1690274666_03-44-26.jpg
28,10,396.08585,481.56152,1047.2114,764.7417,cam_3_1690274666_03-44-26.jpg
29,1,1898.0232,453.14725,2592.2185,908.85376,cam_3_1690274711_03-45-11.jpg
29,9,2236.3457,242.55818,2724.3752,513.81165,cam_3_1690274711_03-45-11.jpg
29,2,535.81885,618.754,1200.7854,1121.3729,cam_3_1690274711_03-45-11.jpg
29,11,1442.7502,328.4965,1874.3073,558.1259,cam_3_1690274711_03-45-11.jpg
29,35,1180.9764,282.89474,1606.1453,566.95056,cam_3_1690274711_03-45-11.jpg
29,13,377.85544,359.62738,811.7468,557.0117,cam_3_1690274711_03-45-11.jpg
29,15,2129.4673,197.96883,2427.169,407.91144,cam_3_1690274711_03-45-11.jpg
29,10,361.33792,479.6402,1044.2731,761.8316,cam_3_1690274711_03-45-11.jpg
29,5,1289.073,453.5512,1917.1974,910.13934,cam_3_1690274711_03-45-11.jpg
30,1,1893.781,457.65082,2600.8894,905.72266,cam_3_1690274726_03-45-26.jpg
30,9,2234.6672,243.26433,2723.4744,515.3761,cam_3_1690274726_03-45-26.jpg
30,2,520.27423,616.5676,1198.7528,1120.8977,cam_3_1690274726_03-45-26.jpg
30,11,1437.1953,329.14163,1927.3105,529.5681,cam_3_1690274726_03-45-26.jpg
30,35,1180.0503,282.7799,1602.0881,552.36523,cam_3_1690274726_03-45-26.jpg
30,13,418.34338,356.58228,801.8268,595.3311,cam_3_1690274726_03-45-26.jpg
30,15,2134.8198,199.312,2457.733,414.0248,cam_3_1690274726_03-45-26.jpg
30,10,410.99756,478.31662,1041.9934,774.59814,cam_3_1690274726_03-45-26.jpg
30,5,1261.117,455.8106,1885.4153,909.0895,cam_3_1690274726_03-45-26.jpg
31,1,1903.9338,454.51678,2597.7605,909.9664,cam_3_1690274786_03-46-26.jpg
31,9,2215.8672,257.16083,2715.7021,509.25235,cam_3_1690274786_03-46-26.jpg
31,35,1180.1976,293.278,1591.3855,556.44714,cam_3_1690274786_03-46-26.jpg
31,13,381.2429,355.61575,804.8246,570.458,cam_3_1690274786_03-46-26.jpg
31,5,1229.6655,465.13318,1865.1946,917.76984,cam_3_1690274786_03-46-26.jpg
31,7,503.83054,488.6728,977.1688,891.7962,cam_3_1690274786_03-46-26.jpg
32,1,1903.859,451.03067,2598.6082,910.0867,cam_3_1690274891_03-48-11.jpg
32,9,2221.7551,244.12238,2736.0054,518.8132,cam_3_1690274891_03-48-11.jpg
32,35,1180.5697,286.18552,1612.1841,582.32764,cam_3_1690274891_03-48-11.jpg
32,13,364.74237,359.78946,802.74066,529.76935,cam_3_1690274891_03-48-11.jpg
32,7,496.18448,481.24106,1043.1562,878.4145,cam_3_1690274891_03-48-11.jpg
32,33,434.18985,401.97885,815.17944,668.75024,cam_3_1690274891_03-48-11.jpg
32,4,1549.685,423.9573,1936.1091,647.4985,cam_3_1690274891_03-48-11.jpg
32,3,1615.644,436.2718,2080.022,722.12054,cam_3_1690274891_03-48-11.jpg
32,11,1481.1838,384.92642,1844.3861,580.7597,cam_3_1690274891_03-48-11.jpg
33,1,1906.1622,450.96356,2587.4485,910.7796,cam_3_1690274921_03-48-41.jpg
33,9,2228.7334,246.0929,2744.1611,526.4,cam_3_1690274921_03-48-41.jpg
33,35,1179.4641,284.34164,1617.2058,586.0917,cam_3_1690274921_03-48-41.jpg
33,13,376.08282,364.51706,800.87646,528.41797,cam_3_1690274921_03-48-41.jpg
33,7,443.41412,475.89633,1056.4547,864.0125,cam_3_1690274921_03-48-41.jpg
33,42,2768.5757,572.4414,3856.967,1165.0145,cam_3_1690274921_03-48-41.jpg
33,33,445.31235,401.58636,818.50964,642.7564,cam_3_1690274921_03-48-41.jpg
33,4,1549.8745,425.52237,1929.0741,648.60114,cam_3_1690274921_03-48-41.jpg
33,3,1618.2958,445.85532,2073.9756,714.23553,cam_3_1690274921_03-48-41.jpg
33,11,1495.356,399.38654,1815.6696,592.38464,cam_3_1690274921_03-48-41.jpg
33,15,2178.4138,217.13614,2512.9988,409.59003,cam_3_1690274921_03-48-41.jpg
34,1,1894.288,447.276,2584.4663,916.31354,cam_3_1690275056_03-50-56.jpg
34,35,1189.284,290.6883,1632.6221,590.4791,cam_3_1690275056_03-50-56.jpg
34,7,380.76138,467.51303,1059.446,841.0352,cam_3_1690275056_03-50-56.jpg
34,33,422.32834,400.4905,832.73645,607.46234,cam_3_1690275056_03-50-56.jpg
34,4,1549.1617,430.23215,1928.0404,646.12994,cam_3_1690275056_03-50-56.jpg
34,3,1618.3044,459.43686,2061.4182,714.79785,cam_3_1690275056_03-50-56.jpg
34,11,1500.8048,401.6396,1808.1873,595.6348,cam_3_1690275056_03-50-56.jpg
34,23,703.8991,1192.2482,2095.6074,2729.7737,cam_3_1690275056_03-50-56.jpg
34,20,1333.1261,196.66205,1686.6154,330.583,cam_3_1690275056_03-50-56.jpg
35,1,1893.608,448.55807,2588.5771,916.2195,cam_3_1690275116_03-51-56.jpg
35,35,1201.0643,291.1268,1638.5153,588.39685,cam_3_1690275116_03-51-56.jpg
35,7,429.1964,464.41043,1035.5621,844.3946,cam_3_1690275116_03-51-56.jpg
35,33,412.54495,370.27658,817.2917,601.28845,cam_3_1690275116_03-51-56.jpg
35,4,1548.353,430.43964,1929.4584,645.7471,cam_3_1690275116_03-51-56.jpg
35,3,1618.0338,465.13135,2060.3591,713.4528,cam_3_1690275116_03-51-56.jpg
35,11,1501.9291,401.07208,1816.4114,595.9786,cam_3_1690275116_03-51-56.jpg
35,44,1720.6709,222.35065,2089.339,441.94067,cam_3_1690275116_03-51-56.jpg
35,23,693.0724,1200.7957,2087.5005,2729.169,cam_3_1690275116_03-51-56.jpg
35,10,431.24045,425.6027,932.0401,746.0852,cam_3_1690275116_03-51-56.jpg
36,1,1895.9241,447.33832,2593.7327,917.1996,cam_3_1690275131_03-52-11.jpg
36,35,1202.131,287.727,1637.8235,590.21594,cam_3_1690275131_03-52-11.jpg
36,7,378.9507,468.47156,1037.0089,836.82,cam_3_1690275131_03-52-11.jpg
36,4,1548.6366,429.72256,1931.5052,644.3139,cam_3_1690275131_03-52-11.jpg
36,3,1618.5745,463.67545,2058.193,714.1796,cam_3_1690275131_03-52-11.jpg
36,11,1503.2831,399.96008,1812.6912,595.3706,cam_3_1690275131_03-52-11.jpg
36,44,1724.0664,223.12282,2096.4412,440.8,cam_3_1690275131_03-52-11.jpg
36,23,690.4622,1205.9385,2085.8008,2730.4368,cam_3_1690275131_03-52-11.jpg
36,10,418.3528,417.6591,912.59564,687.3819,cam_3_1690275131_03-52-11.jpg
36,13,358.00516,348.53177,821.5346,520.8555,cam_3_1690275131_03-52-11.jpg
37,1,1892.0396,448.9813,2594.571,916.54236,cam_3_1690275146_03-52-26.jpg
37,35,1201.8322,289.23752,1615.7998,588.74115,cam_3_1690275146_03-52-26.jpg
37,7,413.1004,462.605,1050.023,831.2465,cam_3_1690275146_03-52-26.jpg
37,4,1547.3888,430.767,1934.8098,645.03326,cam_3_1690275146_03-52-26.jpg
37,3,1619.0187,466.3772,2057.0671,714.8166,cam_3_1690275146_03-52-26.jpg
37,11,1501.033,401.3894,1807.9073,594.9287,cam_3_1690275146_03-52-26.jpg
37,44,1721.2261,224.1174,2098.9167,442.1091,cam_3_1690275146_03-52-26.jpg
37,23,753.1287,1200.2546,2056.7288,2719.087,cam_3_1690275146_03-52-26.jpg
37,10,431.3833,415.03174,912.9212,644.9878,cam_3_1690275146_03-52-26.jpg
37,13,356.8421,346.96637,818.1407,520.8094,cam_3_1690275146_03-52-26.jpg
38,1,1887.9634,447.76193,2596.327,909.34656,cam_3_1690275266_03-54-26.jpg
38,35,1198.5955,285.33932,1632.6401,590.7219,cam_3_1690275266_03-54-26.jpg
38,7,470.72797,479.4247,1040.8373,868.173,cam_3_1690275266_03-54-26.jpg
38,4,1546.4244,427.25217,1926.0767,641.57104,cam_3_1690275266_03-54-26.jpg
38,3,1616.1317,465.17273,2072.5906,715.03577,cam_3_1690275266_03-54-26.jpg
38,11,1500.1344,401.42163,1804.6936,596.9826,cam_3_1690275266_03-54-26.jpg
38,44,1749.0906,218.11499,2128.9185,447.14075,cam_3_1690275266_03-54-26.jpg
38,10,381.48962,400.9895,899.6399,613.3599,cam_3_1690275266_03-54-26.jpg
38,13,354.2021,344.3732,811.5061,516.1295,cam_3_1690275266_03-54-26.jpg
39,1,1897.2797,445.2071,2584.652,907.5653,cam_3_1690275296_03-54-56.jpg
39,35,1204.1326,288.26883,1641.0648,589.7173,cam_3_1690275296_03-54-56.jpg
39,7,476.1217,488.1516,1037.9556,863.9651,cam_3_1690275296_03-54-56.jpg
39,4,1545.8887,428.1746,1922.6863,642.9361,cam_3_1690275296_03-54-56.jpg
39,3,1616.7859,459.40402,2070.683,713.95593,cam_3_1690275296_03-54-56.jpg
39,11,1500.3522,399.59656,1803.4988,596.16614,cam_3_1690275296_03-54-56.jpg
39,44,1749.9042,218.77518,2128.3965,452.85547,cam_3_1690275296_03-54-56.jpg
39,10,428.20984,434.2439,921.084,688.35486,cam_3_1690275296_03-54-56.jpg
39,33,423.8325,365.13205,788.86536,580.2729,cam_3_1690275296_03-54-56.jpg
40,1,1903.3737,445.6562,2568.1528,909.33594,cam_3_1690275341_03-55-41.jpg
40,35,1204.8243,289.08762,1643.9952,591.5583,cam_3_1690275341_03-55-41.jpg
40,7,475.20364,491.0506,1029.4258,877.9501,cam_3_1690275341_03-55-41.jpg
40,4,1546.438,429.17612,1916.602,642.7793,cam_3_1690275341_03-55-41.jpg
40,3,1615.0674,460.57623,2066.9248,714.01575,cam_3_1690275341_03-55-41.jpg
40,11,1500.1263,399.69528,1804.9917,596.3794,cam_3_1690275341_03-55-41.jpg
40,44,1719.4443,222.44675,2114.935,453.4984,cam_3_1690275341_03-55-41.jpg
40,10,445.02502,446.94806,925.17737,728.0063,cam_3_1690275341_03-55-41.jpg
40,49,1225.0833,210.86365,1458.1254,322.3538,cam_3_1690275341_03-55-41.jpg
40,33,437.22375,374.2724,802.964,583.91,cam_3_1690275341_03-55-41.jpg
40,13,352.7273,345.16766,799.5378,518.85767,cam_3_1690275341_03-55-41.jpg
41,1,1903.1323,446.58676,2575.3206,906.4061,cam_3_1690275416_03-56-56.jpg
41,35,1198.3511,290.2031,1631.4937,592.20056,cam_3_1690275416_03-56-56.jpg
41,7,478.6432,489.76706,1026.3511,888.6481,cam_3_1690275416_03-56-56.jpg
41,4,1547.5255,428.81805,1918.4443,642.49243,cam_3_1690275416_03-56-56.jpg
41,3,1616.1788,460.37106,2066.4412,715.16144,cam_3_1690275416_03-56-56.jpg
41,11,1499.1805,399.5353,1804.8914,596.44275,cam_3_1690275416_03-56-56.jpg
41,44,1723.3973,220.56537,2110.0981,449.4274,cam_3_1690275416_03-56-56.jpg
41,10,393.03714,443.78967,923.56647,673.9367,cam_3_1690275416_03-56-56.jpg
41,49,1213.2631,214.63225,1477.5352,333.11945,cam_3_1690275416_03-56-56.jpg
41,13,351.01135,347.6599,820.82117,516.09283,cam_3_1690275416_03-56-56.jpg
42,1,1897.1049,448.11288,2584.9998,903.03754,cam_3_1690275446_03-57-26.jpg
42,35,1195.5419,291.51962,1626.2487,590.856,cam_3_1690275446_03-57-26.jpg
42,7,469.11606,481.50635,1029.418,882.47284,cam_3_1690275446_03-57-26.jpg
42,4,1546.0978,427.76367,1918.5914,640.9634,cam_3_1690275446_03-57-26.jpg
42,3,1611.4645,459.5339,2065.5496,712.6578,cam_3_1690275446_03-57-26.jpg
42,11,1497.8229,400.34164,1804.8738,595.139,cam_3_1690275446_03-57-26.jpg
42,44,1726.3865,222.23381,2120.6567,442.8059,cam_3_1690275446_03-57-26.jpg
42,10,429.45776,443.41675,912.7894,728.7287,cam_3_1690275446_03-57-26.jpg
42,49,1195.9185,216.4393,1495.9259,333.02423,cam_3_1690275446_03-57-26.jpg
42,13,379.87186,349.28934,802.38947,545.3456,cam_3_1690275446_03-57-26.jpg
42,33,430.54337,366.95877,817.4773,599.3524,cam_3_1690275446_03-57-26.jpg
43,1,1903.4973,448.5958,2592.1084,906.44196,cam_3_1690275551_03-59-11.jpg
43,35,1201.654,290.27835,1630.7214,589.4381,cam_3_1690275551_03-59-11.jpg
43,7,496.90115,503.34384,1022.5011,951.3447,cam_3_1690275551_03-59-11.jpg
43,4,1543.661,428.27676,1911.9109,640.70337,cam_3_1690275551_03-59-11.jpg
43,3,1609.189,458.98975,2063.4768,712.23004,cam_3_1690275551_03-59-11.jpg
43,11,1496.4869,401.57797,1803.3083,594.65704,cam_3_1690275551_03-59-11.jpg
43,44,1743.4573,220.96097,2122.6614,446.088,cam_3_1690275551_03-59-11.jpg
43,10,367.75473,453.0411,939.67053,706.62115,cam_3_1690275551_03-59-11.jpg
43,49,1208.1971,214.28592,1546.897,331.0623,cam_3_1690275551_03-59-11.jpg
43,13,356.72342,357.98163,820.9076,539.7331,cam_3_1690275551_03-59-11.jpg
44,1,1910.637,448.77264,2587.31,908.1622,cam_3_1690275566_03-59-26.jpg
44,35,1203.4725,285.81976,1633.8043,591.12494,cam_3_1690275566_03-59-26.jpg
44,7,505.29962,513.0041,1051.3536,986.14764,cam_3_1690275566_03-59-26.jpg
44,4,1543.81,430.18024,1911.6924,641.1963,cam_3_1690275566_03-59-26.jpg
44,3,1609.2184,460.98843,2066.9438,714.14966,cam_3_1690275566_03-59-26.jpg
44,11,1497.6349,401.31467,1804.8365,595.48926,cam_3_1690275566_03-59-26.jpg
44,44,1743.9432,217.92995,2126.169,451.0058,cam_3_1690275566_03-59-26.jpg
44,10,417.07083,456.83075,947.8801,769.98785,cam_3_1690275566_03-59-26.jpg
44,49,1206.937,216.6426,1522.9045,333.69058,cam_3_1690275566_03-59-26.jpg
44,13,355.3024,353.37714,833.3721,530.5528,cam_3_1690275566_03-59-26.jpg
44,33,447.84134,384.8891,879.9855,592.0323,cam_3_1690275566_03-59-26.jpg
45,1,1911.9663,446.8792,2593.7317,899.7094,cam_3_1690275611_04-00-11.jpg
45,35,1202.7797,285.94293,1628.4264,590.4393,cam_3_1690275611_04-00-11.jpg
45,7,521.2,512.72125,1068.7457,1000.157,cam_3_1690275611_04-00-11.jpg
45,4,1544.6202,429.98755,1914.5956,639.8434,cam_3_1690275611_04-00-11.jpg
45,3,1610.0513,457.45178,2062.196,709.82623,cam_3_1690275611_04-00-11.jpg
45,11,1495.569,400.56696,1801.8878,594.1211,cam_3_1690275611_04-00-11.jpg
45,44,1735.4135,216.80894,2127.7468,448.60748,cam_3_1690275611_04-00-11.jpg
45,10,448.2586,462.84567,964.8632,799.49615,cam_3_1690275611_04-00-11.jpg
45,49,1202.8519,217.36377,1556.7726,333.38165,cam_3_1690275611_04-00-11.jpg
45,13,376.93066,348.4718,831.6397,522.74744,cam_3_1690275611_04-00-11.jpg
45,33,412.10934,419.9147,911.104,615.93445,cam_3_1690275611_04-00-11.jpg
46,1,1909.1438,446.4778,2594.4197,907.3521,cam_3_1690275626_04-00-26.jpg
46,35,1202.6222,284.11105,1633.3357,588.1055,cam_3_1690275626_04-00-26.jpg
46,7,526.0711,514.7023,1075.9045,1010.5037,cam_3_1690275626_04-00-26.jpg
46,4,1544.9585,427.61212,1916.4807,639.0002,cam_3_1690275626_04-00-26.jpg
46,3,1610.3358,459.4136,2062.508,709.51086,cam_3_1690275626_04-00-26.jpg
46,11,1497.452,399.14752,1801.6699,593.5205,cam_3_1690275626_04-00-26.jpg
46,44,1732.8944,218.68156,2127.3447,450.8179,cam_3_1690275626_04-00-26.jpg
46,10,465.84692,466.23538,972.1986,784.8867,cam_3_1690275626_04-00-26.jpg
46,49,1203.7051,218.74178,1567.1309,333.69943,cam_3_1690275626_04-00-26.jpg
46,13,371.30032,340.63953,804.9332,514.18243,cam_3_1690275626_04-00-26.jpg
46,33,432.22614,382.6779,849.8137,590.06934,cam_3_1690275626_04-00-26.jpg
47,1,1902.5315,449.34268,2598.0564,905.5937,cam_3_1690275656_04-00-56.jpg
47,35,1208.1125,286.9806,1617.8905,591.5564,cam_3_1690275656_04-00-56.jpg
47,7,517.94366,511.31827,1082.2854,1008.2637,cam_3_1690275656_04-00-56.jpg
47,4,1544.7161,427.71478,1916.9751,639.25323,cam_3_1690275656_04-00-56.jpg
47,3,1608.2001,459.92984,2065.2568,712.3597,cam_3_1690275656_04-00-56.jpg
47,11,1496.3,399.48334,1800.9081,593.88727,cam_3_1690275656_04-00-56.jpg
47,44,1766.905,217.29147,2128.706,449.31693,cam_3_1690275656_04-00-56.jpg
47,10,422.81848,470.3992,967.807,744.70337,cam_3_1690275656_04-00-56.jpg
47,49,1220.4083,220.7288,1577.3662,330.11102,cam_3_1690275656_04-00-56.jpg
47,13,370.36942,339.85992,803.1573,519.5333,cam_3_1690275656_04-00-56.jpg
47,33,389.3369,421.0899,911.07294,617.8488,cam_3_1690275656_04-00-56.jpg
47,19,1089.8376,234.41391,1225.2006,453.66574,cam_3_1690275656_04-00-56.jpg
48,1,1903.3456,450.09268,2591.2544,903.2788,cam_3_1690275731_04-02-11.jpg
48,35,1210.0399,286.6302,1608.182,592.99066,cam_3_1690275731_04-02-11.jpg
48,7,526.8207,512.0577,1078.9186,1017.7734,cam_3_1690275731_04-02-11.jpg
48,4,1544.2971,426.98114,1920.525,641.40106,cam_3_1690275731_04-02-11.jpg
48,3,1606.6431,463.26938,2058.9016,713.87286,cam_3_1690275731_04-02-11.jpg
48,11,1493.312,400.54706,1802.2225,593.766,cam_3_1690275731_04-02-11.jpg
48,44,1746.0256,217.43597,2129.956,447.93008,cam_3_1690275731_04-02-11.jpg
48,49,1234.1831,221.70433,1591.107,330.1862,cam_3_1690275731_04-02-11.jpg
48,13,376.03314,345.82773,810.90857,536.3923,cam_3_1690275731_04-02-11.jpg
48,33,427.45053,430.9834,919.4574,670.1699,cam_3_1690275731_04-02-11.jpg
48,19,1101.5383,233.35724,1263.3065,450.1039,cam_3_1690275731_04-02-11.jpg
49,1,1989.4479,510.86856,2555.2505,932.9962,cam_3_1690275896_04-04-56.jpg
49,35,1206.4762,281.35416,1606.8296,588.1527,cam_3_1690275896_04-04-56.jpg
49,4,1546.4175,431.02408,1924.279,642.78406,cam_3_1690275896_04-04-56.jpg
49,3,1606.6053,481.0636,2018.0892,711.47876,cam_3_1690275896_04-04-56.jpg
49,11,1497.4742,399.97528,1807.08,593.55426,cam_3_1690275896_04-04-56.jpg
49,44,1758.3235,216.92873,2136.9175,435.4944,cam_3_1690275896_04-04-56.jpg
49,49,1224.5558,223.35213,1600.7135,333.68625,cam_3_1690275896_04-04-56.jpg
49,13,365.05713,345.3307,818.8417,534.2525,cam_3_1690275896_04-04-56.jpg
49,33,454.56683,429.98276,916.22943,671.2517,cam_3_1690275896_04-04-56.jpg
49,19,1109.909,230.25679,1265.6646,449.87564,cam_3_1690275896_04-04-56.jpg
49,10,462.3636,472.99847,990.94464,822.067,cam_3_1690275896_04-04-56.jpg
50,1,2024.0922,534.4321,2543.3267,944.70856,cam_3_1690276031_04-07-11.jpg
50,35,1206.9714,283.799,1626.6874,593.3961,cam_3_1690276031_04-07-11.jpg
50,4,1546.2688,429.25916,1924.1249,640.6159,cam_3_1690276031_04-07-11.jpg
50,3,1608.0128,490.54874,2003.2816,711.0486,cam_3_1690276031_04-07-11.jpg
50,11,1499.8772,399.94934,1807.8245,592.92,cam_3_1690276031_04-07-11.jpg
50,44,1745.6195,217.60036,2136.5405,426.30197,cam_3_1690276031_04-07-11.jpg
50,49,1246.096,211.3483,1553.8435,325.78497,cam_3_1690276031_04-07-11.jpg
50,13,396.82108,347.30472,816.9133,518.769,cam_3_1690276031_04-07-11.jpg
50,33,413.78604,429.1221,922.8489,647.8486,cam_3_1690276031_04-07-11.jpg
50,54,1960.9508,245.85954,2455.7844,555.1572,cam_3_1690276031_04-07-11.jpg
50,55,2288.101,468.95667,2722.0085,655.8683,cam_3_1690276031_04-07-11.jpg
50,10,465.3799,460.76263,958.6059,799.59467,cam_3_1690276031_04-07-11.jpg
50,20,1556.8182,192.72673,1909.0591,337.36295,cam_3_1690276031_04-07-11.jpg
51,1,2029.7976,537.78253,2570.6738,948.4763,cam_3_1690276151_04-09-11.jpg
51,35,1210.3401,282.0044,1603.2805,598.3312,cam_3_1690276151_04-09-11.jpg
51,4,1547.2239,429.2237,1921.7039,640.9163,cam_3_1690276151_04-09-11.jpg
51,3,1605.8976,492.51498,1997.9762,711.0964,cam_3_1690276151_04-09-11.jpg
51,11,1499.0026,399.59836,1803.5056,593.08923,cam_3_1690276151_04-09-11.jpg
51,44,1724.8883,217.98187,2121.94,431.9926,cam_3_1690276151_04-09-11.jpg
51,49,1276.8566,199.13179,1522.7301,316.9914,cam_3_1690276151_04-09-11.jpg
51,13,373.815,341.21478,825.5153,527.3496,cam_3_1690276151_04-09-11.jpg
51,54,2041.1548,234.96118,2494.648,543.97095,cam_3_1690276151_04-09-11.jpg
51,55,2281.8252,465.89835,2721.944,649.50256,cam_3_1690276151_04-09-11.jpg
51,10,394.89594,450.29507,958.5581,786.1779,cam_3_1690276151_04-09-11.jpg
51,20,1549.3027,192.41318,1910.8438,346.11694,cam_3_1690276151_04-09-11.jpg
52,1,2036.0294,536.5202,2577.567,952.9629,cam_3_1690276211_04-10-11.jpg
52,35,1214.275,283.04004,1599.2919,599.41956,cam_3_1690276211_04-10-11.jpg
52,4,1547.1451,427.93207,1919.3602,640.52313,cam_3_1690276211_04-10-11.jpg
52,3,1606.7389,492.73645,1997.3783,711.5783,cam_3_1690276211_04-10-11.jpg
52,11,1494.9962,398.3261,1803.1846,592.4159,cam_3_1690276211_04-10-11.jpg
52,44,1713.6353,218.48279,2113.6306,433.46506,cam_3_1690276211_04-10-11.jpg
52,13,394.36334,348.38162,828.4897,532.5846,cam_3_1690276211_04-10-11.jpg
52,54,2068.7224,231.26863,2516.161,538.7719,cam_3_1690276211_04-10-11.jpg
52,55,2278.1946,464.1956,2719.3896,649.33636,cam_3_1690276211_04-10-11.jpg
52,10,408.93515,442.80264,966.041,769.00616,cam_3_1690276211_04-10-11.jpg
52,20,1534.2936,194.59647,1891.5247,353.09238,cam_3_1690276211_04-10-11.jpg
53,1,2038.2803,538.58215,2572.5342,952.6565,cam_3_1690276286_04-11-26.jpg
53,35,1212.7854,281.78473,1602.998,597.33777,cam_3_1690276286_04-11-26.jpg
53,4,1547.558,430.87616,1917.461,642.2778,cam_3_1690276286_04-11-26.jpg
53,3,1608.5571,492.56512,1997.0057,712.97095,cam_3_1690276286_04-11-26.jpg
53,11,1492.3062,399.55258,1810.7406,594.31854,cam_3_1690276286_04-11-26.jpg
53,44,1711.2228,218.53745,2107.8647,436.5709,cam_3_1690276286_04-11-26.jpg
53,13,372.9014,345.48526,821.86035,517.1578,cam_3_1690276286_04-11-26.jpg
53,54,2049.068,234.3302,2510.6897,545.5244,cam_3_1690276286_04-11-26.jpg
53,55,2273.9458,465.95456,2717.8735,649.65173,cam_3_1690276286_04-11-26.jpg
53,10,423.71518,432.25754,946.80975,761.3679,cam_3_1690276286_04-11-26.jpg
53,20,1496.9092,185.81667,1848.7499,344.10062,cam_3_1690276286_04-11-26.jpg
53,33,358.5075,396.5772,894.90436,620.95544,cam_3_1690276286_04-11-26.jpg
54,1,2035.9757,535.15015,2576.907,952.3039,cam_3_1690276316_04-11-56.jpg
54,35,1210.7887,277.59146,1605.6096,595.1135,cam_3_1690276316_04-11-56.jpg
54,4,1547.6285,434.3399,1916.7668,642.447,cam_3_1690276316_04-11-56.jpg
54,3,1608.5071,491.1222,1997.2078,712.8535,cam_3_1690276316_04-11-56.jpg
54,11,1499.0493,401.25232,1814.2488,596.18005,cam_3_1690276316_04-11-56.jpg
54,44,1701.7043,219.16783,2106.2822,440.07297,cam_3_1690276316_04-11-56.jpg
54,13,368.95883,345.97812,820.19604,520.731,cam_3_1690276316_04-11-56.jpg
54,54,2039.52,237.94862,2515.234,551.89404,cam_3_1690276316_04-11-56.jpg
54,55,2335.203,467.39902,2720.767,650.3202,cam_3_1690276316_04-11-56.jpg
54,10,445.55142,425.39523,945.53064,751.1413,cam_3_1690276316_04-11-56.jpg
54,20,1499.6399,183.47237,1836.5121,331.4027,cam_3_1690276316_04-11-56.jpg
54,33,382.16885,386.2034,887.82184,590.808,cam_3_1690276316_04-11-56.jpg
54,19,1093.7942,208.18988,1291.091,427.24905,cam_3_1690276316_04-11-56.jpg
55,1,2034.4008,529.8697,2578.7168,949.3419,cam_3_1690276421_04-13-41.jpg
55,35,1205.4574,279.1903,1620.7284,592.6863,cam_3_1690276421_04-13-41.jpg
55,4,1545.9297,429.2922,1918.5022,641.9863,cam_3_1690276421_04-13-41.jpg
55,3,1606.3359,466.7364,2072.6318,712.0025,cam_3_1690276421_04-13-41.jpg
55,11,1499.0717,399.11542,1812.5435,595.9288,cam_3_1690276421_04-13-41.jpg
55,44,1711.333,220.57689,2099.5198,433.58835,cam_3_1690276421_04-13-41.jpg
55,13,365.73404,343.60858,829.76886,510.42578,cam_3_1690276421_04-13-41.jpg
55,54,2077.8008,239.0655,2443.2656,552.90704,cam_3_1690276421_04-13-41.jpg
55,55,2359.8179,469.313,2724.9873,655.10736,cam_3_1690276421_04-13-41.jpg
55,10,371.7783,415.362,946.4231,747.17084,cam_3_1690276421_04-13-41.jpg
55,20,1423.7249,195.84555,1790.2008,332.8068,cam_3_1690276421_04-13-41.jpg
55,19,1072.68,208.02565,1293.2682,428.41183,cam_3_1690276421_04-13-41.jpg
56,1,2034.8921,537.9757,2561.8496,944.7229,cam_3_1690276466_04-14-26.jpg
56,35,1205.7041,278.96005,1620.937,591.29266,cam_3_1690276466_04-14-26.jpg
56,4,1547.1262,428.52478,1920.4066,641.0887,cam_3_1690276466_04-14-26.jpg
56,3,1605.3041,463.39136,2097.5193,711.1352,cam_3_1690276466_04-14-26.jpg
56,11,1501.335,398.2104,1811.355,594.52466,cam_3_1690276466_04-14-26.jpg
56,44,1708.4135,220.77936,2094.6108,434.5725,cam_3_1690276466_04-14-26.jpg
56,13,372.60464,341.75525,836.43665,530.20386,cam_3_1690276466_04-14-26.jpg
56,54,2078.914,349.84372,2362.991,564.4211,cam_3_1690276466_04-14-26.jpg
56,55,2375.9612,468.92493,2720.0862,665.9406,cam_3_1690276466_04-14-26.jpg
56,10,419.49966,414.30594,952.54834,756.0077,cam_3_1690276466_04-14-26.jpg
56,20,1394.7709,200.11516,1783.1613,335.81393,cam_3_1690276466_04-14-26.jpg
56,15,2514.6367,227.88014,2725.5837,515.27527,cam_3_1690276466_04-14-26.jpg
57,1,2033.0374,556.1393,2530.6707,943.66864,cam_3_1690276556_04-15-56.jpg
57,35,1208.5165,277.714,1600.8386,591.0152,cam_3_1690276556_04-15-56.jpg
57,4,1546.2545,430.93686,1923.7073,641.96844,cam_3_1690276556_04-15-56.jpg
57,3,1606.7201,465.27264,2100.271,709.7358,cam_3_1690276556_04-15-56.jpg
57,11,1496.6151,398.93546,1806.8635,593.39417,cam_3_1690276556_04-15-56.jpg
57,44,1723.1708,219.70546,2096.8484,436.6669,cam_3_1690276556_04-15-56.jpg
57,13,360.31656,345.81647,827.5017,528.717,cam_3_1690276556_04-15-56.jpg
57,54,2071.1096,392.7313,2332.1682,567.82556,cam_3_1690276556_04-15-56.jpg
57,10,424.78336,408.3764,929.84656,743.7029,cam_3_1690276556_04-15-56.jpg
57,20,1395.8682,201.33658,1779.6984,357.00742,cam_3_1690276556_04-15-56.jpg
57,9,2392.6597,259.12744,2872.3872,605.4982,cam_3_1690276556_04-15-56.jpg
58,1,2032.2316,559.47876,2522.3054,940.99634,cam_3_1690276616_04-16-56.jpg
58,35,1217.516,283.63513,1546.9982,588.6495,cam_3_1690276616_04-16-56.jpg
58,4,1553.3866,436.38193,1922.1699,645.80084,cam_3_1690276616_04-16-56.jpg
58,3,1605.4529,468.30658,2115.5476,709.62836,cam_3_1690276616_04-16-56.jpg
58,11,1394.2633,336.00415,1800.5414,641.32574,cam_3_1690276616_04-16-56.jpg
58,44,1719.1824,219.90083,2095.97,446.77402,cam_3_1690276616_04-16-56.jpg
58,13,356.61786,343.65244,826.26135,521.4711,cam_3_1690276616_04-16-56.jpg
58,54,2070.2407,400.39597,2331.7812,570.8582,cam_3_1690276616_04-16-56.jpg
58,10,516.6845,388.36725,1014.6597,727.0962,cam_3_1690276616_04-16-56.jpg
58,20,1397.0417,202.88185,1774.0096,328.02057,cam_3_1690276616_04-16-56.jpg
58,9,2363.87,271.86963,2773.9106,607.80493,cam_3_1690276616_04-16-56.jpg
59,1,2030.661,551.8826,2525.4998,939.062,cam_3_1690276676_04-17-56.jpg
59,35,1193.917,283.53973,1539.5282,600.11365,cam_3_1690276676_04-17-56.jpg
59,4,1555.5107,436.1258,1918.6555,648.2335,cam_3_1690276676_04-17-56.jpg
59,3,1604.2966,460.30005,2128.9336,712.99786,cam_3_1690276676_04-17-56.jpg
59,11,1358.6971,315.43832,1798.6965,654.50006,cam_3_1690276676_04-17-56.jpg
59,44,1717.4906,219.65297,2091.166,444.0893,cam_3_1690276676_04-17-56.jpg
59,54,2065.606,401.79913,2335.612,570.92865,cam_3_1690276676_04-17-56.jpg
59,10,467.50684,409.40637,955.4804,761.5123,cam_3_1690276676_04-17-56.jpg
59,20,1387.44,202.41145,1768.6029,315.68375,cam_3_1690276676_04-17-56.jpg
59,9,2359.0908,277.76312,2744.9805,608.11084,cam_3_1690276676_04-17-56.jpg
59,63,2769.8845,239.51773,3000.4387,607.37805,cam_3_1690276676_04-17-56.jpg
59,33,381.1445,343.2001,847.7951,570.35834,cam_3_1690276676_04-17-56.jpg
60,1,2032.3156,562.9244,2529.0886,938.9414,cam_3_1690276721_04-18-41.jpg
60,35,1189.1198,288.01743,1520.8773,607.5465,cam_3_1690276721_04-18-41.jpg
60,3,1547.9532,391.99692,2093.339,744.2739,cam_3_1690276721_04-18-41.jpg
60,11,1356.8326,313.7409,1748.7307,661.46924,cam_3_1690276721_04-18-41.jpg
60,44,1717.0487,221.74435,2092.152,407.74197,cam_3_1690276721_04-18-41.jpg
60,10,440.66815,394.81992,896.9282,722.23096,cam_3_1690276721_04-18-41.jpg
60,20,1375.1584,205.77692,1757.1613,315.45535,cam_3_1690276721_04-18-41.jpg
60,9,2360.9773,281.62036,2732.4937,610.2256,cam_3_1690276721_04-18-41.jpg
60,63,2777.754,237.6798,2999.216,600.19055,cam_3_1690276721_04-18-41.jpg
60,33,388.5966,340.71637,840.4112,560.9261,cam_3_1690276721_04-18-41.jpg
61,1,2033.5685,587.1755,2590.9434,937.52185,cam_3_1690276736_04-18-56.jpg
61,35,1187.3489,290.23428,1511.4883,605.9679,cam_3_1690276736_04-18-56.jpg
61,3,1519.8777,366.93896,2083.5156,755.89343,cam_3_1690276736_04-18-56.jpg
61,11,1355.9163,314.33868,1726.1887,664.36035,cam_3_1690276736_04-18-56.jpg
61,44,1718.3241,222.46432,2091.6921,384.44595,cam_3_1690276736_04-18-56.jpg
61,10,407.49298,380.24707,876.1076,699.90485,cam_3_1690276736_04-18-56.jpg
61,20,1376.1674,206.1677,1758.9167,314.10114,cam_3_1690276736_04-18-56.jpg
61,9,2355.4673,280.44867,2732.6365,612.47736,cam_3_1690276736_04-18-56.jpg
61,68,665.99695,399.80212,1075.5808,729.3829,cam_3_1690276736_04-18-56.jpg
61,69,2177.1658,268.64145,2541.6372,569.11523,cam_3_1690276736_04-18-56.jpg
61,13,375.61664,342.54187,831.98627,525.8451,cam_3_1690276736_04-18-56.jpg
62,1,2032.877,579.00104,2550.4636,938.7656,cam_3_1690276841_04-20-41.jpg
62,3,1500.5717,357.4238,2070.9583,761.8762,cam_3_1690276841_04-20-41.jpg
62,11,1347.8641,316.29895,1721.3314,662.583,cam_3_1690276841_04-20-41.jpg
62,44,1719.9955,221.64139,2098.7354,377.37933,cam_3_1690276841_04-20-41.jpg
62,10,418.05695,378.5658,897.46954,699.8626,cam_3_1690276841_04-20-41.jpg
62,20,1376.2307,208.00705,1758.665,335.64096,cam_3_1690276841_04-20-41.jpg
62,9,2357.4863,280.18787,2736.562,617.8161,cam_3_1690276841_04-20-41.jpg
62,13,379.38065,344.01993,829.63556,537.05475,cam_3_1690276841_04-20-41.jpg
62,42,3279.7864,431.9344,3935.7356,1076.1503,cam_3_1690276841_04-20-41.jpg
62,54,2139.3955,415.96222,2419.2202,608.43475,cam_3_1690276841_04-20-41.jpg
63,1,2028.698,608.47363,2496.4104,940.9073,cam_3_1690277111_04-25-11.jpg
63,3,1410.3938,374.84818,2003.4734,787.78503,cam_3_1690277111_04-25-11.jpg
63,11,1331.8335,323.02185,1719.1414,540.0125,cam_3_1690277111_04-25-11.jpg
63,44,1717.2192,221.36504,2103.6895,423.07523,cam_3_1690277111_04-25-11.jpg
63,10,427.7036,401.06686,873.9631,709.9587,cam_3_1690277111_04-25-11.jpg
63,20,1374.0393,208.0738,1761.4141,344.49155,cam_3_1690277111_04-25-11.jpg
63,13,374.78946,346.33044,823.69006,546.6702,cam_3_1690277111_04-25-11.jpg
63,54,2150.7659,410.42065,2498.5698,599.5377,cam_3_1690277111_04-25-11.jpg
63,19,1194.3175,196.88846,1398.9542,418.36115,cam_3_1690277111_04-25-11.jpg
63,55,2266.6975,466.27322,2724.9822,659.447,cam_3_1690277111_04-25-11.jpg
64,1,2025.4478,616.6292,2480.1047,942.5386,cam_3_1690277156_04-25-56.jpg
64,3,1370.2834,383.80463,1990.1111,791.6208,cam_3_1690277156_04-25-56.jpg
64,11,1326.7394,325.4817,1722.55,480.8176,cam_3_1690277156_04-25-56.jpg
64,44,1715.664,221.4853,2105.5078,430.7585,cam_3_1690277156_04-25-56.jpg
64,10,389.26038,404.7687,870.8594,704.893,cam_3_1690277156_04-25-56.jpg
64,20,1384.9806,207.44124,1761.3378,350.13525,cam_3_1690277156_04-25-56.jpg
64,13,378.0061,346.09445,821.9099,547.1277,cam_3_1690277156_04-25-56.jpg
64,54,2156.9946,412.61798,2525.9993,602.54596,cam_3_1690277156_04-25-56.jpg
64,55,2259.611,465.42834,2722.5366,655.7175,cam_3_1690277156_04-25-56.jpg
65,1,2024.4886,619.08014,2475.4758,941.1536,cam_3_1690277186_04-26-26.jpg
65,3,1351.5243,391.1561,1981.0592,798.5057,cam_3_1690277186_04-26-26.jpg
65,11,1327.9995,320.99966,1721.56,465.94394,cam_3_1690277186_04-26-26.jpg
65,44,1719.4166,221.45638,2106.4502,436.71866,cam_3_1690277186_04-26-26.jpg
65,10,417.66595,406.97375,883.4579,726.56,cam_3_1690277186_04-26-26.jpg
65,20,1380.5122,203.17499,1760.1526,352.2546,cam_3_1690277186_04-26-26.jpg
65,13,377.45663,348.3892,822.1725,519.0362,cam_3_1690277186_04-26-26.jpg
65,54,2160.3608,411.84454,2537.5344,600.4454,cam_3_1690277186_04-26-26.jpg
65,55,2256.0403,466.12054,2718.684,653.25604,cam_3_1690277186_04-26-26.jpg
66,1,2026.3923,571.42206,2551.877,945.206,cam_3_1690277246_04-27-26.jpg
66,3,1320.7498,392.5642,1971.7594,802.3465,cam_3_1690277246_04-27-26.jpg
66,11,1309.1129,321.95273,1697.9398,470.2643,cam_3_1690277246_04-27-26.jpg
66,44,1724.4036,215.3438,2104.8499,430.03897,cam_3_1690277246_04-27-26.jpg
66,10,429.83087,408.62134,890.17773,733.8695,cam_3_1690277246_04-27-26.jpg
66,20,1385.9702,204.8017,1753.6351,341.84332,cam_3_1690277246_04-27-26.jpg
66,13,377.21048,351.4722,803.1362,525.20844,cam_3_1690277246_04-27-26.jpg
66,63,2609.0698,259.72287,3037.4106,582.1462,cam_3_1690277246_04-27-26.jpg
66,69,2201.5642,255.95578,2560.9448,567.79443,cam_3_1690277246_04-27-26.jpg
66,19,1152.4441,212.4246,1445.1804,440.2632,cam_3_1690277246_04-27-26.jpg
67,20,1447.164,183.92415,1758.0388,338.6363,cam_3_1690277336_04-28-56.jpg
67,19,1145.594,227.70396,1430.332,465.66342,cam_3_1690277336_04-28-56.jpg
67,4,1423.1302,328.6528,1901.1582,629.3858,cam_3_1690277336_04-28-56.jpg
67,35,1159.2898,412.91153,1447.0106,770.16833,cam_3_1690277336_04-28-56.jpg
83,3,1227.382,479.12558,1644.4806,862.69684,cam_3_1690279436_05-03-56.jpg
83,4,1302.0629,354.6599,1793.4182,598.226,cam_3_1690279436_05-03-56.jpg
84,77,718.66614,588.0489,1033.5359,1095.1577,cam_3_1690279616_05-06-56.jpg
84,4,1336.1367,358.15732,1786.5955,682.8557,cam_3_1690279616_05-06-56.jpg
84,68,643.09753,383.01074,936.5342,633.539,cam_3_1690279616_05-06-56.jpg
84,1,1772.6375,448.82483,2528.2156,993.33496,cam_3_1690279616_05-06-56.jpg
84,13,516.58636,312.04715,936.03455,509.506,cam_3_1690279616_05-06-56.jpg
84,19,1165.5691,309.9307,1495.4243,613.5645,cam_3_1690279616_05-06-56.jpg
85,77,703.81366,568.9275,1018.3119,1084.4841,cam_3_1690279796_05-09-56.jpg
85,78,1562.8174,379.68295,2151.8975,660.34314,cam_3_1690279796_05-09-56.jpg
85,79,962.5953,372.33926,1230.1257,663.6853,cam_3_1690279796_05-09-56.jpg
85,68,607.13196,380.16986,964.9508,643.567,cam_3_1690279796_05-09-56.jpg
85,1,1671.561,459.43674,2427.4478,994.98694,cam_3_1690279796_05-09-56.jpg
85,13,561.2133,321.53503,884.86774,514.5771,cam_3_1690279796_05-09-56.jpg
85,19,1157.1754,314.4785,1558.3822,634.357,cam_3_1690279796_05-09-56.jpg
85,11,1145.6755,227.42763,1440.9966,362.89343,cam_3_1690279796_05-09-56.jpg
86,78,1565.2537,377.733,2176.4307,811.22876,cam_3_1690279856_05-10-56.jpg
86,68,622.39294,375.5152,973.3915,664.5599,cam_3_1690279856_05-10-56.jpg
86,13,567.41876,331.9112,814.45734,518.09863,cam_3_1690279856_05-10-56.jpg
86,19,1164.5353,307.52045,1616.9976,558.7888,cam_3_1690279856_05-10-56.jpg
86,85,2766.5105,557.92316,3688.1548,1017.7014,cam_3_1690279856_05-10-56.jpg
86,86,954.1484,281.81113,1106.3092,501.16907,cam_3_1690279856_05-10-56.jpg
86,11,1151.9608,229.99025,1446.1605,366.58945,cam_3_1690279856_05-10-56.jpg
86,3,889.9115,528.20056,1511.0398,947.3324,cam_3_1690279856_05-10-56.jpg
87,78,1566.0012,381.35742,2184.9043,718.9291,cam_3_1690279916_05-11-56.jpg
87,68,634.7404,372.8994,1010.135,678.153,cam_3_1690279916_05-11-56.jpg
87,13,549.8841,340.0709,779.5568,557.6981,cam_3_1690279916_05-11-56.jpg
87,19,1176.3905,301.7975,1642.4319,519.9763,cam_3_1690279916_05-11-56.jpg
87,85,2791.2983,575.42255,3711.252,1255.4045,cam_3_1690279916_05-11-56.jpg
87,86,945.50574,283.1701,1100.5037,523.8055,cam_3_1690279916_05-11-56.jpg
87,11,1156.7935,218.15817,1455.723,354.48712,cam_3_1690279916_05-11-56.jpg
87,42,2935.3315,471.05905,3960.6484,913.46265,cam_3_1690279916_05-11-56.jpg
87,4,1210.7676,399.02823,1533.1705,712.1838,cam_3_1690279916_05-11-56.jpg
87,1,1527.8492,521.6016,2233.7336,966.0036,cam_3_1690279916_05-11-56.jpg
88,78,1700.8816,407.76062,2246.4578,770.59845,cam_3_1690280081_05-14-41.jpg
88,68,630.34186,362.61258,1050.8978,673.26227,cam_3_1690280081_05-14-41.jpg
88,13,605.56647,340.37695,770.5641,524.0457,cam_3_1690280081_05-14-41.jpg
88,19,1191.0858,301.2634,1668.8032,596.3184,cam_3_1690280081_05-14-41.jpg
88,85,2803.4126,594.1686,3867.656,1282.0134,cam_3_1690280081_05-14-41.jpg
88,42,2901.297,468.0772,3960.1746,883.9082,cam_3_1690280081_05-14-41.jpg
88,1,1562.8477,417.95618,2087.9023,866.7927,cam_3_1690280081_05-14-41.jpg
89,78,1899.2771,475.02667,2307.8115,786.25305,cam_3_1690280141_05-15-41.jpg
89,68,622.8954,358.94916,1068.3035,671.95575,cam_3_1690280141_05-15-41.jpg
89,13,592.60974,347.96683,824.3131,513.31793,cam_3_1690280141_05-15-41.jpg
89,19,1202.432,300.3185,1675.2406,617.3995,cam_3_1690280141_05-15-41.jpg
89,85,2817.3145,597.0352,3910.8818,1247.3351,cam_3_1690280141_05-15-41.jpg
89,1,1572.2642,388.78903,2137.4272,840.049,cam_3_1690280141_05-15-41.jpg
89,99,1788.127,599.11163,2078.7349,1183.4371,cam_3_1690280141_05-15-41.jpg
89,100,1380.544,1334.4973,1915.2001,2734.297,cam_3_1690280141_05-15-41.jpg
89,101,1038.5015,264.73688,1344.3834,502.02057,cam_3_1690280141_05-15-41.jpg
89,102,1163.4229,292.64398,1465.3688,530.0531,cam_3_1690280141_05-15-41.jpg
89,103,895.4027,274.4014,1067.573,397.61566,cam_3_1690280141_05-15-41.jpg
90,78,1886.0947,510.82864,2368.6194,834.841,cam_3_1690280336_05-18-56.jpg
90,68,743.5774,378.19968,1092.26,680.7705,cam_3_1690280336_05-18-56.jpg
90,19,1233.3967,301.8006,1667.1931,622.0536,cam_3_1690280336_05-18-56.jpg
90,1,1596.2239,373.8843,2137.6223,834.1168,cam_3_1690280336_05-18-56.jpg
90,100,1345.8618,1325.8635,1980.7856,2752.719,cam_3_1690280336_05-18-56.jpg
90,54,2462.9143,398.3636,2970.1877,890.8492,cam_3_1690280336_05-18-56.jpg
90,10,578.85864,427.45462,836.067,755.649,cam_3_1690280336_05-18-56.jpg
90,79,1094.1776,353.45227,1277.5331,641.0114,cam_3_1690280336_05-18-56.jpg
90,86,936.777,285.43756,1104.183,467.03992,cam_3_1690280336_05-18-56.jpg
91,78,1883.7903,517.8849,2358.718,845.0041,cam_3_1690280351_05-19-11.jpg
91,68,790.71045,385.96857,1106.8632,685.9403,cam_3_1690280351_05-19-11.jpg
91,19,1234.548,304.16522,1682.0482,622.6033,cam_3_1690280351_05-19-11.jpg
91,1,1601.5137,369.0945,2157.1873,832.5287,cam_3_1690280351_05-19-11.jpg
91,100,1326.6648,1344.9873,1993.4061,2750.2803,cam_3_1690280351_05-19-11.jpg
91,106,2041.1046,1066.2083,3219.8691,1967.8588,cam_3_1690280351_05-19-11.jpg
91,107,1194.178,280.7879,1479.0862,384.7975,cam_3_1690280351_05-19-11.jpg
91,10,579.8242,427.95557,836.04144,758.3071,cam_3_1690280351_05-19-11.jpg
91,79,1090.7576,351.683,1266.6339,650.4329,cam_3_1690280351_05-19-11.jpg
91,86,930.25397,282.51898,1084.6545,445.85434,cam_3_1690280351_05-19-11.jpg
92,78,1900.0433,507.64172,2585.6218,988.6901,cam_3_1690280366_05-19-26.jpg
92,68,801.8391,390.1715,1116.8724,687.6213,cam_3_1690280366_05-19-26.jpg
92,19,1231.0925,293.6628,1694.6919,623.7518,cam_3_1690280366_05-19-26.jpg
92,1,1591.9564,370.15436,2143.369,834.4405,cam_3_1690280366_05-19-26.jpg
92,100,1331.8274,1338.9276,1987.7358,2744.939,cam_3_1690280366_05-19-26.jpg
92,107,1185.6193,279.85553,1469.6421,377.207,cam_3_1690280366_05-19-26.jpg
92,10,602.69385,436.27576,885.34375,784.74963,cam_3_1690280366_05-19-26.jpg
92,79,1097.3195,352.81357,1270.7906,660.863,cam_3_1690280366_05-19-26.jpg
92,86,928.6573,268.6418,1087.3595,420.71127,cam_3_1690280366_05-19-26.jpg
92,112,1058.7295,255.71799,1333.3491,379.6052,cam_3_1690280366_05-19-26.jpg
92,85,2790.668,705.66754,3757.872,1521.7422,cam_3_1690280366_05-19-26.jpg
93,68,839.21423,392.6605,1201.2184,692.2435,cam_3_1690280486_05-21-26.jpg
93,19,1228.7295,296.58536,1699.6161,621.5766,cam_3_1690280486_05-21-26.jpg
93,1,1610.9259,373.57953,2076.1643,782.78357,cam_3_1690280486_05-21-26.jpg
93,100,1323.1715,1337.8589,1981.0625,2745.9763,cam_3_1690280486_05-21-26.jpg
93,107,1200.0927,279.37738,1491.6759,377.8019,cam_3_1690280486_05-21-26.jpg
93,79,1094.069,357.10944,1264.6005,653.59467,cam_3_1690280486_05-21-26.jpg
93,112,1084.7172,237.11647,1334.9553,384.5071,cam_3_1690280486_05-21-26.jpg
93,113,1778.7576,426.29172,2329.4988,779.7839,cam_3_1690280486_05-21-26.jpg
93,77,488.71768,472.8417,969.4104,874.2574,cam_3_1690280486_05-21-26.jpg
93,99,1726.4845,543.7594,1987.2698,1136.3625,cam_3_1690280486_05-21-26.jpg
93,103,898.56104,284.43774,1084.7961,431.53516,cam_3_1690280486_05-21-26.jpg
93,54,2359.4019,458.91418,2996.118,1032.3392,cam_3_1690280486_05-21-26.jpg
94,19,1197.6162,296.17487,1678.4083,575.63727,cam_3_1690280576_05-22-56.jpg
94,1,1586.4995,369.13467,2039.236,626.5778,cam_3_1690280576_05-22-56.jpg
94,100,1325.9508,1346.8752,1990.3761,2749.7166,cam_3_1690280576_05-22-56.jpg
94,107,1189.412,278.78445,1514.0897,374.65985,cam_3_1690280576_05-22-56.jpg
94,112,1130.4109,230.99681,1355.717,374.5612,cam_3_1690280576_05-22-56.jpg
94,113,1641.8307,433.67383,2234.0715,838.16205,cam_3_1690280576_05-22-56.jpg
94,77,492.03262,461.99557,978.2007,877.4525,cam_3_1690280576_05-22-56.jpg
94,99,1735.2406,554.374,1992.9557,1133.0452,cam_3_1690280576_05-22-56.jpg
94,103,898.6816,283.7612,1099.1722,451.41037,cam_3_1690280576_05-22-56.jpg
94,54,2345.8867,483.64413,2990.221,1052.3317,cam_3_1690280576_05-22-56.jpg
94,4,967.72784,401.2641,1375.0006,691.6067,cam_3_1690280576_05-22-56.jpg
95,19,1197.4701,296.34277,1689.0049,530.87103,cam_3_1690280636_05-23-56.jpg
95,1,1608.9384,369.90985,2109.818,559.6328,cam_3_1690280636_05-23-56.jpg
95,100,1323.1113,1346.7913,2000.3212,2758.1501,cam_3_1690280636_05-23-56.jpg
95,107,1201.8723,278.20743,1527.5315,366.87054,cam_3_1690280636_05-23-56.jpg
95,113,1604.0042,438.3434,2175.7087,853.80743,cam_3_1690280636_05-23-56.jpg
95,77,483.44977,461.97806,982.31006,874.702,cam_3_1690280636_05-23-56.jpg
95,99,1747.0677,573.32947,2017.4789,1126.7067,cam_3_1690280636_05-23-56.jpg
95,4,943.3413,389.20813,1433.3302,685.7039,cam_3_1690280636_05-23-56.jpg
95,78,2064.7925,549.29095,2843.9739,1061.3572,cam_3_1690280636_05-23-56.jpg
95,86,882.0769,263.79346,1120.8757,383.4078,cam_3_1690280636_05-23-56.jpg
96,19,1265.1823,290.0248,1701.9324,502.64536,cam_3_1690280756_05-25-56.jpg
96,1,1610.6594,369.27316,2093.1416,641.2229,cam_3_1690280756_05-25-56.jpg
96,100,1276.6361,1338.6888,1892.8579,2749.0432,cam_3_1690280756_05-25-56.jpg
96,113,1684.2622,416.9547,2153.5305,730.4265,cam_3_1690280756_05-25-56.jpg
96,77,462.42667,461.28687,954.2509,812.3156,cam_3_1690280756_05-25-56.jpg
96,99,1524.0974,620.65735,2052.607,1119.0953,cam_3_1690280756_05-25-56.jpg
96,4,1112.117,385.22452,1434.1376,702.64764,cam_3_1690280756_05-25-56.jpg
96,55,1899.8014,440.72482,2493.393,852.5308,cam_3_1690280756_05-25-56.jpg
96,101,1106.4246,230.41536,1344.5612,449.63303,cam_3_1690280756_05-25-56.jpg
96,102,1199.7944,252.03923,1460.4054,466.86078,cam_3_1690280756_05-25-56.jpg
97,19,1279.2642,291.96323,1716.9924,509.06564,cam_3_1690280786_05-26-26.jpg
97,1,1597.6945,369.2967,2044.0682,650.85956,cam_3_1690280786_05-26-26.jpg
97,100,1304.7778,1332.3198,1888.256,2750.0352,cam_3_1690280786_05-26-26.jpg
97,113,1702.9885,416.08237,2267.6465,703.71686,cam_3_1690280786_05-26-26.jpg
97,77,456.9116,464.16586,945.09454,781.0621,cam_3_1690280786_05-26-26.jpg
97,99,1397.81,629.33716,2041.1156,1105.3723,cam_3_1690280786_05-26-26.jpg
97,4,1213.7529,379.91095,1448.8534,715.78986,cam_3_1690280786_05-26-26.jpg
97,121,517.67194,342.46127,731.6642,504.94986,cam_3_1690280786_05-26-26.jpg
97,55,1963.7318,495.89273,2500.8418,885.84344,cam_3_1690280786_05-26-26.jpg
97,101,1090.3094,229.60432,1341.6355,452.11975,cam_3_1690280786_05-26-26.jpg
97,102,1199.9524,249.92366,1455.5955,454.31998,cam_3_1690280786_05-26-26.jpg
98,19,1286.7076,292.72745,1748.7329,561.4545,cam_3_1690280816_05-26-56.jpg
98,1,1601.0863,367.57144,2076.3113,660.05176,cam_3_1690280816_05-26-56.jpg
98,100,1237.2561,1241.4976,2106.4062,2529.7703,cam_3_1690280816_05-26-56.jpg
98,113,1709.572,423.75998,2263.3447,757.78754,cam_3_1690280816_05-26-56.jpg
98,77,445.85037,461.65317,955.4266,761.8687,cam_3_1690280816_05-26-56.jpg
98,99,1284.9337,634.0151,1984.9773,1108.5076,cam_3_1690280816_05-26-56.jpg
98,4,1195.9457,368.2892,1416.5126,689.3105,cam_3_1690280816_05-26-56.jpg
98,121,511.0173,343.84073,692.73315,506.2013,cam_3_1690280816_05-26-56.jpg
98,55,1994.5767,533.7498,2503.316,903.28986,cam_3_1690280816_05-26-56.jpg
98,101,1084.5737,224.16132,1344.1475,440.73325,cam_3_1690280816_05-26-56.jpg
98,102,1189.8865,242.38571,1453.9991,428.64392,cam_3_1690280816_05-26-56.jpg
99,19,1245.7834,290.44547,1724.4292,596.048,cam_3_1690280921_05-28-41.jpg
99,1,1593.8539,369.3159,2114.7478,675.43884,cam_3_1690280921_05-28-41.jpg
99,100,1233.8474,1314.4751,1961.1309,2656.1748,cam_3_1690280921_05-28-41.jpg
99,113,1818.7275,486.2712,2321.364,808.2897,cam_3_1690280921_05-28-41.jpg
99,99,1244.1783,632.31396,1900.5718,1108.036,cam_3_1690280921_05-28-41.jpg
99,121,519.35535,354.62704,693.4555,527.15125,cam_3_1690280921_05-28-41.jpg
99,55,2004.9941,537.9904,2511.142,908.4094,cam_3_1690280921_05-28-41.jpg
99,101,1099.9839,224.20726,1350.8809,449.49515,cam_3_1690280921_05-28-41.jpg
99,10,595.90985,475.7012,939.53314,794.8194,cam_3_1690280921_05-28-41.jpg
99,103,959.7507,300.11063,1136.2289,550.30414,cam_3_1690280921_05-28-41.jpg
99,107,1220.37,271.70984,1541.9131,377.06448,cam_3_1690280921_05-28-41.jpg
100,19,1275.959,293.4407,1725.331,587.70593,cam_3_1690281011_05-30-11.jpg
100,1,1598.7524,367.7317,2152.052,779.6665,cam_3_1690281011_05-30-11.jpg
100,100,1262.596,1354.3716,1905.3872,2705.1587,cam_3_1690281011_05-30-11.jpg
100,113,1855.8193,505.45844,2353.8164,829.5499,cam_3_1690281011_05-30-11.jpg
100,121,519.54614,364.75085,727.9652,528.61127,cam_3_1690281011_05-30-11.jpg
100,55,2007.474,539.6196,2511.899,910.3439,cam_3_1690281011_05-30-11.jpg
100,101,1070.3904,230.9595,1336.1924,468.87253,cam_3_1690281011_05-30-11.jpg
100,126,1299.9287,192.21332,1526.376,283.3073,cam_3_1690281011_05-30-11.jpg
100,10,599.74023,461.71936,905.75995,782.9495,cam_3_1690281011_05-30-11.jpg
100,103,936.0203,292.20404,1096.917,542.77655,cam_3_1690281011_05-30-11.jpg
100,102,1193.4865,264.28885,1498.5903,496.76166,cam_3_1690281011_05-30-11.jpg
101,19,1242.8324,291.4082,1712.5204,603.0328,cam_3_1690281176_05-32-56.jpg
101,1,1585.4941,366.86972,2117.0085,815.1772,cam_3_1690281176_05-32-56.jpg
101,113,1869.5034,511.21463,2330.6643,837.30566,cam_3_1690281176_05-32-56.jpg
101,121,472.488,367.62158,744.41296,588.7003,cam_3_1690281176_05-32-56.jpg
101,55,2008.5792,534.4046,2501.642,911.68445,cam_3_1690281176_05-32-56.jpg
101,126,1336.3997,192.45668,1537.9547,278.66412,cam_3_1690281176_05-32-56.jpg
101,103,968.7948,309.26755,1180.5657,583.39764,cam_3_1690281176_05-32-56.jpg
101,128,965.2011,885.50287,1549.7611,1869.7991,cam_3_1690281176_05-32-56.jpg
101,102,1197.9827,273.1662,1508.2539,473.6107,cam_3_1690281176_05-32-56.jpg
101,99,971.522,694.8502,1651.1289,1245.342,cam_3_1690281176_05-32-56.jpg
102,19,1231.1722,289.2101,1706.0182,601.828,cam_3_1690281236_05-33-56.jpg
102,1,1589.5414,366.56827,2125.339,832.2333,cam_3_1690281236_05-33-56.jpg
102,113,1873.9855,514.40515,2341.8838,839.04663,cam_3_1690281236_05-33-56.jpg
102,121,451.55722,368.25104,765.78906,607.20966,cam_3_1690281236_05-33-56.jpg
102,55,2008.0543,530.45776,2498.5305,910.6253,cam_3_1690281236_05-33-56.jpg
102,103,988.1812,316.1881,1199.8093,598.9106,cam_3_1690281236_05-33-56.jpg
102,128,947.0122,890.78546,1667.919,1899.8822,cam_3_1690281236_05-33-56.jpg
102,129,1334.5363,416.69412,1622.3583,762.567,cam_3_1690281236_05-33-56.jpg
102,99,865.99884,722.29987,1523.9,1212.2794,cam_3_1690281236_05-33-56.jpg
102,101,1077.9482,254.87614,1341.0826,416.4118,cam_3_1690281236_05-33-56.jpg
103,19,1223.9358,290.27148,1700.4406,615.52655,cam_3_1690281476_05-37-56.jpg
103,1,1512.5767,466.33786,2055.2566,890.54926,cam_3_1690281476_05-37-56.jpg
103,121,427.83972,367.1596,827.07336,622.6517,cam_3_1690281476_05-37-56.jpg
103,55,2010.7898,479.0742,2407.5144,906.12274,cam_3_1690281476_05-37-56.jpg
103,103,877.99817,317.80243,1187.4696,585.2133,cam_3_1690281476_05-37-56.jpg
103,107,1191.7495,274.6162,1484.7065,373.65598,cam_3_1690281476_05-37-56.jpg
103,126,1409.2898,198.13174,1575.5494,287.82315,cam_3_1690281476_05-37-56.jpg
104,19,1222.0681,291.823,1703.2793,619.7566,cam_3_1690281506_05-38-26.jpg
104,1,1495.1096,536.3165,2065.1028,969.25543,cam_3_1690281506_05-38-26.jpg
104,121,478.88568,365.43695,879.5058,622.638,cam_3_1690281506_05-38-26.jpg
104,55,2005.7169,453.6056,2404.072,904.1619,cam_3_1690281506_05-38-26.jpg
104,103,850.006,319.4965,1197.7445,580.60034,cam_3_1690281506_05-38-26.jpg
104,135,1631.9354,643.75775,2076.8987,1397.7233,cam_3_1690281506_05-38-26.jpg
104,136,1587.5737,372.6451,2116.281,599.901,cam_3_1690281506_05-38-26.jpg
104,107,1183.5525,272.58768,1478.9133,402.32516,cam_3_1690281506_05-38-26.jpg
104,126,1422.6263,199.03358,1582.5673,290.15335,cam_3_1690281506_05-38-26.jpg
105,19,1217.1835,290.8915,1700.7551,623.16156,cam_3_1690281596_05-39-56.jpg
105,121,502.53174,367.88403,887.57336,622.7452,cam_3_1690281596_05-39-56.jpg
105,55,2011.3993,508.38538,2455.2996,919.33716,cam_3_1690281596_05-39-56.jpg
105,103,805.9832,321.3821,1170.0745,581.74677,cam_3_1690281596_05-39-56.jpg
105,136,1619.3167,379.84354,2030.5273,775.1313,cam_3_1690281596_05-39-56.jpg
105,107,1191.7252,274.81332,1484.3951,386.2977,cam_3_1690281596_05-39-56.jpg
105,126,1418.435,199.59523,1591.3833,290.06863,cam_3_1690281596_05-39-56.jpg
105,78,2668.5164,626.6558,3810.8267,1219.2524,cam_3_1690281596_05-39-56.jpg
105,100,1340.8281,1362.5762,1900.2893,2731.785,cam_3_1690281596_05-39-56.jpg
105,113,1775.0902,419.74915,2279.5403,907.7999,cam_3_1690281596_05-39-56.jpg
106,19,1201.3718,293.94208,1688.7496,627.0536,cam_3_1690281641_05-40-41.jpg
106,121,529.5422,366.2564,878.9417,622.98456,cam_3_1690281641_05-40-41.jpg
106,55,2019.4836,558.63696,2493.6975,920.56134,cam_3_1690281641_05-40-41.jpg
106,103,816.78723,324.4367,1179.7301,576.57855,cam_3_1690281641_05-40-41.jpg
106,136,1614.7732,380.44125,2017.9915,839.4837,cam_3_1690281641_05-40-41.jpg
106,107,1187.2278,276.55566,1500.9167,387.19815,cam_3_1690281641_05-40-41.jpg
106,126,1405.4587,202.69325,1583.7194,289.52774,cam_3_1690281641_05-40-41.jpg
106,78,2697.58,624.67834,3839.3313,1229.0571,cam_3_1690281641_05-40-41.jpg
106,100,1344.957,1341.2449,1948.2882,2741.1914,cam_3_1690281641_05-40-41.jpg
106,113,1762.5787,408.28006,2295.8845,920.10187,cam_3_1690281641_05-40-41.jpg
106,101,1068.2448,243.10684,1322.0227,379.41156,cam_3_1690281641_05-40-41.jpg
107,19,1193.5891,302.5997,1682.2529,628.40906,cam_3_1690281671_05-41-11.jpg
107,121,535.11676,366.85938,869.35986,621.1259,cam_3_1690281671_05-41-11.jpg
107,55,2022.8276,578.5548,2514.3462,922.04865,cam_3_1690281671_05-41-11.jpg
107,103,819.43884,323.49197,1184.3735,576.527,cam_3_1690281671_05-41-11.jpg
107,136,1626.7888,374.49536,2046.6643,872.41864,cam_3_1690281671_05-41-11.jpg
107,107,1180.4949,278.13422,1499.8829,390.21136,cam_3_1690281671_05-41-11.jpg
107,126,1404.957,205.5117,1576.0197,291.69525,cam_3_1690281671_05-41-11.jpg
107,78,2707.265,627.31775,3801.1836,1232.8833,cam_3_1690281671_05-41-11.jpg
107,100,1343.312,1332.751,1974.6816,2742.698,cam_3_1690281671_05-41-11.jpg
107,113,1752.0348,403.43582,2297.3345,926.2608,cam_3_1690281671_05-41-11.jpg
108,121,552.99036,368.41605,916.3314,623.43207,cam_3_1690281896_05-44-56.jpg
108,55,2023.345,549.73486,2522.7776,920.30615,cam_3_1690281896_05-44-56.jpg
108,103,795.42633,308.69214,1130.7684,543.53955,cam_3_1690281896_05-44-56.jpg
108,107,1187.3442,265.68665,1499.4276,360.55264,cam_3_1690281896_05-44-56.jpg
108,100,1330.5098,1367.9747,2145.6584,2756.758,cam_3_1690281896_05-44-56.jpg
108,113,1734.2164,405.27087,2328.4338,926.01636,cam_3_1690281896_05-44-56.jpg
108,42,3221.6204,413.3396,3612.1257,1054.2015,cam_3_1690281896_05-44-56.jpg
108,68,1148.9137,389.6566,1553.8099,704.60315,cam_3_1690281896_05-44-56.jpg
108,102,1159.433,309.3511,1645.4038,479.03458,cam_3_1690281896_05-44-56.jpg
108,101,1051.0958,236.19197,1326.122,430.6211,cam_3_1690281896_05-44-56.jpg
109,121,579.6747,366.47812,1017.7355,638.19794,cam_3_1690281986_05-46-26.jpg
109,55,2022.7059,543.87744,2509.268,919.24225,cam_3_1690281986_05-46-26.jpg
109,107,1183.8668,268.63812,1492.8224,361.782,cam_3_1690281986_05-46-26.jpg
109,100,1321.3706,1389.2701,2247.0752,2767.4644,cam_3_1690281986_05-46-26.jpg
109,113,1731.3038,406.06787,2311.9258,925.5198,cam_3_1690281986_05-46-26.jpg
109,142,1204.163,207.77151,1463.8016,285.1704,cam_3_1690281986_05-46-26.jpg
109,102,1158.9395,307.14603,1628.5271,480.2773,cam_3_1690281986_05-46-26.jpg
109,101,1024.0975,229.70345,1335.6201,440.1496,cam_3_1690281986_05-46-26.jpg
109,129,1220.4303,460.16595,1704.2163,783.7022,cam_3_1690281986_05-46-26.jpg
110,121,568.5106,367.07904,1039.9972,651.28156,cam_3_1690282046_05-47-26.jpg
110,55,2022.5402,542.82904,2517.3372,919.6824,cam_3_1690282046_05-47-26.jpg
110,107,1187.2665,270.46027,1505.6298,381.29608,cam_3_1690282046_05-47-26.jpg
110,100,1321.9147,1389.7374,2295.0652,2769.936,cam_3_1690282046_05-47-26.jpg
110,113,1723.3185,404.94055,2273.5579,922.0757,cam_3_1690282046_05-47-26.jpg
110,142,1212.6686,209.08646,1470.1729,284.21207,cam_3_1690282046_05-47-26.jpg
110,102,1172.1881,283.34573,1563.9897,455.0222,cam_3_1690282046_05-47-26.jpg
110,101,1022.3321,230.01952,1341.7928,449.22147,cam_3_1690282046_05-47-26.jpg
110,129,1339.2524,463.8812,1739.8162,821.61365,cam_3_1690282046_05-47-26.jpg
110,19,1213.2764,297.76862,1698.5857,621.2223,cam_3_1690282046_05-47-26.jpg
110,42,2851.2905,396.77408,3480.5818,946.4266,cam_3_1690282046_05-47-26.jpg
111,121,566.3957,365.89017,1057.6721,665.20416,cam_3_1690282211_05-50-11.jpg
111,55,2006.8364,532.268,2698.3481,1002.54254,cam_3_1690282211_05-50-11.jpg
111,100,1313.0728,1408.516,2329.104,2775.04,cam_3_1690282211_05-50-11.jpg
111,113,1745.7582,412.49402,2320.7427,852.8739,cam_3_1690282211_05-50-11.jpg
111,142,1247.4214,200.78761,1516.636,279.04724,cam_3_1690282211_05-50-11.jpg
111,102,1180.0714,270.33646,1497.3715,497.0568,cam_3_1690282211_05-50-11.jpg
111,101,1003.71716,225.47557,1339.4188,458.2078,cam_3_1690282211_05-50-11.jpg
111,151,1561.4132,428.46402,1921.4342,631.32745,cam_3_1690282211_05-50-11.jpg
111,19,1260.9572,295.86786,1692.6091,593.55505,cam_3_1690282211_05-50-11.jpg
111,135,1722.7639,711.0228,2388.4854,1336.112,cam_3_1690282211_05-50-11.jpg
112,121,595.54236,367.00867,1063.1418,670.864,cam_3_1690282241_05-50-41.jpg
112,55,2014.3218,559.5817,2572.3945,955.2174,cam_3_1690282241_05-50-41.jpg
112,100,1301.4442,1418.4235,2352.8833,2778.1604,cam_3_1690282241_05-50-41.jpg
112,142,1329.1178,195.7886,1538.623,276.47775,cam_3_1690282241_05-50-41.jpg
112,102,1185.456,274.17154,1615.7399,523.21136,cam_3_1690282241_05-50-41.jpg
112,101,1004.8419,223.09427,1334.0924,470.82587,cam_3_1690282241_05-50-41.jpg
112,151,1540.417,423.52216,1917.535,601.68756,cam_3_1690282241_05-50-41.jpg
112,19,1357.4855,343.2286,1734.4927,572.034,cam_3_1690282241_05-50-41.jpg
112,54,2188.0693,672.0986,3200.6357,1293.5206,cam_3_1690282241_05-50-41.jpg
112,1,1488.2264,542.1463,1885.3839,1083.1519,cam_3_1690282241_05-50-41.jpg
112,136,1580.7858,471.7582,1964.6053,909.44525,cam_3_1690282241_05-50-41.jpg
113,55,2021.4535,548.5846,2519.9395,930.12787,cam_3_1690282466_05-54-26.jpg
113,100,1288.7402,1427.4482,2376.4785,2776.1238,cam_3_1690282466_05-54-26.jpg
113,102,1188.2961,276.5431,1648.9719,486.2587,cam_3_1690282466_05-54-26.jpg
113,101,998.8109,224.03836,1337.5631,456.28763,cam_3_1690282466_05-54-26.jpg
113,151,1545.7612,432.07718,1930.0767,636.67896,cam_3_1690282466_05-54-26.jpg
113,19,1391.2089,368.25974,1736.168,567.1436,cam_3_1690282466_05-54-26.jpg
113,156,1795.2565,445.7265,2112.8027,706.7924,cam_3_1690282466_05-54-26.jpg
113,1,1393.518,609.67535,1956.6107,1132.5123,cam_3_1690282466_05-54-26.jpg
113,136,1644.1433,475.77747,2003.1332,734.138,cam_3_1690282466_05-54-26.jpg
113,79,1181.0531,357.94568,1392.5415,690.9156,cam_3_1690282466_05-54-26.jpg
113,10,597.53156,427.00925,823.7172,747.7589,cam_3_1690282466_05-54-26.jpg
113,126,1450.8352,199.59746,1660.6324,308.80237,cam_3_1690282466_05-54-26.jpg
113,103,803.4885,328.38538,1022.9941,597.47394,cam_3_1690282466_05-54-26.jpg
113,113,1849.7092,476.97375,2317.0527,825.9109,cam_3_1690282466_05-54-26.jpg
114,55,2017.7753,546.70386,2513.8274,923.76587,cam_3_1690282646_05-57-26.jpg
114,100,1310.373,1452.5104,2416.3652,2778.4265,cam_3_1690282646_05-57-26.jpg
114,102,1198.4569,279.86502,1661.1167,526.2727,cam_3_1690282646_05-57-26.jpg
114,101,998.9804,226.7012,1332.3112,471.4698,cam_3_1690282646_05-57-26.jpg
114,151,1592.2998,433.49207,1926.7635,600.49054,cam_3_1690282646_05-57-26.jpg
114,19,1402.7611,372.25546,1731.7238,567.6829,cam_3_1690282646_05-57-26.jpg
114,156,1784.5618,454.38568,2110.7026,739.8533,cam_3_1690282646_05-57-26.jpg
114,136,1689.6833,483.52045,2022.0376,670.0712,cam_3_1690282646_05-57-26.jpg
114,10,577.8246,426.63528,784.24335,745.4093,cam_3_1690282646_05-57-26.jpg
114,126,1441.6425,206.23448,1675.6067,316.62503,cam_3_1690282646_05-57-26.jpg
114,103,815.44257,329.88425,1020.8183,604.3757,cam_3_1690282646_05-57-26.jpg
114,113,1860.0464,488.00546,2307.5906,824.8702,cam_3_1690282646_05-57-26.jpg
114,129,1517.4668,476.11966,1772.4255,915.3561,cam_3_1690282646_05-57-26.jpg
115,55,2015.2673,546.517,2515.5195,921.4175,cam_3_1690282661_05-57-41.jpg
115,100,1281.1622,1467.0745,2436.003,2780.6,cam_3_1690282661_05-57-41.jpg
115,102,1200.391,278.19952,1661.14,537.8015,cam_3_1690282661_05-57-41.jpg
115,101,998.2266,226.90295,1327.3542,483.37646,cam_3_1690282661_05-57-41.jpg
115,151,1604.0931,433.4991,1927.1587,587.7178,cam_3_1690282661_05-57-41.jpg
115,19,1405.4542,372.57016,1733.0388,566.2803,cam_3_1690282661_05-57-41.jpg
115,156,1778.1931,451.60056,2109.888,756.27765,cam_3_1690282661_05-57-41.jpg
115,136,1696.5435,481.37146,2030.5393,666.58746,cam_3_1690282661_05-57-41.jpg
115,10,569.2753,424.73712,762.8763,747.23615,cam_3_1690282661_05-57-41.jpg
115,126,1446.3225,205.61201,1679.2296,318.60953,cam_3_1690282661_05-57-41.jpg
115,103,813.39404,330.34418,1021.3438,605.52545,cam_3_1690282661_05-57-41.jpg
115,113,1864.3276,490.13364,2305.4695,825.0474,cam_3_1690282661_05-57-41.jpg
115,162,1485.0659,404.64783,1794.3596,571.67883,cam_3_1690282661_05-57-41.jpg
115,129,1532.7826,478.85165,1767.9868,928.94775,cam_3_1690282661_05-57-41.jpg
116,55,2017.6815,549.9203,2516.1675,917.9475,cam_3_1690282706_05-58-26.jpg
116,100,1131.6521,1484.3141,2487.446,2785.7195,cam_3_1690282706_05-58-26.jpg
116,102,1202.8246,276.91238,1668.2758,537.12836,cam_3_1690282706_05-58-26.jpg
116,101,1001.2334,226.01802,1334.7147,483.4877,cam_3_1690282706_05-58-26.jpg
116,151,1616.0889,436.13043,1924.4486,591.7114,cam_3_1690282706_05-58-26.jpg
116,19,1395.3706,366.45532,1738.3993,543.2801,cam_3_1690282706_05-58-26.jpg
116,156,1776.2255,452.19214,2108.7026,759.2734,cam_3_1690282706_05-58-26.jpg
116,136,1689.6692,486.3883,2029.9572,671.4067,cam_3_1690282706_05-58-26.jpg
116,10,569.2458,427.50748,762.7853,743.8142,cam_3_1690282706_05-58-26.jpg
116,103,828.0395,330.03848,1016.9989,605.53845,cam_3_1690282706_05-58-26.jpg
116,113,1864.3177,489.556,2307.4265,824.22577,cam_3_1690282706_05-58-26.jpg
116,68,1358.5985,455.7225,1725.7025,873.42596,cam_3_1690282706_05-58-26.jpg
117,55,2016.9131,548.9104,2527.8596,919.56036,cam_3_1690282976_06-02-56.jpg
117,102,1200.2551,277.90915,1666.5376,537.1771,cam_3_1690282976_06-02-56.jpg
117,151,1571.3594,438.97095,1933.304,626.49854,cam_3_1690282976_06-02-56.jpg
117,19,1404.4703,371.88147,1740.8765,555.98486,cam_3_1690282976_06-02-56.jpg
117,156,1769.8192,450.51068,2111.108,759.7429,cam_3_1690282976_06-02-56.jpg
117,136,1671.9913,471.76822,2024.3632,677.43555,cam_3_1690282976_06-02-56.jpg
117,10,558.5945,426.85193,741.28436,738.7918,cam_3_1690282976_06-02-56.jpg
117,103,863.72327,333.81277,1078.2493,609.30396,cam_3_1690282976_06-02-56.jpg
117,113,1859.5219,493.95612,2311.2844,823.9224,cam_3_1690282976_06-02-56.jpg
117,4,961.7629,398.9476,1235.0236,706.75226,cam_3_1690282976_06-02-56.jpg
117,128,1333.8971,1163.0942,2074.2407,2324.5337,cam_3_1690282976_06-02-56.jpg
117,42,2749.494,276.7205,3161.679,670.82635,cam_3_1690282976_06-02-56.jpg
117,121,644.69604,366.61194,940.92737,648.6609,cam_3_1690282976_06-02-56.jpg
118,55,2056.9172,546.4525,2553.9084,898.2446,cam_3_1690283186_06-06-26.jpg
118,102,1195.3683,272.59857,1572.7598,532.25024,cam_3_1690283186_06-06-26.jpg
118,151,1548.814,438.81943,1932.9476,637.33203,cam_3_1690283186_06-06-26.jpg
118,19,1336.5688,324.04358,1752.1206,623.84607,cam_3_1690283186_06-06-26.jpg
118,156,1771.4308,460.40076,2114.3564,713.9706,cam_3_1690283186_06-06-26.jpg
118,136,1660.0784,468.58972,2019.201,671.2439,cam_3_1690283186_06-06-26.jpg
118,10,550.4108,424.12256,732.49414,733.6778,cam_3_1690283186_06-06-26.jpg
118,113,1905.1304,497.30585,2327.9944,768.32697,cam_3_1690283186_06-06-26.jpg
118,42,2786.067,271.23282,3150.7048,653.5523,cam_3_1690283186_06-06-26.jpg
118,121,638.56165,358.53275,921.8091,639.01843,cam_3_1690283186_06-06-26.jpg
118,1,1493.1814,637.56055,2206.405,1141.7135,cam_3_1690283186_06-06-26.jpg
119,55,2034.3469,558.2951,2510.8022,907.13586,cam_3_1690283291_06-08-11.jpg
119,102,1199.2974,268.6433,1543.2433,530.9458,cam_3_1690283291_06-08-11.jpg
119,151,1543.375,438.9589,1935.2211,642.80554,cam_3_1690283291_06-08-11.jpg
119,19,1324.9808,311.44592,1772.5931,644.1381,cam_3_1690283291_06-08-11.jpg
119,156,1769.528,452.92853,2113.3328,742.2874,cam_3_1690283291_06-08-11.jpg
119,136,1658.7625,467.32657,2009.2684,677.48157,cam_3_1690283291_06-08-11.jpg
119,10,544.55444,427.3395,734.13934,728.55084,cam_3_1690283291_06-08-11.jpg
119,113,1877.0023,497.55777,2333.0076,807.7412,cam_3_1690283291_06-08-11.jpg
119,121,632.31946,353.33707,931.37415,624.7331,cam_3_1690283291_06-08-11.jpg
119,170,2122.384,231.24377,2439.3171,443.52792,cam_3_1690283291_06-08-11.jpg
119,171,2306.147,435.63385,2730.8733,611.7136,cam_3_1690283291_06-08-11.jpg
120,55,2026.1985,560.4254,2499.4968,911.5272,cam_3_1690283306_06-08-26.jpg
120,102,1195.8674,269.63278,1531.3511,533.774,cam_3_1690283306_06-08-26.jpg
120,151,1548.5403,438.64017,1938.7188,644.90955,cam_3_1690283306_06-08-26.jpg
120,19,1321.465,301.29456,1775.3534,658.8023,cam_3_1690283306_06-08-26.jpg
120,156,1768.6746,450.91174,2110.3188,753.1122,cam_3_1690283306_06-08-26.jpg
120,136,1659.401,465.07462,2002.2728,679.8384,cam_3_1690283306_06-08-26.jpg
120,10,544.95996,422.5019,895.1658,715.3932,cam_3_1690283306_06-08-26.jpg
120,113,1866.3232,498.20242,2334.0413,819.69226,cam_3_1690283306_06-08-26.jpg
120,121,634.9994,351.07278,928.6878,534.747,cam_3_1690283306_06-08-26.jpg
120,170,2143.1084,228.10164,2438.4705,440.32852,cam_3_1690283306_06-08-26.jpg
120,171,2304.6912,436.7098,2730.632,612.9328,cam_3_1690283306_06-08-26.jpg
120,172,1635.3785,182.27632,1943.8813,298.6186,cam_3_1690283306_06-08-26.jpg
121,55,2023.386,566.5242,2494.4075,914.2286,cam_3_1690283321_06-08-41.jpg
121,102,1197.6697,269.55862,1523.029,536.19434,cam_3_1690283321_06-08-41.jpg
121,151,1543.9883,440.575,1936.7655,645.1792,cam_3_1690283321_06-08-41.jpg
121,19,1318.9042,297.61542,1776.6194,666.0333,cam_3_1690283321_06-08-41.jpg
121,156,1768.3672,450.76788,2108.2258,757.9442,cam_3_1690283321_06-08-41.jpg
121,136,1654.6409,467.67166,2003.6854,685.2677,cam_3_1690283321_06-08-41.jpg
121,10,542.20764,420.13757,947.7945,699.3161,cam_3_1690283321_06-08-41.jpg
121,113,1856.3008,498.41342,2330.1086,823.3963,cam_3_1690283321_06-08-41.jpg
121,121,636.8515,349.07574,921.32715,481.17276,cam_3_1690283321_06-08-41.jpg
121,170,2133.5483,227.90758,2428.5808,440.6581,cam_3_1690283321_06-08-41.jpg
121,171,2303.3818,435.77072,2727.5608,615.49677,cam_3_1690283321_06-08-41.jpg
121,172,1686.7699,181.05354,1956.4547,300.5489,cam_3_1690283321_06-08-41.jpg
122,55,2018.3301,575.50104,2479.7224,917.18634,cam_3_1690283591_06-13-11.jpg
122,102,1196.2136,269.6447,1619.4476,535.7167,cam_3_1690283591_06-13-11.jpg
122,151,1545.4807,437.99152,1936.4904,647.50543,cam_3_1690283591_06-13-11.jpg
122,156,1767.2589,488.8522,2170.7217,756.2995,cam_3_1690283591_06-13-11.jpg
122,136,1656.6874,478.40002,2012.5933,686.5171,cam_3_1690283591_06-13-11.jpg
122,10,544.3507,376.04993,921.87274,654.9943,cam_3_1690283591_06-13-11.jpg
122,113,1866.4989,502.294,2331.022,825.9196,cam_3_1690283591_06-13-11.jpg
122,170,2169.9717,216.98003,2414.7244,409.59088,cam_3_1690283591_06-13-11.jpg
122,171,2286.3716,436.6729,2728.152,613.7337,cam_3_1690283591_06-13-11.jpg
122,172,1622.652,178.95175,1918.6569,306.88028,cam_3_1690283591_06-13-11.jpg
122,107,1110.8865,227.30626,1411.9152,359.01102,cam_3_1690283591_06-13-11.jpg
122,162,1395.158,367.14127,1734.9485,568.3001,cam_3_1690283591_06-13-11.jpg
123,55,2017.835,578.63745,2499.6023,917.2376,cam_3_1690283681_06-14-41.jpg
123,102,1195.3301,272.8735,1653.3683,534.579,cam_3_1690283681_06-14-41.jpg
123,151,1547.6224,438.05014,1936.6638,646.6003,cam_3_1690283681_06-14-41.jpg
123,156,1767.1915,472.36816,2134.5261,758.3595,cam_3_1690283681_06-14-41.jpg
123,136,1661.0181,471.75418,2011.1257,682.61365,cam_3_1690283681_06-14-41.jpg
123,10,543.08936,361.0107,911.7101,641.8133,cam_3_1690283681_06-14-41.jpg
123,113,1858.7628,496.6828,2329.0227,828.38525,cam_3_1690283681_06-14-41.jpg
123,170,2150.7888,230.19359,2471.2563,427.95013,cam_3_1690283681_06-14-41.jpg
123,171,2287.4312,438.67358,2727.5908,609.7403,cam_3_1690283681_06-14-41.jpg
123,172,1569.0599,182.05031,1884.9678,311.76456,cam_3_1690283681_06-14-41.jpg
123,173,1881.6632,221.12427,2159.9404,407.62552,cam_3_1690283681_06-14-41.jpg
123,162,1391.638,366.1597,1732.1967,568.17175,cam_3_1690283681_06-14-41.jpg
123,121,667.89435,313.17957,980.4481,513.09985,cam_3_1690283681_06-14-41.jpg
124,55,2020.3202,573.1261,2506.347,915.7798,cam_3_1690283696_06-14-56.jpg
124,102,1192.4915,273.98965,1665.3401,535.3093,cam_3_1690283696_06-14-56.jpg
124,151,1550.0574,440.2581,1933.7566,648.03546,cam_3_1690283696_06-14-56.jpg
124,156,1770.2175,456.91647,2112.329,760.1087,cam_3_1690283696_06-14-56.jpg
124,136,1657.7158,465.62708,2008.0294,684.65186,cam_3_1690283696_06-14-56.jpg
124,10,544.15454,349.5627,908.6076,636.19934,cam_3_1690283696_06-14-56.jpg
124,113,1856.8756,495.00998,2327.1594,827.2254,cam_3_1690283696_06-14-56.jpg
124,171,2293.6858,438.20795,2728.5251,606.9125,cam_3_1690283696_06-14-56.jpg
124,173,1827.1841,222.47018,2148.3972,402.52255,cam_3_1690283696_06-14-56.jpg
124,162,1392.2809,367.11487,1721.5963,568.98676,cam_3_1690283696_06-14-56.jpg
124,121,662.85626,301.90057,972.5676,519.5447,cam_3_1690283696_06-14-56.jpg
124,126,1478.5211,191.04195,1751.7322,302.56985,cam_3_1690283696_06-14-56.jpg
125,55,2019.0845,571.5315,2487.6387,916.42505,cam_3_1690283816_06-16-56.jpg
125,102,1194.5865,269.4209,1672.6669,534.053,cam_3_1690283816_06-16-56.jpg
125,151,1548.4824,437.45825,1932.3983,645.41974,cam_3_1690283816_06-16-56.jpg
125,156,1770.0092,457.03928,2113.9055,758.0329,cam_3_1690283816_06-16-56.jpg
125,136,1660.5487,463.61008,2011.8802,680.9315,cam_3_1690283816_06-16-56.jpg
125,10,562.7216,350.1535,894.1718,636.9716,cam_3_1690283816_06-16-56.jpg
125,113,1860.5549,494.76895,2329.259,827.7927,cam_3_1690283816_06-16-56.jpg
125,171,2281.124,436.39658,2728.7322,606.91986,cam_3_1690283816_06-16-56.jpg
125,173,1839.5432,225.25002,2181.719,405.45544,cam_3_1690283816_06-16-56.jpg
125,162,1394.1436,367.68765,1722.9285,567.7803,cam_3_1690283816_06-16-56.jpg
125,177,1748.3422,212.46542,1986.9333,370.2168,cam_3_1690283816_06-16-56.jpg
125,178,449.22485,335.9046,762.5939,577.61957,cam_3_1690283816_06-16-56.jpg
125,126,1518.4668,187.9549,1698.2052,303.16315,cam_3_1690283816_06-16-56.jpg
126,55,2018.9285,572.3811,2482.5474,917.0492,cam_3_1690283846_06-17-26.jpg
126,102,1195.4773,266.28033,1670.0444,536.7529,cam_3_1690283846_06-17-26.jpg
126,151,1546.4432,435.00208,1930.5178,646.17737,cam_3_1690283846_06-17-26.jpg
126,156,1768.5278,460.61066,2111.8713,756.99506,cam_3_1690283846_06-17-26.jpg
126,136,1660.0134,462.23022,2013.7554,680.7827,cam_3_1690283846_06-17-26.jpg
126,10,577.6034,352.75174,886.911,637.75775,cam_3_1690283846_06-17-26.jpg
126,113,1858.7585,497.1124,2331.5608,827.6939,cam_3_1690283846_06-17-26.jpg
126,171,2285.352,435.53174,2730.1436,606.4456,cam_3_1690283846_06-17-26.jpg
126,173,1911.5278,214.93474,2240.392,404.73993,cam_3_1690283846_06-17-26.jpg
126,162,1391.501,366.7968,1723.4109,567.21826,cam_3_1690283846_06-17-26.jpg
126,177,1741.6246,216.55641,2018.2561,376.84888,cam_3_1690283846_06-17-26.jpg
126,178,419.4777,335.27826,762.5792,594.27625,cam_3_1690283846_06-17-26.jpg
126,126,1510.5237,189.41525,1658.2291,307.4815,cam_3_1690283846_06-17-26.jpg
127,55,2018.2854,575.67413,2481.4265,916.59015,cam_3_1690283876_06-17-56.jpg
127,102,1196.1727,265.3826,1671.6593,536.6398,cam_3_1690283876_06-17-56.jpg
127,151,1546.9604,434.4771,1933.3604,646.88007,cam_3_1690283876_06-17-56.jpg
127,156,1768.4508,457.6805,2108.6064,756.62646,cam_3_1690283876_06-17-56.jpg
127,136,1658.8197,460.8069,2014.6984,681.66766,cam_3_1690283876_06-17-56.jpg
127,10,584.01996,350.05725,882.6322,636.09216,cam_3_1690283876_06-17-56.jpg
127,113,1858.7699,495.9665,2331.836,827.7403,cam_3_1690283876_06-17-56.jpg
127,171,2293.107,435.07684,2730.4275,605.7939,cam_3_1690283876_06-17-56.jpg
127,173,1878.7089,219.3306,2207.1714,404.5228,cam_3_1690283876_06-17-56.jpg
127,162,1393.0798,368.73965,1724.2126,567.1096,cam_3_1690283876_06-17-56.jpg
127,177,1740.7643,216.28043,2006.1346,379.07208,cam_3_1690283876_06-17-56.jpg
127,178,423.10962,333.77518,743.82324,603.8623,cam_3_1690283876_06-17-56.jpg
127,126,1525.1122,188.51988,1667.3846,310.63412,cam_3_1690283876_06-17-56.jpg
128,55,2019.6353,571.181,2496.1362,916.7283,cam_3_1690283921_06-18-41.jpg
128,102,1200.0573,266.2377,1671.2883,535.22186,cam_3_1690283921_06-18-41.jpg
128,151,1546.7511,433.22693,1932.2693,647.52985,cam_3_1690283921_06-18-41.jpg
128,156,1766.3905,447.88947,2118.3755,756.37006,cam_3_1690283921_06-18-41.jpg
128,136,1659.0452,463.1485,2009.3989,681.2433,cam_3_1690283921_06-18-41.jpg
128,10,586.0131,352.0823,884.6438,635.7102,cam_3_1690283921_06-18-41.jpg
128,113,1859.7964,494.11758,2334.8696,827.6491,cam_3_1690283921_06-18-41.jpg
128,171,2297.7207,435.68945,2729.6614,604.4446,cam_3_1690283921_06-18-41.jpg
128,173,1867.5443,224.13885,2159.9143,410.12082,cam_3_1690283921_06-18-41.jpg
128,162,1394.4823,366.61627,1720.6586,566.32526,cam_3_1690283921_06-18-41.jpg
128,178,442.1999,338.13004,760.5127,612.9134,cam_3_1690283921_06-18-41.jpg
128,126,1521.1666,189.76785,1663.9725,316.30188,cam_3_1690283921_06-18-41.jpg
128,107,1125.0592,218.79219,1348.541,412.25098,cam_3_1690283921_06-18-41.jpg
129,55,2019.2783,571.0819,2497.928,916.1529,cam_3_1690283951_06-19-11.jpg
129,102,1191.1573,268.49878,1668.2778,535.6837,cam_3_1690283951_06-19-11.jpg
129,151,1545.657,431.82358,1935.6969,647.14984,cam_3_1690283951_06-19-11.jpg
129,156,1766.3422,455.19247,2119.905,755.6135,cam_3_1690283951_06-19-11.jpg
129,136,1660.6617,462.54913,2009.6125,679.35425,cam_3_1690283951_06-19-11.jpg
129,10,588.6089,353.9207,882.8105,635.1698,cam_3_1690283951_06-19-11.jpg
129,113,1859.6423,495.20377,2332.2183,827.7622,cam_3_1690283951_06-19-11.jpg
129,171,2292.4016,434.96048,2728.914,604.94525,cam_3_1690283951_06-19-11.jpg
129,173,1906.4323,215.21603,2210.3079,402.21866,cam_3_1690283951_06-19-11.jpg
129,162,1397.9276,367.8264,1720.356,566.6527,cam_3_1690283951_06-19-11.jpg
129,178,433.20554,336.846,743.46136,613.36414,cam_3_1690283951_06-19-11.jpg
129,126,1533.1276,185.14363,1669.492,322.17978,cam_3_1690283951_06-19-11.jpg
130,55,2019.9,564.0954,2533.159,913.73334,cam_3_1690283981_06-19-41.jpg
130,102,1187.9972,262.56784,1665.6393,533.9364,cam_3_1690283981_06-19-41.jpg
130,151,1546.9526,431.66586,1936.5995,646.18164,cam_3_1690283981_06-19-41.jpg
130,156,1766.078,457.23712,2114.1836,756.181,cam_3_1690283981_06-19-41.jpg
130,136,1660.6205,459.2703,2002.4712,679.17365,cam_3_1690283981_06-19-41.jpg
130,10,588.1851,348.49548,886.6287,636.7343,cam_3_1690283981_06-19-41.jpg
130,113,1857.6908,494.82306,2329.209,826.58276,cam_3_1690283981_06-19-41.jpg
130,171,2299.3767,435.0323,2729.5466,603.06854,cam_3_1690283981_06-19-41.jpg
130,173,1934.4272,213.25761,2224.6667,396.9963,cam_3_1690283981_06-19-41.jpg
130,162,1398.4144,366.21356,1724.108,567.7973,cam_3_1690283981_06-19-41.jpg
130,178,437.79797,333.0923,747.6806,605.6722,cam_3_1690283981_06-19-41.jpg
130,126,1497.2681,189.46236,1659.3743,317.32138,cam_3_1690283981_06-19-41.jpg
131,55,2019.6326,563.8529,2548.1218,912.81836,cam_3_1690283996_06-19-56.jpg
131,102,1183.5264,270.97403,1669.8926,533.9369,cam_3_1690283996_06-19-56.jpg
131,151,1547.5928,436.01587,1934.5538,646.5519,cam_3_1690283996_06-19-56.jpg
131,156,1767.1248,455.6122,2109.691,758.507,cam_3_1690283996_06-19-56.jpg
131,136,1660.714,466.06268,1996.2942,680.03015,cam_3_1690283996_06-19-56.jpg
131,10,574.57587,347.6345,886.11896,634.33496,cam_3_1690283996_06-19-56.jpg
131,113,1858.4781,493.92676,2330.967,827.4898,cam_3_1690283996_06-19-56.jpg
131,171,2301.431,434.87454,2731.1846,602.4393,cam_3_1690283996_06-19-56.jpg
131,173,1909.8499,226.81136,2155.504,408.75397,cam_3_1690283996_06-19-56.jpg
131,162,1396.8131,368.96222,1725.6298,564.904,cam_3_1690283996_06-19-56.jpg
131,178,396.20483,329.24335,765.59576,578.5581,cam_3_1690283996_06-19-56.jpg
132,55,2019.2583,563.1912,2554.3726,912.68787,cam_3_1690284011_06-20-11.jpg
132,102,1181.9336,273.241,1673.2216,534.3956,cam_3_1690284011_06-20-11.jpg
132,151,1544.3656,434.77985,1935.345,646.3031,cam_3_1690284011_06-20-11.jpg
132,156,1768.7428,454.46634,2107.8684,760.40247,cam_3_1690284011_06-20-11.jpg
132,136,1659.9736,468.37415,1996.564,680.3179,cam_3_1690284011_06-20-11.jpg
132,10,612.1464,348.76508,884.47675,633.31586,cam_3_1690284011_06-20-11.jpg
132,113,1858.3995,492.71677,2334.3894,825.8855,cam_3_1690284011_06-20-11.jpg
132,171,2298.1565,434.936,2730.4211,602.6327,cam_3_1690284011_06-20-11.jpg
132,162,1400.9426,370.2119,1724.3488,568.41003,cam_3_1690284011_06-20-11.jpg
132,178,481.1836,330.5725,779.78143,569.8906,cam_3_1690284011_06-20-11.jpg
132,172,1290.3389,190.3032,1541.0996,295.8441,cam_3_1690284011_06-20-11.jpg
133,55,2018.6005,567.6361,2548.1108,915.0207,cam_3_1690284026_06-20-26.jpg
133,102,1177.5569,274.7875,1672.1953,535.6674,cam_3_1690284026_06-20-26.jpg
133,151,1546.1475,435.7305,1934.035,645.7636,cam_3_1690284026_06-20-26.jpg
133,156,1768.0588,453.068,2104.7544,760.9135,cam_3_1690284026_06-20-26.jpg
133,136,1657.5704,469.9173,1996.644,681.17944,cam_3_1690284026_06-20-26.jpg
133,10,622.4539,349.48953,881.9712,632.9902,cam_3_1690284026_06-20-26.jpg
133,113,1855.6709,491.5874,2338.3962,827.6156,cam_3_1690284026_06-20-26.jpg
133,171,2300.0977,435.36478,2731.168,601.4265,cam_3_1690284026_06-20-26.jpg
133,162,1401.5448,372.28043,1721.7865,570.2902,cam_3_1690284026_06-20-26.jpg
133,178,453.90222,334.56888,771.7837,579.89886,cam_3_1690284026_06-20-26.jpg
133,185,1430.8959,184.38913,1567.2415,291.7996,cam_3_1690284026_06-20-26.jpg
133,186,418.28894,331.0323,724.66327,559.0565,cam_3_1690284026_06-20-26.jpg
133,172,1276.928,190.5948,1524.1986,295.0053,cam_3_1690284026_06-20-26.jpg
134,55,2017.1588,568.7846,2539.1504,914.0566,cam_3_1690284311_06-25-11.jpg
134,102,1180.165,268.973,1669.6873,538.82733,cam_3_1690284311_06-25-11.jpg
134,151,1544.5696,432.2683,1928.103,646.3806,cam_3_1690284311_06-25-11.jpg
134,156,1765.9099,450.16354,2106.7122,758.02704,cam_3_1690284311_06-25-11.jpg
134,136,1657.0331,458.21347,2003.4518,681.8925,cam_3_1690284311_06-25-11.jpg
134,10,606.4748,354.4282,870.2223,635.55176,cam_3_1690284311_06-25-11.jpg
134,113,1853.8064,490.7254,2329.3513,828.8641,cam_3_1690284311_06-25-11.jpg
134,171,2283.1057,433.84006,2730.631,605.65204,cam_3_1690284311_06-25-11.jpg
134,162,1398.975,370.75818,1721.9434,563.8921,cam_3_1690284311_06-25-11.jpg
134,186,400.63266,336.48157,742.5438,576.8112,cam_3_1690284311_06-25-11.jpg
134,170,2213.6257,253.18102,2566.3887,478.65646,cam_3_1690284311_06-25-11.jpg
134,173,1896.0839,227.6856,2164.0283,402.74994,cam_3_1690284311_06-25-11.jpg
135,55,2016.2642,570.1702,2538.032,916.29407,cam_3_1690284341_06-25-41.jpg
135,102,1179.9719,267.38037,1640.6697,537.21326,cam_3_1690284341_06-25-41.jpg
135,151,1542.1431,430.98676,1937.7024,643.7272,cam_3_1690284341_06-25-41.jpg
135,156,1768.0283,454.62048,2110.2668,753.1127,cam_3_1690284341_06-25-41.jpg
135,136,1656.9456,458.22067,2005.4886,682.7757,cam_3_1690284341_06-25-41.jpg
135,10,579.3918,354.24075,865.0912,637.9288,cam_3_1690284341_06-25-41.jpg
135,113,1857.2328,490.78397,2329.7913,826.9655,cam_3_1690284341_06-25-41.jpg
135,171,2282.9866,432.37048,2731.5325,606.0037,cam_3_1690284341_06-25-41.jpg
135,162,1396.3959,370.64847,1731.8727,562.4274,cam_3_1690284341_06-25-41.jpg
135,186,407.61517,340.30356,749.8116,580.5585,cam_3_1690284341_06-25-41.jpg
135,170,2193.1438,261.39636,2581.2183,484.32254,cam_3_1690284341_06-25-41.jpg
135,173,1905.0824,235.73521,2138.2454,391.51843,cam_3_1690284341_06-25-41.jpg
136,55,2015.6564,568.12286,2545.1726,913.8982,cam_3_1690284461_06-27-41.jpg
136,151,1549.4626,430.99866,1938.2568,644.0961,cam_3_1690284461_06-27-41.jpg
136,156,1766.1881,446.8087,2109.9785,755.03906,cam_3_1690284461_06-27-41.jpg
136,136,1656.1024,452.01886,1999.2096,682.90625,cam_3_1690284461_06-27-41.jpg
136,113,1859.4116,495.60187,2328.9602,827.53406,cam_3_1690284461_06-27-41.jpg
136,171,2278.5676,431.92004,2731.0254,603.7442,cam_3_1690284461_06-27-41.jpg
136,162,1398.9435,375.72623,1740.3213,563.93164,cam_3_1690284461_06-27-41.jpg
136,186,412.1279,366.54245,825.0333,624.9335,cam_3_1690284461_06-27-41.jpg
136,170,2178.561,265.5776,2599.5547,478.20184,cam_3_1690284461_06-27-41.jpg
136,4,438.58643,415.14044,987.6899,791.6426,cam_3_1690284461_06-27-41.jpg
137,55,2015.1798,573.0499,2537.7075,914.8229,cam_3_1690284566_06-29-26.jpg
137,151,1552.1117,431.29343,1936.5476,643.3298,cam_3_1690284566_06-29-26.jpg
137,156,1766.1566,447.39035,2108.3203,754.7519,cam_3_1690284566_06-29-26.jpg
137,136,1659.1705,448.68546,2003.3293,681.10077,cam_3_1690284566_06-29-26.jpg
137,113,1858.2539,493.42734,2333.9631,826.6393,cam_3_1690284566_06-29-26.jpg
137,171,2293.7188,433.35098,2731.0696,601.7822,cam_3_1690284566_06-29-26.jpg
137,162,1396.8479,376.65137,1742.1633,564.25146,cam_3_1690284566_06-29-26.jpg
137,186,411.72696,373.8299,838.8603,658.87573,cam_3_1690284566_06-29-26.jpg
137,170,2150.3245,270.03226,2612.703,475.78125,cam_3_1690284566_06-29-26.jpg
137,188,511.62558,337.2252,774.0114,414.02264,cam_3_1690284566_06-29-26.jpg
137,4,411.81268,413.27142,975.05566,803.059,cam_3_1690284566_06-29-26.jpg
137,178,412.39713,350.57483,790.51807,550.0635,cam_3_1690284566_06-29-26.jpg
138,55,2017.83,567.4336,2548.6497,915.8088,cam_3_1690284911_06-35-11.jpg
138,151,1549.8953,432.55563,1938.6914,645.46936,cam_3_1690284911_06-35-11.jpg
138,156,1766.6295,486.4881,2153.6797,752.26636,cam_3_1690284911_06-35-11.jpg
138,136,1660.2551,457.04056,2012.2793,680.7148,cam_3_1690284911_06-35-11.jpg
138,113,1860.9894,501.74133,2339.0176,827.02264,cam_3_1690284911_06-35-11.jpg
138,171,2301.541,433.07007,2731.7966,597.67456,cam_3_1690284911_06-35-11.jpg
138,162,1398.1016,378.3051,1746.3256,564.6281,cam_3_1690284911_06-35-11.jpg
138,170,2166.908,267.958,2606.9224,477.05157,cam_3_1690284911_06-35-11.jpg
138,188,510.69763,338.3795,767.53326,414.47217,cam_3_1690284911_06-35-11.jpg
138,4,348.498,412.7559,987.33966,798.76575,cam_3_1690284911_06-35-11.jpg
138,178,428.5655,370.42908,827.9014,565.17865,cam_3_1690284911_06-35-11.jpg
139,55,2016.1108,565.30414,2534.2983,914.2448,cam_3_1690285151_06-39-11.jpg
139,151,1548.8937,434.62982,1931.0399,645.21405,cam_3_1690285151_06-39-11.jpg
139,156,1765.5001,460.90137,2119.504,753.0453,cam_3_1690285151_06-39-11.jpg
139,136,1660.1356,446.08585,2015.4631,683.9062,cam_3_1690285151_06-39-11.jpg
139,113,1852.5255,496.9521,2334.9346,827.87134,cam_3_1690285151_06-39-11.jpg
139,171,2279.384,433.572,2730.2803,603.2028,cam_3_1690285151_06-39-11.jpg
139,162,1397.8289,381.02487,1744.5717,564.5057,cam_3_1690285151_06-39-11.jpg
139,188,508.91617,336.4062,763.5465,414.7531,cam_3_1690285151_06-39-11.jpg
139,4,342.1759,416.19415,995.47473,799.50415,cam_3_1690285151_06-39-11.jpg
139,178,424.46375,380.56784,836.90533,580.9874,cam_3_1690285151_06-39-11.jpg
140,55,2017.1545,567.0289,2533.0383,915.6729,cam_3_1690285181_06-39-41.jpg
140,151,1548.3553,436.70233,1925.6206,645.9777,cam_3_1690285181_06-39-41.jpg
140,156,1765.1277,452.31055,2108.2363,753.24384,cam_3_1690285181_06-39-41.jpg
140,136,1661.106,443.57965,2011.9469,683.96063,cam_3_1690285181_06-39-41.jpg
140,113,1851.6697,496.04288,2338.897,829.4685,cam_3_1690285181_06-39-41.jpg
140,171,2270.2402,434.00803,2730.3433,603.4405,cam_3_1690285181_06-39-41.jpg
140,162,1398.305,382.16507,1740.0018,563.3632,cam_3_1690285181_06-39-41.jpg
140,188,504.3854,336.81668,759.43713,415.2052,cam_3_1690285181_06-39-41.jpg
140,4,320.30905,417.3648,998.157,797.9826,cam_3_1690285181_06-39-41.jpg
140,178,419.41968,381.74405,839.5054,577.0868,cam_3_1690285181_06-39-41.jpg
140,190,2161.2942,406.95602,2545.6929,571.9997,cam_3_1690285181_06-39-41.jpg
141,55,2018.6222,571.75824,2526.0857,916.29156,cam_3_1690285751_06-49-11.jpg
141,151,1549.7064,432.9803,1932.0283,645.1729,cam_3_1690285751_06-49-11.jpg
141,156,1765.74,448.4059,2104.575,753.1234,cam_3_1690285751_06-49-11.jpg
141,136,1661.727,441.64423,2013.1565,683.11127,cam_3_1690285751_06-49-11.jpg
141,113,1848.0496,507.43777,2351.3127,830.45514,cam_3_1690285751_06-49-11.jpg
141,171,2276.7444,434.13303,2730.3193,607.2429,cam_3_1690285751_06-49-11.jpg
141,162,1399.4619,385.1361,1742.7369,566.38477,cam_3_1690285751_06-49-11.jpg
141,188,507.93964,341.25308,766.8241,417.39832,cam_3_1690285751_06-49-11.jpg
141,4,310.826,416.72842,1015.29694,794.79126,cam_3_1690285751_06-49-11.jpg
141,178,418.45358,382.11246,842.7781,563.30884,cam_3_1690285751_06-49-11.jpg
141,190,2133.9749,408.55853,2530.5974,583.6156,cam_3_1690285751_06-49-11.jpg
142,55,2019.5033,575.2909,2522.4897,916.2407,cam_3_1690285901_06-51-41.jpg
142,151,1550.4893,432.8824,1935.953,644.11395,cam_3_1690285901_06-51-41.jpg
142,156,1770.185,475.77982,2149.6428,754.7788,cam_3_1690285901_06-51-41.jpg
142,136,1661.9841,445.51035,2021.3009,686.6384,cam_3_1690285901_06-51-41.jpg
142,113,1853.2747,515.0142,2353.8662,832.66486,cam_3_1690285901_06-51-41.jpg
142,171,2273.1265,435.20987,2731.772,609.5902,cam_3_1690285901_06-51-41.jpg
142,162,1400.1812,386.26828,1736.3854,566.97034,cam_3_1690285901_06-51-41.jpg
142,188,509.3951,341.36185,787.5464,422.08246,cam_3_1690285901_06-51-41.jpg
142,4,352.06403,417.21466,1026.1459,794.9643,cam_3_1690285901_06-51-41.jpg
142,178,402.1008,383.3957,850.80054,579.4622,cam_3_1690285901_06-51-41.jpg
142,190,2147.3613,407.66333,2527.8848,578.35046,cam_3_1690285901_06-51-41.jpg
142,192,1484.1836,405.11197,1840.4484,589.8318,cam_3_1690285901_06-51-41.jpg
143,55,2017.5356,573.0463,2516.8586,916.4532,cam_3_1690286006_06-53-26.jpg
143,151,1553.918,431.06546,1940.7295,646.0036,cam_3_1690286006_06-53-26.jpg
143,156,1770.5892,489.00534,2178.869,755.89935,cam_3_1690286006_06-53-26.jpg
143,136,1661.2838,445.16647,2024.4872,685.7689,cam_3_1690286006_06-53-26.jpg
143,113,1853.0419,516.37067,2355.8293,831.5895,cam_3_1690286006_06-53-26.jpg
143,171,2276.8926,434.7961,2731.4387,611.0142,cam_3_1690286006_06-53-26.jpg
143,162,1396.965,386.8027,1736.4452,569.1744,cam_3_1690286006_06-53-26.jpg
143,188,510.26645,340.4547,786.8562,419.4375,cam_3_1690286006_06-53-26.jpg
143,4,342.91928,416.76663,1024.5797,795.8347,cam_3_1690286006_06-53-26.jpg
143,178,407.12228,382.51706,845.7212,570.6566,cam_3_1690286006_06-53-26.jpg
143,190,2168.7732,407.8411,2536.8176,574.00684,cam_3_1690286006_06-53-26.jpg
143,192,1483.8884,408.44666,1843.5358,596.43756,cam_3_1690286006_06-53-26.jpg
144,55,2018.205,572.4649,2515.5393,915.77826,cam_3_1690286081_06-54-41.jpg
144,151,1557.2019,428.72424,1947.08,650.41626,cam_3_1690286081_06-54-41.jpg
144,156,1773.3914,496.13083,2201.6208,754.9819,cam_3_1690286081_06-54-41.jpg
144,136,1660.264,447.8605,2038.6676,685.5758,cam_3_1690286081_06-54-41.jpg
144,113,1853.4015,516.7865,2355.9429,830.28033,cam_3_1690286081_06-54-41.jpg
144,171,2285.9104,434.4827,2731.1907,610.1333,cam_3_1690286081_06-54-41.jpg
144,162,1397.6329,385.79358,1738.498,570.5031,cam_3_1690286081_06-54-41.jpg
144,188,512.7373,339.46625,782.5667,418.8319,cam_3_1690286081_06-54-41.jpg
144,4,376.53036,417.26874,1024.5748,794.4332,cam_3_1690286081_06-54-41.jpg
144,178,429.26273,380.76004,847.6113,572.3314,cam_3_1690286081_06-54-41.jpg
144,190,2175.2644,407.35123,2537.21,569.34644,cam_3_1690286081_06-54-41.jpg
145,55,2015.912,573.1952,2524.708,916.65,cam_3_1690286126_06-55-26.jpg
145,151,1555.0377,424.83325,1948.9017,649.25665,cam_3_1690286126_06-55-26.jpg
145,156,1772.6692,485.57043,2171.871,758.74255,cam_3_1690286126_06-55-26.jpg
145,136,1661.5271,439.49518,2044.7416,684.53986,cam_3_1690286126_06-55-26.jpg
145,113,1851.3,518.911,2352.337,831.87665,cam_3_1690286126_06-55-26.jpg
145,171,2282.591,434.66647,2731.7043,611.00885,cam_3_1690286126_06-55-26.jpg
145,162,1397.9697,386.21786,1741.763,570.75635,cam_3_1690286126_06-55-26.jpg
145,188,516.9367,338.95926,795.97614,418.73203,cam_3_1690286126_06-55-26.jpg
145,4,414.56284,419.68344,1002.01306,801.9043,cam_3_1690286126_06-55-26.jpg
145,178,419.10602,377.53622,844.95215,572.93585,cam_3_1690286126_06-55-26.jpg
145,190,2102.499,410.04593,2524.1914,579.3693,cam_3_1690286126_06-55-26.jpg
146,55,2019.3104,568.9312,2523.5554,917.19116,cam_3_1690286246_06-57-26.jpg
146,151,1550.7935,427.98563,1938.2567,644.9596,cam_3_1690286246_06-57-26.jpg
146,156,1766.6348,454.03885,2123.9128,754.3907,cam_3_1690286246_06-57-26.jpg
146,136,1657.0872,433.57385,2029.1195,684.60675,cam_3_1690286246_06-57-26.jpg
146,113,1842.7628,508.6231,2351.793,830.85114,cam_3_1690286246_06-57-26.jpg
146,171,2290.2742,435.44565,2730.9292,609.18005,cam_3_1690286246_06-57-26.jpg
146,162,1400.7113,387.893,1738.3744,569.75586,cam_3_1690286246_06-57-26.jpg
146,188,511.9087,337.95718,792.21027,416.75198,cam_3_1690286246_06-57-26.jpg
146,4,410.71606,415.33014,1012.60095,791.7849,cam_3_1690286246_06-57-26.jpg
146,178,426.31207,378.20813,846.3968,575.2073,cam_3_1690286246_06-57-26.jpg
146,190,2104.6655,406.849,2530.2417,585.34424,cam_3_1690286246_06-57-26.jpg
147,55,2016.2592,568.1345,2509.2952,914.11847,cam_3_1690286306_06-58-26.jpg
147,151,1551.3895,430.40195,1934.6698,643.26276,cam_3_1690286306_06-58-26.jpg
147,156,1763.1199,447.40762,2106.2712,752.88855,cam_3_1690286306_06-58-26.jpg
147,136,1655.9515,433.52127,2024.072,685.36334,cam_3_1690286306_06-58-26.jpg
147,113,1844.9357,504.7752,2348.3035,829.76715,cam_3_1690286306_06-58-26.jpg
147,171,2288.497,436.38882,2729.9404,612.3003,cam_3_1690286306_06-58-26.jpg
147,162,1404.8452,388.98053,1732.3398,566.1149,cam_3_1690286306_06-58-26.jpg
147,188,501.4526,341.852,788.2,422.91653,cam_3_1690286306_06-58-26.jpg
147,4,419.3594,416.8076,1009.0242,801.553,cam_3_1690286306_06-58-26.jpg
147,178,428.64542,382.0084,839.97375,627.9002,cam_3_1690286306_06-58-26.jpg
147,190,2103.745,409.17133,2535.862,593.3587,cam_3_1690286306_06-58-26.jpg
147,192,1483.6323,412.84204,1851.972,604.32965,cam_3_1690286306_06-58-26.jpg
148,55,2014.5732,569.33075,2498.9668,913.2817,cam_3_1690286381_06-59-41.jpg
148,151,1550.8569,430.2865,1931.7412,642.056,cam_3_1690286381_06-59-41.jpg
148,156,1761.3282,446.04938,2098.9658,752.4731,cam_3_1690286381_06-59-41.jpg
148,136,1655.0206,434.16708,2020.0011,686.3187,cam_3_1690286381_06-59-41.jpg
148,113,1843.8995,503.76086,2348.6042,828.7037,cam_3_1690286381_06-59-41.jpg
148,171,2291.7158,437.33612,2730.0593,614.0405,cam_3_1690286381_06-59-41.jpg
148,162,1403.6604,386.6062,1731.7194,566.46796,cam_3_1690286381_06-59-41.jpg
148,188,502.74503,339.68503,783.18854,420.07236,cam_3_1690286381_06-59-41.jpg
148,4,414.61145,415.6603,1013.5009,794.25116,cam_3_1690286381_06-59-41.jpg
148,178,427.02185,383.16733,834.51154,600.8417,cam_3_1690286381_06-59-41.jpg
148,190,2111.3257,411.7593,2538.0376,595.72174,cam_3_1690286381_06-59-41.jpg
148,192,1483.3392,411.67096,1852.638,603.5862,cam_3_1690286381_06-59-41.jpg
149,55,2014.2604,567.07935,2506.6694,912.85126,cam_3_1690286501_07-01-41.jpg
149,151,1552.0504,429.938,1934.7134,642.96826,cam_3_1690286501_07-01-41.jpg
149,156,1764.7933,440.8579,2097.381,752.6059,cam_3_1690286501_07-01-41.jpg
149,136,1657.8319,433.91406,2016.2206,682.6295,cam_3_1690286501_07-01-41.jpg
149,113,1843.6506,506.6483,2355.5215,829.3731,cam_3_1690286501_07-01-41.jpg
149,171,2287.6663,435.22534,2729.7832,612.7497,cam_3_1690286501_07-01-41.jpg
149,162,1403.1711,385.88904,1731.9016,565.668,cam_3_1690286501_07-01-41.jpg
149,188,509.23987,337.8236,788.7273,417.7804,cam_3_1690286501_07-01-41.jpg
149,4,388.2219,424.9756,1034.6097,795.2159,cam_3_1690286501_07-01-41.jpg
149,178,402.56802,382.2539,848.58386,587.0513,cam_3_1690286501_07-01-41.jpg
149,190,2115.3867,409.33365,2537.15,593.7836,cam_3_1690286501_07-01-41.jpg
149,192,1479.6504,410.85693,1842.002,602.24677,cam_3_1690286501_07-01-41.jpg
150,55,2015.8994,566.8233,2494.8264,912.67413,cam_3_1690286996_07-09-56.jpg
150,151,1550.8828,434.7306,1935.7632,641.5682,cam_3_1690286996_07-09-56.jpg
150,156,1769.7977,446.15942,2099.948,751.99493,cam_3_1690286996_07-09-56.jpg
150,136,1658.0272,444.3747,2006.0333,682.7168,cam_3_1690286996_07-09-56.jpg
150,113,1849.9054,505.59784,2342.641,830.0498,cam_3_1690286996_07-09-56.jpg
150,171,2281.079,435.2615,2732.0486,610.14575,cam_3_1690286996_07-09-56.jpg
150,162,1393.8541,383.01886,1739.5448,570.1238,cam_3_1690286996_07-09-56.jpg
150,188,509.77893,347.1588,794.60425,431.75574,cam_3_1690286996_07-09-56.jpg
150,4,386.36237,425.61444,1027.6461,796.49805,cam_3_1690286996_07-09-56.jpg
150,178,397.1035,387.93756,859.54816,582.70996,cam_3_1690286996_07-09-56.jpg
150,190,2130.5635,414.5069,2544.641,589.0166,cam_3_1690286996_07-09-56.jpg
150,173,1932.4471,197.01419,2204.8596,373.29413,cam_3_1690286996_07-09-56.jpg
151,55,2015.598,567.6156,2498.5232,913.24695,cam_3_1690287191_07-13-11.jpg
151,151,1546.2592,434.4909,1931.7205,642.29236,cam_3_1690287191_07-13-11.jpg
151,156,1766.3392,447.5075,2101.6707,751.69214,cam_3_1690287191_07-13-11.jpg
151,136,1658.4583,443.664,2005.558,681.1256,cam_3_1690287191_07-13-11.jpg
151,113,1849.8502,511.30612,2347.259,831.7805,cam_3_1690287191_07-13-11.jpg
151,171,2268.3066,434.832,2730.6406,614.1207,cam_3_1690287191_07-13-11.jpg
151,162,1397.4052,379.86386,1749.1661,570.91437,cam_3_1690287191_07-13-11.jpg
151,188,507.7753,349.24725,782.97235,432.62494,cam_3_1690287191_07-13-11.jpg
151,4,361.10776,427.44662,1021.795,793.541,cam_3_1690287191_07-13-11.jpg
151,178,381.71997,392.12988,860.3824,578.9164,cam_3_1690287191_07-13-11.jpg
151,190,2123.2046,414.70822,2533.9446,588.1125,cam_3_1690287191_07-13-11.jpg
152,55,2018.3795,569.0229,2491.6448,915.08655,cam_3_1690287281_07-14-41.jpg
152,151,1544.6843,441.65512,1905.5682,643.14154,cam_3_1690287281_07-14-41.jpg
152,156,1759.0325,413.66248,2163.05,869.33545,cam_3_1690287281_07-14-41.jpg
152,171,2255.8662,434.73334,2731.732,612.69556,cam_3_1690287281_07-14-41.jpg
152,162,1399.0818,374.9441,1744.7537,570.63477,cam_3_1690287281_07-14-41.jpg
152,188,506.4124,350.69775,775.9904,435.2797,cam_3_1690287281_07-14-41.jpg
152,4,335.6491,424.8268,1025.1256,789.1617,cam_3_1690287281_07-14-41.jpg
152,178,401.03058,392.62915,856.5133,569.76984,cam_3_1690287281_07-14-41.jpg
152,170,2170.73,249.38312,2598.9502,479.69464,cam_3_1690287281_07-14-41.jpg
153,55,2018.256,566.9187,2488.3804,915.829,cam_3_1690287326_07-15-26.jpg
153,151,1588.5394,439.07733,1928.9391,624.3377,cam_3_1690287326_07-15-26.jpg
153,156,1761.5452,433.5494,2159.2712,812.119,cam_3_1690287326_07-15-26.jpg
153,171,2258.4705,434.3466,2732.3008,611.31604,cam_3_1690287326_07-15-26.jpg
153,162,1423.0865,364.32825,1733.7593,515.72406,cam_3_1690287326_07-15-26.jpg
153,4,360.40024,425.40808,1025.4792,792.3439,cam_3_1690287326_07-15-26.jpg
153,178,398.4819,390.15167,858.57227,567.4821,cam_3_1690287326_07-15-26.jpg
153,170,2177.3875,252.12105,2591.6094,482.05908,cam_3_1690287326_07-15-26.jpg
153,19,1206.625,440.7639,1673.1613,839.8489,cam_3_1690287326_07-15-26.jpg
153,136,1655.5569,454.8828,2012.6327,682.5251,cam_3_1690287326_07-15-26.jpg
154,55,2013.2284,572.8241,2492.2983,917.38275,cam_3_1690287461_07-17-41.jpg
154,156,1643.9667,387.8619,2139.4211,777.46326,cam_3_1690287461_07-17-41.jpg
154,171,2264.604,437.41605,2733.0283,614.4155,cam_3_1690287461_07-17-41.jpg
154,162,1406.2004,373.59012,1716.2792,555.8944,cam_3_1690287461_07-17-41.jpg
154,4,402.8682,428.63147,997.1593,723.5593,cam_3_1690287461_07-17-41.jpg
154,178,420.59106,392.42548,871.5698,564.6751,cam_3_1690287461_07-17-41.jpg
154,170,2171.2432,258.24716,2597.3135,482.40927,cam_3_1690287461_07-17-41.jpg
154,186,468.36563,526.69183,1155.0173,965.5455,cam_3_1690287461_07-17-41.jpg
155,55,2011.837,575.8741,2497.4382,917.97986,cam_3_1690287476_07-17-56.jpg
155,156,1606.8165,367.67554,2126.818,766.0296,cam_3_1690287476_07-17-56.jpg
155,171,2261.3113,438.41306,2732.6277,615.7954,cam_3_1690287476_07-17-56.jpg
155,162,1399.7347,374.3289,1710.2042,565.70044,cam_3_1690287476_07-17-56.jpg
155,4,413.161,431.63712,987.52277,718.25287,cam_3_1690287476_07-17-56.jpg
155,178,419.05902,391.1107,896.82965,591.5619,cam_3_1690287476_07-17-56.jpg
155,170,2181.3572,260.0568,2598.8557,478.5572,cam_3_1690287476_07-17-56.jpg
155,186,467.13925,528.35333,1162.7129,971.7331,cam_3_1690287476_07-17-56.jpg
155,188,509.02966,352.9464,801.2299,436.25555,cam_3_1690287476_07-17-56.jpg
156,55,2012.8466,577.0054,2500.2483,917.8319,cam_3_1690287506_07-18-26.jpg
156,156,1591.0591,363.3051,2160.0964,760.63104,cam_3_1690287506_07-18-26.jpg
156,171,2264.694,438.97864,2732.2344,614.8024,cam_3_1690287506_07-18-26.jpg
156,162,1395.4609,376.1433,1704.9082,570.48755,cam_3_1690287506_07-18-26.jpg
156,4,404.0977,430.15158,978.0579,725.78143,cam_3_1690287506_07-18-26.jpg
156,178,420.17804,391.98196,873.3961,588.27704,cam_3_1690287506_07-18-26.jpg
156,170,2181.3887,260.38654,2601.0833,489.2866,cam_3_1690287506_07-18-26.jpg
156,186,470.36908,523.5692,1159.2092,976.428,cam_3_1690287506_07-18-26.jpg
157,55,2012.3641,577.3308,2495.4978,917.8332,cam_3_1690287581_07-19-41.jpg
157,156,1583.2166,363.3893,2160.559,758.17255,cam_3_1690287581_07-19-41.jpg
157,171,2264.328,438.12076,2732.3787,615.7036,cam_3_1690287581_07-19-41.jpg
157,162,1394.8735,375.12378,1703.6755,571.69965,cam_3_1690287581_07-19-41.jpg
157,178,433.76657,385.5252,856.5921,580.2061,cam_3_1690287581_07-19-41.jpg
157,170,2179.8218,261.2937,2612.5032,488.054,cam_3_1690287581_07-19-41.jpg
157,186,430.55347,517.5037,1084.0155,918.4614,cam_3_1690287581_07-19-41.jpg
158,55,2012.2246,577.4027,2490.6218,918.1105,cam_3_1690287611_07-20-11.jpg
158,156,1557.6414,363.6632,2138.346,802.90454,cam_3_1690287611_07-20-11.jpg
158,171,2262.58,438.7306,2731.153,614.25226,cam_3_1690287611_07-20-11.jpg
158,162,1395.7672,369.20407,1722.9374,574.1412,cam_3_1690287611_07-20-11.jpg
158,178,418.05414,394.97406,888.46954,619.99,cam_3_1690287611_07-20-11.jpg
158,170,2199.9797,260.75687,2595.7983,493.06335,cam_3_1690287611_07-20-11.jpg
158,186,429.07956,510.71646,1057.3845,884.0912,cam_3_1690287611_07-20-11.jpg
158,199,510.86182,382.574,840.5057,517.88116,cam_3_1690287611_07-20-11.jpg
158,200,562.3524,428.5634,979.1636,574.3689,cam_3_1690287611_07-20-11.jpg
158,201,487.28174,426.2974,977.36975,619.79834,cam_3_1690287611_07-20-11.jpg
158,4,425.04492,435.1419,985.1323,699.3868,cam_3_1690287611_07-20-11.jpg
159,55,2011.9429,575.2647,2491.5396,918.05695,cam_3_1690287626_07-20-26.jpg
159,156,1557.7476,363.4352,2120.2996,822.3321,cam_3_1690287626_07-20-26.jpg
159,171,2267.3052,440.11816,2732.0369,614.8912,cam_3_1690287626_07-20-26.jpg
159,162,1396.767,369.40167,1730.0542,575.2426,cam_3_1690287626_07-20-26.jpg
159,178,369.38577,386.2886,857.2646,596.14496,cam_3_1690287626_07-20-26.jpg
159,170,2209.452,269.8935,2527.6265,530.0897,cam_3_1690287626_07-20-26.jpg
159,186,438.26862,505.6796,1049.5776,872.0522,cam_3_1690287626_07-20-26.jpg
159,200,559.10455,428.45258,980.57837,574.6682,cam_3_1690287626_07-20-26.jpg
159,4,434.26117,435.5556,967.96985,680.29645,cam_3_1690287626_07-20-26.jpg
160,55,2015.2981,577.9229,2490.0637,918.9938,cam_3_1690287671_07-21-11.jpg
160,156,1544.7924,367.6648,2138.4907,827.07056,cam_3_1690287671_07-21-11.jpg
160,171,2252.3372,440.5465,2729.8633,618.2119,cam_3_1690287671_07-21-11.jpg
160,162,1392.8453,368.98352,1746.5414,575.4608,cam_3_1690287671_07-21-11.jpg
160,178,396.66653,382.48508,858.4342,604.4887,cam_3_1690287671_07-21-11.jpg
160,186,659.7437,484.83405,1122.3041,854.916,cam_3_1690287671_07-21-11.jpg
160,4,408.5603,427.90668,967.1767,759.67944,cam_3_1690287671_07-21-11.jpg
160,190,2106.2808,421.906,2516.6064,600.93396,cam_3_1690287671_07-21-11.jpg
161,55,2014.654,576.7619,2493.7893,918.6316,cam_3_1690287941_07-25-41.jpg
161,156,1557.63,368.85626,2117.4587,832.5168,cam_3_1690287941_07-25-41.jpg
161,171,2255.2437,441.0747,2729.4656,619.23303,cam_3_1690287941_07-25-41.jpg
161,162,1395.5835,368.93948,1742.0148,573.9693,cam_3_1690287941_07-25-41.jpg
161,178,362.257,391.3868,852.7233,577.54785,cam_3_1690287941_07-25-41.jpg
161,4,407.87054,433.4128,1012.13116,787.217,cam_3_1690287941_07-25-41.jpg
161,190,2088.8025,424.18127,2492.4463,609.0846,cam_3_1690287941_07-25-41.jpg
162,55,2012.9832,566.12744,2477.1343,906.8295,cam_3_1690287956_07-25-56.jpg
162,156,1565.8949,368.75278,2116.094,826.8508,cam_3_1690287956_07-25-56.jpg
162,171,2253.2988,440.5637,2728.9045,619.2095,cam_3_1690287956_07-25-56.jpg
162,162,1396.3522,369.74725,1737.1012,573.2764,cam_3_1690287956_07-25-56.jpg
162,178,370.10165,393.36588,853.6956,575.5227,cam_3_1690287956_07-25-56.jpg
162,4,396.4875,435.78308,1030.1097,800.8936,cam_3_1690287956_07-25-56.jpg
162,190,2084.3162,424.42258,2502.6855,600.2583,cam_3_1690287956_07-25-56.jpg
163,55,2013.9484,478.76508,2412.1323,896.1987,cam_3_1690287971_07-26-11.jpg
163,156,1567.7411,369.104,2137.8293,834.6064,cam_3_1690287971_07-26-11.jpg
163,171,2307.4941,439.6637,2729.4114,623.6226,cam_3_1690287971_07-26-11.jpg
163,162,1395.7567,369.3039,1734.8043,572.35614,cam_3_1690287971_07-26-11.jpg
163,178,408.53458,399.45438,850.4014,560.783,cam_3_1690287971_07-26-11.jpg
163,4,392.97903,438.96652,1018.34247,802.57825,cam_3_1690287971_07-26-11.jpg
164,55,1928.7463,446.44766,2380.3108,974.4323,cam_3_1690288196_07-29-56.jpg
164,156,1580.9324,374.08087,2082.9563,837.8106,cam_3_1690288196_07-29-56.jpg
164,171,2323.4602,337.8674,2775.0793,618.4653,cam_3_1690288196_07-29-56.jpg
164,178,402.02933,387.78168,855.40375,562.30164,cam_3_1690288196_07-29-56.jpg
164,4,374.42664,427.90027,1026.8619,803.9979,cam_3_1690288196_07-29-56.jpg
164,102,1199.118,286.58905,1680.0004,618.1965,cam_3_1690288196_07-29-56.jpg
164,192,1510.6964,358.67322,1848.9426,755.0225,cam_3_1690288196_07-29-56.jpg
164,173,1823.1389,228.08058,2160.0833,380.10904,cam_3_1690288196_07-29-56.jpg
165,156,1592.7333,366.68546,2092.8914,840.6146,cam_3_1690288436_07-33-56.jpg
165,171,2310.2224,298.63937,2780.6228,616.40704,cam_3_1690288436_07-33-56.jpg
165,178,414.10846,359.53745,831.8803,582.8933,cam_3_1690288436_07-33-56.jpg
165,4,411.22647,447.6975,999.8556,817.5771,cam_3_1690288436_07-33-56.jpg
165,102,1212.6251,285.4,1647.7085,607.1337,cam_3_1690288436_07-33-56.jpg
165,192,1445.0165,365.2341,1826.7722,776.965,cam_3_1690288436_07-33-56.jpg
165,201,558.048,456.4939,965.1866,649.0603,cam_3_1690288436_07-33-56.jpg
165,186,492.5836,605.8282,1215.1278,1011.697,cam_3_1690288436_07-33-56.jpg
165,190,2071.8792,415.43384,2406.5483,611.26025,cam_3_1690288436_07-33-56.jpg
166,156,1599.8773,367.5003,2109.8855,839.7908,cam_3_1690288466_07-34-26.jpg
166,171,2301.504,280.01413,2782.1592,615.6222,cam_3_1690288466_07-34-26.jpg
166,178,424.8118,376.5341,851.1292,626.8963,cam_3_1690288466_07-34-26.jpg
166,4,417.45023,451.8257,991.1724,824.6792,cam_3_1690288466_07-34-26.jpg
166,102,1218.8933,291.36057,1616.4176,601.4758,cam_3_1690288466_07-34-26.jpg
166,192,1413.3478,366.7227,1809.0332,784.16693,cam_3_1690288466_07-34-26.jpg
166,210,378.47052,777.36945,1420.3324,1302.5024,cam_3_1690288466_07-34-26.jpg
166,214,485.72128,514.0876,1020.1291,887.5805,cam_3_1690288466_07-34-26.jpg
166,201,593.7229,498.86017,1012.0224,709.9069,cam_3_1690288466_07-34-26.jpg
166,186,504.39484,619.98016,1225.2307,936.388,cam_3_1690288466_07-34-26.jpg
166,190,2079.4302,417.6019,2405.0254,618.2932,cam_3_1690288466_07-34-26.jpg
167,156,1564.9354,371.44623,2099.743,800.46344,cam_3_1690288541_07-35-41.jpg
167,171,2302.7524,272.62183,2780.587,615.0416,cam_3_1690288541_07-35-41.jpg
167,4,432.8532,457.36267,991.098,828.64026,cam_3_1690288541_07-35-41.jpg
167,192,1320.5298,391.73334,1709.4536,798.997,cam_3_1690288541_07-35-41.jpg
167,210,440.37192,736.4279,1350.9128,1242.3214,cam_3_1690288541_07-35-41.jpg
167,214,612.83215,552.9352,1110.7913,820.01337,cam_3_1690288541_07-35-41.jpg
167,201,609.13916,516.50183,1021.65643,714.7798,cam_3_1690288541_07-35-41.jpg
167,186,479.24585,576.72345,1186.0643,1000.5548,cam_3_1690288541_07-35-41.jpg
167,190,2080.6267,421.86362,2401.169,618.10425,cam_3_1690288541_07-35-41.jpg
167,199,532.9588,373.0093,888.5785,514.3173,cam_3_1690288541_07-35-41.jpg
167,200,576.37555,459.48938,987.743,648.47766,cam_3_1690288541_07-35-41.jpg
168,156,1449.7761,367.86118,1999.3142,799.18604,cam_3_1690288631_07-37-11.jpg
168,171,2295.0886,270.24918,2775.2122,613.5032,cam_3_1690288631_07-37-11.jpg
168,4,447.12866,469.691,1012.0527,838.2348,cam_3_1690288631_07-37-11.jpg
168,192,1242.4885,447.9685,1591.8867,815.8186,cam_3_1690288631_07-37-11.jpg
168,210,384.05215,709.02716,1365.9092,1216.267,cam_3_1690288631_07-37-11.jpg
168,214,657.0384,523.191,1220.5231,803.339,cam_3_1690288631_07-37-11.jpg
168,201,628.7763,526.4706,1030.3883,751.154,cam_3_1690288631_07-37-11.jpg
168,190,2071.7942,422.22086,2411.6472,617.9795,cam_3_1690288631_07-37-11.jpg
168,222,553.73737,438.7569,885.4991,556.5621,cam_3_1690288631_07-37-11.jpg
168,199,525.79047,381.26312,855.1918,516.87103,cam_3_1690288631_07-37-11.jpg
168,200,582.72034,464.51776,996.5577,651.2853,cam_3_1690288631_07-37-11.jpg
169,156,1370.4559,377.22583,1917.1663,809.47705,cam_3_1690288766_07-39-26.jpg
169,171,2301.9917,270.95853,2774.6165,612.2039,cam_3_1690288766_07-39-26.jpg
169,4,443.4961,473.6328,1013.6859,839.152,cam_3_1690288766_07-39-26.jpg
169,192,1253.3708,472.87704,1536.0511,826.8935,cam_3_1690288766_07-39-26.jpg
169,210,446.2624,677.5435,1361.0997,1218.0859,cam_3_1690288766_07-39-26.jpg
169,214,665.61676,551.3785,1177.1772,788.25385,cam_3_1690288766_07-39-26.jpg
169,201,624.1488,531.19055,1038.7998,731.0601,cam_3_1690288766_07-39-26.jpg
169,190,2055.4617,423.23068,2407.7292,618.1827,cam_3_1690288766_07-39-26.jpg
169,222,574.7531,432.20914,912.3175,552.0332,cam_3_1690288766_07-39-26.jpg
169,200,585.0595,472.63907,992.50995,655.62445,cam_3_1690288766_07-39-26.jpg
169,223,2717.9094,533.1042,3642.7104,1174.8629,cam_3_1690288766_07-39-26.jpg
169,224,845.5949,313.03287,979.3887,484.78366,cam_3_1690288766_07-39-26.jpg
169,186,448.3711,570.9089,1156.0524,1025.5924,cam_3_1690288766_07-39-26.jpg
170,171,2346.0662,262.69012,2812.3352,592.11,cam_3_1690289081_07-44-41.jpg
170,4,514.32794,504.21268,1045.005,891.10925,cam_3_1690289081_07-44-41.jpg
170,210,523.3217,650.4459,1330.4463,1182.101,cam_3_1690289081_07-44-41.jpg
170,201,620.0035,533.0396,1057.3894,769.7812,cam_3_1690289081_07-44-41.jpg
170,190,2053.1953,423.48502,2449.2322,623.5754,cam_3_1690289081_07-44-41.jpg
170,222,562.8726,432.43243,887.0417,549.34924,cam_3_1690289081_07-44-41.jpg
170,200,590.21277,472.61887,1014.6454,657.175,cam_3_1690289081_07-44-41.jpg
170,224,839.87335,313.49908,1004.3231,495.13617,cam_3_1690289081_07-44-41.jpg
170,186,444.2885,554.43677,1097.7189,987.743,cam_3_1690289081_07-44-41.jpg
170,151,1544.4457,433.06674,1952.7432,646.15594,cam_3_1690289081_07-44-41.jpg
170,188,522.08167,377.74985,834.8653,479.5329,cam_3_1690289081_07-44-41.jpg
170,102,1177.5586,336.27286,1381.519,633.7955,cam_3_1690289081_07-44-41.jpg
170,199,531.1895,397.062,850.19556,506.31027,cam_3_1690289081_07-44-41.jpg
171,171,2374.0986,255.79285,2872.401,582.9375,cam_3_1690289216_07-46-56.jpg
171,4,502.46597,516.9186,1067.7178,845.0571,cam_3_1690289216_07-46-56.jpg
171,210,477.74686,707.7637,1401.0704,1193.8838,cam_3_1690289216_07-46-56.jpg
171,190,2052.7852,424.20715,2478.116,626.02826,cam_3_1690289216_07-46-56.jpg
171,222,545.1877,428.90427,897.77094,552.8017,cam_3_1690289216_07-46-56.jpg
171,200,578.9447,473.31693,1015.5342,660.34937,cam_3_1690289216_07-46-56.jpg
171,224,842.1426,311.45444,1015.8756,497.35046,cam_3_1690289216_07-46-56.jpg
171,186,432.16125,610.7426,1246.957,993.627,cam_3_1690289216_07-46-56.jpg
171,228,475.80087,910.5497,1710.6769,1707.2002,cam_3_1690289216_07-46-56.jpg
171,188,519.7196,375.97522,838.84406,481.76538,cam_3_1690289216_07-46-56.jpg
171,156,1347.8655,334.1921,1859.1119,730.81464,cam_3_1690289216_07-46-56.jpg
172,171,2366.1504,253.66823,2885.9402,579.89624,cam_3_1690289261_07-47-41.jpg
172,210,503.55127,721.678,1410.9313,1407.0405,cam_3_1690289261_07-47-41.jpg
172,190,2062.1545,428.18707,2486.8564,626.4258,cam_3_1690289261_07-47-41.jpg
172,222,546.5859,428.6964,894.2438,548.35864,cam_3_1690289261_07-47-41.jpg
172,200,579.8628,479.1062,997.5222,651.6557,cam_3_1690289261_07-47-41.jpg
172,224,843.03876,312.78543,1022.08374,515.66345,cam_3_1690289261_07-47-41.jpg
172,186,432.64066,644.065,1295.195,996.48016,cam_3_1690289261_07-47-41.jpg
172,228,556.51056,911.45276,1704.7313,1703.4575,cam_3_1690289261_07-47-41.jpg
172,188,519.9527,373.76755,834.38586,482.3297,cam_3_1690289261_07-47-41.jpg
172,231,1218.0656,219.33168,1403.06,419.77582,cam_3_1690289261_07-47-41.jpg
172,192,1169.9445,394.75052,1587.6937,761.8546,cam_3_1690289261_07-47-41.jpg
172,201,604.45746,537.919,1059.252,796.83966,cam_3_1690289261_07-47-41.jpg
173,171,2395.632,251.5754,2888.681,579.05975,cam_3_1690289276_07-47-56.jpg
173,210,522.3788,734.7042,1428.2117,1445.4298,cam_3_1690289276_07-47-56.jpg
173,190,2058.3486,428.46027,2496.2954,627.24567,cam_3_1690289276_07-47-56.jpg
173,222,536.0263,435.49277,885.9753,551.5072,cam_3_1690289276_07-47-56.jpg
173,200,577.12585,477.761,994.64307,654.3885,cam_3_1690289276_07-47-56.jpg
173,224,841.18097,313.98,1023.66693,520.7214,cam_3_1690289276_07-47-56.jpg
173,186,485.25558,654.30597,1318.3583,1114.6697,cam_3_1690289276_07-47-56.jpg
173,228,595.2492,914.23114,1698.807,1703.7201,cam_3_1690289276_07-47-56.jpg
173,188,515.43024,376.40887,831.8908,483.00256,cam_3_1690289276_07-47-56.jpg
173,231,1214.6897,214.81511,1423.7721,422.1195,cam_3_1690289276_07-47-56.jpg
173,192,1187.0492,398.32565,1539.5941,756.23975,cam_3_1690289276_07-47-56.jpg
173,201,587.64417,536.5511,1064.5133,806.7533,cam_3_1690289276_07-47-56.jpg
173,4,443.7153,524.1049,1071.7839,861.506,cam_3_1690289276_07-47-56.jpg
174,171,2375.629,252.82614,2899.5344,578.2571,cam_3_1690289306_07-48-26.jpg
174,210,540.3461,733.5903,1409.6539,1447.2944,cam_3_1690289306_07-48-26.jpg
174,190,2048.4048,426.69986,2491.3425,629.58655,cam_3_1690289306_07-48-26.jpg
174,222,546.6878,428.02917,912.58997,550.0413,cam_3_1690289306_07-48-26.jpg
174,200,580.3217,481.1586,993.8643,658.9512,cam_3_1690289306_07-48-26.jpg
174,224,826.0124,345.23755,1017.9323,522.3128,cam_3_1690289306_07-48-26.jpg
174,186,373.0009,656.69635,1321.8909,1087.3773,cam_3_1690289306_07-48-26.jpg
174,228,552.564,915.2407,1703.6807,1744.841,cam_3_1690289306_07-48-26.jpg
174,188,519.6603,376.9565,831.6212,487.0049,cam_3_1690289306_07-48-26.jpg
174,231,1213.717,216.22154,1421.4249,435.8694,cam_3_1690289306_07-48-26.jpg
174,201,598.41046,533.4638,1063.4724,800.95636,cam_3_1690289306_07-48-26.jpg
174,4,369.84518,494.7806,1025.1833,778.3274,cam_3_1690289306_07-48-26.jpg
175,171,2426.299,249.67241,2913.9023,575.7741,cam_3_1690289366_07-49-26.jpg
175,210,573.44763,735.58374,1412.3632,1315.7124,cam_3_1690289366_07-49-26.jpg
175,190,2059.3948,423.58643,2512.5605,629.6614,cam_3_1690289366_07-49-26.jpg
175,222,544.94336,427.73474,896.2908,551.2771,cam_3_1690289366_07-49-26.jpg
175,200,578.4161,481.075,1008.8848,662.27136,cam_3_1690289366_07-49-26.jpg
175,224,762.96234,355.8172,1058.0924,547.3604,cam_3_1690289366_07-49-26.jpg
175,186,423.78754,646.89825,1314.6519,1167.67,cam_3_1690289366_07-49-26.jpg
175,228,428.778,911.2588,1693.854,1719.9302,cam_3_1690289366_07-49-26.jpg
175,188,516.6509,376.06827,821.1395,483.49866,cam_3_1690289366_07-49-26.jpg
175,231,1238.8276,218.32451,1515.4421,436.00745,cam_3_1690289366_07-49-26.jpg
175,4,353.91815,519.0271,1054.0132,852.5537,cam_3_1690289366_07-49-26.jpg
176,210,670.64886,699.278,1473.2172,1293.619,cam_3_1690289396_07-49-56.jpg
176,190,2051.1719,423.08157,2520.839,628.1453,cam_3_1690289396_07-49-56.jpg
176,222,543.57916,432.401,892.6217,552.30743,cam_3_1690289396_07-49-56.jpg
176,200,585.2313,489.41153,995.5415,661.31494,cam_3_1690289396_07-49-56.jpg
176,224,815.3162,329.38168,1123.4146,574.7347,cam_3_1690289396_07-49-56.jpg
176,186,440.93872,645.07623,1312.0212,1169.6843,cam_3_1690289396_07-49-56.jpg
176,228,561.0067,919.3636,1685.0841,1907.4725,cam_3_1690289396_07-49-56.jpg
176,188,518.1165,373.1911,823.72595,479.02274,cam_3_1690289396_07-49-56.jpg
176,231,1244.1498,217.16678,1509.68,441.71448,cam_3_1690289396_07-49-56.jpg
176,4,410.71762,502.79742,1021.20654,852.75165,cam_3_1690289396_07-49-56.jpg
176,173,1880.9977,196.71404,2155.2573,379.17783,cam_3_1690289396_07-49-56.jpg
176,201,612.35785,536.4288,1057.413,791.90173,cam_3_1690289396_07-49-56.jpg
177,210,599.7312,735.3116,1422.6337,1492.5026,cam_3_1690289441_07-50-41.jpg
177,190,2061.5527,423.2417,2523.6238,623.5726,cam_3_1690289441_07-50-41.jpg
177,222,545.32465,430.4772,897.4028,554.8838,cam_3_1690289441_07-50-41.jpg
177,200,583.04315,484.22446,1004.68896,649.183,cam_3_1690289441_07-50-41.jpg
177,224,878.78937,349.13412,1139.564,597.52313,cam_3_1690289441_07-50-41.jpg
177,186,476.32498,636.0262,1309.4503,1191.3552,cam_3_1690289441_07-50-41.jpg
177,228,590.7212,930.5695,1693.2421,1985.1721,cam_3_1690289441_07-50-41.jpg
177,231,1230.3494,217.71799,1546.4949,442.8465,cam_3_1690289441_07-50-41.jpg
177,4,368.45474,525.26447,1056.2667,866.76056,cam_3_1690289441_07-50-41.jpg
177,235,335.24182,468.1362,997.35364,700.6631,cam_3_1690289441_07-50-41.jpg
177,201,637.60535,567.32153,1092.269,794.103,cam_3_1690289441_07-50-41.jpg
177,178,404.01794,373.60693,834.0822,582.4449,cam_3_1690289441_07-50-41.jpg
177,102,1052.3508,294.08493,1296.0468,596.85675,cam_3_1690289441_07-50-41.jpg
178,210,497.64896,749.2481,1414.9884,1536.279,cam_3_1690289471_07-51-11.jpg
178,190,2064.0881,423.3595,2524.471,619.8976,cam_3_1690289471_07-51-11.jpg
178,200,602.2691,516.573,1034.089,706.6396,cam_3_1690289471_07-51-11.jpg
178,186,368.98358,637.5745,1323.8196,1125.633,cam_3_1690289471_07-51-11.jpg
178,228,652.8393,943.4737,1701.6182,2060.215,cam_3_1690289471_07-51-11.jpg
178,231,1233.7112,223.30264,1524.1302,447.37366,cam_3_1690289471_07-51-11.jpg
178,4,422.06543,504.98392,1038.1973,848.82153,cam_3_1690289471_07-51-11.jpg
178,235,385.47385,439.4245,924.7796,683.2487,cam_3_1690289471_07-51-11.jpg
178,201,636.6589,569.79736,1095.363,790.8468,cam_3_1690289471_07-51-11.jpg
178,178,378.7133,366.49924,831.7199,599.7314,cam_3_1690289471_07-51-11.jpg
178,102,1056.5155,327.34595,1264.3281,625.6458,cam_3_1690289471_07-51-11.jpg
179,210,529.59,766.3619,1431.6395,1563.7523,cam_3_1690289546_07-52-26.jpg
179,190,2066.6504,424.52374,2524.1484,618.13794,cam_3_1690289546_07-52-26.jpg
179,200,609.0727,531.45624,1046.2815,706.5165,cam_3_1690289546_07-52-26.jpg
179,186,459.2284,643.44073,1317.3916,1198.3713,cam_3_1690289546_07-52-26.jpg
179,228,451.76895,950.4155,1695.4052,2013.9196,cam_3_1690289546_07-52-26.jpg
179,4,454.69843,513.96405,1050.4456,855.2101,cam_3_1690289546_07-52-26.jpg
179,235,334.32172,462.1176,995.6141,725.16345,cam_3_1690289546_07-52-26.jpg
179,201,648.91046,582.2487,1112.978,797.8205,cam_3_1690289546_07-52-26.jpg
179,178,380.1496,360.56973,817.4965,599.1032,cam_3_1690289546_07-52-26.jpg
179,102,990.28375,345.01385,1235.3096,614.89355,cam_3_1690289546_07-52-26.jpg
179,188,494.99753,363.82993,807.81244,485.22565,cam_3_1690289546_07-52-26.jpg
179,222,525.5939,432.1393,885.25916,561.29376,cam_3_1690289546_07-52-26.jpg
180,210,547.1273,811.5404,1504.765,1704.4795,cam_3_1690289651_07-54-11.jpg
180,190,2069.1858,425.26044,2525.721,618.7408,cam_3_1690289651_07-54-11.jpg
180,200,610.42676,537.5655,1059.2106,712.2051,cam_3_1690289651_07-54-11.jpg
180,186,498.95905,651.25824,1310.6127,1241.064,cam_3_1690289651_07-54-11.jpg
180,228,583.16,969.3725,1732.731,2084.825,cam_3_1690289651_07-54-11.jpg
180,4,460.786,539.76886,1080.7136,921.8305,cam_3_1690289651_07-54-11.jpg
180,235,322.59552,478.89648,1016.08514,751.39044,cam_3_1690289651_07-54-11.jpg
180,201,658.17535,589.72095,1119.4242,799.696,cam_3_1690289651_07-54-11.jpg
180,178,391.19662,361.36758,817.8885,596.5863,cam_3_1690289651_07-54-11.jpg
180,222,533.9519,431.9749,872.5261,563.46326,cam_3_1690289651_07-54-11.jpg
181,190,2070.1357,425.56384,2525.3767,617.8419,cam_3_1690289726_07-55-26.jpg
181,200,607.50665,536.3808,1059.265,714.6648,cam_3_1690289726_07-55-26.jpg
181,186,429.20837,651.5756,1318.3766,1218.5422,cam_3_1690289726_07-55-26.jpg
181,228,599.9279,990.2904,1763.599,2039.9183,cam_3_1690289726_07-55-26.jpg
181,235,365.83566,489.48047,1020.89655,799.7477,cam_3_1690289726_07-55-26.jpg
181,201,668.132,587.5179,1152.8291,800.241,cam_3_1690289726_07-55-26.jpg
181,178,391.1936,368.33417,823.2087,600.6851,cam_3_1690289726_07-55-26.jpg
182,190,2086.1685,426.68192,2524.2747,618.38794,cam_3_1690289996_07-59-56.jpg
182,186,462.78412,643.64264,1325.4767,1213.1805,cam_3_1690289996_07-59-56.jpg
182,228,636.217,983.57495,1745.1876,2093.2947,cam_3_1690289996_07-59-56.jpg
182,235,405.5769,465.06992,997.63055,748.8591,cam_3_1690289996_07-59-56.jpg
182,201,657.59326,597.0569,1144.4834,809.90063,cam_3_1690289996_07-59-56.jpg
182,178,385.98193,363.24966,832.8849,602.48773,cam_3_1690289996_07-59-56.jpg
182,248,423.68033,431.33786,896.6142,663.3572,cam_3_1690289996_07-59-56.jpg
182,231,1316.4325,207.7862,1475.1469,413.05432,cam_3_1690289996_07-59-56.jpg
182,210,548.2427,839.1813,1531.5212,1693.6915,cam_3_1690289996_07-59-56.jpg
182,4,349.9701,543.0161,1097.9717,883.399,cam_3_1690289996_07-59-56.jpg
183,190,2076.1416,430.38934,2518.0952,622.4576,cam_3_1690290026_08-00-26.jpg
183,186,425.36957,645.3637,1322.8678,1157.7042,cam_3_1690290026_08-00-26.jpg
183,228,597.05396,979.7119,1753.7555,2018.1952,cam_3_1690290026_08-00-26.jpg
183,235,435.75458,479.7052,1010.18207,770.61206,cam_3_1690290026_08-00-26.jpg
183,201,646.7412,593.19366,1153.9336,810.5325,cam_3_1690290026_08-00-26.jpg
183,178,372.7187,356.97238,829.85596,593.05164,cam_3_1690290026_08-00-26.jpg
183,248,417.775,427.81342,901.5253,665.6335,cam_3_1690290026_08-00-26.jpg
183,231,1321.53,197.05067,1473.2443,408.5791,cam_3_1690290026_08-00-26.jpg
183,210,760.40894,779.7924,1677.0771,1481.2734,cam_3_1690290026_08-00-26.jpg
183,4,401.1291,535.14844,1094.8779,875.3065,cam_3_1690290026_08-00-26.jpg
184,190,2078.3757,425.83737,2521.8005,616.91,cam_3_1690290176_08-02-56.jpg
184,186,477.57233,654.15515,1328.8854,1169.7334,cam_3_1690290176_08-02-56.jpg
184,228,838.1775,905.54565,1934.2709,1834.11,cam_3_1690290176_08-02-56.jpg
184,235,387.0953,474.88638,1020.14124,744.05505,cam_3_1690290176_08-02-56.jpg
184,201,652.67145,599.1002,1169.4929,838.87885,cam_3_1690290176_08-02-56.jpg
184,210,588.89606,814.215,1558.0835,1460.6313,cam_3_1690290176_08-02-56.jpg
184,4,435.52097,535.3104,1113.408,877.2108,cam_3_1690290176_08-02-56.jpg
184,156,1201.1278,300.23932,1590.7004,643.12463,cam_3_1690290176_08-02-56.jpg
184,224,984.7791,329.5421,1260.4011,568.8198,cam_3_1690290176_08-02-56.jpg
184,188,504.1867,361.69672,824.88324,463.39487,cam_3_1690290176_08-02-56.jpg
184,222,539.7437,425.51834,900.2098,544.0175,cam_3_1690290176_08-02-56.jpg
185,190,2082.1287,425.36322,2511.9043,612.53485,cam_3_1690290266_08-04-26.jpg
185,186,448.96695,641.8645,1364.605,1227.8881,cam_3_1690290266_08-04-26.jpg
185,228,831.35767,964.50696,1743.7535,2130.79,cam_3_1690290266_08-04-26.jpg
185,235,439.454,475.59915,1003.1682,754.6843,cam_3_1690290266_08-04-26.jpg
185,201,652.9741,602.326,1156.4082,853.4684,cam_3_1690290266_08-04-26.jpg
185,4,455.00287,527.50415,1078.3167,886.1075,cam_3_1690290266_08-04-26.jpg
185,156,1244.8386,291.56082,1652.8833,631.3169,cam_3_1690290266_08-04-26.jpg
185,223,2576.091,659.9483,3738.324,1289.363,cam_3_1690290266_08-04-26.jpg
185,178,385.60724,354.93884,803.637,573.82886,cam_3_1690290266_08-04-26.jpg
185,248,413.3963,427.07605,903.1435,672.176,cam_3_1690290266_08-04-26.jpg
185,231,1291.6742,194.12602,1548.9298,368.7918,cam_3_1690290266_08-04-26.jpg
186,228,639.3136,967.73047,1783.1783,2043.7948,cam_3_1690290476_08-07-56.jpg
186,4,465.65674,530.4231,1040.5864,985.99493,cam_3_1690290476_08-07-56.jpg
186,156,1223.2289,281.6354,1649.7819,577.89655,cam_3_1690290476_08-07-56.jpg
186,223,2716.9678,599.7096,3819.7617,1271.5952,cam_3_1690290476_08-07-56.jpg
186,170,2263.2368,257.62518,2555.9666,573.6821,cam_3_1690290476_08-07-56.jpg
186,171,2411.9126,258.13098,2890.2034,603.0006,cam_3_1690290476_08-07-56.jpg
186,102,714.34607,326.4749,1069.2032,587.4486,cam_3_1690290476_08-07-56.jpg
186,210,533.9299,795.064,1482.7073,1550.8043,cam_3_1690290476_08-07-56.jpg
187,228,684.1982,1010.80414,1820.3417,2083.27,cam_3_1690290671_08-11-11.jpg
187,4,475.78836,547.58685,1074.4788,1020.7592,cam_3_1690290671_08-11-11.jpg
187,156,1192.3575,275.18207,1590.4872,570.00446,cam_3_1690290671_08-11-11.jpg
187,259,754.26514,1178.2898,2010.6422,2544.093,cam_3_1690290671_08-11-11.jpg
187,170,2197.0059,253.06166,2567.977,537.90125,cam_3_1690290671_08-11-11.jpg
187,214,1389.9965,334.54788,1864.0377,720.5256,cam_3_1690290671_08-11-11.jpg
187,192,1066.1239,474.6987,1341.7825,900.49243,cam_3_1690290671_08-11-11.jpg
187,224,952.6302,235.43684,1294.898,468.4568,cam_3_1690290671_08-11-11.jpg
187,190,2185.6414,442.16965,2661.0613,644.4368,cam_3_1690290671_08-11-11.jpg
187,235,459.46982,472.93802,994.34155,836.3738,cam_3_1690290671_08-11-11.jpg
187,178,361.55515,377.86642,859.8461,577.6758,cam_3_1690290671_08-11-11.jpg
188,228,676.91437,1022.28595,1849.7048,2061.8154,cam_3_1690290716_08-11-56.jpg
188,4,611.32355,537.02844,1153.4913,1015.81165,cam_3_1690290716_08-11-56.jpg
188,156,1184.0099,275.73526,1489.367,567.9288,cam_3_1690290716_08-11-56.jpg
188,259,732.9915,1174.4176,1995.8209,2490.339,cam_3_1690290716_08-11-56.jpg
188,170,2209.9226,253.48238,2601.7974,528.2264,cam_3_1690290716_08-11-56.jpg
188,262,3348.6074,418.26883,3861.394,963.67554,cam_3_1690290716_08-11-56.jpg
188,224,945.7387,220.73058,1299.802,451.2584,cam_3_1690290716_08-11-56.jpg
188,190,2224.9062,450.80356,2681.4304,648.7005,cam_3_1690290716_08-11-56.jpg
188,235,469.0396,471.2944,1004.11554,858.4919,cam_3_1690290716_08-11-56.jpg
188,162,1300.2415,289.2267,1762.0048,583.65137,cam_3_1690290716_08-11-56.jpg
188,151,1517.7925,423.9314,1966.6915,643.5966,cam_3_1690290716_08-11-56.jpg
188,248,437.9139,392.168,866.145,678.5434,cam_3_1690290716_08-11-56.jpg
189,228,616.1818,1013.30597,1872.9423,1979.2816,cam_3_1690290806_08-13-26.jpg
189,4,548.8334,542.87524,1144.5043,1026.6188,cam_3_1690290806_08-13-26.jpg
189,156,1188.0773,275.73163,1462.7678,574.3081,cam_3_1690290806_08-13-26.jpg
189,259,780.43787,1167.882,2052.0098,2368.9053,cam_3_1690290806_08-13-26.jpg
189,170,2205.3762,255.81851,2570.442,528.4512,cam_3_1690290806_08-13-26.jpg
189,224,940.979,217.83846,1295.2769,451.65823,cam_3_1690290806_08-13-26.jpg
189,190,2233.561,455.16165,2695.9543,653.2547,cam_3_1690290806_08-13-26.jpg
189,235,430.34412,471.1613,1012.3143,839.43304,cam_3_1690290806_08-13-26.jpg
189,265,1996.0521,379.8093,2274.0244,548.6426,cam_3_1690290806_08-13-26.jpg
189,162,1290.4536,282.51923,1756.5974,584.58984,cam_3_1690290806_08-13-26.jpg
189,151,1521.0878,424.79666,1973.2659,645.7672,cam_3_1690290806_08-13-26.jpg
189,248,427.09085,405.05673,885.60925,676.714,cam_3_1690290806_08-13-26.jpg
189,178,350.02795,393.63885,875.39716,627.0467,cam_3_1690290806_08-13-26.jpg
190,228,606.7128,1019.35583,1858.816,2038.1671,cam_3_1690290926_08-15-26.jpg
190,4,431.3754,543.5627,1134.3304,1016.99506,cam_3_1690290926_08-15-26.jpg
190,259,714.8573,1193.6321,2004.5232,2363.3586,cam_3_1690290926_08-15-26.jpg
190,170,2178.788,230.64658,2567.9077,550.669,cam_3_1690290926_08-15-26.jpg
190,224,944.06256,214.89674,1299.1918,454.00192,cam_3_1690290926_08-15-26.jpg
190,190,2270.4133,456.74435,2699.3613,653.7978,cam_3_1690290926_08-15-26.jpg
190,235,445.68958,456.26727,962.8989,809.70984,cam_3_1690290926_08-15-26.jpg
190,265,1981.0228,392.854,2290.5354,559.29694,cam_3_1690290926_08-15-26.jpg
190,162,1237.6178,284.27832,1692.1866,602.86163,cam_3_1690290926_08-15-26.jpg
190,151,1520.574,426.93442,1980.02,646.6267,cam_3_1690290926_08-15-26.jpg
190,248,385.43848,411.49225,898.06476,683.7602,cam_3_1690290926_08-15-26.jpg
190,173,1955.3186,223.42848,2369.4956,410.83887,cam_3_1690290926_08-15-26.jpg
191,228,450.18393,1010.87,1876.5446,1957.7703,cam_3_1690291226_08-20-26.jpg
191,4,375.62704,541.4285,1147.3035,1011.8327,cam_3_1690291226_08-20-26.jpg
191,259,752.39795,1173.1515,2074.2974,2266.4243,cam_3_1690291226_08-20-26.jpg
191,224,938.2581,217.69872,1297.5308,453.1663,cam_3_1690291226_08-20-26.jpg
191,190,2239.589,455.42526,2699.9597,653.068,cam_3_1690291226_08-20-26.jpg
191,235,454.7882,442.92746,945.03516,789.22534,cam_3_1690291226_08-20-26.jpg
191,265,2077.1475,412.30017,2438.6238,594.48645,cam_3_1690291226_08-20-26.jpg
191,162,1271.1841,286.15698,1732.38,591.65955,cam_3_1690291226_08-20-26.jpg
191,151,1522.4858,432.95093,1973.6609,647.22925,cam_3_1690291226_08-20-26.jpg
191,248,423.18506,417.9393,913.5113,674.31134,cam_3_1690291226_08-20-26.jpg
191,188,525.7248,371.82025,848.496,486.74615,cam_3_1690291226_08-20-26.jpg
191,156,1190.6764,280.56024,1470.9047,577.78345,cam_3_1690291226_08-20-26.jpg
191,178,386.77176,387.24265,880.16174,605.6411,cam_3_1690291226_08-20-26.jpg
192,228,552.48804,1056.495,1878.8075,2027.3914,cam_3_1690291661_08-27-41.jpg
192,4,407.34042,535.6864,1148.5752,996.56934,cam_3_1690291661_08-27-41.jpg
192,224,938.9986,218.14394,1300.1277,457.0553,cam_3_1690291661_08-27-41.jpg
192,190,2221.6973,458.6079,2702.6755,652.1423,cam_3_1690291661_08-27-41.jpg
192,265,2108.9282,417.40213,2489.2766,595.39307,cam_3_1690291661_08-27-41.jpg
192,162,1337.1571,338.16885,1752.7964,578.19763,cam_3_1690291661_08-27-41.jpg
192,151,1526.0531,433.0791,1974.6356,646.5246,cam_3_1690291661_08-27-41.jpg
192,248,436.34323,421.7837,920.6828,720.01807,cam_3_1690291661_08-27-41.jpg
192,156,1182.1025,271.09634,1588.9779,583.0063,cam_3_1690291661_08-27-41.jpg
192,178,371.6484,375.69138,853.60864,589.6526,cam_3_1690291661_08-27-41.jpg
192,210,524.2636,921.37354,1586.8741,1898.1041,cam_3_1690291661_08-27-41.jpg
192,173,2048.516,226.5074,2432.0198,464.9925,cam_3_1690291661_08-27-41.jpg
193,228,605.431,1066.1732,1916.6233,2119.6902,cam_3_1690291676_08-27-56.jpg
193,4,436.03137,535.01373,1143.9387,996.8527,cam_3_1690291676_08-27-56.jpg
193,224,940.5065,218.84692,1299.328,459.53705,cam_3_1690291676_08-27-56.jpg
193,190,2206.4434,457.55182,2704.4407,652.49274,cam_3_1690291676_08-27-56.jpg
193,265,2117.809,417.1862,2506.4963,592.61084,cam_3_1690291676_08-27-56.jpg
193,162,1362.7349,358.56842,1760.7352,571.1794,cam_3_1690291676_08-27-56.jpg
193,151,1526.4895,433.19528,1973.8341,646.4088,cam_3_1690291676_08-27-56.jpg
193,248,432.54254,424.06482,917.6687,750.04755,cam_3_1690291676_08-27-56.jpg
193,156,1175.341,267.88504,1628.6636,585.4874,cam_3_1690291676_08-27-56.jpg
193,178,354.35373,374.8575,851.8439,590.45935,cam_3_1690291676_08-27-56.jpg
193,210,592.5787,939.9313,1610.5134,1944.0935,cam_3_1690291676_08-27-56.jpg
193,173,2068.664,238.9827,2488.6667,483.21875,cam_3_1690291676_08-27-56.jpg
194,4,381.6935,532.51587,1146.4111,992.02856,cam_3_1690291871_08-31-11.jpg
194,224,938.9807,221.11786,1298.3954,460.61987,cam_3_1690291871_08-31-11.jpg
194,190,2202.5996,452.4159,2705.2966,647.5708,cam_3_1690291871_08-31-11.jpg
194,265,2128.2734,413.25763,2510.6272,585.9604,cam_3_1690291871_08-31-11.jpg
194,162,1373.3495,365.08585,1766.9165,569.31647,cam_3_1690291871_08-31-11.jpg
194,151,1527.428,432.37714,1975.0024,647.0151,cam_3_1690291871_08-31-11.jpg
194,248,374.29178,449.72858,944.6843,721.1886,cam_3_1690291871_08-31-11.jpg
194,156,1175.404,265.73096,1645.8505,587.39557,cam_3_1690291871_08-31-11.jpg
194,178,397.0665,367.1893,854.52966,543.02893,cam_3_1690291871_08-31-11.jpg
194,210,611.1283,942.10785,1600.8177,1975.8823,cam_3_1690291871_08-31-11.jpg
194,259,768.7913,1055.7499,2056.8132,2079.471,cam_3_1690291871_08-31-11.jpg
195,4,413.844,529.28876,1149.1594,980.00494,cam_3_1690291946_08-32-26.jpg
195,224,934.174,218.25418,1301.1582,460.28644,cam_3_1690291946_08-32-26.jpg
195,190,2197.8894,449.67258,2703.6375,645.25354,cam_3_1690291946_08-32-26.jpg
195,265,2132.1848,411.99738,2511.493,579.21783,cam_3_1690291946_08-32-26.jpg
195,162,1375.7355,365.8397,1765.9032,568.5273,cam_3_1690291946_08-32-26.jpg
195,151,1528.1959,431.7957,1975.0764,647.3903,cam_3_1690291946_08-32-26.jpg
195,248,410.33136,456.92923,941.23584,733.6759,cam_3_1690291946_08-32-26.jpg
195,156,1174.1965,264.49844,1653.245,590.42474,cam_3_1690291946_08-32-26.jpg
195,178,363.8099,360.33032,868.2045,538.03107,cam_3_1690291946_08-32-26.jpg
195,210,594.9166,939.92035,1617.9896,1966.1558,cam_3_1690291946_08-32-26.jpg
195,259,754.46936,1056.6158,1998.9884,2021.0192,cam_3_1690291946_08-32-26.jpg
196,4,462.24384,533.0857,1146.8254,986.69354,cam_3_1690292021_08-33-41.jpg
196,224,935.95447,216.86938,1304.7365,461.9778,cam_3_1690292021_08-33-41.jpg
196,190,2200.0276,449.21802,2701.521,643.6273,cam_3_1690292021_08-33-41.jpg
196,265,2128.56,412.23178,2506.704,584.85077,cam_3_1690292021_08-33-41.jpg
196,162,1377.3594,366.03772,1771.3635,568.64844,cam_3_1690292021_08-33-41.jpg
196,151,1528.1979,432.35303,1973.3467,647.8524,cam_3_1690292021_08-33-41.jpg
196,156,1172.7833,264.0698,1657.7473,588.501,cam_3_1690292021_08-33-41.jpg
196,178,377.95493,378.668,862.7168,602.71857,cam_3_1690292021_08-33-41.jpg
196,210,578.80005,928.30524,1609.242,1766.2471,cam_3_1690292021_08-33-41.jpg
196,222,544.80237,416.50296,882.25037,547.9914,cam_3_1690292021_08-33-41.jpg
196,235,436.17233,460.533,946.6201,798.581,cam_3_1690292021_08-33-41.jpg
196,228,673.3763,1077.419,1984.625,2147.946,cam_3_1690292021_08-33-41.jpg
197,4,454.58197,538.69293,1140.5402,991.518,cam_3_1690292111_08-35-11.jpg
197,224,932.2195,217.61397,1305.1752,464.19144,cam_3_1690292111_08-35-11.jpg
197,190,2205.4646,451.24088,2701.8242,644.7406,cam_3_1690292111_08-35-11.jpg
197,265,2124.0251,411.12762,2504.077,582.2419,cam_3_1690292111_08-35-11.jpg
197,162,1377.22,365.99515,1778.2783,569.5546,cam_3_1690292111_08-35-11.jpg
197,151,1530.1586,432.30865,1979.6268,647.87085,cam_3_1690292111_08-35-11.jpg
197,156,1174.826,263.7235,1662.1656,589.4156,cam_3_1690292111_08-35-11.jpg
197,178,407.3316,401.73483,883.0023,633.34186,cam_3_1690292111_08-35-11.jpg
197,210,601.15704,908.379,1614.9854,1837.6449,cam_3_1690292111_08-35-11.jpg
197,235,432.94904,466.82126,951.4589,794.1201,cam_3_1690292111_08-35-11.jpg
197,228,619.16034,1114.9907,1927.1738,2178.8457,cam_3_1690292111_08-35-11.jpg
197,188,531.4696,370.5987,845.2077,477.3069,cam_3_1690292111_08-35-11.jpg
198,4,448.57385,537.6262,1155.8005,980.8593,cam_3_1690292261_08-37-41.jpg
198,224,935.2821,221.87025,1303.0834,462.45847,cam_3_1690292261_08-37-41.jpg
198,190,2203.2551,453.3993,2700.3948,644.5433,cam_3_1690292261_08-37-41.jpg
198,265,2134.6965,412.2123,2497.8765,584.02893,cam_3_1690292261_08-37-41.jpg
198,162,1377.2743,365.8723,1773.3418,570.6935,cam_3_1690292261_08-37-41.jpg
198,151,1528.9419,431.71448,1975.5698,648.2148,cam_3_1690292261_08-37-41.jpg
198,156,1174.787,266.43613,1660.6057,591.32874,cam_3_1690292261_08-37-41.jpg
198,178,378.00342,389.89062,843.6869,617.4682,cam_3_1690292261_08-37-41.jpg
198,210,535.36835,908.1485,1668.928,1910.7848,cam_3_1690292261_08-37-41.jpg
198,228,592.9665,1104.702,2004.6198,2064.8867,cam_3_1690292261_08-37-41.jpg
198,269,786.2106,902.34973,1675.3619,1422.0593,cam_3_1690292261_08-37-41.jpg
198,248,450.77344,429.8087,913.6216,713.1966,cam_3_1690292261_08-37-41.jpg
199,224,931.81824,221.10553,1296.0045,464.84943,cam_3_1690292396_08-39-56.jpg
199,190,2224.615,454.75903,2699.9355,648.77594,cam_3_1690292396_08-39-56.jpg
199,265,2140.394,412.9559,2493.419,590.66174,cam_3_1690292396_08-39-56.jpg
199,162,1376.3937,369.7244,1770.6938,573.47107,cam_3_1690292396_08-39-56.jpg
199,151,1529.1334,430.67734,1978.7552,647.85077,cam_3_1690292396_08-39-56.jpg
199,156,1184.5898,270.31375,1649.5889,587.8787,cam_3_1690292396_08-39-56.jpg
199,178,357.16718,376.64578,832.9877,589.29865,cam_3_1690292396_08-39-56.jpg
199,248,435.89536,411.34705,956.3506,728.6832,cam_3_1690292396_08-39-56.jpg
199,231,1292.4841,210.31293,1619.8375,319.5988,cam_3_1690292396_08-39-56.jpg
199,188,535.166,367.74152,838.40924,475.68048,cam_3_1690292396_08-39-56.jpg
200,224,933.1659,223.4613,1287.6683,436.1182,cam_3_1690292456_08-40-56.jpg
200,190,2212.7021,453.35593,2699.7573,647.0427,cam_3_1690292456_08-40-56.jpg
200,265,2134.784,416.27444,2491.7249,592.4915,cam_3_1690292456_08-40-56.jpg
200,162,1376.5574,370.4319,1771.466,572.8898,cam_3_1690292456_08-40-56.jpg
200,151,1521.4696,431.66846,1973.307,647.6218,cam_3_1690292456_08-40-56.jpg
200,156,1184.6577,267.464,1651.0619,587.3713,cam_3_1690292456_08-40-56.jpg
200,178,343.7808,365.17438,832.3472,559.9765,cam_3_1690292456_08-40-56.jpg
200,248,410.57553,403.20184,959.4057,750.79736,cam_3_1690292456_08-40-56.jpg
200,271,1731.2039,210.45775,2111.826,384.45364,cam_3_1690292456_08-40-56.jpg
201,224,936.977,221.26277,1287.5042,448.3026,cam_3_1690292471_08-41-11.jpg
201,190,2208.907,453.3412,2701.7673,646.34094,cam_3_1690292471_08-41-11.jpg
201,265,2128.1162,417.29385,2491.1611,594.21497,cam_3_1690292471_08-41-11.jpg
201,162,1376.2421,370.16464,1772.0833,571.5777,cam_3_1690292471_08-41-11.jpg
201,151,1517.5867,431.5406,1973.9381,648.75793,cam_3_1690292471_08-41-11.jpg
201,156,1183.9136,269.2403,1647.3639,585.6869,cam_3_1690292471_08-41-11.jpg
201,178,351.07092,388.68036,848.5622,581.4119,cam_3_1690292471_08-41-11.jpg
201,248,447.70825,411.74524,945.12463,766.1589,cam_3_1690292471_08-41-11.jpg
201,271,1718.6091,211.05522,2109.6953,383.36444,cam_3_1690292471_08-41-11.jpg
201,272,788.7794,331.97498,1146.7289,599.99713,cam_3_1690292471_08-41-11.jpg
201,188,528.2703,356.52045,834.6029,456.95993,cam_3_1690292471_08-41-11.jpg
202,224,937.65045,218.96103,1295.3464,454.4418,cam_3_1690292591_08-43-11.jpg
202,190,2208.2148,450.9973,2701.3572,642.4526,cam_3_1690292591_08-43-11.jpg
202,265,2120.2969,414.2203,2484.962,586.4216,cam_3_1690292591_08-43-11.jpg
202,162,1377.0717,372.79868,1771.16,573.66034,cam_3_1690292591_08-43-11.jpg
202,151,1520.5226,431.6382,1982.8406,650.3788,cam_3_1690292591_08-43-11.jpg
202,156,1188.3724,271.23984,1648.4628,586.8381,cam_3_1690292591_08-43-11.jpg
202,178,357.7077,390.18198,858.43524,605.9423,cam_3_1690292591_08-43-11.jpg
202,248,450.5831,414.85474,935.51215,762.2735,cam_3_1690292591_08-43-11.jpg
202,271,1754.1642,207.63371,2113.0916,390.178,cam_3_1690292591_08-43-11.jpg
202,272,795.97656,329.98376,1145.1257,603.0683,cam_3_1690292591_08-43-11.jpg
202,274,1323.2463,198.31293,1485.6573,298.3815,cam_3_1690292591_08-43-11.jpg
202,102,356.30692,356.5709,790.9826,518.91675,cam_3_1690292591_08-43-11.jpg
203,224,935.843,218.82639,1294.0182,452.72858,cam_3_1690292711_08-45-11.jpg
203,190,2205.6238,448.79248,2701.1604,640.2214,cam_3_1690292711_08-45-11.jpg
203,265,2118.1155,412.41733,2483.5867,585.75525,cam_3_1690292711_08-45-11.jpg
203,162,1377.0682,371.2217,1771.4347,572.7291,cam_3_1690292711_08-45-11.jpg
203,151,1517.1036,429.75568,1981.5835,649.8787,cam_3_1690292711_08-45-11.jpg
203,156,1192.5531,263.85907,1656.3918,586.99817,cam_3_1690292711_08-45-11.jpg
203,178,351.39423,372.68265,844.3854,580.8686,cam_3_1690292711_08-45-11.jpg
203,248,447.66608,403.52917,938.20483,749.5024,cam_3_1690292711_08-45-11.jpg
203,271,1768.9297,205.44635,2116.6,385.50876,cam_3_1690292711_08-45-11.jpg
203,272,813.73065,326.48398,1151.0436,593.8084,cam_3_1690292711_08-45-11.jpg
203,274,1306.0525,202.10872,1447.0348,302.04245,cam_3_1690292711_08-45-11.jpg
203,102,350.1993,359.6249,791.03406,514.7946,cam_3_1690292711_08-45-11.jpg
204,190,2223.9954,447.8033,2700.553,640.94934,cam_3_1690292801_08-46-41.jpg
204,265,2134.7292,413.53815,2485.651,590.19336,cam_3_1690292801_08-46-41.jpg
204,162,1312.6133,398.44962,1727.5284,695.9662,cam_3_1690292801_08-46-41.jpg
204,151,1553.5674,430.82318,1971.9481,636.5427,cam_3_1690292801_08-46-41.jpg
204,156,1199.7539,271.00555,1653.3235,587.304,cam_3_1690292801_08-46-41.jpg
204,178,386.4351,373.04276,812.45996,619.9436,cam_3_1690292801_08-46-41.jpg
204,271,1749.3502,208.32985,2112.64,386.63797,cam_3_1690292801_08-46-41.jpg
204,274,1299.2107,201.2999,1485.1093,304.77176,cam_3_1690292801_08-46-41.jpg
205,190,2235.617,448.86447,2701.1975,644.0158,cam_3_1690292921_08-48-41.jpg
205,265,2120.912,414.8153,2487.9343,594.3806,cam_3_1690292921_08-48-41.jpg
205,162,1350.3677,383.96814,1753.8785,632.78937,cam_3_1690292921_08-48-41.jpg
205,151,1530.9625,429.1756,1974.0708,645.4192,cam_3_1690292921_08-48-41.jpg
205,156,1199.2725,273.7366,1651.581,587.04846,cam_3_1690292921_08-48-41.jpg
205,178,396.2554,370.5198,844.29425,638.0852,cam_3_1690292921_08-48-41.jpg
205,271,1759.034,209.39091,2100.0344,380.4443,cam_3_1690292921_08-48-41.jpg
205,274,1287.1667,207.59253,1507.361,310.22217,cam_3_1690292921_08-48-41.jpg
205,223,2787.869,523.07904,3780.092,1089.003,cam_3_1690292921_08-48-41.jpg
205,222,592.2838,313.21698,950.381,522.94257,cam_3_1690292921_08-48-41.jpg
205,224,1032.8574,282.00357,1289.0128,551.8412,cam_3_1690292921_08-48-41.jpg
205,102,378.88208,349.88602,751.12866,520.36755,cam_3_1690292921_08-48-41.jpg
206,190,2243.6465,447.78394,2702.098,644.66705,cam_3_1690292936_08-48-56.jpg
206,265,2115.9104,415.84708,2489.317,596.97327,cam_3_1690292936_08-48-56.jpg
206,162,1366.69,373.37936,1763.7697,594.7338,cam_3_1690292936_08-48-56.jpg
206,151,1524.4652,429.39905,1976.0863,648.1716,cam_3_1690292936_08-48-56.jpg
206,156,1202.0106,272.42508,1651.0298,585.44745,cam_3_1690292936_08-48-56.jpg
206,178,417.7789,377.46146,850.38464,654.9655,cam_3_1690292936_08-48-56.jpg
206,271,1768.0148,211.44653,2094.656,380.15128,cam_3_1690292936_08-48-56.jpg
206,274,1271.022,212.2907,1499.582,308.2081,cam_3_1690292936_08-48-56.jpg
206,223,2785.9602,523.5284,3836.9768,1087.6549,cam_3_1690292936_08-48-56.jpg
206,222,576.1315,308.1806,953.9753,521.12415,cam_3_1690292936_08-48-56.jpg
206,224,1056.1501,293.5198,1294.6414,572.2813,cam_3_1690292936_08-48-56.jpg
207,190,2222.432,449.50955,2699.5403,648.79614,cam_3_1690293041_08-50-41.jpg
207,265,2112.8604,418.32758,2490.7524,597.54224,cam_3_1690293041_08-50-41.jpg
207,162,1370.788,372.20874,1769.0609,582.71826,cam_3_1690293041_08-50-41.jpg
207,151,1521.4227,430.10165,1977.9187,650.1371,cam_3_1690293041_08-50-41.jpg
207,156,1200.3705,272.39832,1651.1012,585.4519,cam_3_1690293041_08-50-41.jpg
207,178,381.55505,375.50916,849.2794,652.782,cam_3_1690293041_08-50-41.jpg
207,271,1746.2471,210.36444,2097.495,384.58115,cam_3_1690293041_08-50-41.jpg
207,224,1063.4773,298.47003,1298.6056,579.7411,cam_3_1690293041_08-50-41.jpg
207,170,2113.358,191.54814,2383.8044,427.8519,cam_3_1690293041_08-50-41.jpg
207,188,512.1516,327.99936,820.59375,431.74963,cam_3_1690293041_08-50-41.jpg
207,102,363.1644,341.62952,763.2674,504.23975,cam_3_1690293041_08-50-41.jpg
208,190,2209.9832,448.85254,2701.9597,647.55914,cam_3_1690293131_08-52-11.jpg
208,265,2111.234,413.82474,2482.3325,590.5914,cam_3_1690293131_08-52-11.jpg
208,162,1374.7683,371.26822,1767.88,578.0847,cam_3_1690293131_08-52-11.jpg
208,151,1515.2727,428.2624,1977.8862,650.2745,cam_3_1690293131_08-52-11.jpg
208,156,1198.579,272.5302,1636.8859,586.04645,cam_3_1690293131_08-52-11.jpg
208,178,389.70203,374.65588,858.33685,645.5522,cam_3_1690293131_08-52-11.jpg
208,271,1739.7491,211.90373,2092.6829,380.59183,cam_3_1690293131_08-52-11.jpg
208,224,1061.2208,302.04327,1287.5966,582.85754,cam_3_1690293131_08-52-11.jpg
208,188,519.2065,332.86667,816.8546,425.0771,cam_3_1690293131_08-52-11.jpg
208,274,1282.4073,196.65764,1509.7062,290.2274,cam_3_1690293131_08-52-11.jpg
209,190,2235.435,449.67145,2700.5522,646.813,cam_3_1690293146_08-52-26.jpg
209,265,2110.5146,414.82788,2482.7979,594.5708,cam_3_1690293146_08-52-26.jpg
209,162,1376.0369,370.8337,1770.449,577.5623,cam_3_1690293146_08-52-26.jpg
209,151,1519.8562,427.9504,1976.979,649.37146,cam_3_1690293146_08-52-26.jpg
209,156,1199.7064,272.28152,1632.2952,585.5237,cam_3_1690293146_08-52-26.jpg
209,271,1735.5206,209.77614,2109.9268,381.70822,cam_3_1690293146_08-52-26.jpg
209,224,1043.2068,308.60034,1227.3876,585.1285,cam_3_1690293146_08-52-26.jpg
209,274,1280.956,200.9218,1506.2308,294.3738,cam_3_1690293146_08-52-26.jpg
209,231,1418.5417,195.78033,1671.6882,300.1066,cam_3_1690293146_08-52-26.jpg
209,248,559.7444,423.84323,849.2139,722.367,cam_3_1690293146_08-52-26.jpg
209,222,625.54755,331.09027,1028.3706,576.86523,cam_3_1690293146_08-52-26.jpg
210,190,2238.9763,450.3144,2699.2517,645.99915,cam_3_1690293161_08-52-41.jpg
210,265,2111.2515,416.1385,2485.3384,593.8048,cam_3_1690293161_08-52-41.jpg
210,162,1376.252,371.85892,1769.6144,577.37524,cam_3_1690293161_08-52-41.jpg
210,151,1520.2474,429.44962,1977.2673,650.0809,cam_3_1690293161_08-52-41.jpg
210,156,1199.3911,274.50003,1628.9109,583.51495,cam_3_1690293161_08-52-41.jpg
210,271,1734.2312,210.06578,2117.0015,382.38458,cam_3_1690293161_08-52-41.jpg
210,224,1041.3798,311.09927,1206.2286,583.5634,cam_3_1690293161_08-52-41.jpg
210,274,1277.493,204.83,1506.8809,303.60446,cam_3_1690293161_08-52-41.jpg
210,231,1431.8496,191.99355,1674.8737,294.21786,cam_3_1690293161_08-52-41.jpg
210,222,639.102,335.9702,1037.6129,603.0242,cam_3_1690293161_08-52-41.jpg
210,201,742.6891,639.5407,1312.0377,1077.3113,cam_3_1690293161_08-52-41.jpg
211,190,2239.4265,449.53223,2700.1128,646.1036,cam_3_1690293206_08-53-26.jpg
211,265,2110.744,415.65753,2486.2395,595.80334,cam_3_1690293206_08-53-26.jpg
211,162,1376.1276,371.97174,1764.9165,575.09045,cam_3_1690293206_08-53-26.jpg
211,151,1523.3451,430.05936,1983.9757,649.88885,cam_3_1690293206_08-53-26.jpg
211,156,1210.2574,267.82855,1643.6726,558.369,cam_3_1690293206_08-53-26.jpg
211,271,1740.9243,208.89049,2121.7856,381.26288,cam_3_1690293206_08-53-26.jpg
211,231,1424.8566,192.2428,1673.0212,292.8545,cam_3_1690293206_08-53-26.jpg
211,272,867.348,290.25638,1221.1929,557.6001,cam_3_1690293206_08-53-26.jpg
211,223,2867.1233,552.7082,3920.7976,1110.271,cam_3_1690293206_08-53-26.jpg
211,248,661.53723,406.8196,918.1027,706.37067,cam_3_1690293206_08-53-26.jpg
212,190,2212.0718,448.72458,2694.704,645.39136,cam_3_1690293221_08-53-41.jpg
212,265,2107.8782,412.58508,2482.7776,590.80707,cam_3_1690293221_08-53-41.jpg
212,162,1377.511,368.59583,1767.8052,573.4585,cam_3_1690293221_08-53-41.jpg
212,151,1529.712,428.4562,1977.9974,648.41516,cam_3_1690293221_08-53-41.jpg
212,156,1211.8729,263.56052,1648.3514,547.1427,cam_3_1690293221_08-53-41.jpg
212,271,1743.6494,208.80853,2126.9897,380.4439,cam_3_1690293221_08-53-41.jpg
212,231,1418.9098,194.17929,1671.0491,289.51447,cam_3_1690293221_08-53-41.jpg
212,272,935.935,290.0941,1228.7653,544.0102,cam_3_1690293221_08-53-41.jpg
212,223,2877.4468,558.61426,3925.8928,1112.3901,cam_3_1690293221_08-53-41.jpg
212,235,633.9175,485.3188,857.2224,814.66235,cam_3_1690293221_08-53-41.jpg
213,190,2204.46,449.23297,2701.1782,647.0254,cam_3_1690293326_08-55-26.jpg
213,265,2109.1802,413.61502,2480.9302,592.67114,cam_3_1690293326_08-55-26.jpg
213,162,1378.3535,368.5934,1767.7245,574.103,cam_3_1690293326_08-55-26.jpg
213,151,1525.7924,431.07547,1973.8682,649.22736,cam_3_1690293326_08-55-26.jpg
213,156,1208.1644,271.78702,1635.0261,573.7503,cam_3_1690293326_08-55-26.jpg
213,271,1763.5354,205.70103,2134.951,380.45718,cam_3_1690293326_08-55-26.jpg
213,231,1424.478,192.31642,1668.7391,293.83408,cam_3_1690293326_08-55-26.jpg
213,235,620.8315,466.77472,857.16345,812.8756,cam_3_1690293326_08-55-26.jpg
213,228,1295.9348,1471.5319,2418.4016,2783.7463,cam_3_1690293326_08-55-26.jpg
213,224,1060.5118,337.43878,1269.8834,646.5269,cam_3_1690293326_08-55-26.jpg
213,274,1271.3022,195.28802,1495.2441,290.86917,cam_3_1690293326_08-55-26.jpg
214,190,2200.1414,451.64148,2700.932,650.4354,cam_3_1690293341_08-55-41.jpg
214,265,2108.0334,413.0955,2480.8901,592.93744,cam_3_1690293341_08-55-41.jpg
214,162,1376.5233,370.23242,1766.1654,575.39154,cam_3_1690293341_08-55-41.jpg
214,151,1520.1884,429.96176,1974.9878,649.1981,cam_3_1690293341_08-55-41.jpg
214,156,1205.4083,276.15692,1637.4514,581.1202,cam_3_1690293341_08-55-41.jpg
214,271,1771.8682,204.59193,2135.1758,383.2613,cam_3_1690293341_08-55-41.jpg
214,231,1424.4766,195.07997,1660.6045,292.65524,cam_3_1690293341_08-55-41.jpg
214,235,647.34937,469.67996,855.3959,817.43695,cam_3_1690293341_08-55-41.jpg
214,228,1336.1343,1473.1703,2440.8567,2800.0,cam_3_1690293341_08-55-41.jpg
214,224,1061.2806,341.6701,1280.293,654.8645,cam_3_1690293341_08-55-41.jpg
215,190,2194.6787,451.64423,2700.431,651.6022,cam_3_1690293356_08-55-56.jpg
215,265,2107.404,410.88925,2479.736,590.2666,cam_3_1690293356_08-55-56.jpg
215,162,1376.3057,369.65186,1766.6207,573.1682,cam_3_1690293356_08-55-56.jpg
215,151,1518.9648,429.95712,1974.0223,649.26117,cam_3_1690293356_08-55-56.jpg
215,156,1200.5408,273.7147,1633.8035,587.023,cam_3_1690293356_08-55-56.jpg
215,271,1777.0812,204.29994,2137.7373,384.49472,cam_3_1690293356_08-55-56.jpg
215,231,1409.3978,191.38876,1638.0917,286.94565,cam_3_1690293356_08-55-56.jpg
215,228,1240.4723,1511.051,2442.662,2800.0,cam_3_1690293356_08-55-56.jpg
215,224,1056.7686,344.5986,1277.0078,657.50366,cam_3_1690293356_08-55-56.jpg
215,222,795.09216,371.8582,1124.3362,693.87634,cam_3_1690293356_08-55-56.jpg
216,190,2190.49,450.88275,2700.7144,651.93964,cam_3_1690293401_08-56-41.jpg
216,265,2107.379,411.22852,2478.0518,586.63416,cam_3_1690293401_08-56-41.jpg
216,162,1375.8647,369.64578,1763.883,572.8926,cam_3_1690293401_08-56-41.jpg
216,151,1524.6786,428.9203,1981.6958,649.9988,cam_3_1690293401_08-56-41.jpg
216,156,1198.3359,273.49213,1630.566,584.23535,cam_3_1690293401_08-56-41.jpg
216,271,1776.7228,203.60475,2136.2075,385.00424,cam_3_1690293401_08-56-41.jpg
216,231,1385.1752,192.75606,1627.9216,287.0163,cam_3_1690293401_08-56-41.jpg
216,228,1295.3834,1486.6293,2453.7712,2800.0,cam_3_1690293401_08-56-41.jpg
216,224,1066.8317,346.9587,1284.4783,658.16455,cam_3_1690293401_08-56-41.jpg
216,272,972.946,282.81143,1182.0784,523.45667,cam_3_1690293401_08-56-41.jpg
217,190,2193.0222,450.89102,2702.2092,654.83765,cam_3_1690293566_08-59-26.jpg
217,265,2105.0144,413.6147,2477.2786,594.08655,cam_3_1690293566_08-59-26.jpg
217,162,1375.7477,370.76245,1766.0912,574.452,cam_3_1690293566_08-59-26.jpg
217,151,1520.9896,428.74908,1980.0306,650.70953,cam_3_1690293566_08-59-26.jpg
217,156,1199.6938,276.75995,1637.6008,588.8386,cam_3_1690293566_08-59-26.jpg
217,271,1769.3195,204.18968,2131.4045,383.50336,cam_3_1690293566_08-59-26.jpg
217,231,1425.5181,192.0653,1668.2457,287.3502,cam_3_1690293566_08-59-26.jpg
217,272,986.4622,317.87903,1181.4198,588.0897,cam_3_1690293566_08-59-26.jpg
217,170,2067.2979,238.51303,2419.6938,460.3864,cam_3_1690293566_08-59-26.jpg
217,178,397.70782,372.92053,810.0869,641.9741,cam_3_1690293566_08-59-26.jpg
217,222,831.30707,355.99713,1050.7651,634.66504,cam_3_1690293566_08-59-26.jpg
218,190,2190.4856,451.967,2703.9526,656.09186,cam_3_1690293611_09-00-11.jpg
218,265,2106.7605,414.8583,2477.0093,597.31885,cam_3_1690293611_09-00-11.jpg
218,162,1375.0054,370.657,1767.2069,575.24774,cam_3_1690293611_09-00-11.jpg
218,151,1521.9535,428.318,1977.473,650.4974,cam_3_1690293611_09-00-11.jpg
218,156,1188.8867,277.6674,1616.3687,591.17957,cam_3_1690293611_09-00-11.jpg
218,271,1766.4048,205.90652,2133.2695,382.5359,cam_3_1690293611_09-00-11.jpg
218,231,1450.1672,190.80998,1702.3221,295.08972,cam_3_1690293611_09-00-11.jpg
218,272,966.47296,338.5091,1170.678,631.2354,cam_3_1690293611_09-00-11.jpg
218,178,405.10028,390.05502,858.3261,687.70044,cam_3_1690293611_09-00-11.jpg
219,190,2186.2788,452.45972,2702.7788,656.65265,cam_3_1690293686_09-01-26.jpg
219,265,2109.0793,415.79214,2476.323,596.7296,cam_3_1690293686_09-01-26.jpg
219,162,1377.4205,373.28653,1766.585,576.13715,cam_3_1690293686_09-01-26.jpg
219,151,1522.263,426.5624,1979.827,649.7799,cam_3_1690293686_09-01-26.jpg
219,156,1222.8796,270.05768,1630.6179,481.3138,cam_3_1690293686_09-01-26.jpg
219,271,1758.2618,206.25801,2127.3416,378.32095,cam_3_1690293686_09-01-26.jpg
219,231,1434.6293,196.32182,1700.5281,299.7356,cam_3_1690293686_09-01-26.jpg
219,178,395.06302,397.24637,874.33514,690.09,cam_3_1690293686_09-01-26.jpg
219,289,1971.2535,389.73007,2316.1902,577.4174,cam_3_1690293686_09-01-26.jpg
219,292,409.48953,351.97775,809.24963,562.5172,cam_3_1690293686_09-01-26.jpg
219,224,995.10565,356.95334,1416.9077,642.4658,cam_3_1690293686_09-01-26.jpg
220,190,2191.8257,452.36752,2700.422,654.8792,cam_3_1690293881_09-04-41.jpg
220,265,2104.1865,416.2814,2475.3352,599.136,cam_3_1690293881_09-04-41.jpg
220,162,1300.5602,324.9379,1773.828,640.2313,cam_3_1690293881_09-04-41.jpg
220,151,1524.0597,425.1632,1976.7467,652.12683,cam_3_1690293881_09-04-41.jpg
220,156,1203.6412,291.08615,1539.132,570.9198,cam_3_1690293881_09-04-41.jpg
220,271,1723.4172,208.77446,2025.958,353.68213,cam_3_1690293881_09-04-41.jpg
220,231,1401.3474,198.96693,1650.8478,296.71222,cam_3_1690293881_09-04-41.jpg
220,178,431.24945,397.99066,889.7449,692.9106,cam_3_1690293881_09-04-41.jpg
220,289,1962.6324,387.48434,2317.0781,578.86115,cam_3_1690293881_09-04-41.jpg
220,292,401.94034,345.69028,801.25525,556.09045,cam_3_1690293881_09-04-41.jpg
221,190,2177.2834,458.38605,2651.1865,669.3469,cam_3_1690293911_09-05-11.jpg
221,265,2092.4175,425.18243,2447.5818,603.54047,cam_3_1690293911_09-05-11.jpg
221,162,1331.8992,304.92154,1815.6663,634.8618,cam_3_1690293911_09-05-11.jpg
221,151,1521.8636,427.42392,1977.419,653.4857,cam_3_1690293911_09-05-11.jpg
221,156,1197.7893,301.59406,1513.6044,610.30457,cam_3_1690293911_09-05-11.jpg
221,271,1699.3463,206.6641,1985.292,338.94144,cam_3_1690293911_09-05-11.jpg
221,231,1392.4614,206.78946,1630.7913,303.36865,cam_3_1690293911_09-05-11.jpg
221,178,422.8843,396.6222,896.95215,694.4863,cam_3_1690293911_09-05-11.jpg
221,289,1973.8463,390.12994,2316.1008,578.8543,cam_3_1690293911_09-05-11.jpg
221,292,372.21024,347.51767,802.8956,562.9988,cam_3_1690293911_09-05-11.jpg
221,274,1267.4446,209.39458,1482.0387,316.38892,cam_3_1690293911_09-05-11.jpg
222,265,2093.2173,425.34076,2410.4658,600.12115,cam_3_1690294001_09-06-41.jpg
222,162,1280.6575,304.20627,1787.2493,655.05493,cam_3_1690294001_09-06-41.jpg
222,151,1525.0637,427.20752,1974.937,652.56226,cam_3_1690294001_09-06-41.jpg
222,156,1154.9146,298.8073,1455.327,617.9911,cam_3_1690294001_09-06-41.jpg
222,271,1709.9525,206.30838,1979.811,341.6382,cam_3_1690294001_09-06-41.jpg
222,231,1373.4832,212.0534,1609.1613,307.67404,cam_3_1690294001_09-06-41.jpg
222,178,421.38388,393.36108,872.74805,680.51886,cam_3_1690294001_09-06-41.jpg
222,289,1971.8716,387.86157,2316.8923,574.44025,cam_3_1690294001_09-06-41.jpg
222,292,396.26077,344.0326,804.5641,566.28284,cam_3_1690294001_09-06-41.jpg
222,300,505.92654,341.3504,805.8617,443.22586,cam_3_1690294001_09-06-41.jpg
222,173,2285.6982,264.42654,2794.3977,608.82043,cam_3_1690294001_09-06-41.jpg
223,265,2109.4963,417.50793,2473.74,604.19574,cam_3_1690294151_09-09-11.jpg
223,162,1275.1573,302.94104,1776.4003,664.20087,cam_3_1690294151_09-09-11.jpg
223,151,1528.5587,426.27518,1979.4067,652.8016,cam_3_1690294151_09-09-11.jpg
223,156,1122.4783,294.1274,1444.3071,619.2717,cam_3_1690294151_09-09-11.jpg
223,271,1698.6051,202.87766,1981.9026,355.63922,cam_3_1690294151_09-09-11.jpg
223,178,396.18057,397.32544,867.85486,675.6108,cam_3_1690294151_09-09-11.jpg
223,289,1960.2589,389.99817,2305.2983,578.12915,cam_3_1690294151_09-09-11.jpg
223,292,356.95038,346.31403,781.2306,532.38776,cam_3_1690294151_09-09-11.jpg
223,274,1275.0363,212.81105,1550.11,322.18463,cam_3_1690294151_09-09-11.jpg
224,265,2105.4377,414.57086,2495.6697,611.1914,cam_3_1690294181_09-09-41.jpg
224,162,1273.0343,302.32825,1774.5486,665.8148,cam_3_1690294181_09-09-41.jpg
224,151,1530.9127,428.45798,1972.7103,652.8306,cam_3_1690294181_09-09-41.jpg
224,156,1108.7463,287.90497,1437.7142,617.9325,cam_3_1690294181_09-09-41.jpg
224,271,1685.4728,202.51717,1973.0675,344.4594,cam_3_1690294181_09-09-41.jpg
224,178,422.60794,404.83215,861.6354,676.57684,cam_3_1690294181_09-09-41.jpg
224,289,1958.2389,389.58887,2307.804,579.56744,cam_3_1690294181_09-09-41.jpg
224,292,398.90158,340.76065,784.14294,531.0675,cam_3_1690294181_09-09-41.jpg
224,303,1022.66437,224.91893,1336.0664,379.30084,cam_3_1690294181_09-09-41.jpg
224,274,1270.8131,213.32826,1540.5978,321.20224,cam_3_1690294181_09-09-41.jpg
224,300,499.55585,346.2804,792.6684,452.82224,cam_3_1690294181_09-09-41.jpg
225,265,2104.899,413.936,2505.8516,614.84125,cam_3_1690294331_09-12-11.jpg
225,162,1272.4812,300.98724,1768.4199,668.1651,cam_3_1690294331_09-12-11.jpg
225,151,1535.5399,424.3395,1978.9666,649.9823,cam_3_1690294331_09-12-11.jpg
225,156,1117.1239,287.95218,1441.117,621.2942,cam_3_1690294331_09-12-11.jpg
225,271,1685.0294,204.20279,1977.7133,352.3604,cam_3_1690294331_09-12-11.jpg
225,178,403.93234,403.2798,862.05145,672.5376,cam_3_1690294331_09-12-11.jpg
225,289,1949.8516,391.2469,2316.5752,583.19086,cam_3_1690294331_09-12-11.jpg
225,292,395.9166,342.93802,799.1749,539.70734,cam_3_1690294331_09-12-11.jpg
225,303,1004.1492,221.80911,1339.9583,382.14536,cam_3_1690294331_09-12-11.jpg
225,274,1281.8473,208.53133,1551.8743,320.28067,cam_3_1690294331_09-12-11.jpg
225,300,504.85495,345.58478,804.1448,448.31613,cam_3_1690294331_09-12-11.jpg
226,265,2117.3027,409.81335,2500.3403,609.06976,cam_3_1690294421_09-13-41.jpg
226,162,1276.855,303.70755,1751.6332,673.5608,cam_3_1690294421_09-13-41.jpg
226,151,1527.508,424.32236,1973.3492,649.2426,cam_3_1690294421_09-13-41.jpg
226,156,1117.545,286.23108,1454.1348,616.8728,cam_3_1690294421_09-13-41.jpg
226,271,1682.8695,206.05663,1974.3112,356.43027,cam_3_1690294421_09-13-41.jpg
226,178,434.61255,402.51508,867.2268,671.7259,cam_3_1690294421_09-13-41.jpg
226,289,1959.8271,390.5755,2303.2876,583.58124,cam_3_1690294421_09-13-41.jpg
226,292,405.47034,342.5076,795.4995,539.46967,cam_3_1690294421_09-13-41.jpg
226,303,997.77203,225.67891,1332.4772,386.58292,cam_3_1690294421_09-13-41.jpg
226,274,1289.7329,205.4062,1572.1318,320.21814,cam_3_1690294421_09-13-41.jpg
226,300,511.04596,346.59286,808.9568,449.5302,cam_3_1690294421_09-13-41.jpg
226,310,1494.7279,191.58995,1687.4668,289.3548,cam_3_1690294421_09-13-41.jpg
227,265,2117.7324,411.00256,2504.4255,611.78564,cam_3_1690294451_09-14-11.jpg
227,162,1277.7052,307.64972,1755.0214,675.6085,cam_3_1690294451_09-14-11.jpg
227,151,1531.4287,425.0647,1979.9587,652.15094,cam_3_1690294451_09-14-11.jpg
227,156,1122.4161,286.6986,1458.709,615.04535,cam_3_1690294451_09-14-11.jpg
227,271,1686.2697,206.88182,1976.1615,361.7441,cam_3_1690294451_09-14-11.jpg
227,178,440.40244,401.24765,864.5662,671.106,cam_3_1690294451_09-14-11.jpg
227,289,1957.0173,391.3463,2305.9263,584.84766,cam_3_1690294451_09-14-11.jpg
227,292,382.65155,345.3617,796.7624,536.7385,cam_3_1690294451_09-14-11.jpg
227,303,996.74097,223.10759,1334.8029,387.63498,cam_3_1690294451_09-14-11.jpg
227,300,510.30295,345.9164,811.7148,447.98297,cam_3_1690294451_09-14-11.jpg
227,310,1487.8257,194.88376,1687.8223,283.7455,cam_3_1690294451_09-14-11.jpg
227,231,1347.3538,206.53525,1600.5614,316.3044,cam_3_1690294451_09-14-11.jpg
228,265,2118.2454,412.12274,2506.8755,610.9581,cam_3_1690294541_09-15-41.jpg
228,162,1290.3296,307.27335,1769.3353,673.3517,cam_3_1690294541_09-15-41.jpg
228,151,1524.3444,423.99503,1980.9906,651.9013,cam_3_1690294541_09-15-41.jpg
228,156,1124.9698,283.51678,1454.8743,621.95746,cam_3_1690294541_09-15-41.jpg
228,271,1686.323,206.42297,1981.009,356.3394,cam_3_1690294541_09-15-41.jpg
228,178,438.30005,403.3403,869.5808,668.5048,cam_3_1690294541_09-15-41.jpg
228,289,1960.7048,391.9543,2308.7554,584.13495,cam_3_1690294541_09-15-41.jpg
228,292,410.3176,346.23062,801.0059,538.1772,cam_3_1690294541_09-15-41.jpg
228,303,995.632,223.24738,1347.6294,383.83514,cam_3_1690294541_09-15-41.jpg
228,300,511.771,342.46967,809.78253,443.97687,cam_3_1690294541_09-15-41.jpg
228,310,1436.4835,196.11792,1703.3196,309.03778,cam_3_1690294541_09-15-41.jpg
229,265,2118.3423,411.26416,2505.1858,609.86053,cam_3_1690294556_09-15-56.jpg
229,162,1320.8564,304.29474,1747.8365,670.815,cam_3_1690294556_09-15-56.jpg
229,151,1521.8201,425.76016,1978.8246,652.8189,cam_3_1690294556_09-15-56.jpg
229,156,1127.014,282.91803,1455.8663,619.6638,cam_3_1690294556_09-15-56.jpg
229,271,1684.6377,205.38065,1982.5029,353.78262,cam_3_1690294556_09-15-56.jpg
229,178,422.37018,400.5447,866.9692,668.46075,cam_3_1690294556_09-15-56.jpg
229,289,1957.5461,393.58508,2304.0059,583.16864,cam_3_1690294556_09-15-56.jpg
229,292,393.58627,346.95612,801.6926,546.041,cam_3_1690294556_09-15-56.jpg
229,303,994.12646,223.26678,1353.9174,384.12158,cam_3_1690294556_09-15-56.jpg
229,300,509.45465,340.29465,806.9013,443.78122,cam_3_1690294556_09-15-56.jpg
229,310,1430.1412,194.85942,1715.6427,315.66794,cam_3_1690294556_09-15-56.jpg
230,265,2124.2773,411.54456,2506.418,607.1106,cam_3_1690294631_09-17-11.jpg
230,162,1307.5765,304.56818,1750.0671,673.1937,cam_3_1690294631_09-17-11.jpg
230,151,1519.509,425.18747,1977.593,654.19025,cam_3_1690294631_09-17-11.jpg
230,156,1122.9802,281.5744,1452.0946,618.224,cam_3_1690294631_09-17-11.jpg
230,271,1683.5643,206.3193,1981.5841,350.51822,cam_3_1690294631_09-17-11.jpg
230,178,436.68878,398.71848,869.4388,668.2293,cam_3_1690294631_09-17-11.jpg
230,289,1956.3768,389.80438,2311.403,583.7036,cam_3_1690294631_09-17-11.jpg
230,292,367.9425,346.02014,808.089,542.27264,cam_3_1690294631_09-17-11.jpg
230,303,991.1741,221.89528,1351.398,389.77216,cam_3_1690294631_09-17-11.jpg
230,300,505.30957,339.97464,809.70575,443.12527,cam_3_1690294631_09-17-11.jpg
230,310,1432.6968,193.49028,1724.5381,318.90384,cam_3_1690294631_09-17-11.jpg
231,265,2124.8745,410.3008,2509.3687,603.67285,cam_3_1690294826_09-20-26.jpg
231,162,1326.6383,297.0183,1773.2504,635.82214,cam_3_1690294826_09-20-26.jpg
231,151,1526.1855,427.7342,1976.5463,653.5495,cam_3_1690294826_09-20-26.jpg
231,156,1126.895,287.6497,1458.025,612.0038,cam_3_1690294826_09-20-26.jpg
231,271,1706.4772,205.26483,1984.6553,356.69266,cam_3_1690294826_09-20-26.jpg
231,178,441.07068,397.02814,874.58813,672.0388,cam_3_1690294826_09-20-26.jpg
231,289,1953.374,387.0083,2315.424,582.2625,cam_3_1690294826_09-20-26.jpg
231,303,984.68555,222.94717,1344.6044,389.00754,cam_3_1690294826_09-20-26.jpg
231,300,508.83905,334.64755,810.8385,434.52466,cam_3_1690294826_09-20-26.jpg
231,310,1468.563,187.74106,1715.6039,301.97696,cam_3_1690294826_09-20-26.jpg
232,265,2126.612,409.8597,2509.1194,605.32074,cam_3_1690294841_09-20-41.jpg
232,162,1336.2968,294.92523,1796.0713,625.2853,cam_3_1690294841_09-20-41.jpg
232,151,1540.3079,427.64865,1983.9778,653.1627,cam_3_1690294841_09-20-41.jpg
232,156,1126.3099,288.74402,1458.2072,610.3667,cam_3_1690294841_09-20-41.jpg
232,271,1712.817,203.57965,1978.4382,358.22946,cam_3_1690294841_09-20-41.jpg
232,178,419.27847,393.76428,880.26904,673.3031,cam_3_1690294841_09-20-41.jpg
232,289,1951.0133,387.42267,2314.3367,584.8222,cam_3_1690294841_09-20-41.jpg
232,303,983.07996,223.136,1341.3721,386.44565,cam_3_1690294841_09-20-41.jpg
232,300,506.50937,333.4621,809.99133,431.92377,cam_3_1690294841_09-20-41.jpg
232,310,1480.3347,185.92413,1735.7775,301.17596,cam_3_1690294841_09-20-41.jpg
232,292,368.01437,344.73758,807.4175,546.161,cam_3_1690294841_09-20-41.jpg
233,265,2121.2192,412.5558,2510.4702,610.33655,cam_3_1690294931_09-22-11.jpg
233,162,1431.3875,364.5213,1826.6018,609.80414,cam_3_1690294931_09-22-11.jpg
233,151,1537.5303,429.00992,1983.9955,652.30994,cam_3_1690294931_09-22-11.jpg
233,156,1154.8326,284.1537,1542.7747,597.8433,cam_3_1690294931_09-22-11.jpg
233,271,1688.6785,206.13,1994.8359,370.6071,cam_3_1690294931_09-22-11.jpg
233,178,434.12473,394.4899,866.48737,670.5373,cam_3_1690294931_09-22-11.jpg
233,289,1977.3778,387.2378,2315.4512,571.09216,cam_3_1690294931_09-22-11.jpg
233,303,990.7402,226.79236,1314.5994,404.27356,cam_3_1690294931_09-22-11.jpg
233,300,507.0431,336.5273,814.6113,436.21042,cam_3_1690294931_09-22-11.jpg
233,310,1430.1719,181.36823,1689.2552,298.5281,cam_3_1690294931_09-22-11.jpg
233,292,361.2409,344.69366,809.1109,553.2229,cam_3_1690294931_09-22-11.jpg
234,265,2123.883,409.70193,2510.3015,604.9975,cam_3_1690294961_09-22-41.jpg
234,162,1468.0042,394.1699,1828.9078,603.54456,cam_3_1690294961_09-22-41.jpg
234,151,1531.3236,428.65656,1984.3718,653.26324,cam_3_1690294961_09-22-41.jpg
234,156,1169.4227,280.5754,1574.6272,592.956,cam_3_1690294961_09-22-41.jpg
234,271,1678.6511,204.19328,2006.4753,374.62045,cam_3_1690294961_09-22-41.jpg
234,178,421.21973,394.75198,862.623,671.08075,cam_3_1690294961_09-22-41.jpg
234,289,1971.2875,383.79724,2312.5042,574.39636,cam_3_1690294961_09-22-41.jpg
234,303,987.7632,221.93996,1325.444,404.55518,cam_3_1690294961_09-22-41.jpg
234,300,510.11954,342.12247,811.0897,440.26294,cam_3_1690294961_09-22-41.jpg
234,310,1406.0587,179.10962,1678.4437,293.83755,cam_3_1690294961_09-22-41.jpg
234,316,1382.575,384.2805,1723.9034,575.4295,cam_3_1690294961_09-22-41.jpg
235,265,2121.4805,409.9651,2511.9165,604.3006,cam_3_1690295021_09-23-41.jpg
235,162,1480.4911,400.67654,1837.9142,601.9051,cam_3_1690295021_09-23-41.jpg
235,151,1532.0476,427.88986,1980.0278,652.88214,cam_3_1690295021_09-23-41.jpg
235,156,1177.1951,276.8102,1596.902,591.2008,cam_3_1690295021_09-23-41.jpg
235,271,1690.4487,199.27159,2029.8501,366.32596,cam_3_1690295021_09-23-41.jpg
235,178,436.8887,390.65332,826.3805,675.92163,cam_3_1690295021_09-23-41.jpg
235,289,1961.8129,383.75552,2314.6147,579.3147,cam_3_1690295021_09-23-41.jpg
235,303,954.11707,246.50731,1312.8745,507.30957,cam_3_1690295021_09-23-41.jpg
235,300,500.9389,354.5314,793.6341,466.3955,cam_3_1690295021_09-23-41.jpg
235,310,1420.7266,182.49908,1672.7681,304.42282,cam_3_1690295021_09-23-41.jpg
235,316,1383.557,384.0165,1714.5587,573.27466,cam_3_1690295021_09-23-41.jpg
236,265,2157.3677,410.30835,2515.8926,599.1844,cam_3_1690295141_09-25-41.jpg
236,162,1484.5985,398.71194,1837.7565,598.3875,cam_3_1690295141_09-25-41.jpg
236,151,1535.9779,428.93372,1958.3916,651.3852,cam_3_1690295141_09-25-41.jpg
236,156,1184.9161,273.7671,1613.3248,595.19696,cam_3_1690295141_09-25-41.jpg
236,178,434.17395,375.62332,799.3263,663.43787,cam_3_1690295141_09-25-41.jpg
236,289,1958.1732,383.02252,2330.1443,580.00916,cam_3_1690295141_09-25-41.jpg
236,316,1386.0546,372.57666,1732.3369,569.94824,cam_3_1690295141_09-25-41.jpg
236,235,705.2403,412.33475,1110.7041,687.3553,cam_3_1690295141_09-25-41.jpg
236,274,1246.54,213.51277,1602.6592,336.63937,cam_3_1690295141_09-25-41.jpg
237,265,2073.1091,412.82785,2509.1445,618.9647,cam_3_1690295306_09-28-26.jpg
237,162,1484.715,397.2599,1840.205,597.66003,cam_3_1690295306_09-28-26.jpg
237,151,1536.6229,431.4362,1934.4612,650.374,cam_3_1690295306_09-28-26.jpg
237,156,1189.161,276.11096,1612.68,595.72925,cam_3_1690295306_09-28-26.jpg
237,178,433.79587,356.81677,833.7659,649.80835,cam_3_1690295306_09-28-26.jpg
237,289,1962.3275,384.56808,2315.3572,577.2703,cam_3_1690295306_09-28-26.jpg
237,316,1385.7506,369.08365,1736.9457,569.81323,cam_3_1690295306_09-28-26.jpg
237,321,1070.9646,220.8522,1374.4218,367.90686,cam_3_1690295306_09-28-26.jpg
237,248,1079.0958,322.09958,1329.3826,586.7626,cam_3_1690295306_09-28-26.jpg
237,222,1076.0502,321.52997,1251.9102,583.3976,cam_3_1690295306_09-28-26.jpg
237,173,2422.4841,407.65692,3091.8916,970.0098,cam_3_1690295306_09-28-26.jpg
237,231,1314.8024,213.51355,1621.2352,328.4403,cam_3_1690295306_09-28-26.jpg
237,310,1388.5004,197.34013,1677.5175,314.3736,cam_3_1690295306_09-28-26.jpg
238,265,2041.9965,413.5566,2507.2478,625.3603,cam_3_1690295381_09-29-41.jpg
238,162,1484.9589,396.71545,1840.4661,596.888,cam_3_1690295381_09-29-41.jpg
238,151,1544.3013,431.69235,1953.0392,648.5288,cam_3_1690295381_09-29-41.jpg
238,156,1187.2678,277.96802,1605.8862,595.5527,cam_3_1690295381_09-29-41.jpg
238,178,428.6677,348.01526,857.30676,645.1328,cam_3_1690295381_09-29-41.jpg
238,289,1951.9052,385.2287,2305.6873,571.85815,cam_3_1690295381_09-29-41.jpg
238,316,1386.4341,372.27826,1733.8193,573.75476,cam_3_1690295381_09-29-41.jpg
238,321,1089.1998,224.78076,1395.3588,419.13004,cam_3_1690295381_09-29-41.jpg
238,323,580.44556,312.4319,974.3851,450.29376,cam_3_1690295381_09-29-41.jpg
238,231,1328.7142,208.43048,1607.9899,327.48007,cam_3_1690295381_09-29-41.jpg
238,201,521.0305,791.7995,1533.644,1437.8762,cam_3_1690295381_09-29-41.jpg
239,265,2082.2568,417.52896,2463.6023,621.0214,cam_3_1690295726_09-35-26.jpg
239,162,1490.5122,403.03665,1829.9938,592.76044,cam_3_1690295726_09-35-26.jpg
239,151,1540.6246,430.63025,1964.8424,650.0883,cam_3_1690295726_09-35-26.jpg
239,178,422.799,361.57608,885.0208,667.7368,cam_3_1690295726_09-35-26.jpg
239,289,1952.0315,384.20248,2309.6926,579.6589,cam_3_1690295726_09-35-26.jpg
239,316,1383.0197,383.5562,1731.7504,580.273,cam_3_1690295726_09-35-26.jpg
239,231,1377.3738,201.2164,1594.542,386.80927,cam_3_1690295726_09-35-26.jpg
239,201,505.4952,661.6181,1365.1117,1218.3372,cam_3_1690295726_09-35-26.jpg
239,303,896.10834,242.68465,1273.0856,502.88028,cam_3_1690295726_09-35-26.jpg
240,265,2113.05,418.4618,2477.022,611.01,cam_3_1690295846_09-37-26.jpg
240,162,1488.9688,402.5802,1832.6274,594.7403,cam_3_1690295846_09-37-26.jpg
240,151,1544.259,429.11038,1964.901,649.6608,cam_3_1690295846_09-37-26.jpg
240,178,429.13437,370.6786,892.0659,686.35956,cam_3_1690295846_09-37-26.jpg
240,289,1954.4795,384.90622,2312.1035,580.3918,cam_3_1690295846_09-37-26.jpg
240,316,1382.1628,386.64835,1731.8494,580.75116,cam_3_1690295846_09-37-26.jpg
240,231,1413.4427,195.64546,1587.2645,404.12796,cam_3_1690295846_09-37-26.jpg
240,201,471.25665,605.22235,1266.556,1130.4725,cam_3_1690295846_09-37-26.jpg
240,190,2232.1436,451.30066,2711.239,656.1116,cam_3_1690295846_09-37-26.jpg
240,323,708.2231,299.321,1022.23724,511.37006,cam_3_1690295846_09-37-26.jpg
241,265,2127.848,419.37775,2489.13,605.97546,cam_3_1690295981_09-39-41.jpg
241,162,1485.7174,403.739,1830.4009,598.77594,cam_3_1690295981_09-39-41.jpg
241,151,1537.3314,430.83655,1962.0732,653.51166,cam_3_1690295981_09-39-41.jpg
241,178,373.53632,430.06317,916.0852,740.0242,cam_3_1690295981_09-39-41.jpg
241,289,1953.7452,384.38654,2315.9224,582.2644,cam_3_1690295981_09-39-41.jpg
241,316,1381.6584,387.33835,1728.4148,581.13434,cam_3_1690295981_09-39-41.jpg
241,231,1412.1931,195.34804,1602.6548,415.70422,cam_3_1690295981_09-39-41.jpg
241,201,497.3409,584.73834,1256.608,1131.6925,cam_3_1690295981_09-39-41.jpg
241,190,2243.8303,451.01633,2715.687,656.2182,cam_3_1690295981_09-39-41.jpg
241,292,410.9183,333.3711,796.57806,555.783,cam_3_1690295981_09-39-41.jpg
242,265,2116.8232,417.92892,2489.095,605.9777,cam_3_1690296026_09-40-26.jpg
242,162,1486.087,403.61346,1830.6038,601.16406,cam_3_1690296026_09-40-26.jpg
242,151,1536.5803,432.17715,1966.0778,655.64044,cam_3_1690296026_09-40-26.jpg
242,178,424.48907,442.6978,934.8676,779.88293,cam_3_1690296026_09-40-26.jpg
242,289,1961.8177,384.87894,2314.139,580.55597,cam_3_1690296026_09-40-26.jpg
242,316,1380.9651,386.21378,1729.1671,580.59717,cam_3_1690296026_09-40-26.jpg
242,231,1411.6417,195.51566,1599.9587,417.27515,cam_3_1690296026_09-40-26.jpg
242,201,384.69412,578.55884,1245.3329,1110.6395,cam_3_1690296026_09-40-26.jpg
242,190,2247.476,451.00482,2715.376,656.455,cam_3_1690296026_09-40-26.jpg
242,292,419.71,334.12866,788.2784,514.276,cam_3_1690296026_09-40-26.jpg
243,265,2119.796,418.1042,2487.2063,602.41547,cam_3_1690296116_09-41-56.jpg
243,162,1488.3369,403.0948,1830.2406,602.6742,cam_3_1690296116_09-41-56.jpg
243,151,1537.7789,431.6018,1962.1453,656.4603,cam_3_1690296116_09-41-56.jpg
243,178,400.08582,461.1654,962.77985,797.732,cam_3_1690296116_09-41-56.jpg
243,289,1952.8782,385.3045,2316.5962,582.17426,cam_3_1690296116_09-41-56.jpg
243,316,1380.5032,388.50735,1727.5311,582.7179,cam_3_1690296116_09-41-56.jpg
243,231,1390.7145,195.0142,1641.1019,421.80048,cam_3_1690296116_09-41-56.jpg
243,201,451.76898,577.8785,1241.1117,1115.4144,cam_3_1690296116_09-41-56.jpg
243,190,2249.8838,449.98587,2715.3364,655.3396,cam_3_1690296116_09-41-56.jpg
243,292,440.7017,336.04834,787.949,480.3455,cam_3_1690296116_09-41-56.jpg
243,327,350.03812,403.93002,886.503,627.6911,cam_3_1690296116_09-41-56.jpg
244,265,2122.164,416.35016,2489.795,599.58136,cam_3_1690296146_09-42-26.jpg
244,162,1486.8655,403.50992,1830.3776,602.55023,cam_3_1690296146_09-42-26.jpg
244,151,1539.5272,434.53238,1940.9465,656.19354,cam_3_1690296146_09-42-26.jpg
244,178,368.4172,466.71198,979.4286,799.6816,cam_3_1690296146_09-42-26.jpg
244,289,1976.8545,383.0252,2328.082,583.8237,cam_3_1690296146_09-42-26.jpg
244,316,1380.8191,389.0305,1733.6116,581.92883,cam_3_1690296146_09-42-26.jpg
244,231,1375.825,195.54222,1662.0449,424.31366,cam_3_1690296146_09-42-26.jpg
244,201,405.97043,582.61365,1251.2814,1112.7144,cam_3_1690296146_09-42-26.jpg
244,190,2253.9353,449.1435,2717.0547,654.4136,cam_3_1690296146_09-42-26.jpg
244,292,431.39908,336.65613,788.90686,535.86273,cam_3_1690296146_09-42-26.jpg
244,327,447.48166,410.36203,891.4007,623.11304,cam_3_1690296146_09-42-26.jpg
244,328,550.92676,411.20056,896.9838,561.5931,cam_3_1690296146_09-42-26.jpg
244,300,454.0083,340.3827,792.0433,504.4204,cam_3_1690296146_09-42-26.jpg
245,265,2136.5208,416.06885,2495.4077,599.0756,cam_3_1690296281_09-44-41.jpg
245,162,1496.6838,378.10974,1807.383,528.54535,cam_3_1690296281_09-44-41.jpg
245,178,416.903,439.9325,975.707,789.0637,cam_3_1690296281_09-44-41.jpg
245,289,1976.8777,384.2071,2324.2642,580.052,cam_3_1690296281_09-44-41.jpg
245,231,1360.5791,197.82384,1673.9645,427.494,cam_3_1690296281_09-44-41.jpg
245,201,481.61673,576.548,1245.9155,1050.4401,cam_3_1690296281_09-44-41.jpg
245,190,2263.4587,449.12094,2717.1738,655.5462,cam_3_1690296281_09-44-41.jpg
245,292,429.13092,334.73276,793.49066,558.0786,cam_3_1690296281_09-44-41.jpg
245,327,449.88287,390.62796,863.8012,638.69,cam_3_1690296281_09-44-41.jpg
245,224,1263.9412,448.46536,1879.645,860.76324,cam_3_1690296281_09-44-41.jpg
246,265,2123.7065,417.52463,2498.6094,603.5763,cam_3_1690296326_09-45-26.jpg
246,162,1486.148,395.85458,1791.0029,578.1142,cam_3_1690296326_09-45-26.jpg
246,178,437.1244,433.253,969.10706,783.84644,cam_3_1690296326_09-45-26.jpg
246,231,1364.9006,199.3914,1676.1625,426.41425,cam_3_1690296326_09-45-26.jpg
246,201,456.2683,577.38745,1237.2571,1024.4084,cam_3_1690296326_09-45-26.jpg
246,190,2265.3547,449.69687,2718.0728,656.25464,cam_3_1690296326_09-45-26.jpg
246,327,388.02307,386.49393,861.3888,626.53955,cam_3_1690296326_09-45-26.jpg
246,224,1453.7045,405.84488,2021.8483,848.1734,cam_3_1690296326_09-45-26.jpg
246,316,1380.3301,388.91177,1725.7744,584.6808,cam_3_1690296326_09-45-26.jpg
246,300,478.31937,337.34573,791.7511,465.8926,cam_3_1690296326_09-45-26.jpg
247,265,2137.0334,417.10422,2496.3335,596.141,cam_3_1690296356_09-45-56.jpg
247,162,1481.8387,399.21387,1789.8453,593.57587,cam_3_1690296356_09-45-56.jpg
247,178,433.41013,429.9277,963.5152,784.93756,cam_3_1690296356_09-45-56.jpg
247,231,1366.6075,199.38234,1683.0923,422.96045,cam_3_1690296356_09-45-56.jpg
247,201,496.13892,575.84576,1236.5978,1022.6276,cam_3_1690296356_09-45-56.jpg
247,190,2262.8433,450.32788,2717.884,657.25854,cam_3_1690296356_09-45-56.jpg
247,224,1544.9523,388.60223,2091.1729,846.62305,cam_3_1690296356_09-45-56.jpg
247,316,1380.1213,387.1235,1721.9696,583.6457,cam_3_1690296356_09-45-56.jpg
247,300,466.9912,336.88736,799.1848,486.65097,cam_3_1690296356_09-45-56.jpg
247,289,2043.5691,386.17215,2324.7795,555.9127,cam_3_1690296356_09-45-56.jpg
247,292,429.38535,333.92444,799.28705,568.63916,cam_3_1690296356_09-45-56.jpg
248,265,2165.9573,412.87143,2497.29,587.6613,cam_3_1690296551_09-49-11.jpg
248,162,1484.2109,398.97812,1814.2211,597.4425,cam_3_1690296551_09-49-11.jpg
248,178,451.37747,425.19415,967.35266,782.2006,cam_3_1690296551_09-49-11.jpg
248,231,1384.6406,200.29352,1690.3682,409.55017,cam_3_1690296551_09-49-11.jpg
248,190,2268.6355,447.63962,2718.1543,653.675,cam_3_1690296551_09-49-11.jpg
248,224,1682.5576,427.92148,2127.993,793.1462,cam_3_1690296551_09-49-11.jpg
248,316,1381.4858,383.23828,1723.8267,579.33044,cam_3_1690296551_09-49-11.jpg
248,289,2059.8945,377.8651,2332.2236,558.8805,cam_3_1690296551_09-49-11.jpg
248,292,427.2269,333.56284,801.7181,591.5732,cam_3_1690296551_09-49-11.jpg
248,271,1711.2604,183.68918,2072.6936,385.85934,cam_3_1690296551_09-49-11.jpg
248,274,1241.5132,212.1923,1419.8722,430.0826,cam_3_1690296551_09-49-11.jpg
248,151,1534.7236,428.2771,1977.8932,650.01624,cam_3_1690296551_09-49-11.jpg
248,327,426.59534,375.19745,857.33856,617.80316,cam_3_1690296551_09-49-11.jpg
249,265,2177.3755,411.49414,2500.2327,585.0998,cam_3_1690296626_09-50-26.jpg
249,162,1477.5735,397.67896,1826.0582,595.8297,cam_3_1690296626_09-50-26.jpg
249,178,452.43076,422.72406,976.295,786.9458,cam_3_1690296626_09-50-26.jpg
249,231,1384.4209,200.26457,1688.0698,361.70197,cam_3_1690296626_09-50-26.jpg
249,190,2274.446,446.1984,2719.9045,652.3333,cam_3_1690296626_09-50-26.jpg
249,224,1734.7716,447.52908,2141.083,769.5929,cam_3_1690296626_09-50-26.jpg
249,289,2059.3462,376.04193,2341.182,558.04126,cam_3_1690296626_09-50-26.jpg
249,292,416.7797,336.90457,794.08856,561.78595,cam_3_1690296626_09-50-26.jpg
249,271,1707.5923,182.79855,2070.488,387.25378,cam_3_1690296626_09-50-26.jpg
249,274,1266.4467,205.80846,1410.2227,387.35663,cam_3_1690296626_09-50-26.jpg
249,151,1526.0154,427.00467,1981.22,648.5211,cam_3_1690296626_09-50-26.jpg
249,327,383.60953,384.9281,860.0175,648.7869,cam_3_1690296626_09-50-26.jpg
249,156,1222.7964,296.75894,1690.809,620.6994,cam_3_1690296626_09-50-26.jpg
250,265,2182.0588,412.13077,2501.8022,586.7334,cam_3_1690296656_09-50-56.jpg
250,162,1474.6833,396.6572,1828.6063,595.732,cam_3_1690296656_09-50-56.jpg
250,178,444.3508,423.9366,975.1878,794.55817,cam_3_1690296656_09-50-56.jpg
250,231,1382.3878,201.03723,1683.1377,339.5277,cam_3_1690296656_09-50-56.jpg
250,190,2274.6533,446.85416,2718.7568,653.1807,cam_3_1690296656_09-50-56.jpg
250,224,1750.9028,452.64307,2144.8186,761.06604,cam_3_1690296656_09-50-56.jpg
250,289,2057.875,374.17123,2337.1968,556.9556,cam_3_1690296656_09-50-56.jpg
250,292,417.13608,341.12888,794.265,591.23145,cam_3_1690296656_09-50-56.jpg
250,271,1705.9662,182.40643,2068.16,389.1377,cam_3_1690296656_09-50-56.jpg
250,274,1223.4855,206.07779,1387.9739,371.1059,cam_3_1690296656_09-50-56.jpg
250,151,1536.0621,426.00085,1982.4447,647.7252,cam_3_1690296656_09-50-56.jpg
250,327,416.76352,383.36948,841.0509,645.075,cam_3_1690296656_09-50-56.jpg
250,156,1228.4199,298.75195,1692.5435,622.08344,cam_3_1690296656_09-50-56.jpg
251,265,2186.5251,411.4263,2502.3662,588.10846,cam_3_1690296716_09-51-56.jpg
251,162,1474.3762,394.7943,1830.0558,597.8893,cam_3_1690296716_09-51-56.jpg
251,178,454.42502,421.65598,978.2633,791.6013,cam_3_1690296716_09-51-56.jpg
251,231,1381.9629,201.4808,1687.9552,336.87906,cam_3_1690296716_09-51-56.jpg
251,190,2279.0293,445.94226,2720.6482,652.8796,cam_3_1690296716_09-51-56.jpg
251,224,1756.9801,472.30118,2139.5564,760.37286,cam_3_1690296716_09-51-56.jpg
251,289,2003.8232,375.53732,2327.8245,564.851,cam_3_1690296716_09-51-56.jpg
251,292,421.95157,342.26526,800.0932,588.75464,cam_3_1690296716_09-51-56.jpg
251,271,1709.1926,183.48671,2067.4048,389.54514,cam_3_1690296716_09-51-56.jpg
251,274,1244.2585,210.91649,1382.4971,363.2331,cam_3_1690296716_09-51-56.jpg
251,151,1533.595,425.29108,1984.2131,648.04486,cam_3_1690296716_09-51-56.jpg
251,327,426.9867,380.28586,853.2811,656.486,cam_3_1690296716_09-51-56.jpg
251,156,1243.7446,297.30655,1702.3593,623.0492,cam_3_1690296716_09-51-56.jpg
252,265,2185.1694,411.3256,2507.1626,586.51074,cam_3_1690296776_09-52-56.jpg
252,162,1475.2705,395.80298,1834.2133,598.22546,cam_3_1690296776_09-52-56.jpg
252,178,442.1485,421.07138,975.31885,791.7017,cam_3_1690296776_09-52-56.jpg
252,231,1378.4083,201.51299,1688.9072,338.18268,cam_3_1690296776_09-52-56.jpg
252,190,2276.794,444.78616,2721.4526,651.4326,cam_3_1690296776_09-52-56.jpg
252,224,1756.4658,483.45255,2136.909,760.9399,cam_3_1690296776_09-52-56.jpg
252,289,1986.7449,374.9886,2326.809,566.11993,cam_3_1690296776_09-52-56.jpg
252,292,432.01434,340.68246,802.2707,583.3545,cam_3_1690296776_09-52-56.jpg
252,271,1711.6117,180.57669,2073.2026,388.19785,cam_3_1690296776_09-52-56.jpg
252,274,1253.8864,212.53345,1375.0387,363.15186,cam_3_1690296776_09-52-56.jpg
252,151,1535.9664,426.14178,1984.3896,647.8544,cam_3_1690296776_09-52-56.jpg
252,327,440.0406,375.25055,839.0384,640.2311,cam_3_1690296776_09-52-56.jpg
252,156,1251.0405,298.8481,1705.4359,622.2754,cam_3_1690296776_09-52-56.jpg
253,265,2184.0432,412.6613,2508.3245,588.6187,cam_3_1690296881_09-54-41.jpg
253,162,1475.2595,394.78583,1831.3274,597.98254,cam_3_1690296881_09-54-41.jpg
253,178,441.37952,420.3198,973.231,780.68085,cam_3_1690296881_09-54-41.jpg
253,231,1381.9839,201.14218,1693.3186,338.95395,cam_3_1690296881_09-54-41.jpg
253,190,2278.9985,444.06473,2720.193,650.15985,cam_3_1690296881_09-54-41.jpg
253,224,1752.8809,470.63773,2138.4058,760.79034,cam_3_1690296881_09-54-41.jpg
253,289,1977.8154,373.87042,2328.152,564.22424,cam_3_1690296881_09-54-41.jpg
253,292,436.1043,339.95013,797.27924,594.56274,cam_3_1690296881_09-54-41.jpg
253,271,1707.5684,183.74245,2073.9275,385.4847,cam_3_1690296881_09-54-41.jpg
253,151,1542.4211,423.50388,1981.4678,648.7294,cam_3_1690296881_09-54-41.jpg
253,327,445.52408,378.76633,834.219,626.48846,cam_3_1690296881_09-54-41.jpg
253,156,1246.4521,301.8642,1695.8546,622.8311,cam_3_1690296881_09-54-41.jpg
254,265,2180.1465,411.4593,2507.882,587.9625,cam_3_1690296926_09-55-26.jpg
254,162,1474.7906,393.6695,1829.2423,598.0475,cam_3_1690296926_09-55-26.jpg
254,178,461.0271,417.0492,996.9707,789.96545,cam_3_1690296926_09-55-26.jpg
254,231,1391.2601,200.52603,1690.7938,335.73755,cam_3_1690296926_09-55-26.jpg
254,190,2280.3774,444.64734,2719.828,650.0868,cam_3_1690296926_09-55-26.jpg
254,224,1752.4017,467.44275,2139.8105,760.3624,cam_3_1690296926_09-55-26.jpg
254,289,1982.1627,373.9769,2324.3281,560.6148,cam_3_1690296926_09-55-26.jpg
254,292,440.20148,345.50897,806.51514,617.8553,cam_3_1690296926_09-55-26.jpg
254,271,1712.5402,183.50447,2075.4976,384.61884,cam_3_1690296926_09-55-26.jpg
254,151,1535.1398,425.12598,1979.5372,647.0865,cam_3_1690296926_09-55-26.jpg
254,327,457.9251,397.59378,850.2919,688.99176,cam_3_1690296926_09-55-26.jpg
254,156,1246.355,298.91324,1693.0204,617.9048,cam_3_1690296926_09-55-26.jpg
254,235,877.9755,244.36603,1215.4247,497.48215,cam_3_1690296926_09-55-26.jpg
255,265,2184.8232,411.4825,2503.4954,585.2323,cam_3_1690296971_09-56-11.jpg
255,162,1475.5018,392.61633,1830.0449,597.5437,cam_3_1690296971_09-56-11.jpg
255,178,402.90686,408.49387,968.8486,779.6202,cam_3_1690296971_09-56-11.jpg
255,231,1387.5051,198.83185,1689.5186,336.82083,cam_3_1690296971_09-56-11.jpg
255,190,2282.186,444.9148,2719.8218,650.05426,cam_3_1690296971_09-56-11.jpg
255,224,1753.8208,485.33273,2134.2832,761.309,cam_3_1690296971_09-56-11.jpg
255,289,1977.6221,375.83136,2324.6387,565.46686,cam_3_1690296971_09-56-11.jpg
255,292,428.76242,342.4973,810.92084,580.69727,cam_3_1690296971_09-56-11.jpg
255,271,1710.686,182.88414,2074.314,382.96765,cam_3_1690296971_09-56-11.jpg
255,151,1536.9731,424.59573,1985.0868,647.78845,cam_3_1690296971_09-56-11.jpg
255,156,1254.4514,302.55463,1690.704,622.64343,cam_3_1690296971_09-56-11.jpg
255,274,1206.5526,225.09224,1349.8022,422.24576,cam_3_1690296971_09-56-11.jpg
256,265,2164.7952,410.8365,2499.949,592.24536,cam_3_1690297256_10-00-56.jpg
256,162,1478.7454,391.41138,1844.1079,599.2647,cam_3_1690297256_10-00-56.jpg
256,178,371.627,404.4002,970.20917,772.9546,cam_3_1690297256_10-00-56.jpg
256,231,1387.3706,202.68379,1704.692,344.37704,cam_3_1690297256_10-00-56.jpg
256,190,2277.592,448.48218,2717.7432,653.9461,cam_3_1690297256_10-00-56.jpg
256,224,1750.9375,467.77457,2138.4932,761.27405,cam_3_1690297256_10-00-56.jpg
256,292,436.56952,342.30853,792.4196,559.63464,cam_3_1690297256_10-00-56.jpg
256,271,1726.656,196.3578,2085.7324,388.7383,cam_3_1690297256_10-00-56.jpg
256,151,1537.5968,425.7885,1980.9832,648.1263,cam_3_1690297256_10-00-56.jpg
256,156,1252.5156,305.76492,1690.3396,623.68317,cam_3_1690297256_10-00-56.jpg
257,265,2147.3198,412.49677,2495.9255,596.67175,cam_3_1690297331_10-02-11.jpg
257,162,1481.4813,390.52063,1843.9926,596.5582,cam_3_1690297331_10-02-11.jpg
257,178,415.6447,412.5217,973.1276,822.7618,cam_3_1690297331_10-02-11.jpg
257,231,1378.2212,205.24059,1698.3685,347.27234,cam_3_1690297331_10-02-11.jpg
257,190,2260.7876,448.25357,2716.2769,653.2559,cam_3_1690297331_10-02-11.jpg
257,224,1748.3439,461.88916,2148.1636,761.4222,cam_3_1690297331_10-02-11.jpg
257,292,395.76978,342.35132,788.179,559.99945,cam_3_1690297331_10-02-11.jpg
257,271,1731.2987,200.26486,2098.9546,390.17697,cam_3_1690297331_10-02-11.jpg
257,151,1537.6235,426.5221,1971.0903,647.3808,cam_3_1690297331_10-02-11.jpg
257,156,1250.3364,307.31564,1682.8881,623.2805,cam_3_1690297331_10-02-11.jpg
257,333,2069.5737,187.02657,2262.8928,417.93552,cam_3_1690297331_10-02-11.jpg
257,289,1950.7943,377.99823,2303.775,558.09326,cam_3_1690297331_10-02-11.jpg
258,265,2133.9275,416.09308,2497.7527,601.605,cam_3_1690297376_10-02-56.jpg
258,162,1481.0166,390.33585,1834.095,594.8627,cam_3_1690297376_10-02-56.jpg
258,178,351.03412,414.73053,979.9555,812.9697,cam_3_1690297376_10-02-56.jpg
258,231,1387.8177,203.50938,1696.3378,342.31015,cam_3_1690297376_10-02-56.jpg
258,190,2281.1277,448.43143,2717.077,650.2514,cam_3_1690297376_10-02-56.jpg
258,224,1748.7827,456.15045,2152.5469,760.29126,cam_3_1690297376_10-02-56.jpg
258,271,1772.837,199.99641,2116.7632,386.9709,cam_3_1690297376_10-02-56.jpg
258,151,1541.4739,428.70276,1977.0214,647.2819,cam_3_1690297376_10-02-56.jpg
258,156,1250.1946,306.4539,1683.0112,623.3927,cam_3_1690297376_10-02-56.jpg
258,333,2023.1995,203.87206,2302.272,432.2225,cam_3_1690297376_10-02-56.jpg
258,289,1965.8048,375.54654,2306.011,550.7697,cam_3_1690297376_10-02-56.jpg
258,300,543.06586,348.2418,780.09106,517.1681,cam_3_1690297376_10-02-56.jpg
259,265,2132.2449,413.59637,2482.6108,586.5684,cam_3_1690297421_10-03-41.jpg
259,162,1478.6018,392.6994,1830.7655,598.4356,cam_3_1690297421_10-03-41.jpg
259,178,381.2764,418.6367,981.17236,821.5095,cam_3_1690297421_10-03-41.jpg
259,231,1395.4193,204.06255,1704.2314,341.4427,cam_3_1690297421_10-03-41.jpg
259,190,2262.6948,449.06522,2717.5388,650.9759,cam_3_1690297421_10-03-41.jpg
259,224,1746.6056,450.21622,2147.7312,760.36194,cam_3_1690297421_10-03-41.jpg
259,271,1762.8845,200.2804,2126.8662,385.84845,cam_3_1690297421_10-03-41.jpg
259,151,1534.4391,426.7289,1977.4778,647.7477,cam_3_1690297421_10-03-41.jpg
259,156,1249.3291,303.38632,1688.6903,623.00665,cam_3_1690297421_10-03-41.jpg
259,289,1954.6333,377.6607,2294.203,546.29663,cam_3_1690297421_10-03-41.jpg
259,334,2273.0386,180.80402,2647.757,422.26825,cam_3_1690297421_10-03-41.jpg
259,300,557.9023,351.0149,774.33575,512.42053,cam_3_1690297421_10-03-41.jpg
260,265,2139.9187,411.50662,2488.5925,585.4186,cam_3_1690297556_10-05-56.jpg
260,162,1480.7795,393.21957,1821.256,599.3591,cam_3_1690297556_10-05-56.jpg
260,231,1413.5995,202.31213,1721.7571,341.89972,cam_3_1690297556_10-05-56.jpg
260,190,2257.0347,449.3406,2718.2317,652.9752,cam_3_1690297556_10-05-56.jpg
260,224,1748.1128,468.93845,2140.1443,760.9683,cam_3_1690297556_10-05-56.jpg
260,271,1793.8939,196.6481,2140.4702,385.18875,cam_3_1690297556_10-05-56.jpg
260,151,1534.0764,426.41852,1979.9225,647.66925,cam_3_1690297556_10-05-56.jpg
260,156,1270.6924,307.28522,1664.1084,622.72144,cam_3_1690297556_10-05-56.jpg
260,289,1953.8376,379.77686,2293.683,558.07074,cam_3_1690297556_10-05-56.jpg
260,303,913.6887,370.42358,1345.5862,651.987,cam_3_1690297556_10-05-56.jpg
260,235,1004.5013,221.27016,1306.5745,402.21918,cam_3_1690297556_10-05-56.jpg
260,333,2064.396,156.476,2362.6216,378.39914,cam_3_1690297556_10-05-56.jpg
261,265,2139.637,410.62894,2491.67,583.9264,cam_3_1690297601_10-06-41.jpg
261,162,1484.9679,391.6324,1821.717,600.5066,cam_3_1690297601_10-06-41.jpg
261,231,1413.3538,202.02048,1726.7345,340.60028,cam_3_1690297601_10-06-41.jpg
261,190,2262.3638,449.91656,2719.0537,654.0514,cam_3_1690297601_10-06-41.jpg
261,224,1745.2429,471.19656,2140.4019,761.51355,cam_3_1690297601_10-06-41.jpg
261,271,1799.2979,196.4387,2138.0679,384.44247,cam_3_1690297601_10-06-41.jpg
261,151,1530.4847,424.76764,1984.7595,648.4472,cam_3_1690297601_10-06-41.jpg
261,156,1278.7687,304.73242,1674.0452,624.7339,cam_3_1690297601_10-06-41.jpg
261,289,1954.0077,380.5847,2292.7893,560.9953,cam_3_1690297601_10-06-41.jpg
261,303,919.77106,369.14575,1345.1062,653.3512,cam_3_1690297601_10-06-41.jpg
261,235,1014.3484,219.40063,1319.4618,391.97107,cam_3_1690297601_10-06-41.jpg
261,333,2063.7222,147.9849,2365.2073,370.33765,cam_3_1690297601_10-06-41.jpg
262,265,2132.3984,408.7272,2493.8042,583.05963,cam_3_1690297646_10-07-26.jpg
262,162,1486.2723,394.29773,1833.888,602.8714,cam_3_1690297646_10-07-26.jpg
262,231,1408.469,200.13641,1728.6498,345.3427,cam_3_1690297646_10-07-26.jpg
262,190,2256.0273,449.70312,2721.4485,655.0479,cam_3_1690297646_10-07-26.jpg
262,224,1745.82,470.65918,2134.3748,760.92316,cam_3_1690297646_10-07-26.jpg
262,271,1800.1948,194.84152,2141.846,383.88797,cam_3_1690297646_10-07-26.jpg
262,151,1532.4177,425.44083,1983.3903,649.29095,cam_3_1690297646_10-07-26.jpg
262,156,1283.4401,306.9542,1675.556,626.2584,cam_3_1690297646_10-07-26.jpg
262,289,1963.6473,378.4355,2304.9116,558.69257,cam_3_1690297646_10-07-26.jpg
262,303,918.19586,372.03198,1348.6935,652.7945,cam_3_1690297646_10-07-26.jpg
262,235,1018.4171,220.75117,1320.7058,393.35825,cam_3_1690297646_10-07-26.jpg
263,265,2133.8733,407.1623,2492.6572,580.50183,cam_3_1690297736_10-08-56.jpg
263,162,1483.9652,392.6703,1832.6017,602.24414,cam_3_1690297736_10-08-56.jpg
263,231,1357.7872,205.22853,1694.1049,351.22778,cam_3_1690297736_10-08-56.jpg
263,190,2257.3296,451.23322,2718.2922,654.13275,cam_3_1690297736_10-08-56.jpg
263,224,1746.4795,453.89017,2147.8694,760.3987,cam_3_1690297736_10-08-56.jpg
263,271,1794.631,196.30568,2142.7651,386.26962,cam_3_1690297736_10-08-56.jpg
263,151,1532.0566,425.95074,1977.4132,649.0333,cam_3_1690297736_10-08-56.jpg
263,156,1286.5077,308.58597,1664.6166,627.56635,cam_3_1690297736_10-08-56.jpg
263,289,1968.4917,377.9063,2308.5515,550.6046,cam_3_1690297736_10-08-56.jpg
263,303,917.0666,370.1829,1342.841,654.19806,cam_3_1690297736_10-08-56.jpg
263,235,1013.3656,215.9181,1321.1493,387.81046,cam_3_1690297736_10-08-56.jpg
264,265,2143.665,410.55835,2494.3838,586.89703,cam_3_1690297796_10-09-56.jpg
264,162,1483.1859,390.09488,1825.268,602.75745,cam_3_1690297796_10-09-56.jpg
264,231,1346.9598,202.26674,1683.7628,354.31778,cam_3_1690297796_10-09-56.jpg
264,190,2258.5247,452.07187,2716.9575,653.3327,cam_3_1690297796_10-09-56.jpg
264,224,1745.5083,450.4889,2153.1382,760.3399,cam_3_1690297796_10-09-56.jpg
264,271,1788.8468,196.62807,2110.899,373.28705,cam_3_1690297796_10-09-56.jpg
264,151,1530.7448,423.73175,1981.0891,649.202,cam_3_1690297796_10-09-56.jpg
264,156,1289.7911,306.6936,1658.728,627.9019,cam_3_1690297796_10-09-56.jpg
264,289,1965.0029,379.87238,2320.3616,556.13245,cam_3_1690297796_10-09-56.jpg
264,303,917.2488,370.5713,1341.688,654.3733,cam_3_1690297796_10-09-56.jpg
264,333,2104.291,172.77489,2309.1875,376.58264,cam_3_1690297796_10-09-56.jpg
265,265,2152.938,414.49716,2492.4602,594.81604,cam_3_1690297886_10-11-26.jpg
265,162,1484.1411,390.20874,1822.5656,601.27344,cam_3_1690297886_10-11-26.jpg
265,231,1334.1508,203.94565,1666.6898,351.5588,cam_3_1690297886_10-11-26.jpg
265,190,2266.4346,449.99036,2715.7913,650.5053,cam_3_1690297886_10-11-26.jpg
265,224,1745.6793,452.7406,2149.2288,759.8508,cam_3_1690297886_10-11-26.jpg
265,271,1759.8652,198.90718,2075.2754,375.30847,cam_3_1690297886_10-11-26.jpg
265,151,1531.125,425.8591,1980.1216,648.80475,cam_3_1690297886_10-11-26.jpg
265,156,1287.1458,305.87363,1655.8806,628.34265,cam_3_1690297886_10-11-26.jpg
265,289,1964.2019,379.14743,2321.7817,559.4421,cam_3_1690297886_10-11-26.jpg
265,303,915.7168,370.1412,1333.6755,653.9146,cam_3_1690297886_10-11-26.jpg
265,333,2055.922,180.57602,2291.2722,382.77594,cam_3_1690297886_10-11-26.jpg
266,265,2143.499,412.45016,2491.2415,595.2723,cam_3_1690297931_10-12-11.jpg
266,162,1477.3337,390.77057,1827.5844,600.9377,cam_3_1690297931_10-12-11.jpg
266,231,1355.4728,202.63962,1674.901,340.27814,cam_3_1690297931_10-12-11.jpg
266,190,2256.0212,448.95526,2716.8909,652.21625,cam_3_1690297931_10-12-11.jpg
266,224,1746.3705,454.5825,2150.159,758.9598,cam_3_1690297931_10-12-11.jpg
266,271,1742.7913,204.84589,2066.0,377.0056,cam_3_1690297931_10-12-11.jpg
266,151,1540.3169,424.973,1977.1163,647.25226,cam_3_1690297931_10-12-11.jpg
266,156,1284.7795,304.56546,1674.5217,627.5642,cam_3_1690297931_10-12-11.jpg
266,289,1954.0353,379.1984,2313.9365,561.60095,cam_3_1690297931_10-12-11.jpg
266,303,910.49756,366.5833,1334.9023,654.928,cam_3_1690297931_10-12-11.jpg
267,265,2138.8877,409.91452,2491.8838,589.5578,cam_3_1690297991_10-13-11.jpg
267,162,1476.0559,392.3111,1828.3389,601.606,cam_3_1690297991_10-13-11.jpg
267,231,1332.8478,203.18222,1647.6091,356.58496,cam_3_1690297991_10-13-11.jpg
267,190,2253.5806,448.85284,2718.3386,652.34424,cam_3_1690297991_10-13-11.jpg
267,224,1744.7764,446.80444,2145.687,759.634,cam_3_1690297991_10-13-11.jpg
267,271,1723.666,204.70044,2076.8171,375.9329,cam_3_1690297991_10-13-11.jpg
267,151,1535.4171,424.95807,1972.4938,648.7904,cam_3_1690297991_10-13-11.jpg
267,156,1273.1345,311.0762,1637.017,631.8889,cam_3_1690297991_10-13-11.jpg
267,289,1942.1034,378.53333,2312.2637,556.74445,cam_3_1690297991_10-13-11.jpg
267,303,906.7773,365.9869,1310.3569,653.5741,cam_3_1690297991_10-13-11.jpg
268,265,2170.098,410.95462,2495.3257,590.11755,cam_3_1690298111_10-15-11.jpg
268,162,1480.646,393.1675,1830.391,602.17926,cam_3_1690298111_10-15-11.jpg
268,231,1348.8108,202.09702,1669.479,360.7144,cam_3_1690298111_10-15-11.jpg
268,190,2260.8682,449.5834,2717.9302,652.84,cam_3_1690298111_10-15-11.jpg
268,224,1744.1497,451.8868,2145.8904,760.3805,cam_3_1690298111_10-15-11.jpg
268,271,1755.2982,201.79402,2101.8035,370.95392,cam_3_1690298111_10-15-11.jpg
268,151,1545.6829,424.25388,1976.6853,650.2663,cam_3_1690298111_10-15-11.jpg
268,156,1266.79,308.5695,1610.8828,633.9105,cam_3_1690298111_10-15-11.jpg
268,289,1950.8203,378.60822,2317.5952,565.446,cam_3_1690298111_10-15-11.jpg
268,303,912.3014,362.079,1306.5336,652.90466,cam_3_1690298111_10-15-11.jpg
268,292,441.9713,333.69754,826.24854,620.70154,cam_3_1690298111_10-15-11.jpg
269,265,2181.237,411.22894,2500.3748,589.5521,cam_3_1690298126_10-15-26.jpg
269,162,1479.041,393.04373,1831.0762,603.6561,cam_3_1690298126_10-15-26.jpg
269,231,1355.3185,202.43636,1685.8711,362.83316,cam_3_1690298126_10-15-26.jpg
269,190,2277.669,448.3413,2718.938,653.27344,cam_3_1690298126_10-15-26.jpg
269,224,1745.1664,452.3385,2147.288,760.1972,cam_3_1690298126_10-15-26.jpg
269,271,1791.476,201.28091,2113.0735,374.27698,cam_3_1690298126_10-15-26.jpg
269,151,1536.8105,424.09808,1979.0902,650.6208,cam_3_1690298126_10-15-26.jpg
269,156,1266.8322,309.52454,1605.448,633.82745,cam_3_1690298126_10-15-26.jpg
269,289,1957.7301,378.31485,2318.0835,567.1846,cam_3_1690298126_10-15-26.jpg
269,303,914.3035,362.78607,1300.0498,652.6654,cam_3_1690298126_10-15-26.jpg
269,292,378.06107,333.081,825.4848,615.5286,cam_3_1690298126_10-15-26.jpg
270,265,2166.0564,410.7905,2496.9348,596.50336,cam_3_1690298171_10-16-11.jpg
270,162,1475.2584,394.84363,1823.4048,601.2841,cam_3_1690298171_10-16-11.jpg
270,231,1358.758,202.5159,1666.8229,362.83762,cam_3_1690298171_10-16-11.jpg
270,190,2275.2378,448.27875,2717.5242,653.5259,cam_3_1690298171_10-16-11.jpg
270,224,1745.0046,452.91367,2152.4133,760.4861,cam_3_1690298171_10-16-11.jpg
270,271,1769.0032,199.94606,2119.4753,376.08524,cam_3_1690298171_10-16-11.jpg
270,151,1534.6852,424.86218,1977.5204,649.22833,cam_3_1690298171_10-16-11.jpg
270,156,1263.711,310.6962,1605.0541,636.37115,cam_3_1690298171_10-16-11.jpg
270,289,1961.9805,378.81357,2314.3235,560.3605,cam_3_1690298171_10-16-11.jpg
270,303,911.2874,361.05505,1295.2716,652.59265,cam_3_1690298171_10-16-11.jpg
270,292,413.2864,333.51224,825.609,624.74036,cam_3_1690298171_10-16-11.jpg
271,265,2142.2412,412.27087,2496.0015,596.0812,cam_3_1690298321_10-18-41.jpg
271,162,1474.3407,395.17093,1829.4537,601.853,cam_3_1690298321_10-18-41.jpg
271,231,1389.861,201.71988,1710.2881,356.21985,cam_3_1690298321_10-18-41.jpg
271,190,2264.1985,450.47107,2716.708,654.0137,cam_3_1690298321_10-18-41.jpg
271,224,1744.328,456.3102,2149.8755,760.5487,cam_3_1690298321_10-18-41.jpg
271,151,1533.2837,426.5752,1975.7946,648.7287,cam_3_1690298321_10-18-41.jpg
271,156,1269.9432,306.70346,1602.2966,637.04156,cam_3_1690298321_10-18-41.jpg
271,289,1953.5692,380.94684,2314.6423,558.4372,cam_3_1690298321_10-18-41.jpg
271,303,919.55444,360.8015,1303.0148,651.3257,cam_3_1690298321_10-18-41.jpg
271,292,454.49393,339.04987,822.06976,627.5953,cam_3_1690298321_10-18-41.jpg
271,333,1997.1975,187.22774,2207.3167,375.54712,cam_3_1690298321_10-18-41.jpg
272,265,2143.0847,408.11722,2495.6846,591.9984,cam_3_1690298351_10-19-11.jpg
272,162,1479.3596,395.1176,1831.0865,598.5506,cam_3_1690298351_10-19-11.jpg
272,231,1403.9688,199.76001,1724.9951,355.0454,cam_3_1690298351_10-19-11.jpg
272,190,2267.297,449.74887,2716.112,652.79626,cam_3_1690298351_10-19-11.jpg
272,224,1744.2974,453.29504,2148.6987,758.0015,cam_3_1690298351_10-19-11.jpg
272,151,1535.6406,425.28723,1980.3026,648.4179,cam_3_1690298351_10-19-11.jpg
272,156,1201.8234,315.80786,1516.0219,655.79376,cam_3_1690298351_10-19-11.jpg
272,289,2041.1687,377.53256,2348.1514,553.99896,cam_3_1690298351_10-19-11.jpg
272,303,921.6495,358.4592,1253.5,651.94324,cam_3_1690298351_10-19-11.jpg
272,292,449.1962,341.27188,816.48267,638.2262,cam_3_1690298351_10-19-11.jpg
272,271,1790.3549,212.51921,2146.8674,386.65768,cam_3_1690298351_10-19-11.jpg
273,265,2135.1,412.00415,2497.9429,602.8035,cam_3_1690298666_10-24-26.jpg
273,162,1482.6335,397.52686,1826.2976,597.39014,cam_3_1690298666_10-24-26.jpg
273,231,1416.3422,200.10783,1732.4963,345.7743,cam_3_1690298666_10-24-26.jpg
273,190,2261.877,451.44513,2715.7964,652.24036,cam_3_1690298666_10-24-26.jpg
273,224,1742.604,453.45636,2139.245,757.9834,cam_3_1690298666_10-24-26.jpg
273,151,1538.6283,425.11713,1974.18,646.43085,cam_3_1690298666_10-24-26.jpg
273,156,1230.3236,306.79968,1586.8917,633.7817,cam_3_1690298666_10-24-26.jpg
273,289,1985.616,381.28845,2328.332,557.9379,cam_3_1690298666_10-24-26.jpg
273,292,404.81442,335.68228,843.83875,627.7583,cam_3_1690298666_10-24-26.jpg
273,271,1839.7928,215.1624,2166.4224,376.09415,cam_3_1690298666_10-24-26.jpg
273,178,493.07913,534.1454,1142.0626,984.31934,cam_3_1690298666_10-24-26.jpg
274,265,2134.499,413.3891,2499.7,598.7564,cam_3_1690298681_10-24-41.jpg
274,162,1486.452,401.27902,1825.1302,596.4373,cam_3_1690298681_10-24-41.jpg
274,231,1427.0774,201.8221,1734.5569,338.22528,cam_3_1690298681_10-24-41.jpg
274,190,2252.7544,451.60486,2715.5747,651.94257,cam_3_1690298681_10-24-41.jpg
274,224,1743.1576,453.61774,2138.618,758.75806,cam_3_1690298681_10-24-41.jpg
274,151,1545.686,424.15894,1977.0349,644.935,cam_3_1690298681_10-24-41.jpg
274,156,1251.0187,307.11816,1649.0302,626.0041,cam_3_1690298681_10-24-41.jpg
274,289,1967.7402,383.1506,2322.5789,558.1349,cam_3_1690298681_10-24-41.jpg
274,292,501.3446,336.93082,861.321,623.1545,cam_3_1690298681_10-24-41.jpg
274,271,1852.0328,217.57814,2174.2405,374.21347,cam_3_1690298681_10-24-41.jpg
274,336,636.3672,932.3087,1711.4824,1747.7509,cam_3_1690298681_10-24-41.jpg
274,178,494.3474,542.45465,1124.9318,989.33514,cam_3_1690298681_10-24-41.jpg
275,265,2167.8357,415.0032,2505.8496,585.7969,cam_3_1690298891_10-28-11.jpg
275,162,1485.4319,400.84055,1834.2471,597.1276,cam_3_1690298891_10-28-11.jpg
275,231,1440.2241,196.98907,1744.3677,340.00156,cam_3_1690298891_10-28-11.jpg
275,190,2258.3076,451.5016,2715.669,651.9498,cam_3_1690298891_10-28-11.jpg
275,224,1742.8031,453.63257,2139.433,757.0381,cam_3_1690298891_10-28-11.jpg
275,151,1550.5112,432.91922,1978.2238,646.21735,cam_3_1690298891_10-28-11.jpg
275,156,1271.6158,336.54272,1624.6412,565.193,cam_3_1690298891_10-28-11.jpg
275,292,419.48022,346.72574,854.9664,620.077,cam_3_1690298891_10-28-11.jpg
275,271,1834.5314,217.8848,2166.585,377.0992,cam_3_1690298891_10-28-11.jpg
275,336,468.27808,983.1766,1671.5642,1772.7709,cam_3_1690298891_10-28-11.jpg
275,178,494.0895,538.9521,1135.3485,999.67,cam_3_1690298891_10-28-11.jpg
275,316,1370.8599,372.93344,1745.6349,574.4207,cam_3_1690298891_10-28-11.jpg
276,265,2180.608,414.58496,2509.8372,582.42725,cam_3_1690299071_10-31-11.jpg
276,162,1485.4017,401.58618,1834.9731,598.95325,cam_3_1690299071_10-31-11.jpg
276,231,1462.0754,196.10983,1757.5139,336.98062,cam_3_1690299071_10-31-11.jpg
276,190,2257.281,452.01947,2715.1775,651.6087,cam_3_1690299071_10-31-11.jpg
276,224,1742.8446,455.49893,2141.0442,756.561,cam_3_1690299071_10-31-11.jpg
276,151,1544.5242,431.53665,1982.7638,647.0171,cam_3_1690299071_10-31-11.jpg
276,156,1279.837,352.61334,1618.7368,542.70105,cam_3_1690299071_10-31-11.jpg
276,292,451.78528,357.88666,849.70514,624.3336,cam_3_1690299071_10-31-11.jpg
276,271,1840.5735,220.71083,2159.0679,376.88052,cam_3_1690299071_10-31-11.jpg
276,336,553.3103,909.47296,1721.0404,1752.4883,cam_3_1690299071_10-31-11.jpg
276,178,494.032,537.0055,1130.9504,1019.36554,cam_3_1690299071_10-31-11.jpg
276,337,2020.3827,244.36787,2438.682,452.04388,cam_3_1690299071_10-31-11.jpg
276,316,1371.5504,377.0518,1737.6306,577.0827,cam_3_1690299071_10-31-11.jpg
277,265,2154.746,413.22983,2510.255,584.4652,cam_3_1690299176_10-32-56.jpg
277,162,1484.6746,400.2016,1832.0308,598.1531,cam_3_1690299176_10-32-56.jpg
277,231,1470.2434,195.82306,1758.1273,333.4582,cam_3_1690299176_10-32-56.jpg
277,190,2267.2595,450.25305,2715.3809,649.2638,cam_3_1690299176_10-32-56.jpg
277,224,1744.8169,451.37967,2143.6453,757.51917,cam_3_1690299176_10-32-56.jpg
277,151,1540.6237,430.88388,1982.7125,646.26624,cam_3_1690299176_10-32-56.jpg
277,156,1287.508,352.03546,1608.6986,520.0019,cam_3_1690299176_10-32-56.jpg
277,292,455.96225,368.33438,837.7552,650.7623,cam_3_1690299176_10-32-56.jpg
277,271,1852.7427,221.26941,2151.8528,375.47397,cam_3_1690299176_10-32-56.jpg
277,336,740.6087,992.64886,1730.3966,2147.7402,cam_3_1690299176_10-32-56.jpg
277,178,412.90366,530.28064,1150.1132,992.27997,cam_3_1690299176_10-32-56.jpg
277,337,2020.6466,243.95303,2435.9907,444.37595,cam_3_1690299176_10-32-56.jpg
277,316,1371.0549,378.9195,1734.2026,575.62476,cam_3_1690299176_10-32-56.jpg
278,265,2155.9397,412.38562,2503.7927,584.48083,cam_3_1690299506_10-38-26.jpg
278,162,1502.4738,399.16028,1829.1401,591.73975,cam_3_1690299506_10-38-26.jpg
278,231,1454.6868,198.98259,1755.6943,335.03,cam_3_1690299506_10-38-26.jpg
278,190,2280.8738,448.72723,2718.085,648.22095,cam_3_1690299506_10-38-26.jpg
278,224,1745.9384,450.9859,2145.3652,758.3127,cam_3_1690299506_10-38-26.jpg
278,151,1539.9211,426.96292,1982.5142,647.74023,cam_3_1690299506_10-38-26.jpg
278,156,1305.4424,311.7434,1643.555,496.21558,cam_3_1690299506_10-38-26.jpg
278,292,416.38,346.61945,825.7791,621.77637,cam_3_1690299506_10-38-26.jpg
278,178,373.39505,526.63635,1143.7374,933.1632,cam_3_1690299506_10-38-26.jpg
278,303,1049.0076,301.1895,1324.7015,589.79224,cam_3_1690299506_10-38-26.jpg
278,289,1994.2522,371.61096,2325.851,527.8705,cam_3_1690299506_10-38-26.jpg
279,265,2157.5244,413.43198,2501.8425,587.48364,cam_3_1690299581_10-39-41.jpg
279,231,1484.128,192.06963,1774.7039,342.0728,cam_3_1690299581_10-39-41.jpg
279,190,2284.519,448.03552,2715.3438,646.9506,cam_3_1690299581_10-39-41.jpg
279,224,1741.0056,450.53934,2145.6575,759.2509,cam_3_1690299581_10-39-41.jpg
279,151,1407.8379,396.89667,1971.7292,734.25195,cam_3_1690299581_10-39-41.jpg
279,292,415.57013,338.64557,818.3459,622.8089,cam_3_1690299581_10-39-41.jpg
279,178,357.97693,525.5323,1153.0355,914.64374,cam_3_1690299581_10-39-41.jpg
279,338,554.95386,832.7518,1450.1201,1385.0411,cam_3_1690299581_10-39-41.jpg
279,303,1077.6191,292.06735,1334.0679,577.2275,cam_3_1690299581_10-39-41.jpg
279,289,1999.5802,375.04785,2322.7986,534.416,cam_3_1690299581_10-39-41.jpg
280,265,2153.874,415.87296,2498.8953,591.3001,cam_3_1690299731_10-42-11.jpg
280,190,2273.7224,448.77698,2716.6797,648.2885,cam_3_1690299731_10-42-11.jpg
280,224,1742.9375,453.05112,2147.637,760.18604,cam_3_1690299731_10-42-11.jpg
280,151,1398.6805,375.97507,1982.1478,765.27264,cam_3_1690299731_10-42-11.jpg
280,292,380.0966,338.14667,825.0751,608.36536,cam_3_1690299731_10-42-11.jpg
280,178,407.37964,521.8502,1159.3306,945.4517,cam_3_1690299731_10-42-11.jpg
280,338,964.5442,751.9955,1434.5043,1370.5997,cam_3_1690299731_10-42-11.jpg
280,303,1123.2454,244.3968,1363.5603,497.35037,cam_3_1690299731_10-42-11.jpg
280,289,1994.6832,378.2513,2322.2666,538.3294,cam_3_1690299731_10-42-11.jpg
280,333,1927.751,191.19716,2083.5857,357.45987,cam_3_1690299731_10-42-11.jpg
280,316,1364.7253,373.4169,1662.2539,558.1643,cam_3_1690299731_10-42-11.jpg
281,265,2153.8909,414.6355,2499.928,588.06323,cam_3_1690299746_10-42-26.jpg
281,190,2269.184,448.63193,2716.7793,648.8566,cam_3_1690299746_10-42-26.jpg
281,224,1853.4147,455.1295,2146.3545,717.45935,cam_3_1690299746_10-42-26.jpg
281,151,1408.2766,363.0608,1991.283,715.1467,cam_3_1690299746_10-42-26.jpg
281,292,395.0222,336.52557,821.3758,624.9423,cam_3_1690299746_10-42-26.jpg
281,178,551.7116,531.4942,1199.2576,928.28345,cam_3_1690299746_10-42-26.jpg
281,303,1137.2606,226.36044,1349.4767,467.21848,cam_3_1690299746_10-42-26.jpg
281,289,1999.9645,379.89462,2322.501,541.1825,cam_3_1690299746_10-42-26.jpg
281,333,1930.451,184.15633,2081.2114,362.7134,cam_3_1690299746_10-42-26.jpg
281,316,1365.2084,374.99207,1647.2151,554.6555,cam_3_1690299746_10-42-26.jpg
282,265,2155.38,414.3453,2499.014,596.3709,cam_3_1690299776_10-42-56.jpg
282,190,2271.8364,448.3256,2717.7854,649.39526,cam_3_1690299776_10-42-56.jpg
282,224,1893.898,466.46613,2169.2827,715.58875,cam_3_1690299776_10-42-56.jpg
282,151,1413.4856,358.29306,2004.1051,707.80115,cam_3_1690299776_10-42-56.jpg
282,292,367.6354,336.07217,826.7913,620.371,cam_3_1690299776_10-42-56.jpg
282,303,1135.1924,218.08748,1330.0165,452.49454,cam_3_1690299776_10-42-56.jpg
282,289,1999.9532,380.07944,2321.624,544.6049,cam_3_1690299776_10-42-56.jpg
282,333,1885.4663,171.14937,2074.213,351.08624,cam_3_1690299776_10-42-56.jpg
282,341,1450.1708,546.8239,1991.4048,1059.5208,cam_3_1690299776_10-42-56.jpg
282,156,1234.1323,241.38539,1546.4138,493.04388,cam_3_1690299776_10-42-56.jpg
283,265,2150.8647,412.9709,2493.0708,596.3225,cam_3_1690299911_10-45-11.jpg
283,190,2291.048,448.22556,2718.6719,648.0269,cam_3_1690299911_10-45-11.jpg
283,224,1788.6937,455.8764,2148.2625,745.8127,cam_3_1690299911_10-45-11.jpg
283,151,1406.9619,361.07874,1985.1136,758.7762,cam_3_1690299911_10-45-11.jpg
283,292,401.3321,342.29773,819.999,633.2838,cam_3_1690299911_10-45-11.jpg
283,303,1051.6178,227.69759,1296.5793,426.9769,cam_3_1690299911_10-45-11.jpg
283,289,1990.1449,375.82962,2326.674,551.4894,cam_3_1690299911_10-45-11.jpg
283,156,1175.6942,262.8393,1477.6979,559.87213,cam_3_1690299911_10-45-11.jpg
283,271,1925.0641,180.71732,2278.858,371.5777,cam_3_1690299911_10-45-11.jpg
283,316,1365.3608,365.19592,1659.0039,548.00525,cam_3_1690299911_10-45-11.jpg
284,265,2150.466,411.5477,2494.3022,594.88617,cam_3_1690299941_10-45-41.jpg
284,190,2296.8762,447.4396,2719.1406,647.34186,cam_3_1690299941_10-45-41.jpg
284,224,1758.0652,455.17914,2144.674,755.17175,cam_3_1690299941_10-45-41.jpg
284,151,1403.8085,361.06152,1989.8287,783.1235,cam_3_1690299941_10-45-41.jpg
284,292,407.8274,347.07513,835.88116,638.1044,cam_3_1690299941_10-45-41.jpg
284,303,1013.24414,228.28311,1288.0613,443.9226,cam_3_1690299941_10-45-41.jpg
284,289,1984.9138,374.3608,2324.7197,547.8827,cam_3_1690299941_10-45-41.jpg
284,156,1227.0159,271.37827,1570.962,543.0053,cam_3_1690299941_10-45-41.jpg
284,271,1926.5283,174.88857,2289.508,370.93768,cam_3_1690299941_10-45-41.jpg
284,316,1366.988,363.17783,1668.786,555.489,cam_3_1690299941_10-45-41.jpg
285,265,2149.5369,412.6805,2493.614,595.59265,cam_3_1690299956_10-45-56.jpg
285,190,2296.1887,447.90897,2721.3403,647.40594,cam_3_1690299956_10-45-56.jpg
285,224,1745.571,455.48087,2139.024,759.6066,cam_3_1690299956_10-45-56.jpg
285,151,1404.7649,359.94254,1993.0438,791.9485,cam_3_1690299956_10-45-56.jpg
285,292,406.6722,347.92435,834.54736,643.24896,cam_3_1690299956_10-45-56.jpg
285,303,1031.4924,230.73634,1292.7515,451.3141,cam_3_1690299956_10-45-56.jpg
285,289,1986.6757,373.48624,2330.115,548.0092,cam_3_1690299956_10-45-56.jpg
285,271,1927.2695,172.62935,2291.8296,370.64453,cam_3_1690299956_10-45-56.jpg
285,316,1350.4083,357.22147,1622.3638,530.9595,cam_3_1690299956_10-45-56.jpg
285,344,1349.6393,197.29369,1498.2151,369.88574,cam_3_1690299956_10-45-56.jpg
286,265,2149.7878,412.08365,2491.9326,600.7497,cam_3_1690299986_10-46-26.jpg
286,190,2302.2617,447.30923,2721.4868,646.41754,cam_3_1690299986_10-46-26.jpg
286,224,1740.6837,455.83597,2139.0508,760.997,cam_3_1690299986_10-46-26.jpg
286,151,1413.4503,358.4735,1992.369,792.9561,cam_3_1690299986_10-46-26.jpg
286,292,377.67957,343.0745,838.71106,639.97034,cam_3_1690299986_10-46-26.jpg
286,289,1979.825,375.33725,2326.1853,548.38916,cam_3_1690299986_10-46-26.jpg
286,316,1341.26,350.0435,1598.4391,519.6628,cam_3_1690299986_10-46-26.jpg
286,344,1323.7579,200.65851,1500.8241,380.52536,cam_3_1690299986_10-46-26.jpg
286,345,1360.9298,365.65723,1661.068,548.7236,cam_3_1690299986_10-46-26.jpg
286,333,1799.2963,175.0874,2120.0425,350.89548,cam_3_1690299986_10-46-26.jpg
287,265,2151.2627,412.77206,2492.8718,598.5496,cam_3_1690300061_10-47-41.jpg
287,190,2299.897,447.33185,2721.906,646.5584,cam_3_1690300061_10-47-41.jpg
287,224,1739.1307,455.99393,2138.4158,761.1937,cam_3_1690300061_10-47-41.jpg
287,151,1422.2852,360.04282,1990.7999,790.79724,cam_3_1690300061_10-47-41.jpg
287,292,398.1386,346.6438,832.1442,644.0422,cam_3_1690300061_10-47-41.jpg
287,289,1982.316,377.73773,2320.9683,542.95966,cam_3_1690300061_10-47-41.jpg
287,316,1339.3281,352.287,1585.0382,518.23505,cam_3_1690300061_10-47-41.jpg
287,344,1324.0958,203.07532,1524.9027,388.32828,cam_3_1690300061_10-47-41.jpg
287,345,1364.6072,368.78534,1654.883,552.74274,cam_3_1690300061_10-47-41.jpg
287,231,1389.4486,201.21468,1729.5367,370.692,cam_3_1690300061_10-47-41.jpg
288,265,2141.5352,412.74515,2489.1921,602.54846,cam_3_1690300166_10-49-26.jpg
288,190,2325.8137,445.95532,2724.292,646.4263,cam_3_1690300166_10-49-26.jpg
288,224,1738.4503,454.9693,2139.084,761.6587,cam_3_1690300166_10-49-26.jpg
288,151,1436.1063,352.47656,2001.5382,790.3062,cam_3_1690300166_10-49-26.jpg
288,292,373.52316,346.6924,831.5575,643.721,cam_3_1690300166_10-49-26.jpg
288,289,1977.9805,378.68686,2323.6216,545.6906,cam_3_1690300166_10-49-26.jpg
288,316,1335.9097,349.65375,1593.8663,516.76807,cam_3_1690300166_10-49-26.jpg
288,344,1309.7755,200.67267,1518.8433,386.9145,cam_3_1690300166_10-49-26.jpg
288,345,1377.1849,364.10068,1678.3306,561.86194,cam_3_1690300166_10-49-26.jpg
289,265,2145.5898,412.69708,2494.304,597.9335,cam_3_1690300226_10-50-26.jpg
289,190,2297.5996,447.08673,2719.1855,646.9524,cam_3_1690300226_10-50-26.jpg
289,224,1740.9231,451.15863,2144.5408,761.52704,cam_3_1690300226_10-50-26.jpg
289,151,1445.7732,354.98978,2008.1859,790.1069,cam_3_1690300226_10-50-26.jpg
289,292,393.53238,348.94046,816.40656,642.9186,cam_3_1690300226_10-50-26.jpg
289,289,1982.6158,378.31555,2325.9473,548.10974,cam_3_1690300226_10-50-26.jpg
289,316,1334.6167,349.45398,1589.0077,518.28455,cam_3_1690300226_10-50-26.jpg
289,344,1290.9281,202.36684,1507.7593,389.61176,cam_3_1690300226_10-50-26.jpg
289,345,1375.2139,367.32684,1696.1636,571.7553,cam_3_1690300226_10-50-26.jpg
289,178,442.93964,456.58902,973.235,852.8543,cam_3_1690300226_10-50-26.jpg
290,265,2149.2942,413.08762,2498.7007,595.66895,cam_3_1690300301_10-51-41.jpg
290,190,2289.9353,448.09842,2718.4011,645.985,cam_3_1690300301_10-51-41.jpg
290,224,1739.9186,444.31534,2144.851,759.7329,cam_3_1690300301_10-51-41.jpg
290,151,1462.4329,354.1085,2009.9624,786.68695,cam_3_1690300301_10-51-41.jpg
290,292,403.70642,347.87085,812.63684,644.03217,cam_3_1690300301_10-51-41.jpg
290,289,2024.659,378.93475,2329.6243,542.10925,cam_3_1690300301_10-51-41.jpg
290,316,1335.5789,345.81674,1589.6792,515.9835,cam_3_1690300301_10-51-41.jpg
290,344,1290.8718,201.99121,1506.6953,386.85806,cam_3_1690300301_10-51-41.jpg
290,345,1376.4114,369.20682,1705.1387,571.0738,cam_3_1690300301_10-51-41.jpg
290,178,474.69702,457.41907,970.53595,854.68115,cam_3_1690300301_10-51-41.jpg
291,265,2152.8396,413.00958,2499.7197,591.684,cam_3_1690300421_10-53-41.jpg
291,190,2278.4387,449.88428,2716.4792,647.6539,cam_3_1690300421_10-53-41.jpg
291,224,1738.5569,447.93607,2141.513,760.5638,cam_3_1690300421_10-53-41.jpg
291,151,1478.5867,357.182,2017.3186,783.5076,cam_3_1690300421_10-53-41.jpg
291,292,415.26132,348.16888,812.7694,626.8341,cam_3_1690300421_10-53-41.jpg
291,289,2006.9751,376.37677,2323.1694,540.52264,cam_3_1690300421_10-53-41.jpg
291,316,1335.601,345.8457,1596.1268,518.9115,cam_3_1690300421_10-53-41.jpg
291,344,1273.74,203.21786,1506.3071,388.44327,cam_3_1690300421_10-53-41.jpg
291,345,1376.4644,373.45004,1713.3911,571.34485,cam_3_1690300421_10-53-41.jpg
291,178,405.1567,453.3374,973.7376,841.6558,cam_3_1690300421_10-53-41.jpg
292,265,2147.0222,413.09793,2499.7112,597.0508,cam_3_1690300451_10-54-11.jpg
292,190,2268.8987,448.8968,2715.7166,648.1391,cam_3_1690300451_10-54-11.jpg
292,224,1738.055,454.45538,2142.7026,759.9978,cam_3_1690300451_10-54-11.jpg
292,151,1484.85,360.71088,2017.8583,781.4481,cam_3_1690300451_10-54-11.jpg
292,292,417.62277,348.62085,817.834,638.56537,cam_3_1690300451_10-54-11.jpg
292,289,2004.8517,376.93848,2328.5488,538.79083,cam_3_1690300451_10-54-11.jpg
292,316,1340.7551,347.06238,1592.6682,518.8967,cam_3_1690300451_10-54-11.jpg
292,344,1272.959,200.26752,1512.6317,388.3388,cam_3_1690300451_10-54-11.jpg
292,345,1379.0198,375.0381,1711.3124,569.9774,cam_3_1690300451_10-54-11.jpg
292,178,463.1525,457.30014,962.667,858.01465,cam_3_1690300451_10-54-11.jpg
293,265,2152.1174,414.27725,2501.4595,597.7889,cam_3_1690300481_10-54-41.jpg
293,190,2273.0046,449.5631,2715.4485,648.4443,cam_3_1690300481_10-54-41.jpg
293,224,1732.7683,452.72427,2147.8362,758.46906,cam_3_1690300481_10-54-41.jpg
293,151,1483.8649,361.2685,2010.116,779.61633,cam_3_1690300481_10-54-41.jpg
293,292,403.54056,348.29437,808.73175,591.8084,cam_3_1690300481_10-54-41.jpg
293,289,2031.0839,376.30698,2331.894,532.71985,cam_3_1690300481_10-54-41.jpg
293,316,1332.4897,350.77185,1564.8116,514.5787,cam_3_1690300481_10-54-41.jpg
293,344,1260.722,198.26372,1509.7456,389.91193,cam_3_1690300481_10-54-41.jpg
293,345,1391.0804,347.38568,1719.5555,575.405,cam_3_1690300481_10-54-41.jpg
293,178,391.15384,457.43628,962.8805,841.1516,cam_3_1690300481_10-54-41.jpg
294,265,2152.6968,414.01096,2502.1025,599.0821,cam_3_1690300526_10-55-26.jpg
294,190,2271.4568,450.27853,2715.348,648.2001,cam_3_1690300526_10-55-26.jpg
294,224,1736.337,454.3445,2148.9893,760.4841,cam_3_1690300526_10-55-26.jpg
294,151,1487.0828,356.35138,2031.4683,776.8411,cam_3_1690300526_10-55-26.jpg
294,292,407.86328,346.31094,829.8289,589.1527,cam_3_1690300526_10-55-26.jpg
294,289,2019.6575,377.25174,2327.3284,537.53766,cam_3_1690300526_10-55-26.jpg
294,316,1331.6147,354.31708,1554.4736,514.7537,cam_3_1690300526_10-55-26.jpg
294,344,1242.0402,199.88168,1504.5009,394.8913,cam_3_1690300526_10-55-26.jpg
294,345,1407.4296,340.58322,1715.447,579.3627,cam_3_1690300526_10-55-26.jpg
294,178,429.07693,458.11923,973.36536,844.0844,cam_3_1690300526_10-55-26.jpg
294,347,1383.6703,394.35138,1654.6266,573.8346,cam_3_1690300526_10-55-26.jpg
295,265,2137.1323,416.0427,2502.5876,603.2296,cam_3_1690300706_10-58-26.jpg
295,190,2274.1716,449.3058,2716.861,648.3064,cam_3_1690300706_10-58-26.jpg
295,224,1735.7336,459.21252,2144.7715,760.60223,cam_3_1690300706_10-58-26.jpg
295,151,1472.4159,354.25134,2031.3153,777.5746,cam_3_1690300706_10-58-26.jpg
295,292,402.79477,349.70618,830.0285,596.7127,cam_3_1690300706_10-58-26.jpg
295,289,2015.2655,376.98245,2335.1272,537.6227,cam_3_1690300706_10-58-26.jpg
295,316,1334.0052,352.07425,1556.5226,516.30444,cam_3_1690300706_10-58-26.jpg
295,344,1280.368,200.12846,1495.8351,391.79523,cam_3_1690300706_10-58-26.jpg
295,178,394.8726,459.24475,983.03375,844.8134,cam_3_1690300706_10-58-26.jpg
295,347,1378.2133,369.54504,1677.6299,569.39514,cam_3_1690300706_10-58-26.jpg
295,231,1385.8757,193.91248,1530.2035,378.4725,cam_3_1690300706_10-58-26.jpg
296,265,2135.5303,415.8077,2499.6443,598.56665,cam_3_1690300826_11-00-26.jpg
296,190,2268.905,449.87088,2716.4688,651.123,cam_3_1690300826_11-00-26.jpg
296,224,1738.5157,451.70132,2142.1716,759.7767,cam_3_1690300826_11-00-26.jpg
296,151,1470.6838,355.34286,2032.0494,776.9829,cam_3_1690300826_11-00-26.jpg
296,292,368.37405,348.18976,828.57294,571.65814,cam_3_1690300826_11-00-26.jpg
296,289,2017.4043,375.68396,2341.4216,542.8563,cam_3_1690300826_11-00-26.jpg
296,316,1334.9178,353.6151,1577.9884,518.22437,cam_3_1690300826_11-00-26.jpg
296,344,1297.2975,199.89091,1507.8907,390.77335,cam_3_1690300826_11-00-26.jpg
296,178,397.63437,459.7397,997.9113,851.4035,cam_3_1690300826_11-00-26.jpg
296,347,1377.351,370.41602,1699.0396,569.5463,cam_3_1690300826_11-00-26.jpg
296,349,758.8079,311.12802,951.294,481.59738,cam_3_1690300826_11-00-26.jpg
297,265,2134.8022,414.65686,2496.8945,597.0882,cam_3_1690300856_11-00-56.jpg
297,190,2267.6035,450.1788,2715.9465,652.6636,cam_3_1690300856_11-00-56.jpg
297,224,1738.688,453.92508,2142.9983,757.7795,cam_3_1690300856_11-00-56.jpg
297,151,1472.4785,361.49014,2013.9832,776.7417,cam_3_1690300856_11-00-56.jpg
297,292,403.53406,346.6894,830.69745,607.49457,cam_3_1690300856_11-00-56.jpg
297,289,2011.587,375.72556,2338.2312,536.61646,cam_3_1690300856_11-00-56.jpg
297,316,1335.0117,352.72534,1585.7767,517.6265,cam_3_1690300856_11-00-56.jpg
297,344,1322.2739,202.69986,1510.9679,392.70694,cam_3_1690300856_11-00-56.jpg
297,178,430.15472,458.6271,993.1096,866.706,cam_3_1690300856_11-00-56.jpg
297,347,1376.6511,372.0865,1706.9689,570.38446,cam_3_1690300856_11-00-56.jpg
297,349,749.47437,312.54138,935.1138,483.40506,cam_3_1690300856_11-00-56.jpg
297,231,1385.5431,196.07248,1513.3302,385.28674,cam_3_1690300856_11-00-56.jpg
298,265,2138.0796,416.02283,2498.0527,597.6676,cam_3_1690300871_11-01-11.jpg
298,190,2266.5981,450.82587,2716.4744,653.1565,cam_3_1690300871_11-01-11.jpg
298,224,1737.2429,461.99826,2143.5015,759.18335,cam_3_1690300871_11-01-11.jpg
298,151,1520.6849,351.41617,2026.9806,727.7774,cam_3_1690300871_11-01-11.jpg
298,292,501.38104,344.6143,854.1937,565.06354,cam_3_1690300871_11-01-11.jpg
298,289,2003.1973,378.01746,2336.514,544.2392,cam_3_1690300871_11-01-11.jpg
298,316,1336.0897,349.4685,1600.0952,516.6521,cam_3_1690300871_11-01-11.jpg
298,344,1308.5922,202.27338,1506.8634,393.13162,cam_3_1690300871_11-01-11.jpg
298,178,438.10535,464.64465,975.8859,870.6455,cam_3_1690300871_11-01-11.jpg
298,231,1363.8771,196.73811,1508.6522,385.73666,cam_3_1690300871_11-01-11.jpg
299,265,2144.1536,413.09384,2496.063,597.207,cam_3_1690300976_11-02-56.jpg
299,190,2264.8098,450.53177,2713.842,653.558,cam_3_1690300976_11-02-56.jpg
299,224,1735.017,458.34064,2142.6226,760.8577,cam_3_1690300976_11-02-56.jpg
299,151,1597.2751,422.9,2037.3094,712.203,cam_3_1690300976_11-02-56.jpg
299,292,453.82147,351.86105,815.03784,611.9041,cam_3_1690300976_11-02-56.jpg
299,316,1336.8325,350.95367,1608.5573,513.6337,cam_3_1690300976_11-02-56.jpg
299,344,1306.4758,198.78964,1511.8885,386.40738,cam_3_1690300976_11-02-56.jpg
299,178,535.2057,446.55127,1062.1365,832.31036,cam_3_1690300976_11-02-56.jpg
299,231,1371.0272,195.79912,1509.7634,383.53015,cam_3_1690300976_11-02-56.jpg
299,162,1532.2184,421.231,1959.3774,646.0419,cam_3_1690300976_11-02-56.jpg
299,345,1461.9202,388.07294,1814.5698,605.22284,cam_3_1690300976_11-02-56.jpg
299,347,1372.5939,374.42697,1726.2472,570.196,cam_3_1690300976_11-02-56.jpg
300,265,2152.0132,412.19974,2495.9062,597.51825,cam_3_1690301156_11-05-56.jpg
300,190,2272.6455,448.68143,2714.4382,650.32385,cam_3_1690301156_11-05-56.jpg
300,224,1734.7146,455.11505,2144.0103,761.4234,cam_3_1690301156_11-05-56.jpg
300,151,1622.8356,453.5671,2038.9242,708.74677,cam_3_1690301156_11-05-56.jpg
300,292,401.17365,341.3693,819.1675,575.60126,cam_3_1690301156_11-05-56.jpg
300,316,1333.2126,352.87216,1571.312,509.7851,cam_3_1690301156_11-05-56.jpg
300,344,1262.0732,199.07687,1484.0889,390.39478,cam_3_1690301156_11-05-56.jpg
300,178,473.9085,454.14725,1015.97864,845.60565,cam_3_1690301156_11-05-56.jpg
300,162,1527.3619,423.6598,1962.7833,646.6096,cam_3_1690301156_11-05-56.jpg
300,345,1454.1616,396.50418,1794.4696,613.4113,cam_3_1690301156_11-05-56.jpg
300,347,1377.1409,388.67596,1698.4105,568.1154,cam_3_1690301156_11-05-56.jpg
301,265,2155.0217,413.87952,2476.6926,597.4356,cam_3_1690301726_11-15-26.jpg
301,190,2286.356,440.76727,2688.0447,646.25665,cam_3_1690301726_11-15-26.jpg
301,224,1742.0779,455.3178,2147.2869,759.8879,cam_3_1690301726_11-15-26.jpg
301,151,1630.2894,458.0143,2025.4471,707.0193,cam_3_1690301726_11-15-26.jpg
301,292,412.29175,344.42224,829.7378,610.72943,cam_3_1690301726_11-15-26.jpg
301,316,1335.0511,353.5367,1599.6477,515.6101,cam_3_1690301726_11-15-26.jpg
301,162,1536.8053,422.68115,1953.4543,644.8175,cam_3_1690301726_11-15-26.jpg
301,347,1379.0576,387.20782,1739.5393,577.26306,cam_3_1690301726_11-15-26.jpg
301,156,1049.4752,220.61717,1335.6759,447.4107,cam_3_1690301726_11-15-26.jpg
301,333,1747.4502,210.9901,2066.719,386.77228,cam_3_1690301726_11-15-26.jpg
301,289,2010.5225,375.20776,2322.8552,545.8826,cam_3_1690301726_11-15-26.jpg
301,231,1344.7266,199.56903,1463.4377,390.12018,cam_3_1690301726_11-15-26.jpg
302,265,2153.8345,412.50937,2473.6807,595.1965,cam_3_1690301906_11-18-26.jpg
302,190,2287.2964,437.72787,2681.4824,645.1545,cam_3_1690301906_11-18-26.jpg
302,224,1744.3882,450.64694,2145.0146,760.7941,cam_3_1690301906_11-18-26.jpg
302,151,1629.0706,469.45154,2010.9982,707.03845,cam_3_1690301906_11-18-26.jpg
302,316,1337.4977,354.0505,1616.2446,517.41223,cam_3_1690301906_11-18-26.jpg
302,162,1542.8668,422.57224,1954.1399,644.606,cam_3_1690301906_11-18-26.jpg
302,347,1376.0024,383.57248,1749.5111,581.4017,cam_3_1690301906_11-18-26.jpg
302,333,1741.3978,208.63356,2062.2693,381.84915,cam_3_1690301906_11-18-26.jpg
302,289,1989.1838,373.1796,2316.3142,538.9058,cam_3_1690301906_11-18-26.jpg
302,344,1228.5682,223.25035,1557.6655,448.41635,cam_3_1690301906_11-18-26.jpg
302,345,1507.887,394.32867,1820.0874,597.30743,cam_3_1690301906_11-18-26.jpg
303,265,2151.3215,411.55048,2467.0562,597.56976,cam_3_1690301921_11-18-41.jpg
303,190,2286.2292,436.4373,2676.6038,645.2171,cam_3_1690301921_11-18-41.jpg
303,224,1743.4023,450.31866,2138.783,760.7259,cam_3_1690301921_11-18-41.jpg
303,151,1630.3197,469.47287,2004.3599,706.71924,cam_3_1690301921_11-18-41.jpg
303,316,1337.1101,354.07114,1627.3918,520.4639,cam_3_1690301921_11-18-41.jpg
303,162,1549.479,422.14664,1959.457,642.62335,cam_3_1690301921_11-18-41.jpg
303,347,1375.2555,382.33554,1757.0543,582.1526,cam_3_1690301921_11-18-41.jpg
303,333,1773.8793,211.28499,2066.2063,381.57062,cam_3_1690301921_11-18-41.jpg
303,289,1981.2736,374.58688,2317.0396,542.0224,cam_3_1690301921_11-18-41.jpg
303,358,465.88995,1097.9843,1671.269,1878.8319,cam_3_1690301921_11-18-41.jpg
303,359,767.3112,375.18948,1234.1031,661.95483,cam_3_1690301921_11-18-41.jpg
303,344,1230.2777,229.44127,1576.8011,440.23233,cam_3_1690301921_11-18-41.jpg
304,265,2148.0796,409.4827,2467.3037,599.07294,cam_3_1690302011_11-20-11.jpg
304,190,2281.6243,436.8454,2677.211,649.13434,cam_3_1690302011_11-20-11.jpg
304,224,1747.1648,451.34143,2140.6052,759.8033,cam_3_1690302011_11-20-11.jpg
304,151,1627.121,467.11905,2005.9504,707.22107,cam_3_1690302011_11-20-11.jpg
304,162,1548.6473,420.4686,1966.8677,643.92615,cam_3_1690302011_11-20-11.jpg
304,347,1374.1437,379.1737,1757.4633,581.0866,cam_3_1690302011_11-20-11.jpg
304,333,1753.6747,213.57085,2057.3447,385.13535,cam_3_1690302011_11-20-11.jpg
304,289,1992.4651,374.77295,2316.4175,547.0053,cam_3_1690302011_11-20-11.jpg
304,358,502.97217,1106.7073,1682.6099,1885.6866,cam_3_1690302011_11-20-11.jpg
304,359,888.477,360.33676,1353.9932,642.2237,cam_3_1690302011_11-20-11.jpg
305,265,2149.395,413.67456,2461.3928,595.9518,cam_3_1690302086_11-21-26.jpg
305,190,2280.298,438.35443,2674.7874,649.18286,cam_3_1690302086_11-21-26.jpg
305,224,1745.9266,449.91418,2140.8428,760.22723,cam_3_1690302086_11-21-26.jpg
305,151,1627.9475,463.19504,2008.9962,709.0618,cam_3_1690302086_11-21-26.jpg
305,162,1545.9585,419.52316,1967.4368,643.7479,cam_3_1690302086_11-21-26.jpg
305,347,1374.1473,376.18552,1754.9653,579.5851,cam_3_1690302086_11-21-26.jpg
305,333,1734.6924,210.93968,2055.875,390.26886,cam_3_1690302086_11-21-26.jpg
305,289,1996.3341,371.64685,2317.0605,543.5913,cam_3_1690302086_11-21-26.jpg
305,358,522.6669,886.4676,1342.3108,1546.728,cam_3_1690302086_11-21-26.jpg
305,359,953.877,353.8794,1376.8687,633.77795,cam_3_1690302086_11-21-26.jpg
305,362,1253.619,220.29591,1655.8073,354.15463,cam_3_1690302086_11-21-26.jpg
305,344,1201.5394,262.03802,1595.7153,438.92096,cam_3_1690302086_11-21-26.jpg
306,265,2163.3296,414.88553,2462.243,590.7851,cam_3_1690302116_11-21-56.jpg
306,190,2273.1394,439.18784,2674.6074,650.1475,cam_3_1690302116_11-21-56.jpg
306,224,1744.2324,449.28122,2138.3943,759.683,cam_3_1690302116_11-21-56.jpg
306,151,1627.3541,464.206,2013.7853,710.42725,cam_3_1690302116_11-21-56.jpg
306,162,1554.1353,419.46985,1972.7498,645.5534,cam_3_1690302116_11-21-56.jpg
306,347,1372.6675,378.37338,1744.0708,579.536,cam_3_1690302116_11-21-56.jpg
306,333,1732.2087,210.5157,2059.4988,398.16208,cam_3_1690302116_11-21-56.jpg
306,289,2007.8837,372.8227,2327.1172,547.15027,cam_3_1690302116_11-21-56.jpg
306,359,1104.1013,320.10626,1497.046,609.3069,cam_3_1690302116_11-21-56.jpg
306,362,1254.5338,220.12692,1634.8076,353.81393,cam_3_1690302116_11-21-56.jpg
306,178,493.51834,606.99585,1052.1902,1010.9176,cam_3_1690302116_11-21-56.jpg
306,156,986.8045,297.55267,1221.6215,567.2739,cam_3_1690302116_11-21-56.jpg
307,265,2166.2014,414.10632,2460.9912,592.7318,cam_3_1690302161_11-22-41.jpg
307,190,2268.0562,435.96243,2674.0115,650.6174,cam_3_1690302161_11-22-41.jpg
307,224,1740.5591,449.85605,2139.1707,759.66205,cam_3_1690302161_11-22-41.jpg
307,151,1627.7397,462.61017,2017.557,710.20636,cam_3_1690302161_11-22-41.jpg
307,162,1549.5677,418.7122,1974.2722,645.0373,cam_3_1690302161_11-22-41.jpg
307,347,1372.2052,379.42084,1751.4424,581.0896,cam_3_1690302161_11-22-41.jpg
307,289,2008.8358,372.8133,2331.5103,551.5793,cam_3_1690302161_11-22-41.jpg
307,359,1229.1041,294.57947,1588.4274,554.90216,cam_3_1690302161_11-22-41.jpg
307,362,1256.907,217.92642,1625.6671,343.9399,cam_3_1690302161_11-22-41.jpg
307,178,502.3843,619.8558,1052.8975,1024.8376,cam_3_1690302161_11-22-41.jpg
307,156,1015.58325,289.0381,1298.7295,575.1322,cam_3_1690302161_11-22-41.jpg
308,265,2165.8674,414.3412,2467.267,596.2003,cam_3_1690302176_11-22-56.jpg
308,190,2278.2815,436.13837,2673.3203,650.18164,cam_3_1690302176_11-22-56.jpg
308,224,1741.8026,457.47308,2139.8577,760.41364,cam_3_1690302176_11-22-56.jpg
308,151,1629.1549,464.35907,2023.6212,709.96954,cam_3_1690302176_11-22-56.jpg
308,162,1556.5106,419.609,1974.2462,644.6506,cam_3_1690302176_11-22-56.jpg
308,347,1371.541,379.28296,1757.3849,582.2654,cam_3_1690302176_11-22-56.jpg
308,289,2010.3284,374.95938,2332.3813,552.95374,cam_3_1690302176_11-22-56.jpg
308,362,1269.8445,218.32094,1636.4342,361.89267,cam_3_1690302176_11-22-56.jpg
308,178,430.72852,614.82104,1070.0771,1029.789,cam_3_1690302176_11-22-56.jpg
308,156,1019.0839,283.21924,1329.8845,577.03613,cam_3_1690302176_11-22-56.jpg
308,316,1291.8778,355.20105,1625.3588,536.8905,cam_3_1690302176_11-22-56.jpg
309,265,2138.7703,415.35657,2462.888,596.2488,cam_3_1690302221_11-23-41.jpg
309,190,2284.0999,437.0318,2674.8877,648.80066,cam_3_1690302221_11-23-41.jpg
309,224,1745.8263,453.99728,2140.5916,761.5598,cam_3_1690302221_11-23-41.jpg
309,151,1628.9086,466.02466,2031.7413,711.8049,cam_3_1690302221_11-23-41.jpg
309,162,1578.8297,415.6318,1999.6377,649.6315,cam_3_1690302221_11-23-41.jpg
309,347,1374.7854,378.9422,1751.1089,583.2003,cam_3_1690302221_11-23-41.jpg
309,362,1289.6697,213.8695,1627.3187,360.5446,cam_3_1690302221_11-23-41.jpg
309,178,457.53342,612.1838,1077.3689,1029.8152,cam_3_1690302221_11-23-41.jpg
309,156,1035.7292,277.70013,1335.8898,583.3672,cam_3_1690302221_11-23-41.jpg
309,316,1283.4849,356.0425,1620.8636,541.7354,cam_3_1690302221_11-23-41.jpg
310,265,2150.306,410.43774,2462.8516,597.45953,cam_3_1690302281_11-24-41.jpg
310,190,2286.4575,435.99973,2677.2842,648.6951,cam_3_1690302281_11-24-41.jpg
310,224,1744.3369,454.67514,2140.0613,762.12823,cam_3_1690302281_11-24-41.jpg
310,151,1625.6523,470.4551,2007.372,710.2656,cam_3_1690302281_11-24-41.jpg
310,162,1471.0166,363.7415,1952.1934,684.90186,cam_3_1690302281_11-24-41.jpg
310,362,1300.7489,217.3165,1677.4805,397.096,cam_3_1690302281_11-24-41.jpg
310,156,1009.92426,288.00793,1313.2032,589.00214,cam_3_1690302281_11-24-41.jpg
310,316,1280.0956,361.52747,1589.5784,544.19666,cam_3_1690302281_11-24-41.jpg
310,358,412.8143,510.5467,987.3391,878.5024,cam_3_1690302281_11-24-41.jpg
310,289,1993.523,375.7011,2323.3892,547.49054,cam_3_1690302281_11-24-41.jpg
311,265,2154.6897,411.2225,2463.426,600.9169,cam_3_1690302311_11-25-11.jpg
311,190,2287.646,436.071,2677.8806,647.11584,cam_3_1690302311_11-25-11.jpg
311,224,1745.3436,455.26926,2145.42,761.5506,cam_3_1690302311_11-25-11.jpg
311,151,1624.494,471.574,2000.2614,708.9511,cam_3_1690302311_11-25-11.jpg
311,162,1430.8326,344.9476,1941.2423,697.3171,cam_3_1690302311_11-25-11.jpg
311,362,1291.9509,220.89105,1671.8187,394.9274,cam_3_1690302311_11-25-11.jpg
311,156,1002.0562,287.45398,1323.5677,586.5692,cam_3_1690302311_11-25-11.jpg
311,316,1280.8315,365.9294,1580.1256,544.44995,cam_3_1690302311_11-25-11.jpg
311,358,446.09113,501.7808,983.6497,863.50555,cam_3_1690302311_11-25-11.jpg
311,289,2006.1642,374.96713,2318.7834,537.57996,cam_3_1690302311_11-25-11.jpg
312,265,2169.3718,414.78952,2472.1707,595.6024,cam_3_1690303001_11-36-41.jpg
312,190,2278.7668,437.3483,2681.5298,648.7295,cam_3_1690303001_11-36-41.jpg
312,224,1738.2897,452.70526,2132.0762,760.2801,cam_3_1690303001_11-36-41.jpg
312,151,1629.2834,466.81876,2027.9407,713.7062,cam_3_1690303001_11-36-41.jpg
312,162,1337.5685,344.33414,1858.8992,717.0308,cam_3_1690303001_11-36-41.jpg
312,362,1256.4108,227.68893,1651.5752,425.36774,cam_3_1690303001_11-36-41.jpg
312,292,433.12973,352.9248,866.2796,641.1608,cam_3_1690303001_11-36-41.jpg
312,231,1134.9115,219.51857,1329.0093,443.85257,cam_3_1690303001_11-36-41.jpg
312,345,1595.201,415.32968,1966.5172,641.7876,cam_3_1690303001_11-36-41.jpg
313,265,2142.283,418.37262,2488.3538,616.63806,cam_3_1690303211_11-40-11.jpg
313,190,2282.187,440.42966,2685.1418,649.2541,cam_3_1690303211_11-40-11.jpg
313,151,1630.2599,468.71634,2052.8687,712.1305,cam_3_1690303211_11-40-11.jpg
313,362,1234.2345,227.4347,1620.0516,403.70447,cam_3_1690303211_11-40-11.jpg
313,364,2042.2673,240.68353,2473.3186,455.8288,cam_3_1690303211_11-40-11.jpg
313,292,418.65906,351.1317,875.37506,632.0349,cam_3_1690303211_11-40-11.jpg
313,231,1119.7004,215.03178,1328.2998,400.34726,cam_3_1690303211_11-40-11.jpg
313,345,1525.9933,399.40933,1908.4558,612.5797,cam_3_1690303211_11-40-11.jpg
313,347,1371.8292,376.3981,1742.0714,575.27216,cam_3_1690303211_11-40-11.jpg
313,156,1059.7233,342.33438,1361.7916,672.87683,cam_3_1690303211_11-40-11.jpg
313,316,1316.6279,353.63245,1616.283,514.7239,cam_3_1690303211_11-40-11.jpg
314,265,2134.442,416.95663,2496.55,613.66925,cam_3_1690303226_11-40-26.jpg
314,190,2282.4014,441.2435,2687.3115,649.2993,cam_3_1690303226_11-40-26.jpg
314,151,1630.8512,469.99918,2068.8542,711.6511,cam_3_1690303226_11-40-26.jpg
314,362,1217.1465,228.666,1609.8074,392.97278,cam_3_1690303226_11-40-26.jpg
314,364,2035.0415,239.37923,2477.5515,449.93494,cam_3_1690303226_11-40-26.jpg
314,292,435.8179,351.63135,875.63226,634.00793,cam_3_1690303226_11-40-26.jpg
314,231,1116.4656,212.00638,1337.2277,381.9887,cam_3_1690303226_11-40-26.jpg
314,345,1496.5652,393.74228,1879.8701,600.80206,cam_3_1690303226_11-40-26.jpg
314,365,590.5073,923.74347,1562.0905,1521.1392,cam_3_1690303226_11-40-26.jpg
314,347,1369.2542,375.38425,1743.0571,573.68005,cam_3_1690303226_11-40-26.jpg
314,156,1114.1497,353.35785,1372.9016,685.54376,cam_3_1690303226_11-40-26.jpg
314,316,1323.8126,350.31244,1627.2551,505.8765,cam_3_1690303226_11-40-26.jpg
315,265,2128.719,417.3472,2496.0383,611.70764,cam_3_1690303256_11-40-56.jpg
315,190,2276.656,441.1684,2682.4666,651.35486,cam_3_1690303256_11-40-56.jpg
315,151,1630.389,469.77197,2051.9316,710.96655,cam_3_1690303256_11-40-56.jpg
315,362,1217.0509,228.8129,1607.0792,390.55344,cam_3_1690303256_11-40-56.jpg
315,364,2027.3419,243.2616,2471.5334,463.25403,cam_3_1690303256_11-40-56.jpg
315,292,499.92572,343.6895,943.16565,624.2818,cam_3_1690303256_11-40-56.jpg
315,231,1120.1099,211.13107,1343.2544,371.54373,cam_3_1690303256_11-40-56.jpg
315,345,1487.2137,392.61984,1874.5286,597.9463,cam_3_1690303256_11-40-56.jpg
315,365,562.53754,923.0565,1548.809,1518.5071,cam_3_1690303256_11-40-56.jpg
315,347,1369.6311,376.7122,1740.4908,573.767,cam_3_1690303256_11-40-56.jpg
315,156,1105.849,358.40814,1368.9188,682.48364,cam_3_1690303256_11-40-56.jpg
315,316,1328.5989,351.8275,1627.5686,509.3002,cam_3_1690303256_11-40-56.jpg
316,265,2119.582,415.21286,2482.5237,603.13745,cam_3_1690303346_11-42-26.jpg
316,190,2281.175,440.04507,2678.0134,648.618,cam_3_1690303346_11-42-26.jpg
316,151,1627.0553,473.92444,2051.6362,711.2083,cam_3_1690303346_11-42-26.jpg
316,362,1253.1434,236.27882,1592.1053,416.8889,cam_3_1690303346_11-42-26.jpg
316,364,2024.1514,241.27904,2457.004,452.30298,cam_3_1690303346_11-42-26.jpg
316,231,1104.1516,210.52573,1332.3146,349.64005,cam_3_1690303346_11-42-26.jpg
316,345,1450.1821,342.12943,1911.2141,614.40735,cam_3_1690303346_11-42-26.jpg
316,365,464.89865,925.131,1532.6086,1515.775,cam_3_1690303346_11-42-26.jpg
316,156,1119.4631,315.2717,1312.359,609.08154,cam_3_1690303346_11-42-26.jpg
317,265,2125.0022,414.71414,2480.0747,600.20447,cam_3_1690303361_11-42-41.jpg
317,190,2282.044,439.92334,2676.7058,647.55115,cam_3_1690303361_11-42-41.jpg
317,151,1626.4022,471.18362,2052.9553,711.3738,cam_3_1690303361_11-42-41.jpg
317,362,1274.2014,232.26628,1652.1823,415.10864,cam_3_1690303361_11-42-41.jpg
317,364,2048.564,243.57959,2448.7202,474.60098,cam_3_1690303361_11-42-41.jpg
317,231,1095.4987,213.97511,1327.115,349.4026,cam_3_1690303361_11-42-41.jpg
317,345,1436.6516,327.52405,1942.1525,619.33746,cam_3_1690303361_11-42-41.jpg
317,365,454.282,925.50934,1539.6952,1518.147,cam_3_1690303361_11-42-41.jpg
317,156,1123.7706,300.97626,1287.4753,582.6782,cam_3_1690303361_11-42-41.jpg
317,366,1275.3215,374.18515,1484.3885,541.67316,cam_3_1690303361_11-42-41.jpg
318,190,2264.2195,439.9907,2673.684,642.90564,cam_3_1690303496_11-44-56.jpg
318,151,1627.6417,467.8822,2068.9397,709.5915,cam_3_1690303496_11-44-56.jpg
318,362,1261.8519,223.02066,1558.8925,413.02765,cam_3_1690303496_11-44-56.jpg
318,364,2040.1893,244.53929,2416.418,446.24655,cam_3_1690303496_11-44-56.jpg
318,231,1122.3494,215.83896,1291.5419,418.73972,cam_3_1690303496_11-44-56.jpg
318,345,1447.4746,317.05576,1942.9574,625.23016,cam_3_1690303496_11-44-56.jpg
318,365,522.4845,927.679,1538.5304,1534.1271,cam_3_1690303496_11-44-56.jpg
318,366,1280.5237,377.68744,1481.7523,539.78,cam_3_1690303496_11-44-56.jpg
319,190,2269.1294,439.31723,2671.5188,642.03595,cam_3_1690303511_11-45-11.jpg
319,151,1627.6489,468.25464,2077.003,709.5471,cam_3_1690303511_11-45-11.jpg
319,362,1254.1583,217.44746,1529.2915,413.06802,cam_3_1690303511_11-45-11.jpg
319,364,2080.3113,240.0545,2401.345,457.78665,cam_3_1690303511_11-45-11.jpg
319,231,1134.6267,215.94263,1280.1384,438.84058,cam_3_1690303511_11-45-11.jpg
319,345,1433.7012,319.73087,1939.7839,640.0141,cam_3_1690303511_11-45-11.jpg
319,365,439.45108,930.834,1534.2424,1536.5807,cam_3_1690303511_11-45-11.jpg
319,366,1280.4818,387.25183,1453.5532,541.7661,cam_3_1690303511_11-45-11.jpg
319,367,2124.3623,220.2941,2598.6077,505.44843,cam_3_1690303511_11-45-11.jpg
319,368,1484.5468,198.8559,1792.2467,332.21793,cam_3_1690303511_11-45-11.jpg
320,190,2289.9114,439.65457,2674.0344,643.08,cam_3_1690303571_11-46-11.jpg
320,151,1627.4893,465.04306,2068.6338,708.7962,cam_3_1690303571_11-46-11.jpg
320,362,1315.5778,220.0222,1484.8246,403.7528,cam_3_1690303571_11-46-11.jpg
320,231,1135.6146,215.69148,1275.6118,451.82953,cam_3_1690303571_11-46-11.jpg
320,345,1429.8392,320.5037,1927.169,643.2368,cam_3_1690303571_11-46-11.jpg
320,365,502.71075,931.90076,1534.9249,1534.5537,cam_3_1690303571_11-46-11.jpg
320,366,1283.7032,384.03757,1453.7906,542.2644,cam_3_1690303571_11-46-11.jpg
320,367,2088.6697,218.68579,2593.3867,515.89874,cam_3_1690303571_11-46-11.jpg
320,368,1476.6001,198.5859,1836.324,336.21692,cam_3_1690303571_11-46-11.jpg
321,190,2288.8171,441.93542,2671.919,643.72644,cam_3_1690303616_11-46-56.jpg
321,151,1629.5807,466.05136,2062.427,706.04724,cam_3_1690303616_11-46-56.jpg
321,362,1334.7355,218.82701,1463.6414,407.7706,cam_3_1690303616_11-46-56.jpg
321,231,1135.7722,216.29892,1277.6742,455.0479,cam_3_1690303616_11-46-56.jpg
321,345,1487.0806,381.91345,1947.5835,647.17444,cam_3_1690303616_11-46-56.jpg
321,365,422.91745,933.0033,1564.8107,1529.6521,cam_3_1690303616_11-46-56.jpg
321,367,2111.161,219.5878,2592.1243,505.122,cam_3_1690303616_11-46-56.jpg
321,368,1518.8494,189.41364,1885.4098,335.26526,cam_3_1690303616_11-46-56.jpg
321,347,1370.3152,380.96164,1740.5499,578.8467,cam_3_1690303616_11-46-56.jpg
321,316,1275.2274,355.85007,1623.6903,535.4985,cam_3_1690303616_11-46-56.jpg
321,364,2042.7123,241.62352,2392.3374,460.42352,cam_3_1690303616_11-46-56.jpg
322,190,2288.8872,442.1875,2674.1348,644.0419,cam_3_1690303751_11-49-11.jpg
322,151,1630.6406,466.9099,2070.6052,707.1621,cam_3_1690303751_11-49-11.jpg
322,362,1256.4462,227.325,1447.7493,432.1797,cam_3_1690303751_11-49-11.jpg
322,231,1134.3726,217.63681,1282.0156,452.74023,cam_3_1690303751_11-49-11.jpg
322,345,1511.7524,407.56772,1958.1992,650.3134,cam_3_1690303751_11-49-11.jpg
322,365,521.104,912.26044,1602.501,1541.2433,cam_3_1690303751_11-49-11.jpg
322,367,2102.971,218.2093,2599.2878,512.7547,cam_3_1690303751_11-49-11.jpg
322,369,1477.6821,392.55276,1824.9121,590.4108,cam_3_1690303751_11-49-11.jpg
322,347,1368.9525,378.85672,1739.2948,576.27893,cam_3_1690303751_11-49-11.jpg
322,316,1270.6392,357.27524,1614.4888,538.8543,cam_3_1690303751_11-49-11.jpg
323,190,2290.8472,439.07654,2673.7874,642.79694,cam_3_1690303811_11-50-11.jpg
323,151,1631.9196,463.96298,2071.6072,704.6201,cam_3_1690303811_11-50-11.jpg
323,362,1212.4011,238.44537,1440.8453,460.3375,cam_3_1690303811_11-50-11.jpg
323,231,1124.4991,218.98146,1295.751,455.8583,cam_3_1690303811_11-50-11.jpg
323,345,1520.6497,414.2998,1956.3668,647.75726,cam_3_1690303811_11-50-11.jpg
323,365,427.70334,909.5596,1613.9242,1554.6444,cam_3_1690303811_11-50-11.jpg
323,367,2092.0945,219.95186,2595.0933,521.82556,cam_3_1690303811_11-50-11.jpg
323,369,1479.4279,391.59308,1824.1997,589.0483,cam_3_1690303811_11-50-11.jpg
323,347,1368.1758,377.7532,1739.2476,574.44965,cam_3_1690303811_11-50-11.jpg
323,316,1273.9669,355.8584,1613.3533,539.4253,cam_3_1690303811_11-50-11.jpg
323,370,1894.0599,184.7469,2164.517,362.3374,cam_3_1690303811_11-50-11.jpg
324,190,2277.4023,438.51163,2665.456,643.83856,cam_3_1690303976_11-52-56.jpg
324,151,1630.7872,469.86258,2058.8252,705.7638,cam_3_1690303976_11-52-56.jpg
324,362,1219.0022,235.08344,1439.6274,453.15045,cam_3_1690303976_11-52-56.jpg
324,231,1143.7749,217.38943,1286.5946,445.0841,cam_3_1690303976_11-52-56.jpg
324,345,1525.8413,418.02908,1954.6006,650.2978,cam_3_1690303976_11-52-56.jpg
324,365,505.2573,893.45593,1604.2686,1551.523,cam_3_1690303976_11-52-56.jpg
324,367,2143.7092,218.44107,2594.8384,505.73184,cam_3_1690303976_11-52-56.jpg
324,369,1479.7655,392.47296,1824.3512,589.4168,cam_3_1690303976_11-52-56.jpg
324,347,1367.9425,378.29367,1748.1908,576.4567,cam_3_1690303976_11-52-56.jpg
324,316,1269.0769,356.1718,1611.9132,539.5518,cam_3_1690303976_11-52-56.jpg
324,370,1939.3038,169.7566,2189.5977,350.20355,cam_3_1690303976_11-52-56.jpg
324,289,1965.5616,388.04587,2257.0742,570.13794,cam_3_1690303976_11-52-56.jpg
324,368,1661.854,184.48749,2025.9989,347.4053,cam_3_1690303976_11-52-56.jpg
325,190,2289.9395,430.37888,2665.43,644.1173,cam_3_1690304036_11-53-56.jpg
325,151,1630.8624,469.1969,2044.0287,706.0799,cam_3_1690304036_11-53-56.jpg
325,362,1212.277,237.42708,1437.014,449.38168,cam_3_1690304036_11-53-56.jpg
325,345,1526.6777,421.40387,1953.2996,651.8684,cam_3_1690304036_11-53-56.jpg
325,365,547.69,890.65985,1606.5746,1562.1453,cam_3_1690304036_11-53-56.jpg
325,369,1477.6027,394.693,1824.202,590.6002,cam_3_1690304036_11-53-56.jpg
325,347,1366.177,379.63318,1746.0774,577.09143,cam_3_1690304036_11-53-56.jpg
325,316,1267.6602,356.81586,1611.2675,537.65717,cam_3_1690304036_11-53-56.jpg
325,370,1939.2103,157.7543,2159.7107,346.10715,cam_3_1690304036_11-53-56.jpg
325,289,1971.703,382.44232,2331.711,570.02246,cam_3_1690304036_11-53-56.jpg
325,368,1724.2909,185.99742,2043.3053,358.33044,cam_3_1690304036_11-53-56.jpg
326,190,2290.5566,432.5606,2665.0723,643.6879,cam_3_1690304156_11-55-56.jpg
326,151,1629.7987,470.72342,2028.8204,707.67505,cam_3_1690304156_11-55-56.jpg
326,362,1219.9762,235.32176,1445.213,450.0567,cam_3_1690304156_11-55-56.jpg
326,345,1527.905,419.17145,1959.2444,652.4922,cam_3_1690304156_11-55-56.jpg
326,365,560.11646,891.0523,1601.0837,1585.107,cam_3_1690304156_11-55-56.jpg
326,369,1477.6263,394.24823,1827.2704,591.2244,cam_3_1690304156_11-55-56.jpg
326,347,1366.3779,378.9122,1742.1355,576.6679,cam_3_1690304156_11-55-56.jpg
326,316,1266.8269,357.04373,1609.0187,538.14746,cam_3_1690304156_11-55-56.jpg
326,289,1983.0171,381.91406,2355.614,572.07544,cam_3_1690304156_11-55-56.jpg
326,368,1657.9406,178.78159,2001.6888,346.9247,cam_3_1690304156_11-55-56.jpg
326,178,326.3081,749.86163,1454.1311,1216.0967,cam_3_1690304156_11-55-56.jpg
327,190,2291.0388,434.29108,2665.6428,643.7274,cam_3_1690304201_11-56-41.jpg
327,151,1631.9753,474.69324,2018.6405,709.679,cam_3_1690304201_11-56-41.jpg
327,362,1153.3998,241.09583,1474.643,451.6057,cam_3_1690304201_11-56-41.jpg
327,345,1526.1389,416.24194,1958.368,651.7698,cam_3_1690304201_11-56-41.jpg
327,365,564.8628,896.70874,1602.1582,1601.8472,cam_3_1690304201_11-56-41.jpg
327,369,1479.154,391.238,1829.9694,589.12366,cam_3_1690304201_11-56-41.jpg
327,347,1367.1752,377.45636,1743.8392,576.3033,cam_3_1690304201_11-56-41.jpg
327,316,1268.5321,356.86023,1617.6055,538.804,cam_3_1690304201_11-56-41.jpg
327,289,1974.2635,383.13345,2363.9893,577.71216,cam_3_1690304201_11-56-41.jpg
327,178,326.1399,750.3172,1468.4802,1219.554,cam_3_1690304201_11-56-41.jpg
327,231,1051.6506,226.71747,1321.23,411.3696,cam_3_1690304201_11-56-41.jpg
328,190,2291.2822,433.13812,2667.119,643.77893,cam_3_1690304366_11-59-26.jpg
328,151,1627.8389,477.1095,2013.7765,712.94147,cam_3_1690304366_11-59-26.jpg
328,345,1526.7699,419.57462,1956.2632,655.2889,cam_3_1690304366_11-59-26.jpg
328,369,1479.7703,390.33582,1836.1873,591.5387,cam_3_1690304366_11-59-26.jpg
328,347,1363.1315,377.48624,1741.007,576.87946,cam_3_1690304366_11-59-26.jpg
328,316,1271.4795,353.8561,1621.7568,539.8149,cam_3_1690304366_11-59-26.jpg
328,289,1964.1537,383.53238,2368.8992,579.7387,cam_3_1690304366_11-59-26.jpg
328,178,417.24832,658.91003,1271.1727,1085.5931,cam_3_1690304366_11-59-26.jpg
328,231,992.3485,225.62239,1315.9174,444.95547,cam_3_1690304366_11-59-26.jpg
329,190,2293.9915,433.38593,2670.335,644.8207,cam_3_1690304501_12-01-41.jpg
329,151,1632.4608,478.30307,2012.4333,714.28076,cam_3_1690304501_12-01-41.jpg
329,345,1528.7213,419.75748,1957.6842,657.2476,cam_3_1690304501_12-01-41.jpg
329,369,1477.9841,393.02103,1833.3307,593.7689,cam_3_1690304501_12-01-41.jpg
329,347,1364.2594,377.19257,1738.1808,576.9606,cam_3_1690304501_12-01-41.jpg
329,316,1274.3126,353.61395,1621.184,538.8714,cam_3_1690304501_12-01-41.jpg
329,289,1965.4586,383.44458,2368.1047,578.37866,cam_3_1690304501_12-01-41.jpg
329,178,451.34418,541.5883,1077.6588,967.1621,cam_3_1690304501_12-01-41.jpg
329,292,420.91437,384.4733,868.40234,696.0895,cam_3_1690304501_12-01-41.jpg
329,368,1554.0127,186.66446,1910.9242,354.9111,cam_3_1690304501_12-01-41.jpg
330,190,2293.3818,435.19812,2674.322,644.57477,cam_3_1690304651_12-04-11.jpg
330,151,1632.4089,476.64523,2017.5535,715.5073,cam_3_1690304651_12-04-11.jpg
330,345,1528.0835,417.67023,1958.4143,657.68463,cam_3_1690304651_12-04-11.jpg
330,369,1478.7719,390.6408,1836.6493,593.5444,cam_3_1690304651_12-04-11.jpg
330,347,1364.3586,376.5349,1747.3579,578.5332,cam_3_1690304651_12-04-11.jpg
330,316,1276.135,353.3253,1618.0647,538.3676,cam_3_1690304651_12-04-11.jpg
330,289,1976.4236,383.47675,2376.8252,578.6144,cam_3_1690304651_12-04-11.jpg
330,178,467.9501,510.07895,1109.247,965.9399,cam_3_1690304651_12-04-11.jpg
330,292,444.41367,386.52124,821.02,694.15375,cam_3_1690304651_12-04-11.jpg
330,368,1509.6241,186.85867,1861.0361,357.66107,cam_3_1690304651_12-04-11.jpg
330,365,565.93225,920.4666,1480.697,1510.6252,cam_3_1690304651_12-04-11.jpg
331,190,2294.7573,433.80933,2675.5493,644.0725,cam_3_1690304771_12-06-11.jpg
331,151,1639.0283,476.67255,2018.7848,714.7431,cam_3_1690304771_12-06-11.jpg
331,345,1525.7516,417.4061,1949.5977,653.79346,cam_3_1690304771_12-06-11.jpg
331,369,1474.249,390.80267,1832.3866,593.55225,cam_3_1690304771_12-06-11.jpg
331,347,1361.3687,376.33502,1741.412,578.4655,cam_3_1690304771_12-06-11.jpg
331,316,1274.5271,355.17163,1624.5544,539.8403,cam_3_1690304771_12-06-11.jpg
331,289,1974.2311,384.67285,2377.639,579.0599,cam_3_1690304771_12-06-11.jpg
331,178,353.4803,497.8236,1115.6339,951.40533,cam_3_1690304771_12-06-11.jpg
331,292,453.99857,390.46918,831.764,707.94604,cam_3_1690304771_12-06-11.jpg
331,368,1551.555,180.7629,1889.4393,345.06918,cam_3_1690304771_12-06-11.jpg
331,376,452.95612,456.1874,899.28674,745.6523,cam_3_1690304771_12-06-11.jpg
331,365,553.25055,924.15405,1458.2454,1500.904,cam_3_1690304771_12-06-11.jpg
332,190,2287.97,435.7018,2668.971,645.83215,cam_3_1690304801_12-06-41.jpg
332,151,1635.5405,476.65677,2018.5385,713.3378,cam_3_1690304801_12-06-41.jpg
332,345,1527.43,418.38602,1944.3431,652.76746,cam_3_1690304801_12-06-41.jpg
332,369,1471.7578,392.4042,1828.8312,592.9359,cam_3_1690304801_12-06-41.jpg
332,347,1360.943,376.1852,1739.804,577.16425,cam_3_1690304801_12-06-41.jpg
332,316,1274.333,354.47766,1625.5505,539.8477,cam_3_1690304801_12-06-41.jpg
332,289,1978.0746,383.97083,2376.2278,576.7238,cam_3_1690304801_12-06-41.jpg
332,178,311.16486,493.5541,1118.0563,941.4631,cam_3_1690304801_12-06-41.jpg
332,292,433.62167,383.9689,852.92444,691.23236,cam_3_1690304801_12-06-41.jpg
332,368,1565.2887,180.60324,1902.2206,347.9497,cam_3_1690304801_12-06-41.jpg
332,376,569.5278,462.33215,919.6706,659.46484,cam_3_1690304801_12-06-41.jpg
332,365,481.12714,926.1537,1459.2905,1503.063,cam_3_1690304801_12-06-41.jpg
333,190,2289.6565,434.69836,2670.8955,645.49445,cam_3_1690304861_12-07-41.jpg
333,151,1632.0918,475.06503,2016.5122,714.65533,cam_3_1690304861_12-07-41.jpg
333,345,1524.9681,416.96072,1949.1702,655.96857,cam_3_1690304861_12-07-41.jpg
333,369,1472.4929,390.58255,1831.6023,592.9016,cam_3_1690304861_12-07-41.jpg
333,347,1362.0177,376.2418,1740.2454,576.1123,cam_3_1690304861_12-07-41.jpg
333,316,1273.9482,354.40863,1627.3469,539.8932,cam_3_1690304861_12-07-41.jpg
333,289,1971.6257,384.40076,2375.7576,577.0412,cam_3_1690304861_12-07-41.jpg
333,178,309.5161,491.19382,1122.127,932.4996,cam_3_1690304861_12-07-41.jpg
333,292,392.1381,382.2305,862.14014,663.2394,cam_3_1690304861_12-07-41.jpg
333,368,1560.3414,180.64397,1900.7849,345.35886,cam_3_1690304861_12-07-41.jpg
333,376,600.7251,469.3749,931.77155,636.8646,cam_3_1690304861_12-07-41.jpg
333,365,513.63824,898.17426,1444.2227,1483.1135,cam_3_1690304861_12-07-41.jpg
334,190,2287.8955,434.85846,2671.9824,645.36664,cam_3_1690305101_12-11-41.jpg
334,151,1629.4688,476.62323,2014.7584,713.6834,cam_3_1690305101_12-11-41.jpg
334,345,1527.0205,418.61426,1958.3042,657.98596,cam_3_1690305101_12-11-41.jpg
334,369,1478.456,392.1857,1831.7373,595.95087,cam_3_1690305101_12-11-41.jpg
334,347,1363.4932,378.11258,1748.9604,577.43134,cam_3_1690305101_12-11-41.jpg
334,316,1274.2621,354.99588,1636.4375,538.39496,cam_3_1690305101_12-11-41.jpg
334,289,1974.8363,386.61227,2374.7178,576.8712,cam_3_1690305101_12-11-41.jpg
334,178,432.69342,502.69302,1103.3871,979.611,cam_3_1690305101_12-11-41.jpg
334,292,351.2938,378.54474,865.4277,616.82513,cam_3_1690305101_12-11-41.jpg
334,368,1575.9172,177.58185,1904.651,338.7601,cam_3_1690305101_12-11-41.jpg
334,365,523.2185,798.18567,1331.9329,1307.4788,cam_3_1690305101_12-11-41.jpg
334,378,472.67496,462.65036,930.4657,835.0606,cam_3_1690305101_12-11-41.jpg
335,190,2288.9897,435.60062,2674.6833,644.17456,cam_3_1690305221_12-13-41.jpg
335,151,1633.4958,478.57437,2015.8629,712.3933,cam_3_1690305221_12-13-41.jpg
335,345,1529.3778,419.9315,1959.9359,656.6372,cam_3_1690305221_12-13-41.jpg
335,369,1480.4803,392.96814,1833.125,594.8695,cam_3_1690305221_12-13-41.jpg
335,347,1362.8688,380.72968,1745.5768,578.1476,cam_3_1690305221_12-13-41.jpg
335,316,1271.5,358.76392,1623.7938,536.41205,cam_3_1690305221_12-13-41.jpg
335,289,1982.3242,385.6129,2377.087,577.5835,cam_3_1690305221_12-13-41.jpg
335,178,413.40613,526.1743,1148.4198,1016.9184,cam_3_1690305221_12-13-41.jpg
335,292,409.7508,399.90176,881.70135,695.41016,cam_3_1690305221_12-13-41.jpg
335,378,482.78024,462.70584,951.4659,815.3995,cam_3_1690305221_12-13-41.jpg
335,362,1025.6774,265.33368,1374.8131,523.33887,cam_3_1690305221_12-13-41.jpg
336,190,2282.4214,436.27814,2672.9646,646.649,cam_3_1690305236_12-13-56.jpg
336,151,1633.1925,480.2198,2014.5818,713.61035,cam_3_1690305236_12-13-56.jpg
336,345,1532.0674,419.88977,1961.467,656.2092,cam_3_1690305236_12-13-56.jpg
336,369,1481.0366,392.5203,1833.835,595.385,cam_3_1690305236_12-13-56.jpg
336,347,1364.4463,380.95053,1746.653,578.9269,cam_3_1690305236_12-13-56.jpg
336,316,1268.6892,355.83142,1617.6152,536.6165,cam_3_1690305236_12-13-56.jpg
336,289,1981.1409,387.88052,2378.9128,578.4757,cam_3_1690305236_12-13-56.jpg
336,178,374.67505,531.848,1161.3733,1016.90454,cam_3_1690305236_12-13-56.jpg
336,292,432.2709,407.87036,888.466,718.5007,cam_3_1690305236_12-13-56.jpg
336,378,516.25256,470.26044,966.73596,762.72876,cam_3_1690305236_12-13-56.jpg
336,379,1947.0215,192.83679,2111.3542,370.47437,cam_3_1690305236_12-13-56.jpg
336,362,1021.3648,270.2775,1372.0286,525.1521,cam_3_1690305236_12-13-56.jpg
337,190,2283.9307,436.17398,2675.5542,643.76855,cam_3_1690305341_12-15-41.jpg
337,151,1631.7374,478.16177,2019.1293,713.3109,cam_3_1690305341_12-15-41.jpg
337,345,1533.0238,419.9406,1962.7524,657.25415,cam_3_1690305341_12-15-41.jpg
337,369,1479.638,390.0312,1838.1824,598.55444,cam_3_1690305341_12-15-41.jpg
337,347,1368.1879,380.0656,1747.1764,580.07056,cam_3_1690305341_12-15-41.jpg
337,316,1269.2448,356.41254,1622.4728,540.3387,cam_3_1690305341_12-15-41.jpg
337,289,1987.9141,386.49603,2373.8008,576.66986,cam_3_1690305341_12-15-41.jpg
337,178,455.20645,537.1419,1175.646,1055.3846,cam_3_1690305341_12-15-41.jpg
337,292,440.56845,409.20483,879.8293,735.20514,cam_3_1690305341_12-15-41.jpg
337,378,487.02463,473.7004,972.9341,845.74603,cam_3_1690305341_12-15-41.jpg
337,379,1812.623,184.2702,2107.741,359.1733,cam_3_1690305341_12-15-41.jpg
337,380,603.7872,472.67972,976.6445,703.1958,cam_3_1690305341_12-15-41.jpg
337,364,1982.6302,225.25458,2300.9338,407.77036,cam_3_1690305341_12-15-41.jpg
338,190,2292.3953,434.10043,2669.3723,640.7967,cam_3_1690305446_12-17-26.jpg
338,151,1629.3932,477.30814,2018.8385,713.68726,cam_3_1690305446_12-17-26.jpg
338,345,1534.353,418.99084,1959.8285,657.1925,cam_3_1690305446_12-17-26.jpg
338,369,1478.9996,389.6109,1836.8055,594.7742,cam_3_1690305446_12-17-26.jpg
338,347,1363.8953,380.04794,1743.0035,580.5909,cam_3_1690305446_12-17-26.jpg
338,316,1271.021,354.8712,1617.5135,541.8026,cam_3_1690305446_12-17-26.jpg
338,289,1985.1593,387.21442,2377.6484,577.9434,cam_3_1690305446_12-17-26.jpg
338,178,375.43213,537.3177,1177.4427,1036.7875,cam_3_1690305446_12-17-26.jpg
338,292,417.5695,411.3665,889.2297,665.3535,cam_3_1690305446_12-17-26.jpg
338,378,441.41772,473.47125,968.10675,786.15845,cam_3_1690305446_12-17-26.jpg
338,380,611.3997,474.2287,964.09894,692.7031,cam_3_1690305446_12-17-26.jpg
338,368,1592.3643,176.43918,1916.3572,333.46875,cam_3_1690305446_12-17-26.jpg
339,190,2276.6194,432.3099,2666.9822,641.7157,cam_3_1690305476_12-17-56.jpg
339,151,1629.3403,478.60202,2017.365,713.9078,cam_3_1690305476_12-17-56.jpg
339,345,1532.0925,421.90057,1945.313,659.37695,cam_3_1690305476_12-17-56.jpg
339,369,1479.5446,390.2246,1836.5349,598.2355,cam_3_1690305476_12-17-56.jpg
339,347,1366.9003,380.67383,1745.708,581.6569,cam_3_1690305476_12-17-56.jpg
339,316,1269.1837,356.00183,1612.9899,543.51666,cam_3_1690305476_12-17-56.jpg
339,289,1984.5417,387.5485,2375.6025,577.24,cam_3_1690305476_12-17-56.jpg
339,178,338.4398,535.90875,1183.4988,1022.1708,cam_3_1690305476_12-17-56.jpg
339,292,425.78305,410.84003,880.893,660.5541,cam_3_1690305476_12-17-56.jpg
339,378,431.3956,470.55603,960.939,757.6403,cam_3_1690305476_12-17-56.jpg
339,383,529.5715,408.09402,882.31946,578.45746,cam_3_1690305476_12-17-56.jpg
340,190,2285.9849,433.3776,2667.743,642.53296,cam_3_1690305506_12-18-26.jpg
340,151,1629.5037,478.63666,2018.8969,713.5567,cam_3_1690305506_12-18-26.jpg
340,345,1530.6064,421.45242,1949.8683,658.4232,cam_3_1690305506_12-18-26.jpg
340,369,1477.2382,391.30756,1833.1372,598.2992,cam_3_1690305506_12-18-26.jpg
340,347,1366.5217,380.6651,1740.8033,579.22784,cam_3_1690305506_12-18-26.jpg
340,316,1270.7415,357.2333,1612.9316,541.36115,cam_3_1690305506_12-18-26.jpg
340,289,1979.0269,390.68823,2368.5854,575.73047,cam_3_1690305506_12-18-26.jpg
340,178,319.10544,541.96375,1173.1093,1029.4594,cam_3_1690305506_12-18-26.jpg
340,292,393.51834,411.05835,892.71674,637.3292,cam_3_1690305506_12-18-26.jpg
340,378,421.2191,479.74112,944.13635,792.0532,cam_3_1690305506_12-18-26.jpg
340,387,1363.8324,197.4767,1532.7625,390.37527,cam_3_1690305506_12-18-26.jpg
341,190,2284.1978,433.6542,2669.4644,642.41254,cam_3_1690305611_12-20-11.jpg
341,151,1628.1002,477.60025,2019.6381,714.29565,cam_3_1690305611_12-20-11.jpg
341,345,1531.213,420.5868,1954.4497,659.6743,cam_3_1690305611_12-20-11.jpg
341,369,1479.7515,391.79404,1831.0194,597.6777,cam_3_1690305611_12-20-11.jpg
341,347,1366.4663,381.29184,1743.1716,579.3602,cam_3_1690305611_12-20-11.jpg
341,316,1270.915,356.89847,1612.5933,539.5647,cam_3_1690305611_12-20-11.jpg
341,289,1972.7075,388.21472,2369.8813,575.38495,cam_3_1690305611_12-20-11.jpg
341,178,380.84836,546.1164,1184.6133,1041.0049,cam_3_1690305611_12-20-11.jpg
341,378,396.1613,467.7986,953.2613,720.3934,cam_3_1690305611_12-20-11.jpg
341,387,1335.2319,200.15274,1522.3757,395.46207,cam_3_1690305611_12-20-11.jpg
342,190,2286.1626,433.5695,2668.558,642.1463,cam_3_1690305626_12-20-26.jpg
342,151,1627.9175,478.66193,2016.7899,715.14044,cam_3_1690305626_12-20-26.jpg
342,345,1530.4252,421.45615,1949.7323,660.0364,cam_3_1690305626_12-20-26.jpg
342,369,1480.1957,390.7779,1834.3296,598.4727,cam_3_1690305626_12-20-26.jpg
342,347,1364.4948,380.56723,1743.5547,580.0033,cam_3_1690305626_12-20-26.jpg
342,316,1272.5967,356.4702,1618.9816,540.9873,cam_3_1690305626_12-20-26.jpg
342,289,1970.665,386.6721,2369.3887,575.4205,cam_3_1690305626_12-20-26.jpg
342,178,443.54492,548.6651,1185.1919,1073.0968,cam_3_1690305626_12-20-26.jpg
342,378,419.60672,463.15735,930.18024,738.0232,cam_3_1690305626_12-20-26.jpg
342,387,1349.5847,196.82808,1546.6484,394.5588,cam_3_1690305626_12-20-26.jpg
342,292,413.85748,420.70084,889.2228,655.163,cam_3_1690305626_12-20-26.jpg
343,190,2296.349,434.66602,2668.8625,645.12213,cam_3_1690305806_12-23-26.jpg
343,151,1628.3048,476.4018,2019.4287,713.1076,cam_3_1690305806_12-23-26.jpg
343,345,1530.7582,421.2875,1947.2206,659.0694,cam_3_1690305806_12-23-26.jpg
343,369,1480.6133,390.32434,1835.8278,597.2615,cam_3_1690305806_12-23-26.jpg
343,347,1367.7515,380.5102,1740.4142,579.11694,cam_3_1690305806_12-23-26.jpg
343,316,1271.5155,353.91003,1620.1896,540.23975,cam_3_1690305806_12-23-26.jpg
343,289,1973.1361,387.5972,2370.105,574.84344,cam_3_1690305806_12-23-26.jpg
343,178,364.09918,546.8524,1199.1257,1046.0369,cam_3_1690305806_12-23-26.jpg
343,378,424.86856,463.61737,912.9692,764.53864,cam_3_1690305806_12-23-26.jpg
343,387,1348.5503,209.36838,1500.3501,399.4113,cam_3_1690305806_12-23-26.jpg
343,383,632.08014,393.22577,1023.9375,604.2072,cam_3_1690305806_12-23-26.jpg
344,190,2301.0813,434.29437,2665.9893,643.7809,cam_3_1690305956_12-25-56.jpg
344,151,1630.4338,477.0012,2017.5242,713.7025,cam_3_1690305956_12-25-56.jpg
344,345,1531.8506,420.2553,1944.3175,657.9672,cam_3_1690305956_12-25-56.jpg
344,369,1480.9283,391.81625,1835.4735,595.57,cam_3_1690305956_12-25-56.jpg
344,347,1366.5128,380.99747,1740.1431,578.6995,cam_3_1690305956_12-25-56.jpg
344,316,1271.341,356.0671,1612.3243,539.6517,cam_3_1690305956_12-25-56.jpg
344,289,1979.1628,388.13593,2367.1199,574.33777,cam_3_1690305956_12-25-56.jpg
344,387,1340.4119,211.6672,1484.4746,406.03122,cam_3_1690305956_12-25-56.jpg
344,365,514.52594,552.12494,1196.679,1106.2959,cam_3_1690305956_12-25-56.jpg
344,380,562.0175,457.5948,924.11444,661.88153,cam_3_1690305956_12-25-56.jpg
345,190,2303.384,433.4282,2664.975,641.1739,cam_3_1690305971_12-26-11.jpg
345,151,1631.8986,477.9433,2018.148,714.0652,cam_3_1690305971_12-26-11.jpg
345,345,1532.2853,420.11865,1950.6128,658.6351,cam_3_1690305971_12-26-11.jpg
345,369,1477.869,391.66467,1835.0535,596.06116,cam_3_1690305971_12-26-11.jpg
345,347,1362.639,381.2682,1736.874,578.5682,cam_3_1690305971_12-26-11.jpg
345,316,1272.6725,356.82468,1606.8859,537.6928,cam_3_1690305971_12-26-11.jpg
345,289,1978.327,387.5972,2367.1755,573.4046,cam_3_1690305971_12-26-11.jpg
345,387,1341.106,215.43417,1475.3566,410.64346,cam_3_1690305971_12-26-11.jpg
345,389,1169.3632,214.79001,1342.601,434.02267,cam_3_1690305971_12-26-11.jpg
345,380,577.09375,452.71152,929.2927,661.9062,cam_3_1690305971_12-26-11.jpg
345,178,330.8111,544.55005,1201.5188,1036.533,cam_3_1690305971_12-26-11.jpg
346,190,2295.917,333.43155,2677.7517,629.37683,cam_3_1690306106_12-28-26.jpg
346,151,1627.6738,474.87958,2016.3724,712.2719,cam_3_1690306106_12-28-26.jpg
346,345,1533.2833,420.2982,1945.9478,657.8272,cam_3_1690306106_12-28-26.jpg
346,369,1476.6641,396.15533,1832.0287,598.5328,cam_3_1690306106_12-28-26.jpg
346,347,1368.9065,383.6531,1737.1268,578.1264,cam_3_1690306106_12-28-26.jpg
346,316,1271.7277,360.32675,1599.597,538.49554,cam_3_1690306106_12-28-26.jpg
346,289,1989.4823,384.99033,2366.3154,571.88776,cam_3_1690306106_12-28-26.jpg
346,387,1337.6453,217.93489,1472.0538,407.45306,cam_3_1690306106_12-28-26.jpg
346,376,975.8622,229.10034,1282.9877,448.6741,cam_3_1690306106_12-28-26.jpg
346,378,439.09613,458.5516,920.2882,770.53076,cam_3_1690306106_12-28-26.jpg
346,365,497.98404,550.0364,1192.6633,1094.803,cam_3_1690306106_12-28-26.jpg
347,190,2303.4927,305.76645,2680.356,621.74554,cam_3_1690306151_12-29-11.jpg
347,151,1625.7283,475.17368,2016.5006,711.9674,cam_3_1690306151_12-29-11.jpg
347,345,1530.4832,420.95407,1942.8639,658.0106,cam_3_1690306151_12-29-11.jpg
347,369,1476.577,398.3766,1825.8772,598.39716,cam_3_1690306151_12-29-11.jpg
347,347,1370.8079,385.35318,1736.9817,576.3211,cam_3_1690306151_12-29-11.jpg
347,316,1274.0612,358.3789,1602.0133,541.4934,cam_3_1690306151_12-29-11.jpg
347,289,1991.584,382.895,2365.663,569.8562,cam_3_1690306151_12-29-11.jpg
347,387,1322.9698,217.2108,1488.8547,409.5157,cam_3_1690306151_12-29-11.jpg
347,376,979.24396,218.69507,1291.9838,443.48547,cam_3_1690306151_12-29-11.jpg
347,378,438.5541,460.71573,926.50604,776.8383,cam_3_1690306151_12-29-11.jpg
347,178,338.08224,539.4976,1224.7839,1035.3099,cam_3_1690306151_12-29-11.jpg
348,190,2269.1423,393.47958,2694.124,641.90063,cam_3_1690306406_12-33-26.jpg
348,151,1628.5305,477.06274,2012.544,712.03656,cam_3_1690306406_12-33-26.jpg
348,345,1530.7079,421.61823,1938.5782,653.31573,cam_3_1690306406_12-33-26.jpg
348,369,1477.2823,394.41626,1828.4474,593.6028,cam_3_1690306406_12-33-26.jpg
348,347,1368.9791,382.10217,1738.551,577.0169,cam_3_1690306406_12-33-26.jpg
348,316,1274.507,355.88538,1613.818,540.7488,cam_3_1690306406_12-33-26.jpg
348,289,1992.5142,384.55182,2370.831,573.3147,cam_3_1690306406_12-33-26.jpg
348,178,397.26993,555.08466,1228.9489,1071.7166,cam_3_1690306406_12-33-26.jpg
348,364,1944.7025,157.65538,2129.6526,355.4863,cam_3_1690306406_12-33-26.jpg
348,383,745.0773,333.64313,1105.4113,620.10956,cam_3_1690306406_12-33-26.jpg
348,380,532.8424,339.82663,833.95,598.17065,cam_3_1690306406_12-33-26.jpg
349,190,2251.6213,436.06265,2701.946,650.6843,cam_3_1690306421_12-33-41.jpg
349,151,1634.2275,479.29166,2018.2614,708.847,cam_3_1690306421_12-33-41.jpg
349,345,1530.4655,422.53445,1943.4949,651.76794,cam_3_1690306421_12-33-41.jpg
349,369,1477.5923,394.80145,1830.3534,592.01245,cam_3_1690306421_12-33-41.jpg
349,347,1367.5515,381.2674,1734.5516,574.68195,cam_3_1690306421_12-33-41.jpg
349,316,1275.21,354.8379,1613.1472,532.76526,cam_3_1690306421_12-33-41.jpg
349,289,1975.8102,395.17673,2319.8806,572.36285,cam_3_1690306421_12-33-41.jpg
349,178,721.9613,523.52527,1329.5894,1048.8218,cam_3_1690306421_12-33-41.jpg
349,383,753.1956,333.31857,1108.161,625.36237,cam_3_1690306421_12-33-41.jpg
349,380,531.3844,325.74228,806.54083,597.48267,cam_3_1690306421_12-33-41.jpg
349,367,2169.5784,255.313,2620.5989,496.98044,cam_3_1690306421_12-33-41.jpg
350,190,2250.8198,447.58337,2701.6414,657.05444,cam_3_1690306586_12-36-26.jpg
350,151,1633.6206,473.58926,2052.009,712.3017,cam_3_1690306586_12-36-26.jpg
350,345,1528.8457,420.9595,1946.8591,652.1049,cam_3_1690306586_12-36-26.jpg
350,369,1477.9967,393.75217,1830.9615,590.6865,cam_3_1690306586_12-36-26.jpg
350,347,1367.6738,379.10342,1731.0247,575.31323,cam_3_1690306586_12-36-26.jpg
350,316,1279.8942,357.3391,1601.1305,538.4385,cam_3_1690306586_12-36-26.jpg
350,289,2068.998,408.69345,2429.583,591.2256,cam_3_1690306586_12-36-26.jpg
350,383,697.8091,338.51566,1025.416,643.5952,cam_3_1690306586_12-36-26.jpg
350,376,1087.3173,246.67596,1460.0662,522.00275,cam_3_1690306586_12-36-26.jpg
351,190,2248.2231,451.81393,2702.3108,659.1286,cam_3_1690306661_12-37-41.jpg
351,151,1631.169,470.29593,2030.0585,713.13837,cam_3_1690306661_12-37-41.jpg
351,345,1526.6416,421.97278,1949.8419,653.1163,cam_3_1690306661_12-37-41.jpg
351,369,1480.8802,392.7521,1836.7258,591.7599,cam_3_1690306661_12-37-41.jpg
351,347,1367.288,379.72275,1738.4932,575.81476,cam_3_1690306661_12-37-41.jpg
351,316,1274.5195,359.31506,1605.4985,537.5494,cam_3_1690306661_12-37-41.jpg
351,289,2091.8928,414.25162,2465.3396,600.51056,cam_3_1690306661_12-37-41.jpg
351,376,1102.2732,252.24284,1484.4346,536.0996,cam_3_1690306661_12-37-41.jpg
351,389,947.9748,221.5793,1317.4236,384.7007,cam_3_1690306661_12-37-41.jpg
351,380,527.3049,320.79706,855.1134,601.5623,cam_3_1690306661_12-37-41.jpg
352,190,2255.7466,455.28333,2702.667,660.59576,cam_3_1690306691_12-38-11.jpg
352,151,1628.1252,471.5727,2023.5731,713.6287,cam_3_1690306691_12-38-11.jpg
352,345,1526.6576,421.40717,1953.9395,655.1024,cam_3_1690306691_12-38-11.jpg
352,369,1478.9182,392.53336,1835.1707,591.4585,cam_3_1690306691_12-38-11.jpg
352,347,1367.2114,379.53497,1739.5353,576.1448,cam_3_1690306691_12-38-11.jpg
352,316,1277.8562,358.83716,1606.0333,535.9812,cam_3_1690306691_12-38-11.jpg
352,289,2098.8926,416.31598,2469.9192,602.7712,cam_3_1690306691_12-38-11.jpg
352,376,1110.4745,254.52184,1506.776,540.1225,cam_3_1690306691_12-38-11.jpg
352,390,1986.1885,385.87103,2339.688,563.7679,cam_3_1690306691_12-38-11.jpg
352,389,930.1076,222.94336,1318.3315,382.2946,cam_3_1690306691_12-38-11.jpg
352,380,430.2591,328.96762,843.4905,605.4456,cam_3_1690306691_12-38-11.jpg
353,190,2257.3745,455.58368,2701.9434,660.8049,cam_3_1690306781_12-39-41.jpg
353,151,1628.5022,474.45047,2017.8932,713.9922,cam_3_1690306781_12-39-41.jpg
353,345,1527.049,423.08875,1954.579,655.3402,cam_3_1690306781_12-39-41.jpg
353,369,1480.3452,395.49524,1843.6642,591.949,cam_3_1690306781_12-39-41.jpg
353,347,1369.7217,379.6364,1738.2797,576.1847,cam_3_1690306781_12-39-41.jpg
353,316,1276.5933,363.13715,1602.9099,537.94556,cam_3_1690306781_12-39-41.jpg
353,289,2090.4934,415.8672,2475.517,606.3655,cam_3_1690306781_12-39-41.jpg
353,376,1113.2814,255.66092,1506.6179,541.6728,cam_3_1690306781_12-39-41.jpg
353,390,1968.0231,388.0472,2338.471,564.622,cam_3_1690306781_12-39-41.jpg
353,389,922.72614,223.24216,1311.0876,383.39612,cam_3_1690306781_12-39-41.jpg
353,380,428.79953,328.55078,849.3263,622.59766,cam_3_1690306781_12-39-41.jpg
354,190,2256.2866,454.744,2704.517,661.9398,cam_3_1690306841_12-40-41.jpg
354,151,1629.331,473.36783,2018.2314,713.1655,cam_3_1690306841_12-40-41.jpg
354,345,1527.2648,422.2943,1952.1417,651.3897,cam_3_1690306841_12-40-41.jpg
354,369,1478.4044,394.70065,1840.416,590.6369,cam_3_1690306841_12-40-41.jpg
354,347,1372.3363,379.2702,1739.52,574.8692,cam_3_1690306841_12-40-41.jpg
354,316,1276.9769,361.66763,1599.9443,535.97064,cam_3_1690306841_12-40-41.jpg
354,289,2090.688,415.48108,2474.851,606.2348,cam_3_1690306841_12-40-41.jpg
354,376,1113.2406,254.70981,1505.9353,542.30334,cam_3_1690306841_12-40-41.jpg
354,390,1976.5734,388.28177,2346.4932,569.88403,cam_3_1690306841_12-40-41.jpg
354,389,919.20575,224.97992,1296.078,387.71292,cam_3_1690306841_12-40-41.jpg
354,380,434.79156,329.66534,850.9217,630.89935,cam_3_1690306841_12-40-41.jpg
355,190,2255.712,455.55774,2701.6724,660.69507,cam_3_1690306976_12-42-56.jpg
355,151,1629.4016,475.7786,2016.0173,712.6302,cam_3_1690306976_12-42-56.jpg
355,345,1521.6306,423.68567,1942.98,653.6168,cam_3_1690306976_12-42-56.jpg
355,369,1477.1992,394.10696,1832.6567,590.7062,cam_3_1690306976_12-42-56.jpg
355,347,1369.5387,379.5399,1739.6359,576.24,cam_3_1690306976_12-42-56.jpg
355,316,1277.0531,361.24042,1597.7311,536.33765,cam_3_1690306976_12-42-56.jpg
355,289,2092.8462,421.01385,2479.6003,617.5181,cam_3_1690306976_12-42-56.jpg
355,376,1113.9102,256.20328,1508.0239,542.9892,cam_3_1690306976_12-42-56.jpg
355,390,1967.2533,388.96292,2341.0188,568.47815,cam_3_1690306976_12-42-56.jpg
355,389,915.57526,223.36125,1300.3783,411.27512,cam_3_1690306976_12-42-56.jpg
355,380,438.91757,330.85336,839.25604,636.91925,cam_3_1690306976_12-42-56.jpg
356,190,2269.1309,455.51163,2701.964,658.8869,cam_3_1690307036_12-43-56.jpg
356,151,1628.3356,477.4114,2011.41,713.2687,cam_3_1690307036_12-43-56.jpg
356,345,1524.8337,423.51868,1937.3148,653.4563,cam_3_1690307036_12-43-56.jpg
356,369,1476.3728,393.08966,1827.7781,590.39545,cam_3_1690307036_12-43-56.jpg
356,347,1373.12,379.84836,1737.4412,574.74774,cam_3_1690307036_12-43-56.jpg
356,316,1273.4991,363.39737,1598.8501,540.81085,cam_3_1690307036_12-43-56.jpg
356,289,2094.6091,422.8212,2487.5183,620.67224,cam_3_1690307036_12-43-56.jpg
356,376,1108.9939,257.62564,1501.713,541.16504,cam_3_1690307036_12-43-56.jpg
356,390,1961.1252,388.13562,2339.6155,564.1542,cam_3_1690307036_12-43-56.jpg
356,389,920.6522,223.85811,1275.5679,441.45813,cam_3_1690307036_12-43-56.jpg
356,380,437.69354,329.90518,845.59424,638.4956,cam_3_1690307036_12-43-56.jpg
357,190,2255.6333,453.2365,2699.2107,661.7836,cam_3_1690307156_12-45-56.jpg
357,151,1629.9504,474.7798,2017.1177,712.138,cam_3_1690307156_12-45-56.jpg
357,345,1519.5771,422.68546,1938.4728,650.9474,cam_3_1690307156_12-45-56.jpg
357,369,1476.7391,391.82733,1820.804,587.96136,cam_3_1690307156_12-45-56.jpg
357,347,1366.4081,379.3646,1732.5724,577.2704,cam_3_1690307156_12-45-56.jpg
357,316,1273.551,361.8626,1601.9155,537.98785,cam_3_1690307156_12-45-56.jpg
357,289,2092.9885,422.5471,2481.9517,622.93677,cam_3_1690307156_12-45-56.jpg
357,376,1108.4639,260.25732,1488.1008,545.62415,cam_3_1690307156_12-45-56.jpg
357,390,1967.6215,388.9438,2338.7498,564.20874,cam_3_1690307156_12-45-56.jpg
357,389,916.4754,227.84608,1283.8162,417.884,cam_3_1690307156_12-45-56.jpg
357,380,440.28625,333.78284,841.4327,637.78796,cam_3_1690307156_12-45-56.jpg
358,190,2270.096,457.1936,2700.8286,660.3741,cam_3_1690307351_12-49-11.jpg
358,151,1626.3473,476.34055,2010.5193,712.4511,cam_3_1690307351_12-49-11.jpg
358,345,1517.4292,420.9905,1936.6276,651.3886,cam_3_1690307351_12-49-11.jpg
358,369,1475.9384,390.55438,1825.4935,589.26794,cam_3_1690307351_12-49-11.jpg
358,347,1364.2314,380.439,1728.1777,578.2876,cam_3_1690307351_12-49-11.jpg
358,316,1274.5426,356.7205,1603.7024,536.73285,cam_3_1690307351_12-49-11.jpg
358,289,2100.0698,423.42126,2485.3052,623.803,cam_3_1690307351_12-49-11.jpg
358,390,1960.0645,387.58588,2340.999,561.4184,cam_3_1690307351_12-49-11.jpg
358,389,914.47186,228.02663,1286.0126,447.55835,cam_3_1690307351_12-49-11.jpg
358,380,448.06924,364.33484,788.0894,685.63104,cam_3_1690307351_12-49-11.jpg
359,190,2270.3037,459.08182,2701.161,660.04895,cam_3_1690307381_12-49-41.jpg
359,151,1626.1367,475.22266,2010.9498,713.0991,cam_3_1690307381_12-49-41.jpg
359,345,1518.5146,419.65738,1936.9435,651.69037,cam_3_1690307381_12-49-41.jpg
359,369,1477.5524,389.5913,1829.1641,590.3087,cam_3_1690307381_12-49-41.jpg
359,347,1370.0552,379.7725,1730.316,577.943,cam_3_1690307381_12-49-41.jpg
359,316,1276.9243,356.9617,1608.0358,537.45715,cam_3_1690307381_12-49-41.jpg
359,289,2101.2595,423.74615,2486.5593,622.7841,cam_3_1690307381_12-49-41.jpg
359,390,1957.5876,385.59137,2337.2488,555.9031,cam_3_1690307381_12-49-41.jpg
359,389,911.8576,226.41919,1283.2946,455.97034,cam_3_1690307381_12-49-41.jpg
359,380,533.91833,369.9642,774.67487,683.79004,cam_3_1690307381_12-49-41.jpg
359,391,1366.4636,210.17435,1726.616,391.66348,cam_3_1690307381_12-49-41.jpg
360,190,2277.3108,460.15216,2702.7214,659.733,cam_3_1690307396_12-49-56.jpg
360,151,1624.2219,468.8357,2011.8312,713.8594,cam_3_1690307396_12-49-56.jpg
360,345,1520.8259,418.84778,1942.9005,651.47876,cam_3_1690307396_12-49-56.jpg
360,369,1480.6069,391.5017,1832.5962,591.7897,cam_3_1690307396_12-49-56.jpg
360,347,1370.3364,380.54056,1731.2657,577.35974,cam_3_1690307396_12-49-56.jpg
360,316,1269.5425,358.6616,1616.359,541.42615,cam_3_1690307396_12-49-56.jpg
360,289,2094.1453,423.51025,2484.4392,621.7877,cam_3_1690307396_12-49-56.jpg
360,390,1962.009,384.6641,2331.4114,557.21686,cam_3_1690307396_12-49-56.jpg
360,389,922.82245,225.76778,1281.8931,457.20782,cam_3_1690307396_12-49-56.jpg
360,380,554.6153,376.9225,767.91437,693.7742,cam_3_1690307396_12-49-56.jpg
360,391,1371.6785,211.23697,1734.8367,394.7026,cam_3_1690307396_12-49-56.jpg
360,368,1711.6135,204.24196,2014.6213,392.59918,cam_3_1690307396_12-49-56.jpg
361,190,2270.608,459.2608,2702.1238,659.3662,cam_3_1690307651_12-54-11.jpg
361,151,1625.7668,457.765,2016.2944,712.9734,cam_3_1690307651_12-54-11.jpg
361,345,1517.6072,417.70175,1936.1074,652.5267,cam_3_1690307651_12-54-11.jpg
361,369,1475.1488,393.37936,1814.3223,595.40216,cam_3_1690307651_12-54-11.jpg
361,316,1248.3635,318.00156,1664.6897,594.64087,cam_3_1690307651_12-54-11.jpg
361,289,2091.512,420.40372,2478.9946,611.1821,cam_3_1690307651_12-54-11.jpg
361,390,1980.2145,384.73907,2334.68,559.6964,cam_3_1690307651_12-54-11.jpg
361,389,913.597,227.98248,1272.152,460.37115,cam_3_1690307651_12-54-11.jpg
361,391,1382.082,206.62112,1748.1772,340.4666,cam_3_1690307651_12-54-11.jpg
361,368,1704.5374,209.81163,2052.1711,391.59103,cam_3_1690307651_12-54-11.jpg
361,378,472.54694,373.2601,863.4435,738.1028,cam_3_1690307651_12-54-11.jpg
362,190,2277.045,459.07385,2701.3816,658.4212,cam_3_1690307921_12-58-41.jpg
362,151,1625.7513,459.73105,2016.1113,711.34863,cam_3_1690307921_12-58-41.jpg
362,345,1519.1016,417.88144,1937.315,651.489,cam_3_1690307921_12-58-41.jpg
362,369,1472.2823,388.87286,1814.3958,591.89014,cam_3_1690307921_12-58-41.jpg
362,316,1280.3394,333.8381,1658.3341,567.32745,cam_3_1690307921_12-58-41.jpg
362,289,2093.927,419.56824,2477.113,606.3583,cam_3_1690307921_12-58-41.jpg
362,390,1980.8804,387.79846,2340.7446,564.8752,cam_3_1690307921_12-58-41.jpg
362,389,913.60284,227.78111,1273.9257,433.8486,cam_3_1690307921_12-58-41.jpg
362,391,1410.7291,206.71124,1775.5902,346.73862,cam_3_1690307921_12-58-41.jpg
362,368,1697.1359,213.31721,2065.3533,390.70322,cam_3_1690307921_12-58-41.jpg
362,378,470.3053,372.36392,881.0352,738.5284,cam_3_1690307921_12-58-41.jpg
363,190,2279.0027,462.34058,2700.9778,658.31055,cam_3_1690308101_13-01-41.jpg
363,151,1626.1113,461.57495,2011.9034,711.1814,cam_3_1690308101_13-01-41.jpg
363,345,1461.8079,354.36826,1943.4661,627.59344,cam_3_1690308101_13-01-41.jpg
363,289,2096.0466,419.32684,2482.0618,603.38934,cam_3_1690308101_13-01-41.jpg
363,390,2001.6163,389.1389,2349.8218,569.30444,cam_3_1690308101_13-01-41.jpg
363,389,910.5532,229.4208,1262.9534,410.70303,cam_3_1690308101_13-01-41.jpg
363,391,1421.552,208.12021,1774.7335,336.44714,cam_3_1690308101_13-01-41.jpg
363,368,1736.3573,212.72284,2067.4211,365.7338,cam_3_1690308101_13-01-41.jpg
363,378,471.92654,368.70822,887.9432,735.81555,cam_3_1690308101_13-01-41.jpg
363,376,1075.1251,268.4953,1430.6086,566.1333,cam_3_1690308101_13-01-41.jpg
364,190,2276.9824,461.82886,2703.0688,658.04016,cam_3_1690308176_13-02-56.jpg
364,151,1627.0726,462.89813,2009.0889,709.8892,cam_3_1690308176_13-02-56.jpg
364,345,1440.9878,331.03387,1948.9786,622.15063,cam_3_1690308176_13-02-56.jpg
364,289,2095.8962,421.05853,2485.6235,614.3897,cam_3_1690308176_13-02-56.jpg
364,390,1995.6061,387.9141,2339.659,561.61414,cam_3_1690308176_13-02-56.jpg
364,389,910.15466,231.14928,1246.5505,395.68698,cam_3_1690308176_13-02-56.jpg
364,391,1431.0776,210.52612,1795.4384,335.56253,cam_3_1690308176_13-02-56.jpg
364,368,1759.5392,209.24055,2080.1597,353.9118,cam_3_1690308176_13-02-56.jpg
364,376,1066.4117,268.9652,1410.5636,476.4575,cam_3_1690308176_13-02-56.jpg
364,383,800.2645,383.1282,1337.1827,692.25165,cam_3_1690308176_13-02-56.jpg
365,190,2264.9287,460.0353,2699.0864,661.4059,cam_3_1690308191_13-03-11.jpg
365,151,1627.0424,463.9613,2006.4752,709.7656,cam_3_1690308191_13-03-11.jpg
365,345,1442.649,327.1681,1950.7013,617.9997,cam_3_1690308191_13-03-11.jpg
365,289,2096.8997,421.71997,2481.4937,617.31726,cam_3_1690308191_13-03-11.jpg
365,390,1988.6779,389.06512,2335.9392,558.3224,cam_3_1690308191_13-03-11.jpg
365,389,907.8412,230.7612,1257.2793,390.0061,cam_3_1690308191_13-03-11.jpg
365,391,1439.8456,207.62556,1801.8601,334.8934,cam_3_1690308191_13-03-11.jpg
365,368,1777.484,209.68968,2083.3958,351.58865,cam_3_1690308191_13-03-11.jpg
365,376,1064.5352,275.267,1385.8088,545.0414,cam_3_1690308191_13-03-11.jpg
365,316,1197.0869,311.01364,1541.2352,624.3954,cam_3_1690308191_13-03-11.jpg
366,190,2252.0498,461.21027,2697.4214,661.0412,cam_3_1690308461_13-07-41.jpg
366,151,1628.6942,461.2723,2011.1805,710.8571,cam_3_1690308461_13-07-41.jpg
366,345,1438.724,327.1947,1946.6193,626.83875,cam_3_1690308461_13-07-41.jpg
366,289,2101.3525,423.12457,2480.4014,616.93695,cam_3_1690308461_13-07-41.jpg
366,390,2023.0287,390.41437,2352.2646,560.56616,cam_3_1690308461_13-07-41.jpg
366,389,914.7744,227.33044,1267.7275,390.18585,cam_3_1690308461_13-07-41.jpg
366,391,1439.3507,207.14868,1792.4332,337.0639,cam_3_1690308461_13-07-41.jpg
366,368,1752.973,192.74701,2074.3574,349.4503,cam_3_1690308461_13-07-41.jpg
366,376,1092.6293,269.55225,1426.464,554.6224,cam_3_1690308461_13-07-41.jpg
366,316,1223.4976,310.1735,1551.512,627.18396,cam_3_1690308461_13-07-41.jpg
367,190,2260.055,461.37497,2700.8596,658.753,cam_3_1690308521_13-08-41.jpg
367,151,1629.3939,463.83185,2012.6182,710.6871,cam_3_1690308521_13-08-41.jpg
367,345,1439.3898,326.3924,1935.1398,627.0416,cam_3_1690308521_13-08-41.jpg
367,289,2100.829,422.87183,2479.9062,616.1519,cam_3_1690308521_13-08-41.jpg
367,390,1997.3877,389.5409,2347.0337,560.92377,cam_3_1690308521_13-08-41.jpg
367,389,916.21045,225.39961,1277.7408,379.9766,cam_3_1690308521_13-08-41.jpg
367,391,1432.6312,206.35364,1791.4479,337.92017,cam_3_1690308521_13-08-41.jpg
367,368,1749.0645,186.13959,2074.4858,348.28134,cam_3_1690308521_13-08-41.jpg
367,376,1070.9026,269.9236,1408.1421,549.759,cam_3_1690308521_13-08-41.jpg
367,316,1171.2273,307.73816,1524.2324,634.35876,cam_3_1690308521_13-08-41.jpg
368,190,2273.8408,458.65088,2700.892,658.05066,cam_3_1690308731_13-12-11.jpg
368,151,1627.5623,452.08475,2007.4952,710.74677,cam_3_1690308731_13-12-11.jpg
368,345,1378.7871,325.57034,1872.3088,673.3126,cam_3_1690308731_13-12-11.jpg
368,289,2097.4446,417.0178,2481.4211,602.20734,cam_3_1690308731_13-12-11.jpg
368,390,1983.6018,383.83832,2343.3975,562.9841,cam_3_1690308731_13-12-11.jpg
368,389,934.4939,231.50397,1287.1558,480.48398,cam_3_1690308731_13-12-11.jpg
368,391,1429.1652,203.68146,1796.4966,333.77008,cam_3_1690308731_13-12-11.jpg
368,368,1760.663,183.40761,2068.7852,340.02203,cam_3_1690308731_13-12-11.jpg
368,316,1149.2604,306.81152,1530.154,635.2667,cam_3_1690308731_13-12-11.jpg
369,190,2270.019,458.33612,2701.7024,657.59186,cam_3_1690308776_13-12-56.jpg
369,151,1625.4297,453.56335,2012.945,712.0699,cam_3_1690308776_13-12-56.jpg
369,345,1354.0809,319.53,1819.8662,691.54376,cam_3_1690308776_13-12-56.jpg
369,289,2093.4478,416.9191,2482.3997,599.5186,cam_3_1690308776_13-12-56.jpg
369,390,1987.4496,384.29715,2342.9175,560.703,cam_3_1690308776_13-12-56.jpg
369,389,945.5701,240.18274,1225.0681,516.85724,cam_3_1690308776_13-12-56.jpg
369,391,1428.2062,203.73546,1799.3794,340.60187,cam_3_1690308776_13-12-56.jpg
369,368,1804.9894,204.29156,2153.8296,369.6466,cam_3_1690308776_13-12-56.jpg
369,376,1086.7698,227.82835,1348.1804,452.90576,cam_3_1690308776_13-12-56.jpg
370,190,2267.1287,457.85544,2702.7493,657.45294,cam_3_1690308791_13-13-11.jpg
370,151,1626.0038,453.9241,2007.6497,711.4021,cam_3_1690308791_13-13-11.jpg
370,345,1317.1656,323.2657,1835.3645,702.4944,cam_3_1690308791_13-13-11.jpg
370,289,2126.1626,417.31958,2482.9316,594.5094,cam_3_1690308791_13-13-11.jpg
370,390,1993.8079,384.80527,2350.9963,564.0762,cam_3_1690308791_13-13-11.jpg
370,389,966.0173,246.95325,1203.0382,534.2798,cam_3_1690308791_13-13-11.jpg
370,391,1428.617,204.876,1799.8503,346.1228,cam_3_1690308791_13-13-11.jpg
370,368,1824.5627,212.17535,2181.7383,377.22308,cam_3_1690308791_13-13-11.jpg
370,401,1332.8849,199.57974,1438.3044,370.3084,cam_3_1690308791_13-13-11.jpg
370,376,1091.4906,215.87253,1332.4417,416.7734,cam_3_1690308791_13-13-11.jpg
371,190,2262.913,458.35498,2702.1545,656.7259,cam_3_1690308806_13-13-26.jpg
371,151,1625.3794,454.53973,2009.8867,712.35254,cam_3_1690308806_13-13-26.jpg
371,345,1308.0381,326.96643,1838.2896,705.8196,cam_3_1690308806_13-13-26.jpg
371,289,2104.2583,415.79865,2482.9612,592.34534,cam_3_1690308806_13-13-26.jpg
371,390,1993.4645,382.79382,2343.4624,558.4514,cam_3_1690308806_13-13-26.jpg
371,389,991.1789,250.6981,1206.2623,541.59717,cam_3_1690308806_13-13-26.jpg
371,391,1428.0442,204.48714,1800.0232,346.8889,cam_3_1690308806_13-13-26.jpg
371,368,1830.4296,215.89137,2192.8455,382.47443,cam_3_1690308806_13-13-26.jpg
371,401,1326.1315,197.68721,1429.2483,368.5388,cam_3_1690308806_13-13-26.jpg
371,376,1075.3823,212.8584,1317.4584,402.2222,cam_3_1690308806_13-13-26.jpg
372,190,2262.9104,461.85477,2701.3525,658.4792,cam_3_1690308911_13-15-11.jpg
372,151,1618.0048,449.6134,2035.9764,704.6428,cam_3_1690308911_13-15-11.jpg
372,345,1264.3766,327.5943,1818.0928,716.3271,cam_3_1690308911_13-15-11.jpg
372,289,2098.905,417.67474,2480.477,596.1237,cam_3_1690308911_13-15-11.jpg
372,390,2004.5342,383.82483,2348.3962,559.91455,cam_3_1690308911_13-15-11.jpg
372,389,989.3794,295.557,1191.2966,593.62103,cam_3_1690308911_13-15-11.jpg
372,391,1425.452,203.93787,1790.7374,338.65097,cam_3_1690308911_13-15-11.jpg
372,368,1844.5604,212.42393,2193.752,383.10086,cam_3_1690308911_13-15-11.jpg
372,401,1303.4512,190.06389,1427.5773,357.44342,cam_3_1690308911_13-15-11.jpg
372,376,991.54156,221.52806,1293.1805,398.92453,cam_3_1690308911_13-15-11.jpg
372,404,1743.6909,207.74205,2036.2598,354.54605,cam_3_1690308911_13-15-11.jpg
373,190,2263.075,462.50223,2700.5254,659.1875,cam_3_1690308941_13-15-41.jpg
373,151,1617.024,450.0478,2046.6616,701.5113,cam_3_1690308941_13-15-41.jpg
373,345,1251.7384,329.11575,1794.8386,719.6059,cam_3_1690308941_13-15-41.jpg
373,289,2093.6265,418.30603,2479.0718,599.1241,cam_3_1690308941_13-15-41.jpg
373,390,1996.0011,383.55005,2342.8364,563.0267,cam_3_1690308941_13-15-41.jpg
373,389,1002.00006,321.75885,1240.244,615.7494,cam_3_1690308941_13-15-41.jpg
373,391,1427.513,201.3026,1794.2809,336.55188,cam_3_1690308941_13-15-41.jpg
373,368,1844.3019,210.70355,2185.9275,385.0246,cam_3_1690308941_13-15-41.jpg
373,401,1292.6389,195.06236,1430.8408,357.0095,cam_3_1690308941_13-15-41.jpg
373,376,930.6977,226.07533,1282.4905,393.4555,cam_3_1690308941_13-15-41.jpg
373,404,1760.4188,205.09824,2026.4839,355.5401,cam_3_1690308941_13-15-41.jpg
374,190,2265.5269,459.2079,2697.6853,658.54407,cam_3_1690308986_13-16-26.jpg
374,151,1618.6688,447.62888,2033.3688,699.4819,cam_3_1690308986_13-16-26.jpg
374,345,1265.1034,380.56476,1641.0331,756.08276,cam_3_1690308986_13-16-26.jpg
374,289,2090.0146,417.85852,2484.2854,602.0941,cam_3_1690308986_13-16-26.jpg
374,390,1994.962,382.17105,2345.1016,561.9951,cam_3_1690308986_13-16-26.jpg
374,391,1423.9645,201.38887,1793.6084,332.92892,cam_3_1690308986_13-16-26.jpg
374,368,1844.1055,211.3441,2187.3914,385.50732,cam_3_1690308986_13-16-26.jpg
374,401,1297.1278,192.77501,1432.0447,359.2901,cam_3_1690308986_13-16-26.jpg
374,376,916.407,220.98534,1283.01,439.4789,cam_3_1690308986_13-16-26.jpg
374,404,1765.256,207.94731,2073.4634,359.69513,cam_3_1690308986_13-16-26.jpg
374,347,1350.4177,310.6596,1787.9166,540.9155,cam_3_1690308986_13-16-26.jpg
375,190,2269.8105,455.79477,2694.832,654.0174,cam_3_1690309136_13-18-56.jpg
375,151,1616.713,392.92627,2069.4814,738.52936,cam_3_1690309136_13-18-56.jpg
375,289,2092.301,418.63394,2497.919,606.3573,cam_3_1690309136_13-18-56.jpg
375,391,1454.8802,196.4703,1802.0596,341.9772,cam_3_1690309136_13-18-56.jpg
375,368,1882.7533,211.24301,2197.505,383.00845,cam_3_1690309136_13-18-56.jpg
375,401,1289.2064,194.45757,1461.0261,374.9503,cam_3_1690309136_13-18-56.jpg
375,376,910.23047,221.45502,1287.3959,449.83313,cam_3_1690309136_13-18-56.jpg
375,404,1787.4517,201.88785,2113.3694,353.3205,cam_3_1690309136_13-18-56.jpg
375,405,2675.213,574.8168,3686.8513,1231.9558,cam_3_1690309136_13-18-56.jpg
375,347,1308.3741,338.99597,1686.8234,542.3185,cam_3_1690309136_13-18-56.jpg
375,369,1414.6416,383.13806,1762.142,578.8506,cam_3_1690309136_13-18-56.jpg
376,190,2271.0715,452.4197,2694.9424,651.2037,cam_3_1690309151_13-19-11.jpg
376,151,1604.4064,377.248,2151.8586,754.39777,cam_3_1690309151_13-19-11.jpg
376,289,2118.2676,415.7832,2508.559,597.261,cam_3_1690309151_13-19-11.jpg
376,391,1467.007,195.89049,1804.0984,344.45844,cam_3_1690309151_13-19-11.jpg
376,368,1918.4108,206.81078,2230.5598,379.0925,cam_3_1690309151_13-19-11.jpg
376,401,1275.9841,194.46555,1469.0747,379.27728,cam_3_1690309151_13-19-11.jpg
376,376,951.99695,222.69344,1297.9617,452.4457,cam_3_1690309151_13-19-11.jpg
376,404,1799.6277,200.33502,2127.8445,353.753,cam_3_1690309151_13-19-11.jpg
376,405,2677.542,583.95233,3757.2861,1233.5284,cam_3_1690309151_13-19-11.jpg
376,347,1289.1229,351.4212,1644.7913,543.6139,cam_3_1690309151_13-19-11.jpg
376,369,1407.1433,385.9764,1746.8296,578.74603,cam_3_1690309151_13-19-11.jpg
376,367,2057.5408,240.64996,2419.6301,449.84415,cam_3_1690309151_13-19-11.jpg
377,190,2267.524,459.96762,2702.9763,656.8318,cam_3_1690309301_13-21-41.jpg
377,151,1658.9656,434.259,2194.8728,762.04395,cam_3_1690309301_13-21-41.jpg
377,289,2138.8325,419.74472,2492.0261,598.0874,cam_3_1690309301_13-21-41.jpg
377,391,1476.953,197.25215,1790.7545,350.8937,cam_3_1690309301_13-21-41.jpg
377,368,1919.0521,205.63925,2246.4006,379.5558,cam_3_1690309301_13-21-41.jpg
377,401,1209.1443,205.42618,1464.871,411.24423,cam_3_1690309301_13-21-41.jpg
377,404,1823.5348,200.61328,2148.7732,363.78113,cam_3_1690309301_13-21-41.jpg
377,347,1279.8434,354.3998,1643.325,546.8964,cam_3_1690309301_13-21-41.jpg
377,369,1406.7767,380.2078,1743.3558,573.9615,cam_3_1690309301_13-21-41.jpg
377,367,2107.4702,241.35716,2418.6943,445.9942,cam_3_1690309301_13-21-41.jpg
377,178,1620.8027,454.7618,2060.2197,692.07104,cam_3_1690309301_13-21-41.jpg
378,190,2271.9844,461.89075,2706.855,658.0203,cam_3_1690309316_13-21-56.jpg
378,151,1682.4421,458.41193,2216.7954,762.4854,cam_3_1690309316_13-21-56.jpg
378,289,2158.2876,422.72766,2497.115,598.1184,cam_3_1690309316_13-21-56.jpg
378,391,1483.953,196.1716,1790.2577,349.9865,cam_3_1690309316_13-21-56.jpg
378,368,1910.2979,209.48618,2251.876,384.7956,cam_3_1690309316_13-21-56.jpg
378,401,1180.6888,210.12456,1464.1807,421.69934,cam_3_1690309316_13-21-56.jpg
378,404,1809.4089,199.0675,2143.1362,371.58292,cam_3_1690309316_13-21-56.jpg
378,347,1276.3329,357.1692,1638.3722,547.66565,cam_3_1690309316_13-21-56.jpg
378,369,1405.3959,378.1645,1740.6788,571.3591,cam_3_1690309316_13-21-56.jpg
378,367,2148.6648,233.2604,2463.3928,443.78683,cam_3_1690309316_13-21-56.jpg
378,407,895.32043,1331.8771,2262.926,2301.3318,cam_3_1690309316_13-21-56.jpg
378,408,1497.4861,400.31448,1868.5046,602.54364,cam_3_1690309316_13-21-56.jpg
378,178,1630.099,455.00888,2065.653,689.69965,cam_3_1690309316_13-21-56.jpg
379,190,2262.3267,460.62906,2699.7256,657.03436,cam_3_1690309571_13-26-11.jpg
379,151,1690.793,468.8095,2225.1719,761.102,cam_3_1690309571_13-26-11.jpg
379,289,2153.506,419.96555,2489.562,587.8858,cam_3_1690309571_13-26-11.jpg
379,368,1912.4598,202.68747,2267.0947,389.4156,cam_3_1690309571_13-26-11.jpg
379,404,1835.1954,187.6768,2128.3599,349.03152,cam_3_1690309571_13-26-11.jpg
379,347,1275.0032,357.52182,1638.6266,547.6267,cam_3_1690309571_13-26-11.jpg
379,369,1405.4353,375.87424,1738.4763,568.89685,cam_3_1690309571_13-26-11.jpg
379,408,1496.7786,401.02567,1851.8369,591.8389,cam_3_1690309571_13-26-11.jpg
379,178,1633.7997,453.0022,2078.0261,687.0921,cam_3_1690309571_13-26-11.jpg
379,380,473.27686,493.74338,1003.1942,806.13983,cam_3_1690309571_13-26-11.jpg
379,378,400.74258,335.42932,784.39856,580.1542,cam_3_1690309571_13-26-11.jpg
379,405,3164.9028,455.9421,3940.7898,1102.6792,cam_3_1690309571_13-26-11.jpg
380,190,2256.3474,460.97388,2694.4275,654.82385,cam_3_1690309616_13-26-56.jpg
380,151,1697.475,474.2557,2224.0007,764.87634,cam_3_1690309616_13-26-56.jpg
380,289,2157.3643,423.3634,2472.7178,584.4637,cam_3_1690309616_13-26-56.jpg
380,368,1899.6389,203.11626,2260.2183,387.90887,cam_3_1690309616_13-26-56.jpg
380,347,1280.5597,358.04138,1644.0049,545.49524,cam_3_1690309616_13-26-56.jpg
380,369,1406.6823,378.62628,1737.9889,568.09424,cam_3_1690309616_13-26-56.jpg
380,408,1495.7355,400.81848,1851.7604,594.39777,cam_3_1690309616_13-26-56.jpg
380,178,1634.8351,452.7318,2081.4338,689.2293,cam_3_1690309616_13-26-56.jpg
380,409,520.2244,661.8661,1345.626,1272.1052,cam_3_1690309616_13-26-56.jpg
380,380,444.10236,476.5893,999.56635,817.1139,cam_3_1690309616_13-26-56.jpg
380,378,501.14948,337.55942,798.68427,529.82837,cam_3_1690309616_13-26-56.jpg
380,405,3211.6743,438.67883,3937.7634,1092.8369,cam_3_1690309616_13-26-56.jpg
380,367,2239.7756,184.782,2551.774,417.99045,cam_3_1690309616_13-26-56.jpg
381,190,2271.946,460.16837,2693.584,654.9066,cam_3_1690309691_13-28-11.jpg
381,151,1699.09,478.13757,2226.5735,765.5167,cam_3_1690309691_13-28-11.jpg
381,289,2153.649,422.69263,2485.2136,593.0024,cam_3_1690309691_13-28-11.jpg
381,368,1883.8885,203.15083,2266.529,388.88257,cam_3_1690309691_13-28-11.jpg
381,347,1281.9092,359.70386,1645.5529,546.26227,cam_3_1690309691_13-28-11.jpg
381,369,1408.2097,376.98077,1742.5344,567.71387,cam_3_1690309691_13-28-11.jpg
381,408,1494.0094,397.9759,1856.4214,592.6026,cam_3_1690309691_13-28-11.jpg
381,178,1632.3728,451.6491,2079.9827,686.90216,cam_3_1690309691_13-28-11.jpg
381,409,557.2607,742.82526,1339.3348,1494.7881,cam_3_1690309691_13-28-11.jpg
381,380,398.71387,467.46222,1005.6114,810.22687,cam_3_1690309691_13-28-11.jpg
381,378,465.82077,342.1163,783.05334,554.11383,cam_3_1690309691_13-28-11.jpg
381,405,3143.224,431.9211,3916.4128,1068.3925,cam_3_1690309691_13-28-11.jpg
382,190,2268.3562,461.8701,2690.7373,657.43976,cam_3_1690309736_13-28-56.jpg
382,151,1702.9343,482.64627,2224.4326,765.6606,cam_3_1690309736_13-28-56.jpg
382,289,2150.2234,421.8399,2484.4482,588.5024,cam_3_1690309736_13-28-56.jpg
382,368,1892.6475,202.6791,2275.8623,390.58243,cam_3_1690309736_13-28-56.jpg
382,347,1280.4972,360.4499,1643.7626,543.6655,cam_3_1690309736_13-28-56.jpg
382,369,1407.3811,378.4761,1743.103,568.1142,cam_3_1690309736_13-28-56.jpg
382,408,1496.1685,401.46585,1857.246,597.0907,cam_3_1690309736_13-28-56.jpg
382,178,1630.2322,455.787,2081.0818,688.0632,cam_3_1690309736_13-28-56.jpg
382,409,582.4768,764.0154,1323.9269,1633.155,cam_3_1690309736_13-28-56.jpg
382,380,431.7239,567.7705,1072.1602,929.04156,cam_3_1690309736_13-28-56.jpg
382,407,1046.4812,1115.6199,2358.248,2068.359,cam_3_1690309736_13-28-56.jpg
383,190,2271.892,464.3825,2698.2378,658.5182,cam_3_1690309841_13-30-41.jpg
383,151,1703.1202,483.5509,2223.643,761.9254,cam_3_1690309841_13-30-41.jpg
383,289,2141.209,422.2064,2490.7498,588.1464,cam_3_1690309841_13-30-41.jpg
383,347,1281.0928,362.0246,1642.7374,544.8052,cam_3_1690309841_13-30-41.jpg
383,369,1407.1724,377.1673,1741.1359,568.25385,cam_3_1690309841_13-30-41.jpg
383,408,1494.3862,399.95267,1859.3502,595.9335,cam_3_1690309841_13-30-41.jpg
383,178,1628.9232,456.75848,2085.1484,688.4368,cam_3_1690309841_13-30-41.jpg
383,409,622.45825,772.0994,1335.7529,1628.0027,cam_3_1690309841_13-30-41.jpg
383,380,459.3965,568.69556,1096.2305,965.6175,cam_3_1690309841_13-30-41.jpg
383,415,691.17126,390.79382,1016.35913,596.48834,cam_3_1690309841_13-30-41.jpg
383,407,840.1981,1199.3175,2119.8105,2346.6128,cam_3_1690309841_13-30-41.jpg
384,190,2278.631,463.46573,2699.4893,656.27594,cam_3_1690310051_13-34-11.jpg
384,151,1700.8611,481.89706,2226.2866,764.43384,cam_3_1690310051_13-34-11.jpg
384,289,2146.5903,421.70065,2493.385,589.00464,cam_3_1690310051_13-34-11.jpg
384,347,1281.2715,362.03336,1644.2808,545.8768,cam_3_1690310051_13-34-11.jpg
384,369,1405.6235,376.60565,1748.854,571.1959,cam_3_1690310051_13-34-11.jpg
384,408,1495.9033,400.1269,1858.5493,595.2055,cam_3_1690310051_13-34-11.jpg
384,178,1628.9794,456.88776,2086.7295,689.4518,cam_3_1690310051_13-34-11.jpg
384,409,685.6859,810.17505,1392.5778,1715.5352,cam_3_1690310051_13-34-11.jpg
384,380,470.3607,570.8295,1135.394,1013.65607,cam_3_1690310051_13-34-11.jpg
384,407,734.36523,1244.1355,1951.5062,2231.2493,cam_3_1690310051_13-34-11.jpg
384,418,445.3082,458.34213,902.19727,777.3329,cam_3_1690310051_13-34-11.jpg
384,401,1058.533,222.78197,1369.5398,447.74222,cam_3_1690310051_13-34-11.jpg
384,378,438.8571,380.4652,805.15485,602.0561,cam_3_1690310051_13-34-11.jpg
385,190,2290.2507,460.523,2696.503,657.23755,cam_3_1690310096_13-34-56.jpg
385,151,1702.2677,480.68353,2222.7615,763.2922,cam_3_1690310096_13-34-56.jpg
385,289,2153.3928,419.71094,2489.2832,589.4284,cam_3_1690310096_13-34-56.jpg
385,347,1277.1271,362.30664,1643.1039,547.14984,cam_3_1690310096_13-34-56.jpg
385,369,1403.1539,377.6402,1747.2913,573.3778,cam_3_1690310096_13-34-56.jpg
385,408,1499.7081,402.1539,1861.049,597.69037,cam_3_1690310096_13-34-56.jpg
385,178,1629.7118,454.70154,2085.5493,689.02234,cam_3_1690310096_13-34-56.jpg
385,409,728.3824,863.5415,1415.2091,1838.1512,cam_3_1690310096_13-34-56.jpg
385,380,487.22028,575.537,1164.0282,1050.6583,cam_3_1690310096_13-34-56.jpg
385,407,688.91504,1260.1707,1905.4684,2152.754,cam_3_1690310096_13-34-56.jpg
385,418,440.3253,457.02435,921.85315,753.6336,cam_3_1690310096_13-34-56.jpg
385,421,501.3271,517.6,1026.4502,891.6351,cam_3_1690310096_13-34-56.jpg
385,378,419.49817,351.33005,807.60095,565.0148,cam_3_1690310096_13-34-56.jpg
386,190,2296.9055,460.21463,2695.9167,655.911,cam_3_1690310156_13-35-56.jpg
386,151,1700.1017,480.30627,2225.6648,763.78107,cam_3_1690310156_13-35-56.jpg
386,289,2158.726,421.21457,2491.82,591.72894,cam_3_1690310156_13-35-56.jpg
386,347,1283.0641,361.76047,1641.5792,544.2308,cam_3_1690310156_13-35-56.jpg
386,369,1401.0688,377.55533,1742.6783,571.0975,cam_3_1690310156_13-35-56.jpg
386,408,1499.7892,402.87296,1856.311,595.54944,cam_3_1690310156_13-35-56.jpg
386,178,1631.4835,455.02332,2086.7637,690.3128,cam_3_1690310156_13-35-56.jpg
386,409,710.4784,885.099,1443.976,1887.1638,cam_3_1690310156_13-35-56.jpg
386,380,625.8015,552.95154,1261.9569,1049.4408,cam_3_1690310156_13-35-56.jpg
386,407,692.7948,1266.5015,1924.6823,2072.0178,cam_3_1690310156_13-35-56.jpg
386,418,452.16544,448.29797,928.19867,766.78986,cam_3_1690310156_13-35-56.jpg
386,421,497.7794,521.8078,1049.2546,968.0208,cam_3_1690310156_13-35-56.jpg
386,378,383.36517,341.47272,805.5925,541.52795,cam_3_1690310156_13-35-56.jpg
386,415,415.8813,386.7637,894.26117,599.80475,cam_3_1690310156_13-35-56.jpg
387,190,2279.7395,461.14484,2694.8833,655.295,cam_3_1690310396_13-39-56.jpg
387,151,1703.3112,476.82773,2224.6367,764.2415,cam_3_1690310396_13-39-56.jpg
387,289,2144.5945,421.13998,2491.8362,591.0634,cam_3_1690310396_13-39-56.jpg
387,347,1228.5754,313.17963,1565.3735,571.13367,cam_3_1690310396_13-39-56.jpg
387,369,1402.8793,327.69672,1789.4264,601.50146,cam_3_1690310396_13-39-56.jpg
387,178,1625.3972,453.92996,2079.002,687.68665,cam_3_1690310396_13-39-56.jpg
387,409,682.27014,915.4434,1520.9762,1991.401,cam_3_1690310396_13-39-56.jpg
387,380,471.22992,596.5778,1243.8013,1107.0112,cam_3_1690310396_13-39-56.jpg
387,407,688.7728,1240.0641,1910.9716,2156.142,cam_3_1690310396_13-39-56.jpg
387,418,461.36783,466.75803,957.47925,813.5932,cam_3_1690310396_13-39-56.jpg
387,415,367.5067,412.19046,898.4626,684.0773,cam_3_1690310396_13-39-56.jpg
388,190,2283.1462,458.78116,2687.165,654.2596,cam_3_1690310561_13-42-41.jpg
388,151,1703.0267,479.3975,2224.189,764.3234,cam_3_1690310561_13-42-41.jpg
388,289,2137.211,416.558,2490.7102,587.2766,cam_3_1690310561_13-42-41.jpg
388,347,1203.9052,300.57294,1577.128,586.6653,cam_3_1690310561_13-42-41.jpg
388,369,1400.5557,355.12262,1763.3246,588.86206,cam_3_1690310561_13-42-41.jpg
388,178,1624.8228,452.93268,2082.1592,687.84216,cam_3_1690310561_13-42-41.jpg
388,409,638.8555,940.9339,1557.4719,1996.044,cam_3_1690310561_13-42-41.jpg
388,380,479.45248,627.5944,1259.2035,1189.293,cam_3_1690310561_13-42-41.jpg
388,407,664.39655,1238.4242,1917.2303,2154.7356,cam_3_1690310561_13-42-41.jpg
388,418,427.5404,457.41968,952.426,829.5268,cam_3_1690310561_13-42-41.jpg
388,425,663.109,567.5085,1075.9438,794.1721,cam_3_1690310561_13-42-41.jpg
388,408,1497.3634,402.32135,1862.5308,598.4985,cam_3_1690310561_13-42-41.jpg
388,421,469.90115,573.2951,1084.7074,1038.5183,cam_3_1690310561_13-42-41.jpg
388,378,411.9999,370.50348,837.6294,573.63257,cam_3_1690310561_13-42-41.jpg
389,190,2357.7463,335.70953,2709.019,631.0699,cam_3_1690310591_13-43-11.jpg
389,151,1700.7094,478.53555,2223.853,763.08594,cam_3_1690310591_13-43-11.jpg
389,347,1196.6587,296.3815,1581.1409,593.491,cam_3_1690310591_13-43-11.jpg
389,369,1402.1621,370.25946,1747.7458,580.4116,cam_3_1690310591_13-43-11.jpg
389,178,1624.2617,454.98575,2079.719,688.2019,cam_3_1690310591_13-43-11.jpg
389,409,669.80334,935.1588,1565.0924,1909.094,cam_3_1690310591_13-43-11.jpg
389,380,500.50278,642.3774,1273.5427,1195.1422,cam_3_1690310591_13-43-11.jpg
389,407,549.6638,1230.2063,1934.7751,2106.7986,cam_3_1690310591_13-43-11.jpg
389,418,454.55637,460.2122,953.24866,853.5813,cam_3_1690310591_13-43-11.jpg
389,425,650.23737,579.827,1081.58,804.9501,cam_3_1690310591_13-43-11.jpg
389,408,1493.6174,400.89032,1853.9725,596.28503,cam_3_1690310591_13-43-11.jpg
389,421,567.89105,585.0091,1087.009,931.80414,cam_3_1690310591_13-43-11.jpg
389,378,472.39386,376.04788,831.9725,556.6187,cam_3_1690310591_13-43-11.jpg
389,415,334.70538,432.75485,905.7502,698.83307,cam_3_1690310591_13-43-11.jpg
390,190,2395.595,294.5134,2719.4268,618.88574,cam_3_1690310636_13-43-56.jpg
390,151,1702.6267,479.2715,2221.032,762.8396,cam_3_1690310636_13-43-56.jpg
390,347,1156.7687,294.75763,1551.9983,601.5458,cam_3_1690310636_13-43-56.jpg
390,369,1401.2817,379.25644,1734.5801,576.08093,cam_3_1690310636_13-43-56.jpg
390,178,1623.1259,455.945,2081.1042,688.0834,cam_3_1690310636_13-43-56.jpg
390,409,670.5278,932.2378,1572.7068,1990.8223,cam_3_1690310636_13-43-56.jpg
390,380,507.55768,652.0479,1279.4409,1222.7997,cam_3_1690310636_13-43-56.jpg
390,407,659.86115,1196.2872,1995.1294,2310.9883,cam_3_1690310636_13-43-56.jpg
390,418,456.14136,452.8635,941.46045,844.22675,cam_3_1690310636_13-43-56.jpg
390,425,637.8586,580.92444,1098.2435,809.39075,cam_3_1690310636_13-43-56.jpg
390,408,1493.1107,402.21893,1852.0132,594.3629,cam_3_1690310636_13-43-56.jpg
390,421,502.5026,586.2596,1106.2764,954.65875,cam_3_1690310636_13-43-56.jpg
390,378,451.69458,378.3595,825.98804,631.3033,cam_3_1690310636_13-43-56.jpg
390,415,397.50635,430.87253,890.7673,730.15784,cam_3_1690310636_13-43-56.jpg
390,289,2159.3787,421.1842,2471.9163,593.87463,cam_3_1690310636_13-43-56.jpg
391,190,2331.5083,291.1142,2765.749,614.08704,cam_3_1690310756_13-45-56.jpg
391,151,1699.3425,480.42276,2227.1384,764.44086,cam_3_1690310756_13-45-56.jpg
391,347,1120.5508,298.8841,1544.3926,612.00116,cam_3_1690310756_13-45-56.jpg
391,369,1399.0038,379.5249,1740.1426,575.86127,cam_3_1690310756_13-45-56.jpg
391,178,1623.789,457.39673,2077.4927,689.61487,cam_3_1690310756_13-45-56.jpg
391,409,699.4668,956.44946,1581.768,2079.4473,cam_3_1690310756_13-45-56.jpg
391,380,509.13672,653.28357,1283.3301,1188.148,cam_3_1690310756_13-45-56.jpg
391,407,709.4161,1188.8167,2006.1604,2391.0708,cam_3_1690310756_13-45-56.jpg
391,425,646.20496,584.93823,1112.3146,801.21967,cam_3_1690310756_13-45-56.jpg
391,408,1495.6923,401.912,1852.9581,594.00214,cam_3_1690310756_13-45-56.jpg
391,378,382.4725,407.30798,885.3902,665.10657,cam_3_1690310756_13-45-56.jpg
391,415,364.22626,444.40192,933.71576,746.9225,cam_3_1690310756_13-45-56.jpg
392,151,1697.6079,480.29178,2225.7578,762.8531,cam_3_1690310846_13-47-26.jpg
392,347,1122.9124,296.81418,1550.7891,614.6365,cam_3_1690310846_13-47-26.jpg
392,369,1398.4702,381.31415,1736.5404,574.88983,cam_3_1690310846_13-47-26.jpg
392,178,1632.1045,456.45703,2076.2737,687.91876,cam_3_1690310846_13-47-26.jpg
392,409,642.3944,928.0983,1613.3713,1828.8953,cam_3_1690310846_13-47-26.jpg
392,380,503.4449,653.046,1287.6648,1175.7054,cam_3_1690310846_13-47-26.jpg
392,407,793.10876,1195.9769,2027.9093,2594.381,cam_3_1690310846_13-47-26.jpg
392,425,648.91223,589.55865,1124.2346,801.22125,cam_3_1690310846_13-47-26.jpg
392,408,1494.6367,400.551,1848.6454,592.2988,cam_3_1690310846_13-47-26.jpg
392,378,398.028,389.6476,876.0649,647.79315,cam_3_1690310846_13-47-26.jpg
392,415,368.83322,451.03516,947.15436,743.45233,cam_3_1690310846_13-47-26.jpg
392,421,408.6701,602.4021,1182.7651,1023.55835,cam_3_1690310846_13-47-26.jpg
392,289,2172.661,429.09555,2557.093,603.5596,cam_3_1690310846_13-47-26.jpg
393,151,1703.8907,480.7051,2227.5422,760.32855,cam_3_1690310891_13-48-11.jpg
393,347,1115.9299,297.12726,1551.2921,610.9681,cam_3_1690310891_13-48-11.jpg
393,369,1397.2228,380.12576,1731.4615,572.5244,cam_3_1690310891_13-48-11.jpg
393,178,1626.7126,455.90204,2077.5354,689.14856,cam_3_1690310891_13-48-11.jpg
393,409,569.0817,907.0965,1626.7928,1700.4459,cam_3_1690310891_13-48-11.jpg
393,380,498.82748,657.4754,1263.921,1234.9512,cam_3_1690310891_13-48-11.jpg
393,407,820.617,1199.7908,2043.0996,2520.973,cam_3_1690310891_13-48-11.jpg
393,425,649.06885,591.11707,1126.8973,807.5629,cam_3_1690310891_13-48-11.jpg
393,408,1496.0344,400.76688,1852.2186,591.7678,cam_3_1690310891_13-48-11.jpg
393,378,366.2343,411.9944,913.7049,669.7794,cam_3_1690310891_13-48-11.jpg
393,415,350.74786,454.67816,952.6316,756.06476,cam_3_1690310891_13-48-11.jpg
393,431,500.85345,376.00836,825.3862,554.4299,cam_3_1690310891_13-48-11.jpg
393,190,2208.371,258.09055,2664.7698,561.29395,cam_3_1690310891_13-48-11.jpg
394,151,1701.8148,476.82568,2229.8857,761.4069,cam_3_1690310921_13-48-41.jpg
394,347,1107.8998,298.20172,1560.818,612.98663,cam_3_1690310921_13-48-41.jpg
394,369,1400.7153,382.37436,1744.4823,573.44617,cam_3_1690310921_13-48-41.jpg
394,178,1624.7213,454.41583,2077.148,688.5557,cam_3_1690310921_13-48-41.jpg
394,409,589.2934,909.5513,1635.9858,1670.7042,cam_3_1690310921_13-48-41.jpg
394,407,827.5542,1199.2073,2058.0818,2681.3965,cam_3_1690310921_13-48-41.jpg
394,425,636.89777,587.2862,1136.6086,801.25824,cam_3_1690310921_13-48-41.jpg
394,408,1500.4857,403.6,1855.5068,592.56885,cam_3_1690310921_13-48-41.jpg
394,378,358.53214,430.9883,948.9075,688.33264,cam_3_1690310921_13-48-41.jpg
394,431,513.211,376.2649,832.7947,521.9877,cam_3_1690310921_13-48-41.jpg
394,432,1255.1907,205.79341,1539.5953,331.94406,cam_3_1690310921_13-48-41.jpg
394,190,2176.8767,253.23595,2638.0415,547.5061,cam_3_1690310921_13-48-41.jpg
394,418,461.24335,461.8868,967.89923,849.98016,cam_3_1690310921_13-48-41.jpg
394,421,352.77487,644.4577,1267.7239,1087.8179,cam_3_1690310921_13-48-41.jpg
395,151,1704.7759,473.13058,2224.5986,761.63354,cam_3_1690311146_13-52-26.jpg
395,347,1097.4595,300.95776,1542.4327,613.0623,cam_3_1690311146_13-52-26.jpg
395,369,1397.4375,379.9392,1740.8843,573.9233,cam_3_1690311146_13-52-26.jpg
395,178,1624.2585,452.34717,2074.4124,685.9615,cam_3_1690311146_13-52-26.jpg
395,407,840.52106,1212.1958,2062.037,2747.637,cam_3_1690311146_13-52-26.jpg
395,425,643.5267,592.2959,1130.347,804.1364,cam_3_1690311146_13-52-26.jpg
395,408,1496.7203,402.02448,1849.0416,593.0419,cam_3_1690311146_13-52-26.jpg
395,378,401.9104,395.10898,882.7653,661.2153,cam_3_1690311146_13-52-26.jpg
395,190,2170.9695,247.3117,2646.8103,539.8738,cam_3_1690311146_13-52-26.jpg
395,418,448.44983,462.76117,982.53723,833.8902,cam_3_1690311146_13-52-26.jpg
395,421,439.5786,665.5586,1262.4954,1160.2367,cam_3_1690311146_13-52-26.jpg
395,380,459.7049,806.55646,1356.3167,1348.5548,cam_3_1690311146_13-52-26.jpg
396,151,1708.1736,475.67126,2228.5242,759.64825,cam_3_1690311176_13-52-56.jpg
396,347,1091.7015,303.7148,1541.3741,611.6441,cam_3_1690311176_13-52-56.jpg
396,369,1396.7925,380.22876,1733.1682,573.64746,cam_3_1690311176_13-52-56.jpg
396,178,1623.9625,451.55466,2078.3293,685.4843,cam_3_1690311176_13-52-56.jpg
396,407,775.69775,1237.3439,2066.2356,2785.2375,cam_3_1690311176_13-52-56.jpg
396,425,646.236,594.4419,1130.0399,798.1596,cam_3_1690311176_13-52-56.jpg
396,408,1494.685,400.0422,1843.9032,592.48645,cam_3_1690311176_13-52-56.jpg
396,378,360.02725,385.49124,854.55853,620.4034,cam_3_1690311176_13-52-56.jpg
396,190,2167.0693,252.15724,2661.033,540.52136,cam_3_1690311176_13-52-56.jpg
396,421,382.4583,669.4862,1285.0057,1111.4598,cam_3_1690311176_13-52-56.jpg
396,380,635.57745,836.01276,1467.0948,1367.294,cam_3_1690311176_13-52-56.jpg
396,415,324.62857,466.1491,965.9914,774.3053,cam_3_1690311176_13-52-56.jpg
397,151,1696.9666,477.5194,2220.6057,758.8272,cam_3_1690311416_13-56-56.jpg
397,347,1092.5242,292.3782,1390.5648,603.2359,cam_3_1690311416_13-56-56.jpg
397,369,1399.6692,378.77063,1720.4248,572.4445,cam_3_1690311416_13-56-56.jpg
397,178,1622.2577,452.0268,2074.5557,686.2694,cam_3_1690311416_13-56-56.jpg
397,408,1493.7994,399.0012,1837.214,593.04395,cam_3_1690311416_13-56-56.jpg
397,421,369.40167,668.1978,1288.5455,1095.9352,cam_3_1690311416_13-56-56.jpg
397,380,738.3987,823.58936,1572.1161,1281.7037,cam_3_1690311416_13-56-56.jpg
397,415,328.79404,446.54773,953.2194,722.28143,cam_3_1690311416_13-56-56.jpg
397,368,1994.619,213.80913,2391.6438,470.0019,cam_3_1690311416_13-56-56.jpg
397,409,830.3314,1053.7666,1779.3721,1856.0494,cam_3_1690311416_13-56-56.jpg
397,431,417.14417,353.30612,811.1815,500.30804,cam_3_1690311416_13-56-56.jpg
397,418,463.97327,466.36453,1003.70294,841.16724,cam_3_1690311416_13-56-56.jpg
398,151,1690.0685,476.19302,2210.9758,759.1109,cam_3_1690311476_13-57-56.jpg
398,347,1145.0223,268.32318,1348.5222,547.1107,cam_3_1690311476_13-57-56.jpg
398,369,1400.4529,378.36755,1709.3542,570.7375,cam_3_1690311476_13-57-56.jpg
398,178,1620.9634,455.31555,2058.9407,688.83575,cam_3_1690311476_13-57-56.jpg
398,408,1490.8767,398.35754,1828.7665,592.4123,cam_3_1690311476_13-57-56.jpg
398,421,480.99188,695.1793,1250.464,1170.6339,cam_3_1690311476_13-57-56.jpg
398,380,611.0435,796.9186,1439.9381,1299.0981,cam_3_1690311476_13-57-56.jpg
398,415,320.11743,442.1655,947.1412,697.3764,cam_3_1690311476_13-57-56.jpg
398,368,1948.4098,207.23882,2340.0134,463.46423,cam_3_1690311476_13-57-56.jpg
398,431,482.79022,369.43903,828.5838,506.43033,cam_3_1690311476_13-57-56.jpg
398,418,464.93213,468.29916,1005.64923,839.58936,cam_3_1690311476_13-57-56.jpg
398,389,1216.4164,494.50177,1485.4463,918.27185,cam_3_1690311476_13-57-56.jpg
399,151,1697.9846,479.0293,2222.7102,760.8597,cam_3_1690311566_13-59-26.jpg
399,347,1009.7718,240.52594,1318.7219,488.36276,cam_3_1690311566_13-59-26.jpg
399,369,1401.452,380.90536,1709.2073,570.4579,cam_3_1690311566_13-59-26.jpg
399,178,1622.9933,453.67422,2057.7197,690.645,cam_3_1690311566_13-59-26.jpg
399,408,1493.8823,402.28058,1822.7725,595.70984,cam_3_1690311566_13-59-26.jpg
399,421,434.66052,725.68335,1265.8813,1208.4548,cam_3_1690311566_13-59-26.jpg
399,415,328.51288,448.68686,955.6152,687.77814,cam_3_1690311566_13-59-26.jpg
399,418,464.60883,478.1844,983.14136,836.6583,cam_3_1690311566_13-59-26.jpg
399,401,868.53754,300.3531,1036.7115,536.50793,cam_3_1690311566_13-59-26.jpg
399,432,1305.2545,208.24374,1431.3076,419.2244,cam_3_1690311566_13-59-26.jpg
399,425,668.70233,625.8884,1193.7593,810.68677,cam_3_1690311566_13-59-26.jpg
399,378,328.23013,420.47104,908.1306,637.78894,cam_3_1690311566_13-59-26.jpg
400,151,1705.123,484.50485,2168.1897,762.4183,cam_3_1690311581_13-59-41.jpg
400,347,984.1724,231.30186,1306.0419,465.819,cam_3_1690311581_13-59-41.jpg
400,369,1401.9438,377.88834,1713.2032,569.4387,cam_3_1690311581_13-59-41.jpg
400,178,1622.279,451.73773,2059.0728,692.2168,cam_3_1690311581_13-59-41.jpg
400,408,1495.56,399.7825,1821.0255,592.4411,cam_3_1690311581_13-59-41.jpg
400,421,472.89874,735.57416,1285.512,1215.3253,cam_3_1690311581_13-59-41.jpg
400,418,414.04803,472.16577,994.9417,804.43396,cam_3_1690311581_13-59-41.jpg
400,401,865.9828,302.19843,1028.5405,532.2765,cam_3_1690311581_13-59-41.jpg
400,432,1314.8547,207.00914,1444.8237,427.11673,cam_3_1690311581_13-59-41.jpg
400,425,524.37695,632.5321,1208.1317,953.4545,cam_3_1690311581_13-59-41.jpg
400,378,345.43372,422.82956,919.33124,653.0448,cam_3_1690311581_13-59-41.jpg
401,151,1704.4948,482.83054,2211.6345,763.2429,cam_3_1690311611_14-00-11.jpg
401,347,980.1113,226.71112,1310.3055,456.40018,cam_3_1690311611_14-00-11.jpg
401,369,1402.6199,378.0239,1712.1875,569.27893,cam_3_1690311611_14-00-11.jpg
401,178,1621.0409,451.4802,2056.919,691.5083,cam_3_1690311611_14-00-11.jpg
401,408,1493.7091,402.12378,1824.0803,596.1329,cam_3_1690311611_14-00-11.jpg
401,421,500.21683,738.8623,1269.8885,1229.9966,cam_3_1690311611_14-00-11.jpg
401,418,375.1067,460.19946,997.4469,766.3779,cam_3_1690311611_14-00-11.jpg
401,401,866.9025,299.76236,1016.17474,502.39948,cam_3_1690311611_14-00-11.jpg
401,432,1327.0282,204.70181,1456.1708,422.0189,cam_3_1690311611_14-00-11.jpg
401,425,467.93015,629.86505,1223.4893,1032.8833,cam_3_1690311611_14-00-11.jpg
401,390,1909.3497,372.93698,2226.9705,489.84467,cam_3_1690311611_14-00-11.jpg
401,431,546.9027,362.33496,955.0268,503.48804,cam_3_1690311611_14-00-11.jpg
402,151,1700.8784,483.34537,2221.211,762.2064,cam_3_1690311716_14-01-56.jpg
402,347,983.4993,230.81578,1305.8259,452.59872,cam_3_1690311716_14-01-56.jpg
402,369,1403.7341,379.89212,1699.9054,568.41254,cam_3_1690311716_14-01-56.jpg
402,178,1619.9976,455.6651,2047.1261,689.92773,cam_3_1690311716_14-01-56.jpg
402,408,1496.151,403.39105,1821.0236,595.73944,cam_3_1690311716_14-01-56.jpg
402,418,392.57336,463.8474,999.68335,742.1088,cam_3_1690311716_14-01-56.jpg
402,401,869.0172,306.83112,1023.3179,514.1574,cam_3_1690311716_14-01-56.jpg
402,432,1316.1891,201.34142,1445.9453,418.04828,cam_3_1690311716_14-01-56.jpg
402,425,472.53403,603.29755,1203.9938,1029.7999,cam_3_1690311716_14-01-56.jpg
402,390,1915.427,370.57855,2223.419,488.62115,cam_3_1690311716_14-01-56.jpg
402,378,354.0536,427.94983,934.24115,652.0564,cam_3_1690311716_14-01-56.jpg
403,151,1698.186,480.4909,2224.1016,761.9461,cam_3_1690311791_14-03-11.jpg
403,347,980.9942,229.23573,1318.3557,453.5337,cam_3_1690311791_14-03-11.jpg
403,369,1404.8214,382.33325,1696.251,567.2421,cam_3_1690311791_14-03-11.jpg
403,178,1621.4288,455.6305,2044.8414,690.86237,cam_3_1690311791_14-03-11.jpg
403,408,1496.2787,406.17413,1818.7908,595.1047,cam_3_1690311791_14-03-11.jpg
403,418,446.38846,468.8179,996.279,791.02313,cam_3_1690311791_14-03-11.jpg
403,401,867.9928,305.1408,1030.6482,525.3771,cam_3_1690311791_14-03-11.jpg
403,432,1318.8943,200.81592,1449.3204,416.33243,cam_3_1690311791_14-03-11.jpg
403,425,487.7498,590.24774,1209.679,1030.0933,cam_3_1690311791_14-03-11.jpg
403,390,1912.982,370.69843,2219.4485,487.5781,cam_3_1690311791_14-03-11.jpg
403,443,1457.2869,187.64378,1575.5175,381.44162,cam_3_1690311791_14-03-11.jpg
403,378,413.1053,408.04617,888.9365,673.6074,cam_3_1690311791_14-03-11.jpg
404,151,1695.2563,480.36853,2224.845,761.1787,cam_3_1690311881_14-04-41.jpg
404,347,1010.0033,222.92018,1290.3124,476.94736,cam_3_1690311881_14-04-41.jpg
404,369,1403.8899,381.70407,1695.6051,567.9187,cam_3_1690311881_14-04-41.jpg
404,178,1620.5406,459.67365,2046.9738,691.8011,cam_3_1690311881_14-04-41.jpg
404,408,1498.2307,407.4077,1816.1729,594.83685,cam_3_1690311881_14-04-41.jpg
404,418,447.41653,468.68216,993.4135,847.0344,cam_3_1690311881_14-04-41.jpg
404,432,1333.787,198.11421,1468.7352,416.76373,cam_3_1690311881_14-04-41.jpg
404,425,489.43335,587.7984,1200.5494,1035.2214,cam_3_1690311881_14-04-41.jpg
404,390,1911.8925,371.13873,2216.7974,487.39038,cam_3_1690311881_14-04-41.jpg
404,443,1437.2344,181.71437,1589.6206,366.6115,cam_3_1690311881_14-04-41.jpg
404,378,350.52295,416.93054,914.3477,663.94977,cam_3_1690311881_14-04-41.jpg
404,415,406.36758,448.8003,955.5053,708.3333,cam_3_1690311881_14-04-41.jpg
405,151,1695.4537,479.7667,2226.5242,760.4484,cam_3_1690311911_14-05-11.jpg
405,347,1022.48505,218.60039,1277.6475,484.54358,cam_3_1690311911_14-05-11.jpg
405,369,1404.0148,381.86987,1700.852,569.52167,cam_3_1690311911_14-05-11.jpg
405,178,1625.6759,457.38382,2053.8647,689.5495,cam_3_1690311911_14-05-11.jpg
405,408,1497.9637,406.26553,1822.8883,594.3408,cam_3_1690311911_14-05-11.jpg
405,418,457.29712,471.6425,997.12164,785.17847,cam_3_1690311911_14-05-11.jpg
405,425,431.36685,578.59467,1206.0758,1023.99207,cam_3_1690311911_14-05-11.jpg
405,390,1915.0168,372.7657,2216.3677,488.72714,cam_3_1690311911_14-05-11.jpg
405,443,1412.7555,193.56581,1619.075,389.0751,cam_3_1690311911_14-05-11.jpg
405,378,367.1848,417.45657,899.1723,663.83954,cam_3_1690311911_14-05-11.jpg
405,446,1246.1489,213.85498,1377.0309,438.44678,cam_3_1690311911_14-05-11.jpg
405,415,407.2883,453.38254,973.8701,692.8064,cam_3_1690311911_14-05-11.jpg
406,151,1696.2194,478.99152,2227.3652,760.6344,cam_3_1690311926_14-05-26.jpg
406,347,1020.8653,218.60405,1266.4517,486.65515,cam_3_1690311926_14-05-26.jpg
406,369,1404.8176,380.4365,1702.9952,567.9981,cam_3_1690311926_14-05-26.jpg
406,178,1624.7496,456.53125,2057.6409,690.88354,cam_3_1690311926_14-05-26.jpg
406,408,1498.4691,404.61417,1825.2368,593.1656,cam_3_1690311926_14-05-26.jpg
406,418,411.17007,468.99814,1007.1079,789.67505,cam_3_1690311926_14-05-26.jpg
406,425,456.35733,577.25195,1206.56,1032.371,cam_3_1690311926_14-05-26.jpg
406,390,1908.955,368.68204,2214.0647,485.87234,cam_3_1690311926_14-05-26.jpg
406,443,1393.2585,197.2403,1618.0895,402.07123,cam_3_1690311926_14-05-26.jpg
406,378,346.36313,409.2212,899.87585,634.2956,cam_3_1690311926_14-05-26.jpg
406,446,1245.0479,219.07915,1373.5548,437.63348,cam_3_1690311926_14-05-26.jpg
406,415,380.95886,448.36282,957.9273,657.9637,cam_3_1690311926_14-05-26.jpg
406,432,1273.8478,197.19026,1482.4689,401.45615,cam_3_1690311926_14-05-26.jpg
407,151,1703.3755,481.355,2226.818,759.3608,cam_3_1690312091_14-08-11.jpg
407,347,1020.73206,224.38828,1265.9857,488.58597,cam_3_1690312091_14-08-11.jpg
407,369,1400.7358,378.9143,1714.7003,569.45654,cam_3_1690312091_14-08-11.jpg
407,178,1619.9785,457.71893,2050.9998,690.4483,cam_3_1690312091_14-08-11.jpg
407,408,1499.3917,405.03003,1837.2028,595.3945,cam_3_1690312091_14-08-11.jpg
407,425,415.37445,573.8796,1200.5499,1024.2032,cam_3_1690312091_14-08-11.jpg
407,378,357.52167,377.621,839.9963,591.4087,cam_3_1690312091_14-08-11.jpg
407,415,511.12436,464.59424,1025.4305,661.08496,cam_3_1690312091_14-08-11.jpg
407,391,1500.8019,167.79932,1741.5514,323.02704,cam_3_1690312091_14-08-11.jpg
407,368,1920.7065,231.58723,2282.1006,478.80185,cam_3_1690312091_14-08-11.jpg
408,151,1708.2264,484.98328,2217.598,759.1307,cam_3_1690312226_14-10-26.jpg
408,347,1012.4113,230.11006,1267.6797,488.66455,cam_3_1690312226_14-10-26.jpg
408,369,1403.4896,378.8966,1720.0364,569.7671,cam_3_1690312226_14-10-26.jpg
408,178,1620.0216,454.11432,2051.5923,691.1955,cam_3_1690312226_14-10-26.jpg
408,408,1497.1768,402.24622,1841.8213,594.6113,cam_3_1690312226_14-10-26.jpg
408,378,342.38544,407.7769,900.0221,614.8905,cam_3_1690312226_14-10-26.jpg
408,450,1163.9211,285.7257,1551.3901,593.2572,cam_3_1690312226_14-10-26.jpg
408,368,1935.2413,238.37305,2301.0056,476.0189,cam_3_1690312226_14-10-26.jpg
408,418,455.00754,456.5084,993.8048,782.4276,cam_3_1690312226_14-10-26.jpg
409,151,1703.8809,487.16553,2219.042,760.9049,cam_3_1690312256_14-10-56.jpg
409,347,1017.4196,233.07132,1241.8895,491.13232,cam_3_1690312256_14-10-56.jpg
409,369,1394.727,377.61328,1715.2473,567.8081,cam_3_1690312256_14-10-56.jpg
409,178,1617.9287,454.72986,2052.1714,691.434,cam_3_1690312256_14-10-56.jpg
409,408,1495.9556,404.48492,1854.3505,596.65906,cam_3_1690312256_14-10-56.jpg
409,378,383.19016,416.06073,907.7364,598.57477,cam_3_1690312256_14-10-56.jpg
409,450,1158.5571,283.49918,1560.305,596.79846,cam_3_1690312256_14-10-56.jpg
409,368,1936.3462,240.85725,2295.0645,474.53787,cam_3_1690312256_14-10-56.jpg
409,453,504.11102,360.40314,798.8659,489.30704,cam_3_1690312256_14-10-56.jpg
409,418,410.3416,452.63333,1003.0331,782.34204,cam_3_1690312256_14-10-56.jpg
409,391,1470.2704,190.06029,1733.7618,329.28217,cam_3_1690312256_14-10-56.jpg
410,151,1709.2141,477.80008,2236.8364,758.0847,cam_3_1690312496_14-14-56.jpg
410,347,1006.6752,230.07874,1267.7666,470.0813,cam_3_1690312496_14-14-56.jpg
410,369,1400.4758,377.1344,1719.4147,568.5289,cam_3_1690312496_14-14-56.jpg
410,178,1618.7632,452.15585,2055.8289,688.7372,cam_3_1690312496_14-14-56.jpg
410,408,1497.158,403.19522,1858.8427,598.9713,cam_3_1690312496_14-14-56.jpg
410,450,1164.5024,275.04123,1584.2573,589.9844,cam_3_1690312496_14-14-56.jpg
410,368,1900.776,184.89551,2233.234,410.9668,cam_3_1690312496_14-14-56.jpg
410,391,1471.4084,191.51967,1737.596,327.32782,cam_3_1690312496_14-14-56.jpg
410,415,619.39813,413.29126,861.6148,690.1061,cam_3_1690312496_14-14-56.jpg
411,151,1710.8176,490.27173,2175.4038,759.3233,cam_3_1690312616_14-16-56.jpg
411,347,975.596,247.49199,1265.5865,533.24207,cam_3_1690312616_14-16-56.jpg
411,369,1366.9758,338.39447,1720.7236,563.3583,cam_3_1690312616_14-16-56.jpg
411,178,1615.4705,456.93652,2048.028,689.0743,cam_3_1690312616_14-16-56.jpg
411,408,1493.5326,408.17462,1856.3756,600.99634,cam_3_1690312616_14-16-56.jpg
411,450,1183.9323,277.4543,1550.2354,578.91724,cam_3_1690312616_14-16-56.jpg
411,368,1802.3726,196.00275,2128.4285,416.24963,cam_3_1690312616_14-16-56.jpg
411,378,368.77914,394.2283,886.16455,603.26935,cam_3_1690312616_14-16-56.jpg
411,418,360.44992,460.7153,995.4439,832.7803,cam_3_1690312616_14-16-56.jpg
412,151,1696.0901,484.17456,2209.8398,758.1867,cam_3_1690312661_14-17-41.jpg
412,347,926.1298,289.8525,1224.0875,569.22015,cam_3_1690312661_14-17-41.jpg
412,369,1292.5258,308.84198,1700.7098,597.75726,cam_3_1690312661_14-17-41.jpg
412,178,1611.6908,454.70932,2037.4532,685.2177,cam_3_1690312661_14-17-41.jpg
412,408,1494.5277,406.86694,1862.264,602.9434,cam_3_1690312661_14-17-41.jpg
412,450,1166.8438,280.7425,1485.2023,573.438,cam_3_1690312661_14-17-41.jpg
412,368,1766.3049,201.76523,2090.3457,413.72363,cam_3_1690312661_14-17-41.jpg
412,378,376.0079,394.58942,873.9942,657.61115,cam_3_1690312661_14-17-41.jpg
412,418,414.5498,471.84686,983.7118,856.9841,cam_3_1690312661_14-17-41.jpg
413,151,1695.6171,480.59552,2220.7979,758.59875,cam_3_1690312676_14-17-56.jpg
413,347,904.15546,307.6354,1212.5333,588.2126,cam_3_1690312676_14-17-56.jpg
413,369,1261.0758,296.8678,1688.3828,610.2127,cam_3_1690312676_14-17-56.jpg
413,178,1616.2672,457.98416,2038.8586,686.08856,cam_3_1690312676_14-17-56.jpg
413,408,1494.8896,408.8848,1865.7457,603.2078,cam_3_1690312676_14-17-56.jpg
413,450,1162.8335,284.83688,1450.272,565.5762,cam_3_1690312676_14-17-56.jpg
413,368,1745.0122,204.95888,2077.485,414.15097,cam_3_1690312676_14-17-56.jpg
413,378,443.55,391.1307,870.1228,623.94366,cam_3_1690312676_14-17-56.jpg
413,418,365.31897,470.0809,999.0281,852.95154,cam_3_1690312676_14-17-56.jpg
414,151,1644.5867,405.08777,2202.9082,806.407,cam_3_1690312826_14-20-26.jpg
414,347,902.4606,315.18576,1208.8695,597.4045,cam_3_1690312826_14-20-26.jpg
414,369,1251.102,294.0267,1694.6726,616.14935,cam_3_1690312826_14-20-26.jpg
414,408,1494.6804,404.0306,1852.7917,600.1716,cam_3_1690312826_14-20-26.jpg
414,450,1163.1086,287.49774,1477.3131,571.6578,cam_3_1690312826_14-20-26.jpg
414,368,1766.1703,203.67708,2078.6042,385.36026,cam_3_1690312826_14-20-26.jpg
414,378,430.64413,384.04163,851.9551,654.04895,cam_3_1690312826_14-20-26.jpg
414,418,411.79987,477.60068,1002.474,871.3357,cam_3_1690312826_14-20-26.jpg
415,151,1637.695,378.78214,2195.0916,793.3738,cam_3_1690313096_14-24-56.jpg
415,347,879.7263,372.4682,1169.7385,675.7894,cam_3_1690313096_14-24-56.jpg
415,369,1215.2623,295.5358,1656.3878,628.49585,cam_3_1690313096_14-24-56.jpg
415,450,1110.1698,290.15637,1421.1104,557.3389,cam_3_1690313096_14-24-56.jpg
415,368,1698.2979,188.8838,2043.6558,363.27383,cam_3_1690313096_14-24-56.jpg
415,378,423.89963,386.926,839.936,658.9438,cam_3_1690313096_14-24-56.jpg
415,418,463.93796,471.5864,973.0092,858.87164,cam_3_1690313096_14-24-56.jpg
415,391,1415.5997,201.79903,1679.3801,331.10934,cam_3_1690313096_14-24-56.jpg
416,151,1634.6288,366.4963,2186.2034,783.4693,cam_3_1690313171_14-26-11.jpg
416,347,881.1373,398.16293,1154.4008,706.8579,cam_3_1690313171_14-26-11.jpg
416,369,1199.9851,293.908,1663.1315,631.47705,cam_3_1690313171_14-26-11.jpg
416,450,1051.6437,278.16757,1363.931,558.8996,cam_3_1690313171_14-26-11.jpg
416,368,1697.6584,184.75717,2045.0754,353.8442,cam_3_1690313171_14-26-11.jpg
416,378,429.27927,383.8424,849.2591,627.9178,cam_3_1690313171_14-26-11.jpg
416,418,408.43906,461.58313,974.8054,850.55133,cam_3_1690313171_14-26-11.jpg
416,391,1412.7074,198.28807,1678.6926,327.83585,cam_3_1690313171_14-26-11.jpg
416,453,360.18594,336.9093,820.43567,498.5282,cam_3_1690313171_14-26-11.jpg
417,151,1633.2953,362.2708,2188.7551,777.8453,cam_3_1690313201_14-26-41.jpg
417,369,1194.7245,295.18558,1666.9691,631.73254,cam_3_1690313201_14-26-41.jpg
417,450,1052.7192,276.57812,1392.3947,572.39,cam_3_1690313201_14-26-41.jpg
417,368,1687.6833,184.36557,2042.5594,351.00858,cam_3_1690313201_14-26-41.jpg
417,378,420.14218,387.17953,859.9443,615.2271,cam_3_1690313201_14-26-41.jpg
417,418,454.88412,460.6948,975.6021,862.5227,cam_3_1690313201_14-26-41.jpg
417,391,1428.6609,193.28157,1678.1166,321.43082,cam_3_1690313201_14-26-41.jpg
417,453,379.7318,336.3031,819.5411,505.87805,cam_3_1690313201_14-26-41.jpg
418,151,1635.7747,360.5129,2192.2878,775.09644,cam_3_1690313216_14-26-56.jpg
418,369,1192.9003,293.75107,1663.8014,633.4893,cam_3_1690313216_14-26-56.jpg
418,450,1050.9454,273.79785,1378.7555,575.86914,cam_3_1690313216_14-26-56.jpg
418,368,1680.5892,185.16946,2042.727,350.51276,cam_3_1690313216_14-26-56.jpg
418,378,426.9587,400.57797,859.68365,664.07733,cam_3_1690313216_14-26-56.jpg
418,418,479.51926,463.0239,977.5351,864.93604,cam_3_1690313216_14-26-56.jpg
418,391,1434.7228,191.60294,1680.9268,318.28683,cam_3_1690313216_14-26-56.jpg
418,453,355.52832,344.43192,818.0488,506.58472,cam_3_1690313216_14-26-56.jpg
419,151,1633.1522,359.9907,2184.756,776.9641,cam_3_1690313291_14-28-11.jpg
419,369,1183.746,293.21735,1657.5963,634.06836,cam_3_1690313291_14-28-11.jpg
419,450,1040.3232,266.47513,1362.9722,579.20966,cam_3_1690313291_14-28-11.jpg
419,368,1677.1606,187.3843,2028.5236,346.96732,cam_3_1690313291_14-28-11.jpg
419,378,369.1023,401.9054,867.69763,619.27924,cam_3_1690313291_14-28-11.jpg
419,418,439.94482,465.99402,966.7644,854.31573,cam_3_1690313291_14-28-11.jpg
419,391,1450.9962,189.9126,1698.263,316.38657,cam_3_1690313291_14-28-11.jpg
419,453,347.86813,347.18787,816.24036,502.53064,cam_3_1690313291_14-28-11.jpg
420,151,1611.3558,361.23544,2158.021,777.5742,cam_3_1690313351_14-29-11.jpg
420,369,1183.6688,294.86884,1660.0679,636.1862,cam_3_1690313351_14-29-11.jpg
420,450,1051.7759,271.96555,1402.0977,574.1091,cam_3_1690313351_14-29-11.jpg
420,368,1674.638,190.91965,2022.4371,353.2189,cam_3_1690313351_14-29-11.jpg
420,378,352.9261,401.7907,865.02563,600.81177,cam_3_1690313351_14-29-11.jpg
420,418,453.64944,467.81424,954.73865,861.6953,cam_3_1690313351_14-29-11.jpg
420,391,1457.368,192.9315,1698.5372,316.3433,cam_3_1690313351_14-29-11.jpg
420,453,347.32855,343.61993,819.10474,491.6361,cam_3_1690313351_14-29-11.jpg
421,151,1622.9231,358.30325,2115.176,775.97845,cam_3_1690313411_14-30-11.jpg
421,369,1168.5278,296.58887,1652.4231,639.1832,cam_3_1690313411_14-30-11.jpg
421,450,1051.4669,277.5139,1380.0164,571.73596,cam_3_1690313411_14-30-11.jpg
421,368,1684.4358,187.32156,2053.5603,352.24286,cam_3_1690313411_14-30-11.jpg
421,378,346.20575,405.90213,871.65137,593.14923,cam_3_1690313411_14-30-11.jpg
421,418,455.33362,465.76572,955.048,871.4433,cam_3_1690313411_14-30-11.jpg
421,391,1447.2206,190.17445,1702.6111,320.85986,cam_3_1690313411_14-30-11.jpg
421,453,347.9551,344.7181,815.162,489.36276,cam_3_1690313411_14-30-11.jpg
422,369,1173.3466,299.0124,1582.7085,639.2344,cam_3_1690313921_14-38-41.jpg
422,450,998.4319,284.16385,1340.2435,588.3586,cam_3_1690313921_14-38-41.jpg
422,368,1689.2931,190.06328,2001.285,355.4664,cam_3_1690313921_14-38-41.jpg
422,378,421.5919,398.9325,860.053,629.9244,cam_3_1690313921_14-38-41.jpg
422,418,478.88522,468.65988,954.44196,873.0227,cam_3_1690313921_14-38-41.jpg
422,453,351.67908,361.35867,816.5966,540.5039,cam_3_1690313921_14-38-41.jpg
422,409,1251.5919,1365.4717,2409.019,2771.5127,cam_3_1690313921_14-38-41.jpg
422,178,1618.906,452.71936,2078.4468,697.6781,cam_3_1690313921_14-38-41.jpg
422,408,1462.0444,300.19394,1770.6924,576.8871,cam_3_1690313921_14-38-41.jpg
423,369,1186.5898,297.05112,1564.6975,630.2501,cam_3_1690313981_14-39-41.jpg
423,450,974.90796,285.9695,1333.1964,593.85144,cam_3_1690313981_14-39-41.jpg
423,368,1696.3414,189.41823,1981.0203,350.41815,cam_3_1690313981_14-39-41.jpg
423,378,404.87277,389.2459,858.8017,645.13464,cam_3_1690313981_14-39-41.jpg
423,418,495.57547,468.18774,955.8388,870.80615,cam_3_1690313981_14-39-41.jpg
423,468,2164.3022,378.63977,2525.2495,607.4449,cam_3_1690313981_14-39-41.jpg
423,178,1621.0706,453.5067,2082.0608,699.35144,cam_3_1690313981_14-39-41.jpg
423,408,1416.775,294.6214,1783.4658,583.4189,cam_3_1690313981_14-39-41.jpg
423,380,419.22653,1070.555,1780.8708,1788.5416,cam_3_1690313981_14-39-41.jpg
424,369,1202.0466,298.48074,1573.193,617.68024,cam_3_1690313996_14-39-56.jpg
424,450,970.02734,285.65826,1324.0062,596.3761,cam_3_1690313996_14-39-56.jpg
424,368,1708.7521,191.48659,1973.159,351.36984,cam_3_1690313996_14-39-56.jpg
424,378,437.4929,383.36884,860.1237,658.6784,cam_3_1690313996_14-39-56.jpg
424,418,500.63446,468.0634,957.41516,866.5899,cam_3_1690313996_14-39-56.jpg
424,468,2157.929,399.24265,2517.2207,612.0645,cam_3_1690313996_14-39-56.jpg
424,178,1617.6459,450.9662,2084.678,699.85425,cam_3_1690313996_14-39-56.jpg
424,408,1409.2867,295.5324,1794.8036,586.68567,cam_3_1690313996_14-39-56.jpg
424,380,554.5985,1079.4005,1778.1865,1788.5605,cam_3_1690313996_14-39-56.jpg
424,453,364.58038,360.3969,822.4209,580.10034,cam_3_1690313996_14-39-56.jpg
425,369,1191.2915,296.5356,1558.2767,625.4754,cam_3_1690314026_14-40-26.jpg
425,450,990.75494,281.39548,1333.0273,591.8331,cam_3_1690314026_14-40-26.jpg
425,368,1715.6575,196.76733,1963.764,352.23532,cam_3_1690314026_14-40-26.jpg
425,378,442.9667,383.92517,850.7585,659.48267,cam_3_1690314026_14-40-26.jpg
425,418,495.88358,471.59854,964.7051,868.1083,cam_3_1690314026_14-40-26.jpg
425,468,2153.9294,406.70963,2518.8108,616.4025,cam_3_1690314026_14-40-26.jpg
425,178,1618.2749,450.52975,2084.6753,700.36035,cam_3_1690314026_14-40-26.jpg
425,408,1403.7378,294.0202,1787.9136,590.0038,cam_3_1690314026_14-40-26.jpg
425,380,602.0254,1077.5681,1778.5917,1781.8248,cam_3_1690314026_14-40-26.jpg
425,453,406.13974,352.1627,793.13336,550.38586,cam_3_1690314026_14-40-26.jpg
426,369,1174.8651,281.67255,1532.12,586.8975,cam_3_1690314176_14-42-56.jpg
426,450,913.23334,306.54697,1249.4219,599.86084,cam_3_1690314176_14-42-56.jpg
426,368,1682.7953,192.78943,1975.6954,347.87537,cam_3_1690314176_14-42-56.jpg
426,378,446.4948,370.18057,787.6445,648.6595,cam_3_1690314176_14-42-56.jpg
426,418,412.9009,466.06732,982.90576,853.6506,cam_3_1690314176_14-42-56.jpg
426,468,2099.0908,410.18353,2517.9995,621.0241,cam_3_1690314176_14-42-56.jpg
426,178,1613.0563,450.56168,2086.516,702.2441,cam_3_1690314176_14-42-56.jpg
426,408,1377.6216,293.881,1774.2634,602.843,cam_3_1690314176_14-42-56.jpg
426,380,545.47943,1006.0536,1770.1565,1747.0846,cam_3_1690314176_14-42-56.jpg
426,453,414.4618,346.1623,765.64185,550.10956,cam_3_1690314176_14-42-56.jpg
426,401,729.70575,341.30365,1012.73254,588.1827,cam_3_1690314176_14-42-56.jpg
427,369,1167.3615,277.23886,1537.7347,580.28705,cam_3_1690314221_14-43-41.jpg
427,450,879.85925,315.2032,1215.8132,603.9092,cam_3_1690314221_14-43-41.jpg
427,368,1690.9348,191.90651,1981.3818,342.3177,cam_3_1690314221_14-43-41.jpg
427,378,439.18488,363.80945,792.8083,635.28424,cam_3_1690314221_14-43-41.jpg
427,418,369.2022,464.58636,993.2856,849.8993,cam_3_1690314221_14-43-41.jpg
427,468,2080.9653,413.0294,2518.4014,620.1599,cam_3_1690314221_14-43-41.jpg
427,178,1613.3866,447.29428,2095.3743,700.81415,cam_3_1690314221_14-43-41.jpg
427,408,1366.5089,299.89163,1783.0149,604.9891,cam_3_1690314221_14-43-41.jpg
427,380,388.9913,987.1075,1781.6171,1746.745,cam_3_1690314221_14-43-41.jpg
427,453,420.0226,351.09714,784.8384,548.89496,cam_3_1690314221_14-43-41.jpg
428,369,1199.6975,276.5958,1620.8444,556.3231,cam_3_1690314281_14-44-41.jpg
428,368,1674.5212,190.94707,1981.6409,345.37442,cam_3_1690314281_14-44-41.jpg
428,378,421.1148,359.24448,807.8486,607.3838,cam_3_1690314281_14-44-41.jpg
428,418,347.15717,466.91858,1016.1097,853.1308,cam_3_1690314281_14-44-41.jpg
428,468,2082.1787,412.04764,2518.947,622.2511,cam_3_1690314281_14-44-41.jpg
428,178,1612.6041,446.10788,2092.751,700.75116,cam_3_1690314281_14-44-41.jpg
428,408,1408.9409,356.55313,1808.2936,602.63544,cam_3_1690314281_14-44-41.jpg
428,380,330.22485,972.88214,1769.319,1740.0057,cam_3_1690314281_14-44-41.jpg
428,470,1989.7275,242.90846,2240.2295,434.52863,cam_3_1690314281_14-44-41.jpg
428,443,1370.3231,365.4316,1727.3964,567.11273,cam_3_1690314281_14-44-41.jpg
429,369,1177.865,268.54333,1600.071,574.1641,cam_3_1690314341_14-45-41.jpg
429,368,1661.754,190.06853,1977.9142,350.71432,cam_3_1690314341_14-45-41.jpg
429,418,333.425,473.5681,1033.5049,855.0658,cam_3_1690314341_14-45-41.jpg
429,468,2100.0972,411.82703,2520.179,620.71783,cam_3_1690314341_14-45-41.jpg
429,178,1607.1233,446.30658,2029.4354,700.87683,cam_3_1690314341_14-45-41.jpg
429,408,1432.13,382.74203,1814.6743,599.46564,cam_3_1690314341_14-45-41.jpg
429,380,330.69568,966.0166,1775.2119,1728.6848,cam_3_1690314341_14-45-41.jpg
429,471,1060.4291,263.30032,1331.5077,555.17786,cam_3_1690314341_14-45-41.jpg
429,443,1374.6322,371.07812,1731.911,569.8298,cam_3_1690314341_14-45-41.jpg
429,390,1879.2584,379.0269,2217.3354,525.0844,cam_3_1690314341_14-45-41.jpg
429,453,437.00153,366.65924,784.7723,562.5301,cam_3_1690314341_14-45-41.jpg
430,369,1169.6663,269.40012,1595.4684,581.284,cam_3_1690314476_14-47-56.jpg
430,368,1658.8196,191.09535,1977.4401,351.75812,cam_3_1690314476_14-47-56.jpg
430,418,437.00635,461.04486,913.7436,852.09796,cam_3_1690314476_14-47-56.jpg
430,468,2090.9587,412.1393,2518.0684,621.2565,cam_3_1690314476_14-47-56.jpg
430,178,1606.762,450.59918,2040.2832,701.9055,cam_3_1690314476_14-47-56.jpg
430,408,1439.5421,391.28568,1815.5079,598.98346,cam_3_1690314476_14-47-56.jpg
430,380,336.18887,964.85645,1763.5293,1727.5314,cam_3_1690314476_14-47-56.jpg
430,471,1089.062,235.10521,1345.3499,506.15927,cam_3_1690314476_14-47-56.jpg
430,443,1375.985,372.6261,1733.4229,570.20496,cam_3_1690314476_14-47-56.jpg
430,390,1871.8712,377.14542,2208.7578,515.4188,cam_3_1690314476_14-47-56.jpg
431,369,1166.3662,275.84412,1595.9286,585.5944,cam_3_1690314491_14-48-11.jpg
431,368,1656.4686,191.43712,1977.1613,352.13403,cam_3_1690314491_14-48-11.jpg
431,418,489.20682,456.63666,857.62915,849.9189,cam_3_1690314491_14-48-11.jpg
431,468,2094.4495,412.35214,2517.951,621.72363,cam_3_1690314491_14-48-11.jpg
431,178,1604.0457,453.58292,2042.5709,702.7592,cam_3_1690314491_14-48-11.jpg
431,408,1443.129,394.20422,1814.9724,599.7161,cam_3_1690314491_14-48-11.jpg
431,380,293.87573,968.5008,1752.1398,1724.819,cam_3_1690314491_14-48-11.jpg
431,471,1119.4409,230.17432,1341.5951,472.56927,cam_3_1690314491_14-48-11.jpg
431,443,1375.1735,373.5177,1733.7838,570.1811,cam_3_1690314491_14-48-11.jpg
431,390,1871.2461,378.4564,2209.776,516.76636,cam_3_1690314491_14-48-11.jpg
431,474,1017.21875,221.93372,1304.2626,406.98343,cam_3_1690314491_14-48-11.jpg
432,369,1173.1584,277.22943,1608.1973,585.4934,cam_3_1690314671_14-51-11.jpg
432,368,1660.3328,191.8964,1973.8246,352.58353,cam_3_1690314671_14-51-11.jpg
432,418,484.24643,493.4725,936.7258,907.6337,cam_3_1690314671_14-51-11.jpg
432,468,2090.1477,411.22263,2519.189,620.60925,cam_3_1690314671_14-51-11.jpg
432,178,1616.3164,452.89258,2043.3131,702.599,cam_3_1690314671_14-51-11.jpg
432,408,1443.5991,393.9147,1815.1941,601.87317,cam_3_1690314671_14-51-11.jpg
432,380,435.75333,986.2422,1663.1497,1740.4757,cam_3_1690314671_14-51-11.jpg
432,443,1375.5156,372.52826,1734.9738,569.71124,cam_3_1690314671_14-51-11.jpg
432,390,1874.8365,376.47827,2213.2815,516.66754,cam_3_1690314671_14-51-11.jpg
432,378,411.41815,350.97476,817.6292,626.4862,cam_3_1690314671_14-51-11.jpg
433,369,1176.639,273.79315,1609.2306,581.8508,cam_3_1690314731_14-52-11.jpg
433,368,1662.5564,191.27509,1973.9692,350.20596,cam_3_1690314731_14-52-11.jpg
433,418,434.2049,503.55432,974.0427,925.4465,cam_3_1690314731_14-52-11.jpg
433,468,2089.579,411.99472,2516.708,619.0722,cam_3_1690314731_14-52-11.jpg
433,178,1612.4016,446.88272,2080.6917,702.3724,cam_3_1690314731_14-52-11.jpg
433,408,1444.1648,393.32834,1817.5767,602.6412,cam_3_1690314731_14-52-11.jpg
433,380,389.36374,953.8498,1672.9803,1628.1147,cam_3_1690314731_14-52-11.jpg
433,443,1375.7605,370.24484,1739.4181,568.785,cam_3_1690314731_14-52-11.jpg
433,390,1876.0677,378.14548,2208.4268,513.767,cam_3_1690314731_14-52-11.jpg
433,378,412.18372,350.499,819.5132,623.27704,cam_3_1690314731_14-52-11.jpg
434,369,1238.7816,273.6743,1616.6382,517.80225,cam_3_1690315061_14-57-41.jpg
434,368,1669.775,195.26448,1974.6577,352.52042,cam_3_1690315061_14-57-41.jpg
434,418,454.20752,505.10184,1019.1456,938.5843,cam_3_1690315061_14-57-41.jpg
434,468,2090.3965,411.09106,2516.5835,619.07294,cam_3_1690315061_14-57-41.jpg
434,178,1612.8003,446.88986,2062.6316,702.5976,cam_3_1690315061_14-57-41.jpg
434,408,1444.4535,394.9293,1814.6547,601.4055,cam_3_1690315061_14-57-41.jpg
434,443,1371.9191,373.50336,1730.9324,567.8486,cam_3_1690315061_14-57-41.jpg
434,390,1877.8164,375.85965,2208.5774,510.21985,cam_3_1690315061_14-57-41.jpg
434,378,452.24783,372.7905,808.2199,666.4276,cam_3_1690315061_14-57-41.jpg
434,453,373.68417,335.26276,774.12354,526.08905,cam_3_1690315061_14-57-41.jpg
434,471,1152.6873,218.34216,1411.666,378.25787,cam_3_1690315061_14-57-41.jpg
435,369,1185.1055,275.64297,1564.9193,564.7955,cam_3_1690315331_15-02-11.jpg
435,368,1678.255,194.21574,1972.4744,342.6914,cam_3_1690315331_15-02-11.jpg
435,418,475.2503,486.7724,955.4761,903.7847,cam_3_1690315331_15-02-11.jpg
435,468,2093.0864,412.2475,2518.504,619.9333,cam_3_1690315331_15-02-11.jpg
435,178,1617.5984,452.15427,2058.7915,700.38403,cam_3_1690315331_15-02-11.jpg
435,408,1407.5039,331.1878,1804.0155,607.4065,cam_3_1690315331_15-02-11.jpg
435,390,1865.4066,373.38242,2212.0376,508.15997,cam_3_1690315331_15-02-11.jpg
435,425,546.8952,699.9942,1395.3616,1327.5116,cam_3_1690315331_15-02-11.jpg
435,415,544.0448,384.2933,887.86,584.03235,cam_3_1690315331_15-02-11.jpg
435,391,1394.5574,203.73679,1685.0767,312.91904,cam_3_1690315331_15-02-11.jpg
436,369,1177.3291,277.9357,1552.6874,576.20337,cam_3_1690315346_15-02-26.jpg
436,368,1688.8909,194.14656,1971.6138,337.6155,cam_3_1690315346_15-02-26.jpg
436,418,401.0121,481.29382,940.80383,855.2566,cam_3_1690315346_15-02-26.jpg
436,468,2091.8416,411.59726,2520.4849,619.5765,cam_3_1690315346_15-02-26.jpg
436,178,1618.23,453.4022,2072.7676,700.5876,cam_3_1690315346_15-02-26.jpg
436,408,1393.7758,314.00336,1794.1013,611.28125,cam_3_1690315346_15-02-26.jpg
436,390,1861.011,375.38123,2209.8672,507.99747,cam_3_1690315346_15-02-26.jpg
436,425,557.50397,705.679,1385.5292,1327.1935,cam_3_1690315346_15-02-26.jpg
436,415,556.1734,383.95328,886.228,568.44965,cam_3_1690315346_15-02-26.jpg
436,391,1389.9097,204.45512,1654.824,307.76654,cam_3_1690315346_15-02-26.jpg
437,369,1171.4332,279.93475,1543.3223,583.7522,cam_3_1690315376_15-02-56.jpg
437,368,1695.9489,194.04474,1970.3307,336.5758,cam_3_1690315376_15-02-56.jpg
437,418,451.33566,473.73315,933.70404,870.7751,cam_3_1690315376_15-02-56.jpg
437,468,2085.526,411.83643,2519.8357,620.4553,cam_3_1690315376_15-02-56.jpg
437,178,1615.4694,456.644,2054.6155,700.6658,cam_3_1690315376_15-02-56.jpg
437,408,1387.8765,306.6119,1793.487,613.5164,cam_3_1690315376_15-02-56.jpg
437,390,1863.0919,375.22083,2211.9302,509.47632,cam_3_1690315376_15-02-56.jpg
437,425,527.2755,706.66125,1388.2778,1379.7385,cam_3_1690315376_15-02-56.jpg
437,391,1399.6411,202.25479,1686.3832,312.27014,cam_3_1690315376_15-02-56.jpg
437,378,470.52188,408.3032,871.2661,735.95575,cam_3_1690315376_15-02-56.jpg
438,369,1164.7095,285.374,1517.8397,545.377,cam_3_1690315436_15-03-56.jpg
438,368,1683.8997,194.3107,1971.2598,342.71964,cam_3_1690315436_15-03-56.jpg
438,418,480.78632,480.6437,931.3115,863.0415,cam_3_1690315436_15-03-56.jpg
438,468,2101.6934,412.05896,2520.6345,619.8652,cam_3_1690315436_15-03-56.jpg
438,178,1619.0391,454.58466,2069.6077,701.65753,cam_3_1690315436_15-03-56.jpg
438,408,1285.6241,310.6942,1730.5565,653.3293,cam_3_1690315436_15-03-56.jpg
438,390,1865.3295,376.94162,2212.9678,511.07156,cam_3_1690315436_15-03-56.jpg
438,425,530.73895,719.4174,1415.1091,1371.8906,cam_3_1690315436_15-03-56.jpg
438,391,1397.1683,202.99057,1685.1023,322.7579,cam_3_1690315436_15-03-56.jpg
438,378,473.1837,411.1263,890.3784,753.9135,cam_3_1690315436_15-03-56.jpg
439,369,1162.6284,280.69882,1577.4436,508.91052,cam_3_1690315451_15-04-11.jpg
439,368,1669.8757,193.8718,1973.9702,343.54865,cam_3_1690315451_15-04-11.jpg
439,418,488.01828,474.96164,926.2741,867.8602,cam_3_1690315451_15-04-11.jpg
439,468,2101.4226,410.52557,2521.6602,619.0901,cam_3_1690315451_15-04-11.jpg
439,178,1616.7532,458.44144,2018.769,700.74664,cam_3_1690315451_15-04-11.jpg
439,390,1862.7552,376.42755,2213.9182,518.61505,cam_3_1690315451_15-04-11.jpg
439,425,542.63196,712.08093,1400.8931,1377.7229,cam_3_1690315451_15-04-11.jpg
439,391,1397.6283,202.01158,1680.2023,323.02097,cam_3_1690315451_15-04-11.jpg
439,378,472.1827,415.46786,891.2083,761.1738,cam_3_1690315451_15-04-11.jpg
439,443,1376.2458,375.39807,1760.1566,578.94055,cam_3_1690315451_15-04-11.jpg
440,369,1167.1917,278.62546,1590.2233,561.6745,cam_3_1690315466_15-04-26.jpg
440,368,1656.777,193.9616,1973.877,344.72256,cam_3_1690315466_15-04-26.jpg
440,418,497.19418,468.71545,911.4341,853.7199,cam_3_1690315466_15-04-26.jpg
440,468,2097.7556,410.82208,2521.013,618.16724,cam_3_1690315466_15-04-26.jpg
440,178,1612.8965,461.55542,2002.751,701.29584,cam_3_1690315466_15-04-26.jpg
440,390,1863.2039,374.9713,2212.2078,519.6137,cam_3_1690315466_15-04-26.jpg
440,425,467.06662,708.3581,1397.4147,1357.6643,cam_3_1690315466_15-04-26.jpg
440,391,1392.2789,203.56361,1671.4845,323.86993,cam_3_1690315466_15-04-26.jpg
440,378,461.84348,414.76843,891.74146,768.5028,cam_3_1690315466_15-04-26.jpg
440,443,1374.7443,376.95117,1763.1228,581.4166,cam_3_1690315466_15-04-26.jpg
440,347,500.2668,534.036,1091.7875,1014.81647,cam_3_1690315466_15-04-26.jpg
441,369,1168.0876,275.14096,1592.6093,576.7096,cam_3_1690315661_15-07-41.jpg
441,368,1666.7799,193.557,1973.691,343.97528,cam_3_1690315661_15-07-41.jpg
441,418,526.8692,498.597,938.0065,852.75323,cam_3_1690315661_15-07-41.jpg
441,468,2094.2607,413.13824,2521.4043,616.243,cam_3_1690315661_15-07-41.jpg
441,178,1622.8759,452.6151,2062.4006,700.3778,cam_3_1690315661_15-07-41.jpg
441,390,1864.6576,376.78012,2210.5825,512.57794,cam_3_1690315661_15-07-41.jpg
441,425,419.45264,704.0938,1392.8153,1288.6935,cam_3_1690315661_15-07-41.jpg
441,391,1424.5243,194.70377,1684.4591,327.45358,cam_3_1690315661_15-07-41.jpg
441,378,490.91006,439.03625,904.28784,807.22864,cam_3_1690315661_15-07-41.jpg
441,443,1374.9036,377.00824,1768.7427,576.91113,cam_3_1690315661_15-07-41.jpg
441,347,616.31586,546.4781,1085.9833,911.7744,cam_3_1690315661_15-07-41.jpg
442,369,1169.1671,269.3843,1599.2657,582.20044,cam_3_1690315676_15-07-56.jpg
442,368,1666.3845,192.94484,1973.4772,345.05963,cam_3_1690315676_15-07-56.jpg
442,468,2116.5662,413.14212,2524.6802,619.99286,cam_3_1690315676_15-07-56.jpg
442,178,1618.7268,451.20703,2073.5933,700.8666,cam_3_1690315676_15-07-56.jpg
442,390,1868.9266,376.4739,2217.6758,511.77515,cam_3_1690315676_15-07-56.jpg
442,425,432.74304,707.6544,1391.5332,1262.446,cam_3_1690315676_15-07-56.jpg
442,391,1430.8563,192.02466,1685.6038,328.07996,cam_3_1690315676_15-07-56.jpg
442,378,409.03928,461.18835,925.81647,781.3069,cam_3_1690315676_15-07-56.jpg
442,443,1374.648,375.70834,1770.6244,577.3668,cam_3_1690315676_15-07-56.jpg
442,347,657.0597,596.79767,1083.109,857.2162,cam_3_1690315676_15-07-56.jpg
442,480,1104.4857,203.7001,1426.6858,348.0073,cam_3_1690315676_15-07-56.jpg
443,369,1206.342,279.81113,1618.3462,554.94574,cam_3_1690315751_15-09-11.jpg
443,368,1670.5424,191.09563,1972.3251,343.66025,cam_3_1690315751_15-09-11.jpg
443,468,2097.1484,414.2759,2521.3777,621.03076,cam_3_1690315751_15-09-11.jpg
443,178,1614.7,458.0303,2027.381,699.86456,cam_3_1690315751_15-09-11.jpg
443,390,1867.0352,375.56805,2217.1584,515.3802,cam_3_1690315751_15-09-11.jpg
443,425,529.0451,704.1724,1339.3201,1285.5419,cam_3_1690315751_15-09-11.jpg
443,391,1437.401,195.528,1694.4366,331.34842,cam_3_1690315751_15-09-11.jpg
443,378,445.30807,457.9012,929.79846,838.54144,cam_3_1690315751_15-09-11.jpg
443,443,1372.7294,377.08704,1759.537,578.05884,cam_3_1690315751_15-09-11.jpg
443,401,666.28534,327.4053,1079.3805,591.8852,cam_3_1690315751_15-09-11.jpg
443,380,644.10767,770.1037,1467.8439,1605.8308,cam_3_1690315751_15-09-11.jpg
443,418,512.5714,523.9484,975.7905,985.09467,cam_3_1690315751_15-09-11.jpg
444,369,1178.7963,279.35718,1609.7067,577.2554,cam_3_1690315901_15-11-41.jpg
444,368,1675.5967,195.19638,1971.0511,349.32928,cam_3_1690315901_15-11-41.jpg
444,468,2101.9675,412.6181,2521.1113,617.2834,cam_3_1690315901_15-11-41.jpg
444,178,1619.9938,456.11807,2060.4998,698.50287,cam_3_1690315901_15-11-41.jpg
444,390,1867.836,375.2285,2218.034,512.7267,cam_3_1690315901_15-11-41.jpg
444,425,559.0963,695.3509,1337.8539,1310.2153,cam_3_1690315901_15-11-41.jpg
444,378,422.74863,457.37152,950.19495,778.7656,cam_3_1690315901_15-11-41.jpg
444,443,1373.5625,376.33337,1760.4194,578.6241,cam_3_1690315901_15-11-41.jpg
444,380,642.5579,774.2831,1491.5397,1602.8722,cam_3_1690315901_15-11-41.jpg
444,418,440.01556,531.2926,997.40466,940.3977,cam_3_1690315901_15-11-41.jpg
444,450,335.9455,426.66888,930.06,691.1544,cam_3_1690315901_15-11-41.jpg
445,369,1176.2295,275.84277,1607.2919,582.0707,cam_3_1690316066_15-14-26.jpg
445,368,1666.6132,193.64343,1969.7544,344.93204,cam_3_1690316066_15-14-26.jpg
445,468,2101.5688,413.57385,2520.8699,616.6979,cam_3_1690316066_15-14-26.jpg
445,178,1616.1979,449.35614,2076.9622,698.83307,cam_3_1690316066_15-14-26.jpg
445,390,1869.7682,376.04535,2214.5156,511.71384,cam_3_1690316066_15-14-26.jpg
445,425,625.51636,702.50104,1298.1494,1178.5167,cam_3_1690316066_15-14-26.jpg
445,378,411.59366,425.68033,963.84344,745.82117,cam_3_1690316066_15-14-26.jpg
445,443,1373.8167,376.02502,1765.9607,577.29895,cam_3_1690316066_15-14-26.jpg
445,380,501.5538,768.2804,1496.2902,1551.4702,cam_3_1690316066_15-14-26.jpg
445,418,492.61197,522.6393,969.48346,971.44226,cam_3_1690316066_15-14-26.jpg
445,347,566.97754,627.0826,1011.5048,1091.0833,cam_3_1690316066_15-14-26.jpg
445,391,1462.342,193.09833,1685.6642,340.4999,cam_3_1690316066_15-14-26.jpg
446,369,1145.9169,277.04263,1602.9043,589.9874,cam_3_1690316171_15-16-11.jpg
446,368,1653.1909,193.66917,1968.4086,343.77728,cam_3_1690316171_15-16-11.jpg
446,468,2119.2158,414.47437,2521.4001,614.7644,cam_3_1690316171_15-16-11.jpg
446,178,1619.3971,447.76596,2080.3308,697.685,cam_3_1690316171_15-16-11.jpg
446,390,1869.981,377.10986,2216.9717,512.7671,cam_3_1690316171_15-16-11.jpg
446,425,581.2232,696.1628,1329.5756,1165.8027,cam_3_1690316171_15-16-11.jpg
446,378,389.84756,416.81802,961.95483,714.5511,cam_3_1690316171_15-16-11.jpg
446,443,1373.7579,378.11734,1773.9115,576.50775,cam_3_1690316171_15-16-11.jpg
446,380,458.07776,773.1833,1507.2906,1536.5481,cam_3_1690316171_15-16-11.jpg
446,418,540.17957,522.82855,963.57086,906.57245,cam_3_1690316171_15-16-11.jpg
446,347,565.00946,622.6056,1030.2395,1100.0399,cam_3_1690316171_15-16-11.jpg
446,391,1478.9974,191.9725,1698.9374,343.49863,cam_3_1690316171_15-16-11.jpg
446,409,1191.3391,1521.7028,2492.2314,2795.5483,cam_3_1690316171_15-16-11.jpg
447,369,1078.2062,300.6514,1441.4263,591.6014,cam_3_1690316276_15-17-56.jpg
447,368,1651.9954,195.57384,1969.0161,345.89154,cam_3_1690316276_15-17-56.jpg
447,468,2119.2869,413.56635,2521.3867,616.48865,cam_3_1690316276_15-17-56.jpg
447,178,1624.879,448.0892,2080.4324,695.9753,cam_3_1690316276_15-17-56.jpg
447,390,1875.4763,378.17877,2216.9375,513.747,cam_3_1690316276_15-17-56.jpg
447,425,577.4732,697.60376,1324.0166,1337.9026,cam_3_1690316276_15-17-56.jpg
447,378,439.70364,414.59183,957.2745,728.00195,cam_3_1690316276_15-17-56.jpg
447,443,1369.3331,380.05994,1777.0612,577.8012,cam_3_1690316276_15-17-56.jpg
447,380,554.08826,777.23364,1515.4249,1566.5927,cam_3_1690316276_15-17-56.jpg
447,418,479.49414,515.3683,993.84216,912.3482,cam_3_1690316276_15-17-56.jpg
447,347,561.2701,615.46277,1042.2599,1157.2883,cam_3_1690316276_15-17-56.jpg
447,391,1452.7992,192.3267,1711.1807,352.64175,cam_3_1690316276_15-17-56.jpg
447,409,1080.1766,1508.705,2508.356,2786.8948,cam_3_1690316276_15-17-56.jpg
448,369,1034.0901,387.292,1439.0198,714.83246,cam_3_1690316366_15-19-26.jpg
448,368,1656.7303,195.64003,1970.5917,344.32416,cam_3_1690316366_15-19-26.jpg
448,468,2115.9429,412.5388,2523.595,617.534,cam_3_1690316366_15-19-26.jpg
448,178,1624.1461,450.24298,2075.4514,695.1478,cam_3_1690316366_15-19-26.jpg
448,390,1873.6763,377.59222,2213.1406,514.4397,cam_3_1690316366_15-19-26.jpg
448,425,566.0119,697.5584,1351.4047,1397.8446,cam_3_1690316366_15-19-26.jpg
448,378,462.85403,414.68106,957.2649,743.59247,cam_3_1690316366_15-19-26.jpg
448,443,1381.6346,380.8047,1773.2815,578.16974,cam_3_1690316366_15-19-26.jpg
448,418,459.6632,536.5569,1052.3246,954.8667,cam_3_1690316366_15-19-26.jpg
448,347,559.7698,613.14874,1108.4487,1171.6448,cam_3_1690316366_15-19-26.jpg
448,391,1438.9635,192.42879,1719.318,356.19427,cam_3_1690316366_15-19-26.jpg
448,480,1195.8579,245.36809,1383.6571,449.21335,cam_3_1690316366_15-19-26.jpg
449,368,1674.8745,192.77213,1973.4142,337.9804,cam_3_1690316501_15-21-41.jpg
449,468,2111.2446,413.16504,2521.74,618.7303,cam_3_1690316501_15-21-41.jpg
449,178,1624.9498,449.48343,2083.034,694.2413,cam_3_1690316501_15-21-41.jpg
449,390,1866.3093,377.1646,2215.8186,514.22125,cam_3_1690316501_15-21-41.jpg
449,425,506.53317,701.7003,1352.6926,1290.8628,cam_3_1690316501_15-21-41.jpg
449,378,458.84772,447.52515,962.91797,719.1156,cam_3_1690316501_15-21-41.jpg
449,418,415.01282,549.6869,1023.97003,884.7971,cam_3_1690316501_15-21-41.jpg
449,391,1472.0938,188.11317,1748.9811,335.53262,cam_3_1690316501_15-21-41.jpg
449,489,775.7971,520.73254,1249.879,753.21014,cam_3_1690316501_15-21-41.jpg
449,408,1263.9722,300.29974,1745.1792,617.1662,cam_3_1690316501_15-21-41.jpg
449,380,606.8401,824.3598,1571.0226,1620.8722,cam_3_1690316501_15-21-41.jpg
450,368,1680.7822,194.31404,1972.3846,339.85974,cam_3_1690316801_15-26-41.jpg
450,468,2104.3972,413.73392,2521.0254,621.53876,cam_3_1690316801_15-26-41.jpg
450,178,1626.8835,450.1669,2070.7178,697.18823,cam_3_1690316801_15-26-41.jpg
450,390,1862.5221,374.45853,2214.337,511.23895,cam_3_1690316801_15-26-41.jpg
450,425,521.5847,671.21533,1284.5436,1305.9946,cam_3_1690316801_15-26-41.jpg
450,378,360.9042,426.80954,954.94904,674.27216,cam_3_1690316801_15-26-41.jpg
450,418,401.65753,548.57947,1065.2141,859.6739,cam_3_1690316801_15-26-41.jpg
450,391,1474.2432,191.5959,1783.9623,347.07538,cam_3_1690316801_15-26-41.jpg
450,380,573.13513,764.9395,1487.238,1578.9554,cam_3_1690316801_15-26-41.jpg
450,443,1335.2063,363.27066,1714.0723,547.88403,cam_3_1690316801_15-26-41.jpg
450,347,516.74854,608.5438,1110.7349,1147.8313,cam_3_1690316801_15-26-41.jpg
451,368,1676.1207,194.09451,1969.5958,343.43805,cam_3_1690316816_15-26-56.jpg
451,468,2131.8687,409.03485,2519.4534,615.4633,cam_3_1690316816_15-26-56.jpg
451,178,1633.898,449.78836,2080.764,697.5951,cam_3_1690316816_15-26-56.jpg
451,390,1861.8658,375.83707,2211.1729,512.84454,cam_3_1690316816_15-26-56.jpg
451,378,428.0177,426.1677,944.1492,703.6018,cam_3_1690316816_15-26-56.jpg
451,418,483.28882,545.25726,1080.2562,892.12286,cam_3_1690316816_15-26-56.jpg
451,391,1477.0679,191.32411,1795.3046,352.09357,cam_3_1690316816_15-26-56.jpg
451,380,539.15466,752.25616,1462.1488,1542.1498,cam_3_1690316816_15-26-56.jpg
451,495,2586.5154,691.28986,3755.1123,1431.4266,cam_3_1690316816_15-26-56.jpg
451,496,3250.3542,395.1499,3628.7957,807.39264,cam_3_1690316816_15-26-56.jpg
451,497,654.5707,595.01215,1123.2955,853.64465,cam_3_1690316816_15-26-56.jpg
451,443,1329.1372,359.1573,1698.7849,540.6069,cam_3_1690316816_15-26-56.jpg
451,347,431.61087,643.4928,1176.698,1160.7411,cam_3_1690316816_15-26-56.jpg
451,489,635.359,541.2909,1100.2228,748.9856,cam_3_1690316816_15-26-56.jpg
452,368,1678.817,192.67148,1971.0068,340.55396,cam_3_1690316846_15-27-26.jpg
452,468,2112.708,410.02115,2521.7366,617.825,cam_3_1690316846_15-27-26.jpg
452,178,1632.7806,448.80383,2079.4502,697.6058,cam_3_1690316846_15-27-26.jpg
452,390,1865.1035,374.67172,2210.2976,513.3555,cam_3_1690316846_15-27-26.jpg
452,378,445.52295,423.27957,940.9362,759.8133,cam_3_1690316846_15-27-26.jpg
452,418,510.72797,551.2481,1085.6007,935.53876,cam_3_1690316846_15-27-26.jpg
452,391,1482.8595,191.20909,1807.9501,351.78317,cam_3_1690316846_15-27-26.jpg
452,380,507.88635,745.7438,1444.0005,1545.9194,cam_3_1690316846_15-27-26.jpg
452,495,2581.7568,647.2652,3622.1152,1430.4596,cam_3_1690316846_15-27-26.jpg
452,496,3173.1238,386.7026,3635.2249,864.1701,cam_3_1690316846_15-27-26.jpg
452,443,1323.1733,358.70828,1692.0723,538.71564,cam_3_1690316846_15-27-26.jpg
452,347,483.13998,606.87976,1137.3314,1122.5496,cam_3_1690316846_15-27-26.jpg
452,489,608.41406,533.4602,1065.2222,741.31537,cam_3_1690316846_15-27-26.jpg
452,425,536.9631,657.2626,1216.8849,1274.1821,cam_3_1690316846_15-27-26.jpg
453,368,1681.9869,193.14154,1969.5353,339.72833,cam_3_1690316876_15-27-56.jpg
453,468,2111.3857,410.10297,2522.0437,617.3993,cam_3_1690316876_15-27-56.jpg
453,178,1631.203,448.7238,2079.2532,695.2522,cam_3_1690316876_15-27-56.jpg
453,390,1863.9634,373.52338,2210.1108,511.11026,cam_3_1690316876_15-27-56.jpg
453,418,418.15182,542.2142,1077.1316,869.3569,cam_3_1690316876_15-27-56.jpg
453,391,1485.6292,189.53186,1815.9684,351.58536,cam_3_1690316876_15-27-56.jpg
453,380,509.4502,742.1232,1443.6698,1540.449,cam_3_1690316876_15-27-56.jpg
453,495,2567.225,660.01984,3698.8213,1433.1439,cam_3_1690316876_15-27-56.jpg
453,443,1326.6794,358.347,1694.254,536.3947,cam_3_1690316876_15-27-56.jpg
453,347,476.11246,618.6254,1111.9163,1020.82367,cam_3_1690316876_15-27-56.jpg
453,425,494.5073,658.76807,1202.6333,1211.4891,cam_3_1690316876_15-27-56.jpg
453,401,709.19653,383.73608,1115.2502,603.53534,cam_3_1690316876_15-27-56.jpg
453,497,663.175,592.9268,1124.9689,849.367,cam_3_1690316876_15-27-56.jpg
454,468,2136.3728,312.6583,2595.9553,572.68274,cam_3_1690316996_15-29-56.jpg
454,178,1625.6775,452.1516,2086.4836,695.00635,cam_3_1690316996_15-29-56.jpg
454,443,1324.7192,360.40363,1681.3822,535.1294,cam_3_1690316996_15-29-56.jpg
454,499,2966.4421,240.53857,3248.7646,623.79407,cam_3_1690316996_15-29-56.jpg
454,401,868.3525,360.32004,1156.9918,655.69244,cam_3_1690316996_15-29-56.jpg
454,470,1904.4725,234.79965,2275.3887,449.56464,cam_3_1690316996_15-29-56.jpg
454,369,1086.0201,426.8215,1283.8983,778.122,cam_3_1690316996_15-29-56.jpg
454,480,1197.5878,247.33586,1374.1708,480.10242,cam_3_1690316996_15-29-56.jpg
454,378,351.36963,416.51266,952.1209,737.0746,cam_3_1690316996_15-29-56.jpg
455,468,2300.4492,268.84125,2729.3914,556.87946,cam_3_1690317101_15-31-41.jpg
455,501,1816.1229,190.14313,2124.9531,376.1397,cam_3_1690317101_15-31-41.jpg
455,470,1903.3756,231.33308,2277.591,481.8654,cam_3_1690317101_15-31-41.jpg
480,408,1161.6658,208.59932,1481.0145,421.69116,cam_3_1690319291_16-08-11.jpg
480,391,1680.3687,194.36053,1982.2375,413.45193,cam_3_1690319291_16-08-11.jpg
481,408,1103.9298,213.23262,1446.5256,412.8885,cam_3_1690319381_16-09-41.jpg
481,391,1689.5973,184.43013,1973.2174,393.88693,cam_3_1690319381_16-09-41.jpg
481,418,447.7276,473.27725,996.7596,849.86176,cam_3_1690319381_16-09-41.jpg
481,495,2613.915,572.87604,3689.725,1116.596,cam_3_1690319381_16-09-41.jpg
481,443,1237.317,295.93652,1687.8903,613.6496,cam_3_1690319381_16-09-41.jpg
481,378,370.84113,440.09503,880.3273,693.02386,cam_3_1690319381_16-09-41.jpg
481,501,1782.343,199.19736,2084.3545,400.60455,cam_3_1690319381_16-09-41.jpg
481,470,1832.1787,218.86282,2166.2075,479.57513,cam_3_1690319381_16-09-41.jpg
482,408,1109.8989,218.68343,1369.5234,431.89606,cam_3_1690319531_16-12-11.jpg
482,391,1668.4055,183.97536,1960.3909,387.20316,cam_3_1690319531_16-12-11.jpg
482,505,352.07083,379.915,823.4907,573.56836,cam_3_1690319531_16-12-11.jpg
482,418,458.36932,464.97473,977.29456,840.736,cam_3_1690319531_16-12-11.jpg
482,495,2916.6084,455.4932,3791.1135,1077.2085,cam_3_1690319531_16-12-11.jpg
482,443,1253.8798,301.07202,1648.4006,535.91064,cam_3_1690319531_16-12-11.jpg
482,378,426.6124,427.7508,872.9469,713.9757,cam_3_1690319531_16-12-11.jpg
482,501,1791.2919,203.76459,2102.5916,423.3595,cam_3_1690319531_16-12-11.jpg
482,425,483.09332,515.22327,1070.6338,978.6528,cam_3_1690319531_16-12-11.jpg
482,401,1271.675,439.81836,1726.5562,762.39966,cam_3_1690319531_16-12-11.jpg
483,505,405.52472,357.3591,821.0807,583.21625,cam_3_1690319621_16-13-41.jpg
483,418,462.2116,461.80768,1005.1692,823.0846,cam_3_1690319621_16-13-41.jpg
483,495,2816.84,523.11456,3784.2449,1121.5138,cam_3_1690319621_16-13-41.jpg
483,443,1259.0928,314.71088,1676.5468,605.71075,cam_3_1690319621_16-13-41.jpg
483,378,436.4127,423.8346,869.2241,739.7806,cam_3_1690319621_16-13-41.jpg
483,501,1787.2897,203.41885,2086.0857,399.52197,cam_3_1690319621_16-13-41.jpg
483,425,434.14124,646.02795,1256.1813,1000.8062,cam_3_1690319621_16-13-41.jpg
483,368,1668.9148,159.04251,1967.7007,340.77835,cam_3_1690319621_16-13-41.jpg
483,380,518.13385,822.77454,1378.363,1376.2834,cam_3_1690319621_16-13-41.jpg
483,178,1461.5516,362.35602,2043.9939,758.2774,cam_3_1690319621_16-13-41.jpg
484,418,408.19437,506.37256,1085.496,820.98474,cam_3_1690319996_16-19-56.jpg
484,495,2724.4407,573.39,3648.1772,1186.2657,cam_3_1690319996_16-19-56.jpg
484,443,1269.3624,310.42252,1708.5111,622.1685,cam_3_1690319996_16-19-56.jpg
484,378,446.1034,430.55966,879.0228,733.0308,cam_3_1690319996_16-19-56.jpg
484,425,399.64914,623.69495,1219.5657,1007.5064,cam_3_1690319996_16-19-56.jpg
484,368,1681.904,165.1323,1944.6039,345.95987,cam_3_1690319996_16-19-56.jpg
484,380,531.9867,699.99866,1331.7412,1293.0557,cam_3_1690319996_16-19-56.jpg
484,178,1582.0288,419.6228,2074.9827,723.897,cam_3_1690319996_16-19-56.jpg
484,390,1876.6115,364.95782,2252.0547,509.4976,cam_3_1690319996_16-19-56.jpg
484,470,1910.87,189.94241,2289.3074,409.81995,cam_3_1690319996_16-19-56.jpg
485,418,436.7852,503.83405,1013.10547,833.6799,cam_3_1690320221_16-23-41.jpg
485,443,1291.641,319.035,1699.8826,660.20593,cam_3_1690320221_16-23-41.jpg
485,378,380.924,419.28763,900.5141,713.0129,cam_3_1690320221_16-23-41.jpg
485,368,1689.4673,165.72911,1955.5895,351.50797,cam_3_1690320221_16-23-41.jpg
485,178,1523.525,373.60233,2037.1416,750.5811,cam_3_1690320221_16-23-41.jpg
485,514,1473.4534,187.3368,1711.2957,327.8054,cam_3_1690320221_16-23-41.jpg
485,470,1952.8109,216.0069,2294.5156,473.5239,cam_3_1690320221_16-23-41.jpg
485,497,724.0131,527.66656,1059.5862,961.128,cam_3_1690320221_16-23-41.jpg
485,505,420.3379,337.65417,835.4542,560.32855,cam_3_1690320221_16-23-41.jpg
486,418,420.1022,478.7312,914.57635,816.2242,cam_3_1690320446_16-27-26.jpg
486,443,1191.4175,301.547,1623.9467,621.94055,cam_3_1690320446_16-27-26.jpg
486,378,418.53796,412.96643,865.42145,722.14886,cam_3_1690320446_16-27-26.jpg
486,368,1665.9855,165.38818,1956.4476,354.05338,cam_3_1690320446_16-27-26.jpg
486,178,1477.1329,358.97653,1960.8032,771.5252,cam_3_1690320446_16-27-26.jpg
486,514,1474.4934,190.07787,1671.3176,347.3887,cam_3_1690320446_16-27-26.jpg
486,425,486.14142,570.2091,1123.2798,1060.7625,cam_3_1690320446_16-27-26.jpg
486,380,565.0203,682.9802,1233.5769,1273.9081,cam_3_1690320446_16-27-26.jpg
486,390,1913.8641,356.9319,2226.5742,523.46136,cam_3_1690320446_16-27-26.jpg
487,418,392.63412,504.94934,966.455,834.2778,cam_3_1690320626_16-30-26.jpg
487,378,437.32443,402.91824,893.63983,713.71277,cam_3_1690320626_16-30-26.jpg
487,368,1654.0774,163.92905,1961.3118,355.72934,cam_3_1690320626_16-30-26.jpg
487,178,1460.0665,357.27936,1932.8826,788.56165,cam_3_1690320626_16-30-26.jpg
487,514,1441.4823,191.26369,1677.4957,365.40173,cam_3_1690320626_16-30-26.jpg
487,519,642.9389,792.94525,1376.9263,1715.8933,cam_3_1690320626_16-30-26.jpg
487,425,514.58105,569.8373,1123.8055,1064.969,cam_3_1690320626_16-30-26.jpg
487,380,574.79846,687.2318,1276.0511,1347.6217,cam_3_1690320626_16-30-26.jpg
487,390,1918.5217,361.3391,2224.2856,502.46448,cam_3_1690320626_16-30-26.jpg
488,418,402.4738,516.05334,976.3976,843.74646,cam_3_1690320641_16-30-41.jpg
488,378,447.05966,400.29785,905.4251,724.8441,cam_3_1690320641_16-30-41.jpg
488,368,1654.9398,161.98466,1969.0859,354.3431,cam_3_1690320641_16-30-41.jpg
488,178,1452.2876,357.22116,1918.4108,795.6256,cam_3_1690320641_16-30-41.jpg
488,514,1441.2051,194.30165,1688.0178,372.9867,cam_3_1690320641_16-30-41.jpg
488,519,660.5084,807.86847,1387.8159,1744.1816,cam_3_1690320641_16-30-41.jpg
488,425,542.37146,571.0319,1140.673,1009.74347,cam_3_1690320641_16-30-41.jpg
488,380,450.50357,685.32574,1294.1217,1256.5652,cam_3_1690320641_16-30-41.jpg
488,390,1916.8723,362.4576,2223.564,492.55786,cam_3_1690320641_16-30-41.jpg
488,521,1722.4656,483.7172,2245.5515,752.7607,cam_3_1690320641_16-30-41.jpg
488,522,435.26645,456.55927,948.1407,790.50146,cam_3_1690320641_16-30-41.jpg
489,418,401.2861,524.35626,987.779,838.89154,cam_3_1690320716_16-31-56.jpg
489,368,1636.0436,164.99037,1960.5448,353.39432,cam_3_1690320716_16-31-56.jpg
489,178,1438.3251,363.57666,1909.3463,796.892,cam_3_1690320716_16-31-56.jpg
489,514,1434.7308,190.91737,1684.5063,373.16037,cam_3_1690320716_16-31-56.jpg
489,519,668.9372,819.2341,1393.4854,1766.2805,cam_3_1690320716_16-31-56.jpg
489,425,535.5158,574.5607,1151.4475,1009.29596,cam_3_1690320716_16-31-56.jpg
489,380,421.3651,687.73004,1314.613,1222.3317,cam_3_1690320716_16-31-56.jpg
489,390,1917.7412,364.51633,2223.3696,488.9958,cam_3_1690320716_16-31-56.jpg
489,521,1725.1063,482.3592,2247.4016,754.5087,cam_3_1690320716_16-31-56.jpg
489,522,394.28116,460.15927,958.9651,775.60376,cam_3_1690320716_16-31-56.jpg
490,418,471.79312,519.59766,989.46204,889.7586,cam_3_1690320746_16-32-26.jpg
490,368,1624.9939,160.09895,1966.6104,347.9745,cam_3_1690320746_16-32-26.jpg
490,178,1430.0865,361.18307,1914.778,800.5092,cam_3_1690320746_16-32-26.jpg
490,514,1440.5576,190.93243,1688.5466,375.8082,cam_3_1690320746_16-32-26.jpg
490,519,900.1774,807.8114,1385.2375,1633.5752,cam_3_1690320746_16-32-26.jpg
490,425,525.95264,577.574,1162.4164,1058.2462,cam_3_1690320746_16-32-26.jpg
490,380,527.33887,696.22546,1302.138,1338.3463,cam_3_1690320746_16-32-26.jpg
490,390,1918.8468,364.30252,2222.7751,487.6501,cam_3_1690320746_16-32-26.jpg
490,521,1727.8047,481.96408,2245.5566,752.40155,cam_3_1690320746_16-32-26.jpg
490,522,421.873,455.65735,953.1694,825.9484,cam_3_1690320746_16-32-26.jpg
490,378,441.64014,403.4863,913.6487,748.7484,cam_3_1690320746_16-32-26.jpg
491,368,1623.9321,161.6313,1974.372,347.67523,cam_3_1690320971_16-36-11.jpg
491,178,1425.338,361.102,1923.1182,787.45776,cam_3_1690320971_16-36-11.jpg
491,514,1440.855,195.46837,1649.9414,365.10834,cam_3_1690320971_16-36-11.jpg
491,519,467.20993,900.3533,1536.7925,1823.9628,cam_3_1690320971_16-36-11.jpg
491,425,518.20294,585.3602,1149.1299,1011.7844,cam_3_1690320971_16-36-11.jpg
491,380,457.90765,697.7304,1338.4644,1290.7401,cam_3_1690320971_16-36-11.jpg
491,390,1923.2711,365.54916,2221.1228,485.69968,cam_3_1690320971_16-36-11.jpg
491,521,1725.8954,483.65338,2242.4282,752.611,cam_3_1690320971_16-36-11.jpg
491,522,468.01068,467.59833,968.4688,837.6101,cam_3_1690320971_16-36-11.jpg
491,378,440.06125,409.65897,922.5699,770.54083,cam_3_1690320971_16-36-11.jpg
491,443,1318.793,356.09006,1636.0621,544.95166,cam_3_1690320971_16-36-11.jpg
492,368,1614.7108,162.584,1977.7545,346.7828,cam_3_1690321001_16-36-41.jpg
492,178,1417.9156,365.57025,1914.9475,787.9157,cam_3_1690321001_16-36-41.jpg
492,514,1449.431,192.29254,1659.0942,358.61044,cam_3_1690321001_16-36-41.jpg
492,519,443.84418,928.67737,1590.513,1885.936,cam_3_1690321001_16-36-41.jpg
492,425,599.8469,563.05206,1255.5566,942.4482,cam_3_1690321001_16-36-41.jpg
492,380,521.0877,716.836,1359.781,1315.6957,cam_3_1690321001_16-36-41.jpg
492,390,1921.4619,364.5603,2219.9683,486.47214,cam_3_1690321001_16-36-41.jpg
492,521,1725.0438,485.57254,2241.0781,753.32697,cam_3_1690321001_16-36-41.jpg
492,522,449.3061,473.1607,970.09576,848.08386,cam_3_1690321001_16-36-41.jpg
492,378,437.32443,407.3151,926.1841,759.7822,cam_3_1690321001_16-36-41.jpg
492,526,2188.3438,268.43274,2633.562,561.7219,cam_3_1690321001_16-36-41.jpg
492,443,1334.9739,363.5765,1637.989,530.41986,cam_3_1690321001_16-36-41.jpg
493,368,1640.401,163.80457,1967.9673,359.73816,cam_3_1690321271_16-41-11.jpg
493,178,1430.6624,383.81366,1866.243,675.23315,cam_3_1690321271_16-41-11.jpg
493,519,481.50983,937.7822,1692.9274,1842.6675,cam_3_1690321271_16-41-11.jpg
493,425,628.04364,551.52014,1249.5088,935.6926,cam_3_1690321271_16-41-11.jpg
493,380,558.64465,753.6075,1405.3961,1398.4835,cam_3_1690321271_16-41-11.jpg
493,390,1913.5303,366.34848,2225.4258,491.74847,cam_3_1690321271_16-41-11.jpg
493,521,1722.8444,483.724,2252.6758,760.3365,cam_3_1690321271_16-41-11.jpg
493,522,388.3973,458.75247,976.3457,821.356,cam_3_1690321271_16-41-11.jpg
493,378,409.10226,392.77982,908.118,670.02094,cam_3_1690321271_16-41-11.jpg
493,443,1332.9321,357.3775,1640.8895,526.4238,cam_3_1690321271_16-41-11.jpg
494,368,1655.9255,163.86143,1958.1338,364.52344,cam_3_1690321451_16-44-11.jpg
494,178,1430.1235,389.10373,1846.5546,625.6834,cam_3_1690321451_16-44-11.jpg
494,519,432.9979,933.2471,1763.6444,1810.4152,cam_3_1690321451_16-44-11.jpg
494,425,533.61316,669.6895,1261.028,1028.4835,cam_3_1690321451_16-44-11.jpg
494,380,660.23016,818.02893,1489.1349,1349.1896,cam_3_1690321451_16-44-11.jpg
494,390,1911.5339,365.19986,2225.5715,490.1568,cam_3_1690321451_16-44-11.jpg
494,521,1721.9502,484.06992,2247.175,756.2528,cam_3_1690321451_16-44-11.jpg
494,522,391.88385,450.26865,974.36273,824.7183,cam_3_1690321451_16-44-11.jpg
494,378,385.70474,392.02765,903.73,631.3391,cam_3_1690321451_16-44-11.jpg
494,443,1332.828,360.68265,1640.9874,525.24,cam_3_1690321451_16-44-11.jpg
494,529,1393.6016,378.25006,1719.5154,570.1095,cam_3_1690321451_16-44-11.jpg
494,418,488.536,547.7136,1096.3047,924.89435,cam_3_1690321451_16-44-11.jpg
495,368,1664.2772,164.42633,1958.515,365.05692,cam_3_1690321466_16-44-26.jpg
495,178,1431.5316,391.85315,1848.9615,615.66595,cam_3_1690321466_16-44-26.jpg
495,519,445.4853,929.96124,1787.6882,1798.6033,cam_3_1690321466_16-44-26.jpg
495,425,464.65015,714.64954,1263.8503,1058.2411,cam_3_1690321466_16-44-26.jpg
495,380,464.2807,847.0255,1516.3182,1390.043,cam_3_1690321466_16-44-26.jpg
495,390,1908.4679,366.43243,2222.8665,490.6557,cam_3_1690321466_16-44-26.jpg
495,521,1724.5544,484.97772,2245.0083,755.2218,cam_3_1690321466_16-44-26.jpg
495,522,359.8394,446.13214,977.2638,780.90247,cam_3_1690321466_16-44-26.jpg
495,378,412.33295,380.81934,869.9175,618.7931,cam_3_1690321466_16-44-26.jpg
495,443,1332.1583,361.75705,1638.9697,526.15924,cam_3_1690321466_16-44-26.jpg
495,529,1390.5145,378.81232,1712.3774,570.4371,cam_3_1690321466_16-44-26.jpg
495,418,482.36783,553.91327,1102.6373,899.53467,cam_3_1690321466_16-44-26.jpg
495,505,493.12204,335.59888,811.96436,474.7634,cam_3_1690321466_16-44-26.jpg
496,368,1662.8857,163.49252,1954.4521,366.72974,cam_3_1690321481_16-44-41.jpg
496,178,1433.3479,392.1008,1848.2412,612.25696,cam_3_1690321481_16-44-41.jpg
496,519,567.1423,934.2608,1793.2637,1861.1598,cam_3_1690321481_16-44-41.jpg
496,425,441.6238,729.21826,1268.0682,1077.8688,cam_3_1690321481_16-44-41.jpg
496,380,550.9018,858.5132,1524.7229,1532.6228,cam_3_1690321481_16-44-41.jpg
496,390,1904.8726,365.50302,2223.5305,492.40027,cam_3_1690321481_16-44-41.jpg
496,521,1722.3685,488.8484,2245.1685,754.4455,cam_3_1690321481_16-44-41.jpg
496,522,350.80368,445.6534,985.02515,759.6386,cam_3_1690321481_16-44-41.jpg
496,378,393.9262,383.40787,872.1402,612.47845,cam_3_1690321481_16-44-41.jpg
496,443,1334.2491,360.80142,1640.9292,526.40106,cam_3_1690321481_16-44-41.jpg
496,529,1394.4963,376.71634,1713.4767,565.6292,cam_3_1690321481_16-44-41.jpg
496,418,482.10876,554.35425,1117.5825,891.57745,cam_3_1690321481_16-44-41.jpg
496,505,400.4949,338.09085,816.5554,522.83606,cam_3_1690321481_16-44-41.jpg
497,368,1663.5868,161.7693,1947.5371,378.20352,cam_3_1690321601_16-46-41.jpg
497,178,1431.549,400.50415,1831.2122,606.93414,cam_3_1690321601_16-46-41.jpg
497,425,785.0143,674.4004,1324.4525,1104.9117,cam_3_1690321601_16-46-41.jpg
497,380,648.0142,820.39355,1405.3867,1410.654,cam_3_1690321601_16-46-41.jpg
497,390,1906.2054,365.95367,2219.8013,489.7157,cam_3_1690321601_16-46-41.jpg
497,521,1728.5023,482.54425,2246.9946,754.77484,cam_3_1690321601_16-46-41.jpg
497,522,397.66443,447.54593,1010.17346,800.5305,cam_3_1690321601_16-46-41.jpg
497,378,426.6721,385.2597,880.34424,655.2805,cam_3_1690321601_16-46-41.jpg
497,443,1332.3372,362.62976,1632.6494,526.1846,cam_3_1690321601_16-46-41.jpg
497,529,1392.2405,381.74573,1711.884,573.68896,cam_3_1690321601_16-46-41.jpg
497,505,457.34735,336.0063,810.74506,497.69662,cam_3_1690321601_16-46-41.jpg
497,401,1649.1138,455.42456,2049.7595,689.33105,cam_3_1690321601_16-46-41.jpg
498,368,1675.4062,163.5301,1955.341,366.09692,cam_3_1690321811_16-50-11.jpg
498,178,1375.6781,353.95172,1846.023,679.9237,cam_3_1690321811_16-50-11.jpg
498,425,646.4696,654.02246,1232.9153,1190.63,cam_3_1690321811_16-50-11.jpg
498,390,1916.249,366.80273,2219.6125,490.8563,cam_3_1690321811_16-50-11.jpg
498,521,1723.1337,483.72452,2244.3677,755.9095,cam_3_1690321811_16-50-11.jpg
498,522,380.0606,448.79272,1020.5543,802.52826,cam_3_1690321811_16-50-11.jpg
498,378,407.2991,390.4846,869.6287,668.66504,cam_3_1690321811_16-50-11.jpg
498,401,1652.4108,460.484,2073.5054,692.98627,cam_3_1690321811_16-50-11.jpg
498,514,1443.8795,194.45581,1704.052,349.92233,cam_3_1690321811_16-50-11.jpg
499,368,1637.1324,165.81891,1977.238,352.52292,cam_3_1690322111_16-55-11.jpg
499,178,1381.7561,341.58466,1872.9365,697.02277,cam_3_1690322111_16-55-11.jpg
499,425,487.5231,640.8617,1207.9297,1218.9927,cam_3_1690322111_16-55-11.jpg
499,390,1924.4636,371.3243,2222.6943,491.54123,cam_3_1690322111_16-55-11.jpg
499,521,1723.8572,485.55383,2245.1135,756.1317,cam_3_1690322111_16-55-11.jpg
499,522,365.93466,441.24744,1007.1908,780.8256,cam_3_1690322111_16-55-11.jpg
499,378,384.11508,390.80804,866.3153,653.91266,cam_3_1690322111_16-55-11.jpg
499,401,1654.7533,465.48337,2080.1934,694.77136,cam_3_1690322111_16-55-11.jpg
499,501,1821.5249,193.15108,2124.0083,376.53226,cam_3_1690322111_16-55-11.jpg
499,526,2340.3943,274.83884,2792.1772,593.02783,cam_3_1690322111_16-55-11.jpg
500,368,1624.6449,167.34535,1983.1309,351.955,cam_3_1690322126_16-55-26.jpg
500,178,1374.3932,331.59064,1840.4542,705.57733,cam_3_1690322126_16-55-26.jpg
500,425,535.45465,644.7674,1193.3724,1278.2927,cam_3_1690322126_16-55-26.jpg
500,390,1919.6722,369.07254,2222.471,490.04,cam_3_1690322126_16-55-26.jpg
500,521,1726.7728,485.80557,2246.003,755.41504,cam_3_1690322126_16-55-26.jpg
500,522,429.6716,440.60434,996.1068,827.7222,cam_3_1690322126_16-55-26.jpg
500,378,423.44952,387.56592,860.2971,681.07294,cam_3_1690322126_16-55-26.jpg
500,401,1655.041,466.73166,2081.893,695.9454,cam_3_1690322126_16-55-26.jpg
500,501,1836.5992,193.60837,2128.879,376.30295,cam_3_1690322126_16-55-26.jpg
500,526,2442.3696,260.4123,2937.7952,583.9986,cam_3_1690322126_16-55-26.jpg
501,368,1605.5314,166.3333,1982.9866,361.99646,cam_3_1690322141_16-55-41.jpg
501,178,1422.4908,374.55743,1826.2484,647.03394,cam_3_1690322141_16-55-41.jpg
501,425,425.71817,643.7539,1189.665,1254.6315,cam_3_1690322141_16-55-41.jpg
501,390,1922.1567,369.67618,2222.7173,490.9104,cam_3_1690322141_16-55-41.jpg
501,521,1726.8446,489.54047,2242.8625,755.33154,cam_3_1690322141_16-55-41.jpg
501,522,374.37762,443.53268,996.03064,800.42163,cam_3_1690322141_16-55-41.jpg
501,378,445.21307,386.71774,858.36816,649.06213,cam_3_1690322141_16-55-41.jpg
501,401,1655.5541,463.4822,2081.159,694.2829,cam_3_1690322141_16-55-41.jpg
501,501,1837.6558,189.95445,2129.7747,380.78793,cam_3_1690322141_16-55-41.jpg
501,526,2375.728,263.4886,2886.1584,572.5064,cam_3_1690322141_16-55-41.jpg
501,443,1331.9125,364.41714,1633.6277,525.27057,cam_3_1690322141_16-55-41.jpg
501,529,1394.2736,381.60626,1719.0051,571.2971,cam_3_1690322141_16-55-41.jpg
502,368,1640.0876,161.22801,1997.3871,363.2835,cam_3_1690322171_16-56-11.jpg
502,178,1431.8323,391.95844,1815.7028,617.9144,cam_3_1690322171_16-56-11.jpg
502,425,494.09128,642.4687,1189.0773,1280.8317,cam_3_1690322171_16-56-11.jpg
502,390,1945.9468,369.9739,2224.7432,491.40866,cam_3_1690322171_16-56-11.jpg
502,521,1728.1688,488.49124,2239.1733,755.20026,cam_3_1690322171_16-56-11.jpg
502,522,352.31223,440.28128,994.4759,792.66754,cam_3_1690322171_16-56-11.jpg
502,378,397.0587,384.7962,855.4807,627.3108,cam_3_1690322171_16-56-11.jpg
502,401,1656.411,460.7849,2082.6619,694.1584,cam_3_1690322171_16-56-11.jpg
502,501,1819.381,193.29564,2147.4863,381.61862,cam_3_1690322171_16-56-11.jpg
502,532,1531.331,421.26407,1921.0996,645.5276,cam_3_1690322171_16-56-11.jpg
502,443,1331.5336,362.03168,1636.8839,525.14264,cam_3_1690322171_16-56-11.jpg
502,529,1393.8748,380.72647,1715.4249,569.29675,cam_3_1690322171_16-56-11.jpg
502,470,2170.68,264.93384,2598.839,541.9309,cam_3_1690322171_16-56-11.jpg
503,368,1611.3065,166.68365,1995.2296,365.78528,cam_3_1690322246_16-57-26.jpg
503,178,1438.7668,399.40933,1815.2379,607.7809,cam_3_1690322246_16-57-26.jpg
503,425,442.71976,640.46173,1201.1527,1263.7137,cam_3_1690322246_16-57-26.jpg
503,390,1930.3356,367.0941,2212.8953,482.79547,cam_3_1690322246_16-57-26.jpg
503,521,1725.7246,486.23886,2244.1375,754.4716,cam_3_1690322246_16-57-26.jpg
503,522,342.34796,439.46686,999.30225,786.6872,cam_3_1690322246_16-57-26.jpg
503,378,421.46057,384.86774,854.4644,647.3693,cam_3_1690322246_16-57-26.jpg
503,401,1655.6025,459.13748,2074.9092,693.67645,cam_3_1690322246_16-57-26.jpg
503,532,1523.3911,420.84424,1921.084,646.40643,cam_3_1690322246_16-57-26.jpg
503,443,1329.3643,363.22696,1633.5756,526.2701,cam_3_1690322246_16-57-26.jpg
503,529,1396.2526,380.15228,1716.9738,569.03174,cam_3_1690322246_16-57-26.jpg
503,470,2179.6133,262.27332,2639.0234,540.30896,cam_3_1690322246_16-57-26.jpg
504,368,1613.5703,163.59874,1993.6046,366.48868,cam_3_1690322261_16-57-41.jpg
504,178,1445.5134,404.0384,1820.308,609.1564,cam_3_1690322261_16-57-41.jpg
504,425,419.341,644.18854,1182.9111,1242.184,cam_3_1690322261_16-57-41.jpg
504,390,1921.3754,366.06955,2217.1995,486.1039,cam_3_1690322261_16-57-41.jpg
504,521,1725.6461,487.0184,2247.482,754.9345,cam_3_1690322261_16-57-41.jpg
504,522,426.95474,437.9811,996.8151,819.8232,cam_3_1690322261_16-57-41.jpg
504,378,381.12738,383.6729,856.6636,640.08,cam_3_1690322261_16-57-41.jpg
504,401,1650.96,460.87158,2089.4556,695.2084,cam_3_1690322261_16-57-41.jpg
504,532,1524.9446,420.93332,1916.9058,647.2562,cam_3_1690322261_16-57-41.jpg
504,443,1329.2887,364.2074,1635.768,527.6418,cam_3_1690322261_16-57-41.jpg
504,529,1394.8435,379.1891,1724.1609,570.48975,cam_3_1690322261_16-57-41.jpg
504,470,2207.6602,255.92357,2673.952,543.1829,cam_3_1690322261_16-57-41.jpg
504,534,3188.3877,407.98834,3886.6184,1027.79,cam_3_1690322261_16-57-41.jpg
505,368,1637.1963,169.44016,1977.8202,367.4318,cam_3_1690322411_17-00-11.jpg
505,390,1918.4557,364.7919,2225.0227,491.44745,cam_3_1690322411_17-00-11.jpg
505,521,1719.5504,470.1544,2240.0166,714.9978,cam_3_1690322411_17-00-11.jpg
505,378,497.68973,387.61133,818.0076,678.76794,cam_3_1690322411_17-00-11.jpg
505,401,1652.5546,454.8465,2084.3994,694.17523,cam_3_1690322411_17-00-11.jpg
505,532,1515.6808,423.10757,1926.5198,649.6718,cam_3_1690322411_17-00-11.jpg
505,501,1767.3347,207.87546,2116.4438,387.56006,cam_3_1690322411_17-00-11.jpg
506,368,1636.171,167.58919,1978.1785,369.5138,cam_3_1690322501_17-01-41.jpg
506,390,1919.224,368.5606,2223.3357,493.63025,cam_3_1690322501_17-01-41.jpg
506,521,1722.3756,482.39395,2253.3518,742.75,cam_3_1690322501_17-01-41.jpg
506,378,488.8119,401.3068,856.77875,726.77374,cam_3_1690322501_17-01-41.jpg
506,401,1650.417,457.8305,2087.8447,694.53436,cam_3_1690322501_17-01-41.jpg
506,532,1522.223,423.34106,1928.346,647.18274,cam_3_1690322501_17-01-41.jpg
506,501,1756.0188,210.66505,2091.3586,386.90128,cam_3_1690322501_17-01-41.jpg
506,519,815.8223,1395.3173,2382.8584,2501.3308,cam_3_1690322501_17-01-41.jpg
506,514,1442.0913,170.76793,1705.5431,327.63702,cam_3_1690322501_17-01-41.jpg
506,178,1445.07,402.51462,1814.1859,608.2295,cam_3_1690322501_17-01-41.jpg
506,529,1394.75,379.08572,1705.0236,565.3945,cam_3_1690322501_17-01-41.jpg
506,534,2798.0037,524.8717,3827.1682,1074.938,cam_3_1690322501_17-01-41.jpg
507,368,1653.5854,171.51105,1970.2595,358.38483,cam_3_1690322516_17-01-56.jpg
507,390,1918.0458,370.22415,2222.345,492.7135,cam_3_1690322516_17-01-56.jpg
507,521,1725.2098,484.85092,2252.631,751.6956,cam_3_1690322516_17-01-56.jpg
507,378,437.4953,406.11203,859.98126,734.58777,cam_3_1690322516_17-01-56.jpg
507,401,1650.4467,456.84073,2091.645,695.72107,cam_3_1690322516_17-01-56.jpg
507,532,1528.541,421.4601,1927.2333,646.5298,cam_3_1690322516_17-01-56.jpg
507,501,1752.421,211.33861,2080.6157,387.1908,cam_3_1690322516_17-01-56.jpg
507,543,1060.0803,359.93826,1259.4105,673.4109,cam_3_1690322516_17-01-56.jpg
507,519,833.01715,1414.0769,2395.7097,2619.6575,cam_3_1690322516_17-01-56.jpg
507,514,1446.5591,170.05638,1704.6592,316.85696,cam_3_1690322516_17-01-56.jpg
507,178,1438.6396,402.03424,1821.6954,608.8088,cam_3_1690322516_17-01-56.jpg
507,529,1296.2006,322.39862,1687.4855,616.7456,cam_3_1690322516_17-01-56.jpg
507,534,2728.3364,543.4486,3772.5002,1081.1104,cam_3_1690322516_17-01-56.jpg
508,368,1652.7578,161.46841,1969.369,361.91354,cam_3_1690322561_17-02-41.jpg
508,390,1923.9938,370.44,2220.706,490.95367,cam_3_1690322561_17-02-41.jpg
508,521,1727.7179,484.36713,2253.786,754.8575,cam_3_1690322561_17-02-41.jpg
508,378,407.9774,412.16904,869.09894,736.49457,cam_3_1690322561_17-02-41.jpg
508,401,1651.7672,456.9388,2087.8577,693.99963,cam_3_1690322561_17-02-41.jpg
508,532,1534.9706,420.47092,1931.058,645.83215,cam_3_1690322561_17-02-41.jpg
508,501,1754.7834,210.91028,2073.2275,390.4128,cam_3_1690322561_17-02-41.jpg
508,543,1061.158,362.8857,1296.7788,673.7866,cam_3_1690322561_17-02-41.jpg
508,178,1436.816,401.0691,1823.4801,608.5489,cam_3_1690322561_17-02-41.jpg
508,529,1313.5782,321.0181,1686.8741,589.3898,cam_3_1690322561_17-02-41.jpg
508,534,2719.0708,549.1221,3744.0898,1083.3322,cam_3_1690322561_17-02-41.jpg
508,380,385.6451,857.3052,1364.8018,1456.4784,cam_3_1690322561_17-02-41.jpg
509,368,1664.8528,163.07295,1949.806,363.44528,cam_3_1690322606_17-03-26.jpg
509,390,1925.2327,371.29184,2220.3562,491.79004,cam_3_1690322606_17-03-26.jpg
509,521,1725.9016,484.22693,2252.6965,754.23376,cam_3_1690322606_17-03-26.jpg
509,378,447.65833,412.55566,881.52515,770.34076,cam_3_1690322606_17-03-26.jpg
509,401,1651.0656,456.87274,2079.998,693.6787,cam_3_1690322606_17-03-26.jpg
509,532,1529.4692,420.8844,1928.1788,646.0999,cam_3_1690322606_17-03-26.jpg
509,501,1749.7512,210.65646,2073.869,389.0766,cam_3_1690322606_17-03-26.jpg
509,543,1073.0522,360.5346,1322.4536,673.812,cam_3_1690322606_17-03-26.jpg
509,178,1432.918,398.84662,1821.2635,609.6072,cam_3_1690322606_17-03-26.jpg
509,529,1348.7927,357.25974,1698.4547,577.27185,cam_3_1690322606_17-03-26.jpg
509,546,1073.4862,224.05168,1331.5428,400.6281,cam_3_1690322606_17-03-26.jpg
509,380,501.4326,860.41187,1366.0898,1458.1707,cam_3_1690322606_17-03-26.jpg
509,443,1331.1255,361.09344,1614.1686,517.7382,cam_3_1690322606_17-03-26.jpg
510,368,1662.0854,158.95087,1956.5658,374.19376,cam_3_1690322741_17-05-41.jpg
510,390,1929.2423,371.8761,2222.975,492.72662,cam_3_1690322741_17-05-41.jpg
510,521,1722.0684,487.61667,2254.2073,754.741,cam_3_1690322741_17-05-41.jpg
510,378,440.3261,412.39844,904.2322,765.51227,cam_3_1690322741_17-05-41.jpg
510,401,1648.9427,456.1232,2078.6272,692.6197,cam_3_1690322741_17-05-41.jpg
510,532,1523.3074,421.0832,1927.384,646.89154,cam_3_1690322741_17-05-41.jpg
510,501,1756.3065,209.18094,2077.6606,390.7117,cam_3_1690322741_17-05-41.jpg
510,543,1104.5863,306.9956,1324.2433,600.9817,cam_3_1690322741_17-05-41.jpg
510,178,1426.9705,399.8488,1816.3861,611.1836,cam_3_1690322741_17-05-41.jpg
510,529,1353.0421,375.3185,1696.1594,572.2134,cam_3_1690322741_17-05-41.jpg
510,546,1079.3978,222.0232,1334.2452,393.84427,cam_3_1690322741_17-05-41.jpg
510,547,3014.991,267.4482,3286.0645,676.0433,cam_3_1690322741_17-05-41.jpg
510,443,1327.4828,363.7829,1602.1897,518.5322,cam_3_1690322741_17-05-41.jpg
510,425,498.59998,761.32526,1242.0948,1284.6248,cam_3_1690322741_17-05-41.jpg
511,390,1928.7114,374.89096,2219.5789,492.99036,cam_3_1690322831_17-07-11.jpg
511,521,1724.1313,486.46964,2247.4995,755.5607,cam_3_1690322831_17-07-11.jpg
511,378,472.34787,411.9099,911.49524,767.3997,cam_3_1690322831_17-07-11.jpg
511,401,1648.8346,455.7286,2081.7551,691.4115,cam_3_1690322831_17-07-11.jpg
511,532,1523.0361,419.2635,1928.0251,646.1834,cam_3_1690322831_17-07-11.jpg
511,501,1728.403,214.55249,2079.1719,391.05286,cam_3_1690322831_17-07-11.jpg
511,543,1115.2397,280.27768,1286.8401,567.2204,cam_3_1690322831_17-07-11.jpg
511,178,1428.3479,398.5482,1821.5547,606.81213,cam_3_1690322831_17-07-11.jpg
511,529,1365.1155,378.50436,1700.7712,567.0862,cam_3_1690322831_17-07-11.jpg
511,546,1065.6508,223.4464,1340.5488,420.88852,cam_3_1690322831_17-07-11.jpg
511,443,1328.8762,362.08667,1608.719,519.2542,cam_3_1690322831_17-07-11.jpg
511,425,428.20114,759.0346,1255.8278,1268.3707,cam_3_1690322831_17-07-11.jpg
511,522,395.88156,402.87274,853.0994,661.4657,cam_3_1690322831_17-07-11.jpg
511,470,2304.9082,178.79367,2642.2444,420.0418,cam_3_1690322831_17-07-11.jpg
512,390,1939.9147,372.46118,2224.563,492.04507,cam_3_1690322906_17-08-26.jpg
512,521,1724.1602,485.00668,2250.2222,756.99915,cam_3_1690322906_17-08-26.jpg
512,378,486.93436,417.45,899.66,782.404,cam_3_1690322906_17-08-26.jpg
512,401,1648.4622,452.23953,2085.648,694.39636,cam_3_1690322906_17-08-26.jpg
512,532,1521.8962,418.48825,1930.8402,647.6515,cam_3_1690322906_17-08-26.jpg
512,501,1717.3463,214.75778,2080.511,389.84592,cam_3_1690322906_17-08-26.jpg
512,543,1104.1964,277.78787,1301.6862,560.64844,cam_3_1690322906_17-08-26.jpg
512,178,1428.8002,397.29593,1824.482,605.78143,cam_3_1690322906_17-08-26.jpg
512,529,1364.515,381.1757,1702.2003,568.8003,cam_3_1690322906_17-08-26.jpg
512,443,1330.4048,364.36377,1601.9562,520.56256,cam_3_1690322906_17-08-26.jpg
512,418,727.9445,621.133,1069.0316,1070.4099,cam_3_1690322906_17-08-26.jpg
513,390,1934.0288,370.24896,2221.8464,493.71948,cam_3_1690322996_17-09-56.jpg
513,521,1724.0586,486.84216,2256.1304,756.29504,cam_3_1690322996_17-09-56.jpg
513,378,615.51514,413.77396,920.5179,739.4645,cam_3_1690322996_17-09-56.jpg
513,401,1645.612,452.11386,2084.8203,694.4851,cam_3_1690322996_17-09-56.jpg
513,532,1525.169,417.8109,1930.0314,646.1691,cam_3_1690322996_17-09-56.jpg
513,501,1704.2737,214.52989,2077.1555,387.54602,cam_3_1690322996_17-09-56.jpg
513,543,1126.354,296.90277,1314.9655,495.83942,cam_3_1690322996_17-09-56.jpg
513,178,1423.0663,395.07056,1822.9897,607.58856,cam_3_1690322996_17-09-56.jpg
513,529,1361.6613,378.21896,1703.2609,565.0971,cam_3_1690322996_17-09-56.jpg
513,443,1326.4012,359.54626,1603.9319,521.189,cam_3_1690322996_17-09-56.jpg
513,522,517.7718,386.30722,793.8253,665.85986,cam_3_1690322996_17-09-56.jpg
514,390,1926.5284,372.86197,2223.9492,495.20203,cam_3_1690323041_17-10-41.jpg
514,521,1725.3772,485.1845,2248.9363,755.0677,cam_3_1690323041_17-10-41.jpg
514,378,621.7741,449.5695,935.89136,764.7817,cam_3_1690323041_17-10-41.jpg
514,401,1648.1597,453.11542,2079.1226,690.805,cam_3_1690323041_17-10-41.jpg
514,532,1529.8772,417.36267,1927.3848,642.3464,cam_3_1690323041_17-10-41.jpg
514,501,1696.8911,214.42505,2073.8738,386.25555,cam_3_1690323041_17-10-41.jpg
514,529,1411.9023,372.07837,1720.2986,533.46375,cam_3_1690323041_17-10-41.jpg
514,443,1330.0448,349.02954,1602.4067,497.03833,cam_3_1690323041_17-10-41.jpg
514,519,1282.9352,1377.4861,1939.187,2775.6816,cam_3_1690323041_17-10-41.jpg
514,380,565.2309,866.1815,1510.8112,1682.6869,cam_3_1690323041_17-10-41.jpg
514,546,1184.2576,240.30466,1519.7479,473.91782,cam_3_1690323041_17-10-41.jpg
514,425,569.8423,688.26044,1264.2853,1339.1676,cam_3_1690323041_17-10-41.jpg
515,390,1937.2413,374.77847,2225.1472,495.19077,cam_3_1690323056_17-10-56.jpg
515,521,1724.9647,490.66483,2236.6394,754.1796,cam_3_1690323056_17-10-56.jpg
515,378,636.87024,464.34558,930.6726,773.56604,cam_3_1690323056_17-10-56.jpg
515,401,1644.9569,455.7124,2076.544,692.58813,cam_3_1690323056_17-10-56.jpg
515,532,1526.6893,419.03403,1928.2578,647.3369,cam_3_1690323056_17-10-56.jpg
515,501,1710.3472,214.71956,2074.84,388.10556,cam_3_1690323056_17-10-56.jpg
515,529,1437.7523,370.15128,1742.0363,538.22516,cam_3_1690323056_17-10-56.jpg
515,443,1333.3917,351.52542,1610.4348,486.10544,cam_3_1690323056_17-10-56.jpg
515,557,1036.7095,446.228,1551.6807,804.27466,cam_3_1690323056_17-10-56.jpg
515,519,1306.541,1376.7433,1902.8054,2781.2283,cam_3_1690323056_17-10-56.jpg
515,380,425.04282,861.4875,1518.1123,1698.2448,cam_3_1690323056_17-10-56.jpg
515,425,411.98926,672.88617,1262.5322,1279.5868,cam_3_1690323056_17-10-56.jpg
515,514,1430.2313,201.9187,1732.3815,351.5224,cam_3_1690323056_17-10-56.jpg
515,178,1465.1963,395.3428,1824.3646,600.1581,cam_3_1690323056_17-10-56.jpg
516,390,1929.2517,372.12775,2222.5093,495.47623,cam_3_1690323116_17-11-56.jpg
516,521,1726.0381,487.0557,2249.6733,753.3955,cam_3_1690323116_17-11-56.jpg
516,401,1643.305,456.01492,2071.8833,692.85803,cam_3_1690323116_17-11-56.jpg
516,532,1519.2201,421.15677,1926.1082,647.7868,cam_3_1690323116_17-11-56.jpg
516,501,1706.528,214.23831,2077.4019,388.6171,cam_3_1690323116_17-11-56.jpg
516,529,1438.8514,371.61014,1737.5745,543.2298,cam_3_1690323116_17-11-56.jpg
516,557,1229.3345,384.26575,1481.1492,743.5381,cam_3_1690323116_17-11-56.jpg
516,519,1312.3477,1274.1714,1947.8197,2783.2617,cam_3_1690323116_17-11-56.jpg
516,380,433.37167,857.1363,1553.7001,1690.6725,cam_3_1690323116_17-11-56.jpg
516,514,1446.8628,197.06104,1716.7996,343.00726,cam_3_1690323116_17-11-56.jpg
516,178,1450.2505,395.1142,1817.8123,600.36926,cam_3_1690323116_17-11-56.jpg
516,368,1578.4323,173.62572,1897.3759,331.8476,cam_3_1690323116_17-11-56.jpg
516,418,869.72723,689.0445,1215.3925,1153.1146,cam_3_1690323116_17-11-56.jpg
516,543,1108.1653,309.04453,1357.4133,570.8389,cam_3_1690323116_17-11-56.jpg
517,390,1925.1335,373.72006,2221.9302,497.1162,cam_3_1690323371_17-16-11.jpg
517,521,1724.0383,483.61948,2236.3992,756.51105,cam_3_1690323371_17-16-11.jpg
517,401,1643.723,458.06396,2081.5698,695.3868,cam_3_1690323371_17-16-11.jpg
517,532,1529.1571,418.64352,1928.4706,648.7605,cam_3_1690323371_17-16-11.jpg
517,501,1710.4161,213.30205,2081.3816,379.47754,cam_3_1690323371_17-16-11.jpg
517,529,1409.7819,367.1864,1726.4999,550.5407,cam_3_1690323371_17-16-11.jpg
517,557,1189.7284,352.47394,1436.1306,688.0585,cam_3_1690323371_17-16-11.jpg
517,380,563.61145,942.77545,1732.0363,1938.7343,cam_3_1690323371_17-16-11.jpg
517,514,1459.8883,198.41609,1692.0167,343.57437,cam_3_1690323371_17-16-11.jpg
517,178,1442.0391,393.59958,1824.394,606.043,cam_3_1690323371_17-16-11.jpg
517,546,1205.7439,246.95157,1532.2429,399.84402,cam_3_1690323371_17-16-11.jpg
518,390,1922.2417,373.25708,2221.3533,496.97623,cam_3_1690323416_17-16-56.jpg
518,521,1723.4435,480.77615,2224.0657,756.16547,cam_3_1690323416_17-16-56.jpg
518,401,1643.0442,458.59488,2082.6182,694.9943,cam_3_1690323416_17-16-56.jpg
518,532,1527.0454,418.5751,1924.9822,647.3106,cam_3_1690323416_17-16-56.jpg
518,501,1714.6478,214.63571,2082.0645,376.73785,cam_3_1690323416_17-16-56.jpg
518,529,1399.243,367.30984,1714.711,551.5808,cam_3_1690323416_17-16-56.jpg
518,557,1188.4525,347.0251,1430.8601,670.4305,cam_3_1690323416_17-16-56.jpg
518,380,602.5754,975.3863,1800.1566,2049.4766,cam_3_1690323416_17-16-56.jpg
518,514,1482.9604,199.04053,1706.9598,335.02664,cam_3_1690323416_17-16-56.jpg
518,178,1443.4238,391.91376,1825.9346,605.59607,cam_3_1690323416_17-16-56.jpg
518,560,2013.8583,555.1244,2566.5786,915.17346,cam_3_1690323416_17-16-56.jpg
518,561,2253.6858,445.13727,2710.232,613.58923,cam_3_1690323416_17-16-56.jpg
518,546,1201.739,245.61664,1565.2396,391.3805,cam_3_1690323416_17-16-56.jpg
519,390,1922.2716,374.28714,2223.7568,498.29984,cam_3_1690323476_17-17-56.jpg
519,521,1723.4626,479.5597,2230.7642,757.0807,cam_3_1690323476_17-17-56.jpg
519,401,1646.3365,459.99628,2084.2795,695.6194,cam_3_1690323476_17-17-56.jpg
519,532,1532.1313,417.3723,1926.0499,646.7321,cam_3_1690323476_17-17-56.jpg
519,501,1730.6785,215.99763,2086.2683,375.11487,cam_3_1690323476_17-17-56.jpg
519,529,1384.4851,363.81488,1712.9276,558.481,cam_3_1690323476_17-17-56.jpg
519,557,1052.3026,355.94077,1404.6216,651.35846,cam_3_1690323476_17-17-56.jpg
519,380,714.7609,999.88,1825.9546,2180.2302,cam_3_1690323476_17-17-56.jpg
519,178,1435.2216,392.645,1825.2438,607.70984,cam_3_1690323476_17-17-56.jpg
519,560,2010.616,549.3489,2582.8608,914.1426,cam_3_1690323476_17-17-56.jpg
519,561,2259.2356,443.9992,2709.7239,609.2723,cam_3_1690323476_17-17-56.jpg
519,546,1276.5541,230.8545,1638.7203,387.0932,cam_3_1690323476_17-17-56.jpg
520,390,1918.4333,373.57047,2224.0957,493.8859,cam_3_1690323641_17-20-41.jpg
520,521,1724.0096,492.2692,2180.007,757.38904,cam_3_1690323641_17-20-41.jpg
520,401,1648.6385,457.86572,2082.7395,695.7277,cam_3_1690323641_17-20-41.jpg
520,532,1534.7772,416.8878,1928.1239,647.2535,cam_3_1690323641_17-20-41.jpg
520,501,1714.1211,214.13226,2084.071,372.964,cam_3_1690323641_17-20-41.jpg
520,529,1388.4547,369.44797,1724.9026,562.11597,cam_3_1690323641_17-20-41.jpg
520,557,1037.4133,368.4656,1371.5706,673.9164,cam_3_1690323641_17-20-41.jpg
520,380,698.7244,996.1456,1840.6188,2269.4255,cam_3_1690323641_17-20-41.jpg
520,178,1440.4875,395.71027,1833.9467,610.631,cam_3_1690323641_17-20-41.jpg
520,560,2002.2385,544.79114,2594.321,915.74115,cam_3_1690323641_17-20-41.jpg
520,561,2266.4546,438.64343,2711.657,601.30164,cam_3_1690323641_17-20-41.jpg
520,522,458.8213,396.8425,941.9099,719.281,cam_3_1690323641_17-20-41.jpg
520,443,1329.0775,346.86142,1632.1826,522.46606,cam_3_1690323641_17-20-41.jpg
521,390,1926.5135,376.57236,2225.99,495.04437,cam_3_1690323746_17-22-26.jpg
521,521,1724.0845,491.7796,2204.694,758.78955,cam_3_1690323746_17-22-26.jpg
521,401,1648.2113,460.1901,2082.7422,698.0512,cam_3_1690323746_17-22-26.jpg
521,532,1532.2621,417.151,1927.8726,647.62286,cam_3_1690323746_17-22-26.jpg
521,501,1713.7812,214.25146,2082.5798,373.0658,cam_3_1690323746_17-22-26.jpg
521,529,1385.8337,372.25046,1724.9559,564.8346,cam_3_1690323746_17-22-26.jpg
521,557,1036.1947,370.03433,1319.1052,682.89484,cam_3_1690323746_17-22-26.jpg
521,380,581.06775,1101.0854,2043.8413,2487.6184,cam_3_1690323746_17-22-26.jpg
521,178,1434.9685,393.75098,1833.4214,611.18384,cam_3_1690323746_17-22-26.jpg
521,560,2001.8741,548.6988,2606.2983,917.33923,cam_3_1690323746_17-22-26.jpg
521,561,2264.0977,439.45932,2711.3408,599.5628,cam_3_1690323746_17-22-26.jpg
521,563,2084.828,412.21344,2522.8289,561.28577,cam_3_1690323746_17-22-26.jpg
521,522,464.15823,400.4102,934.1094,701.8107,cam_3_1690323746_17-22-26.jpg
521,443,1333.3964,344.44962,1634.1987,518.79083,cam_3_1690323746_17-22-26.jpg
522,521,1677.9375,452.92032,2231.2188,865.3394,cam_3_1690323851_17-24-11.jpg
522,532,1524.5857,419.01675,1906.9448,642.8189,cam_3_1690323851_17-24-11.jpg
522,501,1711.104,214.28824,2078.1223,375.6639,cam_3_1690323851_17-24-11.jpg
522,529,1386.7825,375.95392,1717.1516,567.49084,cam_3_1690323851_17-24-11.jpg
522,178,1438.9991,396.37796,1831.1478,612.8622,cam_3_1690323851_17-24-11.jpg
522,560,2005.159,549.5252,2603.4392,917.6869,cam_3_1690323851_17-24-11.jpg
522,561,2312.2263,443.05005,2707.7144,602.01166,cam_3_1690323851_17-24-11.jpg
522,563,2189.2705,418.60056,2527.191,544.4973,cam_3_1690323851_17-24-11.jpg
522,522,456.4652,395.9929,895.19934,680.9889,cam_3_1690323851_17-24-11.jpg
522,443,1332.1897,354.8427,1623.1646,522.7455,cam_3_1690323851_17-24-11.jpg
522,378,502.079,506.37143,1082.7637,966.4044,cam_3_1690323851_17-24-11.jpg
523,521,1727.3394,415.43533,2233.6987,845.12714,cam_3_1690323881_17-24-41.jpg
523,532,1522.7863,429.86984,1871.1172,646.0521,cam_3_1690323881_17-24-41.jpg
523,501,1704.964,214.79271,2069.9065,380.01508,cam_3_1690323881_17-24-41.jpg
523,529,1384.3873,375.53003,1710.3217,569.3577,cam_3_1690323881_17-24-41.jpg
523,178,1438.8105,396.9575,1827.3132,606.3817,cam_3_1690323881_17-24-41.jpg
523,560,2007.3433,550.86066,2599.8835,916.5425,cam_3_1690323881_17-24-41.jpg
523,561,2292.546,442.1032,2706.107,603.59174,cam_3_1690323881_17-24-41.jpg
523,563,2230.3945,417.53403,2526.0867,533.5324,cam_3_1690323881_17-24-41.jpg
523,522,515.75024,393.84372,892.17474,630.23456,cam_3_1690323881_17-24-41.jpg
523,443,1331.2896,358.07382,1622.0698,523.8604,cam_3_1690323881_17-24-41.jpg
523,378,449.99646,510.5711,1091.8212,970.77594,cam_3_1690323881_17-24-41.jpg
524,521,1746.732,405.3835,2247.6118,836.89453,cam_3_1690323941_17-25-41.jpg
524,532,1520.3214,436.84912,1863.1003,647.6776,cam_3_1690323941_17-25-41.jpg
524,501,1702.4882,214.92279,2081.168,380.55136,cam_3_1690323941_17-25-41.jpg
524,529,1383.5321,376.504,1710.5847,568.3768,cam_3_1690323941_17-25-41.jpg
524,178,1438.7491,397.63663,1827.9462,605.5732,cam_3_1690323941_17-25-41.jpg
524,560,2009.0648,547.3377,2591.846,917.5321,cam_3_1690323941_17-25-41.jpg
524,561,2323.923,438.4382,2746.7183,601.1692,cam_3_1690323941_17-25-41.jpg
524,563,2248.1035,418.84357,2534.7883,533.70703,cam_3_1690323941_17-25-41.jpg
524,522,470.4711,389.81082,855.1454,635.1848,cam_3_1690323941_17-25-41.jpg
524,443,1329.929,360.36157,1614.1062,523.44934,cam_3_1690323941_17-25-41.jpg
524,378,469.1357,510.10156,1094.4749,987.29285,cam_3_1690323941_17-25-41.jpg
525,521,1793.716,447.75012,2319.2847,836.43274,cam_3_1690324091_17-28-11.jpg
525,501,1702.3862,213.82928,2081.0574,371.1717,cam_3_1690324091_17-28-11.jpg
525,529,1381.0216,377.70398,1712.4062,570.59094,cam_3_1690324091_17-28-11.jpg
525,178,1440.6489,408.45874,1820.3741,612.7373,cam_3_1690324091_17-28-11.jpg
525,560,2015.0009,544.38654,2592.2195,916.58484,cam_3_1690324091_17-28-11.jpg
525,561,2335.1492,440.28702,2717.03,599.1529,cam_3_1690324091_17-28-11.jpg
525,522,454.7469,381.35724,876.3188,642.0651,cam_3_1690324091_17-28-11.jpg
525,443,1326.662,361.3832,1602.4851,526.0189,cam_3_1690324091_17-28-11.jpg
525,378,473.7773,512.94073,1103.562,1002.7368,cam_3_1690324091_17-28-11.jpg
525,401,1588.4901,392.15988,2143.6516,827.5532,cam_3_1690324091_17-28-11.jpg
526,521,1809.4287,467.99133,2338.5828,835.447,cam_3_1690324241_17-30-41.jpg
526,501,1713.4181,213.0876,2085.429,373.6656,cam_3_1690324241_17-30-41.jpg
526,529,1383.3264,378.64346,1716.0852,569.7549,cam_3_1690324241_17-30-41.jpg
526,178,1437.1256,406.6078,1810.5684,613.7379,cam_3_1690324241_17-30-41.jpg
526,560,2013.4949,547.04425,2596.0115,917.75934,cam_3_1690324241_17-30-41.jpg
526,561,2333.4104,439.10287,2709.642,596.86127,cam_3_1690324241_17-30-41.jpg
526,522,434.86475,379.60455,885.1565,690.3398,cam_3_1690324241_17-30-41.jpg
526,443,1328.5306,362.0332,1600.9668,526.0257,cam_3_1690324241_17-30-41.jpg
526,378,476.493,514.5427,1107.5967,1011.4723,cam_3_1690324241_17-30-41.jpg
526,401,1565.3318,387.21106,2170.6758,837.6018,cam_3_1690324241_17-30-41.jpg
527,521,1819.069,491.52884,2307.3071,833.7291,cam_3_1690324331_17-32-11.jpg
527,501,1708.7894,215.10674,2078.8774,375.5865,cam_3_1690324331_17-32-11.jpg
527,529,1381.4967,380.95505,1705.7666,566.9281,cam_3_1690324331_17-32-11.jpg
527,178,1436.3644,402.87552,1820.656,608.139,cam_3_1690324331_17-32-11.jpg
527,560,2011.844,547.72833,2579.7996,918.53357,cam_3_1690324331_17-32-11.jpg
527,561,2293.3755,439.90054,2705.3625,599.3895,cam_3_1690324331_17-32-11.jpg
527,522,446.9042,379.90378,890.04596,684.0392,cam_3_1690324331_17-32-11.jpg
527,443,1330.0419,361.36322,1618.4464,525.1193,cam_3_1690324331_17-32-11.jpg
527,378,477.22824,518.29767,1111.6614,1030.8969,cam_3_1690324331_17-32-11.jpg
527,401,1614.996,434.04977,2110.9563,760.68713,cam_3_1690324331_17-32-11.jpg
527,390,1930.783,378.2206,2214.9153,493.39996,cam_3_1690324331_17-32-11.jpg
527,532,1520.2664,423.9083,1912.6523,648.76996,cam_3_1690324331_17-32-11.jpg
527,563,2109.4336,415.7957,2524.3171,545.3644,cam_3_1690324331_17-32-11.jpg
528,521,1826.6804,493.78943,2321.3088,830.03357,cam_3_1690324481_17-34-41.jpg
528,501,1713.4417,213.44781,2074.12,373.3179,cam_3_1690324481_17-34-41.jpg
528,178,1365.9375,344.31604,1819.0465,641.48303,cam_3_1690324481_17-34-41.jpg
528,560,2014.2983,547.8179,2584.0376,917.56854,cam_3_1690324481_17-34-41.jpg
528,561,2350.7373,440.06522,2706.7314,598.50256,cam_3_1690324481_17-34-41.jpg
528,522,445.3684,378.24985,899.5375,690.77734,cam_3_1690324481_17-34-41.jpg
528,378,421.97455,512.83875,1116.8966,992.75653,cam_3_1690324481_17-34-41.jpg
528,401,1639.2305,456.42828,2089.6785,723.5707,cam_3_1690324481_17-34-41.jpg
528,566,1731.9486,497.72995,2142.5493,749.58246,cam_3_1690324481_17-34-41.jpg
528,390,1938.0387,378.49863,2223.3394,493.30124,cam_3_1690324481_17-34-41.jpg
528,532,1521.8757,420.70004,1930.3354,651.4439,cam_3_1690324481_17-34-41.jpg
528,563,2072.0393,412.74625,2524.7502,540.9635,cam_3_1690324481_17-34-41.jpg
529,521,1828.1615,499.2779,2348.2893,830.3284,cam_3_1690324616_17-36-56.jpg
529,501,1706.9862,212.9943,2074.8118,373.3636,cam_3_1690324616_17-36-56.jpg
529,178,1342.7163,324.86093,1809.9205,655.52167,cam_3_1690324616_17-36-56.jpg
529,560,2014.9446,552.8148,2584.5247,917.51556,cam_3_1690324616_17-36-56.jpg
529,561,2343.7842,440.19348,2705.067,600.48645,cam_3_1690324616_17-36-56.jpg
529,378,380.81958,526.077,1122.5939,974.4767,cam_3_1690324616_17-36-56.jpg
529,401,1647.1582,463.66745,2078.4548,711.9098,cam_3_1690324616_17-36-56.jpg
529,566,1733.2473,504.0203,2147.5752,750.6039,cam_3_1690324616_17-36-56.jpg
529,390,1938.5344,374.8903,2219.3564,487.99472,cam_3_1690324616_17-36-56.jpg
529,532,1518.1428,418.15387,1935.3588,652.1565,cam_3_1690324616_17-36-56.jpg
529,563,2058.9636,415.18015,2535.7966,543.4391,cam_3_1690324616_17-36-56.jpg
529,557,682.7241,414.48825,950.8913,594.9896,cam_3_1690324616_17-36-56.jpg
530,521,1824.2617,498.02576,2336.1729,829.35254,cam_3_1690324631_17-37-11.jpg
530,501,1701.5256,212.63933,2074.2778,373.94125,cam_3_1690324631_17-37-11.jpg
530,178,1332.8337,317.18594,1797.795,659.72833,cam_3_1690324631_17-37-11.jpg
530,560,2012.8162,553.7968,2583.5564,917.3241,cam_3_1690324631_17-37-11.jpg
530,561,2334.1035,440.41306,2706.785,601.63666,cam_3_1690324631_17-37-11.jpg
530,378,430.0202,522.13763,1116.3792,1019.06854,cam_3_1690324631_17-37-11.jpg
530,401,1649.4924,466.76746,2070.7817,708.6501,cam_3_1690324631_17-37-11.jpg
530,566,1738.3289,509.7854,2133.1685,749.5523,cam_3_1690324631_17-37-11.jpg
530,390,1941.8806,376.51013,2219.608,489.47,cam_3_1690324631_17-37-11.jpg
530,532,1518.023,418.76813,1936.3546,651.7714,cam_3_1690324631_17-37-11.jpg
530,563,2066.1565,417.97382,2537.1926,548.9327,cam_3_1690324631_17-37-11.jpg
531,521,1826.4828,499.6128,2334.2422,829.7292,cam_3_1690324646_17-37-26.jpg
531,501,1698.4902,212.93712,2076.5532,376.09552,cam_3_1690324646_17-37-26.jpg
531,560,2012.6654,555.5201,2579.6145,917.82904,cam_3_1690324646_17-37-26.jpg
531,561,2314.2253,440.0845,2707.5303,603.3793,cam_3_1690324646_17-37-26.jpg
531,378,379.9757,514.19214,1123.654,978.3063,cam_3_1690324646_17-37-26.jpg
531,401,1649.5308,465.78104,2070.8694,706.5657,cam_3_1690324646_17-37-26.jpg
531,566,1736.9258,510.27478,2143.0002,748.8279,cam_3_1690324646_17-37-26.jpg
531,390,1941.1626,374.1421,2216.2751,486.64938,cam_3_1690324646_17-37-26.jpg
531,532,1527.6746,417.6408,1938.7867,649.1209,cam_3_1690324646_17-37-26.jpg
531,563,2064.5327,415.09485,2529.813,541.8477,cam_3_1690324646_17-37-26.jpg
531,543,1145.1831,383.60565,1564.6818,682.9174,cam_3_1690324646_17-37-26.jpg
531,443,1332.3008,322.78763,1718.9438,519.625,cam_3_1690324646_17-37-26.jpg
532,521,1826.3538,490.71365,2345.3923,829.8892,cam_3_1690324871_17-41-11.jpg
532,501,1701.2682,213.56993,2068.4448,376.18326,cam_3_1690324871_17-41-11.jpg
532,560,2009.0862,554.22797,2581.695,918.6996,cam_3_1690324871_17-41-11.jpg
532,561,2358.8037,441.09235,2706.419,600.15344,cam_3_1690324871_17-41-11.jpg
532,378,370.70193,512.11646,1114.6051,965.3271,cam_3_1690324871_17-41-11.jpg
532,390,1949.3356,367.50974,2221.695,484.68924,cam_3_1690324871_17-41-11.jpg
532,532,1523.654,403.5083,2006.8989,770.9942,cam_3_1690324871_17-41-11.jpg
532,563,2056.3982,414.0879,2529.1594,540.6339,cam_3_1690324871_17-41-11.jpg
532,425,603.3923,765.7047,1509.0787,1519.8718,cam_3_1690324871_17-41-11.jpg
532,178,1339.4493,315.13068,1777.6937,662.19073,cam_3_1690324871_17-41-11.jpg
533,521,1827.7661,497.49954,2336.881,827.2738,cam_3_1690324901_17-41-41.jpg
533,501,1710.1864,214.11487,2072.0908,375.08282,cam_3_1690324901_17-41-41.jpg
533,560,2010.2572,555.0801,2581.744,919.05945,cam_3_1690324901_17-41-41.jpg
533,561,2364.7336,441.08978,2706.403,599.60187,cam_3_1690324901_17-41-41.jpg
533,378,391.28317,512.27936,1102.2333,942.2975,cam_3_1690324901_17-41-41.jpg
533,390,1942.0404,371.9425,2221.6455,483.87836,cam_3_1690324901_17-41-41.jpg
533,532,1524.1521,411.41428,1962.4231,710.47125,cam_3_1690324901_17-41-41.jpg
533,563,2054.8958,414.03027,2528.124,538.76624,cam_3_1690324901_17-41-41.jpg
533,425,587.02875,753.9049,1510.0724,1484.3596,cam_3_1690324901_17-41-41.jpg
533,178,1341.0981,310.4607,1781.5155,663.55035,cam_3_1690324901_17-41-41.jpg
533,401,1649.2855,464.25684,2051.3462,696.34906,cam_3_1690324901_17-41-41.jpg
533,566,1715.788,515.1354,2111.0588,742.5906,cam_3_1690324901_17-41-41.jpg
533,443,1266.1089,277.2242,1611.6232,515.1225,cam_3_1690324901_17-41-41.jpg
534,521,1825.9774,498.49847,2330.11,830.05914,cam_3_1690325126_17-45-26.jpg
534,501,1708.966,213.64835,2085.003,375.4117,cam_3_1690325126_17-45-26.jpg
534,560,2007.9048,549.966,2598.0261,920.0373,cam_3_1690325126_17-45-26.jpg
534,561,2372.82,439.4475,2706.8757,596.1972,cam_3_1690325126_17-45-26.jpg
534,378,446.01065,529.42535,1095.1643,974.7248,cam_3_1690325126_17-45-26.jpg
534,390,1937.7731,374.15543,2222.3982,485.4157,cam_3_1690325126_17-45-26.jpg
534,532,1522.0516,416.44757,1936.8834,674.5233,cam_3_1690325126_17-45-26.jpg
534,563,2046.6863,412.55417,2526.3562,537.403,cam_3_1690325126_17-45-26.jpg
534,425,428.4658,764.85657,1506.359,1503.9816,cam_3_1690325126_17-45-26.jpg
534,178,1362.4188,315.65622,1799.8497,663.5774,cam_3_1690325126_17-45-26.jpg
534,401,1648.9397,467.92447,2042.07,695.3756,cam_3_1690325126_17-45-26.jpg
534,566,1712.4554,515.61365,2105.5671,743.9554,cam_3_1690325126_17-45-26.jpg
535,521,1823.3583,492.97165,2332.644,826.4279,cam_3_1690325171_17-46-11.jpg
535,501,1708.404,214.4507,2083.87,371.97968,cam_3_1690325171_17-46-11.jpg
535,560,2006.0272,549.308,2603.7888,918.21124,cam_3_1690325171_17-46-11.jpg
535,561,2364.5674,440.0037,2708.299,597.08765,cam_3_1690325171_17-46-11.jpg
535,378,568.41656,561.4331,1079.454,952.7741,cam_3_1690325171_17-46-11.jpg
535,390,1937.8331,376.59918,2222.8018,489.32352,cam_3_1690325171_17-46-11.jpg
535,532,1524.0975,417.83643,1931.0608,661.51855,cam_3_1690325171_17-46-11.jpg
535,563,2047.691,415.2085,2517.1482,537.97253,cam_3_1690325171_17-46-11.jpg
535,178,1358.8983,312.73578,1791.4504,665.47675,cam_3_1690325171_17-46-11.jpg
535,401,1649.5895,466.2484,2042.2007,693.4243,cam_3_1690325171_17-46-11.jpg
535,566,1711.9211,518.8465,2094.12,746.06415,cam_3_1690325171_17-46-11.jpg
535,568,812.9104,666.64124,1184.9998,1241.4684,cam_3_1690325171_17-46-11.jpg
535,534,1095.5983,1125.6251,2426.2522,2072.4604,cam_3_1690325171_17-46-11.jpg
536,521,1822.1376,497.628,2319.1875,826.7916,cam_3_1690325216_17-46-56.jpg
536,501,1706.469,214.63402,2087.3333,372.15338,cam_3_1690325216_17-46-56.jpg
536,560,2005.9254,548.54834,2603.6562,917.3168,cam_3_1690325216_17-46-56.jpg
536,561,2360.7693,439.6485,2708.2612,598.0589,cam_3_1690325216_17-46-56.jpg
536,378,442.18118,546.42786,1113.839,914.5739,cam_3_1690325216_17-46-56.jpg
536,390,1930.5044,376.87918,2224.6555,492.6956,cam_3_1690325216_17-46-56.jpg
536,532,1523.8982,418.98355,1925.9233,656.355,cam_3_1690325216_17-46-56.jpg
536,563,2050.6228,413.4927,2525.845,539.6112,cam_3_1690325216_17-46-56.jpg
536,178,1353.7556,311.57452,1787.5623,662.58575,cam_3_1690325216_17-46-56.jpg
536,401,1648.6577,468.2771,2038.9957,692.93085,cam_3_1690325216_17-46-56.jpg
536,566,1710.0645,519.52704,2097.4622,743.9942,cam_3_1690325216_17-46-56.jpg
536,519,1391.266,1236.1943,2127.7078,2756.9976,cam_3_1690325216_17-46-56.jpg
536,425,377.83252,727.0774,1280.8907,1407.7838,cam_3_1690325216_17-46-56.jpg
537,521,1824.955,504.49454,2314.151,823.92944,cam_3_1690325336_17-48-56.jpg
537,501,1711.2286,213.60172,2084.108,372.6589,cam_3_1690325336_17-48-56.jpg
537,560,2009.4525,547.24805,2591.6768,917.20703,cam_3_1690325336_17-48-56.jpg
537,561,2337.5605,435.9339,2717.1707,601.8647,cam_3_1690325336_17-48-56.jpg
537,378,381.5296,542.6867,1111.723,850.9724,cam_3_1690325336_17-48-56.jpg
537,390,1930.5846,375.5874,2223.6946,492.62457,cam_3_1690325336_17-48-56.jpg
537,532,1524.8593,421.3221,1932.1375,657.1796,cam_3_1690325336_17-48-56.jpg
537,563,2049.2083,413.12183,2522.4326,541.61755,cam_3_1690325336_17-48-56.jpg
537,178,1346.5258,310.81964,1807.575,663.72705,cam_3_1690325336_17-48-56.jpg
537,401,1649.4905,470.25955,2041.5634,693.2779,cam_3_1690325336_17-48-56.jpg
537,566,1708.4761,520.29706,2096.302,747.89056,cam_3_1690325336_17-48-56.jpg
537,519,1305.2603,1218.2959,2043.5677,2731.7703,cam_3_1690325336_17-48-56.jpg
537,425,347.4035,618.5221,1242.3694,1170.2976,cam_3_1690325336_17-48-56.jpg
538,521,1824.2725,499.6955,2325.1592,827.61926,cam_3_1690325831_17-57-11.jpg
538,501,1668.1234,175.01265,2008.8214,347.58398,cam_3_1690325831_17-57-11.jpg
538,560,2015.2068,548.88947,2613.5608,918.1689,cam_3_1690325831_17-57-11.jpg
538,561,2344.996,441.31494,2716.381,597.7666,cam_3_1690325831_17-57-11.jpg
538,390,1925.1769,372.481,2225.1558,491.60568,cam_3_1690325831_17-57-11.jpg
538,532,1522.8895,422.08636,1930.5896,655.20184,cam_3_1690325831_17-57-11.jpg
538,563,2049.6396,413.7222,2525.0347,540.1393,cam_3_1690325831_17-57-11.jpg
538,178,1343.5735,309.57034,1815.407,663.8129,cam_3_1690325831_17-57-11.jpg
538,401,1647.7267,471.76117,2041.9136,695.8935,cam_3_1690325831_17-57-11.jpg
538,566,1714.4354,521.399,2088.1775,749.7626,cam_3_1690325831_17-57-11.jpg
538,425,412.58386,614.73334,1251.686,1101.8491,cam_3_1690325831_17-57-11.jpg
538,568,633.67957,745.561,1431.0056,1517.67,cam_3_1690325831_17-57-11.jpg
539,521,1825.0807,500.17133,2327.1833,830.3737,cam_3_1690325951_17-59-11.jpg
539,501,1670.8906,161.41852,1981.0642,337.07758,cam_3_1690325951_17-59-11.jpg
539,560,2016.3455,544.83496,2587.583,917.98236,cam_3_1690325951_17-59-11.jpg
539,561,2334.4543,439.93408,2718.464,597.09906,cam_3_1690325951_17-59-11.jpg
539,390,1920.014,369.13785,2222.0166,490.94727,cam_3_1690325951_17-59-11.jpg
539,532,1521.4519,422.46686,1930.4246,654.6946,cam_3_1690325951_17-59-11.jpg
539,563,2051.5667,414.6219,2523.9902,539.83545,cam_3_1690325951_17-59-11.jpg
539,178,1339.0559,308.3005,1808.4592,663.791,cam_3_1690325951_17-59-11.jpg
539,401,1651.653,474.138,2050.7173,695.3039,cam_3_1690325951_17-59-11.jpg
539,566,1716.0696,524.01135,2085.5823,751.0142,cam_3_1690325951_17-59-11.jpg
539,425,466.8142,621.1417,1236.8186,1195.7598,cam_3_1690325951_17-59-11.jpg
539,568,597.6433,754.9623,1469.7343,1598.2496,cam_3_1690325951_17-59-11.jpg
539,378,360.01395,569.0018,1175.8647,906.9918,cam_3_1690325951_17-59-11.jpg
540,521,1826.686,500.0243,2330.9238,832.29675,cam_3_1690326011_18-00-11.jpg
540,501,1654.1381,159.64693,1974.6705,334.60645,cam_3_1690326011_18-00-11.jpg
540,560,2016.1222,544.93365,2590.1274,918.3608,cam_3_1690326011_18-00-11.jpg
540,561,2323.5989,438.83786,2719.2927,599.5391,cam_3_1690326011_18-00-11.jpg
540,390,1924.1458,369.2494,2220.5308,489.97684,cam_3_1690326011_18-00-11.jpg
540,532,1525.389,423.4669,1934.9976,656.34076,cam_3_1690326011_18-00-11.jpg
540,563,2058.0464,414.8915,2522.6802,539.57794,cam_3_1690326011_18-00-11.jpg
540,178,1339.443,308.17972,1811.9625,664.49554,cam_3_1690326011_18-00-11.jpg
540,401,1651.1713,474.1856,2045.3265,696.73035,cam_3_1690326011_18-00-11.jpg
540,566,1719.1499,525.9734,2083.336,751.0019,cam_3_1690326011_18-00-11.jpg
540,425,396.28784,615.65656,1248.1135,1123.5194,cam_3_1690326011_18-00-11.jpg
540,568,578.7987,764.9332,1473.2236,1635.7195,cam_3_1690326011_18-00-11.jpg
541,521,1828.3837,500.93848,2326.2615,829.084,cam_3_1690326086_18-01-26.jpg
541,501,1661.837,156.94987,1972.5245,333.1575,cam_3_1690326086_18-01-26.jpg
541,560,2015.349,543.67633,2593.7537,919.4862,cam_3_1690326086_18-01-26.jpg
541,561,2328.6948,438.1273,2717.1653,595.27466,cam_3_1690326086_18-01-26.jpg
541,390,1928.395,367.94327,2220.7307,484.92838,cam_3_1690326086_18-01-26.jpg
541,532,1523.2246,421.9655,1933.2063,655.8325,cam_3_1690326086_18-01-26.jpg
541,563,2056.0444,412.36066,2523.7246,538.5401,cam_3_1690326086_18-01-26.jpg
541,178,1337.1239,308.92932,1824.9185,665.32794,cam_3_1690326086_18-01-26.jpg
541,401,1648.417,470.2551,2046.2151,696.9829,cam_3_1690326086_18-01-26.jpg
541,566,1717.7782,523.741,2083.7734,751.80505,cam_3_1690326086_18-01-26.jpg
541,425,477.26556,636.11975,1233.7035,1218.4044,cam_3_1690326086_18-01-26.jpg
541,568,456.0169,763.402,1472.4393,1595.994,cam_3_1690326086_18-01-26.jpg
541,378,484.38165,566.48,1213.1163,861.95514,cam_3_1690326086_18-01-26.jpg
542,521,1829.2506,499.55148,2328.64,828.88806,cam_3_1690326116_18-01-56.jpg
542,501,1669.6094,153.88142,1972.2314,332.75888,cam_3_1690326116_18-01-56.jpg
542,560,2016.5127,547.01324,2604.8467,918.9904,cam_3_1690326116_18-01-56.jpg
542,561,2345.0918,438.6197,2723.3484,596.5627,cam_3_1690326116_18-01-56.jpg
542,390,1928.3634,368.26938,2219.587,485.7662,cam_3_1690326116_18-01-56.jpg
542,532,1521.4708,420.2978,1939.275,655.8449,cam_3_1690326116_18-01-56.jpg
542,563,2056.499,413.02164,2520.6477,540.89545,cam_3_1690326116_18-01-56.jpg
542,178,1340.5503,306.24124,1835.1726,667.32043,cam_3_1690326116_18-01-56.jpg
542,401,1648.2917,465.8521,2047.0161,693.75543,cam_3_1690326116_18-01-56.jpg
542,566,1716.6655,523.9271,2086.1199,749.5703,cam_3_1690326116_18-01-56.jpg
542,425,512.46814,638.01025,1248.5116,1271.7594,cam_3_1690326116_18-01-56.jpg
542,568,782.80066,860.4097,1853.2365,1621.089,cam_3_1690326116_18-01-56.jpg
542,378,402.3312,564.5487,1164.0461,855.2233,cam_3_1690326116_18-01-56.jpg
543,521,1829.2133,499.6157,2328.7786,828.22186,cam_3_1690326296_18-04-56.jpg
543,560,2016.7599,546.2921,2605.2866,917.76447,cam_3_1690326296_18-04-56.jpg
543,561,2373.9238,439.47733,2726.8682,599.0557,cam_3_1690326296_18-04-56.jpg
543,390,1939.4869,372.72717,2227.7249,493.458,cam_3_1690326296_18-04-56.jpg
543,532,1524.244,421.21637,1936.1646,654.0601,cam_3_1690326296_18-04-56.jpg
543,563,2053.6748,413.81158,2518.718,541.8552,cam_3_1690326296_18-04-56.jpg
543,178,1327.7466,309.9219,1811.0741,668.1755,cam_3_1690326296_18-04-56.jpg
543,401,1650.1714,470.00073,2052.6765,694.2645,cam_3_1690326296_18-04-56.jpg
543,566,1714.4816,521.8118,2087.2217,749.9524,cam_3_1690326296_18-04-56.jpg
543,425,528.5269,635.43665,1270.3793,1302.5417,cam_3_1690326296_18-04-56.jpg
543,378,467.58005,555.7079,1123.647,936.401,cam_3_1690326296_18-04-56.jpg
543,443,1313.0339,185.66974,1587.2955,363.43625,cam_3_1690326296_18-04-56.jpg
544,521,1829.3624,501.53348,2330.6716,830.9278,cam_3_1690326371_18-06-11.jpg
544,560,2016.2762,554.31683,2595.1558,918.3189,cam_3_1690326371_18-06-11.jpg
544,561,2411.0732,445.10638,2728.8464,605.6151,cam_3_1690326371_18-06-11.jpg
544,390,1934.234,372.6024,2225.4539,495.13315,cam_3_1690326371_18-06-11.jpg
544,532,1528.0326,421.8737,1934.3988,653.6198,cam_3_1690326371_18-06-11.jpg
544,563,2052.002,416.34866,2509.1255,544.66565,cam_3_1690326371_18-06-11.jpg
544,178,1328.456,309.5231,1807.8611,667.91095,cam_3_1690326371_18-06-11.jpg
544,401,1651.9447,470.69824,2055.187,694.32477,cam_3_1690326371_18-06-11.jpg
544,566,1713.593,521.52936,2087.9312,750.5313,cam_3_1690326371_18-06-11.jpg
544,425,539.02026,645.2209,1289.4454,1320.8356,cam_3_1690326371_18-06-11.jpg
544,378,478.69583,547.3488,1127.6962,957.07983,cam_3_1690326371_18-06-11.jpg
544,569,2606.4841,612.07886,3766.4365,1204.6671,cam_3_1690326371_18-06-11.jpg
544,443,1281.3496,180.25166,1577.6472,358.33487,cam_3_1690326371_18-06-11.jpg
545,560,1921.9904,485.656,2587.5571,917.35974,cam_3_1690326461_18-07-41.jpg
545,561,2445.2825,440.51505,2744.1155,615.53265,cam_3_1690326461_18-07-41.jpg
545,390,1940.5781,367.59906,2220.7415,496.61017,cam_3_1690326461_18-07-41.jpg
545,178,1350.7224,315.05826,1855.4781,691.2314,cam_3_1690326461_18-07-41.jpg
545,401,1643.6418,463.99564,2050.9495,701.01984,cam_3_1690326461_18-07-41.jpg
545,425,579.02893,669.164,1328.2216,1393.3809,cam_3_1690326461_18-07-41.jpg
545,378,452.8813,544.0956,1127.4498,931.8172,cam_3_1690326461_18-07-41.jpg
545,569,2588.623,603.661,3734.0264,1195.4922,cam_3_1690326461_18-07-41.jpg
546,560,1886.9344,459.75662,2599.092,919.2203,cam_3_1690326596_18-09-56.jpg
546,561,2439.533,437.40326,2730.571,624.126,cam_3_1690326596_18-09-56.jpg
546,390,1921.9539,367.98218,2219.4954,499.12103,cam_3_1690326596_18-09-56.jpg
546,178,1322.7616,320.22842,1870.9609,705.7203,cam_3_1690326596_18-09-56.jpg
546,401,1641.4314,470.66684,2047.837,700.2554,cam_3_1690326596_18-09-56.jpg
546,425,545.85504,679.0754,1347.6566,1390.0482,cam_3_1690326596_18-09-56.jpg
546,378,400.50253,538.09644,1122.1068,914.4759,cam_3_1690326596_18-09-56.jpg
546,522,312.93405,434.0282,1003.75104,705.3207,cam_3_1690326596_18-09-56.jpg
546,519,1372.4929,1302.1722,2410.4197,2720.0383,cam_3_1690326596_18-09-56.jpg
547,560,1869.3644,458.3603,2529.753,981.1523,cam_3_1690326836_18-13-56.jpg
547,561,2420.846,438.8136,2727.351,639.4086,cam_3_1690326836_18-13-56.jpg
547,390,1924.0974,371.22113,2223.9607,503.93155,cam_3_1690326836_18-13-56.jpg
547,178,1300.4475,322.98947,1869.667,723.82385,cam_3_1690326836_18-13-56.jpg
547,401,1642.7133,474.38593,2044.7128,701.0005,cam_3_1690326836_18-13-56.jpg
547,425,616.4619,724.9148,1372.9661,1540.6643,cam_3_1690326836_18-13-56.jpg
547,378,475.64865,545.19855,1142.4126,994.8618,cam_3_1690326836_18-13-56.jpg
547,522,422.21027,442.4305,1011.18335,814.7421,cam_3_1690326836_18-13-56.jpg
547,519,1363.5533,1310.114,2382.281,2708.1672,cam_3_1690326836_18-13-56.jpg
547,563,2040.0585,411.27014,2509.2214,534.58636,cam_3_1690326836_18-13-56.jpg
547,566,1723.0796,527.7556,2080.0532,756.98987,cam_3_1690326836_18-13-56.jpg
548,560,1863.5957,453.6751,2479.6821,1003.2841,cam_3_1690326881_18-14-41.jpg
548,561,2409.3086,440.32706,2727.2659,651.4526,cam_3_1690326881_18-14-41.jpg
548,390,1922.1443,371.23102,2222.594,503.79004,cam_3_1690326881_18-14-41.jpg
548,178,1291.1492,324.1565,1860.9868,726.086,cam_3_1690326881_18-14-41.jpg
548,401,1650.3365,475.95508,2059.6829,699.1801,cam_3_1690326881_18-14-41.jpg
548,425,584.4897,744.8198,1413.3358,1597.7567,cam_3_1690326881_18-14-41.jpg
548,378,591.75793,523.66144,1254.6715,960.52,cam_3_1690326881_18-14-41.jpg
548,522,353.96344,443.22336,1010.8821,801.9838,cam_3_1690326881_18-14-41.jpg
548,519,1367.7484,1325.2391,2392.766,2700.7063,cam_3_1690326881_18-14-41.jpg
548,563,2063.5752,411.8786,2519.8586,531.35565,cam_3_1690326881_18-14-41.jpg
548,566,1725.2847,522.37634,2089.0476,757.0048,cam_3_1690326881_18-14-41.jpg
549,560,1863.1924,454.52878,2465.6338,1013.48016,cam_3_1690326896_18-14-56.jpg
549,561,2404.462,438.70654,2723.3142,653.66656,cam_3_1690326896_18-14-56.jpg
549,390,1921.8828,370.37057,2222.2668,503.69336,cam_3_1690326896_18-14-56.jpg
549,178,1289.1016,324.33032,1851.072,726.59656,cam_3_1690326896_18-14-56.jpg
549,401,1651.3616,476.6522,2068.458,697.97327,cam_3_1690326896_18-14-56.jpg
549,425,606.9099,755.0755,1427.8597,1627.4093,cam_3_1690326896_18-14-56.jpg
549,378,551.3173,548.3233,1199.7625,1014.5934,cam_3_1690326896_18-14-56.jpg
549,522,419.70728,450.9832,1012.3679,864.7588,cam_3_1690326896_18-14-56.jpg
549,519,1374.1926,1316.7856,2366.1326,2695.9634,cam_3_1690326896_18-14-56.jpg
549,563,2078.4072,413.37265,2523.3733,531.9273,cam_3_1690326896_18-14-56.jpg
549,566,1724.972,517.34143,2099.6577,757.80396,cam_3_1690326896_18-14-56.jpg
550,560,1838.6046,451.99457,2461.9773,1024.3281,cam_3_1690326941_18-15-41.jpg
550,561,2398.7542,437.26028,2722.6895,656.1221,cam_3_1690326941_18-15-41.jpg
550,390,1920.3345,371.72134,2220.4536,505.05948,cam_3_1690326941_18-15-41.jpg
550,178,1296.3098,325.48578,1837.8724,729.21783,cam_3_1690326941_18-15-41.jpg
550,401,1653.5286,477.82715,2059.6714,697.9748,cam_3_1690326941_18-15-41.jpg
550,425,626.9999,757.82654,1433.4714,1642.0349,cam_3_1690326941_18-15-41.jpg
550,378,447.34357,565.6778,1193.1198,1048.0869,cam_3_1690326941_18-15-41.jpg
550,522,356.42062,445.3537,1026.5844,796.688,cam_3_1690326941_18-15-41.jpg
550,519,1353.0342,1318.5884,2348.933,2700.478,cam_3_1690326941_18-15-41.jpg
550,563,2080.3198,412.25958,2520.7131,529.9078,cam_3_1690326941_18-15-41.jpg
550,566,1722.8181,514.58136,2101.078,754.66016,cam_3_1690326941_18-15-41.jpg
551,560,1833.5305,453.70892,2474.597,1026.3187,cam_3_1690326956_18-15-56.jpg
551,561,2400.6873,438.38312,2721.867,653.5837,cam_3_1690326956_18-15-56.jpg
551,390,1921.7439,373.03,2222.0479,504.48834,cam_3_1690326956_18-15-56.jpg
551,178,1301.4218,325.89587,1834.6948,729.5971,cam_3_1690326956_18-15-56.jpg
551,401,1653.5654,476.4236,2059.452,698.42676,cam_3_1690326956_18-15-56.jpg
551,425,491.7308,747.5929,1440.3043,1562.0568,cam_3_1690326956_18-15-56.jpg
551,378,407.37573,566.56805,1197.2671,1015.5498,cam_3_1690326956_18-15-56.jpg
551,522,404.3668,448.85104,1016.01294,830.1239,cam_3_1690326956_18-15-56.jpg
551,519,1359.3491,1315.9976,2339.491,2728.7659,cam_3_1690326956_18-15-56.jpg
551,563,2069.6257,409.5892,2519.8816,530.9276,cam_3_1690326956_18-15-56.jpg
551,566,1723.2383,516.1764,2100.5486,753.3142,cam_3_1690326956_18-15-56.jpg
552,560,1829.7386,456.7907,2461.455,1029.9098,cam_3_1690327076_18-17-56.jpg
552,561,2398.0166,437.048,2722.7227,653.67615,cam_3_1690327076_18-17-56.jpg
552,390,1901.2133,372.6474,2221.8923,506.27097,cam_3_1690327076_18-17-56.jpg
552,178,1286.827,326.723,1838.7653,732.6322,cam_3_1690327076_18-17-56.jpg
552,401,1653.6571,477.55453,2051.4893,697.42535,cam_3_1690327076_18-17-56.jpg
552,425,746.2587,732.8997,1396.1195,1471.6754,cam_3_1690327076_18-17-56.jpg
552,378,362.88382,574.796,1216.0626,1035.204,cam_3_1690327076_18-17-56.jpg
552,522,527.6396,477.3036,1045.5172,769.3332,cam_3_1690327076_18-17-56.jpg
552,519,1457.7172,1220.672,2410.1562,2744.7168,cam_3_1690327076_18-17-56.jpg
552,563,2056.9456,407.54318,2512.088,533.2723,cam_3_1690327076_18-17-56.jpg
552,566,1723.4268,516.7752,2100.3516,753.4367,cam_3_1690327076_18-17-56.jpg
553,560,1828.914,463.5934,2447.3716,1031.7786,cam_3_1690327106_18-18-26.jpg
553,561,2384.4265,437.06808,2724.8398,652.6972,cam_3_1690327106_18-18-26.jpg
553,390,1905.8026,371.21558,2222.6719,507.34787,cam_3_1690327106_18-18-26.jpg
553,178,1280.8053,329.22372,1839.9315,738.17975,cam_3_1690327106_18-18-26.jpg
553,401,1653.5491,478.77417,2044.6808,697.8371,cam_3_1690327106_18-18-26.jpg
553,378,407.93152,585.0175,1220.8547,1093.258,cam_3_1690327106_18-18-26.jpg
553,522,524.3122,492.85648,1072.6045,985.06177,cam_3_1690327106_18-18-26.jpg
553,519,1418.086,1187.4634,2429.9404,2738.0974,cam_3_1690327106_18-18-26.jpg
553,563,2053.7844,408.5428,2508.459,537.80914,cam_3_1690327106_18-18-26.jpg
553,566,1721.2496,517.05347,2099.6973,756.0773,cam_3_1690327106_18-18-26.jpg
553,569,2439.2288,714.97943,3409.2236,1494.674,cam_3_1690327106_18-18-26.jpg
554,560,1833.9177,469.06998,2446.6802,1031.1122,cam_3_1690327121_18-18-41.jpg
554,561,2386.118,436.13153,2729.947,649.2936,cam_3_1690327121_18-18-41.jpg
554,390,1907.2926,371.87836,2223.388,507.14365,cam_3_1690327121_18-18-41.jpg
554,178,1277.5806,326.55676,1794.6647,744.8134,cam_3_1690327121_18-18-41.jpg
554,401,1652.1401,477.51813,2054.6387,698.0911,cam_3_1690327121_18-18-41.jpg
554,378,350.57062,581.62836,1229.0891,1080.3093,cam_3_1690327121_18-18-41.jpg
554,522,395.96823,510.48328,1105.996,954.9907,cam_3_1690327121_18-18-41.jpg
554,519,1399.5146,1260.1295,2398.0193,2714.304,cam_3_1690327121_18-18-41.jpg
554,563,2047.3245,408.25754,2510.9038,538.2792,cam_3_1690327121_18-18-41.jpg
554,566,1721.842,519.7751,2102.0698,756.7312,cam_3_1690327121_18-18-41.jpg
554,569,2591.057,685.7131,3641.2798,1497.9039,cam_3_1690327121_18-18-41.jpg
555,560,1832.5288,463.64954,2457.2273,1031.0618,cam_3_1690327181_18-19-41.jpg
555,561,2393.6892,435.4684,2730.8054,653.1552,cam_3_1690327181_18-19-41.jpg
555,178,1278.1766,328.32806,1808.0449,745.2491,cam_3_1690327181_18-19-41.jpg
555,401,1649.3022,477.62552,2046.1509,701.0993,cam_3_1690327181_18-19-41.jpg
555,378,343.47208,590.5476,1264.6381,1120.425,cam_3_1690327181_18-19-41.jpg
555,522,337.5655,511.76053,1118.6355,915.93164,cam_3_1690327181_18-19-41.jpg
555,519,1364.8052,1277.3868,2380.8723,2743.1172,cam_3_1690327181_18-19-41.jpg
555,563,2068.3018,416.16318,2520.1401,541.44403,cam_3_1690327181_18-19-41.jpg
555,566,1722.1511,520.8154,2100.354,760.5366,cam_3_1690327181_18-19-41.jpg
555,569,2629.537,679.51086,3694.838,1498.3057,cam_3_1690327181_18-19-41.jpg
555,568,909.91736,1278.7406,2363.1042,2754.4163,cam_3_1690327181_18-19-41.jpg
556,560,1834.7671,460.79062,2491.6736,1034.2196,cam_3_1690327196_18-19-56.jpg
556,561,2392.376,435.74658,2729.3496,652.92267,cam_3_1690327196_18-19-56.jpg
556,178,1289.0463,327.0997,1784.3716,743.2335,cam_3_1690327196_18-19-56.jpg
556,401,1656.1185,482.60825,2051.8855,700.6314,cam_3_1690327196_18-19-56.jpg
556,378,389.21332,595.6478,1277.0311,1132.7612,cam_3_1690327196_18-19-56.jpg
556,522,326.95947,510.8825,1135.3066,889.28436,cam_3_1690327196_18-19-56.jpg
556,563,2153.358,420.72867,2529.6997,540.738,cam_3_1690327196_18-19-56.jpg
556,566,1729.1011,523.58594,2097.3203,764.8208,cam_3_1690327196_18-19-56.jpg
556,569,2635.4966,682.34875,3613.3057,1490.6787,cam_3_1690327196_18-19-56.jpg
556,573,1911.4146,221.41835,2328.1345,436.36633,cam_3_1690327196_18-19-56.jpg
556,568,1009.39044,1284.0511,2397.473,2795.82,cam_3_1690327196_18-19-56.jpg
557,560,1860.6921,455.83545,2573.716,955.6084,cam_3_1690327241_18-20-41.jpg
557,178,1306.174,326.7732,1813.9325,739.0848,cam_3_1690327241_18-20-41.jpg
557,401,1652.2974,473.7268,2054.717,701.0081,cam_3_1690327241_18-20-41.jpg
557,378,613.82587,589.29913,1357.5624,1066.8872,cam_3_1690327241_18-20-41.jpg
557,522,413.46527,512.06555,1124.1965,882.79047,cam_3_1690327241_18-20-41.jpg
557,566,1720.182,503.44598,2102.861,757.37683,cam_3_1690327241_18-20-41.jpg
557,573,1916.4288,228.76773,2320.7583,433.95746,cam_3_1690327241_18-20-41.jpg
557,425,674.7132,723.9392,1165.0986,1290.1517,cam_3_1690327241_18-20-41.jpg
558,560,1980.3724,521.34174,2612.7827,919.1281,cam_3_1690327256_18-20-56.jpg
558,178,1312.1664,325.62436,1799.9883,742.5668,cam_3_1690327256_18-20-56.jpg
558,401,1649.6796,469.09222,2048.2114,698.5503,cam_3_1690327256_18-20-56.jpg
558,522,425.53677,518.0145,1119.3419,964.5012,cam_3_1690327256_18-20-56.jpg
558,566,1720.8916,504.31607,2124.6501,756.4081,cam_3_1690327256_18-20-56.jpg
558,573,1915.1887,232.53786,2315.1707,416.2207,cam_3_1690327256_18-20-56.jpg
558,574,2170.0999,256.81647,2600.438,479.863,cam_3_1690327256_18-20-56.jpg
558,575,2233.3035,159.92859,2571.994,292.15338,cam_3_1690327256_18-20-56.jpg
558,425,753.0469,724.1826,1153.1431,1293.1277,cam_3_1690327256_18-20-56.jpg
558,521,1831.4746,511.83047,2345.3894,824.99115,cam_3_1690327256_18-20-56.jpg
558,561,2361.6184,439.85242,2719.4465,620.59796,cam_3_1690327256_18-20-56.jpg
559,560,2025.455,532.5597,2574.3672,905.2132,cam_3_1690327376_18-22-56.jpg
559,178,1315.3109,345.13223,1690.5817,607.4684,cam_3_1690327376_18-22-56.jpg
559,401,1654.4906,471.63257,2059.0706,698.9444,cam_3_1690327376_18-22-56.jpg
559,522,349.879,518.56604,1148.3533,987.1647,cam_3_1690327376_18-22-56.jpg
559,566,1721.527,506.0423,2137.5422,752.30646,cam_3_1690327376_18-22-56.jpg
559,573,1929.5109,226.03828,2312.158,418.79007,cam_3_1690327376_18-22-56.jpg
559,574,2193.5505,260.30768,2597.2954,489.20013,cam_3_1690327376_18-22-56.jpg
559,521,1826.4779,506.80038,2356.0745,828.036,cam_3_1690327376_18-22-56.jpg
559,561,2398.2993,441.58807,2721.477,615.99445,cam_3_1690327376_18-22-56.jpg
559,529,1386.7495,383.23856,1725.4124,571.54974,cam_3_1690327376_18-22-56.jpg
559,532,1502.3397,408.7148,1821.508,603.18195,cam_3_1690327376_18-22-56.jpg
559,569,2570.0664,683.39514,3731.0762,1352.7177,cam_3_1690327376_18-22-56.jpg
560,560,2041.1676,539.0446,2558.6475,901.4105,cam_3_1690327406_18-23-26.jpg
560,178,1314.6111,352.7293,1633.2545,545.9492,cam_3_1690327406_18-23-26.jpg
560,401,1659.0736,469.5598,2054.661,698.7702,cam_3_1690327406_18-23-26.jpg
560,522,341.89944,520.001,1170.624,994.41864,cam_3_1690327406_18-23-26.jpg
560,566,1721.4329,508.48563,2144.5032,750.22815,cam_3_1690327406_18-23-26.jpg
560,573,1910.369,227.93398,2313.6853,415.85278,cam_3_1690327406_18-23-26.jpg
560,574,2177.9692,262.56766,2597.4568,492.30835,cam_3_1690327406_18-23-26.jpg
560,521,1825.887,509.5637,2361.2766,828.73474,cam_3_1690327406_18-23-26.jpg
560,561,2411.4717,443.73087,2723.6223,618.23785,cam_3_1690327406_18-23-26.jpg
560,529,1379.5669,380.95258,1719.8018,569.2215,cam_3_1690327406_18-23-26.jpg
560,532,1494.4994,414.343,1799.1648,600.4257,cam_3_1690327406_18-23-26.jpg
560,569,2560.0332,681.02167,3749.4346,1322.6389,cam_3_1690327406_18-23-26.jpg
561,560,2050.0115,545.5912,2546.6174,902.79987,cam_3_1690327421_18-23-41.jpg
561,178,1316.2391,351.6735,1626.6139,532.96796,cam_3_1690327421_18-23-41.jpg
561,401,1652.0249,474.47623,2044.2722,698.62933,cam_3_1690327421_18-23-41.jpg
561,522,375.2225,523.4767,1176.4954,995.5229,cam_3_1690327421_18-23-41.jpg
561,566,1724.1443,507.1107,2145.838,750.12665,cam_3_1690327421_18-23-41.jpg
561,573,1904.696,227.60806,2311.5928,404.93826,cam_3_1690327421_18-23-41.jpg
561,574,2181.9197,262.5727,2608.4026,486.1512,cam_3_1690327421_18-23-41.jpg
561,521,1824.8463,511.23013,2357.608,830.16235,cam_3_1690327421_18-23-41.jpg
561,561,2409.8174,442.21042,2731.7139,619.9572,cam_3_1690327421_18-23-41.jpg
561,529,1380.0002,385.88495,1711.5035,569.4866,cam_3_1690327421_18-23-41.jpg
561,532,1494.7509,411.54895,1795.8335,601.7343,cam_3_1690327421_18-23-41.jpg
561,569,2560.27,661.68115,3753.646,1286.5259,cam_3_1690327421_18-23-41.jpg
561,580,1268.6464,188.91101,1522.3198,388.02206,cam_3_1690327421_18-23-41.jpg
561,581,393.49097,334.27475,862.8155,606.1591,cam_3_1690327421_18-23-41.jpg
561,390,1782.7834,381.95663,2112.394,508.06946,cam_3_1690327421_18-23-41.jpg
562,560,2050.2236,544.01953,2543.5015,902.511,cam_3_1690327436_18-23-56.jpg
562,178,1318.0125,348.8363,1630.3859,531.4018,cam_3_1690327436_18-23-56.jpg
562,401,1649.1254,475.01273,2035.5848,699.8885,cam_3_1690327436_18-23-56.jpg
562,522,395.10303,524.2706,1181.6527,993.7909,cam_3_1690327436_18-23-56.jpg
562,566,1724.5048,504.13614,2145.6716,750.5723,cam_3_1690327436_18-23-56.jpg
562,573,1903.0452,225.80995,2311.5154,404.4116,cam_3_1690327436_18-23-56.jpg
562,574,2187.2642,263.756,2602.0264,487.22772,cam_3_1690327436_18-23-56.jpg
562,521,1825.8569,509.4953,2359.3538,831.71423,cam_3_1690327436_18-23-56.jpg
562,561,2409.5,442.85706,2728.3538,622.75946,cam_3_1690327436_18-23-56.jpg
562,529,1381.2091,390.30615,1703.9774,573.04584,cam_3_1690327436_18-23-56.jpg
562,532,1492.2606,410.33722,1791.312,603.85486,cam_3_1690327436_18-23-56.jpg
562,569,2570.634,649.7607,3766.2568,1260.9103,cam_3_1690327436_18-23-56.jpg
562,580,1262.5581,188.9663,1514.1154,390.1169,cam_3_1690327436_18-23-56.jpg
562,581,424.97,336.18283,860.4802,608.19727,cam_3_1690327436_18-23-56.jpg
562,390,1765.5542,380.6765,2112.173,508.6019,cam_3_1690327436_18-23-56.jpg
563,560,2052.556,545.1647,2532.6108,902.29736,cam_3_1690327511_18-25-11.jpg
563,178,1318.1448,349.78073,1628.8427,531.6735,cam_3_1690327511_18-25-11.jpg
563,401,1655.0487,472.80194,2055.1968,698.74115,cam_3_1690327511_18-25-11.jpg
563,522,332.75366,522.1861,1180.2003,993.97003,cam_3_1690327511_18-25-11.jpg
563,566,1725.2194,508.15,2149.0825,751.82007,cam_3_1690327511_18-25-11.jpg
563,573,1953.5619,214.94627,2353.4622,397.27234,cam_3_1690327511_18-25-11.jpg
563,574,2210.9014,263.02853,2592.6484,488.4149,cam_3_1690327511_18-25-11.jpg
563,521,1827.0342,509.27417,2356.3374,830.78595,cam_3_1690327511_18-25-11.jpg
563,561,2406.9165,443.70728,2733.832,622.2677,cam_3_1690327511_18-25-11.jpg
563,529,1379.0653,387.88754,1699.3573,571.3973,cam_3_1690327511_18-25-11.jpg
563,532,1492.5468,406.3308,1794.7607,603.4587,cam_3_1690327511_18-25-11.jpg
563,569,2574.3628,645.137,3738.2083,1251.4178,cam_3_1690327511_18-25-11.jpg
563,580,1306.1289,183.17213,1563.4486,372.89703,cam_3_1690327511_18-25-11.jpg
563,581,363.2895,342.96387,842.85535,608.97217,cam_3_1690327511_18-25-11.jpg
564,560,2050.5059,550.4787,2537.838,902.3094,cam_3_1690327586_18-26-26.jpg
564,178,1319.1478,349.12463,1629.2368,532.45996,cam_3_1690327586_18-26-26.jpg
564,401,1652.5488,465.10767,2044.9613,698.3811,cam_3_1690327586_18-26-26.jpg
564,522,415.58664,532.1226,1166.3416,989.7797,cam_3_1690327586_18-26-26.jpg
564,566,1729.5979,508.34152,2133.187,753.48157,cam_3_1690327586_18-26-26.jpg
564,573,2000.5612,203.7082,2368.6472,403.5717,cam_3_1690327586_18-26-26.jpg
564,574,2210.372,258.72824,2573.4138,496.0349,cam_3_1690327586_18-26-26.jpg
564,521,1828.489,507.11658,2356.6162,830.69745,cam_3_1690327586_18-26-26.jpg
564,561,2444.1228,316.17648,2697.588,590.2835,cam_3_1690327586_18-26-26.jpg
564,529,1382.3763,387.95914,1694.7637,570.0465,cam_3_1690327586_18-26-26.jpg
564,532,1492.8417,408.2701,1797.4231,602.8396,cam_3_1690327586_18-26-26.jpg
564,580,1317.5851,180.59303,1578.2726,373.16507,cam_3_1690327586_18-26-26.jpg
564,581,403.4026,342.13248,849.08514,614.208,cam_3_1690327586_18-26-26.jpg
564,519,758.43994,1324.6688,2251.791,2383.5745,cam_3_1690327586_18-26-26.jpg
564,390,1753.8447,365.93945,2101.582,488.8656,cam_3_1690327586_18-26-26.jpg
565,560,2046.7515,545.35376,2548.984,900.4345,cam_3_1690327721_18-28-41.jpg
565,178,1316.4985,348.9271,1634.0619,530.39923,cam_3_1690327721_18-28-41.jpg
565,401,1651.4117,463.94437,2046.7803,694.19904,cam_3_1690327721_18-28-41.jpg
565,522,390.49997,529.8667,1200.802,1009.2276,cam_3_1690327721_18-28-41.jpg
565,566,1727.67,491.7534,2152.745,745.2509,cam_3_1690327721_18-28-41.jpg
565,573,2015.0446,204.99947,2364.9211,397.06354,cam_3_1690327721_18-28-41.jpg
565,574,2189.0754,253.63911,2576.041,511.2779,cam_3_1690327721_18-28-41.jpg
565,521,1827.2592,506.12766,2355.269,829.7057,cam_3_1690327721_18-28-41.jpg
565,561,2467.5796,264.8997,2699.1116,580.5189,cam_3_1690327721_18-28-41.jpg
565,529,1380.7523,389.81223,1690.9636,571.818,cam_3_1690327721_18-28-41.jpg
565,532,1491.2446,410.3779,1791.3716,602.64136,cam_3_1690327721_18-28-41.jpg
565,580,1359.4471,179.69019,1586.9982,373.60483,cam_3_1690327721_18-28-41.jpg
565,581,374.20807,348.88177,836.3054,632.55786,cam_3_1690327721_18-28-41.jpg
565,519,733.39276,1302.8368,2259.386,2291.066,cam_3_1690327721_18-28-41.jpg
565,390,1745.0626,364.7085,2106.992,484.89233,cam_3_1690327721_18-28-41.jpg
566,560,2043.82,546.37415,2544.285,901.1904,cam_3_1690327841_18-30-41.jpg
566,178,1316.9518,348.02612,1634.192,531.864,cam_3_1690327841_18-30-41.jpg
566,401,1653.8799,460.0891,2046.2496,695.4092,cam_3_1690327841_18-30-41.jpg
566,522,339.72452,538.71155,1214.395,1019.96747,cam_3_1690327841_18-30-41.jpg
566,566,1728.1265,479.44016,2165.4434,740.8771,cam_3_1690327841_18-30-41.jpg
566,573,2035.489,214.00177,2366.2422,424.4853,cam_3_1690327841_18-30-41.jpg
566,574,2277.4875,245.2249,2598.7212,503.4278,cam_3_1690327841_18-30-41.jpg
566,521,1824.5905,505.50262,2353.5022,829.9604,cam_3_1690327841_18-30-41.jpg
566,561,2461.3928,260.62552,2724.855,575.83636,cam_3_1690327841_18-30-41.jpg
566,529,1382.6504,387.9699,1687.4587,574.1472,cam_3_1690327841_18-30-41.jpg
566,532,1491.235,414.3041,1794.2947,603.59106,cam_3_1690327841_18-30-41.jpg
566,580,1390.321,177.6854,1655.4491,364.7057,cam_3_1690327841_18-30-41.jpg
566,581,425.01093,401.4653,882.97675,651.26434,cam_3_1690327841_18-30-41.jpg
566,519,766.52356,1322.1024,2271.9517,2270.956,cam_3_1690327841_18-30-41.jpg
566,390,1735.5076,356.01434,2109.7092,480.6526,cam_3_1690327841_18-30-41.jpg
567,560,2045.0323,545.6312,2546.696,901.23944,cam_3_1690327946_18-32-26.jpg
567,178,1317.4398,351.78006,1638.9308,530.3692,cam_3_1690327946_18-32-26.jpg
567,401,1650.8365,460.77795,2041.4529,692.814,cam_3_1690327946_18-32-26.jpg
567,522,328.54575,548.5623,1194.1477,1011.8741,cam_3_1690327946_18-32-26.jpg
567,566,1729.1775,474.77783,2167.7324,741.37866,cam_3_1690327946_18-32-26.jpg
567,573,2012.4392,212.08978,2369.025,441.4112,cam_3_1690327946_18-32-26.jpg
567,521,1823.4467,506.9014,2357.452,829.91284,cam_3_1690327946_18-32-26.jpg
567,561,2517.1802,245.93114,2737.6558,566.4847,cam_3_1690327946_18-32-26.jpg
567,529,1380.7501,387.57837,1700.7515,570.8482,cam_3_1690327946_18-32-26.jpg
567,532,1490.8789,413.29065,1798.1688,603.3307,cam_3_1690327946_18-32-26.jpg
567,581,430.57938,406.1473,901.722,684.4957,cam_3_1690327946_18-32-26.jpg
567,519,761.101,1312.2772,2258.539,2267.616,cam_3_1690327946_18-32-26.jpg
567,390,1752.1141,368.8742,2119.0583,490.88,cam_3_1690327946_18-32-26.jpg
568,560,2043.9907,543.097,2559.0222,901.6439,cam_3_1690328081_18-34-41.jpg
568,178,1319.7308,356.5825,1631.179,531.4713,cam_3_1690328081_18-34-41.jpg
568,401,1651.2894,456.87576,2046.6185,694.1821,cam_3_1690328081_18-34-41.jpg
568,566,1730.8754,475.58435,2167.0718,742.15765,cam_3_1690328081_18-34-41.jpg
568,573,1998.7308,214.94836,2366.6206,441.95966,cam_3_1690328081_18-34-41.jpg
568,521,1821.1274,502.87314,2329.4392,827.94324,cam_3_1690328081_18-34-41.jpg
568,529,1380.2161,385.89886,1710.969,571.06494,cam_3_1690328081_18-34-41.jpg
568,532,1491.7625,409.36807,1800.7402,603.3128,cam_3_1690328081_18-34-41.jpg
568,581,422.8135,374.82297,825.9493,633.89087,cam_3_1690328081_18-34-41.jpg
568,569,3206.0647,429.1772,3826.6702,1046.9517,cam_3_1690328081_18-34-41.jpg
568,574,2307.2124,273.78006,2738.1118,546.17633,cam_3_1690328081_18-34-41.jpg
569,560,2044.197,546.9981,2556.2358,901.72253,cam_3_1690328141_18-35-41.jpg
569,178,1320.5944,354.67236,1625.6265,532.7986,cam_3_1690328141_18-35-41.jpg
569,401,1653.7203,454.04254,2044.3925,691.4503,cam_3_1690328141_18-35-41.jpg
569,566,1730.3467,475.83224,2176.7163,741.1013,cam_3_1690328141_18-35-41.jpg
569,573,2070.516,211.41891,2463.1792,464.50397,cam_3_1690328141_18-35-41.jpg
569,521,1825.0288,523.3993,2345.0256,828.4972,cam_3_1690328141_18-35-41.jpg
569,529,1378.9579,378.56125,1726.3566,571.4152,cam_3_1690328141_18-35-41.jpg
569,532,1494.2198,404.70175,1805.8989,602.7803,cam_3_1690328141_18-35-41.jpg
569,581,426.37292,360.12225,816.7869,618.8301,cam_3_1690328141_18-35-41.jpg
569,587,1844.445,217.878,2136.437,429.17484,cam_3_1690328141_18-35-41.jpg
569,569,3261.3057,411.65,3671.4124,1063.7748,cam_3_1690328141_18-35-41.jpg
569,574,2374.2368,272.6912,2767.9717,564.069,cam_3_1690328141_18-35-41.jpg
570,560,2045.6377,543.4234,2557.0476,902.1803,cam_3_1690328216_18-36-56.jpg
570,178,1317.493,350.81433,1621.7751,529.8546,cam_3_1690328216_18-36-56.jpg
570,401,1652.9009,455.1983,2052.657,694.78656,cam_3_1690328216_18-36-56.jpg
570,566,1735.4104,484.3293,2161.0596,738.74304,cam_3_1690328216_18-36-56.jpg
570,573,2089.4585,207.45427,2437.5347,441.66312,cam_3_1690328216_18-36-56.jpg
570,521,1825.0787,525.6217,2338.3809,829.08136,cam_3_1690328216_18-36-56.jpg
570,529,1378.3568,377.40994,1737.3699,569.47485,cam_3_1690328216_18-36-56.jpg
570,532,1494.9697,401.40494,1797.3857,601.402,cam_3_1690328216_18-36-56.jpg
570,581,398.53537,337.22116,850.86707,597.0024,cam_3_1690328216_18-36-56.jpg
570,569,3276.8818,418.87692,3669.4636,1053.6913,cam_3_1690328216_18-36-56.jpg
570,563,2230.5906,260.73697,2599.7478,525.5502,cam_3_1690328216_18-36-56.jpg
570,390,1776.9641,357.4184,2088.3525,478.22775,cam_3_1690328216_18-36-56.jpg
571,560,2045.1558,543.2584,2558.2603,902.80994,cam_3_1690328231_18-37-11.jpg
571,178,1316.8884,350.03247,1618.5614,531.4544,cam_3_1690328231_18-37-11.jpg
571,401,1652.5503,455.36578,2050.5889,697.3515,cam_3_1690328231_18-37-11.jpg
571,566,1738.2654,486.17798,2164.5938,739.0349,cam_3_1690328231_18-37-11.jpg
571,521,1825.9843,521.358,2326.4033,828.8979,cam_3_1690328231_18-37-11.jpg
571,529,1380.7753,379.17566,1730.4974,569.5265,cam_3_1690328231_18-37-11.jpg
571,532,1493.9852,404.3289,1786.2211,600.38324,cam_3_1690328231_18-37-11.jpg
571,581,462.1385,353.37927,787.5754,634.0808,cam_3_1690328231_18-37-11.jpg
571,569,3269.998,404.98804,3852.3801,1067.4733,cam_3_1690328231_18-37-11.jpg
571,589,942.69476,340.19406,1229.7697,660.35626,cam_3_1690328231_18-37-11.jpg
571,591,1300.218,180.9058,1585.5573,368.65976,cam_3_1690328231_18-37-11.jpg
571,563,2226.0354,255.75883,2579.6604,517.7584,cam_3_1690328231_18-37-11.jpg
571,587,1937.6676,214.93869,2243.6458,423.05066,cam_3_1690328231_18-37-11.jpg
572,560,2044.702,543.013,2558.4734,901.0424,cam_3_1690328246_18-37-26.jpg
572,178,1317.2355,350.744,1627.1293,533.0421,cam_3_1690328246_18-37-26.jpg
572,401,1649.8579,453.40277,2070.763,698.4383,cam_3_1690328246_18-37-26.jpg
572,566,1737.8254,479.25516,2161.3188,740.8958,cam_3_1690328246_18-37-26.jpg
572,521,1825.9982,526.5761,2336.0361,827.5293,cam_3_1690328246_18-37-26.jpg
572,529,1384.8394,380.79306,1725.1483,570.5903,cam_3_1690328246_18-37-26.jpg
572,532,1492.9622,401.73193,1795.4672,602.9848,cam_3_1690328246_18-37-26.jpg
572,581,458.3848,365.8479,747.9324,660.6788,cam_3_1690328246_18-37-26.jpg
572,569,3300.1997,398.59662,3924.4856,1098.4027,cam_3_1690328246_18-37-26.jpg
572,591,1289.9952,180.51416,1583.6526,376.38943,cam_3_1690328246_18-37-26.jpg
572,563,2185.8047,338.13712,2571.163,538.1874,cam_3_1690328246_18-37-26.jpg
572,592,3259.0676,362.71912,3825.5737,780.0965,cam_3_1690328246_18-37-26.jpg
572,522,443.10623,432.3812,1032.4453,830.0361,cam_3_1690328246_18-37-26.jpg
572,390,1786.2302,361.95236,2129.5745,482.55603,cam_3_1690328246_18-37-26.jpg
573,560,2043.253,542.45166,2559.8132,901.6055,cam_3_1690328321_18-38-41.jpg
573,178,1318.1189,349.79498,1635.8856,534.9414,cam_3_1690328321_18-38-41.jpg
573,401,1652.9484,445.9281,2054.7397,695.0971,cam_3_1690328321_18-38-41.jpg
573,566,1734.8922,475.28033,2163.4998,742.03876,cam_3_1690328321_18-38-41.jpg
573,521,1823.5857,527.13104,2327.5576,828.5239,cam_3_1690328321_18-38-41.jpg
573,529,1385.1841,379.80264,1730.7509,571.0695,cam_3_1690328321_18-38-41.jpg
573,532,1495.8958,401.06317,1797.9331,601.7104,cam_3_1690328321_18-38-41.jpg
573,581,457.86618,365.99713,753.023,674.7811,cam_3_1690328321_18-38-41.jpg
573,569,3249.3213,363.81903,4023.883,984.4531,cam_3_1690328321_18-38-41.jpg
573,591,1187.1472,196.21306,1500.6537,398.8681,cam_3_1690328321_18-38-41.jpg
573,563,2162.9893,384.7407,2561.4338,564.3917,cam_3_1690328321_18-38-41.jpg
573,522,456.93488,416.51233,1010.2572,816.75354,cam_3_1690328321_18-38-41.jpg
573,580,1597.9132,180.58755,1915.2843,326.7671,cam_3_1690328321_18-38-41.jpg
574,560,2044.2915,543.77264,2556.7393,902.55457,cam_3_1690328441_18-40-41.jpg
574,178,1316.9022,351.40204,1620.3276,536.50616,cam_3_1690328441_18-40-41.jpg
574,401,1583.263,378.9474,2031.5627,696.60516,cam_3_1690328441_18-40-41.jpg
574,566,1735.6318,471.21295,2149.3481,742.8978,cam_3_1690328441_18-40-41.jpg
574,521,1822.1874,527.25397,2325.54,831.5048,cam_3_1690328441_18-40-41.jpg
574,581,428.3248,364.47775,814.39075,618.77057,cam_3_1690328441_18-40-41.jpg
574,591,1049.4609,215.9096,1410.0684,432.47495,cam_3_1690328441_18-40-41.jpg
574,563,2141.3804,400.48434,2560.5847,568.0449,cam_3_1690328441_18-40-41.jpg
574,522,351.4574,414.93402,1006.6029,803.6735,cam_3_1690328441_18-40-41.jpg
574,378,566.5983,816.5711,1485.846,1461.41,cam_3_1690328441_18-40-41.jpg
574,519,551.8435,1049.3466,1767.353,1761.2826,cam_3_1690328441_18-40-41.jpg
575,560,2043.3336,544.91064,2560.6917,904.3784,cam_3_1690328546_18-42-26.jpg
575,178,1318.0643,348.5142,1622.3577,533.6608,cam_3_1690328546_18-42-26.jpg
575,401,1547.2098,353.00977,2020.8517,700.16437,cam_3_1690328546_18-42-26.jpg
575,566,1730.6492,483.12097,2089.3403,741.86176,cam_3_1690328546_18-42-26.jpg
575,521,1822.4077,530.64636,2316.7493,830.86646,cam_3_1690328546_18-42-26.jpg
575,581,418.13702,366.57608,841.21204,611.5669,cam_3_1690328546_18-42-26.jpg
575,563,2124.5254,407.48578,2562.196,571.4099,cam_3_1690328546_18-42-26.jpg
575,522,367.69498,411.19977,1006.7862,794.4788,cam_3_1690328546_18-42-26.jpg
575,378,546.09045,793.2702,1428.6986,1445.3081,cam_3_1690328546_18-42-26.jpg
575,519,563.834,974.98706,1660.2769,1602.8141,cam_3_1690328546_18-42-26.jpg
576,560,2043.2714,544.82666,2560.6606,903.4108,cam_3_1690328591_18-43-11.jpg
576,178,1316.2566,350.9276,1604.8032,538.681,cam_3_1690328591_18-43-11.jpg
576,401,1480.8514,350.40744,2004.4839,729.01746,cam_3_1690328591_18-43-11.jpg
576,566,1725.3643,485.99374,2072.6948,741.5677,cam_3_1690328591_18-43-11.jpg
576,521,1823.1829,520.5824,2337.184,829.03894,cam_3_1690328591_18-43-11.jpg
576,581,396.37958,360.8477,859.9866,613.09863,cam_3_1690328591_18-43-11.jpg
576,563,2110.0752,407.0866,2563.7976,565.09357,cam_3_1690328591_18-43-11.jpg
576,522,419.59995,411.70258,1003.2404,803.6803,cam_3_1690328591_18-43-11.jpg
576,378,540.2731,789.04913,1407.759,1448.5366,cam_3_1690328591_18-43-11.jpg
576,519,551.5415,949.71045,1600.224,1567.1246,cam_3_1690328591_18-43-11.jpg
577,560,2043.9723,542.091,2566.6035,904.9156,cam_3_1690328681_18-44-41.jpg
577,178,1317.6442,349.813,1624.326,534.18835,cam_3_1690328681_18-44-41.jpg
577,566,1726.4323,477.38382,2138.0117,740.2174,cam_3_1690328681_18-44-41.jpg
577,521,1824.5192,515.8395,2343.733,830.2106,cam_3_1690328681_18-44-41.jpg
577,581,408.89166,368.84,865.2901,652.0519,cam_3_1690328681_18-44-41.jpg
577,563,2150.662,407.94986,2563.8208,564.3056,cam_3_1690328681_18-44-41.jpg
577,522,446.70944,413.46985,999.5358,813.6298,cam_3_1690328681_18-44-41.jpg
577,378,435.26807,763.3636,1407.8906,1367.6584,cam_3_1690328681_18-44-41.jpg
577,519,608.5763,925.7038,1582.1765,1578.987,cam_3_1690328681_18-44-41.jpg
577,532,1492.6754,400.7413,1809.823,598.3602,cam_3_1690328681_18-44-41.jpg
578,560,2042.8451,540.3183,2569.9001,904.9835,cam_3_1690328696_18-44-56.jpg
578,178,1315.7828,349.5058,1628.3082,531.6024,cam_3_1690328696_18-44-56.jpg
578,566,1727.5732,478.1497,2135.0896,739.65894,cam_3_1690328696_18-44-56.jpg
578,521,1822.3865,516.6311,2346.0718,830.6191,cam_3_1690328696_18-44-56.jpg
578,581,413.16632,371.45673,870.76447,612.2297,cam_3_1690328696_18-44-56.jpg
578,563,2170.496,408.28894,2562.5938,562.1625,cam_3_1690328696_18-44-56.jpg
578,522,385.11243,414.15533,1010.55493,798.76794,cam_3_1690328696_18-44-56.jpg
578,378,535.2878,747.86005,1412.6912,1417.8479,cam_3_1690328696_18-44-56.jpg
578,519,490.89902,920.7834,1608.9785,1543.5833,cam_3_1690328696_18-44-56.jpg
578,596,2630.7405,620.46484,3730.7192,1200.9825,cam_3_1690328696_18-44-56.jpg
578,597,1376.4985,374.44717,1725.4376,569.9492,cam_3_1690328696_18-44-56.jpg
578,532,1492.2075,401.27386,1805.2949,599.0674,cam_3_1690328696_18-44-56.jpg
578,390,1778.7866,339.8898,2035.9113,476.63254,cam_3_1690328696_18-44-56.jpg
579,560,2042.6823,541.242,2561.0303,903.4901,cam_3_1690328756_18-45-56.jpg
579,178,1319.0209,346.7675,1642.7723,532.04065,cam_3_1690328756_18-45-56.jpg
579,566,1731.0024,477.10486,2149.476,738.2199,cam_3_1690328756_18-45-56.jpg
579,521,1830.3641,510.27902,2355.764,829.3285,cam_3_1690328756_18-45-56.jpg
579,581,417.7883,375.07034,867.7517,658.06604,cam_3_1690328756_18-45-56.jpg
579,563,2172.1191,408.6173,2565.3213,561.6132,cam_3_1690328756_18-45-56.jpg
579,522,409.1973,418.39413,1010.2799,803.8325,cam_3_1690328756_18-45-56.jpg
579,378,576.1635,741.0168,1403.2571,1364.72,cam_3_1690328756_18-45-56.jpg
579,519,547.1497,903.52655,1514.5833,1499.826,cam_3_1690328756_18-45-56.jpg
579,597,1378.339,374.84393,1731.4149,572.96936,cam_3_1690328756_18-45-56.jpg
579,532,1499.0653,401.275,1802.6324,598.7409,cam_3_1690328756_18-45-56.jpg
579,390,1749.4951,333.76956,2021.8335,474.8169,cam_3_1690328756_18-45-56.jpg
580,560,2043.2992,543.8561,2564.5073,902.7445,cam_3_1690328861_18-47-41.jpg
580,178,1319.5831,347.8375,1647.2416,533.17914,cam_3_1690328861_18-47-41.jpg
580,566,1731.2635,474.45486,2157.8772,739.54236,cam_3_1690328861_18-47-41.jpg
580,521,1831.9044,515.77893,2357.2244,830.34436,cam_3_1690328861_18-47-41.jpg
580,581,426.95795,395.5485,880.4585,729.0809,cam_3_1690328861_18-47-41.jpg
580,563,2166.5134,408.14014,2565.0483,559.10846,cam_3_1690328861_18-47-41.jpg
580,522,565.8014,401.43112,1050.2152,783.2119,cam_3_1690328861_18-47-41.jpg
580,378,560.8826,740.8817,1393.732,1339.1519,cam_3_1690328861_18-47-41.jpg
580,519,557.1865,896.2723,1484.3973,1474.9208,cam_3_1690328861_18-47-41.jpg
580,597,1380.1809,374.4847,1727.8114,571.7519,cam_3_1690328861_18-47-41.jpg
580,532,1496.5782,399.15063,1796.5015,599.48413,cam_3_1690328861_18-47-41.jpg
580,390,1746.1602,332.8971,2018.7206,470.62183,cam_3_1690328861_18-47-41.jpg
580,599,1364.632,1425.8191,2527.527,2762.696,cam_3_1690328861_18-47-41.jpg
580,600,404.83984,348.02032,790.009,593.9266,cam_3_1690328861_18-47-41.jpg
581,560,2030.0798,563.4145,2544.647,905.2725,cam_3_1690328966_18-49-26.jpg
581,178,1317.3062,345.7958,1624.5973,532.86975,cam_3_1690328966_18-49-26.jpg
581,521,1790.3485,425.11923,2412.8982,825.6508,cam_3_1690328966_18-49-26.jpg
581,581,435.76245,398.69525,889.926,743.5808,cam_3_1690328966_18-49-26.jpg
581,522,475.7075,426.93134,1025.9404,821.2581,cam_3_1690328966_18-49-26.jpg
581,378,515.463,733.22186,1394.0967,1368.884,cam_3_1690328966_18-49-26.jpg
581,519,541.45276,891.5322,1488.2115,1476.4681,cam_3_1690328966_18-49-26.jpg
581,597,1355.1757,363.97522,1690.1455,562.9356,cam_3_1690328966_18-49-26.jpg
581,599,734.97437,1417.875,2389.1418,2541.9065,cam_3_1690328966_18-49-26.jpg
581,600,407.9327,349.60437,792.42487,620.79224,cam_3_1690328966_18-49-26.jpg
581,401,1455.5029,346.5172,1870.1041,752.04004,cam_3_1690328966_18-49-26.jpg
582,560,2029.1492,556.99756,2557.888,905.57916,cam_3_1690329071_18-51-11.jpg
582,521,1754.1077,404.0549,2433.0933,826.1725,cam_3_1690329071_18-51-11.jpg
582,522,448.5092,433.52225,1019.8948,806.62366,cam_3_1690329071_18-51-11.jpg
582,378,546.92444,725.3986,1377.6649,1363.084,cam_3_1690329071_18-51-11.jpg
582,519,484.74646,896.24457,1473.9988,1476.4812,cam_3_1690329071_18-51-11.jpg
582,597,1282.9553,319.19452,1664.4662,599.3195,cam_3_1690329071_18-51-11.jpg
582,599,685.7265,1413.6573,2352.5576,2524.5188,cam_3_1690329071_18-51-11.jpg
582,600,344.93677,356.74948,858.11725,580.49133,cam_3_1690329071_18-51-11.jpg
582,532,1498.9944,406.72556,1837.9629,602.68274,cam_3_1690329071_18-51-11.jpg
583,560,2027.0516,554.53046,2555.1484,906.7063,cam_3_1690329101_18-51-41.jpg
583,521,1736.7482,394.76648,2441.9478,825.5848,cam_3_1690329101_18-51-41.jpg
583,522,438.8654,437.82248,1014.06305,826.20746,cam_3_1690329101_18-51-41.jpg
583,378,580.74664,724.3874,1359.1788,1356.5704,cam_3_1690329101_18-51-41.jpg
583,519,439.8318,874.92017,1497.9398,1449.3181,cam_3_1690329101_18-51-41.jpg
583,597,1263.3905,305.30832,1654.8739,612.1252,cam_3_1690329101_18-51-41.jpg
583,599,732.54517,1382.6403,2373.075,2557.352,cam_3_1690329101_18-51-41.jpg
583,600,387.5717,381.96857,869.1491,639.1841,cam_3_1690329101_18-51-41.jpg
583,532,1499.9786,407.1548,1851.7593,603.37695,cam_3_1690329101_18-51-41.jpg
583,581,432.5667,414.1477,900.5032,750.2661,cam_3_1690329101_18-51-41.jpg
584,560,2028.8379,556.20013,2556.6008,906.1686,cam_3_1690329146_18-52-26.jpg
584,521,1752.4343,382.33908,2436.5593,818.6901,cam_3_1690329146_18-52-26.jpg
584,522,416.6736,435.30856,1021.37024,794.89056,cam_3_1690329146_18-52-26.jpg
584,378,460.93488,727.16046,1362.9371,1349.6434,cam_3_1690329146_18-52-26.jpg
584,519,379.97104,864.84015,1510.6442,1443.2394,cam_3_1690329146_18-52-26.jpg
584,597,1259.7561,300.97125,1633.5476,616.6653,cam_3_1690329146_18-52-26.jpg
584,599,757.25073,1362.8589,2312.6235,2609.304,cam_3_1690329146_18-52-26.jpg
584,532,1499.994,406.92172,1839.58,601.4399,cam_3_1690329146_18-52-26.jpg
584,591,354.08643,361.24356,880.846,555.10364,cam_3_1690329146_18-52-26.jpg
584,563,2225.9116,403.92822,2562.6482,538.28375,cam_3_1690329146_18-52-26.jpg
585,560,2025.5651,549.58856,2562.4617,906.75726,cam_3_1690329266_18-54-26.jpg
585,521,1638.1908,406.42462,2369.9634,866.58386,cam_3_1690329266_18-54-26.jpg
585,522,409.19116,432.19827,998.7547,773.74243,cam_3_1690329266_18-54-26.jpg
585,378,475.0315,718.1689,1384.703,1232.1738,cam_3_1690329266_18-54-26.jpg
585,519,415.76602,828.28796,1557.5074,1411.6641,cam_3_1690329266_18-54-26.jpg
585,597,1250.612,298.58447,1659.7449,620.8477,cam_3_1690329266_18-54-26.jpg
585,599,562.27747,1282.881,2111.774,2259.528,cam_3_1690329266_18-54-26.jpg
585,532,1500.0514,411.3492,1842.7262,603.4698,cam_3_1690329266_18-54-26.jpg
585,563,2216.897,407.54947,2560.9824,547.2474,cam_3_1690329266_18-54-26.jpg
585,390,1731.4794,334.99277,2017.1373,446.69733,cam_3_1690329266_18-54-26.jpg
585,600,405.03186,384.7396,897.5084,707.73724,cam_3_1690329266_18-54-26.jpg
586,560,2026.0717,545.35315,2570.6262,906.11035,cam_3_1690329356_18-55-56.jpg
586,521,1627.6965,416.16266,2177.0847,755.3799,cam_3_1690329356_18-55-56.jpg
586,522,390.97058,429.8351,997.92004,763.58435,cam_3_1690329356_18-55-56.jpg
586,378,553.93115,711.461,1380.3776,1315.8287,cam_3_1690329356_18-55-56.jpg
586,519,506.42038,801.54803,1538.6375,1507.7687,cam_3_1690329356_18-55-56.jpg
586,597,1199.0292,300.49084,1662.1748,635.58185,cam_3_1690329356_18-55-56.jpg
586,599,510.45364,1270.5673,2039.2219,2135.5527,cam_3_1690329356_18-55-56.jpg
586,532,1498.1434,412.37186,1802.0515,599.9489,cam_3_1690329356_18-55-56.jpg
586,563,2176.4302,411.24292,2565.1982,568.3019,cam_3_1690329356_18-55-56.jpg
586,390,1725.6024,333.38037,2013.1422,452.08984,cam_3_1690329356_18-55-56.jpg
586,600,381.7477,382.74368,893.4729,701.9061,cam_3_1690329356_18-55-56.jpg
586,596,2640.1895,576.4241,3781.1802,1194.1482,cam_3_1690329356_18-55-56.jpg
586,566,1734.5382,469.3428,2211.8218,754.7471,cam_3_1690329356_18-55-56.jpg
587,560,2026.8995,543.9892,2573.6174,905.36334,cam_3_1690329371_18-56-11.jpg
587,521,1623.0388,421.88907,2094.45,706.6077,cam_3_1690329371_18-56-11.jpg
587,522,389.8222,426.86227,995.9224,762.0447,cam_3_1690329371_18-56-11.jpg
587,378,591.34625,709.06177,1383.3821,1337.5709,cam_3_1690329371_18-56-11.jpg
587,519,550.407,796.45593,1514.1108,1588.0859,cam_3_1690329371_18-56-11.jpg
587,597,1182.955,303.4257,1647.7814,640.10345,cam_3_1690329371_18-56-11.jpg
587,599,631.3373,1256.7378,1984.2329,2090.16,cam_3_1690329371_18-56-11.jpg
587,532,1498.2224,414.1647,1793.8142,598.8663,cam_3_1690329371_18-56-11.jpg
587,563,2157.396,411.60815,2565.0662,574.6687,cam_3_1690329371_18-56-11.jpg
587,390,1718.1405,331.5474,2014.9452,449.07733,cam_3_1690329371_18-56-11.jpg
587,600,370.35098,397.2101,907.3624,703.80115,cam_3_1690329371_18-56-11.jpg
587,596,2631.5981,573.35583,3775.938,1194.5123,cam_3_1690329371_18-56-11.jpg
587,566,1732.8165,469.90756,2213.4702,756.2362,cam_3_1690329371_18-56-11.jpg
588,560,2028.5793,543.64465,2567.2024,904.83075,cam_3_1690329416_18-56-56.jpg
588,521,1623.6923,426.64377,2061.0107,692.9855,cam_3_1690329416_18-56-56.jpg
588,522,414.25107,426.5215,989.9834,786.1783,cam_3_1690329416_18-56-56.jpg
588,378,502.73587,678.3689,1418.1008,1249.6667,cam_3_1690329416_18-56-56.jpg
588,519,601.4233,804.8531,1518.7717,1647.1844,cam_3_1690329416_18-56-56.jpg
588,597,1126.6882,306.91425,1610.208,644.0756,cam_3_1690329416_18-56-56.jpg
588,599,633.66364,1170.828,1826.1139,1961.837,cam_3_1690329416_18-56-56.jpg
588,532,1494.3881,412.70212,1786.1101,596.21796,cam_3_1690329416_18-56-56.jpg
588,563,2157.749,410.65167,2565.643,576.9434,cam_3_1690329416_18-56-56.jpg
588,390,1722.8497,330.9698,2017.4324,454.05038,cam_3_1690329416_18-56-56.jpg
588,600,399.02197,396.78046,907.1373,724.40674,cam_3_1690329416_18-56-56.jpg
588,566,1731.0471,465.6899,2211.3772,755.6874,cam_3_1690329416_18-56-56.jpg
589,560,2028.3777,544.4569,2564.554,904.45935,cam_3_1690329431_18-57-11.jpg
589,521,1624.9476,432.13123,2055.4072,690.11816,cam_3_1690329431_18-57-11.jpg
589,522,375.8589,426.3681,989.0047,769.8447,cam_3_1690329431_18-57-11.jpg
589,378,506.9906,677.9292,1440.4818,1230.0801,cam_3_1690329431_18-57-11.jpg
589,519,507.43933,793.2657,1528.2507,1598.0463,cam_3_1690329431_18-57-11.jpg
589,597,1105.2472,307.2103,1560.2318,647.2543,cam_3_1690329431_18-57-11.jpg
589,599,661.16974,1142.586,1831.8823,1908.3953,cam_3_1690329431_18-57-11.jpg
589,532,1496.0311,414.8278,1793.774,598.0866,cam_3_1690329431_18-57-11.jpg
589,563,2152.9292,410.166,2566.001,579.90216,cam_3_1690329431_18-57-11.jpg
589,390,1712.9717,327.83414,2020.4136,445.3656,cam_3_1690329431_18-57-11.jpg
589,566,1731.3619,462.06454,2203.4958,755.3897,cam_3_1690329431_18-57-11.jpg
589,602,1335.2018,1239.4963,2897.5671,2701.6733,cam_3_1690329431_18-57-11.jpg
589,178,1411.2279,381.3732,1710.1606,559.4512,cam_3_1690329431_18-57-11.jpg
590,560,2029.1663,548.1583,2567.2007,904.36914,cam_3_1690329461_18-57-41.jpg
590,521,1625.5839,427.50565,2047.305,690.9317,cam_3_1690329461_18-57-41.jpg
590,522,396.74844,430.0548,986.0886,764.62885,cam_3_1690329461_18-57-41.jpg
590,378,422.0515,702.44,1363.91,1338.1646,cam_3_1690329461_18-57-41.jpg
590,519,582.94446,793.1243,1506.6873,1649.2245,cam_3_1690329461_18-57-41.jpg
590,597,1062.2805,325.95255,1505.9686,645.2319,cam_3_1690329461_18-57-41.jpg
590,599,653.6044,1138.5911,1799.316,1910.3145,cam_3_1690329461_18-57-41.jpg
590,532,1497.5033,416.4163,1780.8958,596.2802,cam_3_1690329461_18-57-41.jpg
590,563,2156.8882,408.44095,2565.901,575.1877,cam_3_1690329461_18-57-41.jpg
590,390,1713.2899,326.4849,2016.2473,450.68256,cam_3_1690329461_18-57-41.jpg
590,566,1731.9525,458.3329,2207.6184,754.6963,cam_3_1690329461_18-57-41.jpg
590,602,907.8717,1340.1903,2387.0063,2425.534,cam_3_1690329461_18-57-41.jpg
590,600,342.22885,384.86395,907.7082,627.2301,cam_3_1690329461_18-57-41.jpg
591,560,2028.4802,545.8004,2563.284,904.4126,cam_3_1690329476_18-57-56.jpg
591,521,1626.4625,425.13394,2048.0503,690.8714,cam_3_1690329476_18-57-56.jpg
591,522,381.0598,431.3966,989.6305,761.5704,cam_3_1690329476_18-57-56.jpg
591,519,482.55206,780.0866,1541.659,1540.6909,cam_3_1690329476_18-57-56.jpg
591,597,1025.9437,336.07584,1491.6809,647.3235,cam_3_1690329476_18-57-56.jpg
591,599,491.47305,1125.1915,1804.5559,1723.0403,cam_3_1690329476_18-57-56.jpg
591,532,1494.8053,419.8493,1779.0603,597.9441,cam_3_1690329476_18-57-56.jpg
591,563,2155.7935,408.2102,2565.5183,574.2807,cam_3_1690329476_18-57-56.jpg
591,390,1712.8362,327.68393,2013.7692,455.3712,cam_3_1690329476_18-57-56.jpg
591,566,1731.3573,458.06833,2211.6492,754.8856,cam_3_1690329476_18-57-56.jpg
591,602,526.8656,1363.2396,2245.5347,2344.4563,cam_3_1690329476_18-57-56.jpg
592,560,2027.3668,545.09937,2570.316,904.7724,cam_3_1690329626_19-00-26.jpg
592,521,1626.8586,430.72366,2045.6177,686.0599,cam_3_1690329626_19-00-26.jpg
592,522,372.26883,427.9914,989.1148,759.7474,cam_3_1690329626_19-00-26.jpg
592,519,456.90015,789.39935,1529.872,1552.3105,cam_3_1690329626_19-00-26.jpg
592,532,1494.1647,422.41556,1780.2836,599.1739,cam_3_1690329626_19-00-26.jpg
592,563,2158.8472,412.09943,2565.685,576.58496,cam_3_1690329626_19-00-26.jpg
592,390,1712.5775,328.7056,2017.5587,459.06427,cam_3_1690329626_19-00-26.jpg
592,566,1732.8584,462.3068,2213.6907,754.4564,cam_3_1690329626_19-00-26.jpg
592,602,620.21655,1291.2161,2210.404,2675.6025,cam_3_1690329626_19-00-26.jpg
592,596,2703.356,549.07983,3808.858,1114.3447,cam_3_1690329626_19-00-26.jpg
592,178,1331.377,353.82126,1628.8899,542.4698,cam_3_1690329626_19-00-26.jpg
592,378,620.05914,721.2416,1334.3619,1300.1509,cam_3_1690329626_19-00-26.jpg
593,560,2028.4136,543.8233,2567.371,905.6465,cam_3_1690329641_19-00-41.jpg
593,521,1629.0356,433.86008,2049.381,690.9502,cam_3_1690329641_19-00-41.jpg
593,522,395.5712,430.63678,982.62177,759.3253,cam_3_1690329641_19-00-41.jpg
593,519,499.7536,788.51917,1531.4214,1538.7552,cam_3_1690329641_19-00-41.jpg
593,532,1493.1713,423.1514,1777.0525,598.0614,cam_3_1690329641_19-00-41.jpg
593,563,2160.5935,413.70773,2564.995,576.0007,cam_3_1690329641_19-00-41.jpg
593,390,1712.2213,326.85764,2016.8975,457.27295,cam_3_1690329641_19-00-41.jpg
593,566,1736.0516,463.79056,2212.1643,755.7081,cam_3_1690329641_19-00-41.jpg
593,602,731.7494,1277.0405,2208.7878,2754.7083,cam_3_1690329641_19-00-41.jpg
593,607,799.4186,363.28992,1059.3793,639.6243,cam_3_1690329641_19-00-41.jpg
593,596,2703.9976,546.3077,3790.4875,1111.1237,cam_3_1690329641_19-00-41.jpg
593,178,1320.263,347.8212,1619.8455,538.80853,cam_3_1690329641_19-00-41.jpg
593,378,571.4555,693.80273,1324.1415,1219.8075,cam_3_1690329641_19-00-41.jpg
594,560,2025.6489,545.43365,2558.6685,904.78296,cam_3_1690329701_19-01-41.jpg
594,521,1624.0957,438.5049,2031.9115,687.52936,cam_3_1690329701_19-01-41.jpg
594,522,436.79715,427.87927,949.7012,770.05634,cam_3_1690329701_19-01-41.jpg
594,519,520.51166,768.9476,1547.0691,1517.4698,cam_3_1690329701_19-01-41.jpg
594,532,1497.781,421.93753,1779.5581,598.5788,cam_3_1690329701_19-01-41.jpg
594,563,2165.748,412.4113,2566.7766,570.8812,cam_3_1690329701_19-01-41.jpg
594,390,1712.9427,328.8299,2017.2656,455.60773,cam_3_1690329701_19-01-41.jpg
594,566,1731.6239,468.24496,2219.7185,754.83923,cam_3_1690329701_19-01-41.jpg
594,602,855.8857,1305.2584,2286.5774,2796.4077,cam_3_1690329701_19-01-41.jpg
594,378,574.70154,682.66815,1330.7634,1230.9077,cam_3_1690329701_19-01-41.jpg
594,401,1227.9303,286.31317,1624.0657,630.8808,cam_3_1690329701_19-01-41.jpg
594,581,458.03775,467.22385,998.5306,838.931,cam_3_1690329701_19-01-41.jpg
595,560,2026.5155,545.7897,2557.9888,899.2238,cam_3_1690329821_19-03-41.jpg
595,521,1626.2626,429.1692,2046.0575,688.8903,cam_3_1690329821_19-03-41.jpg
595,519,581.0109,793.4228,1542.6414,1599.9486,cam_3_1690329821_19-03-41.jpg
595,532,1508.6764,421.08237,1778.3855,598.2175,cam_3_1690329821_19-03-41.jpg
595,563,2153.1707,410.07605,2564.5818,571.50433,cam_3_1690329821_19-03-41.jpg
595,390,1714.4489,324.70297,2012.9539,448.25293,cam_3_1690329821_19-03-41.jpg
595,566,1731.0659,465.2618,2209.45,754.72217,cam_3_1690329821_19-03-41.jpg
595,602,717.1307,1155.824,2010.5652,2496.7463,cam_3_1690329821_19-03-41.jpg
595,378,477.26303,669.3442,1297.7363,1197.0233,cam_3_1690329821_19-03-41.jpg
595,401,1183.3136,294.4958,1663.2559,635.6023,cam_3_1690329821_19-03-41.jpg
595,581,480.43033,452.27332,974.9743,864.8636,cam_3_1690329821_19-03-41.jpg
596,560,2023.581,545.0931,2570.8147,901.85626,cam_3_1690330031_19-07-11.jpg
596,521,1627.548,427.32782,2045.5573,690.9037,cam_3_1690330031_19-07-11.jpg
596,519,623.69806,777.6565,1443.4579,1592.6746,cam_3_1690330031_19-07-11.jpg
596,532,1509.6827,421.03345,1775.5654,594.526,cam_3_1690330031_19-07-11.jpg
596,563,2160.5679,411.25714,2566.833,570.5617,cam_3_1690330031_19-07-11.jpg
596,390,1712.5205,321.26663,2009.6749,449.1993,cam_3_1690330031_19-07-11.jpg
596,566,1729.7654,461.4255,2207.5645,754.3471,cam_3_1690330031_19-07-11.jpg
596,602,748.24335,1100.219,2030.8658,2342.5889,cam_3_1690330031_19-07-11.jpg
596,378,416.99173,680.8207,1321.3298,1148.4894,cam_3_1690330031_19-07-11.jpg
596,401,1173.8971,297.2318,1602.4161,634.0471,cam_3_1690330031_19-07-11.jpg
596,581,376.012,544.18427,1107.0305,930.1922,cam_3_1690330031_19-07-11.jpg
596,599,600.88074,860.30774,1647.8086,1685.4767,cam_3_1690330031_19-07-11.jpg
596,522,390.17694,446.30392,986.8754,726.69763,cam_3_1690330031_19-07-11.jpg
597,560,2025.3877,543.57745,2564.575,904.67566,cam_3_1690330166_19-09-26.jpg
597,521,1628.39,426.98096,2042.7776,690.25,cam_3_1690330166_19-09-26.jpg
597,519,629.01013,779.70087,1408.3575,1595.6581,cam_3_1690330166_19-09-26.jpg
597,532,1513.5776,419.81543,1774.4292,595.9099,cam_3_1690330166_19-09-26.jpg
597,563,2156.4946,410.05096,2567.4783,570.35785,cam_3_1690330166_19-09-26.jpg
597,390,1720.28,317.36438,2014.5144,446.08456,cam_3_1690330166_19-09-26.jpg
597,566,1728.4193,457.89175,2203.0479,755.0548,cam_3_1690330166_19-09-26.jpg
597,602,516.0461,1124.3019,2028.0054,2249.2114,cam_3_1690330166_19-09-26.jpg
597,378,393.88312,692.658,1329.2162,1157.8844,cam_3_1690330166_19-09-26.jpg
597,401,1160.6403,300.63318,1588.7318,632.35706,cam_3_1690330166_19-09-26.jpg
597,581,332.41098,586.8206,1158.3075,950.48926,cam_3_1690330166_19-09-26.jpg
597,599,623.4243,840.69257,1640.1,1727.8832,cam_3_1690330166_19-09-26.jpg
597,522,379.17435,452.52383,1002.5639,747.08325,cam_3_1690330166_19-09-26.jpg
598,560,2024.1898,544.40814,2559.9263,905.4575,cam_3_1690330211_19-10-11.jpg
598,521,1628.7247,421.6503,2050.897,689.36017,cam_3_1690330211_19-10-11.jpg
598,519,418.4371,778.18585,1422.029,1491.2825,cam_3_1690330211_19-10-11.jpg
598,532,1508.9897,418.28802,1776.4872,597.8395,cam_3_1690330211_19-10-11.jpg
598,563,2171.989,409.94174,2569.8533,566.16003,cam_3_1690330211_19-10-11.jpg
598,390,1723.0812,319.26523,2019.0872,445.49838,cam_3_1690330211_19-10-11.jpg
598,566,1727.1031,463.61356,2212.101,757.17346,cam_3_1690330211_19-10-11.jpg
598,602,543.36615,1114.3336,1950.9822,2246.4243,cam_3_1690330211_19-10-11.jpg
598,378,381.81143,697.02216,1322.6864,1143.0612,cam_3_1690330211_19-10-11.jpg
598,401,1217.5123,291.66318,1679.4918,628.5429,cam_3_1690330211_19-10-11.jpg
598,581,335.25754,600.10706,1180.3596,982.6262,cam_3_1690330211_19-10-11.jpg
598,599,597.2684,842.77606,1619.0406,1750.7389,cam_3_1690330211_19-10-11.jpg
598,522,351.92935,513.3491,1096.786,811.8053,cam_3_1690330211_19-10-11.jpg
598,607,574.6585,455.0662,1064.0573,636.64154,cam_3_1690330211_19-10-11.jpg
599,560,1842.3895,556.45306,2611.93,1092.9624,cam_3_1690330376_19-12-56.jpg
599,521,1627.8489,432.68234,2048.1067,693.3472,cam_3_1690330376_19-12-56.jpg
599,519,649.75793,783.33826,1343.3267,1401.4213,cam_3_1690330376_19-12-56.jpg
599,532,1501.7822,411.38855,1785.8644,600.1324,cam_3_1690330376_19-12-56.jpg
599,563,2166.1333,414.52527,2565.2937,583.26917,cam_3_1690330376_19-12-56.jpg
599,566,1722.0592,462.80774,2211.9727,756.9778,cam_3_1690330376_19-12-56.jpg
599,401,1319.0763,347.65973,1717.1044,589.2559,cam_3_1690330376_19-12-56.jpg
599,581,408.5367,638.5918,1113.5792,997.34326,cam_3_1690330376_19-12-56.jpg
599,522,415.25763,479.56653,1063.5242,851.95605,cam_3_1690330376_19-12-56.jpg
599,600,432.45023,386.26602,877.13184,746.45056,cam_3_1690330376_19-12-56.jpg
599,178,1317.1139,342.71793,1608.7957,533.44366,cam_3_1690330376_19-12-56.jpg
600,560,1941.1816,550.50165,2566.1848,993.17096,cam_3_1690330406_19-13-26.jpg
600,521,1626.9653,434.02682,2056.7378,693.29083,cam_3_1690330406_19-13-26.jpg
600,532,1507.9573,417.338,1804.0153,601.45135,cam_3_1690330406_19-13-26.jpg
600,563,2155.668,413.00266,2567.716,585.5929,cam_3_1690330406_19-13-26.jpg
600,566,1725.9701,468.2442,2212.6853,756.72375,cam_3_1690330406_19-13-26.jpg
600,401,1363.0352,366.8131,1745.2539,571.5197,cam_3_1690330406_19-13-26.jpg
600,581,378.45596,626.0012,1077.8857,907.1656,cam_3_1690330406_19-13-26.jpg
600,522,363.37933,467.21375,1047.1143,825.9926,cam_3_1690330406_19-13-26.jpg
600,617,1915.9706,231.85675,2342.8,463.158,cam_3_1690330406_19-13-26.jpg
600,600,366.54837,384.6846,894.6202,684.9009,cam_3_1690330406_19-13-26.jpg
600,178,1317.0067,340.2038,1615.3439,534.3077,cam_3_1690330406_19-13-26.jpg
600,596,2903.848,553.1854,3633.3535,1265.1843,cam_3_1690330406_19-13-26.jpg
600,378,507.77042,701.7671,1259.5558,1156.4951,cam_3_1690330406_19-13-26.jpg
601,560,1997.6426,546.3787,2546.7104,936.72565,cam_3_1690330451_19-14-11.jpg
601,521,1628.1293,430.9021,2061.4722,693.1554,cam_3_1690330451_19-14-11.jpg
601,532,1500.1506,413.53397,1797.8948,602.88324,cam_3_1690330451_19-14-11.jpg
601,563,2147.6548,410.97775,2570.7312,589.6809,cam_3_1690330451_19-14-11.jpg
601,566,1727.0189,467.23236,2193.038,755.5108,cam_3_1690330451_19-14-11.jpg
601,401,1378.8794,376.4042,1749.1138,571.4332,cam_3_1690330451_19-14-11.jpg
601,581,390.57678,616.2448,1066.7207,874.3867,cam_3_1690330451_19-14-11.jpg
601,522,345.51334,460.17224,1042.6405,784.1249,cam_3_1690330451_19-14-11.jpg
601,617,1929.5858,221.93027,2367.9246,459.8518,cam_3_1690330451_19-14-11.jpg
601,600,358.90924,383.5992,896.1276,642.3676,cam_3_1690330451_19-14-11.jpg
601,178,1317.6268,339.34042,1619.4628,535.10864,cam_3_1690330451_19-14-11.jpg
601,619,1313.6193,1341.5277,2105.1355,2752.745,cam_3_1690330451_19-14-11.jpg
601,596,3057.9446,515.6451,3832.5203,1213.5104,cam_3_1690330451_19-14-11.jpg
601,378,534.08,711.3735,1253.8529,1161.7118,cam_3_1690330451_19-14-11.jpg
602,560,2016.1296,540.0575,2547.6252,916.75433,cam_3_1690330586_19-16-26.jpg
602,521,1628.6598,429.97412,2062.2925,693.0173,cam_3_1690330586_19-16-26.jpg
602,532,1500.4514,410.36066,1793.4077,602.1581,cam_3_1690330586_19-16-26.jpg
602,563,2153.9578,410.61667,2567.234,585.39197,cam_3_1690330586_19-16-26.jpg
602,566,1724.4188,468.4044,2214.0356,756.2381,cam_3_1690330586_19-16-26.jpg
602,401,1387.1764,374.82666,1749.6349,566.9921,cam_3_1690330586_19-16-26.jpg
602,581,466.68637,607.5575,1119.825,856.87805,cam_3_1690330586_19-16-26.jpg
602,522,394.12244,458.19125,1012.9454,832.6336,cam_3_1690330586_19-16-26.jpg
602,617,1933.3566,227.69221,2330.6248,462.26614,cam_3_1690330586_19-16-26.jpg
602,600,343.20398,395.91483,903.20886,666.2751,cam_3_1690330586_19-16-26.jpg
602,178,1318.4971,338.77737,1621.1542,535.8979,cam_3_1690330586_19-16-26.jpg
602,619,1333.1057,1323.6509,2157.74,2734.3652,cam_3_1690330586_19-16-26.jpg
602,378,545.82715,703.9804,1270.8938,1157.5461,cam_3_1690330586_19-16-26.jpg
603,560,2024.1699,540.4011,2529.4097,908.74335,cam_3_1690330676_19-17-56.jpg
603,521,1631.2814,434.65625,2063.41,694.8574,cam_3_1690330676_19-17-56.jpg
603,532,1499.6351,412.42255,1785.9348,600.7161,cam_3_1690330676_19-17-56.jpg
603,563,2152.8743,414.9789,2524.8577,586.58093,cam_3_1690330676_19-17-56.jpg
603,566,1728.377,464.0423,2210.1387,755.139,cam_3_1690330676_19-17-56.jpg
603,401,1388.87,375.65182,1750.6414,568.55505,cam_3_1690330676_19-17-56.jpg
603,581,506.8951,596.3448,1144.9667,960.7342,cam_3_1690330676_19-17-56.jpg
603,522,427.75876,458.33145,997.206,847.707,cam_3_1690330676_19-17-56.jpg
603,617,1957.1681,231.76938,2298.2017,460.8743,cam_3_1690330676_19-17-56.jpg
603,600,331.12735,409.10153,930.12756,680.576,cam_3_1690330676_19-17-56.jpg
603,178,1318.4775,337.08344,1621.7834,536.14655,cam_3_1690330676_19-17-56.jpg
603,619,1340.583,1301.9949,2189.212,2742.3306,cam_3_1690330676_19-17-56.jpg
603,378,536.6255,687.4425,1277.0376,1148.5537,cam_3_1690330676_19-17-56.jpg
603,390,1727.5527,327.0917,2013.8873,465.30215,cam_3_1690330676_19-17-56.jpg
604,560,2014.4945,474.0578,2469.0903,898.97705,cam_3_1690330781_19-19-41.jpg
604,521,1630.7472,444.62244,2054.5413,695.96704,cam_3_1690330781_19-19-41.jpg
604,532,1502.7284,415.2555,1822.6371,602.6839,cam_3_1690330781_19-19-41.jpg
604,566,1727.8099,459.7203,2181.483,757.35315,cam_3_1690330781_19-19-41.jpg
604,401,1388.3671,378.80667,1751.1992,567.3083,cam_3_1690330781_19-19-41.jpg
604,522,440.89856,457.3848,993.39777,850.02136,cam_3_1690330781_19-19-41.jpg
604,617,1956.1014,225.80429,2292.193,463.86206,cam_3_1690330781_19-19-41.jpg
604,600,388.71304,407.7824,905.34686,756.99,cam_3_1690330781_19-19-41.jpg
604,178,1319.5621,341.43262,1629.6526,535.4404,cam_3_1690330781_19-19-41.jpg
604,619,1343.4043,1294.7516,2203.8855,2728.5007,cam_3_1690330781_19-19-41.jpg
604,378,663.6493,644.3338,1367.1854,1123.2184,cam_3_1690330781_19-19-41.jpg
604,621,2400.4722,276.17563,2773.814,589.2159,cam_3_1690330781_19-19-41.jpg
604,597,921.1927,441.59344,1207.8339,689.4234,cam_3_1690330781_19-19-41.jpg
605,560,1937.2805,462.40695,2386.265,927.1882,cam_3_1690330856_19-20-56.jpg
605,521,1629.0624,455.38794,2018.8549,694.17944,cam_3_1690330856_19-20-56.jpg
605,532,1499.7793,419.30737,1829.7864,600.9476,cam_3_1690330856_19-20-56.jpg
605,566,1730.1251,456.15317,2175.46,760.4776,cam_3_1690330856_19-20-56.jpg
605,401,1390.4843,374.9211,1760.6475,567.7295,cam_3_1690330856_19-20-56.jpg
605,617,1973.3284,230.20116,2290.478,471.45746,cam_3_1690330856_19-20-56.jpg
605,178,1318.3718,342.6126,1619.1956,537.9747,cam_3_1690330856_19-20-56.jpg
605,619,1339.8636,1336.2837,2364.5007,2760.888,cam_3_1690330856_19-20-56.jpg
605,621,2361.496,278.80753,2777.2468,599.22894,cam_3_1690330856_19-20-56.jpg
605,602,496.4744,838.8742,1514.5112,1781.472,cam_3_1690330856_19-20-56.jpg
605,599,547.89905,713.7022,1440.957,1493.8986,cam_3_1690330856_19-20-56.jpg
605,581,532.5865,592.85486,1099.134,1124.3608,cam_3_1690330856_19-20-56.jpg
606,560,1904.6095,453.22235,2509.5137,940.2112,cam_3_1690330871_19-21-11.jpg
606,521,1628.0049,466.5235,1996.1807,693.3793,cam_3_1690330871_19-21-11.jpg
606,532,1498.256,418.5733,1850.1261,600.9282,cam_3_1690330871_19-21-11.jpg
606,566,1727.7339,452.2267,2182.6196,761.02264,cam_3_1690330871_19-21-11.jpg
606,401,1394.5149,369.91342,1777.826,567.6168,cam_3_1690330871_19-21-11.jpg
606,617,1975.522,233.26495,2287.387,471.1195,cam_3_1690330871_19-21-11.jpg
606,178,1316.5845,342.04437,1621.6156,538.27954,cam_3_1690330871_19-21-11.jpg
606,619,1362.3859,1369.9631,2421.9548,2740.9258,cam_3_1690330871_19-21-11.jpg
606,621,2410.2163,280.74127,2765.9807,601.41785,cam_3_1690330871_19-21-11.jpg
606,623,1245.8274,215.62148,1384.233,431.04996,cam_3_1690330871_19-21-11.jpg
606,602,448.04108,834.8002,1516.8066,1699.8662,cam_3_1690330871_19-21-11.jpg
606,599,541.20465,713.7717,1426.084,1390.0067,cam_3_1690330871_19-21-11.jpg
606,581,522.32623,596.6903,1087.0221,1167.9426,cam_3_1690330871_19-21-11.jpg
607,560,1806.9924,466.93555,2484.4956,999.78735,cam_3_1690331036_19-23-56.jpg
607,521,1626.2562,458.93997,1998.0938,691.6005,cam_3_1690331036_19-23-56.jpg
607,532,1500.4425,416.09457,1828.7319,601.50555,cam_3_1690331036_19-23-56.jpg
607,566,1728.8239,454.4886,2173.0627,745.6996,cam_3_1690331036_19-23-56.jpg
607,401,1394.1735,371.04883,1769.9427,568.92596,cam_3_1690331036_19-23-56.jpg
607,617,1931.832,232.98141,2275.8975,471.4366,cam_3_1690331036_19-23-56.jpg
607,178,1315.9258,345.41635,1602.1703,538.91705,cam_3_1690331036_19-23-56.jpg
607,621,2369.8667,401.92645,2741.3376,630.8421,cam_3_1690331036_19-23-56.jpg
607,602,505.4809,751.06366,1441.6399,1582.4668,cam_3_1690331036_19-23-56.jpg
607,599,843.8852,733.18427,1724.9122,1333.1405,cam_3_1690331036_19-23-56.jpg
607,581,461.28873,617.1513,1087.5869,1164.9104,cam_3_1690331036_19-23-56.jpg
607,563,2246.42,419.12564,2558.1333,554.23285,cam_3_1690331036_19-23-56.jpg
608,560,1769.5013,479.43942,2323.2456,1040.1703,cam_3_1690331096_19-24-56.jpg
608,521,1628.955,455.79608,2009.7571,690.06866,cam_3_1690331096_19-24-56.jpg
608,532,1498.1105,417.76947,1795.0062,600.36224,cam_3_1690331096_19-24-56.jpg
608,566,1699.5902,455.59995,2166.4756,727.0701,cam_3_1690331096_19-24-56.jpg
608,401,1393.5919,384.4147,1743.3235,571.72345,cam_3_1690331096_19-24-56.jpg
608,617,1926.746,228.50641,2277.4072,468.91074,cam_3_1690331096_19-24-56.jpg
608,178,1316.5574,352.04907,1605.2703,539.43616,cam_3_1690331096_19-24-56.jpg
608,621,2287.9656,437.03918,2726.868,637.26215,cam_3_1690331096_19-24-56.jpg
608,602,612.5962,975.4626,1584.8263,1662.3654,cam_3_1690331096_19-24-56.jpg
608,581,664.2408,633.505,1097.2513,1170.2255,cam_3_1690331096_19-24-56.jpg
608,563,2209.2385,417.99478,2562.0564,574.62256,cam_3_1690331096_19-24-56.jpg
608,378,907.64276,628.50635,1372.847,1095.6138,cam_3_1690331096_19-24-56.jpg
608,619,846.5896,1185.1384,2156.9895,2396.4788,cam_3_1690331096_19-24-56.jpg
609,560,1741.4283,487.9,2339.5562,1068.5833,cam_3_1690331156_19-25-56.jpg
609,521,1627.3394,463.02255,2012.6261,692.7407,cam_3_1690331156_19-25-56.jpg
609,532,1495.5559,420.3268,1809.5469,603.2506,cam_3_1690331156_19-25-56.jpg
609,566,1674.5596,464.18082,2141.9072,711.7103,cam_3_1690331156_19-25-56.jpg
609,401,1392.7811,386.63184,1749.5588,572.5805,cam_3_1690331156_19-25-56.jpg
609,617,1962.1237,227.3342,2282.629,474.08865,cam_3_1690331156_19-25-56.jpg
609,178,1316.1282,359.85873,1605.4238,540.0303,cam_3_1690331156_19-25-56.jpg
609,621,2269.7087,445.81323,2724.6692,639.4237,cam_3_1690331156_19-25-56.jpg
609,563,2208.1753,421.71375,2568.7917,575.35754,cam_3_1690331156_19-25-56.jpg
609,619,729.78345,1015.8541,1909.0883,2199.8591,cam_3_1690331156_19-25-56.jpg
609,519,360.33884,659.4752,1201.043,1088.8517,cam_3_1690331156_19-25-56.jpg
609,522,440.31625,572.0672,1112.522,947.70996,cam_3_1690331156_19-25-56.jpg
610,560,1701.106,541.1686,2105.9702,1071.6561,cam_3_1690331171_19-26-11.jpg
610,521,1627.1133,456.238,2030.7936,690.64905,cam_3_1690331171_19-26-11.jpg
610,532,1498.803,417.85422,1802.5645,601.84393,cam_3_1690331171_19-26-11.jpg
610,566,1743.0918,464.18964,2160.2375,708.5466,cam_3_1690331171_19-26-11.jpg
610,401,1390.1085,385.00146,1741.785,571.15955,cam_3_1690331171_19-26-11.jpg
610,617,1991.5924,226.71321,2282.7017,468.14755,cam_3_1690331171_19-26-11.jpg
610,178,1316.2152,358.43054,1606.8468,538.3953,cam_3_1690331171_19-26-11.jpg
610,621,2254.0845,452.92206,2724.019,641.1137,cam_3_1690331171_19-26-11.jpg
610,563,2164.4465,416.80685,2558.1987,584.006,cam_3_1690331171_19-26-11.jpg
610,619,724.59485,960.37555,1818.7704,2173.5151,cam_3_1690331171_19-26-11.jpg
610,519,392.33923,654.80396,1190.0938,1079.1909,cam_3_1690331171_19-26-11.jpg
610,596,2852.2688,577.64966,3832.1702,1298.0052,cam_3_1690331171_19-26-11.jpg
611,521,1631.7902,447.80142,2060.3005,691.5019,cam_3_1690331471_19-31-11.jpg
611,566,1733.0557,469.1981,2194.5999,740.05676,cam_3_1690331471_19-31-11.jpg
611,401,1334.8525,336.55368,1796.5624,629.18805,cam_3_1690331471_19-31-11.jpg
611,621,2252.1584,444.5702,2719.0815,631.55194,cam_3_1690331471_19-31-11.jpg
611,619,683.282,1018.03564,1898.3381,2274.224,cam_3_1690331471_19-31-11.jpg
611,519,379.80795,617.3929,1206.8298,1064.1018,cam_3_1690331471_19-31-11.jpg
611,600,362.1353,495.69754,1039.3572,712.82275,cam_3_1690331471_19-31-11.jpg
611,602,619.7231,903.01086,1632.523,1932.5586,cam_3_1690331471_19-31-11.jpg
611,522,385.35605,567.15955,1133.3478,875.7433,cam_3_1690331471_19-31-11.jpg
612,521,1631.5669,442.46494,2071.0728,693.2615,cam_3_1690331786_19-36-26.jpg
612,566,1730.3444,470.22604,2193.863,746.01434,cam_3_1690331786_19-36-26.jpg
612,401,1312.5986,319.87744,1813.3267,650.74084,cam_3_1690331786_19-36-26.jpg
612,621,2305.7644,450.6946,2730.726,601.9942,cam_3_1690331786_19-36-26.jpg
612,519,343.7293,604.7139,1220.8707,1038.4199,cam_3_1690331786_19-36-26.jpg
612,600,420.9207,426.4457,897.11365,675.2818,cam_3_1690331786_19-36-26.jpg
612,602,618.5189,869.4095,1656.0232,1753.6755,cam_3_1690331786_19-36-26.jpg
612,522,447.69812,528.26373,1046.0697,841.067,cam_3_1690331786_19-36-26.jpg
612,617,1888.442,340.85583,2268.3877,498.08755,cam_3_1690331786_19-36-26.jpg
613,521,1633.0912,435.7841,2076.9731,693.54236,cam_3_1690331831_19-37-11.jpg
613,566,1729.3756,460.85556,2200.1677,750.853,cam_3_1690331831_19-37-11.jpg
613,401,1304.2406,311.8901,1824.8655,660.0702,cam_3_1690331831_19-37-11.jpg
613,621,2346.2185,447.37784,2732.9343,581.3916,cam_3_1690331831_19-37-11.jpg
613,519,414.6829,601.9789,1221.4062,1102.9819,cam_3_1690331831_19-37-11.jpg
613,600,454.681,412.8324,827.3427,665.26294,cam_3_1690331831_19-37-11.jpg
613,602,602.66815,850.78986,1654.9889,1636.6101,cam_3_1690331831_19-37-11.jpg
613,522,466.09088,523.6851,994.0166,853.4387,cam_3_1690331831_19-37-11.jpg
613,631,2089.7444,529.7888,2940.279,1059.27,cam_3_1690331831_19-37-11.jpg
613,632,1829.2931,478.01593,2350.5742,830.62805,cam_3_1690331831_19-37-11.jpg
613,617,1864.9879,363.6402,2252.978,496.26312,cam_3_1690331831_19-37-11.jpg
614,521,1634.2913,443.74585,2082.6626,693.3543,cam_3_1690331921_19-38-41.jpg
614,566,1729.4233,469.5845,2195.5303,751.228,cam_3_1690331921_19-38-41.jpg
614,401,1311.013,313.45804,1827.4874,663.3378,cam_3_1690331921_19-38-41.jpg
614,621,2315.6543,447.51474,2723.6917,621.6963,cam_3_1690331921_19-38-41.jpg
614,519,349.18024,606.4911,1208.2783,1027.7163,cam_3_1690331921_19-38-41.jpg
614,600,446.62967,390.46512,824.7368,654.4437,cam_3_1690331921_19-38-41.jpg
614,602,597.06036,849.7043,1649.4823,1623.4514,cam_3_1690331921_19-38-41.jpg
614,522,448.90134,520.755,1010.2807,838.45734,cam_3_1690331921_19-38-41.jpg
614,632,1834.9763,488.72382,2376.7295,829.9468,cam_3_1690331921_19-38-41.jpg
614,617,1860.8368,375.74854,2260.6484,500.35382,cam_3_1690331921_19-38-41.jpg
614,581,432.15393,721.75806,1412.8168,1289.2751,cam_3_1690331921_19-38-41.jpg
615,521,1632.6166,442.6274,2088.2114,693.8339,cam_3_1690332101_19-41-41.jpg
615,566,1727.2432,470.58575,2193.1045,750.846,cam_3_1690332101_19-41-41.jpg
615,401,1309.815,310.3347,1819.1526,667.7042,cam_3_1690332101_19-41-41.jpg
615,621,2341.347,448.99713,2726.8958,628.58545,cam_3_1690332101_19-41-41.jpg
615,519,461.38586,617.088,1200.3198,1064.1403,cam_3_1690332101_19-41-41.jpg
615,600,443.34177,379.6547,827.76306,655.64136,cam_3_1690332101_19-41-41.jpg
615,602,566.1552,810.62665,1519.4929,1460.0172,cam_3_1690332101_19-41-41.jpg
615,522,478.47708,521.039,1005.4368,851.3581,cam_3_1690332101_19-41-41.jpg
615,632,1834.2456,490.6838,2385.6924,830.5762,cam_3_1690332101_19-41-41.jpg
615,617,1856.3495,377.85626,2257.8833,500.26862,cam_3_1690332101_19-41-41.jpg
615,633,1706.0886,181.80997,1986.3423,352.0852,cam_3_1690332101_19-41-41.jpg
615,581,487.79932,698.29376,1390.5508,1296.2585,cam_3_1690332101_19-41-41.jpg
615,596,2502.033,606.0098,3337.6199,1264.7909,cam_3_1690332101_19-41-41.jpg
616,521,1631.6816,447.21463,2096.8733,695.80756,cam_3_1690332221_19-43-41.jpg
616,566,1727.8254,472.65414,2204.7566,753.8469,cam_3_1690332221_19-43-41.jpg
616,401,1308.4237,309.762,1818.1542,670.27673,cam_3_1690332221_19-43-41.jpg
616,621,2344.329,447.35934,2724.442,630.66614,cam_3_1690332221_19-43-41.jpg
616,519,461.12817,608.4245,1198.9479,1019.28284,cam_3_1690332221_19-43-41.jpg
616,600,452.97955,366.69424,818.9429,598.6379,cam_3_1690332221_19-43-41.jpg
616,602,564.8323,797.69727,1483.8407,1399.063,cam_3_1690332221_19-43-41.jpg
616,522,450.101,511.47333,1015.8884,863.7862,cam_3_1690332221_19-43-41.jpg
616,632,1837.4467,495.12912,2393.8923,832.3944,cam_3_1690332221_19-43-41.jpg
616,617,1849.2484,378.11514,2262.9832,503.34967,cam_3_1690332221_19-43-41.jpg
616,633,1807.1343,174.80074,2118.2446,367.94327,cam_3_1690332221_19-43-41.jpg
616,581,431.5275,693.06,1389.2856,1236.417,cam_3_1690332221_19-43-41.jpg
617,521,1630.1019,447.67578,2091.3079,695.53064,cam_3_1690332236_19-43-56.jpg
617,566,1731.447,475.59656,2204.7476,754.33105,cam_3_1690332236_19-43-56.jpg
617,401,1307.309,308.69623,1822.627,672.22076,cam_3_1690332236_19-43-56.jpg
617,621,2341.905,445.3514,2721.6997,632.2139,cam_3_1690332236_19-43-56.jpg
617,519,464.11053,603.2735,1192.3151,1066.9694,cam_3_1690332236_19-43-56.jpg
617,600,438.7309,369.01282,811.72626,604.3843,cam_3_1690332236_19-43-56.jpg
617,602,486.64297,788.32404,1468.8949,1369.009,cam_3_1690332236_19-43-56.jpg
617,522,457.25275,507.36594,1013.49927,874.3135,cam_3_1690332236_19-43-56.jpg
617,632,1838.957,499.57727,2398.3384,832.83124,cam_3_1690332236_19-43-56.jpg
617,617,1844.6354,377.4819,2258.3782,506.3124,cam_3_1690332236_19-43-56.jpg
617,633,1845.1035,174.12021,2106.8118,361.7874,cam_3_1690332236_19-43-56.jpg
617,581,391.5742,701.2152,1359.2205,1152.7169,cam_3_1690332236_19-43-56.jpg
618,521,1631.7913,446.99002,2083.0393,695.2878,cam_3_1690332326_19-45-26.jpg
618,566,1728.3021,474.50516,2206.7104,750.6289,cam_3_1690332326_19-45-26.jpg
618,401,1310.1764,307.17075,1827.9258,670.0786,cam_3_1690332326_19-45-26.jpg
618,621,2334.8103,445.25568,2719.4084,632.9488,cam_3_1690332326_19-45-26.jpg
618,519,485.20648,567.3644,1159.508,1039.0527,cam_3_1690332326_19-45-26.jpg
618,600,446.5812,367.53537,818.0347,604.2138,cam_3_1690332326_19-45-26.jpg
618,602,523.62354,780.2078,1401.5065,1321.6505,cam_3_1690332326_19-45-26.jpg
618,522,397.70877,498.40137,1009.98376,829.67236,cam_3_1690332326_19-45-26.jpg
618,632,1834.1827,502.04297,2398.3826,835.49414,cam_3_1690332326_19-45-26.jpg
618,617,1857.9867,379.91754,2254.577,504.19183,cam_3_1690332326_19-45-26.jpg
618,581,478.81857,680.837,1366.496,1168.6859,cam_3_1690332326_19-45-26.jpg
619,521,1630.9337,447.52597,2084.155,696.288,cam_3_1690332371_19-46-11.jpg
619,566,1725.3458,475.03217,2208.9834,751.7145,cam_3_1690332371_19-46-11.jpg
619,401,1308.2363,307.63248,1819.56,670.472,cam_3_1690332371_19-46-11.jpg
619,621,2330.2527,443.6994,2722.3318,630.99426,cam_3_1690332371_19-46-11.jpg
619,519,470.22473,553.6732,1136.4335,994.222,cam_3_1690332371_19-46-11.jpg
619,600,435.03754,365.95218,819.1955,613.4068,cam_3_1690332371_19-46-11.jpg
619,602,557.94995,782.32776,1389.2313,1303.1731,cam_3_1690332371_19-46-11.jpg
619,522,445.9397,497.7465,1005.0266,842.19556,cam_3_1690332371_19-46-11.jpg
619,632,1834.5862,500.49533,2394.9885,835.8348,cam_3_1690332371_19-46-11.jpg
619,617,1872.1089,377.51007,2261.6538,500.7958,cam_3_1690332371_19-46-11.jpg
619,581,431.09113,667.7149,1341.1904,1144.5107,cam_3_1690332371_19-46-11.jpg
619,634,1367.9003,167.91917,1656.6426,347.87595,cam_3_1690332371_19-46-11.jpg
620,521,1630.3374,448.09903,2083.0354,695.5203,cam_3_1690332416_19-46-56.jpg
620,566,1723.3966,478.47546,2207.55,750.08105,cam_3_1690332416_19-46-56.jpg
620,401,1309.6853,307.19327,1816.8339,675.2014,cam_3_1690332416_19-46-56.jpg
620,621,2334.5903,442.78397,2722.1453,631.84937,cam_3_1690332416_19-46-56.jpg
620,519,430.46478,548.63763,1141.8312,932.5064,cam_3_1690332416_19-46-56.jpg
620,600,512.27783,365.44046,844.4542,577.6228,cam_3_1690332416_19-46-56.jpg
620,602,563.26874,784.048,1373.313,1299.4938,cam_3_1690332416_19-46-56.jpg
620,522,449.8929,501.1983,1002.98566,826.8958,cam_3_1690332416_19-46-56.jpg
620,632,1835.8535,501.5402,2397.1685,834.4844,cam_3_1690332416_19-46-56.jpg
620,617,1875.951,381.94897,2272.5898,500.6848,cam_3_1690332416_19-46-56.jpg
620,581,495.31665,671.32007,1325.0544,1144.4427,cam_3_1690332416_19-46-56.jpg
620,623,1239.3735,204.8677,1421.2648,415.80533,cam_3_1690332416_19-46-56.jpg
621,521,1630.2969,446.35107,2079.0435,695.58746,cam_3_1690332551_19-49-11.jpg
621,566,1734.3646,474.05353,2210.5554,750.7554,cam_3_1690332551_19-49-11.jpg
621,401,1304.928,309.896,1813.2123,677.23303,cam_3_1690332551_19-49-11.jpg
621,621,2308.1772,443.8856,2722.1396,634.8867,cam_3_1690332551_19-49-11.jpg
621,600,428.22412,374.81143,899.2248,614.2632,cam_3_1690332551_19-49-11.jpg
621,602,563.0921,784.4933,1372.0822,1301.5789,cam_3_1690332551_19-49-11.jpg
621,522,485.76492,508.112,937.3581,922.17017,cam_3_1690332551_19-49-11.jpg
621,632,1830.7512,501.65457,2343.989,824.5662,cam_3_1690332551_19-49-11.jpg
621,617,1874.8284,379.77417,2258.906,498.27234,cam_3_1690332551_19-49-11.jpg
621,581,575.10425,656.39514,1354.1765,1070.8486,cam_3_1690332551_19-49-11.jpg
621,623,1182.0753,208.19566,1408.5452,435.48285,cam_3_1690332551_19-49-11.jpg
622,521,1630.0441,445.34164,2082.8389,696.5888,cam_3_1690332566_19-49-26.jpg
622,566,1733.5698,477.09515,2209.282,749.97144,cam_3_1690332566_19-49-26.jpg
622,401,1306.1093,313.34714,1817.9655,679.166,cam_3_1690332566_19-49-26.jpg
622,621,2321.518,444.42126,2721.9104,635.19965,cam_3_1690332566_19-49-26.jpg
622,600,443.40225,406.9225,878.9764,731.3554,cam_3_1690332566_19-49-26.jpg
622,602,483.10242,779.6877,1373.0731,1295.887,cam_3_1690332566_19-49-26.jpg
622,522,491.29654,509.13095,925.4581,926.12354,cam_3_1690332566_19-49-26.jpg
622,632,1837.028,506.8235,2386.7114,829.05853,cam_3_1690332566_19-49-26.jpg
622,617,1869.2726,378.96268,2259.2693,498.4387,cam_3_1690332566_19-49-26.jpg
622,581,513.51917,620.8368,1289.4888,1045.0237,cam_3_1690332566_19-49-26.jpg
622,623,1158.6012,210.60782,1386.8091,442.26105,cam_3_1690332566_19-49-26.jpg
622,638,902.92786,444.46994,1138.9517,667.0367,cam_3_1690332566_19-49-26.jpg
622,639,978.6329,247.42241,1222.4014,455.33975,cam_3_1690332566_19-49-26.jpg
623,521,1630.0933,453.94366,2082.2827,694.2402,cam_3_1690332731_19-52-11.jpg
623,566,1732.0931,475.60626,2216.211,750.36566,cam_3_1690332731_19-52-11.jpg
623,401,1322.1652,313.63126,1824.1154,597.1594,cam_3_1690332731_19-52-11.jpg
623,621,2333.4575,444.84143,2722.4343,635.7069,cam_3_1690332731_19-52-11.jpg
623,600,447.25226,419.85294,913.80096,767.79144,cam_3_1690332731_19-52-11.jpg
623,602,450.66333,753.24536,1388.6528,1282.419,cam_3_1690332731_19-52-11.jpg
623,632,1839.2245,506.00677,2408.015,831.3136,cam_3_1690332731_19-52-11.jpg
623,617,1858.1049,378.3086,2254.7463,501.21494,cam_3_1690332731_19-52-11.jpg
623,581,439.49362,612.4902,1246.8235,1025.5856,cam_3_1690332731_19-52-11.jpg
623,639,997.3894,225.13052,1302.918,468.57947,cam_3_1690332731_19-52-11.jpg
623,634,1361.4756,180.09189,1583.8519,351.2139,cam_3_1690332731_19-52-11.jpg
623,519,425.32492,535.6811,1074.8536,926.3077,cam_3_1690332731_19-52-11.jpg
624,521,1629.6742,457.14453,2066.1926,695.6695,cam_3_1690332821_19-53-41.jpg
624,566,1730.6707,472.32428,2216.955,751.409,cam_3_1690332821_19-53-41.jpg
624,401,1325.147,313.4076,1821.2141,567.091,cam_3_1690332821_19-53-41.jpg
624,621,2327.7888,444.54053,2720.4397,638.49384,cam_3_1690332821_19-53-41.jpg
624,600,444.53296,423.59183,938.88654,769.6215,cam_3_1690332821_19-53-41.jpg
624,602,425.29843,736.1565,1410.2848,1282.1907,cam_3_1690332821_19-53-41.jpg
624,632,1839.4502,504.62888,2408.7969,831.97,cam_3_1690332821_19-53-41.jpg
624,617,1851.7734,377.58896,2258.683,503.98447,cam_3_1690332821_19-53-41.jpg
624,581,412.27618,629.10876,1257.79,975.677,cam_3_1690332821_19-53-41.jpg
624,642,1109.5299,408.87756,1610.537,716.46844,cam_3_1690332821_19-53-41.jpg
624,643,1725.1526,190.56891,2005.2289,355.35553,cam_3_1690332821_19-53-41.jpg
624,634,1441.1593,179.85225,1699.9514,335.63068,cam_3_1690332821_19-53-41.jpg
624,519,461.7609,527.427,1061.413,894.1896,cam_3_1690332821_19-53-41.jpg
624,597,583.1607,531.36926,1048.5579,786.8368,cam_3_1690332821_19-53-41.jpg
625,521,1614.6202,403.35257,2090.513,796.7853,cam_3_1690333076_19-57-56.jpg
625,401,1314.4219,310.7541,1786.7769,635.8065,cam_3_1690333076_19-57-56.jpg
625,621,2338.307,445.31732,2721.3743,637.55817,cam_3_1690333076_19-57-56.jpg
625,600,442.54187,390.64603,895.68823,697.5083,cam_3_1690333076_19-57-56.jpg
625,602,458.19824,675.49884,1356.4653,1259.4271,cam_3_1690333076_19-57-56.jpg
625,632,1835.7683,501.72827,2410.1875,831.2249,cam_3_1690333076_19-57-56.jpg
625,581,470.55765,598.22845,1187.9755,981.2204,cam_3_1690333076_19-57-56.jpg
625,643,1740.3864,192.83032,2012.8785,352.9966,cam_3_1690333076_19-57-56.jpg
625,633,2072.3455,256.55725,2426.1362,467.68445,cam_3_1690333076_19-57-56.jpg
625,639,1083.4814,251.68506,1437.2753,559.64166,cam_3_1690333076_19-57-56.jpg
626,521,1610.325,387.25488,2106.896,828.8257,cam_3_1690333091_19-58-11.jpg
626,401,1309.2401,308.8969,1765.9808,658.82855,cam_3_1690333091_19-58-11.jpg
626,621,2345.7632,444.61975,2723.1787,637.0636,cam_3_1690333091_19-58-11.jpg
626,600,434.89166,381.72617,880.9282,681.7884,cam_3_1690333091_19-58-11.jpg
626,602,405.5929,647.32184,1309.1648,1254.5657,cam_3_1690333091_19-58-11.jpg
626,632,1834.4788,498.01187,2405.8354,830.23956,cam_3_1690333091_19-58-11.jpg
626,581,495.11215,593.1241,1157.1687,974.99805,cam_3_1690333091_19-58-11.jpg
626,643,1758.1472,196.00484,1996.8142,365.23282,cam_3_1690333091_19-58-11.jpg
626,633,2090.925,260.10226,2444.8228,476.86856,cam_3_1690333091_19-58-11.jpg
626,639,1109.349,251.0324,1492.8951,571.7706,cam_3_1690333091_19-58-11.jpg
627,521,1611.9181,376.6346,2155.148,843.5154,cam_3_1690333106_19-58-26.jpg
627,401,1308.125,311.02902,1773.7853,669.29486,cam_3_1690333106_19-58-26.jpg
627,621,2352.9797,445.31863,2721.7815,637.8593,cam_3_1690333106_19-58-26.jpg
627,600,434.68933,377.47397,874.34094,673.7045,cam_3_1690333106_19-58-26.jpg
627,602,511.60776,639.30115,1290.6627,1262.3027,cam_3_1690333106_19-58-26.jpg
627,632,1835.1125,496.9284,2399.438,829.7862,cam_3_1690333106_19-58-26.jpg
627,581,517.02637,585.8094,1159.7158,1007.323,cam_3_1690333106_19-58-26.jpg
627,643,1748.9292,200.24887,1995.7119,365.71542,cam_3_1690333106_19-58-26.jpg
627,633,2086.451,260.94736,2446.9768,483.27588,cam_3_1690333106_19-58-26.jpg
627,639,1131.1945,253.74649,1516.8479,568.63635,cam_3_1690333106_19-58-26.jpg
628,521,1685.5518,479.4181,2237.2393,984.3428,cam_3_1690333181_19-59-41.jpg
628,401,1309.1279,312.43335,1794.1724,674.36615,cam_3_1690333181_19-59-41.jpg
628,621,2350.5625,443.8114,2719.3147,639.37286,cam_3_1690333181_19-59-41.jpg
628,600,450.14972,375.7467,894.7097,705.2116,cam_3_1690333181_19-59-41.jpg
628,602,552.14233,638.05194,1285.8208,1305.0165,cam_3_1690333181_19-59-41.jpg
628,632,1899.5027,502.13736,2403.27,779.9196,cam_3_1690333181_19-59-41.jpg
628,581,513.0329,596.1227,1158.4491,1010.58905,cam_3_1690333181_19-59-41.jpg
628,643,1694.6752,198.55333,2000.5493,364.6498,cam_3_1690333181_19-59-41.jpg
628,633,2077.6206,263.7517,2446.6584,492.75394,cam_3_1690333181_19-59-41.jpg
628,532,1528.731,435.29156,1911.4722,646.5601,cam_3_1690333181_19-59-41.jpg
628,566,1646.6365,465.93222,2061.4502,697.24445,cam_3_1690333181_19-59-41.jpg
628,634,1579.1906,174.30331,1842.4065,334.8083,cam_3_1690333181_19-59-41.jpg
629,401,1310.5641,312.6776,1726.0564,657.3922,cam_3_1690333211_20-00-11.jpg
629,621,2352.7896,446.30362,2720.4062,638.5712,cam_3_1690333211_20-00-11.jpg
629,600,449.89355,375.2038,900.42834,722.3018,cam_3_1690333211_20-00-11.jpg
629,602,621.51825,748.7375,1392.714,1592.5077,cam_3_1690333211_20-00-11.jpg
629,632,1854.5966,502.60605,2411.1677,815.8918,cam_3_1690333211_20-00-11.jpg
629,581,594.9859,588.9781,1228.5875,998.8704,cam_3_1690333211_20-00-11.jpg
629,643,1760.3823,202.18047,2091.813,383.074,cam_3_1690333211_20-00-11.jpg
629,633,2081.247,262.95282,2444.1584,494.7407,cam_3_1690333211_20-00-11.jpg
629,532,1528.3368,432.73212,1919.0447,646.74335,cam_3_1690333211_20-00-11.jpg
629,566,1649.8755,459.02893,2062.5469,699.02985,cam_3_1690333211_20-00-11.jpg
630,401,1315.0195,303.38324,1776.2825,630.9473,cam_3_1690333271_20-01-11.jpg
630,621,2354.3113,445.65756,2719.5278,637.5657,cam_3_1690333271_20-01-11.jpg
630,602,608.3366,792.849,1460.9011,1724.3816,cam_3_1690333271_20-01-11.jpg
630,632,1837.3285,502.4089,2410.4468,824.1264,cam_3_1690333271_20-01-11.jpg
630,581,557.26825,636.96844,1336.3682,1119.9897,cam_3_1690333271_20-01-11.jpg
630,643,1761.1117,208.90276,2105.0674,380.9868,cam_3_1690333271_20-01-11.jpg
630,532,1526.3646,436.07153,1918.2333,647.5065,cam_3_1690333271_20-01-11.jpg
630,566,1639.2927,459.36954,2064.2896,699.8331,cam_3_1690333271_20-01-11.jpg
630,644,2720.4263,569.3708,3833.0913,1138.6045,cam_3_1690333271_20-01-11.jpg
630,617,1991.9622,397.28806,2383.4153,529.2616,cam_3_1690333271_20-01-11.jpg
630,597,583.2605,490.3194,839.8135,784.3211,cam_3_1690333271_20-01-11.jpg
631,401,1305.6184,308.96112,1794.2373,651.44006,cam_3_1690333421_20-03-41.jpg
631,621,2347.953,445.445,2721.996,638.67035,cam_3_1690333421_20-03-41.jpg
631,602,651.69165,854.1567,1517.311,1819.7015,cam_3_1690333421_20-03-41.jpg
631,632,1833.3207,505.30838,2411.5266,829.0137,cam_3_1690333421_20-03-41.jpg
631,581,533.3732,652.15753,1323.8303,1199.1158,cam_3_1690333421_20-03-41.jpg
631,643,1772.8439,210.61389,2101.5825,383.44138,cam_3_1690333421_20-03-41.jpg
631,532,1532.537,438.54242,1921.9324,649.6704,cam_3_1690333421_20-03-41.jpg
631,566,1637.3789,467.67563,2048.4531,700.3853,cam_3_1690333421_20-03-41.jpg
631,644,2726.4055,569.55023,3850.2454,1125.9064,cam_3_1690333421_20-03-41.jpg
631,617,2009.1439,398.5416,2401.8271,536.11053,cam_3_1690333421_20-03-41.jpg
631,522,491.80972,557.1914,1075.6808,1135.496,cam_3_1690333421_20-03-41.jpg
631,634,1687.4172,180.09773,1972.6208,346.68564,cam_3_1690333421_20-03-41.jpg
632,401,1307.9579,309.82584,1805.4641,661.3394,cam_3_1690333466_20-04-26.jpg
632,621,2356.3147,445.74176,2724.881,638.26904,cam_3_1690333466_20-04-26.jpg
632,602,796.42053,800.6206,1674.4702,1679.1877,cam_3_1690333466_20-04-26.jpg
632,632,1831.1654,502.41022,2411.8052,833.0046,cam_3_1690333466_20-04-26.jpg
632,581,535.77374,652.7742,1319.8726,1234.5359,cam_3_1690333466_20-04-26.jpg
632,643,1787.3198,212.22849,2099.6736,386.7184,cam_3_1690333466_20-04-26.jpg
632,532,1534.6096,438.35944,1925.4358,651.3609,cam_3_1690333466_20-04-26.jpg
632,566,1638.1832,464.47076,2061.4812,700.8465,cam_3_1690333466_20-04-26.jpg
632,644,2806.6294,516.1848,3589.8523,1114.3286,cam_3_1690333466_20-04-26.jpg
632,617,2012.1931,399.35077,2409.2827,535.80206,cam_3_1690333466_20-04-26.jpg
632,522,486.5921,560.9651,1084.9233,1112.9545,cam_3_1690333466_20-04-26.jpg
632,634,1707.1584,183.23132,1995.8867,351.0316,cam_3_1690333466_20-04-26.jpg
633,401,1310.2649,309.30435,1798.1526,664.0236,cam_3_1690333481_20-04-41.jpg
633,621,2346.4524,445.4671,2723.9185,636.4993,cam_3_1690333481_20-04-41.jpg
633,602,854.6597,775.24646,1734.3995,1620.1351,cam_3_1690333481_20-04-41.jpg
633,632,1832.0547,504.31665,2417.9854,832.03546,cam_3_1690333481_20-04-41.jpg
633,581,532.5163,653.7076,1313.8027,1245.7103,cam_3_1690333481_20-04-41.jpg
633,643,1794.9069,210.36256,2123.2673,385.16464,cam_3_1690333481_20-04-41.jpg
633,532,1536.178,437.1486,1927.5829,650.3526,cam_3_1690333481_20-04-41.jpg
633,566,1638.7267,468.06696,2070.1404,700.8925,cam_3_1690333481_20-04-41.jpg
633,644,2948.2954,467.9609,3484.3223,1099.9333,cam_3_1690333481_20-04-41.jpg
633,617,2025.6277,397.70984,2414.9944,534.553,cam_3_1690333481_20-04-41.jpg
633,522,480.9426,558.9634,1090.4315,1128.6831,cam_3_1690333481_20-04-41.jpg
633,634,1714.8701,184.39268,2015.1785,349.9878,cam_3_1690333481_20-04-41.jpg
634,401,1311.5823,311.46304,1791.3116,665.7115,cam_3_1690333901_20-11-41.jpg
634,621,2358.922,446.75665,2725.498,636.0884,cam_3_1690333901_20-11-41.jpg
634,602,941.3642,1019.3679,2065.6753,1782.3379,cam_3_1690333901_20-11-41.jpg
634,632,1832.956,502.0716,2419.409,831.86005,cam_3_1690333901_20-11-41.jpg
634,643,1778.2185,212.4357,2089.0486,391.98526,cam_3_1690333901_20-11-41.jpg
634,532,1532.6497,436.92093,1917.9677,650.27075,cam_3_1690333901_20-11-41.jpg
634,566,1639.3043,466.73764,2035.471,701.70807,cam_3_1690333901_20-11-41.jpg
634,617,2011.2067,398.78864,2405.8184,535.30334,cam_3_1690333901_20-11-41.jpg
634,634,1681.553,188.68256,2018.1907,362.66116,cam_3_1690333901_20-11-41.jpg
634,560,1071.6018,715.8993,1591.2837,1282.4901,cam_3_1690333901_20-11-41.jpg
634,642,1114.1112,286.98483,1494.631,610.6874,cam_3_1690333901_20-11-41.jpg
634,519,384.87326,482.47644,1046.3308,858.1451,cam_3_1690333901_20-11-41.jpg
635,401,1315.8655,311.37595,1786.1873,669.2335,cam_3_1690334066_20-14-26.jpg
635,621,2350.8948,447.27206,2729.0815,637.98895,cam_3_1690334066_20-14-26.jpg
635,632,1833.5564,504.03943,2407.4644,831.5413,cam_3_1690334066_20-14-26.jpg
635,643,1767.2465,209.75488,2106.526,396.75806,cam_3_1690334066_20-14-26.jpg
635,532,1536.6603,433.27075,1926.578,649.0046,cam_3_1690334066_20-14-26.jpg
635,566,1636.5063,457.4185,2046.1222,702.70886,cam_3_1690334066_20-14-26.jpg
635,617,2012.296,395.54752,2409.0447,533.5749,cam_3_1690334066_20-14-26.jpg
635,634,1716.8995,186.8182,2012.489,347.7389,cam_3_1690334066_20-14-26.jpg
635,642,1086.4679,275.5947,1516.569,611.184,cam_3_1690334066_20-14-26.jpg
635,519,444.37146,478.4028,1025.6901,865.36273,cam_3_1690334066_20-14-26.jpg
635,581,504.33847,744.4432,1397.8518,1281.6592,cam_3_1690334066_20-14-26.jpg
635,522,489.81433,595.35046,1192.7783,1111.5663,cam_3_1690334066_20-14-26.jpg
636,401,1319.9249,310.18152,1745.6208,667.0171,cam_3_1690334156_20-15-56.jpg
636,621,2353.3577,446.20856,2730.0688,638.2397,cam_3_1690334156_20-15-56.jpg
636,632,1830.967,504.34943,2409.0945,833.6544,cam_3_1690334156_20-15-56.jpg
636,643,1752.7902,208.75005,2111.9907,384.82092,cam_3_1690334156_20-15-56.jpg
636,566,1564.4574,376.34695,2022.882,708.3433,cam_3_1690334156_20-15-56.jpg
636,617,1992.5874,395.4451,2403.494,538.2864,cam_3_1690334156_20-15-56.jpg
636,634,1716.7465,189.70992,2008.3087,340.72836,cam_3_1690334156_20-15-56.jpg
636,642,1029.6713,311.74582,1344.8807,597.3466,cam_3_1690334156_20-15-56.jpg
636,581,531.1658,755.15717,1446.7476,1349.7886,cam_3_1690334156_20-15-56.jpg
636,522,507.38565,594.3144,1193.5734,1157.7047,cam_3_1690334156_20-15-56.jpg
636,623,1158.6932,225.67148,1514.413,393.7932,cam_3_1690334156_20-15-56.jpg
637,401,1327.4197,307.46176,1730.2698,667.6911,cam_3_1690334456_20-20-56.jpg
637,621,2352.208,444.37665,2728.4329,639.2311,cam_3_1690334456_20-20-56.jpg
637,632,1830.2958,506.2453,2412.5146,835.10535,cam_3_1690334456_20-20-56.jpg
637,566,1524.5148,349.23914,2008.1095,712.2659,cam_3_1690334456_20-20-56.jpg
637,617,1996.6178,393.0656,2409.025,538.79816,cam_3_1690334456_20-20-56.jpg
637,634,1728.0175,195.62323,2002.9999,345.22302,cam_3_1690334456_20-20-56.jpg
637,522,492.21234,556.3916,1172.6372,1078.5496,cam_3_1690334456_20-20-56.jpg
637,623,1265.8395,205.23705,1570.0234,360.576,cam_3_1690334456_20-20-56.jpg
637,600,452.59955,379.85077,782.9069,661.8859,cam_3_1690334456_20-20-56.jpg
637,602,571.0392,1156.226,2091.0176,2356.3022,cam_3_1690334456_20-20-56.jpg
638,401,1332.5101,308.71606,1738.1451,678.00867,cam_3_1690334846_20-27-26.jpg
638,621,2332.438,442.09125,2731.3184,640.50476,cam_3_1690334846_20-27-26.jpg
638,632,1774.804,428.65152,2425.9253,821.6443,cam_3_1690334846_20-27-26.jpg
638,566,1507.46,339.64746,1985.5571,717.66486,cam_3_1690334846_20-27-26.jpg
638,634,1693.883,199.248,2005.9622,354.4675,cam_3_1690334846_20-27-26.jpg
638,522,397.99686,536.1831,1171.7141,1032.1849,cam_3_1690334846_20-27-26.jpg
638,600,533.29224,377.46234,812.36755,631.4086,cam_3_1690334846_20-27-26.jpg
638,602,641.252,1225.0194,2077.7288,2384.9058,cam_3_1690334846_20-27-26.jpg
639,401,1332.0295,307.72754,1735.0868,675.8988,cam_3_1690334921_20-28-41.jpg
639,621,2327.3599,440.6163,2733.7908,637.808,cam_3_1690334921_20-28-41.jpg
639,632,1749.2731,402.14752,2443.2385,825.5626,cam_3_1690334921_20-28-41.jpg
639,566,1495.9775,337.96313,2023.0664,720.8986,cam_3_1690334921_20-28-41.jpg
639,634,1681.014,199.18626,2006.8773,356.93167,cam_3_1690334921_20-28-41.jpg
639,522,479.6704,527.33954,1168.5577,1042.6749,cam_3_1690334921_20-28-41.jpg
639,600,490.86023,391.52173,824.1252,683.8946,cam_3_1690334921_20-28-41.jpg
639,602,672.3014,1236.3711,2068.5803,2310.8748,cam_3_1690334921_20-28-41.jpg
639,649,1240.7539,1374.7979,2370.2039,2772.7869,cam_3_1690334921_20-28-41.jpg
640,401,1335.1207,308.61728,1737.3485,678.00336,cam_3_1690334981_20-29-41.jpg
640,621,2329.4697,440.1663,2733.8826,638.6879,cam_3_1690334981_20-29-41.jpg
640,632,1738.1,390.56668,2422.9165,826.2308,cam_3_1690334981_20-29-41.jpg
640,566,1495.019,334.27548,2011.1896,719.98285,cam_3_1690334981_20-29-41.jpg
640,634,1675.3853,200.9298,2004.7614,358.3627,cam_3_1690334981_20-29-41.jpg
640,522,519.088,525.252,1163.7277,1036.8611,cam_3_1690334981_20-29-41.jpg
640,600,442.37503,397.5703,815.5061,670.2143,cam_3_1690334981_20-29-41.jpg
640,602,728.61835,1258.3217,2086.7578,2402.6453,cam_3_1690334981_20-29-41.jpg
640,649,1253.145,1364.2333,2401.333,2763.2637,cam_3_1690334981_20-29-41.jpg
641,401,1338.6035,309.6525,1729.4865,679.33026,cam_3_1690335011_20-30-11.jpg
641,621,2334.4177,442.50473,2732.199,641.03864,cam_3_1690335011_20-30-11.jpg
641,632,1727.1123,395.75397,2417.9443,827.71265,cam_3_1690335011_20-30-11.jpg
641,566,1491.8636,335.77838,2031.3798,718.2949,cam_3_1690335011_20-30-11.jpg
641,634,1679.328,201.06456,2004.2028,358.6509,cam_3_1690335011_20-30-11.jpg
641,522,524.9202,528.18536,1145.5188,1032.1108,cam_3_1690335011_20-30-11.jpg
641,600,455.65652,399.74658,805.6366,722.48706,cam_3_1690335011_20-30-11.jpg
641,602,627.8102,1250.3727,2106.7852,2328.3567,cam_3_1690335011_20-30-11.jpg
641,649,942.7289,1360.5071,2434.0095,2775.4277,cam_3_1690335011_20-30-11.jpg
642,401,1334.4344,311.2296,1724.9528,684.4685,cam_3_1690335056_20-30-56.jpg
642,621,2295.7822,443.5116,2729.5513,642.6298,cam_3_1690335056_20-30-56.jpg
642,632,1670.2123,398.40274,2345.8215,876.3072,cam_3_1690335056_20-30-56.jpg
642,566,1489.7977,335.3639,2029.412,716.77997,cam_3_1690335056_20-30-56.jpg
642,634,1669.2604,199.0482,2002.7009,363.93097,cam_3_1690335056_20-30-56.jpg
642,522,405.6263,522.38055,1151.3344,1014.84344,cam_3_1690335056_20-30-56.jpg
642,600,460.52457,399.69623,810.90576,734.88904,cam_3_1690335056_20-30-56.jpg
642,602,690.678,1226.6256,2053.0852,2219.4434,cam_3_1690335056_20-30-56.jpg
642,649,1082.9246,1352.9962,2435.6204,2773.6204,cam_3_1690335056_20-30-56.jpg
643,401,1331.3165,311.66534,1748.0886,675.7821,cam_3_1690335161_20-32-41.jpg
643,621,2263.9275,444.5554,2730.0,643.0686,cam_3_1690335161_20-32-41.jpg
643,632,1556.0696,417.87006,2282.85,897.2671,cam_3_1690335161_20-32-41.jpg
643,566,1487.727,337.33142,2054.9558,634.088,cam_3_1690335161_20-32-41.jpg
643,634,1681.0682,199.88945,2003.4976,368.89267,cam_3_1690335161_20-32-41.jpg
643,522,368.26993,522.61835,1130.2214,931.9771,cam_3_1690335161_20-32-41.jpg
643,600,543.0828,401.2042,803.0524,676.5484,cam_3_1690335161_20-32-41.jpg
643,602,680.7931,1205.0345,1951.0471,2033.5922,cam_3_1690335161_20-32-41.jpg
643,560,479.57303,726.0605,1296.4037,1222.6477,cam_3_1690335161_20-32-41.jpg
644,401,1332.4541,308.53903,1757.0675,669.0741,cam_3_1690335176_20-32-56.jpg
644,621,2245.6226,444.31897,2729.3572,642.0663,cam_3_1690335176_20-32-56.jpg
644,632,1507.7054,421.4787,2245.2627,906.5173,cam_3_1690335176_20-32-56.jpg
644,566,1485.2042,338.9035,2052.0007,605.866,cam_3_1690335176_20-32-56.jpg
644,634,1671.5773,199.53358,2003.3185,370.47943,cam_3_1690335176_20-32-56.jpg
644,522,460.8166,524.0741,1119.0898,1007.74164,cam_3_1690335176_20-32-56.jpg
644,600,575.34784,399.9283,797.12616,645.04407,cam_3_1690335176_20-32-56.jpg
644,602,686.07605,1196.3535,1912.1113,1925.8224,cam_3_1690335176_20-32-56.jpg
644,560,416.81924,727.0102,1290.1838,1215.2655,cam_3_1690335176_20-32-56.jpg
645,401,1336.1093,309.5046,1754.0441,672.5048,cam_3_1690335191_20-33-11.jpg
645,621,2235.8992,445.69376,2725.2542,644.7758,cam_3_1690335191_20-33-11.jpg
645,566,1486.7338,343.1434,2074.4353,679.1529,cam_3_1690335191_20-33-11.jpg
645,634,1652.8289,199.95534,2000.1929,367.41354,cam_3_1690335191_20-33-11.jpg
645,522,387.11328,528.22754,1104.004,958.5607,cam_3_1690335191_20-33-11.jpg
645,600,582.5856,396.72827,793.06104,638.01624,cam_3_1690335191_20-33-11.jpg
645,602,676.0086,1191.513,1877.5366,1921.4143,cam_3_1690335191_20-33-11.jpg
645,560,459.4492,715.6662,1281.4697,1221.5271,cam_3_1690335191_20-33-11.jpg
645,617,2116.8313,411.27753,2515.646,583.0126,cam_3_1690335191_20-33-11.jpg
646,401,1336.4789,310.41483,1766.3436,676.3722,cam_3_1690335296_20-34-56.jpg
646,621,2223.308,445.8874,2717.9766,641.5984,cam_3_1690335296_20-34-56.jpg
646,566,1487.7927,342.38617,2084.9226,699.3917,cam_3_1690335296_20-34-56.jpg
646,634,1680.3698,194.35617,2031.4207,370.13022,cam_3_1690335296_20-34-56.jpg
646,522,464.06476,579.8849,1088.2672,994.27997,cam_3_1690335296_20-34-56.jpg
646,602,667.74506,1183.8567,1884.8674,1916.7195,cam_3_1690335296_20-34-56.jpg
646,651,2646.1323,560.1513,3758.8333,1147.1342,cam_3_1690335296_20-34-56.jpg
646,519,480.9379,416.97903,820.5788,776.19696,cam_3_1690335296_20-34-56.jpg
647,401,1336.0685,309.8241,1749.5034,674.2714,cam_3_1690335476_20-37-56.jpg
647,621,2283.3638,334.82956,2749.6052,626.83594,cam_3_1690335476_20-37-56.jpg
647,566,1488.9323,342.42645,2092.2563,704.8609,cam_3_1690335476_20-37-56.jpg
647,634,1687.8054,199.6481,2018.1699,362.60046,cam_3_1690335476_20-37-56.jpg
647,651,2959.5493,507.7943,3697.2139,1221.7902,cam_3_1690335476_20-37-56.jpg
647,649,845.98364,1328.6259,2537.6875,2791.9832,cam_3_1690335476_20-37-56.jpg
647,600,606.61163,416.66934,805.11554,620.77496,cam_3_1690335476_20-37-56.jpg
648,401,1334.5442,308.74088,1761.0024,669.0877,cam_3_1690335491_20-38-11.jpg
648,621,2310.5122,297.1174,2771.1553,623.63025,cam_3_1690335491_20-38-11.jpg
648,566,1490.0962,344.31784,2089.5776,706.7067,cam_3_1690335491_20-38-11.jpg
648,634,1669.6584,202.60678,2001.9642,363.77164,cam_3_1690335491_20-38-11.jpg
648,651,3050.9333,493.2597,3502.9956,1304.8987,cam_3_1690335491_20-38-11.jpg
648,653,2709.0574,583.271,3204.3481,1428.6329,cam_3_1690335491_20-38-11.jpg
648,649,1176.7714,1224.0417,2530.8438,2777.4224,cam_3_1690335491_20-38-11.jpg
648,600,610.0046,413.1271,792.4814,611.42114,cam_3_1690335491_20-38-11.jpg
648,522,626.2548,514.80493,1002.56146,888.752,cam_3_1690335491_20-38-11.jpg
649,401,1329.8082,310.3709,1759.0055,669.7976,cam_3_1690335551_20-39-11.jpg
649,621,2312.7644,279.89835,2776.0896,621.61536,cam_3_1690335551_20-39-11.jpg
649,566,1486.9153,347.14267,2090.3584,708.2065,cam_3_1690335551_20-39-11.jpg
649,634,1660.9652,202.28014,1998.3291,366.7772,cam_3_1690335551_20-39-11.jpg
649,651,3041.1445,532.94507,3490.3875,1376.7563,cam_3_1690335551_20-39-11.jpg
649,653,2700.3943,569.76855,3124.7998,1462.0701,cam_3_1690335551_20-39-11.jpg
649,649,898.83386,1317.1348,2380.2776,2700.8293,cam_3_1690335551_20-39-11.jpg
649,600,603.0476,427.30624,791.3709,646.43134,cam_3_1690335551_20-39-11.jpg
649,522,679.611,497.85803,990.7787,896.2048,cam_3_1690335551_20-39-11.jpg
650,401,1330.8647,309.11682,1756.2957,668.02185,cam_3_1690335566_20-39-26.jpg
650,621,2324.1743,274.65176,2777.0273,613.86615,cam_3_1690335566_20-39-26.jpg
650,566,1488.2947,344.6033,2090.3638,708.6133,cam_3_1690335566_20-39-26.jpg
650,634,1654.8154,200.8244,1993.8923,364.7895,cam_3_1690335566_20-39-26.jpg
650,649,807.28156,1287.064,2330.9773,2663.429,cam_3_1690335566_20-39-26.jpg
650,600,592.60657,428.67188,779.1539,637.61444,cam_3_1690335566_20-39-26.jpg
650,522,621.5867,484.93124,981.41266,896.4243,cam_3_1690335566_20-39-26.jpg
650,602,658.85333,1009.906,1912.1418,1814.8391,cam_3_1690335566_20-39-26.jpg
651,401,1332.0786,307.48672,1760.0142,666.5043,cam_3_1690335611_20-40-11.jpg
651,621,2320.8694,271.08078,2785.483,608.61273,cam_3_1690335611_20-40-11.jpg
651,566,1487.957,342.52136,2075.0068,709.5989,cam_3_1690335611_20-40-11.jpg
651,634,1679.9955,202.68805,2002.2175,364.5618,cam_3_1690335611_20-40-11.jpg
651,649,1070.4109,1342.0818,2325.5981,2740.642,cam_3_1690335611_20-40-11.jpg
651,600,593.6702,424.99283,783.03687,634.83093,cam_3_1690335611_20-40-11.jpg
651,522,649.1846,474.17374,957.45526,882.701,cam_3_1690335611_20-40-11.jpg
651,602,663.4802,1039.482,1978.6614,1944.0328,cam_3_1690335611_20-40-11.jpg
651,581,822.0165,977.6235,2028.8553,1400.5634,cam_3_1690335611_20-40-11.jpg
652,401,1333.9053,309.5697,1763.4243,664.1312,cam_3_1690335731_20-42-11.jpg
652,621,2329.0598,269.81473,2791.463,600.4344,cam_3_1690335731_20-42-11.jpg
652,566,1491.2936,342.50574,2085.7786,708.2653,cam_3_1690335731_20-42-11.jpg
652,634,1668.3615,201.32404,2004.8516,366.78375,cam_3_1690335731_20-42-11.jpg
652,649,1216.3066,1387.4185,2300.7817,2760.563,cam_3_1690335731_20-42-11.jpg
652,602,677.11237,1110.0486,1964.7091,2038.8374,cam_3_1690335731_20-42-11.jpg
652,581,688.8804,1000.6036,1843.487,1657.5663,cam_3_1690335731_20-42-11.jpg
652,623,1390.5286,193.4866,1742.9205,353.68817,cam_3_1690335731_20-42-11.jpg
652,519,502.76523,458.56284,829.2392,854.9984,cam_3_1690335731_20-42-11.jpg
653,401,1334.5745,309.29462,1764.9406,664.9264,cam_3_1690335746_20-42-26.jpg
653,621,2344.1228,270.35004,2787.9788,599.7159,cam_3_1690335746_20-42-26.jpg
653,566,1489.0239,344.34418,2088.2646,708.93085,cam_3_1690335746_20-42-26.jpg
653,634,1661.5555,197.01132,2006.1517,367.732,cam_3_1690335746_20-42-26.jpg
653,649,1249.4653,1412.8284,2306.7112,2770.9094,cam_3_1690335746_20-42-26.jpg
653,602,464.4767,1137.7655,1948.0619,2007.4309,cam_3_1690335746_20-42-26.jpg
653,581,645.5656,1009.08185,1766.1995,1639.2651,cam_3_1690335746_20-42-26.jpg
653,623,1396.9731,197.61703,1757.6298,358.88864,cam_3_1690335746_20-42-26.jpg
653,519,502.4665,462.6435,842.321,862.7099,cam_3_1690335746_20-42-26.jpg
654,401,1338.4891,306.15097,1769.132,669.0128,cam_3_1690335941_20-45-41.jpg
654,621,2352.4087,257.88513,2830.111,583.0617,cam_3_1690335941_20-45-41.jpg
654,566,1489.1189,343.10205,2095.0635,705.37476,cam_3_1690335941_20-45-41.jpg
654,581,655.27814,1031.2032,1786.3325,1768.2157,cam_3_1690335941_20-45-41.jpg
654,639,1915.0282,509.2243,2410.906,828.105,cam_3_1690335941_20-45-41.jpg
654,643,1974.7122,146.71564,2256.2278,367.94394,cam_3_1690335941_20-45-41.jpg
654,617,2116.7932,403.17017,2559.7344,581.40344,cam_3_1690335941_20-45-41.jpg
655,401,1329.7612,304.41873,1765.7261,668.3202,cam_3_1690336061_20-47-41.jpg
655,566,1490.6754,341.55463,2100.9653,704.5869,cam_3_1690336061_20-47-41.jpg
655,581,627.7837,1042.2102,1790.4806,1868.9462,cam_3_1690336061_20-47-41.jpg
655,660,1196.2737,271.93036,1564.9702,586.3889,cam_3_1690336061_20-47-41.jpg
655,639,1879.3618,514.55145,2386.6812,841.879,cam_3_1690336061_20-47-41.jpg
655,643,2071.049,148.90192,2277.1294,374.1373,cam_3_1690336061_20-47-41.jpg
655,617,2122.3125,412.93057,2541.8923,580.60693,cam_3_1690336061_20-47-41.jpg
655,644,2775.1802,236.24658,3241.8167,585.2111,cam_3_1690336061_20-47-41.jpg
655,602,712.0057,1145.6997,2000.488,2361.032,cam_3_1690336061_20-47-41.jpg
656,401,1331.7018,303.88672,1762.4507,666.8559,cam_3_1690336106_20-48-26.jpg
656,566,1485.823,343.78488,2100.4973,706.2087,cam_3_1690336106_20-48-26.jpg
656,581,633.62604,1039.8639,1804.2783,1894.7012,cam_3_1690336106_20-48-26.jpg
656,660,1199.2976,273.91434,1555.5338,586.3271,cam_3_1690336106_20-48-26.jpg
656,639,1864.4563,518.399,2423.7637,846.4701,cam_3_1690336106_20-48-26.jpg
656,643,2080.4736,162.88374,2407.4158,388.71982,cam_3_1690336106_20-48-26.jpg
656,617,2119.264,421.99152,2543.8147,582.96124,cam_3_1690336106_20-48-26.jpg
656,602,785.15485,1152.0508,2007.5986,2433.7031,cam_3_1690336106_20-48-26.jpg
657,401,1331.1261,305.71417,1758.6729,667.33527,cam_3_1690336136_20-48-56.jpg
657,566,1488.291,345.27972,2095.2686,705.42523,cam_3_1690336136_20-48-56.jpg
657,581,624.2263,1039.9624,1815.4304,1968.564,cam_3_1690336136_20-48-56.jpg
657,660,1201.0321,274.25327,1560.8201,588.1688,cam_3_1690336136_20-48-56.jpg
657,639,1858.1564,523.59894,2440.539,849.54987,cam_3_1690336136_20-48-56.jpg
657,617,2106.5627,417.99808,2543.1848,585.70825,cam_3_1690336136_20-48-56.jpg
657,602,794.26294,1151.7233,2015.1017,2505.4048,cam_3_1690336136_20-48-56.jpg
657,634,1685.5211,181.09389,2004.5924,355.57538,cam_3_1690336136_20-48-56.jpg
658,401,1323.997,309.18622,1747.2948,668.19556,cam_3_1690336151_20-49-11.jpg
658,566,1483.792,346.29398,2094.8877,704.76544,cam_3_1690336151_20-49-11.jpg
658,581,643.7078,1043.214,1814.2179,1954.4546,cam_3_1690336151_20-49-11.jpg
658,660,1204.7081,274.51413,1572.8842,597.7617,cam_3_1690336151_20-49-11.jpg
658,639,1853.7194,523.2264,2447.3857,850.30286,cam_3_1690336151_20-49-11.jpg
658,617,2101.0205,417.30484,2543.8289,588.61743,cam_3_1690336151_20-49-11.jpg
658,602,793.6956,1148.9252,2015.3262,2611.4128,cam_3_1690336151_20-49-11.jpg
658,623,1479.154,179.74294,1821.5966,330.4318,cam_3_1690336151_20-49-11.jpg
659,401,1305.4727,307.32443,1742.7583,671.6514,cam_3_1690336181_20-49-41.jpg
659,566,1484.8834,347.80362,2095.456,705.28046,cam_3_1690336181_20-49-41.jpg
659,581,671.7596,1026.8469,1798.8221,1982.1091,cam_3_1690336181_20-49-41.jpg
659,660,1203.534,281.28806,1536.2755,599.3333,cam_3_1690336181_20-49-41.jpg
659,639,1852.4202,522.66504,2431.1973,849.4882,cam_3_1690336181_20-49-41.jpg
659,617,2097.7788,415.85538,2540.8835,587.39185,cam_3_1690336181_20-49-41.jpg
659,602,809.267,1174.1992,2121.7534,2574.8333,cam_3_1690336181_20-49-41.jpg
659,661,1290.7357,186.33502,1528.4469,322.9888,cam_3_1690336181_20-49-41.jpg
659,634,1692.5764,189.47887,2031.162,357.8609,cam_3_1690336181_20-49-41.jpg
660,401,1307.4214,307.76132,1718.3645,663.816,cam_3_1690336256_20-50-56.jpg
660,566,1488.1763,347.01205,2095.1648,705.35767,cam_3_1690336256_20-50-56.jpg
660,581,598.21765,1034.2982,1811.0011,1965.7517,cam_3_1690336256_20-50-56.jpg
660,660,1202.5402,291.1826,1568.1528,617.8542,cam_3_1690336256_20-50-56.jpg
660,639,1851.5166,520.91595,2430.1943,849.96045,cam_3_1690336256_20-50-56.jpg
660,617,2099.8933,416.4338,2544.419,589.1013,cam_3_1690336256_20-50-56.jpg
660,602,769.111,1211.207,2150.4253,2367.1436,cam_3_1690336256_20-50-56.jpg
660,661,1304.8982,185.89557,1536.7219,322.49493,cam_3_1690336256_20-50-56.jpg
661,401,1308.7123,306.61853,1720.766,660.288,cam_3_1690336286_20-51-26.jpg
661,566,1490.412,345.8799,2101.7073,701.39685,cam_3_1690336286_20-51-26.jpg
661,581,634.821,1017.96466,1809.0419,1913.0664,cam_3_1690336286_20-51-26.jpg
661,660,1199.9727,292.2706,1556.0712,621.3372,cam_3_1690336286_20-51-26.jpg
661,639,1851.8063,519.1395,2429.1956,849.2513,cam_3_1690336286_20-51-26.jpg
661,617,2110.3877,414.48975,2547.6282,582.1218,cam_3_1690336286_20-51-26.jpg
661,602,737.43066,1222.534,2152.4214,2271.8357,cam_3_1690336286_20-51-26.jpg
661,661,1293.1506,186.4159,1541.1995,322.85303,cam_3_1690336286_20-51-26.jpg
661,643,2253.403,206.17134,2542.325,452.02527,cam_3_1690336286_20-51-26.jpg
662,401,1318.6755,305.1282,1732.8452,665.43774,cam_3_1690336376_20-52-56.jpg
662,566,1491.6818,343.34024,2095.218,700.4243,cam_3_1690336376_20-52-56.jpg
662,581,491.86084,1024.0367,1823.9092,1788.5709,cam_3_1690336376_20-52-56.jpg
662,660,1203.6514,296.31387,1564.3682,614.7025,cam_3_1690336376_20-52-56.jpg
662,639,1851.6608,519.0418,2426.6882,849.197,cam_3_1690336376_20-52-56.jpg
662,617,2113.5022,414.3155,2538.5576,579.9504,cam_3_1690336376_20-52-56.jpg
662,602,714.04913,1236.8184,2167.2122,2254.4119,cam_3_1690336376_20-52-56.jpg
662,661,1273.569,184.78505,1543.0134,327.13858,cam_3_1690336376_20-52-56.jpg
662,621,2514.092,235.76057,2752.0034,565.1574,cam_3_1690336376_20-52-56.jpg
663,401,1320.9376,303.5999,1741.1995,663.29346,cam_3_1690336451_20-54-11.jpg
663,566,1490.0476,342.18964,2094.7964,699.89197,cam_3_1690336451_20-54-11.jpg
663,581,612.4099,1017.99243,1834.2485,1908.0906,cam_3_1690336451_20-54-11.jpg
663,660,1201.5481,289.1115,1596.6963,614.9227,cam_3_1690336451_20-54-11.jpg
663,639,1850.148,516.7353,2419.8323,847.5944,cam_3_1690336451_20-54-11.jpg
663,602,732.135,1253.1108,2166.7874,2362.5889,cam_3_1690336451_20-54-11.jpg
663,661,1311.5591,181.72388,1569.4036,320.0286,cam_3_1690336451_20-54-11.jpg
663,663,1924.292,230.74954,2294.8745,442.632,cam_3_1690336451_20-54-11.jpg
663,621,2325.4575,266.66507,2776.9448,570.56683,cam_3_1690336451_20-54-11.jpg
664,401,1323.3517,308.30838,1737.1454,664.15546,cam_3_1690336481_20-54-41.jpg
664,566,1489.473,343.14703,2096.1724,700.0775,cam_3_1690336481_20-54-41.jpg
664,581,666.40985,1029.2386,1813.7212,1963.5603,cam_3_1690336481_20-54-41.jpg
664,660,1185.2002,290.28964,1584.524,624.7486,cam_3_1690336481_20-54-41.jpg
664,639,1850.0288,516.53046,2419.3845,847.5085,cam_3_1690336481_20-54-41.jpg
664,602,762.9772,1260.4833,2163.8188,2268.2551,cam_3_1690336481_20-54-41.jpg
664,661,1313.6304,180.69264,1577.393,322.89172,cam_3_1690336481_20-54-41.jpg
664,663,1920.3911,231.03394,2288.154,445.88382,cam_3_1690336481_20-54-41.jpg
664,621,2311.4084,273.88928,2761.7544,573.882,cam_3_1690336481_20-54-41.jpg
665,401,1298.8153,313.65704,1714.9456,664.31055,cam_3_1690336586_20-56-26.jpg
665,566,1489.57,346.80402,2092.8574,700.9613,cam_3_1690336586_20-56-26.jpg
665,581,563.15106,1025.6624,1807.4226,1937.281,cam_3_1690336586_20-56-26.jpg
665,660,1182.2386,291.58737,1588.1272,616.0297,cam_3_1690336586_20-56-26.jpg
665,639,1851.4395,516.7546,2418.0752,847.63544,cam_3_1690336586_20-56-26.jpg
665,602,748.2475,1279.1951,2185.6223,2261.132,cam_3_1690336586_20-56-26.jpg
665,661,1308.3953,181.29692,1564.9176,318.80893,cam_3_1690336586_20-56-26.jpg
665,663,1952.4854,231.50505,2288.6814,443.32117,cam_3_1690336586_20-56-26.jpg
665,621,2309.8826,275.71313,2756.6382,575.65216,cam_3_1690336586_20-56-26.jpg
666,401,1291.4319,313.78915,1714.3942,666.70355,cam_3_1690336616_20-56-56.jpg
666,566,1486.5511,348.83173,2094.6099,703.9535,cam_3_1690336616_20-56-56.jpg
666,581,647.88434,1021.25464,1805.3508,1964.3877,cam_3_1690336616_20-56-56.jpg
666,660,1183.501,291.36066,1592.966,616.64325,cam_3_1690336616_20-56-56.jpg
666,639,1850.9178,518.6973,2415.5195,846.803,cam_3_1690336616_20-56-56.jpg
666,602,979.1903,1199.618,2462.4736,2264.6536,cam_3_1690336616_20-56-56.jpg
666,661,1316.1414,182.02005,1572.4255,320.04562,cam_3_1690336616_20-56-56.jpg
666,663,1952.0684,234.58195,2289.7756,443.6035,cam_3_1690336616_20-56-56.jpg
666,621,2313.1353,277.4647,2755.0237,580.4191,cam_3_1690336616_20-56-56.jpg
667,401,1220.2059,324.19083,1677.464,683.8252,cam_3_1690336706_20-58-26.jpg
667,566,1481.0391,346.25815,2097.1252,706.0636,cam_3_1690336706_20-58-26.jpg
667,581,600.92224,1038.973,1815.9349,1931.5432,cam_3_1690336706_20-58-26.jpg
667,660,1157.6835,289.383,1594.4591,611.9474,cam_3_1690336706_20-58-26.jpg
667,639,1850.2201,519.059,2415.1272,845.9406,cam_3_1690336706_20-58-26.jpg
667,602,790.34534,1300.4746,2498.8188,2336.0222,cam_3_1690336706_20-58-26.jpg
667,661,1324.7803,183.79158,1577.2517,324.0986,cam_3_1690336706_20-58-26.jpg
667,663,2014.5477,217.90001,2305.5298,446.01178,cam_3_1690336706_20-58-26.jpg
667,621,2303.9595,277.75314,2752.1494,578.2196,cam_3_1690336706_20-58-26.jpg
668,566,1580.3451,354.7796,2148.1467,732.9563,cam_3_1690336841_21-00-41.jpg
668,581,562.47534,1063.6295,1835.1584,1853.4789,cam_3_1690336841_21-00-41.jpg
668,660,1161.0332,290.0496,1641.5437,576.92487,cam_3_1690336841_21-00-41.jpg
668,639,1851.8665,512.9232,2383.6802,843.64685,cam_3_1690336841_21-00-41.jpg
668,661,1275.1428,184.19005,1553.6847,329.93625,cam_3_1690336841_21-00-41.jpg
668,663,2043.1975,211.13245,2316.8152,431.7389,cam_3_1690336841_21-00-41.jpg
668,621,2316.0942,279.61652,2749.883,575.4296,cam_3_1690336841_21-00-41.jpg
668,632,1194.5104,470.27286,1698.0795,878.31714,cam_3_1690336841_21-00-41.jpg
669,566,1553.6254,375.91913,2103.353,796.35944,cam_3_1690337126_21-05-26.jpg
669,581,650.05,1032.6083,1923.1667,1764.8132,cam_3_1690337126_21-05-26.jpg
669,660,1185.5371,281.6491,1619.5804,587.6474,cam_3_1690337126_21-05-26.jpg
669,639,1850.5328,512.5944,2398.219,842.3856,cam_3_1690337126_21-05-26.jpg
669,661,1268.9104,184.37564,1556.5125,323.23825,cam_3_1690337126_21-05-26.jpg
669,663,2078.6082,205.87549,2320.6602,430.66394,cam_3_1690337126_21-05-26.jpg
669,621,2311.6719,280.4376,2749.7354,571.6477,cam_3_1690337126_21-05-26.jpg
669,643,2555.5808,203.96925,2773.721,441.96622,cam_3_1690337126_21-05-26.jpg
669,401,1353.197,348.90958,1711.7396,599.4733,cam_3_1690337126_21-05-26.jpg
670,566,1695.4528,425.33792,2131.1921,765.5015,cam_3_1690337396_21-09-56.jpg
670,581,649.2908,1013.87366,1795.974,1692.2155,cam_3_1690337396_21-09-56.jpg
670,660,1196.8878,279.25055,1612.615,594.329,cam_3_1690337396_21-09-56.jpg
670,639,1851.3712,511.27863,2402.8591,846.27045,cam_3_1690337396_21-09-56.jpg
670,661,1263.5736,186.2747,1545.1829,323.8312,cam_3_1690337396_21-09-56.jpg
670,621,2261.6072,242.16823,2763.767,592.07745,cam_3_1690337396_21-09-56.jpg
670,401,1388.123,355.02686,1706.768,577.27924,cam_3_1690337396_21-09-56.jpg
671,566,1749.1658,451.48566,2148.8245,748.94543,cam_3_1690337636_21-13-56.jpg
671,581,640.3955,999.7322,1738.0583,1766.7286,cam_3_1690337636_21-13-56.jpg
671,660,1200.6873,281.1312,1592.8392,596.3247,cam_3_1690337636_21-13-56.jpg
671,639,1850.3807,505.712,2398.4543,847.8257,cam_3_1690337636_21-13-56.jpg
671,621,2251.5784,224.49243,2777.2886,599.72205,cam_3_1690337636_21-13-56.jpg
671,401,1396.5052,359.30075,1703.9916,572.1415,cam_3_1690337636_21-13-56.jpg
671,665,1532.8568,433.09106,1929.3591,644.6716,cam_3_1690337636_21-13-56.jpg
671,666,1646.1798,460.1725,2018.4794,689.4162,cam_3_1690337636_21-13-56.jpg
671,522,443.05118,337.9289,828.1589,621.8429,cam_3_1690337636_21-13-56.jpg
672,566,1766.1475,463.24597,2165.2534,741.0899,cam_3_1690337816_21-16-56.jpg
672,660,1204.0917,288.91147,1582.1094,596.57117,cam_3_1690337816_21-16-56.jpg
672,639,1852.1444,506.82175,2398.202,845.25836,cam_3_1690337816_21-16-56.jpg
672,621,2319.9067,352.6522,2775.05,620.66516,cam_3_1690337816_21-16-56.jpg
672,401,1399.971,366.3809,1700.1597,569.7441,cam_3_1690337816_21-16-56.jpg
672,665,1535.0837,434.71973,1929.0272,643.89703,cam_3_1690337816_21-16-56.jpg
672,666,1647.2704,457.26794,2018.7389,688.1895,cam_3_1690337816_21-16-56.jpg
672,667,2752.0037,200.38614,3248.339,549.60034,cam_3_1690337816_21-16-56.jpg
672,522,416.7027,334.36072,822.4362,612.24347,cam_3_1690337816_21-16-56.jpg
672,661,1249.3508,204.35007,1451.7026,335.65024,cam_3_1690337816_21-16-56.jpg
673,566,1769.5911,464.19586,2166.06,741.0664,cam_3_1690337951_21-19-11.jpg
673,660,1204.6735,279.53458,1615.8186,595.5678,cam_3_1690337951_21-19-11.jpg
673,639,1853.2793,503.2549,2390.7026,846.1993,cam_3_1690337951_21-19-11.jpg
673,621,2355.01,413.03503,2767.4941,627.22504,cam_3_1690337951_21-19-11.jpg
673,401,1404.507,362.04257,1702.094,569.19324,cam_3_1690337951_21-19-11.jpg
673,665,1533.5912,429.7192,1936.1317,644.3582,cam_3_1690337951_21-19-11.jpg
673,666,1649.411,452.8915,2023.3807,687.95825,cam_3_1690337951_21-19-11.jpg
673,667,2672.3857,196.69568,3212.8694,531.2368,cam_3_1690337951_21-19-11.jpg
673,522,389.96786,327.16748,840.7775,606.55194,cam_3_1690337951_21-19-11.jpg
673,668,2032.5261,389.0872,2371.0935,518.29755,cam_3_1690337951_21-19-11.jpg
674,566,1770.3215,466.57523,2164.2148,739.50665,cam_3_1690338056_21-20-56.jpg
674,660,1196.4253,273.33292,1620.9021,593.89124,cam_3_1690338056_21-20-56.jpg
674,639,1851.1804,502.24692,2381.4565,845.24567,cam_3_1690338056_21-20-56.jpg
674,621,2376.765,431.1689,2768.0723,629.63837,cam_3_1690338056_21-20-56.jpg
674,401,1403.4788,364.48175,1699.8165,565.76605,cam_3_1690338056_21-20-56.jpg
674,665,1532.0559,432.54236,1927.927,644.52057,cam_3_1690338056_21-20-56.jpg
674,666,1650.2797,452.463,2028.8815,687.22314,cam_3_1690338056_21-20-56.jpg
674,667,2627.663,195.65411,3184.126,521.8119,cam_3_1690338056_21-20-56.jpg
674,522,424.4833,348.43802,778.2289,639.3376,cam_3_1690338056_21-20-56.jpg
674,668,2023.3236,388.09473,2379.063,515.10626,cam_3_1690338056_21-20-56.jpg
674,634,1696.0925,208.87614,2084.196,408.07065,cam_3_1690338056_21-20-56.jpg
675,566,1772.7078,464.60843,2167.8074,738.34283,cam_3_1690338461_21-27-41.jpg
675,639,1855.944,504.96658,2393.4246,842.5852,cam_3_1690338461_21-27-41.jpg
675,621,2381.8162,438.4979,2764.952,632.4819,cam_3_1690338461_21-27-41.jpg
675,401,1388.3566,360.44858,1691.4255,548.10596,cam_3_1690338461_21-27-41.jpg
675,665,1418.7328,437.69232,1816.1844,759.8448,cam_3_1690338461_21-27-41.jpg
675,666,1682.8704,435.3932,2033.7849,666.7149,cam_3_1690338461_21-27-41.jpg
675,668,2019.3035,393.50748,2375.154,513.38116,cam_3_1690338461_21-27-41.jpg
675,634,1708.585,214.19287,2087.9573,406.49823,cam_3_1690338461_21-27-41.jpg
675,623,1607.0387,175.54694,1916.5029,329.96667,cam_3_1690338461_21-27-41.jpg
675,663,2065.8794,154.00906,2334.5862,364.25882,cam_3_1690338461_21-27-41.jpg
676,566,1773.5258,463.34155,2171.2026,737.121,cam_3_1690338506_21-28-26.jpg
676,639,1859.5458,505.8796,2392.8875,841.11487,cam_3_1690338506_21-28-26.jpg
676,621,2374.2012,439.19363,2763.3333,634.9094,cam_3_1690338506_21-28-26.jpg
676,401,1384.244,359.18277,1686.6323,541.0458,cam_3_1690338506_21-28-26.jpg
676,665,1382.559,440.6411,1786.8896,792.2595,cam_3_1690338506_21-28-26.jpg
676,666,1696.6792,433.09995,2031.9622,660.33014,cam_3_1690338506_21-28-26.jpg
676,668,2021.8627,396.92877,2371.048,514.8708,cam_3_1690338506_21-28-26.jpg
676,634,1703.6516,212.50891,2094.059,409.31113,cam_3_1690338506_21-28-26.jpg
676,663,2019.5515,147.63722,2314.776,361.92288,cam_3_1690338506_21-28-26.jpg
677,566,1770.6078,461.00073,2166.45,739.3014,cam_3_1690338521_21-28-41.jpg
677,639,1858.7843,508.5844,2398.0117,841.307,cam_3_1690338521_21-28-41.jpg
677,621,2370.46,440.39838,2759.6125,634.38196,cam_3_1690338521_21-28-41.jpg
677,401,1394.673,358.79764,1690.7299,553.7732,cam_3_1690338521_21-28-41.jpg
677,665,1384.4951,448.49973,1767.085,810.6217,cam_3_1690338521_21-28-41.jpg
677,666,1693.783,429.90488,2026.0052,645.23425,cam_3_1690338521_21-28-41.jpg
677,668,2022.3185,397.57,2370.1812,513.4714,cam_3_1690338521_21-28-41.jpg
677,634,1702.5569,210.92267,2095.983,409.28424,cam_3_1690338521_21-28-41.jpg
677,663,2029.3182,144.03508,2314.779,351.34717,cam_3_1690338521_21-28-41.jpg
677,670,2260.8264,171.76112,2625.0454,418.63818,cam_3_1690338521_21-28-41.jpg
678,566,1769.9387,463.51422,2159.797,740.50055,cam_3_1690338551_21-29-11.jpg
678,639,1857.8419,511.0777,2395.791,843.2649,cam_3_1690338551_21-29-11.jpg
678,621,2364.8022,438.37097,2760.855,632.0387,cam_3_1690338551_21-29-11.jpg
678,401,1398.196,357.67545,1694.108,560.37103,cam_3_1690338551_21-29-11.jpg
678,665,1398.4496,451.09665,1771.5416,823.15466,cam_3_1690338551_21-29-11.jpg
678,666,1704.6582,440.1179,2022.2319,647.73126,cam_3_1690338551_21-29-11.jpg
678,668,2024.0269,399.62515,2375.7664,517.49835,cam_3_1690338551_21-29-11.jpg
678,634,1716.3623,213.93909,2093.934,408.7991,cam_3_1690338551_21-29-11.jpg
678,663,2022.8137,146.37686,2310.8438,359.2928,cam_3_1690338551_21-29-11.jpg
678,670,2262.1008,174.26318,2566.8354,406.75433,cam_3_1690338551_21-29-11.jpg
678,672,1644.8486,433.6244,1969.9907,600.78754,cam_3_1690338551_21-29-11.jpg
678,623,1609.7546,184.53342,1943.5629,334.20755,cam_3_1690338551_21-29-11.jpg
679,566,1768.8655,465.93796,2159.4504,742.1978,cam_3_1690338566_21-29-26.jpg
679,639,1860.4861,511.75073,2396.1821,843.1963,cam_3_1690338566_21-29-26.jpg
679,621,2365.694,438.159,2760.9055,632.1668,cam_3_1690338566_21-29-26.jpg
679,401,1401.3285,358.9152,1696.1898,560.1367,cam_3_1690338566_21-29-26.jpg
679,665,1397.4404,452.20898,1768.5015,826.2889,cam_3_1690338566_21-29-26.jpg
679,666,1699.4713,439.84558,2026.4927,656.667,cam_3_1690338566_21-29-26.jpg
679,668,2020.2788,400.25223,2374.9077,517.9606,cam_3_1690338566_21-29-26.jpg
679,634,1714.3163,213.0333,2098.3616,407.91617,cam_3_1690338566_21-29-26.jpg
679,663,2026.7339,148.19844,2322.9492,364.3721,cam_3_1690338566_21-29-26.jpg
679,670,2265.4585,172.78786,2547.163,408.4019,cam_3_1690338566_21-29-26.jpg
679,623,1603.1382,188.12306,1912.1326,344.05554,cam_3_1690338566_21-29-26.jpg
680,566,1816.5365,461.4978,2169.4348,711.7656,cam_3_1690338671_21-31-11.jpg
680,639,1875.614,511.13147,2400.8508,845.93195,cam_3_1690338671_21-31-11.jpg
680,621,2364.4353,435.7955,2758.24,630.0669,cam_3_1690338671_21-31-11.jpg
680,401,1400.9263,361.465,1689.5503,567.23236,cam_3_1690338671_21-31-11.jpg
680,665,1507.3016,478.31003,1887.7666,904.1473,cam_3_1690338671_21-31-11.jpg
680,668,2013.5079,393.0212,2361.3582,513.77966,cam_3_1690338671_21-31-11.jpg
680,634,1717.1329,212.72633,2090.158,408.5013,cam_3_1690338671_21-31-11.jpg
680,663,2113.8032,152.6041,2382.3184,374.52097,cam_3_1690338671_21-31-11.jpg
680,670,2307.8904,193.40463,2577.817,453.7172,cam_3_1690338671_21-31-11.jpg
680,623,1483.6307,192.03247,1801.2155,373.1264,cam_3_1690338671_21-31-11.jpg
680,672,1521.9801,442.16574,1871.4562,650.2449,cam_3_1690338671_21-31-11.jpg
681,566,1829.3705,462.7882,2171.1912,700.1213,cam_3_1690338776_21-32-56.jpg
681,639,1878.9751,507.747,2401.491,846.35913,cam_3_1690338776_21-32-56.jpg
681,621,2367.1067,437.4158,2754.2256,628.22253,cam_3_1690338776_21-32-56.jpg
681,401,1400.7583,363.35477,1691.7323,569.94696,cam_3_1690338776_21-32-56.jpg
681,665,1550.6355,489.34283,1929.7538,940.7284,cam_3_1690338776_21-32-56.jpg
681,668,2007.82,394.01273,2362.703,518.3592,cam_3_1690338776_21-32-56.jpg
681,634,1705.7491,210.23836,2090.4966,402.42722,cam_3_1690338776_21-32-56.jpg
681,663,2187.3381,159.44676,2466.9375,392.7611,cam_3_1690338776_21-32-56.jpg
681,672,1502.6959,434.94373,1886.3456,656.71576,cam_3_1690338776_21-32-56.jpg
681,660,1212.6677,222.07181,1563.5732,446.42197,cam_3_1690338776_21-32-56.jpg
682,566,1822.7872,458.69302,2152.7634,673.7852,cam_3_1690339046_21-37-26.jpg
682,639,1896.0616,503.23175,2404.1213,833.85016,cam_3_1690339046_21-37-26.jpg
682,621,2358.086,447.95493,2724.7034,636.8119,cam_3_1690339046_21-37-26.jpg
682,401,1403.7324,366.6561,1695.9822,569.1936,cam_3_1690339046_21-37-26.jpg
682,665,1612.1559,500.33133,2004.1696,961.2799,cam_3_1690339046_21-37-26.jpg
682,668,2012.4161,394.8256,2345.2085,524.75397,cam_3_1690339046_21-37-26.jpg
682,672,1499.4283,441.79593,1882.1179,660.7528,cam_3_1690339046_21-37-26.jpg
682,660,1165.4081,229.6675,1509.55,446.3316,cam_3_1690339046_21-37-26.jpg
682,643,2984.1147,309.7164,3225.763,742.34454,cam_3_1690339046_21-37-26.jpg
682,667,2685.1565,250.32597,3013.9893,619.5174,cam_3_1690339046_21-37-26.jpg
682,670,2249.5942,245.63751,2564.5154,522.40845,cam_3_1690339046_21-37-26.jpg
683,566,1832.9337,466.92664,2157.242,670.18054,cam_3_1690339061_21-37-41.jpg
683,639,1938.8486,504.65442,2401.7605,803.0914,cam_3_1690339061_21-37-41.jpg
683,401,1402.6769,365.9602,1697.6171,569.2156,cam_3_1690339061_21-37-41.jpg
683,665,1698.5319,517.5234,2098.6,1030.252,cam_3_1690339061_21-37-41.jpg
683,668,2013.2891,395.85535,2346.0742,529.2549,cam_3_1690339061_21-37-41.jpg
683,672,1499.0731,447.4581,1877.544,656.46405,cam_3_1690339061_21-37-41.jpg
683,660,1192.2831,229.97272,1491.7397,443.5649,cam_3_1690339061_21-37-41.jpg
683,643,2991.0571,308.80222,3265.7075,754.11975,cam_3_1690339061_21-37-41.jpg
683,667,2656.41,256.1024,3023.3796,613.43604,cam_3_1690339061_21-37-41.jpg
683,670,2251.2131,261.47375,2560.712,537.98425,cam_3_1690339061_21-37-41.jpg
683,666,1648.3118,438.75818,2043.5177,691.2976,cam_3_1690339061_21-37-41.jpg
684,566,1787.525,471.33902,2150.534,719.7854,cam_3_1690339181_21-39-41.jpg
684,639,1883.794,508.20197,2397.7708,831.04785,cam_3_1690339181_21-39-41.jpg
684,401,1402.5156,363.78033,1697.2362,568.6509,cam_3_1690339181_21-39-41.jpg
684,672,1502.7793,448.29504,1892.9094,654.959,cam_3_1690339181_21-39-41.jpg
684,643,3036.9111,327.19427,3315.3313,783.24585,cam_3_1690339181_21-39-41.jpg
684,667,2609.2095,263.45856,3032.2485,615.3089,cam_3_1690339181_21-39-41.jpg
684,670,2216.7026,264.327,2555.3523,531.79285,cam_3_1690339181_21-39-41.jpg
684,666,1644.8644,434.86078,2042.9458,691.269,cam_3_1690339181_21-39-41.jpg
684,621,2337.0486,458.13095,2719.669,636.02576,cam_3_1690339181_21-39-41.jpg
685,566,1770.7849,465.3269,2175.5662,736.2707,cam_3_1690339481_21-44-41.jpg
685,639,1865.3457,506.0358,2378.7158,841.8817,cam_3_1690339481_21-44-41.jpg
685,401,1401.2699,362.8475,1704.0325,567.0076,cam_3_1690339481_21-44-41.jpg
685,672,1500.3047,448.17767,1907.8862,657.65857,cam_3_1690339481_21-44-41.jpg
685,643,3043.974,336.56268,3310.7112,793.23376,cam_3_1690339481_21-44-41.jpg
685,667,2708.7146,247.38673,2996.9036,595.12415,cam_3_1690339481_21-44-41.jpg
685,666,1643.3899,432.59003,2042.9412,694.4873,cam_3_1690339481_21-44-41.jpg
685,621,2389.9858,294.69193,2736.6782,631.1462,cam_3_1690339481_21-44-41.jpg
685,649,1232.4772,1381.1111,2370.5017,2784.2812,cam_3_1690339481_21-44-41.jpg
685,668,2057.5256,402.22424,2422.1626,556.3598,cam_3_1690339481_21-44-41.jpg
686,566,1763.4836,460.92728,2179.2012,744.71747,cam_3_1690339526_21-45-26.jpg
686,639,1857.7852,504.16406,2405.469,846.9026,cam_3_1690339526_21-45-26.jpg
686,401,1399.7095,365.3795,1708.8359,566.12286,cam_3_1690339526_21-45-26.jpg
686,672,1499.8699,448.35025,1902.295,657.3921,cam_3_1690339526_21-45-26.jpg
686,643,3063.144,345.52133,3336.5247,808.20795,cam_3_1690339526_21-45-26.jpg
686,667,2748.1438,237.84538,2978.9055,586.281,cam_3_1690339526_21-45-26.jpg
686,666,1640.4824,426.26923,2039.1831,695.372,cam_3_1690339526_21-45-26.jpg
686,621,2411.9614,247.05219,2727.3066,628.05414,cam_3_1690339526_21-45-26.jpg
686,676,1496.3944,791.843,2614.5352,1497.5244,cam_3_1690339526_21-45-26.jpg
686,649,1233.6558,1380.3264,2379.4678,2784.9524,cam_3_1690339526_21-45-26.jpg
686,668,2062.0103,403.50162,2442.0776,560.0424,cam_3_1690339526_21-45-26.jpg
687,566,1762.1438,461.25424,2187.0356,747.1605,cam_3_1690339616_21-46-56.jpg
687,639,1850.1538,500.84732,2401.5942,848.9605,cam_3_1690339616_21-46-56.jpg
687,401,1399.0511,365.21436,1714.7291,566.5249,cam_3_1690339616_21-46-56.jpg
687,672,1501.8339,449.19412,1905.1641,657.7909,cam_3_1690339616_21-46-56.jpg
687,643,3065.2742,351.86688,3336.344,818.56714,cam_3_1690339616_21-46-56.jpg
687,667,2634.2117,201.37706,2918.856,523.55804,cam_3_1690339616_21-46-56.jpg
687,666,1640.5662,426.01666,2041.2089,696.69995,cam_3_1690339616_21-46-56.jpg
687,621,2426.9338,227.113,2719.4546,624.02795,cam_3_1690339616_21-46-56.jpg
687,676,1523.2542,798.37976,2672.4563,1481.8066,cam_3_1690339616_21-46-56.jpg
687,649,1245.4747,1374.2712,2404.121,2781.6248,cam_3_1690339616_21-46-56.jpg
687,668,2065.1584,404.61053,2453.1519,564.57623,cam_3_1690339616_21-46-56.jpg
688,566,1762.511,465.45084,2182.5325,749.86414,cam_3_1690339901_21-51-41.jpg
688,639,1847.1183,503.19666,2397.5913,854.24036,cam_3_1690339901_21-51-41.jpg
688,401,1401.8059,360.3385,1710.1744,567.4453,cam_3_1690339901_21-51-41.jpg
688,672,1499.9949,450.9559,1896.585,656.57263,cam_3_1690339901_21-51-41.jpg
688,666,1639.492,422.9106,2050.8403,698.0298,cam_3_1690339901_21-51-41.jpg
688,621,2423.8586,210.8843,2718.8416,597.2908,cam_3_1690339901_21-51-41.jpg
688,676,1551.1935,817.4539,2706.1248,1470.0608,cam_3_1690339901_21-51-41.jpg
688,668,2050.925,405.31183,2452.301,560.4043,cam_3_1690339901_21-51-41.jpg
688,632,535.4073,636.2023,1219.9222,1089.1647,cam_3_1690339901_21-51-41.jpg
688,623,1326.3953,173.54196,1631.9622,363.37897,cam_3_1690339901_21-51-41.jpg
689,566,1762.5063,464.08966,2178.992,750.4915,cam_3_1690339961_21-52-41.jpg
689,639,1845.7921,500.83673,2409.2175,851.36475,cam_3_1690339961_21-52-41.jpg
689,401,1399.8221,362.2544,1710.2728,569.6986,cam_3_1690339961_21-52-41.jpg
689,672,1503.3796,450.50986,1908.6892,653.9259,cam_3_1690339961_21-52-41.jpg
689,666,1640.567,424.7652,2046.6683,697.3986,cam_3_1690339961_21-52-41.jpg
689,621,2419.6467,205.39001,2713.949,585.8655,cam_3_1690339961_21-52-41.jpg
689,676,1565.2343,834.49286,2727.2559,1464.6028,cam_3_1690339961_21-52-41.jpg
689,668,2031.419,398.15952,2442.9988,552.0077,cam_3_1690339961_21-52-41.jpg
689,679,2357.0598,415.4216,3161.073,893.33496,cam_3_1690339961_21-52-41.jpg
689,632,513.1775,628.3011,1210.0845,1095.3625,cam_3_1690339961_21-52-41.jpg
689,623,1299.9194,172.55762,1598.5706,370.31177,cam_3_1690339961_21-52-41.jpg
690,566,1758.4874,450.42798,2162.7644,752.46094,cam_3_1690340021_21-53-41.jpg
690,639,1839.9034,490.6398,2394.8257,850.8015,cam_3_1690340021_21-53-41.jpg
690,401,1400.6962,366.23987,1708.6409,571.8315,cam_3_1690340021_21-53-41.jpg
690,672,1506.2505,452.1661,1909.4917,654.8678,cam_3_1690340021_21-53-41.jpg
690,666,1641.2443,418.45697,2035.7704,696.349,cam_3_1690340021_21-53-41.jpg
690,621,2418.3823,202.89465,2714.264,574.10297,cam_3_1690340021_21-53-41.jpg
690,676,1589.1575,834.4221,2729.043,1463.4745,cam_3_1690340021_21-53-41.jpg
690,668,2036.9835,403.5691,2455.5696,561.36487,cam_3_1690340021_21-53-41.jpg
690,679,2014.5647,483.72153,2859.7283,951.27325,cam_3_1690340021_21-53-41.jpg
690,632,504.5553,624.30817,1195.0378,1097.4398,cam_3_1690340021_21-53-41.jpg
690,623,1289.7175,173.35919,1589.3008,372.50842,cam_3_1690340021_21-53-41.jpg
691,566,1758.1774,448.25003,2175.4968,751.14734,cam_3_1690340291_21-58-11.jpg
691,639,1840.5818,494.8547,2399.1519,850.9207,cam_3_1690340291_21-58-11.jpg
691,401,1398.2449,371.66125,1697.2781,576.5372,cam_3_1690340291_21-58-11.jpg
691,672,1505.5873,455.7225,1888.3993,663.1735,cam_3_1690340291_21-58-11.jpg
691,666,1642.1696,411.6737,2028.358,697.5852,cam_3_1690340291_21-58-11.jpg
691,621,2403.9038,200.56514,2717.8528,606.35266,cam_3_1690340291_21-58-11.jpg
691,676,1577.5773,833.1858,2722.1633,1461.5405,cam_3_1690340291_21-58-11.jpg
691,668,2028.8522,397.37677,2447.156,552.77,cam_3_1690340291_21-58-11.jpg
691,632,412.9322,590.655,1146.7931,1029.0121,cam_3_1690340291_21-58-11.jpg
691,522,381.9548,339.5104,836.14,630.08014,cam_3_1690340291_21-58-11.jpg
692,639,1823.1538,439.34744,2332.7905,829.33295,cam_3_1690340846_22-07-26.jpg
692,401,1388.6758,364.9163,1698.8905,574.1193,cam_3_1690340846_22-07-26.jpg
692,666,1547.0563,375.2343,2001.9656,752.054,cam_3_1690340846_22-07-26.jpg
692,676,1940.9761,621.4231,2783.9604,1278.1863,cam_3_1690340846_22-07-26.jpg
692,522,445.6956,416.73267,863.68317,776.76843,cam_3_1690340846_22-07-26.jpg
692,617,2237.0679,438.41882,2686.8284,647.09424,cam_3_1690340846_22-07-26.jpg
692,679,1679.1598,562.2081,2119.838,1157.3365,cam_3_1690340846_22-07-26.jpg
693,639,1833.9183,475.369,2353.6208,824.9798,cam_3_1690340861_22-07-41.jpg
693,401,1385.079,362.7858,1706.9685,572.41815,cam_3_1690340861_22-07-41.jpg
693,666,1511.0449,362.84595,2010.5621,772.50555,cam_3_1690340861_22-07-41.jpg
693,676,2090.8174,558.19037,2819.547,1203.3052,cam_3_1690340861_22-07-41.jpg
693,522,464.51257,441.01755,915.6995,847.46704,cam_3_1690340861_22-07-41.jpg
693,683,1308.312,344.7282,1620.7618,540.37885,cam_3_1690340861_22-07-41.jpg
693,617,2280.9902,440.1758,2698.3018,635.1423,cam_3_1690340861_22-07-41.jpg
693,665,1747.7745,744.8213,2309.3723,1583.0587,cam_3_1690340861_22-07-41.jpg
693,566,1761.1144,458.20303,2179.8206,751.0667,cam_3_1690340861_22-07-41.jpg
693,668,2013.5188,392.71628,2403.799,542.6606,cam_3_1690340861_22-07-41.jpg
694,639,1841.7997,492.9547,2375.3928,830.67706,cam_3_1690340996_22-09-56.jpg
694,666,1428.6597,362.63556,1944.4463,799.0721,cam_3_1690340996_22-09-56.jpg
694,676,2276.9402,529.4762,3157.638,1094.2736,cam_3_1690340996_22-09-56.jpg
694,522,410.68835,446.4138,957.6837,850.68884,cam_3_1690340996_22-09-56.jpg
694,683,1299.6993,344.89685,1623.2185,537.1657,cam_3_1690340996_22-09-56.jpg
694,617,2314.6663,441.20456,2700.291,623.3867,cam_3_1690340996_22-09-56.jpg
694,566,1760.3785,456.69952,2175.3848,746.6479,cam_3_1690340996_22-09-56.jpg
694,668,2008.1366,392.73666,2396.591,534.20636,cam_3_1690340996_22-09-56.jpg
694,602,1273.9995,1244.4155,2560.8098,2430.044,cam_3_1690340996_22-09-56.jpg
695,639,1841.584,504.9289,2377.1667,830.4942,cam_3_1690341176_22-12-56.jpg
695,676,2586.299,566.85504,3614.8918,1152.35,cam_3_1690341176_22-12-56.jpg
695,617,2309.4,441.65497,2706.2805,645.5052,cam_3_1690341176_22-12-56.jpg
695,566,1758.5162,450.26157,2161.5168,743.4683,cam_3_1690341176_22-12-56.jpg
695,668,2012.337,393.75375,2386.894,535.86035,cam_3_1690341176_22-12-56.jpg
695,581,659.36414,1119.9178,1923.6158,2160.8354,cam_3_1690341176_22-12-56.jpg
695,672,1508.2665,445.79535,1902.9376,655.13257,cam_3_1690341176_22-12-56.jpg
695,401,1286.7797,304.34552,1724.1543,614.4598,cam_3_1690341176_22-12-56.jpg
696,639,1844.2384,508.79034,2388.2175,831.35535,cam_3_1690341296_22-14-56.jpg
696,676,2745.8025,503.41266,3398.5588,1170.0912,cam_3_1690341296_22-14-56.jpg
696,617,2311.8208,439.90225,2707.5186,655.01697,cam_3_1690341296_22-14-56.jpg
696,566,1755.1239,446.29343,2165.7175,742.11115,cam_3_1690341296_22-14-56.jpg
696,668,2021.6729,392.8132,2397.6047,534.8872,cam_3_1690341296_22-14-56.jpg
696,581,558.8898,1076.6068,1801.3694,1894.1105,cam_3_1690341296_22-14-56.jpg
696,672,1512.2577,443.54388,1905.0188,655.1395,cam_3_1690341296_22-14-56.jpg
696,401,1257.8978,296.74854,1723.6512,624.9312,cam_3_1690341296_22-14-56.jpg
696,602,1207.5931,1339.3015,2582.5908,2712.104,cam_3_1690341296_22-14-56.jpg
697,639,1843.4265,508.67294,2371.2925,827.09045,cam_3_1690341401_22-16-41.jpg
697,676,2917.9048,339.90393,3557.168,854.28357,cam_3_1690341401_22-16-41.jpg
697,566,1732.253,444.74796,2150.2092,750.1949,cam_3_1690341401_22-16-41.jpg
697,668,2032.7253,394.12515,2389.534,535.29736,cam_3_1690341401_22-16-41.jpg
697,581,658.02045,1165.8835,1997.9722,2155.5708,cam_3_1690341401_22-16-41.jpg
697,672,1515.1389,447.62772,1909.8156,655.86115,cam_3_1690341401_22-16-41.jpg
697,401,1248.9423,295.3438,1726.5583,629.43744,cam_3_1690341401_22-16-41.jpg
697,602,1228.0763,1374.4137,2584.2163,2766.7847,cam_3_1690341401_22-16-41.jpg
697,621,2447.8003,244.4335,2757.5654,587.10724,cam_3_1690341401_22-16-41.jpg
697,679,657.1181,912.7433,1616.5088,1547.9847,cam_3_1690341401_22-16-41.jpg
698,639,1840.4176,508.5048,2388.1643,829.8135,cam_3_1690341446_22-17-26.jpg
698,676,2958.9526,271.20724,3609.3633,719.2326,cam_3_1690341446_22-17-26.jpg
698,566,1679.9371,379.4899,2105.223,738.2743,cam_3_1690341446_22-17-26.jpg
698,668,2043.4491,391.9192,2402.0413,529.12274,cam_3_1690341446_22-17-26.jpg
698,581,709.95044,1186.0592,2082.9531,2204.7036,cam_3_1690341446_22-17-26.jpg
698,401,1273.8721,293.1819,1736.6156,613.31177,cam_3_1690341446_22-17-26.jpg
698,602,1193.2988,1397.1364,2596.9382,2789.5815,cam_3_1690341446_22-17-26.jpg
698,679,544.5774,936.455,1562.2169,1581.5519,cam_3_1690341446_22-17-26.jpg
698,617,2341.5012,437.67462,2704.8662,653.26263,cam_3_1690341446_22-17-26.jpg
699,639,1840.1326,508.63168,2391.6409,830.52,cam_3_1690341461_22-17-41.jpg
699,676,2962.8774,255.81789,3611.9858,680.5859,cam_3_1690341461_22-17-41.jpg
699,566,1663.7112,359.17636,2071.228,740.305,cam_3_1690341461_22-17-41.jpg
699,668,2028.6697,393.63196,2405.1104,529.51276,cam_3_1690341461_22-17-41.jpg
699,581,714.9432,1195.3145,2110.617,2231.1523,cam_3_1690341461_22-17-41.jpg
699,401,1335.2185,338.15988,1749.8007,596.99695,cam_3_1690341461_22-17-41.jpg
699,602,1163.0342,1404.1552,2596.2427,2798.7817,cam_3_1690341461_22-17-41.jpg
699,679,523.4519,940.57355,1549.637,1601.5494,cam_3_1690341461_22-17-41.jpg
699,617,2346.5913,437.8044,2703.1135,653.85785,cam_3_1690341461_22-17-41.jpg
699,683,1304.0101,344.44116,1642.7631,533.25397,cam_3_1690341461_22-17-41.jpg
700,639,1837.9847,507.1,2384.292,829.0715,cam_3_1690341566_22-19-26.jpg
700,676,3002.7285,248.46927,3625.775,671.99835,cam_3_1690341566_22-19-26.jpg
700,566,1637.191,355.06885,2186.9832,744.3758,cam_3_1690341566_22-19-26.jpg
700,581,580.0653,1174.4205,2140.3132,2161.1953,cam_3_1690341566_22-19-26.jpg
700,401,1363.2122,358.6136,1758.2521,588.1115,cam_3_1690341566_22-19-26.jpg
700,602,1075.2126,1418.023,2685.0217,2588.1584,cam_3_1690341566_22-19-26.jpg
700,679,373.61816,918.8388,1572.3663,1555.264,cam_3_1690341566_22-19-26.jpg
700,617,2351.1199,437.80975,2700.4966,651.23535,cam_3_1690341566_22-19-26.jpg
700,683,1301.5405,345.04315,1633.1254,533.6189,cam_3_1690341566_22-19-26.jpg
701,639,1841.608,503.39337,2376.2046,827.2248,cam_3_1690341641_22-20-41.jpg
701,676,3013.732,249.39781,3556.8818,706.0936,cam_3_1690341641_22-20-41.jpg
701,566,1627.1975,355.32904,2224.7966,751.4863,cam_3_1690341641_22-20-41.jpg
701,401,1373.9481,365.2636,1767.2888,585.0486,cam_3_1690341641_22-20-41.jpg
701,679,622.12463,853.2539,1423.5366,1559.7245,cam_3_1690341641_22-20-41.jpg
701,617,2350.1475,438.97916,2701.45,650.38367,cam_3_1690341641_22-20-41.jpg
701,683,1301.3058,342.36325,1636.911,533.72046,cam_3_1690341641_22-20-41.jpg
701,522,480.89627,604.7822,1038.768,877.78973,cam_3_1690341641_22-20-41.jpg
702,639,1838.0876,507.55402,2387.5962,827.5956,cam_3_1690341686_22-21-26.jpg
702,676,2999.971,247.75676,3384.3906,686.705,cam_3_1690341686_22-21-26.jpg
702,566,1617.4808,349.8703,2182.7068,750.1472,cam_3_1690341686_22-21-26.jpg
702,401,1375.6115,366.66562,1761.5696,585.5514,cam_3_1690341686_22-21-26.jpg
702,679,540.27313,832.2827,1343.6295,1440.4507,cam_3_1690341686_22-21-26.jpg
702,617,2349.6687,440.37317,2701.5334,650.64044,cam_3_1690341686_22-21-26.jpg
702,683,1303.4539,348.44034,1633.7329,534.7867,cam_3_1690341686_22-21-26.jpg
702,687,543.401,705.2152,1212.3782,1139.2274,cam_3_1690341686_22-21-26.jpg
702,522,387.35605,577.11835,1082.2444,861.0929,cam_3_1690341686_22-21-26.jpg
703,639,1838.655,511.753,2388.416,828.3891,cam_3_1690341881_22-24-41.jpg
703,566,1557.8931,359.8863,2102.8557,798.75024,cam_3_1690341881_22-24-41.jpg
703,401,1376.508,374.18054,1775.5504,585.1311,cam_3_1690341881_22-24-41.jpg
703,679,506.0047,799.9792,1337.3716,1352.89,cam_3_1690341881_22-24-41.jpg
703,617,2345.9592,439.85574,2709.3691,654.6213,cam_3_1690341881_22-24-41.jpg
703,683,1303.4761,350.34634,1644.0077,535.8872,cam_3_1690341881_22-24-41.jpg
703,687,548.3423,701.55273,1226.2241,1147.623,cam_3_1690341881_22-24-41.jpg
703,522,403.49606,560.9644,1116.5679,854.5457,cam_3_1690341881_22-24-41.jpg
703,602,1218.2123,1274.8535,2276.8213,2757.567,cam_3_1690341881_22-24-41.jpg
704,639,1837.5358,511.75793,2392.8123,828.75104,cam_3_1690342061_22-27-41.jpg
704,566,1530.045,361.06628,2089.7312,821.39404,cam_3_1690342061_22-27-41.jpg
704,401,1376.1624,375.11417,1780.822,585.4662,cam_3_1690342061_22-27-41.jpg
704,679,490.71005,777.38336,1336.4053,1325.6257,cam_3_1690342061_22-27-41.jpg
704,617,2345.5352,440.92453,2714.9822,657.65717,cam_3_1690342061_22-27-41.jpg
704,683,1303.2557,350.86456,1652.6086,534.78265,cam_3_1690342061_22-27-41.jpg
704,687,532.5649,696.94855,1233.1394,1166.5974,cam_3_1690342061_22-27-41.jpg
704,522,389.61276,543.659,1136.7896,857.9495,cam_3_1690342061_22-27-41.jpg
704,602,1246.3198,1271.7357,2216.2107,2783.4568,cam_3_1690342061_22-27-41.jpg
704,667,2034.6432,256.7713,2451.063,470.97092,cam_3_1690342061_22-27-41.jpg
705,639,1837.9884,510.55533,2390.8008,828.0573,cam_3_1690342106_22-28-26.jpg
705,566,1520.0682,365.8237,2118.6912,829.8668,cam_3_1690342106_22-28-26.jpg
705,401,1377.2743,374.48212,1781.8447,585.0618,cam_3_1690342106_22-28-26.jpg
705,679,506.28345,763.5071,1402.1987,1351.9204,cam_3_1690342106_22-28-26.jpg
705,617,2346.2239,441.93887,2718.1624,659.8468,cam_3_1690342106_22-28-26.jpg
705,683,1303.6123,351.2421,1658.7396,535.0437,cam_3_1690342106_22-28-26.jpg
705,687,517.63153,688.23334,1217.5498,1172.9199,cam_3_1690342106_22-28-26.jpg
705,522,408.06897,544.052,1120.2096,876.2672,cam_3_1690342106_22-28-26.jpg
705,602,1275.551,1270.7596,2214.6558,2792.2727,cam_3_1690342106_22-28-26.jpg
705,667,2016.22,257.9669,2439.562,470.44864,cam_3_1690342106_22-28-26.jpg
706,639,1838.4257,512.7413,2395.0789,826.8403,cam_3_1690342391_22-33-11.jpg
706,566,1511.9546,372.4162,2081.8025,828.85284,cam_3_1690342391_22-33-11.jpg
706,401,1374.0979,372.65863,1764.4625,580.43896,cam_3_1690342391_22-33-11.jpg
706,679,410.19128,769.76434,1397.8289,1240.3418,cam_3_1690342391_22-33-11.jpg
706,617,2344.5068,441.8706,2712.5007,657.5002,cam_3_1690342391_22-33-11.jpg
706,683,1303.1592,351.183,1650.4934,535.57513,cam_3_1690342391_22-33-11.jpg
706,687,497.1471,660.3551,1189.6923,1043.701,cam_3_1690342391_22-33-11.jpg
706,522,377.3959,534.25635,1105.6299,919.4241,cam_3_1690342391_22-33-11.jpg
706,621,2589.4182,257.45026,2927.1936,601.86926,cam_3_1690342391_22-33-11.jpg
707,639,1835.8121,507.22894,2391.7505,831.0828,cam_3_1690342541_22-35-41.jpg
707,566,1500.7677,380.8883,2119.444,838.223,cam_3_1690342541_22-35-41.jpg
707,401,1377.6979,376.6532,1758.5914,577.87836,cam_3_1690342541_22-35-41.jpg
707,679,354.75992,860.31104,1534.404,1468.382,cam_3_1690342541_22-35-41.jpg
707,617,2351.3545,440.35315,2717.1594,657.1078,cam_3_1690342541_22-35-41.jpg
707,683,1303.8728,353.57208,1647.834,537.122,cam_3_1690342541_22-35-41.jpg
707,687,521.55884,648.0871,1134.8177,1022.9063,cam_3_1690342541_22-35-41.jpg
707,522,447.67102,518.879,1015.42035,888.3195,cam_3_1690342541_22-35-41.jpg
707,602,1259.2092,1411.2405,2388.71,2792.0752,cam_3_1690342541_22-35-41.jpg
708,639,1836.5566,510.98083,2395.4468,830.94775,cam_3_1690342616_22-36-56.jpg
708,566,1503.0729,383.50113,2119.36,833.2373,cam_3_1690342616_22-36-56.jpg
708,401,1378.187,376.3947,1758.1445,579.5553,cam_3_1690342616_22-36-56.jpg
708,679,467.21698,891.14923,1566.3851,1539.0448,cam_3_1690342616_22-36-56.jpg
708,617,2341.038,439.29932,2715.571,660.0715,cam_3_1690342616_22-36-56.jpg
708,683,1301.37,352.60748,1629.3617,535.3612,cam_3_1690342616_22-36-56.jpg
708,687,523.5348,649.7562,1110.9712,1008.178,cam_3_1690342616_22-36-56.jpg
708,522,482.30457,495.84604,1020.0952,864.606,cam_3_1690342616_22-36-56.jpg
708,690,463.06445,765.83514,1459.4276,1189.0225,cam_3_1690342616_22-36-56.jpg
708,602,1227.027,1449.573,2418.937,2782.2449,cam_3_1690342616_22-36-56.jpg
709,639,1837.4948,510.52682,2392.5806,831.67236,cam_3_1690342646_22-37-26.jpg
709,566,1502.8229,381.26654,2131.5667,831.9954,cam_3_1690342646_22-37-26.jpg
709,401,1378.362,377.09308,1755.1115,577.5135,cam_3_1690342646_22-37-26.jpg
709,679,355.69937,882.2063,1615.7754,1558.7587,cam_3_1690342646_22-37-26.jpg
709,617,2342.0974,439.3969,2715.8123,659.95184,cam_3_1690342646_22-37-26.jpg
709,683,1305.4355,353.144,1632.4977,535.9634,cam_3_1690342646_22-37-26.jpg
709,687,526.11615,649.61536,1111.0261,1023.0128,cam_3_1690342646_22-37-26.jpg
709,522,497.79816,478.8448,1021.5969,864.19525,cam_3_1690342646_22-37-26.jpg
709,690,573.02527,766.0028,1429.1309,1252.1611,cam_3_1690342646_22-37-26.jpg
709,602,1216.45,1461.352,2427.0947,2779.1694,cam_3_1690342646_22-37-26.jpg
710,639,1838.2815,508.7755,2386.5637,833.00726,cam_3_1690342721_22-38-41.jpg
710,566,1512.2828,376.34546,2151.206,831.83624,cam_3_1690342721_22-38-41.jpg
710,401,1377.9843,377.42926,1752.7566,579.00806,cam_3_1690342721_22-38-41.jpg
710,679,376.1792,852.6524,1605.8511,1558.934,cam_3_1690342721_22-38-41.jpg
710,617,2350.9165,438.9524,2718.1384,661.90564,cam_3_1690342721_22-38-41.jpg
710,683,1303.9264,357.56482,1633.5178,536.86206,cam_3_1690342721_22-38-41.jpg
710,687,480.68826,650.3647,1095.0947,1021.7385,cam_3_1690342721_22-38-41.jpg
710,522,457.2124,477.2816,1029.1958,855.75134,cam_3_1690342721_22-38-41.jpg
710,690,470.23724,764.793,1436.2603,1243.0083,cam_3_1690342721_22-38-41.jpg
710,602,1217.8696,1478.7219,2442.1216,2782.8809,cam_3_1690342721_22-38-41.jpg
711,639,1838.344,506.7183,2387.485,832.31555,cam_3_1690342766_22-39-26.jpg
711,566,1511.6007,375.46585,2160.439,831.6354,cam_3_1690342766_22-39-26.jpg
711,401,1378.4227,376.495,1756.2853,577.84955,cam_3_1690342766_22-39-26.jpg
711,679,453.57285,834.5584,1609.9381,1580.5033,cam_3_1690342766_22-39-26.jpg
711,617,2339.8853,440.44296,2717.4297,661.79333,cam_3_1690342766_22-39-26.jpg
711,683,1304.241,354.46713,1632.8768,534.52,cam_3_1690342766_22-39-26.jpg
711,687,486.42053,648.4108,1079.2843,1038.392,cam_3_1690342766_22-39-26.jpg
711,522,396.44153,472.96564,1028.412,820.7726,cam_3_1690342766_22-39-26.jpg
711,690,523.09125,764.67993,1440.4705,1293.9126,cam_3_1690342766_22-39-26.jpg
711,602,1222.201,1481.131,2432.8916,2778.162,cam_3_1690342766_22-39-26.jpg
711,634,1652.1115,186.881,1973.8297,371.19504,cam_3_1690342766_22-39-26.jpg
712,639,1835.0756,512.9997,2394.163,831.4982,cam_3_1690342781_22-39-41.jpg
712,566,1564.8972,372.83142,2180.976,770.4095,cam_3_1690342781_22-39-41.jpg
712,401,1379.479,375.761,1752.8949,580.4666,cam_3_1690342781_22-39-41.jpg
712,679,333.82236,819.5693,1621.3668,1565.6436,cam_3_1690342781_22-39-41.jpg
712,617,2337.5444,440.47858,2717.3484,659.0665,cam_3_1690342781_22-39-41.jpg
712,683,1306.3536,352.98972,1644.1212,535.40814,cam_3_1690342781_22-39-41.jpg
712,687,485.26044,649.5663,1070.2587,1051.9271,cam_3_1690342781_22-39-41.jpg
712,522,366.16504,469.46045,1033.5859,776.2254,cam_3_1690342781_22-39-41.jpg
712,690,487.5669,760.24207,1453.6437,1212.445,cam_3_1690342781_22-39-41.jpg
712,602,1230.9441,1476.7059,2426.7402,2777.5767,cam_3_1690342781_22-39-41.jpg
712,634,1653.5581,188.94972,1978.4762,371.38882,cam_3_1690342781_22-39-41.jpg
713,639,1834.7002,512.5678,2396.344,830.59625,cam_3_1690342841_22-40-41.jpg
713,566,1531.6915,371.816,2164.0547,814.28076,cam_3_1690342841_22-40-41.jpg
713,401,1379.9355,376.44467,1762.9827,581.73694,cam_3_1690342841_22-40-41.jpg
713,679,286.11438,819.64667,1625.0935,1560.4409,cam_3_1690342841_22-40-41.jpg
713,617,2339.8965,440.77405,2714.175,659.11597,cam_3_1690342841_22-40-41.jpg
713,683,1304.9967,354.83572,1630.887,533.9541,cam_3_1690342841_22-40-41.jpg
713,687,634.55963,644.9239,1122.3557,942.1261,cam_3_1690342841_22-40-41.jpg
713,522,359.24258,469.74387,1031.3245,800.88257,cam_3_1690342841_22-40-41.jpg
713,690,591.8871,758.86865,1450.1442,1281.1185,cam_3_1690342841_22-40-41.jpg
713,602,1214.1963,1488.7716,2442.3838,2782.6973,cam_3_1690342841_22-40-41.jpg
713,634,1650.3765,188.68117,1969.858,371.7021,cam_3_1690342841_22-40-41.jpg
714,639,1837.5883,511.31696,2397.0476,830.25433,cam_3_1690342856_22-40-56.jpg
714,566,1517.0482,376.1393,2157.894,826.7191,cam_3_1690342856_22-40-56.jpg
714,401,1379.0172,377.57928,1764.297,582.4597,cam_3_1690342856_22-40-56.jpg
714,679,460.82205,828.9308,1617.1624,1566.7421,cam_3_1690342856_22-40-56.jpg
714,617,2347.9658,439.4324,2716.1619,661.961,cam_3_1690342856_22-40-56.jpg
714,683,1306.7268,356.19058,1641.7449,535.5258,cam_3_1690342856_22-40-56.jpg
714,687,735.12427,627.78296,1117.0643,879.5685,cam_3_1690342856_22-40-56.jpg
714,522,428.7829,470.8791,1016.0259,857.06726,cam_3_1690342856_22-40-56.jpg
714,690,596.1911,763.3242,1426.4401,1308.7832,cam_3_1690342856_22-40-56.jpg
714,602,1223.4686,1469.0029,2439.1108,2779.174,cam_3_1690342856_22-40-56.jpg
714,634,1656.1189,187.71599,1954.9427,373.94897,cam_3_1690342856_22-40-56.jpg
715,639,1923.7106,505.12167,2401.339,787.75287,cam_3_1690342991_22-43-11.jpg
715,566,1566.9441,459.03174,2214.4932,924.2908,cam_3_1690342991_22-43-11.jpg
715,401,1378.5857,379.31702,1777.8472,584.0458,cam_3_1690342991_22-43-11.jpg
715,679,345.07367,839.42145,1636.5104,1560.2258,cam_3_1690342991_22-43-11.jpg
715,617,2338.8906,438.72702,2715.5444,660.635,cam_3_1690342991_22-43-11.jpg
715,683,1303.3342,358.8054,1650.266,537.5983,cam_3_1690342991_22-43-11.jpg
715,522,379.81662,466.25916,1050.8348,854.83875,cam_3_1690342991_22-43-11.jpg
715,690,475.99744,761.88873,1440.9662,1219.7006,cam_3_1690342991_22-43-11.jpg
715,602,1208.3983,1470.1256,2429.631,2779.2922,cam_3_1690342991_22-43-11.jpg
715,634,1652.0364,197.38167,1975.9912,369.24454,cam_3_1690342991_22-43-11.jpg
715,672,1516.382,440.0238,1899.2141,651.41394,cam_3_1690342991_22-43-11.jpg
716,639,1868.3843,511.2341,2402.9536,816.98895,cam_3_1690343246_22-47-26.jpg
716,566,1662.0383,479.7281,2179.9036,820.1161,cam_3_1690343246_22-47-26.jpg
716,401,1376.6732,380.01413,1774.55,584.7872,cam_3_1690343246_22-47-26.jpg
716,679,368.04706,870.9992,1604.3704,1572.8252,cam_3_1690343246_22-47-26.jpg
716,617,2329.2107,440.05927,2716.1294,665.195,cam_3_1690343246_22-47-26.jpg
716,683,1302.8495,360.10648,1650.796,538.6192,cam_3_1690343246_22-47-26.jpg
716,522,359.73798,457.10544,1039.7122,850.469,cam_3_1690343246_22-47-26.jpg
716,690,423.38678,762.9144,1440.0067,1226.6703,cam_3_1690343246_22-47-26.jpg
716,602,1201.9324,1460.8484,2451.7761,2781.7693,cam_3_1690343246_22-47-26.jpg
716,634,1657.518,199.73073,1980.6002,363.84656,cam_3_1690343246_22-47-26.jpg
716,672,1520.9331,445.76562,1912.314,657.8502,cam_3_1690343246_22-47-26.jpg
717,639,1850.5779,517.75494,2409.1177,823.12964,cam_3_1690343366_22-49-26.jpg
717,566,1699.3099,487.85352,2164.633,764.2582,cam_3_1690343366_22-49-26.jpg
717,401,1378.3425,379.4538,1772.2145,581.9851,cam_3_1690343366_22-49-26.jpg
717,617,2326.2188,440.97623,2712.728,664.439,cam_3_1690343366_22-49-26.jpg
717,683,1305.558,359.3112,1651.8693,539.59576,cam_3_1690343366_22-49-26.jpg
717,522,354.7672,445.32996,1041.0264,780.1392,cam_3_1690343366_22-49-26.jpg
717,690,396.88354,764.0168,1458.6617,1317.9219,cam_3_1690343366_22-49-26.jpg
717,602,1207.3652,1474.4384,2484.5613,2786.7063,cam_3_1690343366_22-49-26.jpg
717,634,1674.9558,194.75952,1995.606,361.22928,cam_3_1690343366_22-49-26.jpg
717,672,1521.2445,445.4002,1910.5034,658.8584,cam_3_1690343366_22-49-26.jpg
717,668,2065.7146,241.28685,2494.185,485.33234,cam_3_1690343366_22-49-26.jpg
718,639,1843.0195,513.924,2397.9153,828.6821,cam_3_1690343576_22-52-56.jpg
718,566,1713.3481,485.5516,2156.528,748.0283,cam_3_1690343576_22-52-56.jpg
718,401,1376.8071,381.1705,1769.4363,581.73224,cam_3_1690343576_22-52-56.jpg
718,617,2339.724,439.9684,2704.005,662.7125,cam_3_1690343576_22-52-56.jpg
718,683,1304.9333,358.6998,1653.5886,536.57324,cam_3_1690343576_22-52-56.jpg
718,522,515.3658,398.04703,1059.5134,716.8676,cam_3_1690343576_22-52-56.jpg
718,690,491.36627,681.36426,1365.4625,1218.1656,cam_3_1690343576_22-52-56.jpg
718,634,1742.8809,191.30055,2011.2239,357.7431,cam_3_1690343576_22-52-56.jpg
718,672,1526.5817,446.88986,1912.4115,653.5249,cam_3_1690343576_22-52-56.jpg
718,668,2108.922,238.1125,2470.0996,486.11496,cam_3_1690343576_22-52-56.jpg
718,581,1043.4066,1110.3853,1738.101,2178.9348,cam_3_1690343576_22-52-56.jpg
718,621,2690.005,350.01114,3167.1025,876.1884,cam_3_1690343576_22-52-56.jpg
719,639,1844.0209,513.1926,2390.1453,830.1638,cam_3_1690343636_22-53-56.jpg
719,566,1729.4797,491.88782,2164.2979,744.163,cam_3_1690343636_22-53-56.jpg
719,401,1374.7136,381.34866,1766.4998,580.64166,cam_3_1690343636_22-53-56.jpg
719,617,2340.7761,440.5292,2702.4824,661.3221,cam_3_1690343636_22-53-56.jpg
719,683,1303.1154,357.92303,1638.4597,533.13354,cam_3_1690343636_22-53-56.jpg
719,522,553.7516,461.1473,974.9876,782.1013,cam_3_1690343636_22-53-56.jpg
719,690,703.6078,717.15424,1234.7665,1335.1871,cam_3_1690343636_22-53-56.jpg
719,634,1691.9088,199.07045,1994.8389,377.70605,cam_3_1690343636_22-53-56.jpg
719,672,1524.1604,441.9318,1911.4153,651.91785,cam_3_1690343636_22-53-56.jpg
719,668,2103.42,232.57716,2463.0845,477.2793,cam_3_1690343636_22-53-56.jpg
719,699,1918.9562,370.95627,2166.8489,510.7119,cam_3_1690343636_22-53-56.jpg
720,639,1846.2272,514.14496,2391.9048,830.51733,cam_3_1690343681_22-54-41.jpg
720,566,1722.3578,489.648,2162.19,747.51245,cam_3_1690343681_22-54-41.jpg
720,401,1373.0059,381.47,1759.0825,580.3101,cam_3_1690343681_22-54-41.jpg
720,683,1300.7084,359.60364,1642.4127,535.58203,cam_3_1690343681_22-54-41.jpg
720,522,494.18854,517.74,967.4896,865.6408,cam_3_1690343681_22-54-41.jpg
720,634,1692.9014,196.91518,1986.0774,385.13483,cam_3_1690343681_22-54-41.jpg
720,672,1523.7739,440.08072,1914.7943,652.47656,cam_3_1690343681_22-54-41.jpg
720,668,2104.2424,231.58078,2434.0522,470.87585,cam_3_1690343681_22-54-41.jpg
720,700,873.56805,323.8096,1324.2814,616.04254,cam_3_1690343681_22-54-41.jpg
720,701,2207.4053,260.555,2584.4146,496.47946,cam_3_1690343681_22-54-41.jpg
721,639,1844.9608,511.11554,2403.869,829.41144,cam_3_1690343876_22-57-56.jpg
721,566,1719.9939,490.33194,2167.5413,747.8749,cam_3_1690343876_22-57-56.jpg
721,683,1298.5782,357.0116,1634.623,534.1494,cam_3_1690343876_22-57-56.jpg
721,634,1721.3846,207.85118,2031.1626,371.00882,cam_3_1690343876_22-57-56.jpg
721,672,1512.3317,375.53082,2020.1523,691.9893,cam_3_1690343876_22-57-56.jpg
721,668,2116.7532,233.78261,2415.5198,471.8973,cam_3_1690343876_22-57-56.jpg
721,700,980.69403,247.36108,1309.8832,520.5605,cam_3_1690343876_22-57-56.jpg
721,701,2226.9062,261.12006,2583.098,486.24194,cam_3_1690343876_22-57-56.jpg
721,703,2652.95,264.5409,3000.4531,628.95355,cam_3_1690343876_22-57-56.jpg
721,617,2340.6665,441.38626,2674.4905,653.22687,cam_3_1690343876_22-57-56.jpg
722,639,1840.4037,511.40125,2405.87,829.84247,cam_3_1690343966_22-59-26.jpg
722,566,1720.1451,492.8526,2159.0312,751.1142,cam_3_1690343966_22-59-26.jpg
722,683,1298.0161,355.4796,1634.4772,535.1929,cam_3_1690343966_22-59-26.jpg
722,634,1766.6377,210.32837,2061.8362,381.29926,cam_3_1690343966_22-59-26.jpg
722,672,1508.7117,353.64227,2051.5154,700.3428,cam_3_1690343966_22-59-26.jpg
722,668,2049.411,230.52342,2406.5664,481.5247,cam_3_1690343966_22-59-26.jpg
722,700,1121.5685,241.09746,1409.7946,515.1391,cam_3_1690343966_22-59-26.jpg
722,701,2330.4526,236.73647,2624.714,482.3687,cam_3_1690343966_22-59-26.jpg
722,703,2542.3652,268.96988,3020.3423,630.403,cam_3_1690343966_22-59-26.jpg
722,705,1628.1788,167.7432,1899.3325,333.38675,cam_3_1690343966_22-59-26.jpg
722,706,1953.6193,205.46283,2235.2668,439.9282,cam_3_1690343966_22-59-26.jpg
722,707,1862.447,209.1265,2130.766,386.61816,cam_3_1690343966_22-59-26.jpg
722,617,2338.3157,439.76944,2628.2795,648.7529,cam_3_1690343966_22-59-26.jpg
723,639,1842.1613,512.33,2400.5178,831.7507,cam_3_1690344176_23-02-56.jpg
723,566,1721.0161,488.12164,2174.888,752.9128,cam_3_1690344176_23-02-56.jpg
723,683,1301.4098,358.56052,1622.9868,532.80237,cam_3_1690344176_23-02-56.jpg
723,634,1735.7725,210.4425,2078.2212,393.32483,cam_3_1690344176_23-02-56.jpg
723,672,1588.1163,406.00278,2054.6858,698.5991,cam_3_1690344176_23-02-56.jpg
723,668,2039.4617,231.6659,2411.033,481.91196,cam_3_1690344176_23-02-56.jpg
723,701,2369.8682,230.46292,2647.892,470.8114,cam_3_1690344176_23-02-56.jpg
723,703,2627.1384,255.34923,3013.4463,614.8525,cam_3_1690344176_23-02-56.jpg
723,706,1991.4174,188.16812,2267.102,433.12134,cam_3_1690344176_23-02-56.jpg
723,617,2330.3936,436.653,2661.462,650.3027,cam_3_1690344176_23-02-56.jpg
723,401,1373.1953,380.61502,1749.8533,576.97644,cam_3_1690344176_23-02-56.jpg
723,522,446.07364,437.95456,931.67896,778.9832,cam_3_1690344176_23-02-56.jpg
724,639,1845.0667,510.33655,2385.0989,829.5037,cam_3_1690344431_23-07-11.jpg
724,566,1722.7642,491.6568,2187.62,751.8763,cam_3_1690344431_23-07-11.jpg
724,672,1621.8635,427.39307,2067.2014,695.7996,cam_3_1690344431_23-07-11.jpg
724,668,2060.674,232.54906,2401.2827,477.3897,cam_3_1690344431_23-07-11.jpg
724,701,2431.8774,198.67603,2808.6787,455.7362,cam_3_1690344431_23-07-11.jpg
724,706,2029.4404,211.71222,2332.21,453.2889,cam_3_1690344431_23-07-11.jpg
724,617,2335.9695,434.97318,2674.9526,650.64844,cam_3_1690344431_23-07-11.jpg
724,712,1525.0574,437.6255,1907.8591,645.3133,cam_3_1690344431_23-07-11.jpg
724,401,1344.6104,323.8007,1816.2794,603.47687,cam_3_1690344431_23-07-11.jpg
724,522,375.5358,425.3378,933.86975,768.8394,cam_3_1690344431_23-07-11.jpg
724,707,1813.1135,193.8911,2162.9648,389.77383,cam_3_1690344431_23-07-11.jpg
725,639,1847.3129,512.9702,2371.9683,828.02454,cam_3_1690344446_23-07-26.jpg
725,566,1723.1345,493.6067,2194.5005,751.96436,cam_3_1690344446_23-07-26.jpg
725,672,1634.7788,439.04742,2065.8389,695.3473,cam_3_1690344446_23-07-26.jpg
725,668,2058.1172,234.42194,2400.2593,474.656,cam_3_1690344446_23-07-26.jpg
725,701,2452.661,188.89691,2830.5989,452.90082,cam_3_1690344446_23-07-26.jpg
725,706,2033.7034,222.26044,2297.7324,447.9784,cam_3_1690344446_23-07-26.jpg
725,617,2336.8801,435.98752,2678.7878,652.8054,cam_3_1690344446_23-07-26.jpg
725,712,1527.9038,436.325,1918.4651,643.3627,cam_3_1690344446_23-07-26.jpg
725,401,1340.4113,307.25748,1808.9602,609.3446,cam_3_1690344446_23-07-26.jpg
725,522,352.46573,422.23657,934.0202,766.33185,cam_3_1690344446_23-07-26.jpg
725,714,2216.1226,151.89711,2499.4412,355.08252,cam_3_1690344446_23-07-26.jpg
725,707,1787.8057,191.70238,2151.8618,388.79117,cam_3_1690344446_23-07-26.jpg
726,639,1843.8186,514.0715,2370.011,828.565,cam_3_1690344581_23-09-41.jpg
726,566,1723.1127,493.97537,2188.8975,753.1728,cam_3_1690344581_23-09-41.jpg
726,672,1639.4836,436.4601,2069.2505,694.8861,cam_3_1690344581_23-09-41.jpg
726,668,2053.768,238.18275,2405.9053,472.17868,cam_3_1690344581_23-09-41.jpg
726,617,2334.2122,436.3329,2690.9575,648.08844,cam_3_1690344581_23-09-41.jpg
726,712,1522.1202,432.91122,1911.9755,647.53864,cam_3_1690344581_23-09-41.jpg
726,401,1402.9639,358.09927,1828.6685,602.5713,cam_3_1690344581_23-09-41.jpg
726,522,429.82794,428.53583,945.5018,782.38226,cam_3_1690344581_23-09-41.jpg
726,705,1584.6805,181.23999,1940.6257,344.65582,cam_3_1690344581_23-09-41.jpg
726,683,1303.1194,355.09378,1647.4054,529.50684,cam_3_1690344581_23-09-41.jpg
726,703,2696.4978,197.12123,3065.429,500.09686,cam_3_1690344581_23-09-41.jpg
727,639,1842.6309,513.9598,2374.387,829.8206,cam_3_1690344761_23-12-41.jpg
727,566,1722.0334,495.55087,2192.1067,751.4045,cam_3_1690344761_23-12-41.jpg
727,672,1638.288,438.3873,2070.872,695.883,cam_3_1690344761_23-12-41.jpg
727,668,2084.85,240.58482,2403.9097,470.19733,cam_3_1690344761_23-12-41.jpg
727,617,2342.7385,437.9129,2702.6245,648.4768,cam_3_1690344761_23-12-41.jpg
727,712,1519.7253,430.20456,1906.5854,648.81586,cam_3_1690344761_23-12-41.jpg
727,401,1427.8693,384.52643,1831.566,600.5206,cam_3_1690344761_23-12-41.jpg
727,522,432.98016,444.0757,961.6977,818.48065,cam_3_1690344761_23-12-41.jpg
727,705,1571.2593,183.26962,1931.7986,343.07568,cam_3_1690344761_23-12-41.jpg
727,683,1302.6947,355.43915,1657.794,530.80945,cam_3_1690344761_23-12-41.jpg
727,667,1369.4915,372.13107,1714.961,571.7671,cam_3_1690344761_23-12-41.jpg
727,581,729.3076,1063.209,1854.3088,1840.1255,cam_3_1690344761_23-12-41.jpg
728,639,1842.6277,513.0832,2380.3313,831.57,cam_3_1690344806_23-13-26.jpg
728,566,1718.5747,492.67627,2185.9993,754.201,cam_3_1690344806_23-13-26.jpg
728,672,1633.5538,438.8928,2073.5156,695.4232,cam_3_1690344806_23-13-26.jpg
728,668,2042.6771,327.5415,2390.8088,494.1611,cam_3_1690344806_23-13-26.jpg
728,617,2340.9475,437.85693,2715.0522,652.7404,cam_3_1690344806_23-13-26.jpg
728,712,1523.9739,432.51962,1910.519,650.34155,cam_3_1690344806_23-13-26.jpg
728,401,1439.5715,389.2072,1836.713,600.956,cam_3_1690344806_23-13-26.jpg
728,522,456.66763,449.08987,971.3281,833.805,cam_3_1690344806_23-13-26.jpg
728,705,1564.1504,183.70369,1921.305,342.7927,cam_3_1690344806_23-13-26.jpg
728,683,1302.7001,356.42545,1662.7234,531.93964,cam_3_1690344806_23-13-26.jpg
728,667,1363.2203,374.0522,1712.3546,576.5182,cam_3_1690344806_23-13-26.jpg
728,581,675.7333,1051.1884,1786.9712,1730.0402,cam_3_1690344806_23-13-26.jpg
729,639,1841.9321,515.4358,2393.106,832.7381,cam_3_1690345001_23-16-41.jpg
729,566,1717.9177,493.6658,2180.61,753.2446,cam_3_1690345001_23-16-41.jpg
729,672,1634.947,439.29782,2077.7266,696.88635,cam_3_1690345001_23-16-41.jpg
729,668,2030.6301,364.32626,2383.794,507.19748,cam_3_1690345001_23-16-41.jpg
729,617,2343.4863,437.66223,2725.804,657.3421,cam_3_1690345001_23-16-41.jpg
729,712,1522.5559,430.90668,1906.4034,652.0564,cam_3_1690345001_23-16-41.jpg
729,401,1442.1174,395.1645,1836.1155,603.29614,cam_3_1690345001_23-16-41.jpg
729,522,476.22662,453.90997,972.7634,813.76227,cam_3_1690345001_23-16-41.jpg
729,705,1555.7147,184.85611,1916.0404,347.86356,cam_3_1690345001_23-16-41.jpg
729,683,1302.4193,358.0386,1659.8016,532.3631,cam_3_1690345001_23-16-41.jpg
729,667,1358.803,376.58902,1704.0354,577.77386,cam_3_1690345001_23-16-41.jpg
729,690,610.1789,785.9621,1549.2081,1477.9248,cam_3_1690345001_23-16-41.jpg
730,639,1844.6873,517.10876,2400.6667,833.6992,cam_3_1690345016_23-16-56.jpg
730,566,1721.7037,495.5578,2182.6184,754.98517,cam_3_1690345016_23-16-56.jpg
730,672,1634.5562,439.37946,2070.0981,695.56396,cam_3_1690345016_23-16-56.jpg
730,668,2015.5945,376.28503,2381.1252,514.4261,cam_3_1690345016_23-16-56.jpg
730,617,2343.2178,438.8742,2722.7551,658.157,cam_3_1690345016_23-16-56.jpg
730,712,1523.5027,429.34036,1906.767,651.8119,cam_3_1690345016_23-16-56.jpg
730,401,1444.473,398.34912,1834.3853,604.499,cam_3_1690345016_23-16-56.jpg
730,522,416.7697,459.39294,976.02924,783.86346,cam_3_1690345016_23-16-56.jpg
730,705,1540.7893,184.9456,1910.0985,349.92905,cam_3_1690345016_23-16-56.jpg
730,683,1304.1906,358.09262,1661.4241,531.8088,cam_3_1690345016_23-16-56.jpg
730,667,1358.8387,377.44055,1699.3723,578.1469,cam_3_1690345016_23-16-56.jpg
730,719,496.9793,620.9069,1182.3156,1041.5063,cam_3_1690345016_23-16-56.jpg
730,690,512.8074,798.1843,1566.1965,1454.9507,cam_3_1690345016_23-16-56.jpg
731,639,1844.5242,516.0585,2402.9182,834.7223,cam_3_1690345046_23-17-26.jpg
731,566,1720.6252,495.3436,2185.7246,756.2969,cam_3_1690345046_23-17-26.jpg
731,672,1637.4059,439.66144,2072.7515,696.13196,cam_3_1690345046_23-17-26.jpg
731,668,2016.687,379.95413,2376.4326,514.2882,cam_3_1690345046_23-17-26.jpg
731,617,2344.6714,438.93314,2722.8489,659.5668,cam_3_1690345046_23-17-26.jpg
731,712,1522.6559,429.6769,1907.255,652.13965,cam_3_1690345046_23-17-26.jpg
731,401,1446.3938,398.91077,1835.5303,602.94574,cam_3_1690345046_23-17-26.jpg
731,522,463.09174,459.55405,979.31714,805.7151,cam_3_1690345046_23-17-26.jpg
731,705,1546.2888,185.04553,1906.2737,350.77832,cam_3_1690345046_23-17-26.jpg
731,683,1305.2369,356.94492,1661.1749,529.9798,cam_3_1690345046_23-17-26.jpg
731,667,1358.7552,376.57867,1697.8867,576.13556,cam_3_1690345046_23-17-26.jpg
731,719,509.42465,612.7904,1232.7561,1072.2593,cam_3_1690345046_23-17-26.jpg
731,690,576.7992,801.2419,1566.9592,1480.383,cam_3_1690345046_23-17-26.jpg
732,639,1845.163,516.3274,2401.6038,834.86475,cam_3_1690345091_23-18-11.jpg
732,566,1722.5707,493.00742,2188.9988,755.80963,cam_3_1690345091_23-18-11.jpg
732,672,1636.5083,435.58676,2075.997,695.7891,cam_3_1690345091_23-18-11.jpg
732,668,2022.1912,375.91397,2378.7358,511.5247,cam_3_1690345091_23-18-11.jpg
732,617,2360.4949,438.3783,2724.9182,653.74097,cam_3_1690345091_23-18-11.jpg
732,712,1521.2642,430.50073,1905.0006,652.21826,cam_3_1690345091_23-18-11.jpg
732,401,1447.5867,398.65887,1834.2087,603.6705,cam_3_1690345091_23-18-11.jpg
732,522,587.695,455.29178,1003.7536,762.4759,cam_3_1690345091_23-18-11.jpg
732,705,1543.288,183.91624,1904.6016,350.34064,cam_3_1690345091_23-18-11.jpg
732,683,1305.6431,356.76678,1657.3918,529.239,cam_3_1690345091_23-18-11.jpg
732,667,1361.0889,375.43146,1696.4738,576.9076,cam_3_1690345091_23-18-11.jpg
732,719,381.91125,614.1527,1247.299,1019.8687,cam_3_1690345091_23-18-11.jpg
732,690,524.95154,801.6252,1576.3628,1456.781,cam_3_1690345091_23-18-11.jpg
733,639,1847.2194,515.4423,2396.152,836.03253,cam_3_1690345106_23-18-26.jpg
733,566,1721.5212,490.09653,2182.018,755.1762,cam_3_1690345106_23-18-26.jpg
733,672,1640.8733,434.1118,2075.7925,693.32153,cam_3_1690345106_23-18-26.jpg
733,668,2023.1924,376.78644,2380.3264,512.9763,cam_3_1690345106_23-18-26.jpg
733,617,2362.45,437.83292,2727.6516,653.24414,cam_3_1690345106_23-18-26.jpg
733,712,1533.5898,434.562,1898.2423,635.22455,cam_3_1690345106_23-18-26.jpg
733,401,1463.3563,398.4052,1823.9243,587.19446,cam_3_1690345106_23-18-26.jpg
733,705,1557.6251,183.7881,1906.289,349.2629,cam_3_1690345106_23-18-26.jpg
733,683,1307.5914,359.76218,1659.3872,532.2301,cam_3_1690345106_23-18-26.jpg
733,667,1360.5527,377.01984,1692.0132,564.1909,cam_3_1690345106_23-18-26.jpg
733,719,419.39563,621.108,1239.7577,1103.3811,cam_3_1690345106_23-18-26.jpg
733,690,580.7646,805.07135,1575.7936,1464.2563,cam_3_1690345106_23-18-26.jpg
734,639,1909.0703,510.93088,2401.7915,819.02106,cam_3_1690345121_23-18-41.jpg
734,566,1567.501,534.7599,2169.825,901.61,cam_3_1690345121_23-18-41.jpg
734,672,1709.4418,436.28452,2082.6838,649.78064,cam_3_1690345121_23-18-41.jpg
734,668,2022.6471,378.75058,2388.869,517.2294,cam_3_1690345121_23-18-41.jpg
734,617,2363.4236,439.18936,2726.9148,652.7141,cam_3_1690345121_23-18-41.jpg
734,712,1503.4486,426.6299,1907.064,631.2626,cam_3_1690345121_23-18-41.jpg
734,401,1450.1316,394.79028,1829.4303,602.0848,cam_3_1690345121_23-18-41.jpg
734,705,1492.6394,178.02502,1838.2538,360.16223,cam_3_1690345121_23-18-41.jpg
734,683,1307.0424,360.15445,1657.306,533.90375,cam_3_1690345121_23-18-41.jpg
734,667,1365.39,383.241,1708.41,574.4119,cam_3_1690345121_23-18-41.jpg
734,719,489.33344,609.4068,1238.6946,1145.4341,cam_3_1690345121_23-18-41.jpg
734,690,610.1659,808.2933,1566.9879,1476.6832,cam_3_1690345121_23-18-41.jpg
735,639,1865.8422,514.5153,2399.633,830.4349,cam_3_1690345361_23-22-41.jpg
735,566,1659.3995,511.52774,2180.3218,825.7841,cam_3_1690345361_23-22-41.jpg
735,672,1660.1619,436.25723,2082.7957,682.63965,cam_3_1690345361_23-22-41.jpg
735,668,2023.6794,374.03387,2389.3599,511.6822,cam_3_1690345361_23-22-41.jpg
735,617,2383.853,437.03726,2728.4636,652.7849,cam_3_1690345361_23-22-41.jpg
735,712,1513.9355,425.66373,1909.953,644.63275,cam_3_1690345361_23-22-41.jpg
735,401,1448.9215,396.88202,1831.7715,602.50684,cam_3_1690345361_23-22-41.jpg
735,705,1447.752,179.6578,1781.8009,368.6522,cam_3_1690345361_23-22-41.jpg
735,683,1305.6732,358.41135,1655.691,531.46405,cam_3_1690345361_23-22-41.jpg
735,667,1362.8257,379.40176,1694.7767,576.43695,cam_3_1690345361_23-22-41.jpg
735,719,404.17877,602.17053,1238.5209,1080.6178,cam_3_1690345361_23-22-41.jpg
735,690,495.46243,814.82605,1552.505,1457.3048,cam_3_1690345361_23-22-41.jpg
736,639,1854.6626,516.9064,2406.8772,829.3012,cam_3_1690345826_23-30-26.jpg
736,566,1700.338,500.7526,2185.425,786.68896,cam_3_1690345826_23-30-26.jpg
736,672,1641.553,436.2048,2086.802,691.21405,cam_3_1690345826_23-30-26.jpg
736,668,2027.4274,372.06006,2394.6353,508.32224,cam_3_1690345826_23-30-26.jpg
736,617,2384.4863,439.25775,2730.288,654.7925,cam_3_1690345826_23-30-26.jpg
736,712,1517.875,427.01282,1908.0812,648.9374,cam_3_1690345826_23-30-26.jpg
736,401,1448.3043,398.72937,1831.9114,601.9586,cam_3_1690345826_23-30-26.jpg
736,705,1444.0454,180.30588,1760.2767,369.82007,cam_3_1690345826_23-30-26.jpg
736,683,1303.7385,359.3226,1652.7708,532.68604,cam_3_1690345826_23-30-26.jpg
736,667,1370.9722,378.11087,1697.0828,573.86206,cam_3_1690345826_23-30-26.jpg
736,719,416.17844,598.005,1236.6875,1087.0349,cam_3_1690345826_23-30-26.jpg
736,690,449.0437,816.98376,1418.7467,1396.1439,cam_3_1690345826_23-30-26.jpg
736,723,2051.9941,543.8144,2552.004,895.39545,cam_3_1690345826_23-30-26.jpg
737,639,1849.3282,519.6564,2409.1616,836.7779,cam_3_1690345841_23-30-41.jpg
737,566,1715.5383,496.36176,2186.9836,772.91907,cam_3_1690345841_23-30-41.jpg
737,672,1636.3303,435.5986,2085.4978,695.29425,cam_3_1690345841_23-30-41.jpg
737,668,2022.9929,371.44098,2391.6116,508.9272,cam_3_1690345841_23-30-41.jpg
737,617,2385.3823,440.85333,2732.2449,655.8648,cam_3_1690345841_23-30-41.jpg
737,712,1520.3865,425.92545,1911.7814,651.2762,cam_3_1690345841_23-30-41.jpg
737,401,1447.8446,397.78754,1834.7604,603.02435,cam_3_1690345841_23-30-41.jpg
737,705,1444.824,180.00978,1757.7941,367.6659,cam_3_1690345841_23-30-41.jpg
737,683,1305.9644,357.70935,1652.7654,529.6906,cam_3_1690345841_23-30-41.jpg
737,667,1373.724,378.68674,1706.7412,571.1231,cam_3_1690345841_23-30-41.jpg
737,719,375.67374,600.60455,1248.7993,1048.132,cam_3_1690345841_23-30-41.jpg
737,690,535.64667,815.5322,1358.4825,1373.3643,cam_3_1690345841_23-30-41.jpg
737,723,2052.8833,541.29315,2559.0703,895.4227,cam_3_1690345841_23-30-41.jpg
738,639,1845.7876,517.69336,2400.7969,837.7711,cam_3_1690345871_23-31-11.jpg
738,566,1720.4197,494.6127,2184.067,768.05695,cam_3_1690345871_23-31-11.jpg
738,672,1631.1426,435.34695,2087.7559,697.2802,cam_3_1690345871_23-31-11.jpg
738,668,2032.3479,372.92615,2398.4243,512.022,cam_3_1690345871_23-31-11.jpg
738,617,2389.4568,440.91,2731.7307,654.8316,cam_3_1690345871_23-31-11.jpg
738,712,1522.0776,427.14487,1911.5193,652.6144,cam_3_1690345871_23-31-11.jpg
738,401,1443.9579,397.01285,1833.2289,601.19434,cam_3_1690345871_23-31-11.jpg
738,705,1451.5812,178.07135,1761.5228,365.92728,cam_3_1690345871_23-31-11.jpg
738,683,1305.9008,357.87952,1652.4801,529.06494,cam_3_1690345871_23-31-11.jpg
738,667,1373.463,374.41342,1704.8187,568.92004,cam_3_1690345871_23-31-11.jpg
738,719,456.85986,601.0215,1240.167,1105.5359,cam_3_1690345871_23-31-11.jpg
738,690,509.0958,815.41547,1340.9176,1364.8318,cam_3_1690345871_23-31-11.jpg
738,723,2053.4785,538.40936,2562.0122,895.78534,cam_3_1690345871_23-31-11.jpg
739,639,1840.7549,524.17706,2337.1448,838.3369,cam_3_1690345961_23-32-41.jpg
739,566,1724.132,493.25015,2185.4934,766.1274,cam_3_1690345961_23-32-41.jpg
739,672,1631.4291,434.68045,2086.2537,698.61975,cam_3_1690345961_23-32-41.jpg
739,668,2025.6609,372.47714,2380.738,512.05615,cam_3_1690345961_23-32-41.jpg
739,617,2386.008,441.08844,2730.7266,653.90515,cam_3_1690345961_23-32-41.jpg
739,712,1522.134,426.06378,1911.173,652.87573,cam_3_1690345961_23-32-41.jpg
739,401,1441.3232,396.771,1834.0513,601.6216,cam_3_1690345961_23-32-41.jpg
739,705,1450.2537,177.36742,1761.8353,367.79648,cam_3_1690345961_23-32-41.jpg
739,683,1306.37,358.32736,1651.0524,529.0248,cam_3_1690345961_23-32-41.jpg
739,667,1372.8441,375.4701,1701.1969,568.46704,cam_3_1690345961_23-32-41.jpg
739,719,483.29645,593.4033,1235.1348,1148.3622,cam_3_1690345961_23-32-41.jpg
739,690,505.79343,817.9708,1327.0657,1365.4146,cam_3_1690345961_23-32-41.jpg
739,723,2052.3381,535.7626,2562.5461,897.39545,cam_3_1690345961_23-32-41.jpg
740,639,1839.112,526.5719,2305.8088,837.05927,cam_3_1690345976_23-32-56.jpg
740,566,1724.9875,492.80176,2186.7627,765.5432,cam_3_1690345976_23-32-56.jpg
740,672,1630.28,433.47968,2085.6582,699.451,cam_3_1690345976_23-32-56.jpg
740,668,2026.4576,373.27158,2376.7788,515.3829,cam_3_1690345976_23-32-56.jpg
740,617,2388.3596,441.52948,2729.429,654.46606,cam_3_1690345976_23-32-56.jpg
740,712,1522.0577,426.48407,1910.4952,652.9463,cam_3_1690345976_23-32-56.jpg
740,401,1441.826,397.18787,1833.8003,603.3296,cam_3_1690345976_23-32-56.jpg
740,705,1443.8298,178.52478,1756.7906,371.08325,cam_3_1690345976_23-32-56.jpg
740,683,1304.8513,359.0768,1645.5415,529.0646,cam_3_1690345976_23-32-56.jpg
740,667,1371.3112,374.9942,1703.1084,569.0446,cam_3_1690345976_23-32-56.jpg
740,690,566.0415,811.41064,1319.6954,1363.3041,cam_3_1690345976_23-32-56.jpg
740,723,2050.8237,534.8718,2563.511,897.4268,cam_3_1690345976_23-32-56.jpg
740,522,479.09753,538.4432,942.65063,844.08466,cam_3_1690345976_23-32-56.jpg
741,639,1840.461,527.6307,2326.3828,838.7652,cam_3_1690346186_23-36-26.jpg
741,566,1724.3698,493.78802,2194.9038,764.77795,cam_3_1690346186_23-36-26.jpg
741,672,1632.2639,430.11926,2085.153,699.22314,cam_3_1690346186_23-36-26.jpg
741,668,2027.8993,377.06885,2377.132,515.13525,cam_3_1690346186_23-36-26.jpg
741,712,1519.9464,426.5775,1906.9253,653.0057,cam_3_1690346186_23-36-26.jpg
741,401,1441.8724,396.8628,1831.3755,603.4273,cam_3_1690346186_23-36-26.jpg
741,705,1447.7415,174.81512,1759.7197,369.26532,cam_3_1690346186_23-36-26.jpg
741,683,1304.4513,358.4105,1648.7415,530.20056,cam_3_1690346186_23-36-26.jpg
741,667,1370.3109,374.2947,1705.0001,571.50214,cam_3_1690346186_23-36-26.jpg
741,723,2051.3381,562.45374,2463.4927,899.2224,cam_3_1690346186_23-36-26.jpg
741,522,466.59857,501.0711,1007.91156,849.618,cam_3_1690346186_23-36-26.jpg
742,639,1843.5856,517.25476,2371.9,839.57385,cam_3_1690346246_23-37-26.jpg
742,566,1724.798,490.82162,2181.5266,765.17267,cam_3_1690346246_23-37-26.jpg
742,672,1631.6117,430.43076,2086.1917,699.64594,cam_3_1690346246_23-37-26.jpg
742,668,2029.8834,376.4981,2381.9539,510.7838,cam_3_1690346246_23-37-26.jpg
742,712,1520.4918,428.58746,1905.3677,653.44025,cam_3_1690346246_23-37-26.jpg
742,401,1441.3474,398.86163,1829.4307,604.4454,cam_3_1690346246_23-37-26.jpg
742,705,1454.141,174.39403,1763.6946,370.50577,cam_3_1690346246_23-37-26.jpg
742,683,1302.5375,357.95578,1645.2194,531.63983,cam_3_1690346246_23-37-26.jpg
742,667,1366.4083,373.30344,1698.0963,572.32465,cam_3_1690346246_23-37-26.jpg
742,723,2053.5396,546.4232,2534.9097,897.164,cam_3_1690346246_23-37-26.jpg
742,522,485.35773,482.36237,1023.447,854.3839,cam_3_1690346246_23-37-26.jpg
742,617,2386.7102,441.75873,2724.0505,648.4103,cam_3_1690346246_23-37-26.jpg
743,639,1844.9261,512.20844,2383.8706,838.7314,cam_3_1690346276_23-37-56.jpg
743,566,1726.5594,489.81937,2179.1174,764.32227,cam_3_1690346276_23-37-56.jpg
743,672,1631.2573,432.67975,2086.061,698.3834,cam_3_1690346276_23-37-56.jpg
743,668,2031.2496,374.1903,2392.7676,509.01813,cam_3_1690346276_23-37-56.jpg
743,712,1521.6213,428.29865,1905.685,654.1185,cam_3_1690346276_23-37-56.jpg
743,401,1440.9183,398.73273,1831.9176,604.7402,cam_3_1690346276_23-37-56.jpg
743,705,1462.0292,174.18987,1763.5732,366.4843,cam_3_1690346276_23-37-56.jpg
743,683,1302.7354,357.6355,1649.0684,530.9911,cam_3_1690346276_23-37-56.jpg
743,667,1365.4348,372.53302,1699.3099,572.67883,cam_3_1690346276_23-37-56.jpg
743,723,2054.4214,540.79285,2555.5857,895.8012,cam_3_1690346276_23-37-56.jpg
743,522,491.52533,474.29974,1028.1478,847.7094,cam_3_1690346276_23-37-56.jpg
743,726,2889.4114,316.23923,3182.1794,766.65686,cam_3_1690346276_23-37-56.jpg
743,617,2388.045,441.2729,2722.6128,644.98535,cam_3_1690346276_23-37-56.jpg
744,639,1843.7354,513.8183,2403.4133,838.0783,cam_3_1690346426_23-40-26.jpg
744,566,1724.123,488.9535,2178.1206,762.94653,cam_3_1690346426_23-40-26.jpg
744,672,1630.3608,433.67136,2085.3704,697.4436,cam_3_1690346426_23-40-26.jpg
744,668,2025.3628,377.16718,2372.7585,502.08295,cam_3_1690346426_23-40-26.jpg
744,712,1521.9502,429.06805,1911.0889,652.76117,cam_3_1690346426_23-40-26.jpg
744,401,1439.3516,393.93912,1832.9489,603.2855,cam_3_1690346426_23-40-26.jpg
744,705,1463.9968,175.4913,1765.07,366.92688,cam_3_1690346426_23-40-26.jpg
744,683,1303.9021,358.17804,1656.8965,533.4848,cam_3_1690346426_23-40-26.jpg
744,667,1364.3276,371.04953,1699.3998,573.6541,cam_3_1690346426_23-40-26.jpg
744,723,2052.3877,543.8224,2551.9478,896.38995,cam_3_1690346426_23-40-26.jpg
744,522,500.1303,465.08615,1032.5106,856.60175,cam_3_1690346426_23-40-26.jpg
744,617,2371.1426,440.26184,2723.337,652.9656,cam_3_1690346426_23-40-26.jpg
745,639,1843.8542,513.499,2414.6235,837.15204,cam_3_1690346471_23-41-11.jpg
745,566,1723.6731,489.72714,2184.133,762.3743,cam_3_1690346471_23-41-11.jpg
745,672,1628.0048,437.10156,2085.9795,694.73737,cam_3_1690346471_23-41-11.jpg
745,668,2023.2277,372.90372,2374.0916,501.51968,cam_3_1690346471_23-41-11.jpg
745,712,1520.4264,431.77353,1902.3538,653.6721,cam_3_1690346471_23-41-11.jpg
745,401,1441.4564,399.1597,1833.9885,604.3396,cam_3_1690346471_23-41-11.jpg
745,705,1463.4143,177.1969,1775.095,366.95093,cam_3_1690346471_23-41-11.jpg
745,683,1303.8662,358.93713,1650.0038,534.2644,cam_3_1690346471_23-41-11.jpg
745,667,1368.6604,374.51553,1699.2844,572.1168,cam_3_1690346471_23-41-11.jpg
745,723,2053.5466,542.1905,2555.7817,894.652,cam_3_1690346471_23-41-11.jpg
745,522,410.41214,464.99203,1045.5345,856.8158,cam_3_1690346471_23-41-11.jpg
745,617,2363.575,439.38654,2719.3728,649.2361,cam_3_1690346471_23-41-11.jpg
746,639,1841.8221,525.9231,2365.6035,838.1852,cam_3_1690346561_23-42-41.jpg
746,566,1722.6934,490.95648,2178.4116,763.3294,cam_3_1690346561_23-42-41.jpg
746,672,1634.5133,438.05304,2077.8955,695.6024,cam_3_1690346561_23-42-41.jpg
746,668,2022.1847,373.33765,2376.9165,505.26038,cam_3_1690346561_23-42-41.jpg
746,712,1522.9315,429.62857,1913.4128,653.28326,cam_3_1690346561_23-42-41.jpg
746,401,1436.975,396.27332,1831.4882,601.3259,cam_3_1690346561_23-42-41.jpg
746,705,1465.4298,176.45862,1760.7556,367.19537,cam_3_1690346561_23-42-41.jpg
746,683,1303.7141,359.89,1647.6638,533.04834,cam_3_1690346561_23-42-41.jpg
746,667,1370.235,374.80624,1698.9308,570.8565,cam_3_1690346561_23-42-41.jpg
746,723,2052.2808,546.8423,2555.6826,897.1866,cam_3_1690346561_23-42-41.jpg
746,617,2365.7378,441.33826,2719.8286,655.80945,cam_3_1690346561_23-42-41.jpg
746,707,1731.8964,206.40463,2087.3118,394.67685,cam_3_1690346561_23-42-41.jpg
746,719,528.18176,548.87787,1078.2006,1136.027,cam_3_1690346561_23-42-41.jpg
747,639,1845.5479,529.2676,2339.965,834.3474,cam_3_1690346606_23-43-26.jpg
747,566,1721.9355,491.1678,2176.3584,761.99744,cam_3_1690346606_23-43-26.jpg
747,672,1634.499,438.79602,2077.8745,696.71954,cam_3_1690346606_23-43-26.jpg
747,668,2030.3236,373.0952,2369.8901,504.74326,cam_3_1690346606_23-43-26.jpg
747,712,1523.1454,430.01096,1913.1127,653.63,cam_3_1690346606_23-43-26.jpg
747,401,1437.5105,396.11325,1829.9927,600.0527,cam_3_1690346606_23-43-26.jpg
747,705,1455.204,177.38939,1757.522,371.2611,cam_3_1690346606_23-43-26.jpg
747,683,1301.8468,361.09595,1636.2385,531.6264,cam_3_1690346606_23-43-26.jpg
747,667,1370.735,375.33765,1700.4032,569.2696,cam_3_1690346606_23-43-26.jpg
747,723,2052.456,548.397,2554.835,898.41785,cam_3_1690346606_23-43-26.jpg
747,617,2359.6948,439.71988,2720.6946,657.6771,cam_3_1690346606_23-43-26.jpg
747,707,1730.0349,206.44414,2083.237,392.0512,cam_3_1690346606_23-43-26.jpg
747,719,540.969,544.3575,1077.6971,1108.793,cam_3_1690346606_23-43-26.jpg
748,639,1837.1788,533.48425,2313.507,837.2243,cam_3_1690346861_23-47-41.jpg
748,566,1723.6967,491.74393,2173.4553,762.70154,cam_3_1690346861_23-47-41.jpg
748,672,1631.9554,437.34952,2079.8606,696.1203,cam_3_1690346861_23-47-41.jpg
748,668,2021.2488,377.94925,2369.8787,505.66525,cam_3_1690346861_23-47-41.jpg
748,712,1519.9341,428.695,1906.6167,652.9827,cam_3_1690346861_23-47-41.jpg
748,401,1438.5164,394.44232,1832.4972,597.51373,cam_3_1690346861_23-47-41.jpg
748,705,1465.2206,179.5767,1759.4939,343.9359,cam_3_1690346861_23-47-41.jpg
748,667,1273.3552,321.66736,1705.5208,599.42175,cam_3_1690346861_23-47-41.jpg
748,723,2051.7676,554.07336,2554.0293,899.5323,cam_3_1690346861_23-47-41.jpg
748,617,2334.224,436.2467,2716.7156,652.5641,cam_3_1690346861_23-47-41.jpg
748,707,1763.484,199.28314,2143.9004,394.6527,cam_3_1690346861_23-47-41.jpg
748,602,1389.1359,1317.8567,2006.8754,2776.4197,cam_3_1690346861_23-47-41.jpg
749,639,1835.8574,530.7986,2307.1685,838.0379,cam_3_1690346936_23-48-56.jpg
749,566,1723.2083,490.84875,2174.5298,760.8218,cam_3_1690346936_23-48-56.jpg
749,672,1631.2472,437.09784,2081.6792,696.47986,cam_3_1690346936_23-48-56.jpg
749,668,2008.614,377.9523,2364.5264,501.79324,cam_3_1690346936_23-48-56.jpg
749,712,1518.3286,430.2541,1901.2224,653.941,cam_3_1690346936_23-48-56.jpg
749,401,1439.4327,397.89777,1833.3512,597.2762,cam_3_1690346936_23-48-56.jpg
749,705,1476.1543,179.19542,1756.6068,330.46356,cam_3_1690346936_23-48-56.jpg
749,667,1238.1945,304.32703,1713.6483,609.0562,cam_3_1690346936_23-48-56.jpg
749,723,2052.0144,558.0064,2552.0598,897.6768,cam_3_1690346936_23-48-56.jpg
749,617,2322.2576,433.03354,2716.514,648.49347,cam_3_1690346936_23-48-56.jpg
749,707,1828.6229,193.11855,2186.85,393.23444,cam_3_1690346936_23-48-56.jpg
749,602,1398.9856,1318.1085,1990.8971,2781.3914,cam_3_1690346936_23-48-56.jpg
750,639,1835.4707,531.00366,2315.1826,834.8412,cam_3_1690346996_23-49-56.jpg
750,566,1723.5419,490.22522,2175.5798,757.0692,cam_3_1690346996_23-49-56.jpg
750,672,1630.7795,436.48523,2083.2578,697.2687,cam_3_1690346996_23-49-56.jpg
750,668,2005.4303,377.702,2360.6543,501.47684,cam_3_1690346996_23-49-56.jpg
750,712,1518.0824,430.01035,1903.7648,653.5317,cam_3_1690346996_23-49-56.jpg
750,401,1439.2727,398.13937,1836.1097,598.7851,cam_3_1690346996_23-49-56.jpg
750,705,1462.7001,182.29623,1752.6564,328.3259,cam_3_1690346996_23-49-56.jpg
750,667,1224.4038,296.3758,1724.9708,613.6733,cam_3_1690346996_23-49-56.jpg
750,723,2053.0105,562.4764,2554.831,897.15576,cam_3_1690346996_23-49-56.jpg
750,617,2309.6387,431.67984,2716.6516,649.62225,cam_3_1690346996_23-49-56.jpg
750,707,1854.1547,191.8696,2194.7556,386.98553,cam_3_1690346996_23-49-56.jpg
750,602,1439.9053,1312.4274,2015.034,2775.793,cam_3_1690346996_23-49-56.jpg
751,639,1838.7582,519.3395,2361.5566,834.35944,cam_3_1690347071_23-51-11.jpg
751,566,1722.2911,489.4011,2177.4211,761.15765,cam_3_1690347071_23-51-11.jpg
751,672,1630.4647,435.19568,2086.2295,696.0456,cam_3_1690347071_23-51-11.jpg
751,668,2010.5764,376.64005,2369.9888,499.9417,cam_3_1690347071_23-51-11.jpg
751,712,1518.7966,426.80457,1905.6786,653.1774,cam_3_1690347071_23-51-11.jpg
751,401,1438.8252,398.43393,1837.7395,599.30365,cam_3_1690347071_23-51-11.jpg
751,705,1464.8063,179.57343,1759.7262,330.56293,cam_3_1690347071_23-51-11.jpg
751,667,1214.8917,294.4708,1720.7715,616.5608,cam_3_1690347071_23-51-11.jpg
751,723,2051.0205,564.67566,2555.4321,897.21155,cam_3_1690347071_23-51-11.jpg
751,617,2320.534,430.5582,2717.0735,648.05145,cam_3_1690347071_23-51-11.jpg
751,707,1871.6732,191.49875,2201.1333,383.43167,cam_3_1690347071_23-51-11.jpg
751,602,1407.0497,1325.3649,2000.922,2777.7456,cam_3_1690347071_23-51-11.jpg
752,639,1841.7766,518.5402,2377.219,835.0115,cam_3_1690347341_23-55-41.jpg
752,566,1726.6787,487.87973,2181.4739,757.35394,cam_3_1690347341_23-55-41.jpg
752,672,1636.2357,432.44733,2078.895,696.266,cam_3_1690347341_23-55-41.jpg
752,668,2013.2205,378.08612,2387.353,508.40237,cam_3_1690347341_23-55-41.jpg
752,712,1522.1765,433.5638,1903.1875,653.00256,cam_3_1690347341_23-55-41.jpg
752,401,1435.0308,397.45352,1835.032,598.7677,cam_3_1690347341_23-55-41.jpg
752,705,1451.9229,180.21976,1770.4275,347.26056,cam_3_1690347341_23-55-41.jpg
752,723,2050.9873,561.01807,2558.0686,896.1246,cam_3_1690347341_23-55-41.jpg
752,617,2341.2112,434.1471,2740.4038,646.8217,cam_3_1690347341_23-55-41.jpg
752,602,1341.6631,1323.0448,2051.8022,2778.915,cam_3_1690347341_23-55-41.jpg
752,690,645.247,904.63495,1722.9598,1907.3075,cam_3_1690347341_23-55-41.jpg
752,683,1315.3433,363.00504,1681.9069,545.9232,cam_3_1690347341_23-55-41.jpg
753,639,1841.0662,519.7073,2390.3997,835.74347,cam_3_1690347371_23-56-11.jpg
753,566,1728.5306,488.72064,2176.5735,759.03595,cam_3_1690347371_23-56-11.jpg
753,672,1631.6759,434.2846,2074.099,695.949,cam_3_1690347371_23-56-11.jpg
753,668,2006.6453,378.99808,2391.2576,512.1514,cam_3_1690347371_23-56-11.jpg
753,712,1524.5593,436.08826,1903.285,651.80035,cam_3_1690347371_23-56-11.jpg
753,401,1434.228,395.94177,1835.3965,597.49915,cam_3_1690347371_23-56-11.jpg
753,705,1481.4149,177.91869,1771.7437,345.66937,cam_3_1690347371_23-56-11.jpg
753,723,2050.6167,561.7424,2555.797,896.97687,cam_3_1690347371_23-56-11.jpg
753,617,2350.0884,435.13162,2753.113,648.097,cam_3_1690347371_23-56-11.jpg
753,602,1340.6423,1330.0813,2074.7478,2777.1943,cam_3_1690347371_23-56-11.jpg
753,690,701.55316,906.33765,1735.9093,1922.9219,cam_3_1690347371_23-56-11.jpg
753,683,1313.6865,363.33667,1682.7659,545.13275,cam_3_1690347371_23-56-11.jpg
754,639,1840.7325,520.84406,2390.8735,837.38544,cam_3_1690347386_23-56-26.jpg
754,566,1729.2732,488.3643,2175.8901,760.6243,cam_3_1690347386_23-56-26.jpg
754,672,1631.6913,434.52512,2074.282,696.67285,cam_3_1690347386_23-56-26.jpg
754,668,1999.4686,378.45566,2389.1223,510.704,cam_3_1690347386_23-56-26.jpg
754,712,1523.2853,438.03622,1895.8949,652.09143,cam_3_1690347386_23-56-26.jpg
754,401,1432.5759,394.11346,1833.0671,597.7187,cam_3_1690347386_23-56-26.jpg
754,705,1451.1973,179.73543,1774.4296,356.94983,cam_3_1690347386_23-56-26.jpg
754,723,2051.414,562.9837,2555.2034,897.1595,cam_3_1690347386_23-56-26.jpg
754,617,2349.8867,435.20593,2758.5286,651.19995,cam_3_1690347386_23-56-26.jpg
754,602,1343.4326,1331.4196,2085.7185,2777.5024,cam_3_1690347386_23-56-26.jpg
754,690,697.0058,907.4001,1740.9172,1985.568,cam_3_1690347386_23-56-26.jpg
754,683,1312.19,363.4634,1685.1608,544.7348,cam_3_1690347386_23-56-26.jpg
755,639,1838.0543,525.57806,2337.7905,834.4017,cam_3_1690347416_23-56-56.jpg
755,566,1726.2136,489.1205,2171.796,758.30304,cam_3_1690347416_23-56-56.jpg
755,672,1631.9836,438.4144,2072.927,696.7225,cam_3_1690347416_23-56-56.jpg
755,668,2002.6251,378.88284,2384.646,511.0069,cam_3_1690347416_23-56-56.jpg
755,712,1524.9193,437.6469,1897.5942,651.723,cam_3_1690347416_23-56-56.jpg
755,401,1432.862,394.87494,1833.6198,597.85175,cam_3_1690347416_23-56-56.jpg
755,705,1431.4109,185.35583,1747.5913,370.1612,cam_3_1690347416_23-56-56.jpg
755,723,2049.5098,558.2306,2560.2007,897.0206,cam_3_1690347416_23-56-56.jpg
755,617,2336.6018,432.02637,2753.6133,643.09784,cam_3_1690347416_23-56-56.jpg
755,602,1308.611,1323.8636,2077.0027,2784.171,cam_3_1690347416_23-56-56.jpg
755,690,720.9685,929.58923,1731.1599,2072.286,cam_3_1690347416_23-56-56.jpg
755,683,1313.5085,363.6185,1688.4777,547.47406,cam_3_1690347416_23-56-56.jpg
