frame,track_id,x1,y1,x2,y2,image
2,2,3606.782807239947,436.8478750705923,3966.7768464247124,685.6016336852498,cam_4_1690272191_03-03-11.jpg
2,4,2379.243997176174,533.7150603004465,2867.1059453004773,753.0629397578093,cam_4_1690272191_03-03-11.jpg
2,5,2496.1561178114366,484.2419156125947,2953.9083276631495,710.4857536427238,cam_4_1690272191_03-03-11.jpg
2,8,2874.5717787041804,370.5172639397053,3214.8642201697926,525.3602719216387,cam_4_1690272191_03-03-11.jpg
2,10,2797.077993893917,403.91651035130434,3121.703253850468,569.4510467422311,cam_4_1690272191_03-03-11.jpg
3,2,3577.8481407388117,426.2466887148379,3874.6827728283365,630.2592338181914,cam_4_1690272281_03-04-41.jpg
3,4,2357.3515733358245,529.6584832054693,2863.610304674024,758.6893356954829,cam_4_1690272281_03-04-41.jpg
3,5,2507.8725766344883,484.7869328523436,2950.008559380079,703.5693471460013,cam_4_1690272281_03-04-41.jpg
3,8,2864.9668599809884,370.2212298792892,3210.3637943324,527.3361841961614,cam_4_1690272281_03-04-41.jpg
3,10,2802.0108405762717,398.73840115039025,3129.6876462589325,566.0094403224956,cam_4_1690272281_03-04-41.jpg
3,13,3415.12108203797,590.5475895506493,3995.0753044176563,981.1526300210888,cam_4_1690272281_03-04-41.jpg
3,14,3386.3215185212443,862.8459414626393,3814.375195055444,1565.4412981892447,cam_4_1690272281_03-04-41.jpg
4,2,3610.7542841657996,418.3851986392079,3844.3481222935607,579.9835154371175,cam_4_1690272341_03-05-41.jpg
4,4,2354.732420662293,528.356572622188,2864.4607149609024,760.8137951945208,cam_4_1690272341_03-05-41.jpg
4,5,2509.751567209639,486.5789048337235,2940.371036329407,699.794376509999,cam_4_1690272341_03-05-41.jpg
4,8,2872.5945952130164,367.3112154095248,3219.8869947664493,525.8968214849061,cam_4_1690272341_03-05-41.jpg
4,10,2810.466463439282,398.0031628035718,3130.4121135547825,561.6599106386456,cam_4_1690272341_03-05-41.jpg
4,13,3329.1276080677358,589.2007308147904,4007.8812887825566,1046.7671264434503,cam_4_1690272341_03-05-41.jpg
4,14,3388.587595344428,852.6546828038581,3827.500452320455,1552.3865043050182,cam_4_1690272341_03-05-41.jpg
5,4,2351.2944482806347,528.2887920255348,2859.03211881574,761.8044611576605,cam_4_1690272491_03-08-11.jpg
5,5,2526.361176776922,492.58764384753226,2942.0434636576656,698.2959829002823,cam_4_1690272491_03-08-11.jpg
5,8,2853.346715290531,360.8398210948758,3210.768125506731,524.1422950156463,cam_4_1690272491_03-08-11.jpg
5,10,2809.3349768209537,394.10359530748974,3125.2912615449945,555.775202636575,cam_4_1690272491_03-08-11.jpg
5,13,3275.1907929433364,606.8581796172266,4058.1348378748003,1136.0327776114445,cam_4_1690272491_03-08-11.jpg
5,16,1849.121136096778,340.01330535107314,2291.6257510444334,682.0559017383371,cam_4_1690272491_03-08-11.jpg
5,17,2061.762466454226,323.1283700036038,2491.163483244363,571.6238198509079,cam_4_1690272491_03-08-11.jpg
5,20,1882.9443404870208,523.9218433957102,2257.032927571535,752.0361817915348,cam_4_1690272491_03-08-11.jpg
6,4,2324.4211861138215,525.7481038220005,2838.6922485925547,763.0338315368284,cam_4_1690272551_03-09-11.jpg
6,5,2525.8088239571825,493.7024860816871,2956.241010338032,706.4578989370652,cam_4_1690272551_03-09-11.jpg
6,8,2841.473789508663,353.2404774715138,3213.6298989453226,523.7563444173654,cam_4_1690272551_03-09-11.jpg
6,10,2801.8087650915763,393.1199961160405,3123.898981672577,558.2886738255525,cam_4_1690272551_03-09-11.jpg
6,13,3286.941960395517,612.7301432971295,4124.002760682872,1177.8329085582122,cam_4_1690272551_03-09-11.jpg
6,16,1849.1423206856678,335.82949449857006,2289.96739719893,677.0173272560519,cam_4_1690272551_03-09-11.jpg
6,17,2019.7009459420406,317.44735753282686,2455.534566156458,571.5769888685758,cam_4_1690272551_03-09-11.jpg
6,20,1884.479557225466,526.2387457332771,2261.8798196573866,755.9663545327139,cam_4_1690272551_03-09-11.jpg
6,21,3366.8234449971965,431.61746097260163,4240.040515084464,747.2456737348342,cam_4_1690272551_03-09-11.jpg
6,22,3446.6139721518684,525.4421814616729,3965.548417613001,869.4812704074582,cam_4_1690272551_03-09-11.jpg
7,4,2321.0851350103167,524.836459240951,2833.1927341084947,762.1326788945248,cam_4_1690272626_03-10-26.jpg
7,5,2519.426184931011,489.5174100021825,2951.1837886409457,703.3050732316751,cam_4_1690272626_03-10-26.jpg
7,8,2845.7554701614863,354.73987695876355,3210.7075891672444,522.398941111087,cam_4_1690272626_03-10-26.jpg
7,10,2808.350067315963,390.41570423656856,3129.175848892748,555.7841670102944,cam_4_1690272626_03-10-26.jpg
7,13,3286.986885747133,613.0276902350997,4152.920501673135,1194.8040627183343,cam_4_1690272626_03-10-26.jpg
7,16,1841.7841571598776,338.1339425972574,2280.444313378996,677.2550197630432,cam_4_1690272626_03-10-26.jpg
7,17,2008.5882358080814,311.6314161489297,2412.648528983583,548.6939521573645,cam_4_1690272626_03-10-26.jpg
7,20,1888.9099768741887,525.9201496618587,2265.1464284193084,754.871508819017,cam_4_1690272626_03-10-26.jpg
7,21,3336.7032735804023,426.4638419103801,4280.293616935334,774.7101972929424,cam_4_1690272626_03-10-26.jpg
7,22,3444.291067367892,526.1819958225899,3942.441467428672,853.2957040155902,cam_4_1690272626_03-10-26.jpg
8,4,2316.1943183604135,524.710357304974,2831.0023022926025,764.496733472893,cam_4_1690272866_03-14-26.jpg
8,5,2526.5002020731185,492.08011491238176,2950.6374294242264,701.855793795007,cam_4_1690272866_03-14-26.jpg
8,8,2857.400410949093,352.4248917771751,3227.3931031091984,524.4910710582712,cam_4_1690272866_03-14-26.jpg
8,10,2789.2181953276777,380.5330833963027,3133.975665347331,559.7238213037183,cam_4_1690272866_03-14-26.jpg
8,13,3310.243947403166,632.6591345764126,4125.615711045949,1173.8771947550658,cam_4_1690272866_03-14-26.jpg
8,20,1886.9659459887857,524.8597508816528,2269.9595402351147,757.6728380119291,cam_4_1690272866_03-14-26.jpg
8,21,3334.7680669363363,425.55870035747114,4283.489927528113,784.3173659245055,cam_4_1690272866_03-14-26.jpg
8,22,3428.548620651394,530.1848492782775,4059.4100808328,943.0694093840584,cam_4_1690272866_03-14-26.jpg
9,4,2311.3815493787847,523.595730263938,2827.357446981114,764.8810542847987,cam_4_1690272896_03-14-56.jpg
9,5,2524.2391517117753,491.4790316423963,2949.685515382244,701.9736977159881,cam_4_1690272896_03-14-56.jpg
9,8,2855.225207775171,352.2547786082753,3218.871661609231,522.4216806253528,cam_4_1690272896_03-14-56.jpg
9,10,2784.3494689704144,378.9022788371442,3126.864018565342,557.481714773692,cam_4_1690272896_03-14-56.jpg
9,13,3222.2640893967914,651.9500287207263,4127.767123583996,1259.5384891119304,cam_4_1690272896_03-14-56.jpg
9,20,1885.7281677090834,525.096458537766,2270.8970273934747,758.7347413599243,cam_4_1690272896_03-14-56.jpg
9,22,3383.4780216600157,535.2674944171808,4041.720697284469,965.3828711967557,cam_4_1690272896_03-14-56.jpg
9,26,907.3648660418506,605.1068933954086,1663.7666516063437,1282.2492058238067,cam_4_1690272896_03-14-56.jpg
10,4,2347.7163145046975,527.3863258253679,2848.570606286288,764.8553549752653,cam_4_1690273031_03-17-11.jpg
10,5,2529.780589927257,491.79516616972614,2953.4313635629696,701.5704512850666,cam_4_1690273031_03-17-11.jpg
10,8,2814.3585180083273,292.66104129738653,3334.908101588706,541.7357433181955,cam_4_1690273031_03-17-11.jpg
10,10,2788.627909190852,380.1369386251756,3127.5650646805625,558.756920591163,cam_4_1690273031_03-17-11.jpg
10,13,3200.006490859384,661.4304267115417,4159.799854239502,1312.769383019393,cam_4_1690273031_03-17-11.jpg
10,20,1877.9913684062212,527.5719643624612,2264.235743838898,760.7684130102065,cam_4_1690273031_03-17-11.jpg
10,22,3329.47212883982,575.3494657583751,4121.597506663009,1096.6731717949801,cam_4_1690273031_03-17-11.jpg
10,26,889.4586799862612,600.9243601052096,1648.8539095356691,1277.4935810601364,cam_4_1690273031_03-17-11.jpg
10,28,2720.2683178727993,917.6964684166373,4136.8988718352975,1783.157033846272,cam_4_1690273031_03-17-11.jpg
10,30,2730.3207047766914,417.31722455785075,3068.838005229007,590.1288630385459,cam_4_1690273031_03-17-11.jpg
11,4,2364.579300457557,529.746296111398,2853.8754346325163,764.84519455478,cam_4_1690273046_03-17-26.jpg
11,5,2528.2754820064483,490.2872930081944,2952.641341842634,700.6787876603198,cam_4_1690273046_03-17-26.jpg
11,8,2817.9859261387405,268.4958041034441,3341.703408273124,522.7348492960738,cam_4_1690273046_03-17-26.jpg
11,10,2786.565205300095,378.8623814657007,3126.305412287068,559.608574617328,cam_4_1690273046_03-17-26.jpg
11,13,3214.895428643719,663.5480906615937,4096.239205775654,1262.8750557091662,cam_4_1690273046_03-17-26.jpg
11,20,1878.3978625663476,528.2772040192613,2266.642803434148,761.7551781328759,cam_4_1690273046_03-17-26.jpg
11,22,3379.5702779387366,576.1452629266219,4053.931254406731,1011.6843980138115,cam_4_1690273046_03-17-26.jpg
11,26,940.3151430616268,601.7669811107381,1694.8976911849118,1275.736150133604,cam_4_1690273046_03-17-26.jpg
11,28,2845.8921332342507,936.6802601364623,4195.034114764105,1757.0317722632976,cam_4_1690273046_03-17-26.jpg
11,30,2727.1316181483003,415.6851392900759,3066.0307716363045,588.4808518031093,cam_4_1690273046_03-17-26.jpg
11,33,3629.0025260268217,278.2035001923684,4035.5132376583374,532.447215511907,cam_4_1690273046_03-17-26.jpg
12,4,2368.028601953388,527.7893030259575,2854.5553788673624,764.600729034961,cam_4_1690273196_03-19-56.jpg
12,5,2526.549626573924,491.6635761596432,2950.716986059676,701.85188568305,cam_4_1690273196_03-19-56.jpg
12,8,2819.0067159911305,257.1044781678503,3336.324761478059,511.03842766835146,cam_4_1690273196_03-19-56.jpg
12,10,2772.042592304223,372.20143624660636,3124.198713179645,560.691739583242,cam_4_1690273196_03-19-56.jpg
12,13,3191.4371069210038,723.8331478376285,4014.5958002612997,1280.3551424666693,cam_4_1690273196_03-19-56.jpg
12,20,1878.4313939013352,528.6977641944823,2267.363219270196,761.3914500356078,cam_4_1690273196_03-19-56.jpg
12,22,3339.64328147978,582.8683883727747,4020.0657842379114,1027.2254685631074,cam_4_1690273196_03-19-56.jpg
12,28,2997.6615873735436,928.851043054691,4119.414523397476,1597.6465533769422,cam_4_1690273196_03-19-56.jpg
12,30,2722.94328368611,414.05362202277604,3067.6454113675204,589.520308267272,cam_4_1690273196_03-19-56.jpg
12,34,3463.537964033235,487.35799701406046,3999.8075881299674,825.6353834230242,cam_4_1690273196_03-19-56.jpg
13,4,2368.051172061582,527.6981842162095,2851.9736080603975,765.9979556425654,cam_4_1690273271_03-21-11.jpg
13,5,2527.4348626339597,491.1524915366663,2951.484389531862,701.4194293019832,cam_4_1690273271_03-21-11.jpg
13,8,2820.6462751171985,253.44857539913144,3324.311995971092,502.46070669116784,cam_4_1690273271_03-21-11.jpg
13,10,2777.2922680676243,375.96025628287174,3122.464958069675,562.1173706661506,cam_4_1690273271_03-21-11.jpg
13,13,3139.552641371481,746.1301322894694,4035.2061218086023,1355.2743227893525,cam_4_1690273271_03-21-11.jpg
13,20,1874.4092786257381,528.8583758941691,2267.9737753957666,763.596044035143,cam_4_1690273271_03-21-11.jpg
13,28,2922.455573478645,933.3882043883334,4048.5086469291305,1603.0576497374445,cam_4_1690273271_03-21-11.jpg
13,30,2726.5463618505905,417.8089923146971,3068.787425529816,591.6349893032414,cam_4_1690273271_03-21-11.jpg
13,34,3432.6651216606015,481.6172076379644,4054.88081041129,875.6299012633012,cam_4_1690273271_03-21-11.jpg
14,4,2338.3866342064694,525.4233719333827,2825.8567023553996,764.9173940453092,cam_4_1690273331_03-22-11.jpg
14,5,2529.330842561198,490.4547711111564,2955.820878006707,702.437121851706,cam_4_1690273331_03-22-11.jpg
14,8,2826.4696082380538,253.1856279082341,3317.1166686513147,497.96820519524533,cam_4_1690273331_03-22-11.jpg
14,10,2784.5893545921167,377.95841922037886,3122.3860810591264,561.4832516573028,cam_4_1690273331_03-22-11.jpg
14,13,3082.4820937804016,753.3583651575909,4100.716140097235,1459.0881244249654,cam_4_1690273331_03-22-11.jpg
14,20,1882.5495335326104,529.5063785368923,2276.9537241735907,762.8720432566375,cam_4_1690273331_03-22-11.jpg
14,22,3259.1159413743158,654.8275718443429,4054.427578650186,1175.2972595093406,cam_4_1690273331_03-22-11.jpg
14,28,2745.476748932764,905.6216019069925,3811.718182306921,1536.085491800086,cam_4_1690273331_03-22-11.jpg
14,30,2732.835659195386,421.4886329944013,3068.373826051175,591.5964894736753,cam_4_1690273331_03-22-11.jpg
14,34,3396.959656077581,482.5796147463219,4083.7264631185653,919.228758486167,cam_4_1690273331_03-22-11.jpg
14,35,3344.9501728884798,570.0264441348352,4004.692771959935,932.7106146685364,cam_4_1690273331_03-22-11.jpg
14,36,2617.1687988349513,1253.5723422282838,3902.0923963821456,2311.5174222768237,cam_4_1690273331_03-22-11.jpg
14,38,3358.3539301454057,570.4520572392744,3827.8614893728973,799.6823341031641,cam_4_1690273331_03-22-11.jpg
15,4,2321.765380499518,523.6763819517146,2814.0154847875224,765.25603195349,cam_4_1690273436_03-23-56.jpg
15,5,2528.7999021297355,490.8420229050111,2953.5437537571615,701.8168182879771,cam_4_1690273436_03-23-56.jpg
15,8,2838.1530948131044,254.02895828688008,3307.6421037386253,490.210805541701,cam_4_1690273436_03-23-56.jpg
15,10,2789.2929289315243,377.9498370956319,3123.844795515632,561.356978811407,cam_4_1690273436_03-23-56.jpg
15,13,3075.971046904523,754.1809743387042,4133.297874667213,1498.7825700258013,cam_4_1690273436_03-23-56.jpg
15,20,1881.5097458734554,530.4147288323725,2280.4626277754505,764.9156867569224,cam_4_1690273436_03-23-56.jpg
15,22,3327.232384757469,668.4941906181134,4067.6303875349627,1132.000126321483,cam_4_1690273436_03-23-56.jpg
15,28,2664.818652240012,964.7053848237823,4112.492122084342,1834.3622473746009,cam_4_1690273436_03-23-56.jpg
15,30,2736.287985261613,422.96492030689103,3067.100457835231,590.2409693806537,cam_4_1690273436_03-23-56.jpg
15,34,3456.7275000376144,488.2713752749428,4058.1869615435667,860.8626590712217,cam_4_1690273436_03-23-56.jpg
15,35,3411.9879851196533,569.8466891090065,3945.5575616534998,860.2979104359233,cam_4_1690273436_03-23-56.jpg
15,36,2557.953789098962,1250.4316167060545,4017.095317549808,2451.6261148534877,cam_4_1690273436_03-23-56.jpg
15,38,3378.871498500517,573.1853019647165,3842.8172432117963,799.7422667655529,cam_4_1690273436_03-23-56.jpg
16,4,2315.5669767248705,524.7980908969668,2805.5329293693703,764.1352691274707,cam_4_1690273541_03-25-41.jpg
16,5,2529.601253143932,490.16448653071814,2952.799400169953,700.0266686599451,cam_4_1690273541_03-25-41.jpg
16,8,2839.7620231898,255.33065601853988,3301.005475653799,489.0001128498217,cam_4_1690273541_03-25-41.jpg
16,10,2788.6997734782044,378.60852097661365,3121.2153040648864,562.0822093984575,cam_4_1690273541_03-25-41.jpg
16,13,3064.4022748073758,758.5277662407298,4155.851714002556,1542.221406604178,cam_4_1690273541_03-25-41.jpg
16,20,1888.9030265338592,532.4574869958157,2272.7398374392856,757.1698676332932,cam_4_1690273541_03-25-41.jpg
16,22,3330.190694292751,670.0803032586525,4079.1664519352194,1125.384378254988,cam_4_1690273541_03-25-41.jpg
16,30,2729.1222989375433,419.619967534521,3067.901426162033,590.8494737729507,cam_4_1690273541_03-25-41.jpg
16,34,3487.075655685581,495.3284325396413,4071.083484266146,850.6719770640403,cam_4_1690273541_03-25-41.jpg
16,36,2651.693719350582,1247.5182334000194,3884.306947324583,2247.1039208992097,cam_4_1690273541_03-25-41.jpg
16,38,3379.663662625079,579.0097063173282,3849.624462648797,808.7335716328987,cam_4_1690273541_03-25-41.jpg
17,4,2355.6899708997616,529.417286687665,2830.7991570553795,764.3116549892189,cam_4_1690273826_03-30-26.jpg
17,5,2488.9636477153736,412.0308001392763,3043.578992693614,694.4585336955759,cam_4_1690273826_03-30-26.jpg
17,8,2844.444445574288,258.92646114434285,3294.696631154786,488.42373572880035,cam_4_1690273826_03-30-26.jpg
17,13,3066.7345440466365,752.2196309770467,4100.168573403731,1502.7289076378802,cam_4_1690273826_03-30-26.jpg
17,20,1888.7036741241118,534.0086536236032,2273.2743941278677,758.590127533253,cam_4_1690273826_03-30-26.jpg
17,22,3262.761075784904,679.0353532182156,4052.989259945903,1161.4300455408707,cam_4_1690273826_03-30-26.jpg
17,33,3488.81692024673,440.4773155263275,4010.0626772930955,765.8333095411341,cam_4_1690273826_03-30-26.jpg
17,34,3476.759898966481,493.76612809098344,4059.137867982739,847.4514681931882,cam_4_1690273826_03-30-26.jpg
17,36,2654.100531451316,1210.7291524357342,3884.3444464267704,2201.812373690549,cam_4_1690273826_03-30-26.jpg
17,38,3382.131475434437,585.0951175653029,3822.3953134234985,799.3359630883322,cam_4_1690273826_03-30-26.jpg
18,4,2375.6295994477737,530.3650327242116,2841.669749806807,763.8506868878277,cam_4_1690273856_03-30-56.jpg
18,5,2473.2728243612164,383.14335187415946,3059.893925637379,688.9260618596265,cam_4_1690273856_03-30-56.jpg
18,8,2845.2015283610504,259.43050671306986,3299.845152267164,492.9043749924665,cam_4_1690273856_03-30-56.jpg
18,13,3103.299842165668,761.6489679704714,4078.8099771674392,1474.8188797610624,cam_4_1690273856_03-30-56.jpg
18,20,1886.5274470176746,533.15725596264,2271.330471771126,757.7531962210059,cam_4_1690273856_03-30-56.jpg
18,22,3303.8579011677975,679.1707155325057,4067.6749005411316,1131.3672596181457,cam_4_1690273856_03-30-56.jpg
18,28,2598.913362000206,1149.8674357810712,4103.413761617531,2048.788258709287,cam_4_1690273856_03-30-56.jpg
18,33,3464.685689633657,513.1733183089672,3891.3581815671123,770.5690693484262,cam_4_1690273856_03-30-56.jpg
18,35,3387.8407020489376,550.0126133030255,3990.212648002312,880.2020150923632,cam_4_1690273856_03-30-56.jpg
18,38,3382.043600054468,588.0173623317196,3826.3503892117797,803.1927595832254,cam_4_1690273856_03-30-56.jpg
19,4,2362.1701945683258,526.8405846565322,2827.2091261302066,760.0522827871041,cam_4_1690273871_03-31-11.jpg
19,5,2574.3409455937253,433.6540784789107,3019.681204844154,664.8115240551546,cam_4_1690273871_03-31-11.jpg
19,8,2842.810541410378,258.48032674750556,3313.1560030654796,502.4407421245177,cam_4_1690273871_03-31-11.jpg
19,10,2786.226114940798,377.80704908021835,3116.42508601757,560.930543573296,cam_4_1690273871_03-31-11.jpg
19,13,3099.285235093985,764.6999538030761,4077.0585753335267,1484.7877266226478,cam_4_1690273871_03-31-11.jpg
19,20,1889.6052618440483,536.6902587586803,2268.7009485802228,757.463302756571,cam_4_1690273871_03-31-11.jpg
19,22,3231.1750003675434,680.1678570683532,4117.482545181458,1206.8737223101384,cam_4_1690273871_03-31-11.jpg
19,28,2614.992831614106,1186.977168633055,4126.996439653736,2084.5017345320175,cam_4_1690273871_03-31-11.jpg
19,30,2723.289299469324,418.8029506196533,3065.12639731716,590.8865070598277,cam_4_1690273871_03-31-11.jpg
19,33,3463.417758873934,527.0349611626133,3824.221231984857,738.3418016790308,cam_4_1690273871_03-31-11.jpg
19,34,3433.1472223779233,487.85955155394174,4077.135978358226,880.4089459031711,cam_4_1690273871_03-31-11.jpg
19,35,3367.374157090285,567.4049626191252,3977.21576049751,901.5008820254784,cam_4_1690273871_03-31-11.jpg
19,38,3364.712222221746,585.6355073143562,3826.3739440070203,808.8107326714121,cam_4_1690273871_03-31-11.jpg
19,40,2357.6095668435,265.9224728266079,2638.085114595386,439.6786690618066,cam_4_1690273871_03-31-11.jpg
20,4,2342.3895691678126,528.4090982800324,2809.1116830901037,760.6336704215479,cam_4_1690274096_03-34-56.jpg
20,5,2622.361944792301,460.92323958040186,2998.20258424238,655.0156281521071,cam_4_1690274096_03-34-56.jpg
20,8,2841.258936681591,259.047104765881,3307.4705621573794,502.36682805978614,cam_4_1690274096_03-34-56.jpg
20,10,2779.4985530532936,372.9665040167595,3114.954709090703,559.1468731398123,cam_4_1690274096_03-34-56.jpg
20,13,3170.2562622405403,758.4183642309226,4068.830818567063,1408.1876402307034,cam_4_1690274096_03-34-56.jpg
20,20,1880.7502431283085,534.349686791579,2268.1190692739233,759.9228952799199,cam_4_1690274096_03-34-56.jpg
20,22,3194.425689320999,673.3389298975508,4113.329960238173,1227.5136674399992,cam_4_1690274096_03-34-56.jpg
20,28,2603.8906714991053,1190.0315264916792,4154.076070846868,2102.6368263095774,cam_4_1690274096_03-34-56.jpg
20,30,2722.6064820399347,422.82285639382667,3067.7464084069143,595.9776049629511,cam_4_1690274096_03-34-56.jpg
20,33,3469.026903396533,543.8856150479312,3786.5317934838395,719.6221021350134,cam_4_1690274096_03-34-56.jpg
20,34,3457.4697935584645,490.2820063805195,3977.520578720236,796.5661644538357,cam_4_1690274096_03-34-56.jpg
20,35,3362.9960139124005,564.5520023818024,4054.3439850771524,942.200067194975,cam_4_1690274096_03-34-56.jpg
20,38,3359.088912129308,583.4729268739525,3800.477877278274,792.8982294697289,cam_4_1690274096_03-34-56.jpg
20,40,2344.853561161145,266.68802562022336,2629.0501729908447,441.7025249885255,cam_4_1690274096_03-34-56.jpg
21,4,2332.2210692291956,528.7409380005399,2803.9286913165242,762.0214960901418,cam_4_1690274126_03-35-26.jpg
21,5,2632.520284166697,465.6616775956284,2993.5786246652156,651.6804669955948,cam_4_1690274126_03-35-26.jpg
21,8,2844.140740732953,260.19748250413573,3302.066191284376,500.8990966120223,cam_4_1690274126_03-35-26.jpg
21,10,2783.843877589186,374.0540297593655,3116.4404266788915,559.0580015569311,cam_4_1690274126_03-35-26.jpg
21,13,3110.9386185631884,759.307598094619,4073.519679293277,1464.433211440375,cam_4_1690274126_03-35-26.jpg
21,20,1874.3379013217964,534.1636960222843,2263.0449975164893,760.6937143349513,cam_4_1690274126_03-35-26.jpg
21,22,3210.1904453687007,676.9145112174515,4138.406307126277,1238.7868063340957,cam_4_1690274126_03-35-26.jpg
21,30,2715.1913786081577,419.8712757352681,3068.5417975805717,596.342656580947,cam_4_1690274126_03-35-26.jpg
21,34,3394.745811330535,506.28417723657765,4039.105348456986,888.3505151695107,cam_4_1690274126_03-35-26.jpg
21,35,3323.7735294464246,575.288883739953,4057.8768859124334,980.080238151006,cam_4_1690274126_03-35-26.jpg
21,36,2663.1083907982274,1127.18739716556,3672.442210337311,1942.076788558565,cam_4_1690274126_03-35-26.jpg
21,38,3365.1423164995426,581.4768434331794,3807.3049146493154,788.3487124449848,cam_4_1690274126_03-35-26.jpg
21,40,2337.632479996921,272.04053289828414,2622.3222407714375,445.43391263847934,cam_4_1690274126_03-35-26.jpg
21,44,2541.8470306214267,504.757424982245,2892.171291778786,696.993441419657,cam_4_1690274126_03-35-26.jpg
22,4,2160.1957915133025,514.7211207373985,2962.140597236621,932.8672327368705,cam_4_1690274186_03-36-26.jpg
22,5,2628.4345578969815,460.99957029680957,2998.746507645544,652.07966024104,cam_4_1690274186_03-36-26.jpg
22,8,2892.6587424237086,266.9514190035312,3214.2836312593395,419.49056218514073,cam_4_1690274186_03-36-26.jpg
22,10,2773.408302764314,333.6347650755134,3224.440198245666,588.7414537918435,cam_4_1690274186_03-36-26.jpg
22,13,3162.331839898937,709.1251607027334,4079.56796913355,1385.397867322854,cam_4_1690274186_03-36-26.jpg
22,14,3137.381091419523,862.5076735868316,3665.3857223058717,1721.6780115460178,cam_4_1690274186_03-36-26.jpg
22,20,1863.8172929248635,535.1963800028451,2273.4630221756565,775.4568677624991,cam_4_1690274186_03-36-26.jpg
22,30,2710.6175877108153,411.58967939071556,3084.467911316918,600.5899486157248,cam_4_1690274186_03-36-26.jpg
22,34,3442.96035252296,503.2585795277712,3987.071437084125,811.5739536520541,cam_4_1690274186_03-36-26.jpg
22,35,3321.1026862063923,594.7631821961763,4050.8943815210114,995.1364709151923,cam_4_1690274186_03-36-26.jpg
22,40,2291.032841588451,268.9866643078482,2613.938380945607,466.0183825732298,cam_4_1690274186_03-36-26.jpg
22,44,2537.558660635204,498.3757447877957,2904.613068822153,700.7043980986508,cam_4_1690274186_03-36-26.jpg
22,45,3368.7815265534787,506.1185608904549,3861.3760260523827,659.2571822578133,cam_4_1690274186_03-36-26.jpg
23,4,2092.549241584763,508.6144990423269,2962.8167418774738,983.9939819906419,cam_4_1690274336_03-38-56.jpg
23,5,2626.823824747937,457.3530440654383,3002.028676405702,651.9401903302712,cam_4_1690274336_03-38-56.jpg
23,8,2910.1420736206796,266.75871320268914,3218.54653068081,407.6421379228603,cam_4_1690274336_03-38-56.jpg
23,10,2839.3340202932295,324.72500972257694,3333.8906464505953,610.2148714702321,cam_4_1690274336_03-38-56.jpg
23,13,3206.098936821218,691.6533961298383,4037.9475610671966,1305.8042882852828,cam_4_1690274336_03-38-56.jpg
23,14,3169.9388980510384,880.0432897832468,3799.69256658553,1864.5212453995136,cam_4_1690274336_03-38-56.jpg
23,20,1861.672640776901,538.7942518277857,2273.3447557064474,781.296618463407,cam_4_1690274336_03-38-56.jpg
23,30,2708.3384216516024,408.365536349396,3085.1014881944066,600.5121447330123,cam_4_1690274336_03-38-56.jpg
23,34,3420.8577610252787,512.9161780732428,4027.257962295542,853.2309922257401,cam_4_1690274336_03-38-56.jpg
23,35,3293.3762198996,597.8479415630699,4109.1994401383945,1050.6328638507243,cam_4_1690274336_03-38-56.jpg
23,40,2283.674858397154,267.3568872970519,2607.221793733079,464.1430998828074,cam_4_1690274336_03-38-56.jpg
23,44,2533.4728635954452,498.9791118716605,2902.955864762794,703.2093885873535,cam_4_1690274336_03-38-56.jpg
23,45,3394.1354001425425,507.92131518020557,3856.118281669039,651.1509540878855,cam_4_1690274336_03-38-56.jpg
24,4,2061.2405218459735,502.14018241709783,2946.7806389139228,1007.4908916043889,cam_4_1690274456_03-40-56.jpg
24,5,2620.9374354020824,446.0716053475756,3014.1313404149296,652.1376890599838,cam_4_1690274456_03-40-56.jpg
24,10,2858.2378136843845,286.69635974380105,3310.529488501475,545.9488041440009,cam_4_1690274456_03-40-56.jpg
24,14,3256.119915970395,873.2622436881243,3928.424428487464,1764.0045839923932,cam_4_1690274456_03-40-56.jpg
24,20,1855.615351469434,541.1738457762846,2278.2029794281043,791.9732701649314,cam_4_1690274456_03-40-56.jpg
24,26,865.4673352620483,658.0495400733407,1635.6731141609584,1322.96810749327,cam_4_1690274456_03-40-56.jpg
24,30,2699.1246439882134,403.46932998489046,3085.1270954571464,600.7338907911756,cam_4_1690274456_03-40-56.jpg
24,34,3493.822118929963,452.9951330740746,4061.2358694403824,772.5381998028436,cam_4_1690274456_03-40-56.jpg
24,35,3325.082948321292,543.6363494691334,4141.292880678847,995.5207777110691,cam_4_1690274456_03-40-56.jpg
24,40,2274.4848871486183,266.2564113476699,2585.6099972596953,453.24247473349243,cam_4_1690274456_03-40-56.jpg
24,44,2523.3502519310546,499.1922796854718,2892.8476493785956,703.9403458654388,cam_4_1690274456_03-40-56.jpg
25,4,2072.2845083150046,505.299124034288,2932.004736484961,1017.7820319770717,cam_4_1690274501_03-41-41.jpg
25,5,2619.9797731931712,444.0746755938773,3013.827666297268,652.064122050888,cam_4_1690274501_03-41-41.jpg
25,10,2866.1189977771696,270.2646581798235,3293.7768890600837,513.2155756902932,cam_4_1690274501_03-41-41.jpg
25,14,3247.5747542460526,871.0638274271909,3979.194463703062,1762.4819869936118,cam_4_1690274501_03-41-41.jpg
25,20,1855.803487352123,542.0929016160869,2272.0720081922614,790.817350355584,cam_4_1690274501_03-41-41.jpg
25,26,865.9229693445294,662.842124507561,1653.791224004016,1325.0983087870395,cam_4_1690274501_03-41-41.jpg
25,30,2692.1334603023206,400.23811365115165,3085.4934679449166,601.5735218043635,cam_4_1690274501_03-41-41.jpg
25,34,3520.5974005750495,425.36381493971567,4045.198548576057,722.7004586720377,cam_4_1690274501_03-41-41.jpg
25,35,3333.467968178693,521.6689749217103,4137.908645510878,966.8522004044438,cam_4_1690274501_03-41-41.jpg
25,40,2263.462170950915,267.05765735251657,2573.0912070154272,451.16425303569844,cam_4_1690274501_03-41-41.jpg
25,44,2514.2477888680696,496.98503576946246,2895.5151874619874,709.1490395987273,cam_4_1690274501_03-41-41.jpg
26,4,2079.2891901066555,501.36093852797484,2915.4773246163154,1020.0875166412932,cam_4_1690274546_03-42-26.jpg
26,5,2621.3726964014963,444.53320702717366,3010.929143437792,652.3179481680964,cam_4_1690274546_03-42-26.jpg
26,10,2865.325701878832,265.21291751032766,3281.463007974454,500.32501088617323,cam_4_1690274546_03-42-26.jpg
26,14,3177.4388850965784,881.6567972661717,3965.405442592716,1824.0901691206864,cam_4_1690274546_03-42-26.jpg
26,20,1888.2978246726104,535.9619474629988,2270.7754572751555,765.7355929277908,cam_4_1690274546_03-42-26.jpg
26,26,862.8719898905172,669.2177459072147,1662.577882727263,1323.5841799980055,cam_4_1690274546_03-42-26.jpg
26,30,2697.3978574164885,403.1208822620735,3082.659807585272,600.778471316477,cam_4_1690274546_03-42-26.jpg
26,34,3528.757383731396,415.70743858524617,4084.4706986490864,732.3615596001728,cam_4_1690274546_03-42-26.jpg
26,35,3346.4475131754507,512.3712372259595,4158.065506995461,960.6845447963124,cam_4_1690274546_03-42-26.jpg
26,40,2263.0309591362907,269.57050516556103,2570.0694132010776,449.40863225471344,cam_4_1690274546_03-42-26.jpg
26,44,2508.9748297287283,494.8089504810175,2891.798920024009,708.8041141092899,cam_4_1690274546_03-42-26.jpg
26,48,2975.6835504225405,1065.8166155223626,4068.671893393382,2459.442936231184,cam_4_1690274546_03-42-26.jpg
26,50,3551.240555640225,417.91402721366785,3954.4287368905066,603.1876794362747,cam_4_1690274546_03-42-26.jpg
27,4,2089.3444529557805,494.1509737514736,2905.62956869805,1021.5772623229118,cam_4_1690274606_03-43-26.jpg
27,10,2911.1711670990203,259.089111844894,3331.044821177472,503.78085567778146,cam_4_1690274606_03-43-26.jpg
27,14,3185.2835681218758,877.0640848917736,3999.6000721772702,1812.2003788789107,cam_4_1690274606_03-43-26.jpg
27,16,1729.5073309700344,327.8289313651949,2164.01796287714,668.3460095744962,cam_4_1690274606_03-43-26.jpg
27,20,1877.6270076617427,534.9981517009439,2281.3350138304827,779.1702713722864,cam_4_1690274606_03-43-26.jpg
27,26,845.7202132614116,664.514809571274,1666.7840046328965,1321.4660100245028,cam_4_1690274606_03-43-26.jpg
27,30,2704.423630267801,326.7806106888747,3218.205101743596,603.2732274811597,cam_4_1690274606_03-43-26.jpg
27,34,3485.1606474664186,414.04628881604293,4087.655439125694,764.6191025841076,cam_4_1690274606_03-43-26.jpg
27,35,3306.569703936308,512.8670483611522,4107.026326954839,961.090694188375,cam_4_1690274606_03-43-26.jpg
27,40,2251.7519513737716,267.17397687576306,2575.5079506420448,455.47350680613323,cam_4_1690274606_03-43-26.jpg
27,44,2474.519578954747,409.187608455181,2986.970361123545,699.3566125380255,cam_4_1690274606_03-43-26.jpg
27,48,3111.6379449967935,1062.4839814442303,4104.291823191748,2303.3500902085966,cam_4_1690274606_03-43-26.jpg
28,4,2106.0887831524024,492.89077191127063,2894.6996246310155,1022.6465599528124,cam_4_1690274666_03-44-26.jpg
28,10,2932.606020227125,259.4275399653959,3335.8530134766515,500.63563894141987,cam_4_1690274666_03-44-26.jpg
28,14,3161.8250987627707,872.2093588790726,3999.07654481597,1809.672295792297,cam_4_1690274666_03-44-26.jpg
28,16,1711.5213953747502,315.7862093790695,2107.854973058038,642.3470724594035,cam_4_1690274666_03-44-26.jpg
28,20,1875.6338524712312,538.1578591048781,2283.277394319237,784.9336464125756,cam_4_1690274666_03-44-26.jpg
28,26,865.9650619526263,670.7397983774351,1692.1480622973636,1319.728275171753,cam_4_1690274666_03-44-26.jpg
28,30,2723.012368224002,302.1948091025718,3262.959527711703,605.6648915740554,cam_4_1690274666_03-44-26.jpg
28,34,3498.3945383326914,408.53391630489875,4062.8624415379986,739.1053394493134,cam_4_1690274666_03-44-26.jpg
28,35,3314.1416793531903,511.94075816949567,4111.852052834521,959.9290960018416,cam_4_1690274666_03-44-26.jpg
28,44,2469.3351437183405,381.35853350870985,3017.3068617147483,695.1619332892362,cam_4_1690274666_03-44-26.jpg
28,48,3181.4107412619737,1067.3407776659797,4138.129587521834,2233.8042508862436,cam_4_1690274666_03-44-26.jpg
29,4,2117.88340092063,497.5552914699035,2865.458176848879,1014.8581862858186,cam_4_1690274711_03-45-11.jpg
29,10,2944.485329382136,262.74229308781025,3250.480972737623,428.6476086525404,cam_4_1690274711_03-45-11.jpg
29,13,3045.2884036070113,857.6839667224481,4126.560887965379,1665.846402667134,cam_4_1690274711_03-45-11.jpg
29,16,1738.9561479340946,316.0166779698749,2118.227894850925,640.6513540157332,cam_4_1690274711_03-45-11.jpg
29,20,1866.9886936663022,539.1093032508813,2283.775264403402,792.3892500530638,cam_4_1690274711_03-45-11.jpg
29,26,874.2989751060704,670.8353293155321,1711.64879972994,1319.7540672674832,cam_4_1690274711_03-45-11.jpg
29,30,2834.8767339371025,329.2253940964048,3404.58045453332,656.7405237264293,cam_4_1690274711_03-45-11.jpg
29,35,3340.073174706098,511.90716054775345,4139.837660356495,957.743996691275,cam_4_1690274711_03-45-11.jpg
29,40,2225.786520707602,268.2416175934219,2576.5647507750687,474.27146386080705,cam_4_1690274711_03-45-11.jpg
29,44,2465.63071562636,368.7433535858206,3030.8225792606663,696.5365012235361,cam_4_1690274711_03-45-11.jpg
29,48,3112.293613031807,1059.7271306317127,4065.5721329082785,2202.17783323028,cam_4_1690274711_03-45-11.jpg
29,50,3524.1383070853744,411.94531611283173,3988.4378793102287,625.4136612632794,cam_4_1690274711_03-45-11.jpg
30,4,2126.368865018293,499.07728174809216,2845.16980779912,1009.7255842077129,cam_4_1690274726_03-45-26.jpg
30,10,2948.9582877729395,265.7182627923623,3210.7948960323292,396.79361797597016,cam_4_1690274726_03-45-26.jpg
30,14,3121.2505432994744,884.084044945736,3988.6086354225595,1847.4761208445625,cam_4_1690274726_03-45-26.jpg
30,16,1754.4651125991088,315.4704355943323,2109.2333027483987,635.9088376021004,cam_4_1690274726_03-45-26.jpg
30,20,1865.5067259305624,536.1150386636773,2285.199556488151,791.556620896002,cam_4_1690274726_03-45-26.jpg
30,26,875.7835088961549,669.6092209888623,1723.3714655900708,1319.542062040763,cam_4_1690274726_03-45-26.jpg
30,30,2887.5141275943997,341.7099551659571,3458.209295196865,676.1608195017902,cam_4_1690274726_03-45-26.jpg
30,34,3528.053624259923,407.51327236177013,4045.2027519912426,708.8724191203385,cam_4_1690274726_03-45-26.jpg
30,35,3316.9388830828107,515.4735226198474,4107.476247703269,957.7329656561008,cam_4_1690274726_03-45-26.jpg
30,40,2239.2604398839326,268.63913663466104,2590.621366948526,473.8886982003063,cam_4_1690274726_03-45-26.jpg
30,44,2469.544995882531,366.9966065405757,3026.5193421092217,692.2148847206213,cam_4_1690274726_03-45-26.jpg
30,48,2990.474860815446,1084.6935714040433,3980.5686755949278,2260.8235489504773,cam_4_1690274726_03-45-26.jpg
31,4,2163.348936329188,494.5029963419367,2870.5936387452534,1016.1480425218169,cam_4_1690274786_03-46-26.jpg
31,5,2608.0989380164724,446.8334755793624,2996.3452092533234,653.9059336014336,cam_4_1690274786_03-46-26.jpg
31,10,2914.4204060688194,266.8413508765047,3239.1997584439787,425.47631406456605,cam_4_1690274786_03-46-26.jpg
31,13,3032.623818341377,878.6496125089582,4199.788039856063,1752.5380220020443,cam_4_1690274786_03-46-26.jpg
31,16,1834.0175276026462,282.96807656957316,2158.824975078639,579.657701716711,cam_4_1690274786_03-46-26.jpg
31,20,1861.946973433205,534.6680464114128,2281.6934931424635,791.6169099682932,cam_4_1690274786_03-46-26.jpg
31,26,875.4949281682196,671.7840312230879,1729.2603512176665,1319.0507217260524,cam_4_1690274786_03-46-26.jpg
31,30,2946.7818565658354,352.72119642280495,3445.3725230184714,646.0594603361749,cam_4_1690274786_03-46-26.jpg
31,35,3310.828488609029,518.112038843507,4089.769868132729,961.9026530641413,cam_4_1690274786_03-46-26.jpg
31,40,2273.210902707275,268.6805453896112,2609.655529659276,463.2864047923293,cam_4_1690274786_03-46-26.jpg
31,48,3027.852922460351,1083.5380298770779,4059.8462755027244,2274.997848189104,cam_4_1690274786_03-46-26.jpg
32,4,2169.1252379416937,499.9471373204423,2846.6623634448692,1013.0679143396455,cam_4_1690274891_03-48-11.jpg
32,5,2619.357015329842,438.0037798704794,3007.6119938111783,647.4608004048303,cam_4_1690274891_03-48-11.jpg
32,8,3065.792253023454,213.8186041555283,3228.0917623400337,287.7851712645868,cam_4_1690274891_03-48-11.jpg
32,10,2865.8144036776425,265.8494151061142,3275.679413302391,468.1225001682134,cam_4_1690274891_03-48-11.jpg
32,13,2996.4010424748644,885.573702127483,4173.3521051431835,1781.3174899044911,cam_4_1690274891_03-48-11.jpg
32,20,1876.8176324107264,537.9742144615947,2284.3995528194914,788.6363679921266,cam_4_1690274891_03-48-11.jpg
32,22,3132.1048045374373,794.2058730579269,4063.553096946258,1371.0672519190912,cam_4_1690274891_03-48-11.jpg
32,26,878.3333914729268,675.4636924210284,1744.7870145454754,1322.3093576091746,cam_4_1690274891_03-48-11.jpg
32,35,3305.9819848886227,518.760168501445,4067.4998612982827,958.8546540877638,cam_4_1690274891_03-48-11.jpg
32,40,2230.6217686446375,262.87478632815026,2601.6081229792785,481.6741317701892,cam_4_1690274891_03-48-11.jpg
32,48,3030.6129559970577,1082.1810063732535,4072.2674187571083,2239.9009897651295,cam_4_1690274891_03-48-11.jpg
33,4,2167.1659497362443,499.9543331581044,2826.5390119794924,1008.7466866970144,cam_4_1690274921_03-48-41.jpg
33,5,2622.5584302904726,436.4497172670126,3005.651403002251,644.4220346255918,cam_4_1690274921_03-48-41.jpg
33,8,3064.2761073200654,212.29788100412065,3224.3810619277538,284.61513776826143,cam_4_1690274921_03-48-41.jpg
33,10,2845.619773706804,264.0887872850982,3289.7802738713294,484.75998844834567,cam_4_1690274921_03-48-41.jpg
33,13,3005.4792423205304,889.5877171971413,4185.569531324499,1792.4592483476597,cam_4_1690274921_03-48-41.jpg
33,20,1891.2874367473191,539.7332768693736,2298.187699057247,788.6368324682428,cam_4_1690274921_03-48-41.jpg
33,26,885.5415708349562,675.1043015723623,1763.6929944931694,1323.60882351819,cam_4_1690274921_03-48-41.jpg
33,35,3321.797804608772,518.0590857925762,4076.541918095747,956.4755514860849,cam_4_1690274921_03-48-41.jpg
33,36,3212.0494068036646,791.8428003466465,3867.3048555384657,1316.1864230886358,cam_4_1690274921_03-48-41.jpg
33,40,2255.77059614872,263.9637090496075,2594.383984203637,466.53525376910045,cam_4_1690274921_03-48-41.jpg
33,48,2983.2199330300364,1088.6064797028391,4032.0993533013648,2221.904800821844,cam_4_1690274921_03-48-41.jpg
34,4,2181.94375486224,502.7136629476482,2813.409004892228,1000.0509101342841,cam_4_1690275056_03-50-56.jpg
34,5,2629.2537157633983,439.12800131849485,3001.646936135751,642.010877627092,cam_4_1690275056_03-50-56.jpg
34,10,2838.369426408974,264.15621849082856,3298.8403288540653,494.67391772495654,cam_4_1690275056_03-50-56.jpg
34,13,2718.053342643793,1043.6833478567896,4320.096401046319,2313.192436761349,cam_4_1690275056_03-50-56.jpg
34,17,1864.9404381990569,382.68451753119,2245.118214745905,600.1406304323614,cam_4_1690275056_03-50-56.jpg
34,20,1878.4086011584534,552.1124706809663,2244.0219253905952,771.6690213383889,cam_4_1690275056_03-50-56.jpg
34,22,3090.389873881515,777.2948154999008,4122.5016791750395,1436.0533031394684,cam_4_1690275056_03-50-56.jpg
34,26,872.2526712181857,670.5435267621134,1757.172287779877,1320.0305203216494,cam_4_1690275056_03-50-56.jpg
34,34,3615.0932184957724,296.50847615708904,4055.4514231297803,554.4721381517913,cam_4_1690275056_03-50-56.jpg
34,35,3364.759151066556,523.5096196998729,4081.6447809548763,929.6402841382651,cam_4_1690275056_03-50-56.jpg
34,48,2987.893648865648,973.3897604491032,4018.147667737044,2091.87858861283,cam_4_1690275056_03-50-56.jpg
34,54,2507.559766301377,489.5333232536889,2925.485265183601,699.4865521666732,cam_4_1690275056_03-50-56.jpg
35,4,2159.806058377606,503.1734389907256,2782.2208176330673,1002.5554061144423,cam_4_1690275116_03-51-56.jpg
35,5,2634.9592545418295,446.0982259461367,2999.7183493399593,644.3797252067511,cam_4_1690275116_03-51-56.jpg
35,10,2841.74195611723,264.78748370278896,3303.567918672968,497.81105436146834,cam_4_1690275116_03-51-56.jpg
35,13,2713.286586670658,1108.7644135461383,4346.747268530235,2403.4938010362025,cam_4_1690275116_03-51-56.jpg
35,17,1848.9021279116253,386.15370710536075,2259.0220532989297,613.7682010202977,cam_4_1690275116_03-51-56.jpg
35,20,1803.3760335862967,567.4675331553159,2152.9121669505025,764.5398341040664,cam_4_1690275116_03-51-56.jpg
35,22,3087.4809484800885,775.2550894203282,4115.453765276921,1448.775123788871,cam_4_1690275116_03-51-56.jpg
35,26,816.9296099662275,674.5414145522068,1712.662713564121,1316.686550418732,cam_4_1690275116_03-51-56.jpg
35,34,3627.942723136164,284.6668456706467,4056.311278674275,536.6047698838588,cam_4_1690275116_03-51-56.jpg
35,35,3342.871368997189,538.7995680134984,4079.968306463792,961.5842554244069,cam_4_1690275116_03-51-56.jpg
35,48,3027.0056346750807,952.3371229557258,3961.348394543912,1967.0241328497214,cam_4_1690275116_03-51-56.jpg
35,54,2512.662504070929,490.92640733990356,2925.1188195572536,697.9784140651107,cam_4_1690275116_03-51-56.jpg
36,4,2186.863499246823,504.51994983987953,2790.369712331361,1001.039002254216,cam_4_1690275131_03-52-11.jpg
36,13,2710.2197469470207,1114.7529403000783,4302.474899196812,2362.105073812195,cam_4_1690275131_03-52-11.jpg
36,17,1845.0561914081786,392.07916877113405,2266.689513194487,620.1202592096338,cam_4_1690275131_03-52-11.jpg
36,20,1779.8385299744525,580.8634425504829,2127.355104867125,767.6293494174977,cam_4_1690275131_03-52-11.jpg
36,22,3075.468189286931,739.4989311480922,4160.77901939438,1474.9819313789098,cam_4_1690275131_03-52-11.jpg
36,26,799.2764897035413,673.1638078447003,1713.9106515059743,1314.4784586647165,cam_4_1690275131_03-52-11.jpg
36,34,3661.1300126111623,278.6089978557578,4089.3877325666294,537.4302460083152,cam_4_1690275131_03-52-11.jpg
36,35,3499.432791753982,536.089915473247,4139.855995138606,903.9233560108297,cam_4_1690275131_03-52-11.jpg
36,48,3185.789628213069,954.175261413903,4078.173868512695,1915.158662230681,cam_4_1690275131_03-52-11.jpg
37,4,2206.160518240655,506.23922899290386,2795.1403731892524,1003.2900000403342,cam_4_1690275146_03-52-26.jpg
37,5,2635.4130197403833,446.3157708086084,2998.9485522426853,643.5937941484784,cam_4_1690275146_03-52-26.jpg
37,10,2839.758979999809,265.09834725624495,3302.9833694423082,500.1499494241781,cam_4_1690275146_03-52-26.jpg
37,13,2727.3104655184907,1125.1094923700512,4327.210859814504,2376.2499934365933,cam_4_1690275146_03-52-26.jpg
37,14,3094.080646332079,945.9260094595331,3783.063857231407,1687.1484097389484,cam_4_1690275146_03-52-26.jpg
37,17,1837.8773198486786,393.5884310413456,2253.0900334346275,616.3819822026592,cam_4_1690275146_03-52-26.jpg
37,20,1784.2984683750071,571.3209666366226,2154.863422338706,761.8272750876399,cam_4_1690275146_03-52-26.jpg
37,21,3308.4753823691317,526.031094336195,4158.33338498374,849.2969368656378,cam_4_1690275146_03-52-26.jpg
37,22,3067.5337331647006,751.0726986796076,4121.81230331993,1484.8041048113155,cam_4_1690275146_03-52-26.jpg
37,26,797.3184135197391,679.439380075994,1703.8869228869848,1300.7705371850525,cam_4_1690275146_03-52-26.jpg
37,34,3646.8216493820473,280.14661353301904,4069.6084239942306,536.8776180624066,cam_4_1690275146_03-52-26.jpg
37,54,2511.20366591869,491.033262604902,2927.2408189141806,699.7043184235993,cam_4_1690275146_03-52-26.jpg
37,57,3228.2232001703032,647.6325649029069,4109.091998799922,1207.388440595365,cam_4_1690275146_03-52-26.jpg
38,4,2201.365652296138,506.10178799278617,2783.273613710598,1004.7821952702562,cam_4_1690275266_03-54-26.jpg
38,5,2636.7299479230896,447.9855671441143,2996.533369566161,642.6597022817525,cam_4_1690275266_03-54-26.jpg
38,10,2849.2778318156775,265.4535159343043,3296.2889548044614,493.8043598765777,cam_4_1690275266_03-54-26.jpg
38,13,2742.106710351092,1140.2123426228623,4341.708272295552,2384.0293891631104,cam_4_1690275266_03-54-26.jpg
38,17,1799.9077351973942,384.5732954836379,2238.666275155037,619.2293800656939,cam_4_1690275266_03-54-26.jpg
38,20,1790.7860776026862,566.022715745063,2183.6814083793897,761.3920192980358,cam_4_1690275266_03-54-26.jpg
38,21,3378.766756594979,561.0937580026908,4121.261490790562,830.6850080877125,cam_4_1690275266_03-54-26.jpg
38,22,3152.3550481171897,749.2348683724834,4056.932463657868,1348.0331104162274,cam_4_1690275266_03-54-26.jpg
38,26,984.564546957416,673.2193055951172,1878.9289240602857,1293.2774896283945,cam_4_1690275266_03-54-26.jpg
38,45,3402.5049216967855,500.5642518275921,3879.524288803948,650.2462705648694,cam_4_1690275266_03-54-26.jpg
38,48,3150.233814769886,927.5400572610998,4061.7879234487514,1882.255264038382,cam_4_1690275266_03-54-26.jpg
38,54,2512.5272859680085,490.4412123981161,2930.1694172325533,699.8434390552741,cam_4_1690275266_03-54-26.jpg
38,57,3325.341739853018,639.4227295059443,4022.031979707821,1077.7303971878778,cam_4_1690275266_03-54-26.jpg
39,4,2180.0688954370353,503.53006707154486,2760.520273869069,1003.3024655860227,cam_4_1690275296_03-54-56.jpg
39,5,2639.620604520469,450.18736975154076,2995.935868684501,642.7996370054735,cam_4_1690275296_03-54-56.jpg
39,10,2847.163169954019,265.47029400794327,3296.083717473908,495.94404460524754,cam_4_1690275296_03-54-56.jpg
39,13,2699.766153669879,1143.812479366928,4239.429969536618,2356.8165041369675,cam_4_1690275296_03-54-56.jpg
39,14,3172.2890185336664,867.9789523810866,3923.9603933216563,1664.557098603063,cam_4_1690275296_03-54-56.jpg
39,17,1792.6147201685917,387.0178315822197,2218.3437146517085,617.1945548000556,cam_4_1690275296_03-54-56.jpg
39,20,1785.2380049130588,568.367879500921,2184.219518026785,761.3142693560012,cam_4_1690275296_03-54-56.jpg
39,26,943.8951697215743,676.4557045188784,1844.720858596239,1285.9414462003924,cam_4_1690275296_03-54-56.jpg
39,45,3394.4882410470536,502.0214531902638,3896.810397344213,662.2266243997519,cam_4_1690275296_03-54-56.jpg
39,48,3084.1210782055678,929.4753346711881,3992.186834895371,1876.0592963842973,cam_4_1690275296_03-54-56.jpg
39,50,3404.9155082864418,498.67035623293657,4044.5055717468103,793.7837559471807,cam_4_1690275296_03-54-56.jpg
39,54,2516.4130019355857,491.7112307549322,2930.591657113423,699.2769085584289,cam_4_1690275296_03-54-56.jpg
39,57,3295.7669329997657,643.6622287781441,4017.723934413089,1096.7278818730845,cam_4_1690275296_03-54-56.jpg
40,4,2161.313542792428,506.2196595208569,2736.586266733187,1001.8391048128524,cam_4_1690275341_03-55-41.jpg
40,5,2637.0923678518334,448.6530266032813,2999.674562321608,644.388167991693,cam_4_1690275341_03-55-41.jpg
40,10,2847.7684130093644,264.7704467199781,3296.447514576438,496.0550992220474,cam_4_1690275341_03-55-41.jpg
40,13,2742.137654657586,1148.8868312412942,4286.827867391535,2353.400548104725,cam_4_1690275341_03-55-41.jpg
40,14,3144.4508336886975,852.4387583792779,3968.8301061000616,1721.2717259995359,cam_4_1690275341_03-55-41.jpg
40,17,1808.098063374734,385.36804990456767,2237.3373621331357,616.0998672608218,cam_4_1690275341_03-55-41.jpg
40,20,1789.99408239374,571.2748790321485,2187.832316203606,758.7386260367335,cam_4_1690275341_03-55-41.jpg
40,26,980.703113322722,671.154845681622,1877.4970167171014,1268.8951194311107,cam_4_1690275341_03-55-41.jpg
40,45,3407.059349062367,505.46741732448345,3886.04261124007,658.8459219357992,cam_4_1690275341_03-55-41.jpg
40,48,3062.358888957234,967.9546913540742,3919.945115486063,1841.4663515660575,cam_4_1690275341_03-55-41.jpg
40,50,3341.9645212779214,533.2162394349965,4071.85134734589,876.6299856295457,cam_4_1690275341_03-55-41.jpg
40,54,2519.6081176487596,491.7615073360247,2932.864589770132,698.8851315942527,cam_4_1690275341_03-55-41.jpg
40,57,3290.072893733459,646.9288397780149,4029.4299434294817,1109.132229685063,cam_4_1690275341_03-55-41.jpg
40,61,3315.8365548376605,570.0883927238626,3886.7017402352735,710.4358052886347,cam_4_1690275341_03-55-41.jpg
41,4,2176.9303674804996,507.77578308895573,2752.700543632589,1006.3450753402931,cam_4_1690275416_03-56-56.jpg
41,5,2636.375087528618,447.7127187006144,2998.50992855926,642.8277413499924,cam_4_1690275416_03-56-56.jpg
41,10,2847.3014035192123,266.04558735744814,3289.8170785259103,494.69064667945383,cam_4_1690275416_03-56-56.jpg
41,13,2760.531731748665,1160.6872235898636,4275.81667482607,2321.175369460697,cam_4_1690275416_03-56-56.jpg
41,14,3133.159237514173,797.9532690642959,3812.970844963196,1502.7488248259597,cam_4_1690275416_03-56-56.jpg
41,17,1810.746345830687,387.3387568177835,2236.805655870211,613.9092529870087,cam_4_1690275416_03-56-56.jpg
41,20,1785.4583062349482,568.9660043834452,2200.1701348614506,760.8933518590331,cam_4_1690275416_03-56-56.jpg
41,21,3334.676058219944,563.8360603460062,4139.351206788593,857.4683394357061,cam_4_1690275416_03-56-56.jpg
41,26,1060.3189774105545,677.1120152151234,1905.2220806443167,1224.4667464326678,cam_4_1690275416_03-56-56.jpg
41,28,2776.204801386917,971.69366833607,4355.451131296533,1925.5140625841946,cam_4_1690275416_03-56-56.jpg
41,45,3419.5053040439193,505.51683727774906,3877.552818694085,652.027862854914,cam_4_1690275416_03-56-56.jpg
41,54,2515.9920805435654,491.1790506367617,2929.25701078047,698.084623027457,cam_4_1690275416_03-56-56.jpg
41,57,3272.106341316463,643.3731056813746,4036.197503300662,1121.170647519631,cam_4_1690275416_03-56-56.jpg
41,61,3332.0990788304275,562.6861990580629,3880.0696521417635,697.1620741832832,cam_4_1690275416_03-56-56.jpg
42,4,2179.6011640599363,509.3558127506751,2753.2913541654775,1006.7063270569663,cam_4_1690275446_03-57-26.jpg
42,5,2635.5466821077043,448.54438406527834,2997.3392333368834,643.2502711602149,cam_4_1690275446_03-57-26.jpg
42,10,2847.13820427219,265.4193632130587,3287.4629776217607,493.52234748407136,cam_4_1690275446_03-57-26.jpg
42,13,2675.6320302243903,1157.3662293211364,4222.739704353053,2346.3107169355344,cam_4_1690275446_03-57-26.jpg
42,14,3176.3266972135943,842.97419186925,3801.258012297947,1472.3875110987474,cam_4_1690275446_03-57-26.jpg
42,17,1811.3648094663463,383.9815977685741,2243.0176872204493,610.897851109529,cam_4_1690275446_03-57-26.jpg
42,20,1775.634264895147,564.8104002876198,2192.6005917468883,753.3509465067791,cam_4_1690275446_03-57-26.jpg
42,26,1136.113651686065,671.7996488127385,1972.6471398128845,1205.8684022368157,cam_4_1690275446_03-57-26.jpg
42,28,2731.4824065825246,956.9940466109741,4362.768240762923,1990.7438830395922,cam_4_1690275446_03-57-26.jpg
42,45,3417.55383238939,508.53757773104553,3867.1358327196717,651.545714533029,cam_4_1690275446_03-57-26.jpg
42,50,3330.739097840641,552.4983305164785,4069.1626513222445,902.2212766898294,cam_4_1690275446_03-57-26.jpg
42,54,2512.5100749031726,492.7597818295817,2924.8994013893835,698.9460250317986,cam_4_1690275446_03-57-26.jpg
42,57,3272.942175004729,641.7846253967249,4058.8250141011285,1132.772663706037,cam_4_1690275446_03-57-26.jpg
42,61,3364.509001832054,568.3551412438227,3876.4148163152236,693.8157814759168,cam_4_1690275446_03-57-26.jpg
43,4,2161.8565447979618,502.6203368249771,2739.1018243115027,999.0591524259514,cam_4_1690275551_03-59-11.jpg
43,5,2636.3045467632733,450.14324335186825,2994.7089384414408,642.960237058024,cam_4_1690275551_03-59-11.jpg
43,10,2847.9992578708366,265.43938281573963,3280.8697592001267,489.98679017424405,cam_4_1690275551_03-59-11.jpg
43,13,2726.0703504852863,1162.449267718885,4258.247416027481,2319.8242401624175,cam_4_1690275551_03-59-11.jpg
43,14,3110.4331776356134,795.8950508905036,3687.036295306475,1363.2490270486724,cam_4_1690275551_03-59-11.jpg
43,17,1792.4443543039858,385.041129218572,2230.56326820578,614.3942570515317,cam_4_1690275551_03-59-11.jpg
43,20,1762.322160597489,570.149041325366,2179.289891826934,755.5856882096805,cam_4_1690275551_03-59-11.jpg
43,26,1136.1598423211562,662.8865494817916,1977.0765462711233,1198.1676617239614,cam_4_1690275551_03-59-11.jpg
43,28,2819.152902439465,955.6399436609415,4221.896722681748,1835.6181527233637,cam_4_1690275551_03-59-11.jpg
43,35,3548.7213994747044,474.90120907851514,4001.1222522787575,730.7020583380613,cam_4_1690275551_03-59-11.jpg
43,54,2508.70633778731,490.6242620722948,2925.7449016171377,699.096732163949,cam_4_1690275551_03-59-11.jpg
43,57,3290.6094634822603,614.478717051561,4107.600942151428,1119.2644875369606,cam_4_1690275551_03-59-11.jpg
43,61,3331.036335017429,559.0066812411507,3868.767786968552,690.8988317308006,cam_4_1690275551_03-59-11.jpg
44,4,2169.387149258219,501.67172210519766,2745.537699898437,996.5245619349096,cam_4_1690275566_03-59-26.jpg
44,5,2635.146454869072,450.2352450365572,2991.912181940323,641.7159838176256,cam_4_1690275566_03-59-26.jpg
44,10,2851.638014071049,266.4407285173459,3281.601859078884,490.1855511060205,cam_4_1690275566_03-59-26.jpg
44,13,2732.725936586561,1165.4983768026093,4276.525850690066,2315.9495795280245,cam_4_1690275566_03-59-26.jpg
44,14,3051.379486904199,778.3273499492291,3551.1677746374194,1265.2218767256977,cam_4_1690275566_03-59-26.jpg
44,17,1781.8150191664572,384.799804115505,2222.10303621021,614.8707644958191,cam_4_1690275566_03-59-26.jpg
44,20,1782.911313781834,572.2838020514783,2205.809742580241,756.3806831459576,cam_4_1690275566_03-59-26.jpg
44,26,1170.5148392994274,656.933423328453,2013.7859760551562,1197.5429307602071,cam_4_1690275566_03-59-26.jpg
44,36,3519.6275732648965,463.9031706525879,3988.3402582709223,822.9945953116762,cam_4_1690275566_03-59-26.jpg
44,48,2981.0285020833053,993.1217941088443,3814.3267270665942,1816.976103495881,cam_4_1690275566_03-59-26.jpg
44,54,2508.444486290955,490.524118305887,2926.4098055528125,699.3648446840305,cam_4_1690275566_03-59-26.jpg
44,57,3250.5919271008183,614.3024489506913,4105.850927283318,1145.688337448034,cam_4_1690275566_03-59-26.jpg
44,61,3323.953467906031,559.2417279162656,3866.706244635417,692.7740631395036,cam_4_1690275566_03-59-26.jpg
45,4,2160.778863946617,502.5987475601876,2736.224508806372,993.4687134461567,cam_4_1690275611_04-00-11.jpg
45,5,2636.414461316546,449.28162333182865,2993.614177757677,640.9094257983922,cam_4_1690275611_04-00-11.jpg
45,10,2853.924450331895,266.11705011184904,3278.8906869843167,488.2925543449179,cam_4_1690275611_04-00-11.jpg
45,13,2668.605175065107,1179.443188016619,4132.450838602341,2279.1555238894607,cam_4_1690275611_04-00-11.jpg
45,14,3001.3074037944807,751.8646954194485,3506.700325407,1249.9379164961113,cam_4_1690275611_04-00-11.jpg
45,17,1773.0803843303536,384.1079895089297,2216.57805475522,617.077205185183,cam_4_1690275611_04-00-11.jpg
45,20,1779.7883664117742,570.8356349366662,2215.121557162719,756.5702880194202,cam_4_1690275611_04-00-11.jpg
45,26,1148.7648210300613,655.6163757383189,2005.386006877803,1204.924924344576,cam_4_1690275611_04-00-11.jpg
45,28,2896.138135945969,971.9315847675382,4166.445273675276,1750.318517846849,cam_4_1690275611_04-00-11.jpg
45,35,3527.6908750066177,467.86483452883317,3991.304827527452,726.3953953726816,cam_4_1690275611_04-00-11.jpg
45,38,3431.0175529032936,466.52509477522904,4075.9468054251706,770.4482711922583,cam_4_1690275611_04-00-11.jpg
45,50,3341.529151214478,556.013755048582,4065.384582126269,897.9250479873922,cam_4_1690275611_04-00-11.jpg
45,54,2501.2301557341393,488.9427833932609,2923.255393503578,699.4049282455851,cam_4_1690275611_04-00-11.jpg
45,57,3237.4566580792884,609.4563829898007,4077.0113888007018,1133.1526524229253,cam_4_1690275611_04-00-11.jpg
45,61,3310.957671052392,551.4004504346373,3895.0901408864847,696.5604971065688,cam_4_1690275611_04-00-11.jpg
46,4,2159.907074452273,504.1207812151981,2736.4503039564656,993.0224016149514,cam_4_1690275626_04-00-26.jpg
46,5,2636.367881758029,447.96620958689965,2996.8290856766084,641.5305229709097,cam_4_1690275626_04-00-26.jpg
46,10,2855.348766800162,266.14323766260287,3280.252296613523,489.00152262566854,cam_4_1690275626_04-00-26.jpg
46,13,2686.1443874295283,1174.3350217957343,4162.091172030976,2269.580698553429,cam_4_1690275626_04-00-26.jpg
46,14,2940.952235136583,758.4455666323577,3331.983583025187,1138.7374959710776,cam_4_1690275626_04-00-26.jpg
46,17,1776.5298815003327,384.38254993148746,2223.4356037160405,618.1735674861482,cam_4_1690275626_04-00-26.jpg
46,20,1774.7571076320166,573.7401319909322,2215.986103685947,759.6827938358538,cam_4_1690275626_04-00-26.jpg
46,22,3098.5149210142117,592.6450669253318,3881.2618018205117,1119.938512087661,cam_4_1690275626_04-00-26.jpg
46,26,1168.363065797867,654.1420475222958,2033.6368086027526,1211.5998688026957,cam_4_1690275626_04-00-26.jpg
46,28,2821.055114229105,1000.3397611491807,4137.639560037976,1819.5420437477103,cam_4_1690275626_04-00-26.jpg
46,30,3452.9104450248487,461.1776587050424,4033.40888552194,803.4590456576316,cam_4_1690275626_04-00-26.jpg
46,38,3410.3084849543943,504.86941646221544,4002.052756720552,786.3942735354324,cam_4_1690275626_04-00-26.jpg
46,50,3315.0269185582524,554.1083029743,4058.6036090280772,918.2838987043733,cam_4_1690275626_04-00-26.jpg
46,54,2503.9764354049084,489.18128456581525,2923.4668338913775,698.1128351806179,cam_4_1690275626_04-00-26.jpg
47,4,2153.690631610761,502.68773036674594,2733.5512530257147,989.1944692813117,cam_4_1690275656_04-00-56.jpg
47,5,2632.026378642883,443.7526122057074,2995.269335724242,638.9293814717448,cam_4_1690275656_04-00-56.jpg
47,10,2851.6237820146757,266.7740135918509,3283.234068068063,493.884288111642,cam_4_1690275656_04-00-56.jpg
47,13,2624.404987650935,1167.175655533551,4152.161359035415,2306.5780872722335,cam_4_1690275656_04-00-56.jpg
47,17,1772.9995142072285,383.06178343356135,2233.4337075548456,623.8586190695798,cam_4_1690275656_04-00-56.jpg
47,20,1777.6487756257648,581.3284349972894,2206.4046447324426,758.6631637930493,cam_4_1690275656_04-00-56.jpg
47,21,3301.5197973525337,543.827088792596,4196.525817756632,875.7612958112152,cam_4_1690275656_04-00-56.jpg
47,22,3151.7359272869835,625.9939870300409,4053.3112846857634,1262.0423778378513,cam_4_1690275656_04-00-56.jpg
47,26,1253.0295759352443,636.0650202378382,2110.032173928645,1205.053573992418,cam_4_1690275656_04-00-56.jpg
47,28,2827.4616758577754,986.1859278757581,4210.567067964828,1847.31103139429,cam_4_1690275656_04-00-56.jpg
47,30,3501.3052824450174,466.472195049153,3981.0776137957314,735.7672009549724,cam_4_1690275656_04-00-56.jpg
47,38,3451.1119336081174,483.72281095360495,3916.7362513728335,698.4532431128773,cam_4_1690275656_04-00-56.jpg
47,54,2503.2636542936257,489.6004452579819,2924.5035198059268,698.7826472819712,cam_4_1690275656_04-00-56.jpg
48,4,2163.764457666187,503.7939543669053,2739.5620439080426,982.6838913993745,cam_4_1690275731_04-02-11.jpg
48,5,2634.652293381653,444.9348118245695,2995.8938076947,639.3950496617535,cam_4_1690275731_04-02-11.jpg
48,10,2849.1454380366504,268.0318344288754,3281.310305853584,496.2485212419278,cam_4_1690275731_04-02-11.jpg
48,13,2667.7415361257936,1175.1495183174038,4157.02578269841,2270.9964710058675,cam_4_1690275731_04-02-11.jpg
48,17,1762.5340687817638,381.505955341901,2219.499360518268,622.1650616363466,cam_4_1690275731_04-02-11.jpg
48,20,1778.1323671042323,578.4680375218574,2215.834686796658,757.5273307934726,cam_4_1690275731_04-02-11.jpg
48,21,3309.0249683450766,574.2816877712477,3994.136029594091,835.0544113770884,cam_4_1690275731_04-02-11.jpg
48,22,3189.9914352186765,634.186970063592,4090.389070935672,1293.1932209445158,cam_4_1690275731_04-02-11.jpg
48,26,1311.3832982306649,619.9321354264929,2085.418303404673,1145.4142189618087,cam_4_1690275731_04-02-11.jpg
48,28,2779.1037323800347,977.9818615281417,4143.0758827748705,1839.9878087688862,cam_4_1690275731_04-02-11.jpg
48,30,3478.5699809303405,471.999851196205,4027.480060149561,783.6846594289168,cam_4_1690275731_04-02-11.jpg
48,54,2502.3862472532937,490.5008598408962,2922.110552966738,698.0856777148465,cam_4_1690275731_04-02-11.jpg
48,57,3309.7666964394334,589.0005229852937,4039.600985093979,1048.9740834224772,cam_4_1690275731_04-02-11.jpg
49,4,2196.891460452839,507.7684903770146,2762.8894833756717,982.2767667109213,cam_4_1690275896_04-04-56.jpg
49,5,2655.174938471675,459.7151593860441,2992.095527908894,640.1359605559977,cam_4_1690275896_04-04-56.jpg
49,10,2846.799563892069,326.4257013541248,3224.4795086985205,522.1693435744521,cam_4_1690275896_04-04-56.jpg
49,17,1772.2182131232892,382.10845917918243,2208.4580004789077,610.7322190493553,cam_4_1690275896_04-04-56.jpg
49,21,3197.061190097131,545.0050532685481,4178.106948276447,948.2320180015175,cam_4_1690275896_04-04-56.jpg
49,22,3203.5030456859176,660.2501715593667,4097.52200539626,1335.3635278140443,cam_4_1690275896_04-04-56.jpg
49,26,1295.0284244524169,603.9991060334327,2081.043407963279,1154.7605813577297,cam_4_1690275896_04-04-56.jpg
49,28,2807.8211396495344,975.4430108060415,4208.183257012717,1856.8304673258008,cam_4_1690275896_04-04-56.jpg
49,30,3454.0167656885933,509.47955616683794,3925.227626363867,769.1255120178796,cam_4_1690275896_04-04-56.jpg
49,40,2225.358539411046,291.33865406520704,2545.167923795108,479.4291695289046,cam_4_1690275896_04-04-56.jpg
49,54,2511.8874907605314,498.9946529000011,2916.9073813420364,697.5367705862725,cam_4_1690275896_04-04-56.jpg
49,57,3336.8671968768053,604.907292608921,4025.1413494308326,1038.073208292745,cam_4_1690275896_04-04-56.jpg
49,63,803.2405239077652,777.569442314477,1887.472750124075,1388.0003638877697,cam_4_1690275896_04-04-56.jpg
50,4,2174.545335518337,508.65050817168844,2745.5306722215746,980.6867201487244,cam_4_1690276031_04-07-11.jpg
50,5,2663.758717676864,469.6094717051479,2985.3715160011225,640.2679752762228,cam_4_1690276031_04-07-11.jpg
50,10,2847.8124634917513,352.88737418775423,3201.705128152726,532.9892300721637,cam_4_1690276031_04-07-11.jpg
50,17,1770.8767628559654,385.6867860977896,2209.1098455622164,616.1917549100087,cam_4_1690276031_04-07-11.jpg
50,20,1757.7673707703398,582.5080046753699,2201.1231154492602,762.3059244357778,cam_4_1690276031_04-07-11.jpg
50,21,3207.279198919772,584.37888573992,4160.252719282847,976.8690543094481,cam_4_1690276031_04-07-11.jpg
50,28,2773.1529648573232,960.3665699427376,4171.327837439156,1858.7217939659204,cam_4_1690276031_04-07-11.jpg
50,30,3446.585160371446,554.6907979996007,3859.2623868772253,774.1836937048561,cam_4_1690276031_04-07-11.jpg
50,40,2233.8512710058158,291.5154515374515,2549.7456132661237,471.802218769712,cam_4_1690276031_04-07-11.jpg
50,48,3243.133932501496,684.595030802749,4009.0671383397785,1439.2064794465618,cam_4_1690276031_04-07-11.jpg
50,54,2518.3114307448573,503.00399396676,2918.72339161659,698.523902405952,cam_4_1690276031_04-07-11.jpg
50,57,3395.032078248656,576.8583644204008,4038.539174884515,977.7266392702766,cam_4_1690276031_04-07-11.jpg
50,63,569.2887182715474,631.8157584080031,1721.4601711662174,1286.6583375686346,cam_4_1690276031_04-07-11.jpg
51,4,2151.1435912815655,508.9181115933752,2729.168004338242,976.8112080707685,cam_4_1690276151_04-09-11.jpg
51,5,2669.97074646329,474.2128274256037,2984.742148414312,640.0811242075389,cam_4_1690276151_04-09-11.jpg
51,10,2845.117233201537,359.9492300821919,3195.8859702462087,535.3452339159796,cam_4_1690276151_04-09-11.jpg
51,13,2781.718018559753,1156.919950207708,4275.123612704986,2238.983646502642,cam_4_1690276151_04-09-11.jpg
51,17,1782.3282217779808,387.94336196130814,2221.6591868128453,620.9589757234525,cam_4_1690276151_04-09-11.jpg
51,20,1743.835213063473,585.1160207523078,2190.6961627878386,765.6504274783426,cam_4_1690276151_04-09-11.jpg
51,21,3049.879214274959,597.6570803342141,3985.2450524263154,1002.3185086638681,cam_4_1690276151_04-09-11.jpg
51,28,2896.494285429563,963.0524601881749,4150.092225782984,1748.0000393168339,cam_4_1690276151_04-09-11.jpg
51,40,2194.959626580135,291.3342525631795,2525.591442168651,474.9354320480543,cam_4_1690276151_04-09-11.jpg
51,48,3305.1164962856096,706.2107221564868,3996.5927098111824,1365.2019223846062,cam_4_1690276151_04-09-11.jpg
51,50,3360.6563506358125,590.9611880269828,4138.9817219314355,967.2619220995136,cam_4_1690276151_04-09-11.jpg
51,54,2526.5000994944758,504.63814380771555,2918.0509959476994,695.133379311837,cam_4_1690276151_04-09-11.jpg
51,63,507.6107906179392,589.2090498132121,1661.8395849492258,1252.7381771924552,cam_4_1690276151_04-09-11.jpg
52,4,2143.5267923880565,509.2298865039969,2727.7080011128855,974.0855423339584,cam_4_1690276211_04-10-11.jpg
52,5,2666.0042787261686,472.2029861744461,2983.567889822947,638.7232147788723,cam_4_1690276211_04-10-11.jpg
52,10,2843.6554481617823,360.8702159623831,3195.963880517427,534.6009289628278,cam_4_1690276211_04-10-11.jpg
52,13,2670.4820204759867,1158.9003908337838,4163.826892926366,2265.5575083383683,cam_4_1690276211_04-10-11.jpg
52,17,1795.260959396852,389.4764023280196,2222.415956287078,616.456641732608,cam_4_1690276211_04-10-11.jpg
52,20,1745.1760465653344,584.1732146412065,2191.2707326010654,764.2472178324649,cam_4_1690276211_04-10-11.jpg
52,21,3148.13444079121,650.4346317030526,3858.790170289405,952.5417936800284,cam_4_1690276211_04-10-11.jpg
52,22,3151.545404584037,750.4751339554596,4014.225925374733,1389.407180269131,cam_4_1690276211_04-10-11.jpg
52,28,2714.872156181339,961.6040379099315,4254.068518162512,1961.200584567848,cam_4_1690276211_04-10-11.jpg
52,40,2168.864687574064,290.992669404086,2516.145134942109,480.35784176485527,cam_4_1690276211_04-10-11.jpg
52,48,3338.167714271462,683.5495275866917,3935.30249491191,1204.6626541484907,cam_4_1690276211_04-10-11.jpg
52,50,3301.1946959876173,584.3743857375671,4084.512787224256,963.7750095588916,cam_4_1690276211_04-10-11.jpg
52,54,2522.492170968806,504.90269211335055,2916.173149926278,695.1527730755954,cam_4_1690276211_04-10-11.jpg
52,63,510.4015297963872,579.7055520020975,1615.8099732673406,1222.0747615802015,cam_4_1690276211_04-10-11.jpg
52,65,1373.6157194670168,471.1106320725177,1816.7671339616154,946.3142529370969,cam_4_1690276211_04-10-11.jpg
53,4,2131.77870483541,511.4790752262056,2725.7843586252584,976.6579854001895,cam_4_1690276286_04-11-26.jpg
53,5,2667.9455146654536,471.4886463043135,2985.2621808279555,636.8323787147908,cam_4_1690276286_04-11-26.jpg
53,10,2840.5132817377075,360.5164188187807,3198.0071994607574,534.5842339463086,cam_4_1690276286_04-11-26.jpg
53,13,2567.9009052666197,1163.744928252204,4212.61922218538,2424.4579982647338,cam_4_1690276286_04-11-26.jpg
53,17,1800.0441885433606,389.20477165803703,2230.252867828247,619.2783834194148,cam_4_1690276286_04-11-26.jpg
53,20,1754.1182842107753,584.5024337700324,2184.617668883391,759.2975158543396,cam_4_1690276286_04-11-26.jpg
53,21,3201.4694794430034,684.2796861578357,3794.043835948638,930.055348851253,cam_4_1690276286_04-11-26.jpg
53,22,3222.795535835431,759.4774000491668,4053.000394254921,1332.4790290457968,cam_4_1690276286_04-11-26.jpg
53,28,2799.819051766481,956.5552443475768,4226.821142791312,1881.949500655216,cam_4_1690276286_04-11-26.jpg
53,40,2164.594370675106,291.66730972475426,2516.5919499183165,483.3258252851912,cam_4_1690276286_04-11-26.jpg
53,48,3399.2315275036885,633.6337093437513,3783.6880920437593,930.7585788194395,cam_4_1690276286_04-11-26.jpg
53,50,3254.2097045373257,615.0438637036934,3999.3747972007936,983.4731449436989,cam_4_1690276286_04-11-26.jpg
53,54,2530.8186931788714,506.8421587982104,2920.361641939728,694.5734840288808,cam_4_1690276286_04-11-26.jpg
53,65,1429.4681791954088,489.20320584951094,1881.4864823014514,980.0137696620684,cam_4_1690276286_04-11-26.jpg
54,4,2131.1166386274012,511.3768665900282,2732.4188033627393,976.9713913125977,cam_4_1690276316_04-11-56.jpg
54,5,2664.264430394317,470.05542788187586,2984.8007915287776,636.7177400384694,cam_4_1690276316_04-11-56.jpg
54,10,2840.216660806248,362.85924056343345,3198.5716250796772,535.2022319486005,cam_4_1690276316_04-11-56.jpg
54,13,2600.549248053772,1150.2834604857694,4222.512640862365,2408.6118313675647,cam_4_1690276316_04-11-56.jpg
54,17,1804.4009355531693,391.2638427547756,2227.7263397475263,618.3162602943562,cam_4_1690276316_04-11-56.jpg
54,20,1754.1308917283175,585.4721632102458,2180.0986284475757,757.4659236700572,cam_4_1690276316_04-11-56.jpg
54,21,3207.799592733887,697.8836547937215,3774.218502944891,927.9049532781424,cam_4_1690276316_04-11-56.jpg
54,22,3149.7082852864155,757.7697726118276,4017.376156702125,1350.541593109664,cam_4_1690276316_04-11-56.jpg
54,28,2860.359331503517,953.5066953752956,4208.4522058285875,1821.2180509956088,cam_4_1690276316_04-11-56.jpg
54,40,2173.3121030096786,292.56313358360507,2524.682155626402,482.68264246634044,cam_4_1690276316_04-11-56.jpg
54,48,3401.645673388996,626.1249254713313,3734.940523430538,858.9752261468866,cam_4_1690276316_04-11-56.jpg
54,50,3144.1161006376497,681.8960158749209,4115.077601821988,1173.3612032589008,cam_4_1690276316_04-11-56.jpg
54,54,2532.2006070357656,505.8266472127433,2923.288054425741,693.7667650340082,cam_4_1690276316_04-11-56.jpg
54,65,1442.1692115109136,511.78861139020637,1909.8929647300201,1030.3724844627336,cam_4_1690276316_04-11-56.jpg
55,4,2148.0158796868045,509.4600209150902,2756.0021820792504,977.3387896601625,cam_4_1690276421_04-13-41.jpg
55,5,2659.2680680340245,471.36381487093036,2983.137986891056,639.1500873865646,cam_4_1690276421_04-13-41.jpg
55,10,2838.3019427439044,361.6255681222775,3200.39288307521,533.9529842792158,cam_4_1690276421_04-13-41.jpg
55,13,2737.5693886255194,1136.7044019517648,4260.110763404255,2308.455265033863,cam_4_1690276421_04-13-41.jpg
55,17,1830.2573406706022,404.87330432703425,2241.1382027118943,623.8815769861076,cam_4_1690276421_04-13-41.jpg
55,20,1763.3549945628272,591.2257009563026,2182.9643517235304,758.2561314518239,cam_4_1690276421_04-13-41.jpg
55,21,3198.852331769837,706.5460975872878,3765.382763447729,932.9096722538445,cam_4_1690276421_04-13-41.jpg
55,22,3132.6298212659117,769.6786376654753,4006.0573717348207,1358.8961622113966,cam_4_1690276421_04-13-41.jpg
55,28,2877.0129168029584,950.2263973408196,4154.844091037037,1768.2808240531635,cam_4_1690276421_04-13-41.jpg
55,40,2189.5766959750667,290.6111442169923,2527.8147439025747,473.0728189391211,cam_4_1690276421_04-13-41.jpg
55,50,3270.3350899837315,668.5697646270875,4111.378587918995,1072.8268728331595,cam_4_1690276421_04-13-41.jpg
55,54,2524.2456539176515,503.8657280212192,2923.9282122499,696.0485004324494,cam_4_1690276421_04-13-41.jpg
55,65,1443.455236015415,505.2280062919668,1917.040647438714,1043.7892648809143,cam_4_1690276421_04-13-41.jpg
56,4,2156.506884492695,508.53223777583844,2765.2693016429484,976.4862532856203,cam_4_1690276466_04-14-26.jpg
56,5,2661.124191654739,473.67577649110166,2982.9796528414704,639.9735634673629,cam_4_1690276466_04-14-26.jpg
56,10,2835.991676407612,363.5011375282959,3201.063653304001,535.554742876366,cam_4_1690276466_04-14-26.jpg
56,13,2555.398030465248,1151.0716372683805,4316.666360179174,2559.6040322342405,cam_4_1690276466_04-14-26.jpg
56,17,1821.8907473537693,398.7754251388168,2253.664982742924,627.0216922764935,cam_4_1690276466_04-14-26.jpg
56,20,1761.8662202702667,587.8257406523801,2187.3809929420354,756.5295934244544,cam_4_1690276466_04-14-26.jpg
56,21,3170.3183209318286,703.3469520294648,3753.556379294761,932.302033831125,cam_4_1690276466_04-14-26.jpg
56,22,3114.0221159352077,771.2352806933075,3996.706871999878,1361.2161039815505,cam_4_1690276466_04-14-26.jpg
56,28,2893.224007394392,950.4819375914519,4142.478830944981,1741.8045764699314,cam_4_1690276466_04-14-26.jpg
56,40,2188.575577269874,281.21278199213776,2530.31614279127,463.7285751622009,cam_4_1690276466_04-14-26.jpg
56,50,3189.5111714078325,656.8671507007242,4121.713622767257,1119.2278887768214,cam_4_1690276466_04-14-26.jpg
56,54,2519.1587556267878,505.61592130354677,2920.5807875023033,698.5345655557663,cam_4_1690276466_04-14-26.jpg
56,65,1458.4375520474232,503.84768268206636,1919.0353399311093,1041.6020242505858,cam_4_1690276466_04-14-26.jpg
57,4,2181.702293178597,513.9997660253403,2701.59236091554,894.2516650052534,cam_4_1690276556_04-15-56.jpg
57,5,2663.6708846763777,474.7595130756063,2982.0223799910177,638.17371459415,cam_4_1690276556_04-15-56.jpg
57,10,2840.5432059617333,367.28252867143755,3204.0343737151857,537.2459764206642,cam_4_1690276556_04-15-56.jpg
57,13,2757.648122092595,1146.7820077957488,4325.916935025947,2379.222849576815,cam_4_1690276556_04-15-56.jpg
57,17,1804.4599885951568,396.34138491356185,2240.4267235745133,625.2764653046323,cam_4_1690276556_04-15-56.jpg
57,20,1752.8150865439518,587.0586714028342,2183.2027596864214,756.2360638692406,cam_4_1690276556_04-15-56.jpg
57,22,3100.225893904175,766.4310258137558,3978.219768452482,1349.7194181988057,cam_4_1690276556_04-15-56.jpg
57,28,2908.140419602676,948.7820124188278,4166.102334135268,1738.8311345595653,cam_4_1690276556_04-15-56.jpg
57,40,2165.85204049148,276.00104639710105,2510.5888704036406,461.12913335387725,cam_4_1690276556_04-15-56.jpg
57,54,2509.3859031065062,501.22270328002793,2915.432654177486,695.6473770559259,cam_4_1690276556_04-15-56.jpg
57,65,1449.6569786407215,505.16463280304384,1903.3246073264468,1050.230067283935,cam_4_1690276556_04-15-56.jpg
58,4,2170.63758671334,508.3131726434897,2745.839268008713,931.0803124117881,cam_4_1690276616_04-16-56.jpg
58,10,2838.777068778601,362.73628353001413,3207.7837415413073,534.4538148904596,cam_4_1690276616_04-16-56.jpg
58,13,2829.359972186666,1134.7839252308918,4320.22876658198,2289.744544243079,cam_4_1690276616_04-16-56.jpg
58,17,1808.9308258678127,395.2724196607636,2238.1927760240073,619.1675282406522,cam_4_1690276616_04-16-56.jpg
58,20,1754.9974758840024,584.3375046382833,2194.0730294771274,754.8200301059993,cam_4_1690276616_04-16-56.jpg
58,22,3104.841199813922,763.1007585772102,3984.4810322399267,1341.5483029515217,cam_4_1690276616_04-16-56.jpg
58,28,2913.4328439886226,956.1094338440586,4122.833875294273,1702.635821270469,cam_4_1690276616_04-16-56.jpg
58,44,2216.4602583717538,251.83664457181663,2511.4742881161947,429.4211525937482,cam_4_1690276616_04-16-56.jpg
58,54,2394.53353621055,444.1297077572425,3054.9943948973214,773.6324056911069,cam_4_1690276616_04-16-56.jpg
58,65,1451.2711520888222,509.1100962763565,1885.0847641701519,1045.5190483071365,cam_4_1690276616_04-16-56.jpg
59,10,2838.7023117709687,363.7916144442461,3208.3103919582736,534.9490991172581,cam_4_1690276676_04-17-56.jpg
59,13,2677.237913344452,1144.1323348791902,4296.549837586133,2429.8994256797396,cam_4_1690276676_04-17-56.jpg
59,16,2251.9953362373185,507.10393733190915,2779.349369147996,984.5507292202514,cam_4_1690276676_04-17-56.jpg
59,17,1806.4414466191006,394.82975685519585,2240.491925119346,619.789433943748,cam_4_1690276676_04-17-56.jpg
59,20,1757.0463422305056,584.0964494208116,2206.854861407976,757.1175813376685,cam_4_1690276676_04-17-56.jpg
59,22,3118.7030680887606,763.5733902147276,4027.122952017361,1355.4428865419118,cam_4_1690276676_04-17-56.jpg
59,28,2876.2750209087835,961.5489347946176,4137.472405239416,1736.0757488599347,cam_4_1690276676_04-17-56.jpg
59,44,2211.06425351526,253.974683990649,2498.1765906471865,432.71309904869804,cam_4_1690276676_04-17-56.jpg
59,54,2359.6055172418505,428.74533923151216,3073.6320207788885,797.5621606101108,cam_4_1690276676_04-17-56.jpg
59,57,3278.4885876237654,634.7886687944639,4054.368990119128,1123.0909040868005,cam_4_1690276676_04-17-56.jpg
59,65,1454.1280790294352,499.8655295439118,1883.211454579337,1047.264607387412,cam_4_1690276676_04-17-56.jpg
59,74,2413.0852808754316,257.41643321610263,2760.7019780252126,413.40571827894877,cam_4_1690276676_04-17-56.jpg
60,4,2146.906238540788,506.1781060318277,2780.0383246374968,970.9532792966177,cam_4_1690276721_04-18-41.jpg
60,13,2776.4873045574254,1144.2948781752384,4282.2093949826685,2319.610800949172,cam_4_1690276721_04-18-41.jpg
60,17,1804.8674928786554,392.7795763326143,2250.994390509929,624.0833201084793,cam_4_1690276721_04-18-41.jpg
60,20,1750.7835886842977,585.1793047112945,2201.062849580234,757.425256704245,cam_4_1690276721_04-18-41.jpg
60,28,2842.9013948955194,952.5788908031333,4106.5867402268295,1725.1148327194524,cam_4_1690276721_04-18-41.jpg
60,44,2201.3315158938126,248.78242170379423,2458.9044621249113,415.9200531423474,cam_4_1690276721_04-18-41.jpg
60,50,3120.423019175154,756.7388907584043,4120.652575440067,1243.784676611789,cam_4_1690276721_04-18-41.jpg
60,54,2347.8572491753453,417.1120927645112,3076.872948776393,808.8770213436546,cam_4_1690276721_04-18-41.jpg
60,65,1468.7638425551459,515.6246402192858,1875.9689296257707,1050.5881424770432,cam_4_1690276721_04-18-41.jpg
60,74,2432.607163015168,258.097718212558,2757.7242592892717,404.1726384099107,cam_4_1690276721_04-18-41.jpg
61,4,2146.6645478193027,505.83155373918726,2794.5765594236586,982.8376630340967,cam_4_1690276736_04-18-56.jpg
61,13,2675.8614177659438,1126.103664543353,4125.3820129670985,2250.8228763923044,cam_4_1690276736_04-18-56.jpg
61,17,1806.0126968529382,392.3967458365541,2244.0061954613184,618.9139047483402,cam_4_1690276736_04-18-56.jpg
61,20,1749.2111211202541,584.7062279608766,2206.0018568687333,757.8361951690622,cam_4_1690276736_04-18-56.jpg
61,28,2856.8315537818867,953.3639931097872,4140.802617177538,1731.6551276234436,cam_4_1690276736_04-18-56.jpg
61,50,3078.811866551743,765.0221766597386,4085.164633311648,1255.7208044860438,cam_4_1690276736_04-18-56.jpg
61,54,2354.015601796444,415.1950132692876,3071.3893612044994,814.8070366657992,cam_4_1690276736_04-18-56.jpg
61,65,1460.6345688736094,520.619614919644,1858.9610369549114,1060.1553295626295,cam_4_1690276736_04-18-56.jpg
61,74,2399.3266649216434,252.80172469676438,2741.591855624572,406.35681544368765,cam_4_1690276736_04-18-56.jpg
62,4,2146.0030945694757,582.2757615958396,2657.398706449367,941.1853368873354,cam_4_1690276841_04-20-41.jpg
62,13,2573.7991014612094,1154.8503441945115,4271.61841616058,2509.403194338721,cam_4_1690276841_04-20-41.jpg
62,17,1805.1400777430988,391.2191215043841,2243.750854362017,618.9464353600516,cam_4_1690276841_04-20-41.jpg
62,20,1754.911789903379,570.8908340801365,2238.381662634322,752.6641919255529,cam_4_1690276841_04-20-41.jpg
62,28,2857.669075023973,958.8416250070602,4162.41848009034,1747.5903182134143,cam_4_1690276841_04-20-41.jpg
62,50,3130.4718036800487,760.6095110479919,4036.204889825842,1193.155676525811,cam_4_1690276841_04-20-41.jpg
62,54,2346.6722207841103,417.9420854201929,3042.6087688624557,814.2503079791315,cam_4_1690276841_04-20-41.jpg
62,65,1480.2854055186376,535.0124938390006,1857.8100531530536,1061.3518615340106,cam_4_1690276841_04-20-41.jpg
62,74,2389.602429471782,255.2921555818661,2725.1902228279155,406.26594431166535,cam_4_1690276841_04-20-41.jpg
62,80,2696.5660190043864,340.49106618475776,3104.56813260429,695.0364029495495,cam_4_1690276841_04-20-41.jpg
63,4,2135.870093621782,618.2544003878076,2594.2404796752753,925.9901799679689,cam_4_1690277111_04-25-11.jpg
63,13,2638.841648728938,1175.7292464780676,4196.392498338817,2427.40373095152,cam_4_1690277111_04-25-11.jpg
63,17,1807.7033755537234,391.30140931010567,2242.1787722920667,616.1970223713192,cam_4_1690277111_04-25-11.jpg
63,20,1757.2093099564408,566.9928658196658,2253.382629210102,752.11091438162,cam_4_1690277111_04-25-11.jpg
63,22,3257.5347248459443,698.6862626840532,4013.776892494146,1196.6587429398596,cam_4_1690277111_04-25-11.jpg
63,28,2831.0721045521177,956.8566412996506,4195.677949608906,1783.28538202039,cam_4_1690277111_04-25-11.jpg
63,54,2363.70724373639,417.4541748003321,3044.1932026478817,814.8615289174941,cam_4_1690277111_04-25-11.jpg
63,65,1485.7259212813292,525.0333947581062,1863.3958707817021,1067.4040189427465,cam_4_1690277111_04-25-11.jpg
63,80,2789.0004606740786,341.95316275515813,3215.663530927535,714.6650691716478,cam_4_1690277111_04-25-11.jpg
64,4,2144.30031871238,627.6521720557149,2595.832337935887,922.578747749088,cam_4_1690277156_04-25-56.jpg
64,13,2606.676304253725,1174.1812375835339,4168.532170417887,2448.41461760842,cam_4_1690277156_04-25-56.jpg
64,17,1785.1234650535844,393.05983065681266,2201.7474365476037,612.2197018925106,cam_4_1690277156_04-25-56.jpg
64,20,1762.424313273477,568.2054691083168,2256.5644139203996,751.9089525060507,cam_4_1690277156_04-25-56.jpg
64,28,2825.0834143028433,963.720388903289,4190.225461442896,1789.0852801133224,cam_4_1690277156_04-25-56.jpg
64,54,2378.1132651656294,419.0815914640795,3038.4039050699034,813.8050110348497,cam_4_1690277156_04-25-56.jpg
64,57,3298.4894303728006,688.9171038004092,4134.237226996987,1199.53481252186,cam_4_1690277156_04-25-56.jpg
64,63,145.5799071492071,599.1709207085698,888.6201836410377,1034.05969136078,cam_4_1690277156_04-25-56.jpg
64,65,1502.9268682666889,534.1899069395386,1859.5051607097898,1059.242821017443,cam_4_1690277156_04-25-56.jpg
64,80,2821.4487735322446,341.7467832706236,3253.8517219315327,721.6807241435354,cam_4_1690277156_04-25-56.jpg
64,83,2960.5292623840146,869.8536161349429,4158.042133283801,1466.9801084393112,cam_4_1690277156_04-25-56.jpg
65,4,2131.6677035264274,629.8077862519131,2590.5805344478476,920.8207148715888,cam_4_1690277186_04-26-26.jpg
65,13,2544.2603387136023,1162.0642001292563,4200.66496438946,2553.7872876633655,cam_4_1690277186_04-26-26.jpg
65,17,1803.94160299168,392.9185611288924,2228.8571812535115,615.5120643802838,cam_4_1690277186_04-26-26.jpg
65,20,1748.0941330621501,564.2240072512541,2256.04520704624,752.4439025929776,cam_4_1690277186_04-26-26.jpg
65,22,3209.5027579466214,711.5956975049697,4068.6109381286024,1281.6162478654423,cam_4_1690277186_04-26-26.jpg
65,28,2811.196167317112,955.1237888152571,4201.033294287789,1798.137702786944,cam_4_1690277186_04-26-26.jpg
65,50,3022.101720728233,850.7053386326722,3878.589267897207,1263.2573780812652,cam_4_1690277186_04-26-26.jpg
65,54,2361.132857796338,418.6665106371148,3010.193425971991,811.4040576907231,cam_4_1690277186_04-26-26.jpg
65,63,151.92964499119415,607.2094324321977,872.3043043815394,1032.1537495728576,cam_4_1690277186_04-26-26.jpg
65,65,1495.8478539620667,527.0851738049663,1851.4547977393604,1064.5456922506191,cam_4_1690277186_04-26-26.jpg
65,80,2831.3078898638155,344.75792105000517,3259.7081706030763,723.2925746616063,cam_4_1690277186_04-26-26.jpg
65,83,2954.239684992245,860.0229215568282,4083.3284632009104,1426.4115055890866,cam_4_1690277186_04-26-26.jpg
66,4,2114.819588201351,632.4668480571377,2589.2264047709823,924.6528702677226,cam_4_1690277246_04-27-26.jpg
66,17,1823.2112039556157,395.11377989553836,2242.727958647355,616.4793695544944,cam_4_1690277246_04-27-26.jpg
66,22,3191.7880458054683,711.995957844596,4092.589023148964,1318.5146236998203,cam_4_1690277246_04-27-26.jpg
66,26,2465.4534609105403,418.83020183118686,3014.3397958035225,810.3035012034767,cam_4_1690277246_04-27-26.jpg
66,28,2784.20575011028,952.1382751345463,4237.4254400242735,1840.1859205770024,cam_4_1690277246_04-27-26.jpg
66,50,2987.0643231119116,867.9238512793927,3902.693555950495,1316.4022027347264,cam_4_1690277246_04-27-26.jpg
66,80,2831.884312569848,342.6318875330411,3266.660305744905,727.3756159855841,cam_4_1690277246_04-27-26.jpg
67,4,2006.1585365673395,603.0544464543405,2692.0225109267385,1023.8901466277501,cam_4_1690277336_04-28-56.jpg
67,26,2533.28720081332,381.57707000246546,3011.222302812527,711.9305335543879,cam_4_1690277336_04-28-56.jpg
67,80,2912.9139001744225,391.40118524411616,3375.9202856195147,809.5455562495015,cam_4_1690277336_04-28-56.jpg
83,16,2737.8752550865356,396.21339884496206,3135.9263300645866,793.4735568734279,cam_4_1690279436_05-03-56.jpg
83,80,3527.514927794808,420.8678889216508,3901.7335961175477,760.4088619898973,cam_4_1690279436_05-03-56.jpg
84,4,1517.231738461723,595.8894372014678,2439.200053668251,1177.9588141826348,cam_4_1690279616_05-06-56.jpg
84,10,2516.4950826222153,386.61835346433486,2938.8593148253217,579.2846318848786,cam_4_1690279616_05-06-56.jpg
84,13,2469.070518910454,459.61638757330513,2931.4358806856335,846.3383540973531,cam_4_1690279616_05-06-56.jpg
84,16,2779.4788594540723,431.19434323329295,3111.5399018758844,782.4486775907721,cam_4_1690279616_05-06-56.jpg
84,21,2267.754500952411,787.0694221982023,3233.711018006971,1172.8511155787692,cam_4_1690279616_05-06-56.jpg
84,22,3035.161617685246,688.6129686075691,3744.5018979404886,1171.0920878896848,cam_4_1690279616_05-06-56.jpg
84,28,2358.6020047541574,984.9581001013679,3759.811953607884,1841.306911281271,cam_4_1690279616_05-06-56.jpg
84,54,2218.8407190855587,473.5069900098495,2786.0395424444687,821.4465704912193,cam_4_1690279616_05-06-56.jpg
84,80,3519.5926014264915,428.5501832744475,3881.7760340107434,762.4838871499101,cam_4_1690279616_05-06-56.jpg
84,83,2737.900130210615,319.1524036386886,3243.9636342416625,576.2340570499885,cam_4_1690279616_05-06-56.jpg
85,4,1452.940686565908,613.5144973395915,2246.5405276397123,1116.295363307588,cam_4_1690279796_05-09-56.jpg
85,13,2474.0819900846036,450.1762606453444,2975.6378507782047,875.8543033202661,cam_4_1690279796_05-09-56.jpg
85,16,2782.1462212156393,522.116014880931,3178.8285439038023,973.8629706416916,cam_4_1690279796_05-09-56.jpg
85,28,2468.2951289624366,1027.1300876646471,3706.8190512171814,1798.46132486663,cam_4_1690279796_05-09-56.jpg
85,50,2950.2430181065515,702.6052138659968,3774.288445992529,1106.4223011486984,cam_4_1690279796_05-09-56.jpg
85,54,2162.7295669614005,483.1075063980954,2868.8613160145255,946.3032304251296,cam_4_1690279796_05-09-56.jpg
85,80,3506.502203615854,432.99000566222685,3887.3090988621057,782.0401636271492,cam_4_1690279796_05-09-56.jpg
85,83,2689.27795743982,301.9882116121033,3275.31640482769,615.5160913850982,cam_4_1690279796_05-09-56.jpg
86,4,1448.2173218880905,606.5188179289072,2243.2199139115173,1113.8987506157077,cam_4_1690279856_05-10-56.jpg
86,13,2440.7895827988996,439.55243447748575,2979.118477641689,907.202635429607,cam_4_1690279856_05-10-56.jpg
86,28,2486.7566850402136,995.7064168020912,3830.9694228946228,1887.9442824112843,cam_4_1690279856_05-10-56.jpg
86,50,2917.588565994762,696.4585131857341,3774.286764968979,1124.306586926025,cam_4_1690279856_05-10-56.jpg
86,54,2149.43735250603,490.2597739084335,2857.8627432975295,981.0828222291332,cam_4_1690279856_05-10-56.jpg
86,83,2726.5923039801955,296.4411027617716,3243.122413347043,581.8997238159359,cam_4_1690279856_05-10-56.jpg
86,93,363.17622565633803,691.0841478397074,1681.7597470341157,1277.5416949678956,cam_4_1690279856_05-10-56.jpg
87,4,1438.6338615847899,606.8378016922393,2229.059496695678,1115.0207328371384,cam_4_1690279916_05-11-56.jpg
87,13,2428.3772475069977,440.39256746844063,2956.8278739316456,899.4437467072505,cam_4_1690279916_05-11-56.jpg
87,22,2904.442200324363,693.8394999928908,3633.697927989405,1171.0036930532403,cam_4_1690279916_05-11-56.jpg
87,28,2589.7003060068996,1012.6566460763712,3873.7806010734303,1894.2829898184805,cam_4_1690279916_05-11-56.jpg
87,54,2135.219766570137,491.41464615034783,2838.4522848526885,997.5997526449303,cam_4_1690279916_05-11-56.jpg
87,83,2749.4065502878143,297.7538242293699,3197.1891919654495,545.7242002922869,cam_4_1690279916_05-11-56.jpg
87,93,475.29957719539414,695.9195287602683,1770.5122014418434,1278.7182616613848,cam_4_1690279916_05-11-56.jpg
87,100,1811.3433260155366,529.2743933169572,2386.645450082334,923.8529979523574,cam_4_1690279916_05-11-56.jpg
87,101,3086.1077816053653,217.46380158353617,3259.521791609233,366.2491765986091,cam_4_1690279916_05-11-56.jpg
87,102,1754.9262399384825,814.5388481502782,2782.623902072687,1645.2008955150627,cam_4_1690279916_05-11-56.jpg
88,4,1457.389777053189,629.0810676492747,2244.2631481003855,1147.9867196329897,cam_4_1690280081_05-14-41.jpg
88,13,2429.5353318686107,432.89850527772046,2933.7225050064726,867.99522767125,cam_4_1690280081_05-14-41.jpg
88,22,2868.5045034255545,699.6392956500181,3649.080731045829,1194.9149176189653,cam_4_1690280081_05-14-41.jpg
88,28,2487.262720238508,962.43691461767,3795.698464885975,1950.774425303031,cam_4_1690280081_05-14-41.jpg
88,54,2141.881761349753,492.1646941902784,2827.5931041540243,1001.3703425698852,cam_4_1690280081_05-14-41.jpg
88,65,1906.6842963089794,883.3332005394216,2525.1876618625984,1737.708064395567,cam_4_1690280081_05-14-41.jpg
88,83,2722.56426933126,293.0636605733621,3272.2798532546676,613.2546799199253,cam_4_1690280081_05-14-41.jpg
88,100,1867.197618291316,582.9881013081748,2421.4524431369523,961.0278383381797,cam_4_1690280081_05-14-41.jpg
88,101,3066.574471151716,217.09620614955838,3264.928555339361,390.0381624932197,cam_4_1690280081_05-14-41.jpg
89,4,1481.4823266217509,645.2671216899964,2266.058794751547,1176.3199108872386,cam_4_1690280141_05-15-41.jpg
89,13,2427.7061304327635,433.2814391284869,2905.605329594622,843.2933783208221,cam_4_1690280141_05-15-41.jpg
89,22,2845.24632919179,694.9444389124462,3653.294470662236,1193.5716504785175,cam_4_1690280141_05-15-41.jpg
89,28,2495.1304403538734,904.5793780766485,3765.8020212672845,1939.1589706331993,cam_4_1690280141_05-15-41.jpg
89,54,2146.625012448999,493.0976653111549,2819.760178508985,1007.216284555959,cam_4_1690280141_05-15-41.jpg
89,65,1843.2478555759928,897.7455798940512,2458.8788794145134,1746.9804820360987,cam_4_1690280141_05-15-41.jpg
89,74,2750.9561042227797,206.44085208825192,3035.7281919220636,335.0285708007845,cam_4_1690280141_05-15-41.jpg
89,83,2692.643165326587,297.55163597105644,3250.914813824252,630.823201528797,cam_4_1690280141_05-15-41.jpg
89,100,1927.7672925473548,608.2275244263835,2548.09153255687,1025.9379525986194,cam_4_1690280141_05-15-41.jpg
89,101,3051.750133645745,214.14767361909207,3257.061360585828,396.0995580871702,cam_4_1690280141_05-15-41.jpg
90,4,1527.5284228195528,656.0573471939488,2321.8248581789367,1199.4211448282308,cam_4_1690280336_05-18-56.jpg
90,13,2482.395638846546,441.1507141041891,2841.9219876803786,740.0649321263672,cam_4_1690280336_05-18-56.jpg
90,54,2182.9137936471707,480.8229305304062,2770.872174271706,932.5302515169687,cam_4_1690280336_05-18-56.jpg
90,65,1838.897192377379,898.7617337158572,2487.372704006624,1742.6847221824614,cam_4_1690280336_05-18-56.jpg
90,100,1905.0874424158703,610.1997010628705,2587.2026546849297,1066.3725171832862,cam_4_1690280336_05-18-56.jpg
91,4,1547.0561679845255,661.8776649612686,2324.965771364003,1199.863977549005,cam_4_1690280351_05-19-11.jpg
91,13,2469.9772022519605,439.46989687269206,2804.961028725142,712.8378382130745,cam_4_1690280351_05-19-11.jpg
91,54,2203.896985733374,475.7124622070495,2716.0369751665626,865.1116626034341,cam_4_1690280351_05-19-11.jpg
91,65,1807.398713673812,892.9671174071532,2472.0428233154826,1740.1429808420721,cam_4_1690280351_05-19-11.jpg
91,83,2685.8962718503235,299.2910257330845,3224.6899167679912,625.848175253951,cam_4_1690280351_05-19-11.jpg
91,100,1893.7243528081622,613.196758945819,2596.4444786634535,1079.5559060171022,cam_4_1690280351_05-19-11.jpg
92,4,1552.3229276375753,662.8856671246075,2316.7105177605454,1189.9303181182709,cam_4_1690280366_05-19-26.jpg
92,13,2514.6950003375264,436.0311130719315,2838.2103949212124,689.2376351505736,cam_4_1690280366_05-19-26.jpg
92,16,2632.215485775058,544.3145126656176,3063.420443590204,1034.7078028329613,cam_4_1690280366_05-19-26.jpg
92,54,2220.5079042563984,473.8814714401683,2737.6224464930256,869.1716917113804,cam_4_1690280366_05-19-26.jpg
92,65,1785.8418991398116,886.7745840081617,2459.833093331945,1731.1103715635181,cam_4_1690280366_05-19-26.jpg
92,80,3690.1424408040907,294.32375842765674,3952.456606905586,539.2245002802899,cam_4_1690280366_05-19-26.jpg
92,83,2701.7944643684536,299.4307301094478,3226.932193553061,622.5816813476063,cam_4_1690280366_05-19-26.jpg
92,100,1912.1781804402096,615.0372549462876,2599.613395635859,1061.959673025447,cam_4_1690280366_05-19-26.jpg
92,112,3378.015519709566,613.1836157544458,3786.4493477799856,1123.1819025588227,cam_4_1690280366_05-19-26.jpg
93,4,1552.0224545704023,662.767311872615,2317.271963735461,1190.5125938796737,cam_4_1690280486_05-21-26.jpg
93,13,2471.78435089132,433.12870039255785,2815.1472506442055,695.4763676062516,cam_4_1690280486_05-21-26.jpg
93,16,2621.84208607611,546.4915232133299,3052.1247626782356,1022.5686720310496,cam_4_1690280486_05-21-26.jpg
93,54,2193.159403159542,472.64522011272237,2716.129188082308,876.5945813118763,cam_4_1690280486_05-21-26.jpg
93,57,3358.210395231589,565.050575942919,4031.344134644288,983.432908176558,cam_4_1690280486_05-21-26.jpg
93,65,1775.6866182062674,892.3216543408583,2453.886822401657,1736.6235682641704,cam_4_1690280486_05-21-26.jpg
93,80,3700.1082871171952,286.25587436123953,3952.8301954980516,524.1163864546529,cam_4_1690280486_05-21-26.jpg
93,83,2714.3811902228636,296.5872922726618,3202.901196548101,598.1411781275824,cam_4_1690280486_05-21-26.jpg
93,113,3049.841328784165,552.841085206558,3303.359705567307,1116.7573079636531,cam_4_1690280486_05-21-26.jpg
94,4,1542.119930457274,657.8286544465287,2338.569450056069,1196.914464855874,cam_4_1690280576_05-22-56.jpg
94,13,2396.932750953746,434.3801095493286,2896.0054899837937,828.2247443379401,cam_4_1690280576_05-22-56.jpg
94,16,2683.757846310299,574.7621907127218,3131.6761993340315,1095.7989497363237,cam_4_1690280576_05-22-56.jpg
94,54,2165.825587388079,474.9305882452254,2723.8277551625506,910.2396519800288,cam_4_1690280576_05-22-56.jpg
94,57,3346.01194057297,561.8180373817303,4011.911538590336,978.1517567036283,cam_4_1690280576_05-22-56.jpg
94,65,1763.994371188157,862.9589276825816,2464.4922548577124,1764.8912431064243,cam_4_1690280576_05-22-56.jpg
94,80,3701.637203646037,282.807726999397,3955.2865460328776,523.7335941215644,cam_4_1690280576_05-22-56.jpg
94,83,2759.8531313450885,294.2935219322237,3211.208575126536,579.7518565023327,cam_4_1690280576_05-22-56.jpg
94,113,3003.407145958628,514.0944258147974,3227.205303730842,1007.1543063067066,cam_4_1690280576_05-22-56.jpg
94,117,3133.256392670292,313.2362042846472,3474.844206621285,578.0260706143504,cam_4_1690280576_05-22-56.jpg
95,4,1549.7483807251174,650.6864307046601,2351.4534046499466,1188.1932223612807,cam_4_1690280636_05-23-56.jpg
95,13,2370.1599481117278,434.41906722335693,2918.045995437758,874.914355945825,cam_4_1690280636_05-23-56.jpg
95,16,2728.338225517931,602.1578062395158,3184.8090688146235,1159.142120598744,cam_4_1690280636_05-23-56.jpg
95,54,2166.3036103598865,472.1598871320566,2729.6251738384317,918.958279232555,cam_4_1690280636_05-23-56.jpg
95,57,3366.6904491035802,560.287171143293,4026.7199151856635,976.6307481854277,cam_4_1690280636_05-23-56.jpg
95,65,1730.377137863777,887.0499677484415,2390.250406927917,1770.8366484970966,cam_4_1690280636_05-23-56.jpg
95,80,3700.0099845491272,281.1195032649882,3957.6940231862427,528.8302650289324,cam_4_1690280636_05-23-56.jpg
95,83,2745.465837984428,299.59232035749426,3195.0669792806207,583.6128066373399,cam_4_1690280636_05-23-56.jpg
95,101,3088.8118345228963,230.25169120735762,3248.4652842757496,369.73668095343083,cam_4_1690280636_05-23-56.jpg
95,113,2920.771747760679,491.86588437001035,3144.4324052489437,960.8801150857867,cam_4_1690280636_05-23-56.jpg
95,117,3130.6860571889783,313.6212001246903,3471.669490361862,580.3314290516778,cam_4_1690280636_05-23-56.jpg
95,119,1643.0480939344643,575.1695467217023,2666.828385844843,944.0529636943842,cam_4_1690280636_05-23-56.jpg
96,4,1527.1309306631822,660.0864943947628,2371.2475620426258,1219.6087133753972,cam_4_1690280756_05-25-56.jpg
96,13,2352.890944459026,437.9348527174942,2839.2883188375326,840.01057310819,cam_4_1690280756_05-25-56.jpg
96,54,2179.499460985256,474.1700326377943,2734.010986868001,918.449178213938,cam_4_1690280756_05-25-56.jpg
96,57,3301.742625022172,573.7786752079712,4105.38769835956,1106.745665929835,cam_4_1690280756_05-25-56.jpg
96,80,3710.538732544701,282.252630374502,3963.8815828226298,532.776284180911,cam_4_1690280756_05-25-56.jpg
96,83,2718.2543809263784,304.6889756081032,3198.7760844196537,610.8490563655818,cam_4_1690280756_05-25-56.jpg
96,102,2648.5836483615813,466.53628744682686,3151.8213127271647,878.7530442799409,cam_4_1690280756_05-25-56.jpg
96,117,3188.042510842478,314.82306027135644,3533.4870926748895,590.4419624939553,cam_4_1690280756_05-25-56.jpg
96,119,1665.584587287845,572.0074412081204,2702.535162579767,948.4138847070586,cam_4_1690280756_05-25-56.jpg
97,4,1518.3804545479097,660.0651184002625,2387.468062880367,1229.821691643705,cam_4_1690280786_05-26-26.jpg
97,13,2347.94996450625,439.11994053149346,2809.204968437766,831.9669099948921,cam_4_1690280786_05-26-26.jpg
97,28,2503.520071460113,1095.631584743342,3816.3425703547846,2209.2270893254217,cam_4_1690280786_05-26-26.jpg
97,54,2189.132420116085,475.78756936996376,2730.439559581558,914.688012856913,cam_4_1690280786_05-26-26.jpg
97,57,3297.322681595636,581.9420219062249,4111.689548239369,1143.7741976819693,cam_4_1690280786_05-26-26.jpg
97,80,3711.4034067118146,286.38377586720435,3958.9201284428627,536.0204881134864,cam_4_1690280786_05-26-26.jpg
97,83,2708.4724864109216,303.2415866990668,3221.1996667612198,632.7667183630833,cam_4_1690280786_05-26-26.jpg
97,102,2701.5665604178953,447.9623608705761,3161.757271615869,837.4699437009644,cam_4_1690280786_05-26-26.jpg
97,112,3312.3446771600434,315.5160098925347,3538.279862088495,593.7961041335097,cam_4_1690280786_05-26-26.jpg
97,119,1683.638940263817,572.9149785164655,2698.4014032924106,944.4834035963107,cam_4_1690280786_05-26-26.jpg
98,4,1524.883398819821,665.7147225847216,2401.766104837,1231.5400032041925,cam_4_1690280816_05-26-56.jpg
98,13,2366.623181460299,430.59513840901064,2789.545067379972,793.9174643943845,cam_4_1690280816_05-26-56.jpg
98,28,2559.353408305412,1111.3702431658064,3832.295643939964,2232.745425594797,cam_4_1690280816_05-26-56.jpg
98,54,2215.7376643293856,473.9888115230537,2737.403412523997,904.7957254257333,cam_4_1690280816_05-26-56.jpg
98,57,3308.063912582423,583.1226066268821,4089.3956332133325,1131.5509963130548,cam_4_1690280816_05-26-56.jpg
98,80,3700.205356040417,287.2239363923504,3946.6517001323327,544.9412647963388,cam_4_1690280816_05-26-56.jpg
98,83,2696.6947770333013,303.4778374741586,3224.0968424479975,643.7293825537438,cam_4_1690280816_05-26-56.jpg
98,102,2660.983245559256,470.766246076427,3127.784272253939,878.7948738160371,cam_4_1690280816_05-26-56.jpg
98,117,3291.064993963202,321.8416731093563,3642.3717320047253,602.9839589439605,cam_4_1690280816_05-26-56.jpg
98,119,1682.9634895029737,582.8843735886223,2605.6977548294662,922.0196045031926,cam_4_1690280816_05-26-56.jpg
98,122,910.6344984341813,751.7255024138071,1856.1149885310997,1447.453740790867,cam_4_1690280816_05-26-56.jpg
99,4,1543.1779508057248,659.529320970998,2355.1215792392104,1183.7207949566546,cam_4_1690280921_05-28-41.jpg
99,13,2386.327254797078,437.26298247489586,2875.552003523934,862.0663391111191,cam_4_1690280921_05-28-41.jpg
99,28,2538.8083797308755,1097.9154761629507,3789.366884062399,2229.9531164321315,cam_4_1690280921_05-28-41.jpg
99,54,2221.531167462971,472.47943020935406,2696.268244998327,860.9072769019788,cam_4_1690280921_05-28-41.jpg
99,57,3277.6357000654607,573.4466680464532,3995.7250803481693,1114.2127583636757,cam_4_1690280921_05-28-41.jpg
99,80,3719.5084172318357,288.2356147750741,3955.684082042049,540.8055824940611,cam_4_1690280921_05-28-41.jpg
99,83,2694.931131496969,303.65275621439577,3222.5030972805744,647.3459870941226,cam_4_1690280921_05-28-41.jpg
99,117,3273.748623898579,326.7357483709692,3631.8862019468197,623.9240279222829,cam_4_1690280921_05-28-41.jpg
99,119,1672.11529211811,579.2561527299333,2541.732327687319,899.918759552507,cam_4_1690280921_05-28-41.jpg
99,122,775.1860103286594,708.0188323464381,1661.396908269945,1363.980669911447,cam_4_1690280921_05-28-41.jpg
100,4,1635.754054961226,653.6606120957105,2410.4350223626643,1141.031973072149,cam_4_1690281011_05-30-11.jpg
100,13,2372.3425323071874,434.05890031145213,2836.1953647452547,841.3473942373653,cam_4_1690281011_05-30-11.jpg
100,28,2546.0693260834532,1088.595781967469,3767.926637736218,2222.060908293661,cam_4_1690281011_05-30-11.jpg
100,54,2194.438495484944,475.61742118335167,2696.0424373541264,887.9642917967565,cam_4_1690281011_05-30-11.jpg
100,57,3293.894503397139,584.2354878750103,3976.2921973470275,1128.9234558566554,cam_4_1690281011_05-30-11.jpg
100,80,3756.410740480355,284.2040634193822,3942.317893040634,481.20099021793516,cam_4_1690281011_05-30-11.jpg
100,83,2696.5327249813777,306.91833845033216,3214.659707424982,646.8020797811068,cam_4_1690281011_05-30-11.jpg
100,119,1685.0991543995276,579.1829353313472,2509.9648132829357,883.4242690995684,cam_4_1690281011_05-30-11.jpg
100,122,717.6897461844487,693.5945800431789,1589.8165684212427,1342.9381929067831,cam_4_1690281011_05-30-11.jpg
101,4,1634.638477265977,649.8914183281381,2517.420361766832,1204.8137823331604,cam_4_1690281176_05-32-56.jpg
101,10,2247.6754302949275,471.07287489285716,2675.252494445194,658.2857408726834,cam_4_1690281176_05-32-56.jpg
101,13,2451.841760337184,436.1802275422143,2831.85494843041,752.371974872439,cam_4_1690281176_05-32-56.jpg
101,28,2749.0601806878176,1088.5682434634318,4022.2578567577816,2310.866534863456,cam_4_1690281176_05-32-56.jpg
101,80,3722.424109412085,305.04444074257236,3913.309161361222,501.4564006322263,cam_4_1690281176_05-32-56.jpg
101,83,2744.5676770783057,304.9767663802149,3152.2853345005683,560.2211594469943,cam_4_1690281176_05-32-56.jpg
101,100,2243.862793039153,599.7833873484373,3031.356090503154,1114.936541627972,cam_4_1690281176_05-32-56.jpg
101,119,1696.235375286431,579.8371899434121,2519.280674767103,883.5796363930418,cam_4_1690281176_05-32-56.jpg
102,4,1637.545885157651,647.4777514455207,2555.8319176721316,1225.0182038611201,cam_4_1690281236_05-33-56.jpg
102,10,2221.830789170421,472.3234797818967,2663.249947805872,662.1218739511631,cam_4_1690281236_05-33-56.jpg
102,13,2480.5573984282314,436.86607563693343,2811.122141270126,694.2980178157193,cam_4_1690281236_05-33-56.jpg
102,28,2810.483423218966,1082.4525120546534,4114.228093420828,2379.498715359353,cam_4_1690281236_05-33-56.jpg
102,80,3691.101590416846,316.5232325571504,3908.909940630149,537.0826984717597,cam_4_1690281236_05-33-56.jpg
102,83,2764.5521941440015,305.59182199714644,3132.5036055411515,527.2404940963856,cam_4_1690281236_05-33-56.jpg
102,93,1777.1313103457235,593.9235004600396,2512.8069897266496,921.1138993609597,cam_4_1690281236_05-33-56.jpg
102,100,2276.440304620991,596.4960223540745,3050.790142041726,1104.0406073841618,cam_4_1690281236_05-33-56.jpg
102,102,2916.100307974771,405.0181942202118,3310.82435253603,758.924220778476,cam_4_1690281236_05-33-56.jpg
102,124,3499.4154942347795,345.21060761752403,3838.01107301933,638.9060075563393,cam_4_1690281236_05-33-56.jpg
103,4,1627.9336157221362,647.4591053197269,2561.919463078005,1236.8112511252725,cam_4_1690281476_05-37-56.jpg
103,13,2417.832000229478,433.79313781434223,2903.031286946279,816.3017386053467,cam_4_1690281476_05-37-56.jpg
103,28,2905.4482913081324,953.3032749216595,4024.9461095200863,2042.1518548145937,cam_4_1690281476_05-37-56.jpg
103,54,2229.0305452442153,476.72912196496554,2672.7004580146486,834.3755036450691,cam_4_1690281476_05-37-56.jpg
103,83,2705.203805950085,305.83857708489603,3199.683688771605,609.584320806304,cam_4_1690281476_05-37-56.jpg
103,93,1673.0934867185379,594.5025393516496,2796.749094029592,1133.5784443743446,cam_4_1690281476_05-37-56.jpg
103,102,3060.101246038103,344.2623294146523,3394.5327627689453,662.32486552302,cam_4_1690281476_05-37-56.jpg
103,117,3352.074195405796,297.68250807904917,3686.865953325429,579.3756585169951,cam_4_1690281476_05-37-56.jpg
104,4,1623.8414243120283,644.5953507988615,2572.1584378646457,1245.304811924355,cam_4_1690281506_05-38-26.jpg
104,13,2405.1473267309893,434.82782994297634,2925.3886769899423,849.305728067012,cam_4_1690281506_05-38-26.jpg
104,28,2867.6014862414504,893.294266533746,3853.9910343760644,1857.3063206001939,cam_4_1690281506_05-38-26.jpg
104,54,2222.7858322995935,475.1085745319227,2687.5605407843245,850.4234952355404,cam_4_1690281506_05-38-26.jpg
104,83,2688.320235745966,305.21127671350786,3214.1454921587697,632.6429609650611,cam_4_1690281506_05-38-26.jpg
104,93,1635.2408351739832,590.7841834761973,2780.568528174241,1170.888366466164,cam_4_1690281506_05-38-26.jpg
104,102,3174.057741981869,313.1825746110493,3471.566491722635,611.7774593022634,cam_4_1690281506_05-38-26.jpg
104,117,3360.8327630659637,283.2320153813731,3691.7051173067375,571.0460196299134,cam_4_1690281506_05-38-26.jpg
105,4,1585.1457831604966,643.9867566359833,2533.01242068001,1247.3459455685947,cam_4_1690281596_05-39-56.jpg
105,13,2401.780192104449,436.2506734124519,2929.1123246754123,858.4057661882822,cam_4_1690281596_05-39-56.jpg
105,28,2799.437522619637,874.8559696408104,3744.8898906742634,1826.1564256788615,cam_4_1690281596_05-39-56.jpg
105,54,2226.2749056741654,477.1246494901706,2677.298925019414,837.5417923843813,cam_4_1690281596_05-39-56.jpg
105,65,2353.3794556131566,781.7873514614479,2927.0958627846735,1560.82630894862,cam_4_1690281596_05-39-56.jpg
105,80,3709.8154188419708,285.8721253818754,3943.764209235002,524.6973359590364,cam_4_1690281596_05-39-56.jpg
105,83,2706.8308929321815,304.4838213777353,3234.7576715970945,639.7038405765591,cam_4_1690281596_05-39-56.jpg
105,93,1651.4027322124346,593.9172149705421,2763.8249404298767,1194.061838759561,cam_4_1690281596_05-39-56.jpg
105,129,789.2071575567405,772.2899590299792,1681.2267759681868,1386.090244620942,cam_4_1690281596_05-39-56.jpg
105,131,1606.9535249170308,502.7924244748229,2358.2499342323163,735.2561042417354,cam_4_1690281596_05-39-56.jpg
106,4,1540.3464985938597,642.1863719414614,2490.1202578680504,1247.1427237413736,cam_4_1690281641_05-40-41.jpg
106,13,2408.5952487422355,435.9211979148979,2948.957282716234,869.8421315861219,cam_4_1690281641_05-40-41.jpg
106,21,1636.7527113334902,519.093884857103,2418.7038210934024,837.1712301061718,cam_4_1690281641_05-40-41.jpg
106,28,2820.569044479758,874.7056796459717,3759.467879491804,1831.586778999008,cam_4_1690281641_05-40-41.jpg
106,54,2236.3910333882736,479.6691877066112,2675.064750318685,823.9484813677157,cam_4_1690281641_05-40-41.jpg
106,65,2370.0327483117176,758.2177911071315,2928.5826982884005,1539.7204033759335,cam_4_1690281641_05-40-41.jpg
106,80,3704.544913853326,277.79714184814856,3943.9494609958665,520.2487177051795,cam_4_1690281641_05-40-41.jpg
106,83,2713.948980864432,304.0703734600228,3237.6432903758614,641.8336268705611,cam_4_1690281641_05-40-41.jpg
106,101,3067.952680357309,208.99406616533747,3317.2310615998417,429.9664017815039,cam_4_1690281641_05-40-41.jpg
106,129,932.2048343174203,788.4801911767961,1836.43152160835,1404.4335241334593,cam_4_1690281641_05-40-41.jpg
106,131,1539.9344357106297,516.2361720892188,2369.311368892864,775.6184294391014,cam_4_1690281641_05-40-41.jpg
107,4,1527.4772799600032,650.9672023526472,2466.3746899111916,1251.9852958264737,cam_4_1690281671_05-41-11.jpg
107,13,2429.3557684525167,439.59368952424006,2951.738683693404,859.3251107808676,cam_4_1690281671_05-41-11.jpg
107,21,1680.2254653002212,507.18973400154715,2464.698542535396,826.4571800981107,cam_4_1690281671_05-41-11.jpg
107,28,2851.8105189643557,876.6113099302752,3757.539717880085,1804.6826766034305,cam_4_1690281671_05-41-11.jpg
107,54,2264.2129554260264,478.4479213130444,2676.97171722864,797.3483834299811,cam_4_1690281671_05-41-11.jpg
107,65,2371.9257341822854,749.1986260189387,2921.8641858296546,1513.4696272594324,cam_4_1690281671_05-41-11.jpg
107,80,3697.918185880775,275.5230257962785,3942.2457912584136,520.6673546760607,cam_4_1690281671_05-41-11.jpg
107,83,2698.7161774182846,303.28431748325704,3221.4320564233008,641.5898308278847,cam_4_1690281671_05-41-11.jpg
107,101,3045.4840869485975,208.03752026905948,3305.7189532605703,435.2757747597917,cam_4_1690281671_05-41-11.jpg
107,129,942.6001069151329,786.734365671592,1833.6168482822627,1385.7370657931665,cam_4_1690281671_05-41-11.jpg
107,131,1435.122843704989,554.0142404276986,2595.879455262626,925.1202112951619,cam_4_1690281671_05-41-11.jpg
108,4,1428.3820200368514,670.2042348437492,2429.80032159266,1336.3843571389186,cam_4_1690281896_05-44-56.jpg
108,13,2407.1054986789813,441.9701451343153,2973.4090699912936,906.4401062711113,cam_4_1690281896_05-44-56.jpg
108,16,2843.8729436059193,806.7475770310621,3565.124243464313,1723.1300976267034,cam_4_1690281896_05-44-56.jpg
108,22,2089.873895409898,865.4193455323696,3208.062782996493,1561.9996992511042,cam_4_1690281896_05-44-56.jpg
108,54,2198.440606120992,478.9410907269815,2711.4706667830787,880.240899082185,cam_4_1690281896_05-44-56.jpg
108,80,3684.7105673274464,268.7305861000121,3931.709883711968,511.53554474819396,cam_4_1690281896_05-44-56.jpg
108,83,2730.2856541266565,302.49954769689333,3142.0890774743466,562.6925888068845,cam_4_1690281896_05-44-56.jpg
108,129,851.2494965271345,775.8392810923099,1677.657641229417,1320.2885237284463,cam_4_1690281896_05-44-56.jpg
108,131,1530.2762585555583,545.9744670756885,2775.374028505128,952.5716253623289,cam_4_1690281896_05-44-56.jpg
109,4,1399.729884216714,674.845937592921,2396.1492565382223,1364.4532958445016,cam_4_1690281986_05-46-26.jpg
109,13,2407.7690638463023,443.0102422018266,2943.359490377301,886.3318412944369,cam_4_1690281986_05-46-26.jpg
109,22,2101.991937469076,844.1114949773969,3181.4724299256404,1540.303667999301,cam_4_1690281986_05-46-26.jpg
109,50,2847.431372145867,304.4845781239507,3242.46945184311,498.8779120824619,cam_4_1690281986_05-46-26.jpg
109,54,2197.047744876756,479.531593072271,2700.5529413719923,872.1518728362717,cam_4_1690281986_05-46-26.jpg
109,57,2846.733113475365,697.8187846766004,3650.8713198404844,1328.1955025554616,cam_4_1690281986_05-46-26.jpg
109,80,3673.595398189152,263.3171889826207,3929.569265014518,510.67189071597966,cam_4_1690281986_05-46-26.jpg
109,83,2642.100746871987,338.1237346083008,3012.3305099106847,574.6508862637401,cam_4_1690281986_05-46-26.jpg
109,93,1911.4406499898232,543.0589017086679,2804.8169387563557,1029.3204077041141,cam_4_1690281986_05-46-26.jpg
109,129,848.0197894687581,774.1845451947219,1625.1796812456982,1277.3253689851438,cam_4_1690281986_05-46-26.jpg
110,4,1411.0277046746519,658.499676616512,2413.079554216764,1374.7001207353842,cam_4_1690282046_05-47-26.jpg
110,13,2419.4810091026507,438.7156891529736,2925.6422120541993,857.3018633238472,cam_4_1690282046_05-47-26.jpg
110,50,2852.911723531023,300.21657630621684,3259.560626229511,496.9146154878096,cam_4_1690282046_05-47-26.jpg
110,57,2846.636295195763,707.8589694539259,3686.0261848840228,1362.4974452383103,cam_4_1690282046_05-47-26.jpg
110,80,3665.982599758819,261.1422040968263,3929.262865909729,511.7709763912744,cam_4_1690282046_05-47-26.jpg
110,83,2693.5042125093582,383.8922242741485,3020.9446818046085,588.221494189203,cam_4_1690282046_05-47-26.jpg
110,93,1926.3697914931695,538.1137121481265,2800.6863173280403,1019.8700609062234,cam_4_1690282046_05-47-26.jpg
110,100,2318.52378907123,799.4636470931107,3284.7646553861896,1439.4251467907898,cam_4_1690282046_05-47-26.jpg
110,129,832.8622310152365,763.5153909229474,1641.052097035597,1284.652593661774,cam_4_1690282046_05-47-26.jpg
110,136,2662.9884376530185,206.5431292916977,3079.263546282504,360.1622067292435,cam_4_1690282046_05-47-26.jpg
110,138,3065.7964939939498,381.1766410757377,3250.8919074782525,709.0248947563753,cam_4_1690282046_05-47-26.jpg
111,4,1433.7520387370816,673.259939956473,2383.1887424410206,1363.4047987392705,cam_4_1690282211_05-50-11.jpg
111,13,2406.2365650448132,451.3130504411091,2829.307225795484,796.0169703969589,cam_4_1690282211_05-50-11.jpg
111,50,2789.6851613763074,290.7563114571333,3309.564217237725,562.9837111417705,cam_4_1690282211_05-50-11.jpg
111,54,2222.1871665308754,483.04113541495497,2713.6492456896017,860.8872658808026,cam_4_1690282211_05-50-11.jpg
111,57,2905.476337361077,704.7262156525825,3700.3323443999116,1295.9567362220914,cam_4_1690282211_05-50-11.jpg
111,80,3669.7967319619447,263.42820551773855,3931.1468554270687,507.925941221976,cam_4_1690282211_05-50-11.jpg
111,83,2723.4546057459834,403.76430514933514,3022.47831745458,585.392645060268,cam_4_1690282211_05-50-11.jpg
111,93,1949.8412502373467,544.6242447031735,2810.2549451688583,1025.7952440845888,cam_4_1690282211_05-50-11.jpg
111,100,2439.1522599010523,804.298204353232,3390.652211932953,1437.1423047964781,cam_4_1690282211_05-50-11.jpg
111,101,3049.7610260336487,231.62677528271178,3314.558314326183,466.2715022219725,cam_4_1690282211_05-50-11.jpg
111,122,839.509559790481,721.417000367512,1533.7835733519437,1244.144202253531,cam_4_1690282211_05-50-11.jpg
111,138,3100.8843046687157,278.21465544486716,3266.5469818518022,564.7375560615301,cam_4_1690282211_05-50-11.jpg
111,139,2259.1907469242187,478.65002615567226,2650.995301877192,709.9546884234617,cam_4_1690282211_05-50-11.jpg
112,4,1493.1787978239197,681.924360901957,2418.4745443928623,1360.1699210734191,cam_4_1690282241_05-50-41.jpg
112,13,2537.075730720511,470.7774878204406,2858.727839180785,720.6672955152346,cam_4_1690282241_05-50-41.jpg
112,50,2823.615249900956,316.03517335376216,3258.8480567095366,552.3684062878795,cam_4_1690282241_05-50-41.jpg
112,54,2219.684247077135,480.2282340896609,2702.125434417408,848.6952806332752,cam_4_1690282241_05-50-41.jpg
112,57,2917.0141716902485,706.6862045195907,3699.53236430128,1274.553538860553,cam_4_1690282241_05-50-41.jpg
112,80,3671.586588723463,265.25216898230497,3931.8253249237555,504.3148575514272,cam_4_1690282241_05-50-41.jpg
112,83,2730.3069025200057,406.1157912383162,3026.5399699616455,581.6793015666001,cam_4_1690282241_05-50-41.jpg
112,93,1907.6425529554986,536.7668039536569,2725.015829662915,994.0649194111054,cam_4_1690282241_05-50-41.jpg
112,100,2491.282112232941,806.6583399153806,3418.068477442164,1420.8449250395015,cam_4_1690282241_05-50-41.jpg
112,122,807.5850136436486,715.1500662050248,1506.1410025898076,1238.70728651588,cam_4_1690282241_05-50-41.jpg
112,124,3098.9192429228724,323.3185797658249,3431.4318650969776,619.029037680375,cam_4_1690282241_05-50-41.jpg
113,4,1531.748327449291,687.7892556167254,2406.1406942953436,1323.5597409314078,cam_4_1690282466_05-54-26.jpg
113,13,2567.407545125074,460.8706332822143,2800.2600930018593,628.9740061729697,cam_4_1690282466_05-54-26.jpg
113,28,3287.670713596197,648.157110685182,3863.823937265788,1252.2407649987451,cam_4_1690282466_05-54-26.jpg
113,50,2864.0607807221804,330.71725630471786,3225.666202285007,523.7322735425153,cam_4_1690282466_05-54-26.jpg
113,54,2225.3561237969234,477.6557318998738,2708.409084468409,843.5579596313275,cam_4_1690282466_05-54-26.jpg
113,80,3672.154628697166,264.4213322666578,3935.836135144437,503.36674836643533,cam_4_1690282466_05-54-26.jpg
113,83,2767.2010515907464,393.25088468955187,3053.4137830504187,555.2944349714019,cam_4_1690282466_05-54-26.jpg
113,93,1923.827693247678,548.8757178269476,2735.8139023345657,1002.3710529279545,cam_4_1690282466_05-54-26.jpg
113,100,2439.72475761285,794.5030559492914,3395.2191297665986,1443.1173877782444,cam_4_1690282466_05-54-26.jpg
113,141,3293.436874565341,330.908893495995,3455.6492352155733,613.8651290347811,cam_4_1690282466_05-54-26.jpg
114,4,1554.8158965512168,692.2486700573,2411.821349114948,1313.6000474734037,cam_4_1690282646_05-57-26.jpg
114,13,2589.1558579412854,471.62535174453564,2877.083249768213,674.2118846146534,cam_4_1690282646_05-57-26.jpg
114,28,3342.423098711266,670.7311272928752,3912.3686359370486,1290.4633355791598,cam_4_1690282646_05-57-26.jpg
114,50,2886.7870566966512,336.6552806982455,3140.9704206588913,467.966864749209,cam_4_1690282646_05-57-26.jpg
114,54,2229.514665871442,473.9196610245097,2714.8427569653168,837.3899263250478,cam_4_1690282646_05-57-26.jpg
114,80,3664.2916126446175,258.1273950354879,3936.672964608047,502.60803526187163,cam_4_1690282646_05-57-26.jpg
114,83,2728.411902190281,401.6495396742699,3021.6502354874583,565.9780553633466,cam_4_1690282646_05-57-26.jpg
114,93,1898.351526564103,552.4033309053503,2730.68909838972,1029.6883213030674,cam_4_1690282646_05-57-26.jpg
114,100,2400.3703568826163,784.6837838110357,3379.5721525162758,1469.7253948501748,cam_4_1690282646_05-57-26.jpg
114,124,2982.051717376162,356.4043859638614,3319.7793300119347,655.7493422144425,cam_4_1690282646_05-57-26.jpg
114,145,2792.164616957834,369.6922487805492,3065.129535787819,521.828200308018,cam_4_1690282646_05-57-26.jpg
115,4,1564.6006318439627,697.3590974453923,2417.0620642375216,1313.6928220628247,cam_4_1690282661_05-57-41.jpg
115,13,2574.0373343032197,469.02650248788234,2887.2124490609276,683.2440298882518,cam_4_1690282661_05-57-41.jpg
115,28,3394.5321588680094,666.5059522585085,3920.2230891524673,1259.163851180806,cam_4_1690282661_05-57-41.jpg
115,50,2890.404179903972,334.88264837750944,3122.1412224003666,451.168839049247,cam_4_1690282661_05-57-41.jpg
115,80,3662.865399055307,255.58662386536488,3940.8537138357788,501.95454278373415,cam_4_1690282661_05-57-41.jpg
115,83,2713.9812599775055,402.97032133295204,3020.030548868788,573.359700017668,cam_4_1690282661_05-57-41.jpg
115,93,1935.4041400621888,554.7343892368093,2760.2176558222795,1031.965323044602,cam_4_1690282661_05-57-41.jpg
115,100,2394.402659737158,780.1183505915235,3365.463655921806,1475.1953184215672,cam_4_1690282661_05-57-41.jpg
115,124,2964.6690745440073,361.59238588397466,3304.2294814990864,660.9587185737821,cam_4_1690282661_05-57-41.jpg
115,139,2194.6609965741895,470.5518943313119,2727.982828619477,785.4339955705397,cam_4_1690282661_05-57-41.jpg
115,145,2780.0136379584083,371.6317500188734,3040.2644030895585,515.6450261655456,cam_4_1690282661_05-57-41.jpg
115,146,1626.0600813466897,485.9310509143794,2073.1945270146553,693.2274757189227,cam_4_1690282661_05-57-41.jpg
115,147,2530.6292287419797,432.90237094990465,3031.0242650723385,620.3956988919587,cam_4_1690282661_05-57-41.jpg
116,4,1562.8925087929063,679.4976887280939,2433.9727363227207,1310.5008213979681,cam_4_1690282706_05-58-26.jpg
116,13,2570.8468621567463,471.82615352703465,2895.358684194929,688.8695514030439,cam_4_1690282706_05-58-26.jpg
116,28,3410.9044066448378,653.6892678864771,3930.532426332553,1252.9381535841185,cam_4_1690282706_05-58-26.jpg
116,50,2892.290106971767,337.1093086269796,3133.1202180664577,456.94936426179953,cam_4_1690282706_05-58-26.jpg
116,54,2230.4522913576666,472.2136351678602,2742.290039858174,856.1429963127391,cam_4_1690282706_05-58-26.jpg
116,65,2584.493822824247,763.3662165656747,3131.9180186822614,1471.5653413409964,cam_4_1690282706_05-58-26.jpg
116,80,3659.4291956265765,258.2144960401679,3938.1917961568993,500.9450756669156,cam_4_1690282706_05-58-26.jpg
116,83,2710.9480245362147,404.17543675463753,3031.261516743287,580.9626603977605,cam_4_1690282706_05-58-26.jpg
116,93,1941.733823660948,561.4638258147987,2759.7402797846116,1034.756714174114,cam_4_1690282706_05-58-26.jpg
116,124,2948.9585892715286,367.7881203882091,3298.984121993668,685.1840660853959,cam_4_1690282706_05-58-26.jpg
116,139,2238.8476516483643,470.8319914078638,2713.3037920027023,746.2582632180495,cam_4_1690282706_05-58-26.jpg
116,145,2789.8092617595453,371.8453506931299,3055.9020438907132,517.8945770215037,cam_4_1690282706_05-58-26.jpg
116,146,1623.1965467580526,478.381676444818,2232.096054150821,762.8250875189319,cam_4_1690282706_05-58-26.jpg
116,147,2533.0466461284336,437.9366509279753,3034.5903804372115,627.1988183690478,cam_4_1690282706_05-58-26.jpg
117,13,2550.7463426122013,464.5416393811156,2870.3864927653303,671.4741343044652,cam_4_1690282976_06-02-56.jpg
117,28,3453.8679711419945,659.1189823535182,3888.445371578083,1172.9643616836333,cam_4_1690282976_06-02-56.jpg
117,50,2883.8711292676508,338.3880096597775,3199.5688149929556,495.22672790625853,cam_4_1690282976_06-02-56.jpg
117,54,2196.23769785991,472.8089173709411,2704.4544136119493,843.0058945342103,cam_4_1690282976_06-02-56.jpg
117,65,2711.0863843415996,744.9761510202851,3220.656929746037,1299.6774054279717,cam_4_1690282976_06-02-56.jpg
117,80,3624.129501579428,274.6949796919428,3903.618371817759,526.9067006150849,cam_4_1690282976_06-02-56.jpg
117,83,2712.8323567169564,402.7170925986361,3036.7148941595206,578.3763024284003,cam_4_1690282976_06-02-56.jpg
117,145,2800.2903968264422,366.58957514830973,3112.726877209495,537.1563717734307,cam_4_1690282976_06-02-56.jpg
117,147,2555.3678801452456,433.5117201260638,3010.946288009162,605.8512057147499,cam_4_1690282976_06-02-56.jpg
118,28,3424.2502012368564,653.857649948131,3947.6158964338674,1303.49151421236,cam_4_1690283186_06-06-26.jpg
118,50,2882.94407607534,342.93395093425187,3220.188419694109,510.2264678559862,cam_4_1690283186_06-06-26.jpg
118,54,2165.7653177855696,477.07389613755663,2717.249486626239,876.6988395029839,cam_4_1690283186_06-06-26.jpg
118,83,2734.264455763342,396.1681134790528,3075.522054858192,581.0554340993059,cam_4_1690283186_06-06-26.jpg
118,141,3288.3811959967693,299.6136490791801,3465.7659940528365,609.0979910194355,cam_4_1690283186_06-06-26.jpg
118,145,2804.500659816017,369.1965316351199,3138.973485597568,551.2103355809329,cam_4_1690283186_06-06-26.jpg
118,147,2301.987112823995,413.577137262741,3177.5516018732715,753.0325599952566,cam_4_1690283186_06-06-26.jpg
119,28,3408.5475787933597,669.2338830279947,3942.603329775321,1361.4202970029164,cam_4_1690283291_06-08-11.jpg
119,50,2877.6698553717993,344.22920680639953,3225.7983476973486,516.2734427391846,cam_4_1690283291_06-08-11.jpg
119,54,2156.6923367297186,475.3711558709864,2720.2852237323264,884.5581056172921,cam_4_1690283291_06-08-11.jpg
119,83,2731.471847578916,393.52682525370824,3093.6145862893945,591.8055848601018,cam_4_1690283291_06-08-11.jpg
119,113,1409.8173121639195,435.60389677369847,1622.048632780606,843.2410250325376,cam_4_1690283291_06-08-11.jpg
119,145,2792.570978416737,369.08453450374054,3150.4338663474928,563.2420615906125,cam_4_1690283291_06-08-11.jpg
119,147,2234.081855295329,398.57868707824446,3236.15484248027,799.8519972831998,cam_4_1690283291_06-08-11.jpg
119,153,2708.785315299734,865.6513463760768,3762.7968130618297,1481.3456703401102,cam_4_1690283291_06-08-11.jpg
120,16,3187.7264677016083,722.9534131115033,3758.821127849297,1418.1173102022517,cam_4_1690283306_06-08-26.jpg
120,50,2875.7651287141803,345.57425436425973,3226.394816828454,518.211762294571,cam_4_1690283306_06-08-26.jpg
120,54,2146.009381572885,474.4078342457017,2723.735201117664,892.2319321828966,cam_4_1690283306_06-08-26.jpg
120,83,2751.665340790022,399.1967453534404,3098.2499015005224,589.1417129290514,cam_4_1690283306_06-08-26.jpg
120,113,1384.3441876399647,436.0693581536596,1605.5680027827677,839.4414668805946,cam_4_1690283306_06-08-26.jpg
120,145,2801.414520591172,371.68699867698734,3157.0703298457056,564.4519738295905,cam_4_1690283306_06-08-26.jpg
120,147,2206.7064588509847,395.74459148211474,3234.3318152955712,819.7283740040426,cam_4_1690283306_06-08-26.jpg
120,153,2692.330907870006,871.1472508670684,3754.0354652593383,1490.5210432754602,cam_4_1690283306_06-08-26.jpg
120,159,1699.434602003041,581.6694374682522,2204.144408527451,768.7882243254501,cam_4_1690283306_06-08-26.jpg
121,16,3207.031162732675,691.5310548552475,3781.1565564037937,1375.576859534459,cam_4_1690283321_06-08-41.jpg
121,50,2876.6619884708693,345.64059639321187,3230.072783462099,519.2973390368708,cam_4_1690283321_06-08-41.jpg
121,54,2151.8098185242193,478.0090777031544,2728.962427355939,893.5962829652769,cam_4_1690283321_06-08-41.jpg
121,83,2751.1851854721444,400.2808410231917,3091.7814424395524,587.4103452231486,cam_4_1690283321_06-08-41.jpg
121,113,1370.961364126941,436.8094335371682,1601.573724186906,835.0335702355346,cam_4_1690283321_06-08-41.jpg
121,145,2804.954323051292,374.97662211712145,3156.515708790999,564.999248802055,cam_4_1690283321_06-08-41.jpg
121,147,2205.978949540189,397.64672929020105,3218.464231112895,828.4054180214871,cam_4_1690283321_06-08-41.jpg
121,153,2684.8496244795665,872.7217052316812,3737.0793786222284,1485.5658238562173,cam_4_1690283321_06-08-41.jpg
121,159,1698.5784694962515,580.0168184907784,2201.752557291895,766.8278300261369,cam_4_1690283321_06-08-41.jpg
121,160,1984.6845732752972,319.05843695621724,2248.496469425064,524.885608380805,cam_4_1690283321_06-08-41.jpg
122,50,2899.808484662362,350.1109229942695,3238.6079161364255,518.0632073353152,cam_4_1690283591_06-13-11.jpg
122,54,2139.4084274202746,473.4431705755862,2726.909877196598,896.9918197031423,cam_4_1690283591_06-13-11.jpg
122,83,2730.7094308183755,403.44787073395514,3071.3954599871013,589.2726244061978,cam_4_1690283591_06-13-11.jpg
122,100,2796.3655235816705,873.8419261535505,3759.0848890845373,1557.4781093481115,cam_4_1690283591_06-13-11.jpg
122,113,1351.9536203470916,429.8238261689891,1597.175484144719,829.4102717675416,cam_4_1690283591_06-13-11.jpg
122,145,2795.1518168010452,370.14065537354446,3157.2296255996835,565.3846018135869,cam_4_1690283591_06-13-11.jpg
122,159,1701.747931171185,584.6299173149733,2201.6966434951637,771.0091314714512,cam_4_1690283591_06-13-11.jpg
122,160,1984.9000225057255,341.3943247151974,2286.3424817965333,573.1414415716542,cam_4_1690283591_06-13-11.jpg
123,50,2889.9116228881244,348.7510633962912,3230.293969516752,516.4693484484935,cam_4_1690283681_06-14-41.jpg
123,54,2146.7164091169334,474.2210617362366,2732.18462432718,897.7398812571043,cam_4_1690283681_06-14-41.jpg
123,83,2717.1010313862894,405.4703301445055,3066.8693560490615,595.0728321236348,cam_4_1690283681_06-14-41.jpg
123,145,2791.88132717013,372.36570355289666,3153.7577490751,566.4405839817052,cam_4_1690283681_06-14-41.jpg
123,153,2762.709562598995,877.7255727978256,3782.651616351507,1471.5664201411173,cam_4_1690283681_06-14-41.jpg
123,159,1697.0723355953526,584.4208175819012,2202.82171810401,773.1880005940393,cam_4_1690283681_06-14-41.jpg
123,160,1949.1909220201428,347.62590064496555,2273.9924967432466,593.6325340208492,cam_4_1690283681_06-14-41.jpg
124,50,2882.513869056039,346.06215528252994,3228.5240489494468,515.9973855091533,cam_4_1690283696_06-14-56.jpg
124,54,2154.935541236159,474.3764925778139,2736.0971821490416,896.0064818539761,cam_4_1690283696_06-14-56.jpg
124,83,2710.833403038623,408.5140280083383,3058.0251937762796,594.5996729078557,cam_4_1690283696_06-14-56.jpg
124,145,2790.0574213643213,373.422920971096,3153.360506497777,567.2449571278288,cam_4_1690283696_06-14-56.jpg
124,153,2775.064855900556,877.0618216476423,3793.696165123442,1470.0824220270229,cam_4_1690283696_06-14-56.jpg
124,159,1689.911526409618,586.1101626178581,2188.9574822935947,772.9867807368873,cam_4_1690283696_06-14-56.jpg
124,160,1962.4725036852951,355.02838568473925,2276.213559187757,587.3979882165781,cam_4_1690283696_06-14-56.jpg
125,50,2883.7031037745187,347.0392540422938,3227.959951552685,515.6482851117462,cam_4_1690283816_06-16-56.jpg
125,54,2158.7514673905357,472.7604800679646,2729.540326712641,887.3422693777643,cam_4_1690283816_06-16-56.jpg
125,83,2707.6447155122924,409.06013089755186,3054.9684479852003,592.8887966537555,cam_4_1690283816_06-16-56.jpg
125,129,1033.2395160749927,526.9783130635278,1814.286722433178,1019.3193975881264,cam_4_1690283816_06-16-56.jpg
125,145,2786.5516130618616,371.90602045987,3150.5896827126758,565.1051108806151,cam_4_1690283816_06-16-56.jpg
125,153,2821.908334289347,874.3153388831355,3801.933313140033,1446.9829501358172,cam_4_1690283816_06-16-56.jpg
125,159,1710.4281802218923,585.1898776393795,2203.8815411355986,770.9828770554832,cam_4_1690283816_06-16-56.jpg
125,160,2023.279330331594,352.390477320684,2269.3745705157608,523.6601417801653,cam_4_1690283816_06-16-56.jpg
125,166,2410.8605417432054,1230.3109243065392,3919.742657977674,2430.2692905420463,cam_4_1690283816_06-16-56.jpg
126,50,2892.6823234298486,349.55556767068776,3230.357912321246,514.8825487624772,cam_4_1690283846_06-17-26.jpg
126,54,2153.3465514154036,473.5838247761518,2723.68242523642,887.4505498684994,cam_4_1690283846_06-17-26.jpg
126,83,2704.810041578616,409.27803659115096,3054.2089128705184,592.2883388298715,cam_4_1690283846_06-17-26.jpg
126,129,1007.6863373751294,528.4488364738647,1789.6599291664993,1008.4923580519643,cam_4_1690283846_06-17-26.jpg
126,145,2785.0026028443476,369.4114807849514,3154.419775279433,564.9486228674962,cam_4_1690283846_06-17-26.jpg
126,153,2852.9821298708716,873.3761985405097,3796.803766267025,1425.5908047821263,cam_4_1690283846_06-17-26.jpg
126,159,1715.6133439640141,586.7602147604844,2200.4872440459258,769.5852304222724,cam_4_1690283846_06-17-26.jpg
126,166,2581.1738047980525,1281.5558640841325,4035.8428194203993,2436.623392936218,cam_4_1690283846_06-17-26.jpg
127,4,1840.2669555228374,388.6061493147023,2293.469001041493,717.1607572731925,cam_4_1690283876_06-17-56.jpg
127,50,2898.0326963049865,351.9003744725195,3230.4422556438785,514.0379383497459,cam_4_1690283876_06-17-56.jpg
127,54,2148.960894113088,471.97058000702566,2731.7731158889287,896.037393623383,cam_4_1690283876_06-17-56.jpg
127,83,2711.3770962165645,410.2781424740728,3063.7655208125616,594.1480044451955,cam_4_1690283876_06-17-56.jpg
127,129,984.1682976313211,529.3244370623651,1773.3753280503884,1003.965446366891,cam_4_1690283876_06-17-56.jpg
127,145,2782.438506311908,367.923376207762,3155.562503191532,564.9884964668348,cam_4_1690283876_06-17-56.jpg
127,153,2861.0861583542937,873.8399500263203,3788.9072903019096,1416.8999961394347,cam_4_1690283876_06-17-56.jpg
127,159,1714.0162932175003,584.9724754206331,2200.0163816560116,769.2754931165232,cam_4_1690283876_06-17-56.jpg
127,166,2630.102973266731,1286.761271684102,4100.518632493577,2454.2618664648535,cam_4_1690283876_06-17-56.jpg
128,4,1938.7817450977218,498.9173384796279,2210.79023530795,681.9232738844314,cam_4_1690283921_06-18-41.jpg
128,10,1978.6307587036104,343.8551674576207,2383.513870794011,521.6328787836393,cam_4_1690283921_06-18-41.jpg
128,50,2895.086323032865,350.97983803011675,3227.582533200638,512.4436593016524,cam_4_1690283921_06-18-41.jpg
128,54,2150.3194124001993,470.17776357419234,2731.4841315344197,892.008722065169,cam_4_1690283921_06-18-41.jpg
128,83,2708.409321576389,410.4738196024288,3060.4091449099424,592.7505448558538,cam_4_1690283921_06-18-41.jpg
128,129,939.5309530271486,535.8471065529145,1752.9772400594115,1016.6312030429671,cam_4_1690283921_06-18-41.jpg
128,145,2788.127865981803,368.51796138132,3160.3644760056495,565.5355619757557,cam_4_1690283921_06-18-41.jpg
128,153,2835.3181638815445,868.3915462489269,3773.1597355217996,1420.5732518119346,cam_4_1690283921_06-18-41.jpg
128,159,1712.2359460138719,583.2445548094388,2202.26011318424,769.2206281985104,cam_4_1690283921_06-18-41.jpg
128,166,2709.619748587817,1301.0309440648525,4019.972032897789,2332.443862801578,cam_4_1690283921_06-18-41.jpg
129,4,1937.3772504198296,518.1891586338833,2181.77132677826,675.9096863297098,cam_4_1690283951_06-19-11.jpg
129,10,1891.3375427215658,343.02516509816365,2335.3545181980116,533.2678602244346,cam_4_1690283951_06-19-11.jpg
129,50,2893.2531838411683,351.2109008636211,3227.7527634877524,513.3818819254759,cam_4_1690283951_06-19-11.jpg
129,54,2140.6935663118447,471.7946828337559,2730.7058873781734,898.218871786686,cam_4_1690283951_06-19-11.jpg
129,83,2712.230491150352,410.1548654516586,3065.5354777528437,592.3170095186105,cam_4_1690283951_06-19-11.jpg
129,129,886.7951938596042,530.9670130310418,1713.9955400724907,1015.4168113634,cam_4_1690283951_06-19-11.jpg
129,145,2785.059543181815,370.5530537523585,3149.7376697354994,562.397911588645,cam_4_1690283951_06-19-11.jpg
129,153,2853.2017682291544,864.6041991789646,3784.4891460818576,1411.9294504354082,cam_4_1690283951_06-19-11.jpg
129,159,1704.5760263513905,582.7355186852247,2191.3561674445577,767.1822223831323,cam_4_1690283951_06-19-11.jpg
129,166,2669.281651562814,1301.4642650803398,4063.955147161274,2396.7435535900795,cam_4_1690283951_06-19-11.jpg
130,4,1940.8861615215128,523.1358130757483,2181.2659933709174,672.2689975780379,cam_4_1690283981_06-19-41.jpg
130,10,1847.3223537664644,341.66845436925996,2280.53649524079,531.7212953905128,cam_4_1690283981_06-19-41.jpg
130,50,2896.273779435931,349.0692003622989,3228.5003738675787,509.82515986891576,cam_4_1690283981_06-19-41.jpg
130,54,2141.837508579181,472.6341464567289,2733.675030642943,899.2475475743131,cam_4_1690283981_06-19-41.jpg
130,83,2706.9355408109036,413.4603584157214,3060.5651806562746,593.667592611946,cam_4_1690283981_06-19-41.jpg
130,129,841.8902012461742,530.1612543701411,1651.7892691319366,1005.2253828696785,cam_4_1690283981_06-19-41.jpg
130,145,2791.139553614936,370.91274304996875,3154.819942400653,562.1064292453764,cam_4_1690283981_06-19-41.jpg
130,153,2843.7992090493485,866.9976076848945,3756.0472558597216,1404.8260005159711,cam_4_1690283981_06-19-41.jpg
130,159,1701.922977759332,581.8462292069638,2190.0145519940593,766.727021139278,cam_4_1690283981_06-19-41.jpg
130,166,2672.493121766984,1279.8274636214358,4033.430350356875,2340.5341048754353,cam_4_1690283981_06-19-41.jpg
131,4,1935.146856915726,520.6657357859876,2195.58104724461,678.1467156937055,cam_4_1690283996_06-19-56.jpg
131,10,1920.6841487108456,343.56548114196823,2328.434888914049,526.8608835889427,cam_4_1690283996_06-19-56.jpg
131,50,2898.1747184508667,350.6802942250376,3229.5675547713595,510.7419061749751,cam_4_1690283996_06-19-56.jpg
131,54,2140.638768568643,472.2722635426875,2735.7543645206597,900.6118609992038,cam_4_1690283996_06-19-56.jpg
131,83,2704.5917510288846,414.5385358713055,3058.746825523781,593.0692775725126,cam_4_1690283996_06-19-56.jpg
131,129,631.0062187596307,574.6853233033371,1528.7239235871227,1129.2008816623375,cam_4_1690283996_06-19-56.jpg
131,145,2789.0920709822817,373.17586686319726,3148.719691691394,560.9206487139462,cam_4_1690283996_06-19-56.jpg
131,153,2835.5204698754906,867.559249286692,3745.44906048563,1405.171801158049,cam_4_1690283996_06-19-56.jpg
131,159,1699.3718650338192,579.3150868815201,2193.7593554315054,767.0009978214708,cam_4_1690283996_06-19-56.jpg
131,166,2757.011987000291,1260.9805812205727,4087.788744774168,2272.0228035065466,cam_4_1690283996_06-19-56.jpg
132,4,1939.53673971387,519.0096371981141,2204.3051724025045,674.9849380110312,cam_4_1690284011_06-20-11.jpg
132,50,2907.77871204134,353.1993285471459,3231.911954649556,510.1295035893654,cam_4_1690284011_06-20-11.jpg
132,54,2144.3062564468155,471.93770451542673,2741.429572364262,900.8123353506637,cam_4_1690284011_06-20-11.jpg
132,57,2493.3318626078176,1232.5732413237668,3670.0400619085885,2050.2038525990183,cam_4_1690284011_06-20-11.jpg
132,83,2704.0048646822092,415.2390967746137,3057.8983643838087,592.4279973567795,cam_4_1690284011_06-20-11.jpg
132,100,2845.951713868729,869.9731673500743,3535.4385066247933,1355.2417801214892,cam_4_1690284011_06-20-11.jpg
132,129,576.896758832944,601.5399634269346,1483.3656716261,1197.3055044696257,cam_4_1690284011_06-20-11.jpg
132,145,2795.7514856398057,374.6167356009414,3154.3675316755853,561.9667210550101,cam_4_1690284011_06-20-11.jpg
132,159,1702.7842791878963,580.0492957522385,2197.1391371972504,767.7079399488068,cam_4_1690284011_06-20-11.jpg
133,4,1939.313960230255,518.3207332409763,2210.7399509108905,675.4491260530342,cam_4_1690284026_06-20-26.jpg
133,50,2913.1352297326207,353.754081986369,3234.11216869936,509.81900986559975,cam_4_1690284026_06-20-26.jpg
133,54,2157.5288063219173,473.3207149743085,2748.262721577443,898.3914356464493,cam_4_1690284026_06-20-26.jpg
133,57,2570.0803142894865,1234.0879204705743,3800.6867452847237,2036.9771460616803,cam_4_1690284026_06-20-26.jpg
133,83,2700.0646897713327,414.19990292933824,3060.188150475083,593.6450088089509,cam_4_1690284026_06-20-26.jpg
133,100,2899.0750986171015,868.077354788014,3576.2515037452295,1312.5401694375382,cam_4_1690284026_06-20-26.jpg
133,129,605.5065459462959,614.2212507644799,1433.3174245767714,1194.7845123907027,cam_4_1690284026_06-20-26.jpg
133,145,2792.642009162643,376.7425027820897,3152.5345814650404,564.1921180226254,cam_4_1690284026_06-20-26.jpg
133,159,1704.1695233663227,580.8791030729847,2198.326113465091,768.2968179946532,cam_4_1690284026_06-20-26.jpg
134,4,1932.6417283322146,519.0282718732863,2229.537051144142,689.090751986632,cam_4_1690284311_06-25-11.jpg
134,10,1895.4024188799856,350.25183346580747,2327.758169865447,546.5634936253741,cam_4_1690284311_06-25-11.jpg
134,50,2926.4788379414417,356.30632058528187,3239.9864224552534,509.75910277984065,cam_4_1690284311_06-25-11.jpg
134,54,2144.2502155617253,473.2728175447412,2736.54797572259,898.7672613449292,cam_4_1690284311_06-25-11.jpg
134,57,2683.055244907111,1192.2616315608184,3965.7958018463855,1996.7561146581704,cam_4_1690284311_06-25-11.jpg
134,83,2703.988936286053,410.70777357576435,3064.6922588539264,589.8965630185198,cam_4_1690284311_06-25-11.jpg
134,100,2947.8421635813697,869.933276832569,3584.5951380220117,1256.5301029026205,cam_4_1690284311_06-25-11.jpg
134,136,2231.715287603468,271.77529511013256,2692.2113411828777,442.7453631111747,cam_4_1690284311_06-25-11.jpg
134,145,2797.6614297640044,378.43206303033537,3149.4694447309803,561.2083184287424,cam_4_1690284311_06-25-11.jpg
134,159,1692.285009128772,581.9678366656349,2189.6381696851786,772.0307504005708,cam_4_1690284311_06-25-11.jpg
135,4,1933.8080250263454,516.560106170411,2229.372776606041,684.7080451977406,cam_4_1690284341_06-25-41.jpg
135,50,2927.755912297665,356.32683606775765,3237.592009941468,508.6211141626582,cam_4_1690284341_06-25-41.jpg
135,54,2160.141689010902,473.42311858409994,2750.71292287736,901.5824218545247,cam_4_1690284341_06-25-41.jpg
135,57,2713.588137128253,1185.4643717210074,4029.382910038479,1988.6908811592266,cam_4_1690284341_06-25-41.jpg
135,83,2703.463249230801,411.16924913519205,3065.733955646861,591.0885819303535,cam_4_1690284341_06-25-41.jpg
135,100,2944.8109132684303,871.7278873545024,3614.41898824308,1257.9306023428594,cam_4_1690284341_06-25-41.jpg
135,136,2261.1816960253373,268.5595782543801,2709.620215759105,438.67773743013686,cam_4_1690284341_06-25-41.jpg
135,145,2786.0009179651015,376.0483496807186,3134.3330618839213,556.2620881149314,cam_4_1690284341_06-25-41.jpg
135,159,1696.6505253983282,581.1528644834029,2189.557989328316,770.1587231237824,cam_4_1690284341_06-25-41.jpg
135,160,2018.0573550421934,363.95956277096894,2272.260949775119,536.582433412192,cam_4_1690284341_06-25-41.jpg
136,4,1945.1496939288447,519.1770453519172,2227.2824353107026,676.7852929427153,cam_4_1690284461_06-27-41.jpg
136,50,2928.9356326210955,354.11235312752024,3239.497620779697,507.37408197662216,cam_4_1690284461_06-27-41.jpg
136,54,2234.7989538756638,538.7859951318072,2683.3194843348933,848.1889700281761,cam_4_1690284461_06-27-41.jpg
136,57,2744.1866893005554,1154.061382887952,4089.7565450946104,1969.8304040946016,cam_4_1690284461_06-27-41.jpg
136,83,2705.1296491746543,408.9179552255195,3068.0920162935254,588.5832251728483,cam_4_1690284461_06-27-41.jpg
136,100,3009.3194719388566,850.5275117412932,3944.3408682891095,1384.7029768696357,cam_4_1690284461_06-27-41.jpg
136,136,2271.0125850530385,268.4494506624294,2710.394632235633,436.79321208627914,cam_4_1690284461_06-27-41.jpg
136,145,2784.1171683194807,371.7819731083573,3142.3528149159915,556.435669589813,cam_4_1690284461_06-27-41.jpg
136,159,1707.5937238691463,581.5970742624556,2188.783952149464,765.2431051018452,cam_4_1690284461_06-27-41.jpg
137,4,1955.7845325469177,521.5044851886363,2230.12153697129,671.6377786316712,cam_4_1690284566_06-29-26.jpg
137,50,2927.2327422649,352.60911302085754,3239.965310191839,507.4754956857802,cam_4_1690284566_06-29-26.jpg
137,54,2262.9589043431147,567.5528890636444,2655.422216842945,825.7576613776068,cam_4_1690284566_06-29-26.jpg
137,57,2746.6660715213175,1132.5647316171733,4122.869086178553,1961.525018873523,cam_4_1690284566_06-29-26.jpg
137,83,2703.459666497583,405.194858931361,3070.4789340752063,586.5344300159737,cam_4_1690284566_06-29-26.jpg
137,100,3068.352986938866,837.523874084861,4039.3640609183117,1379.8026508611338,cam_4_1690284566_06-29-26.jpg
137,136,2275.5018100536818,269.6511313263561,2702.533160249458,435.55375221468915,cam_4_1690284566_06-29-26.jpg
137,145,2780.5972602069846,371.57612612872595,3143.1308452500757,557.297122187791,cam_4_1690284566_06-29-26.jpg
137,159,1704.4868767756197,582.6161949455935,2188.035561977976,767.4827264801878,cam_4_1690284566_06-29-26.jpg
138,4,1955.1808021314737,518.8222764025091,2234.0760100965445,668.6133340870833,cam_4_1690284911_06-35-11.jpg
138,50,2919.3177812378144,352.8149597539249,3231.5438925750796,507.2414150468461,cam_4_1690284911_06-35-11.jpg
138,54,2275.936440128032,573.8188378113027,2659.609893634954,818.1895152654107,cam_4_1690284911_06-35-11.jpg
138,57,2755.0187044713734,1146.510725022158,4109.988403713494,1957.6041362641615,cam_4_1690284911_06-35-11.jpg
138,83,2717.732780711607,407.47267170762416,3074.6628478631433,584.5807216632413,cam_4_1690284911_06-35-11.jpg
138,100,3049.921144576928,824.3601031092974,4131.889459186473,1432.185994083504,cam_4_1690284911_06-35-11.jpg
138,136,2274.8544503261405,269.1548408338663,2697.9166271089343,435.2656476980277,cam_4_1690284911_06-35-11.jpg
138,145,2787.133674067395,376.50299931902975,3146.1902141743394,559.2965051427625,cam_4_1690284911_06-35-11.jpg
138,159,1712.4928312230625,582.1868189319601,2197.831061424715,767.3205066022896,cam_4_1690284911_06-35-11.jpg
138,171,2513.427948888322,486.1526393142813,2934.4005485719604,693.6759243346844,cam_4_1690284911_06-35-11.jpg
138,172,2392.074272424209,530.2950330193702,2817.4453684486557,738.0437838286601,cam_4_1690284911_06-35-11.jpg
138,173,3272.6027765156405,582.2315147864284,4158.991678863417,1035.7111463952401,cam_4_1690284911_06-35-11.jpg
139,4,1955.425570500099,515.0085437063713,2241.5768363399975,666.3333380445408,cam_4_1690285151_06-39-11.jpg
139,57,2773.8933857476527,1160.555145567324,4099.886410368449,1950.1537543711247,cam_4_1690285151_06-39-11.jpg
139,100,3099.567799417241,921.3478662328566,4124.505429649182,1495.7317495529842,cam_4_1690285151_06-39-11.jpg
139,159,1697.2615891786018,583.4903774956149,2165.521717591155,763.0970924818229,cam_4_1690285151_06-39-11.jpg
140,4,1942.7472201676137,515.204117453063,2246.143671471057,675.2761868081643,cam_4_1690285181_06-39-41.jpg
140,50,2913.956638110965,348.08301724272053,3234.7599553482405,507.31718152628133,cam_4_1690285181_06-39-41.jpg
140,57,2792.1255199690786,1161.55477461084,4126.246532558989,1950.304708532765,cam_4_1690285181_06-39-41.jpg
140,83,2709.4720718056674,409.5198142731572,3068.646108293345,586.9698415076106,cam_4_1690285181_06-39-41.jpg
140,145,2786.0189929701314,368.0620015033818,3150.47837078206,553.5062010972765,cam_4_1690285181_06-39-41.jpg
140,153,3054.570380669436,818.6628712276993,4011.3568236136575,1381.5851238964942,cam_4_1690285181_06-39-41.jpg
140,159,1707.9442057492515,584.0526947712538,2174.47059983755,762.2114458606168,cam_4_1690285181_06-39-41.jpg
140,171,2543.033339619477,493.0472804615751,2943.054297338996,690.8591500693557,cam_4_1690285181_06-39-41.jpg
140,172,2387.685355672363,528.0432130241805,2807.9456724227343,733.4466732522508,cam_4_1690285181_06-39-41.jpg
140,173,3290.378984971388,571.0741770491737,4180.905045340949,1024.3041057428022,cam_4_1690285181_06-39-41.jpg
141,4,1942.6401093099607,514.2841562335883,2260.469890357375,680.8995405091682,cam_4_1690285751_06-49-11.jpg
141,50,2923.903032363692,353.5616513156549,3240.324735649801,511.35810944713774,cam_4_1690285751_06-49-11.jpg
141,57,2748.9611994148368,1140.3660355448537,4110.36281658447,1939.5362954623324,cam_4_1690285751_06-49-11.jpg
141,83,2714.2070352828223,413.6301180095899,3069.7991788016357,589.3492220692526,cam_4_1690285751_06-49-11.jpg
141,145,2798.3461529681817,375.88595840144717,3151.321021442373,555.2051201000038,cam_4_1690285751_06-49-11.jpg
141,153,3097.3896943142527,806.4290516862284,4068.9612685995344,1372.070781068177,cam_4_1690285751_06-49-11.jpg
141,159,1710.5759982165478,584.409998138372,2177.019249159154,761.9120629165162,cam_4_1690285751_06-49-11.jpg
141,171,2542.16439833815,489.6765752541048,2950.0549964137126,692.1350294224264,cam_4_1690285751_06-49-11.jpg
141,172,2385.9271667436187,531.5000657389837,2806.6927512753196,737.1556617848435,cam_4_1690285751_06-49-11.jpg
141,173,3329.346554793391,560.9428641465149,4139.7189280678485,967.4142065689005,cam_4_1690285751_06-49-11.jpg
142,4,1952.525468204259,517.9613897377008,2256.6314328206304,675.271918456143,cam_4_1690285901_06-51-41.jpg
142,50,2932.153007510389,352.4689487207694,3239.6748447509017,506.1542909785813,cam_4_1690285901_06-51-41.jpg
142,57,2745.316321044036,1116.6775452761108,4142.437831885728,1931.9933339699887,cam_4_1690285901_06-51-41.jpg
142,83,2723.200664236408,413.5501568776163,3072.6289073900152,586.3334396005737,cam_4_1690285901_06-51-41.jpg
142,145,2814.2720046130576,377.62707644436205,3152.4297707105334,550.0655660635539,cam_4_1690285901_06-51-41.jpg
142,153,3121.65937133999,797.4095975137639,4115.830985584651,1364.4305439205596,cam_4_1690285901_06-51-41.jpg
142,159,1721.8404041054023,585.623009220406,2196.331899099838,765.044119270694,cam_4_1690285901_06-51-41.jpg
142,171,2560.887438371034,496.4280344439785,2954.6402299567176,693.0071963660066,cam_4_1690285901_06-51-41.jpg
142,172,2390.0000347756477,527.1338522869693,2819.1057937183473,737.537729798172,cam_4_1690285901_06-51-41.jpg
142,173,3304.5699074136237,558.1299557637539,4057.7523854628953,932.6522359278482,cam_4_1690285901_06-51-41.jpg
142,174,2212.921003472973,568.6777112302615,2733.1357287980277,820.3534800363766,cam_4_1690285901_06-51-41.jpg
143,4,1948.3030651437427,518.4362654340595,2258.508354869533,678.3359710825052,cam_4_1690286006_06-53-26.jpg
143,50,2919.068538149514,349.5276585187674,3235.065718645376,507.209922005533,cam_4_1690286006_06-53-26.jpg
143,57,2735.328079727483,1117.8179554653734,4132.7449602889665,1928.6448658247757,cam_4_1690286006_06-53-26.jpg
143,83,2726.5180937352666,414.3106304802413,3075.0316980814214,587.1358664123052,cam_4_1690286006_06-53-26.jpg
143,145,2813.463412780268,375.3239470844534,3159.1186574901194,552.8466436291426,cam_4_1690286006_06-53-26.jpg
143,153,3115.2621823138647,798.397218659757,4079.517377770503,1345.1148123456087,cam_4_1690286006_06-53-26.jpg
143,159,1725.4336453303847,586.1704961723524,2196.5423759748337,763.1981961098909,cam_4_1690286006_06-53-26.jpg
143,171,2540.034006601075,493.5359397306892,2944.4791993170375,695.5123374563233,cam_4_1690286006_06-53-26.jpg
143,172,2372.858534957983,524.9741686430497,2805.002238568164,736.3988797260436,cam_4_1690286006_06-53-26.jpg
143,173,3328.1508388378106,560.3029904333173,4090.8483325332995,933.205123671502,cam_4_1690286006_06-53-26.jpg
143,174,2217.225760072782,572.1917388229512,2729.3825804409016,820.0793192021996,cam_4_1690286006_06-53-26.jpg
144,4,1944.9402982830456,520.37344086161,2253.776379043176,679.1038889336443,cam_4_1690286081_06-54-41.jpg
144,50,2911.5226426958575,347.00950532433876,3230.5658160434323,505.88304153587654,cam_4_1690286081_06-54-41.jpg
144,57,2744.275023867484,1124.1659620203955,4140.994922752543,1929.076412346669,cam_4_1690286081_06-54-41.jpg
144,83,2724.617264859777,416.8374272220583,3071.3828120241665,588.6896164748634,cam_4_1690286081_06-54-41.jpg
144,145,2811.3768795794767,375.11280434931996,3156.841314470912,552.8169601662577,cam_4_1690286081_06-54-41.jpg
144,153,3069.3990641363216,800.430631588546,4088.7090709542504,1382.2686387175027,cam_4_1690286081_06-54-41.jpg
144,159,1726.4136384740175,586.2601451221014,2194.574900533783,760.8432461317847,cam_4_1690286081_06-54-41.jpg
144,171,2529.63973351047,491.41503028182433,2941.491385302911,697.0855231777343,cam_4_1690286081_06-54-41.jpg
144,172,2370.292882782245,524.7730602561433,2804.614165047554,737.1032812213934,cam_4_1690286081_06-54-41.jpg
144,173,3286.109466687805,561.654087294141,4068.0955525788845,942.2582400964833,cam_4_1690286081_06-54-41.jpg
144,174,2214.217790267881,569.6736150654384,2729.3705588332073,819.1567996144261,cam_4_1690286081_06-54-41.jpg
145,4,1932.3264598236915,520.2294539506194,2247.692478121075,682.9246460628592,cam_4_1690286126_06-55-26.jpg
145,50,2909.997111644488,348.44084388361284,3227.491620419128,506.13293849161715,cam_4_1690286126_06-55-26.jpg
145,57,2740.2046500630777,1120.3501854133378,4138.255847491664,1920.630099238176,cam_4_1690286126_06-55-26.jpg
145,83,2727.8114120921728,417.55666506564717,3072.7154701399068,588.3555239988921,cam_4_1690286126_06-55-26.jpg
145,145,2819.2835770126057,376.6610719608818,3160.405969859621,552.8048076596111,cam_4_1690286126_06-55-26.jpg
145,153,3107.876673556615,797.594598634073,4092.0916760866244,1347.0347474529372,cam_4_1690286126_06-55-26.jpg
145,159,1724.4249850163415,586.1684590581214,2197.1616749538307,761.2769023319871,cam_4_1690286126_06-55-26.jpg
145,171,2525.8690338166784,489.2240856415935,2938.844999486466,695.4376434500364,cam_4_1690286126_06-55-26.jpg
145,172,2359.4053794726556,521.1311582692204,2803.047741692468,737.6682775571498,cam_4_1690286126_06-55-26.jpg
145,173,3220.684716926267,567.8129979495629,4144.9985128201115,1024.217351370255,cam_4_1690286126_06-55-26.jpg
145,174,2211.601837730868,569.220263507581,2727.357482964288,819.0945811277732,cam_4_1690286126_06-55-26.jpg
146,4,1946.9298192597853,520.1285529889267,2264.581989320175,681.8563644753963,cam_4_1690286246_06-57-26.jpg
146,50,2912.5711907452,350.95462137773734,3228.699600888948,507.53454617951314,cam_4_1690286246_06-57-26.jpg
146,54,2315.2639906866452,576.6899033757668,2703.386613891738,818.5034692472368,cam_4_1690286246_06-57-26.jpg
146,57,2720.2657649721136,1113.8747664298712,4139.874919748232,1925.0377254914706,cam_4_1690286246_06-57-26.jpg
146,83,2722.929324097089,415.4568641063236,3072.469253548999,588.5553842408998,cam_4_1690286246_06-57-26.jpg
146,145,2801.1826146843046,373.84653315162507,3151.4941458244343,553.6838046876294,cam_4_1690286246_06-57-26.jpg
146,153,3087.2694880421345,800.9276272582024,4066.1672364557235,1344.7098173132472,cam_4_1690286246_06-57-26.jpg
146,159,1727.674750750586,586.3032038400784,2205.4753908589573,762.2021026538275,cam_4_1690286246_06-57-26.jpg
146,171,2548.369807525523,490.0441542536259,2954.109536729344,694.7598373413032,cam_4_1690286246_06-57-26.jpg
146,172,2358.900547281424,525.1738305474369,2799.920546353818,739.8927844825097,cam_4_1690286246_06-57-26.jpg
146,173,3264.260093525265,572.6431009216174,4089.4533078833974,973.907178892901,cam_4_1690286246_06-57-26.jpg
147,4,1950.0944073116339,520.8537095220235,2270.958362855064,682.3624493764087,cam_4_1690286306_06-58-26.jpg
147,50,2902.5383346978006,347.9842167108277,3227.2501333605956,508.65436618474433,cam_4_1690286306_06-58-26.jpg
147,54,2314.9636187109513,571.6705826069461,2707.777271204902,811.2580803089731,cam_4_1690286306_06-58-26.jpg
147,57,2734.8563301800796,1121.1458140419413,4134.112655354487,1922.852454099137,cam_4_1690286306_06-58-26.jpg
147,83,2717.895808901161,413.0150096399568,3073.925014602057,588.8759755491204,cam_4_1690286306_06-58-26.jpg
147,145,2787.1009416965253,369.6493170129743,3146.625102455008,553.68849676226,cam_4_1690286306_06-58-26.jpg
147,153,3028.4196659578583,794.7423878713082,4135.591536546161,1418.2082897675937,cam_4_1690286306_06-58-26.jpg
147,159,1726.3783348710724,587.1840120895815,2212.7745984629278,765.4281761977979,cam_4_1690286306_06-58-26.jpg
147,171,2561.0098599988924,492.3205393272327,2956.2382947730976,693.3059930298424,cam_4_1690286306_06-58-26.jpg
147,172,2373.034673692554,526.2989535073141,2802.345027624062,734.4100324228332,cam_4_1690286306_06-58-26.jpg
147,173,3195.445388613234,572.9076773928806,4156.00532753216,1047.1352088132853,cam_4_1690286306_06-58-26.jpg
148,10,1940.268533166199,524.298803518309,2303.9232513828965,687.4479323238547,cam_4_1690286381_06-59-41.jpg
148,50,2914.463259441524,349.61979633640186,3234.6108625263496,508.80426247478255,cam_4_1690286381_06-59-41.jpg
148,54,2316.936945499705,579.5264504524305,2710.486071032122,816.4126853195866,cam_4_1690286381_06-59-41.jpg
148,57,2739.1402734508497,1116.716703999495,4136.340803937164,1918.7264035752771,cam_4_1690286381_06-59-41.jpg
148,83,2713.8925495659773,414.3525694785137,3071.507714732615,590.0730050680928,cam_4_1690286381_06-59-41.jpg
148,145,2783.1573574807967,370.8920759971949,3145.400470450716,555.4696223388371,cam_4_1690286381_06-59-41.jpg
148,153,3072.769301920049,798.4404696072913,4094.9156002507484,1370.6146365912323,cam_4_1690286381_06-59-41.jpg
148,159,1718.7194355037434,587.6832342794769,2216.0093697246048,769.6320750435344,cam_4_1690286381_06-59-41.jpg
148,171,2564.5428363193573,491.83772219301306,2957.680266397568,693.2668288057828,cam_4_1690286381_06-59-41.jpg
148,172,2357.571493378685,525.6682332626459,2797.082941293139,737.2457160047188,cam_4_1690286381_06-59-41.jpg
148,173,3236.7525195995245,576.718731551359,4087.672022894664,993.1466647156047,cam_4_1690286381_06-59-41.jpg
149,10,1941.6041108465806,529.7369354554866,2308.153096696792,693.3205310220405,cam_4_1690286501_07-01-41.jpg
149,50,2899.1277736721813,345.45670606073384,3227.657817456479,508.2554309298697,cam_4_1690286501_07-01-41.jpg
149,54,2315.738553828843,582.0539336035085,2713.7841275053474,819.4558724226475,cam_4_1690286501_07-01-41.jpg
149,57,2737.1588919635615,1122.5290899256315,4134.588553959989,1920.3672606493928,cam_4_1690286501_07-01-41.jpg
149,83,2711.234583134281,414.7298445692758,3070.7288452963107,591.1911477277683,cam_4_1690286501_07-01-41.jpg
149,145,2783.759819592428,370.522202994118,3147.3128591314053,555.3830462991475,cam_4_1690286501_07-01-41.jpg
149,153,3107.0814447947405,803.4667201344002,4100.4169198903655,1346.2781117506772,cam_4_1690286501_07-01-41.jpg
149,159,1713.386582873103,587.836646755325,2219.3280663135783,773.1498386274293,cam_4_1690286501_07-01-41.jpg
149,171,2535.9654797535677,488.13839600108685,2942.242273077312,696.0870817500302,cam_4_1690286501_07-01-41.jpg
149,172,2352.849253767642,525.8981962159148,2798.060149398506,739.0223361460958,cam_4_1690286501_07-01-41.jpg
149,173,3289.7091029938497,558.4054724773199,4080.4821805491542,938.9737691018119,cam_4_1690286501_07-01-41.jpg
150,10,2008.3726446200458,496.840218243121,2404.692668629685,670.14490519275,cam_4_1690286996_07-09-56.jpg
150,50,2886.9308410926587,342.4973515571062,3217.989991548448,505.1414218233047,cam_4_1690286996_07-09-56.jpg
150,57,2691.1258412109623,1115.0535319811947,4103.257546377032,1922.484049544852,cam_4_1690286996_07-09-56.jpg
150,83,2709.787901417945,410.7725627596009,3072.7996735500237,588.9894184607988,cam_4_1690286996_07-09-56.jpg
150,100,3021.1791671671435,900.9225554502852,4253.620326492348,1590.331957881829,cam_4_1690286996_07-09-56.jpg
150,145,2791.3267349781936,368.6582293464474,3151.7141361458253,551.9149942070455,cam_4_1690286996_07-09-56.jpg
150,153,3134.772018761456,792.1043672676333,4092.9208507083704,1307.3067676027822,cam_4_1690286996_07-09-56.jpg
150,171,2512.5080750701795,480.93073556956915,2937.786170562577,698.6513055325145,cam_4_1690286996_07-09-56.jpg
150,173,3336.983387325711,562.6343638021273,4041.022341082227,891.7759815742413,cam_4_1690286996_07-09-56.jpg
150,174,2193.8194610167075,563.5541007277183,2710.177905292242,812.4222422372864,cam_4_1690286996_07-09-56.jpg
151,10,2038.9372115143167,484.6900218941152,2448.2072999981583,659.0295701055902,cam_4_1690287191_07-13-11.jpg
151,50,2884.7876422056315,342.75567845669195,3219.7300652660892,506.7204906496844,cam_4_1690287191_07-13-11.jpg
151,57,2713.25998599305,1145.8869243616955,4083.4540758644025,1934.1990070238564,cam_4_1690287191_07-13-11.jpg
151,83,2705.203426025062,411.5200528546484,3068.226955392971,589.4753958553335,cam_4_1690287191_07-13-11.jpg
151,100,3039.9606945926253,892.7457230036998,4232.20791654393,1548.7371054326027,cam_4_1690287191_07-13-11.jpg
151,145,2797.6779710142605,370.1253623403633,3154.873445312202,552.0532340867487,cam_4_1690287191_07-13-11.jpg
151,166,3186.2813246316823,650.622920684145,3862.035773178823,1167.8611076237967,cam_4_1690287191_07-13-11.jpg
151,171,2506.5711688797655,478.50146787004473,2932.157738557682,695.886056621594,cam_4_1690287191_07-13-11.jpg
151,173,3377.800723061603,548.4935296796626,4065.606177481024,858.6499470604177,cam_4_1690287191_07-13-11.jpg
151,174,2204.0666955531874,567.6756301958857,2708.8471036861506,809.1873424860412,cam_4_1690287191_07-13-11.jpg
152,10,2045.9724476950632,476.5910846749009,2463.4599430068947,651.8607819551899,cam_4_1690287281_07-14-41.jpg
152,57,2749.81883925939,1158.9995815175475,4109.173161103501,1935.4919693640732,cam_4_1690287281_07-14-41.jpg
152,83,2689.746469350142,404.17545753989054,3075.274986049166,594.467024759384,cam_4_1690287281_07-14-41.jpg
152,100,3054.607688687338,815.2692864869698,4174.462897543611,1434.6908313550184,cam_4_1690287281_07-14-41.jpg
152,136,2234.8403894470853,270.2440863157385,2668.8953947335085,437.2088129326794,cam_4_1690287281_07-14-41.jpg
152,145,2784.4640098821405,311.4651055901909,3271.659113762491,564.5410756039681,cam_4_1690287281_07-14-41.jpg
152,153,3172.1402916909146,693.5802513923156,4139.174076171289,1214.8256354897076,cam_4_1690287281_07-14-41.jpg
152,171,2504.659414634306,475.38169297865437,2932.4310470332753,693.5846880678497,cam_4_1690287281_07-14-41.jpg
152,173,3387.905026090162,542.7237244070491,4078.137560844343,842.6956389588422,cam_4_1690287281_07-14-41.jpg
152,174,2189.6320142235586,565.1600084680061,2703.2696583081997,808.394226907421,cam_4_1690287281_07-14-41.jpg
152,176,2962.109824389664,817.486888050935,4149.801230047378,1369.9740642241727,cam_4_1690287281_07-14-41.jpg
152,177,3193.1276648015532,651.6636707884776,3847.798962493055,938.9727435518652,cam_4_1690287281_07-14-41.jpg
153,10,2045.634848576454,475.0315067315993,2470.5323021247373,650.8545473374863,cam_4_1690287326_07-15-26.jpg
153,57,2735.9991172461355,1157.8342710146014,4096.0237112526665,1935.4792468667167,cam_4_1690287326_07-15-26.jpg
153,83,2698.6124462981766,405.144205965349,3073.8396920978057,591.0374915499506,cam_4_1690287326_07-15-26.jpg
153,100,3037.992583451374,858.2552512938123,4128.197598530669,1456.617778158255,cam_4_1690287326_07-15-26.jpg
153,136,2259.100659300602,267.06549868977316,2690.074269484682,433.45651556564155,cam_4_1690287326_07-15-26.jpg
153,145,2788.1577999698807,341.7551829841339,3184.5920692442405,548.1099677853722,cam_4_1690287326_07-15-26.jpg
153,153,3227.6932132702955,643.0746511109776,4085.3942322874996,1101.6567291368706,cam_4_1690287326_07-15-26.jpg
153,171,2504.0378498919085,477.4453903206381,2930.2836468144583,694.5855095454197,cam_4_1690287326_07-15-26.jpg
153,173,3319.921598131466,541.2037860810145,4105.380391279998,884.3529880760354,cam_4_1690287326_07-15-26.jpg
153,174,2186.453324177137,563.8528758827584,2701.8681044759232,805.4259272066579,cam_4_1690287326_07-15-26.jpg
153,176,3021.671079398743,803.6288160976895,4151.336750286514,1329.4784446108256,cam_4_1690287326_07-15-26.jpg
153,177,3208.0626720790115,649.425921515761,3843.0067157990675,928.1763063053443,cam_4_1690287326_07-15-26.jpg
154,10,2049.6152469009517,476.861566705745,2468.6656157715843,647.4775756965182,cam_4_1690287461_07-17-41.jpg
154,57,2722.762599937853,1146.452863362621,4096.5514919260495,1933.7807980070775,cam_4_1690287461_07-17-41.jpg
154,136,2278.5952884710123,267.818900517226,2703.5195464776584,432.76017577806425,cam_4_1690287461_07-17-41.jpg
154,145,2737.064186770005,305.75333979566426,3244.616576817244,579.3531673071982,cam_4_1690287461_07-17-41.jpg
154,153,3170.0175930747896,656.63936805136,4114.112025665314,1166.5276163286494,cam_4_1690287461_07-17-41.jpg
154,171,2502.2587925768466,475.0639438327708,2935.883556390133,695.6773974953938,cam_4_1690287461_07-17-41.jpg
154,173,3306.4854757168373,583.4431666172487,4082.7397363572445,917.2810249146264,cam_4_1690287461_07-17-41.jpg
154,174,2176.2537254009135,563.5274361833189,2703.823259591309,808.8991341300836,cam_4_1690287461_07-17-41.jpg
154,176,3013.058557735108,873.1905490625822,4199.158174009549,1424.734159663893,cam_4_1690287461_07-17-41.jpg
155,10,2043.3052710371194,477.6744312563392,2469.0368450058204,649.3087644267341,cam_4_1690287476_07-17-56.jpg
155,57,2697.013751845812,1121.2765671056377,4111.810375966594,1939.1825806819797,cam_4_1690287476_07-17-56.jpg
155,100,2917.2965310178074,870.064674026298,4118.4507173270895,1534.8456852101958,cam_4_1690287476_07-17-56.jpg
155,136,2281.7311702439965,268.0477906167496,2702.470302398483,432.600440150638,cam_4_1690287476_07-17-56.jpg
155,145,2718.4609188261093,295.07401531503785,3255.6092780542635,592.1368075964851,cam_4_1690287476_07-17-56.jpg
155,153,3122.8848291501804,684.654881958899,4142.384755921371,1244.8738344505173,cam_4_1690287476_07-17-56.jpg
155,171,2503.6241877609737,475.2409237048738,2939.886702773393,696.9036819997747,cam_4_1690287476_07-17-56.jpg
155,173,3260.424055321003,607.1225815684479,4057.433871883981,951.0539252483723,cam_4_1690287476_07-17-56.jpg
155,174,2172.0128149731795,561.5675944422587,2705.3089020412976,808.0107110865818,cam_4_1690287476_07-17-56.jpg
155,177,3190.6261011418774,662.9786994637209,3828.5450210192103,942.806904677572,cam_4_1690287476_07-17-56.jpg
156,10,2042.9968017655472,477.98202010455753,2469.3319482647776,648.1727075515462,cam_4_1690287506_07-18-26.jpg
156,57,2697.51314990176,1116.5120354245896,4116.020161771676,1937.166276292995,cam_4_1690287506_07-18-26.jpg
156,100,2983.1526995786508,865.2830828517244,4065.0040312308074,1467.7520052529871,cam_4_1690287506_07-18-26.jpg
156,136,2288.9050886345253,268.99237006551436,2702.9200344928076,431.51928317803754,cam_4_1690287506_07-18-26.jpg
156,145,2696.209936057764,290.1357567817713,3236.1683150090644,594.7703861787343,cam_4_1690287506_07-18-26.jpg
156,153,3120.3248949775575,751.084993240477,4176.217543339777,1330.1377002292338,cam_4_1690287506_07-18-26.jpg
156,171,2501.047585160769,473.3674325780734,2939.3630747788065,696.245260079784,cam_4_1690287506_07-18-26.jpg
156,173,3223.3800124473564,613.9370177297562,4068.240937520604,981.9849446801353,cam_4_1690287506_07-18-26.jpg
156,174,2171.0786765881007,562.6820565242456,2709.502151136417,810.1497626235105,cam_4_1690287506_07-18-26.jpg
156,177,3185.125962004044,662.2587897199089,3833.261285193226,947.0512262072638,cam_4_1690287506_07-18-26.jpg
156,183,3431.6030504835535,445.67554769377807,3902.6512348909296,662.2063092212013,cam_4_1690287506_07-18-26.jpg
156,184,3449.1181533335075,573.4602527603404,3990.1772063055996,837.6893147824105,cam_4_1690287506_07-18-26.jpg
157,10,2035.1536954460757,479.4545905108067,2468.604379344521,651.4639923336565,cam_4_1690287581_07-19-41.jpg
157,57,2680.048884244737,1126.3727229253561,4087.7585882771673,1948.8063893584851,cam_4_1690287581_07-19-41.jpg
157,100,3061.488028524617,796.8505163385751,4118.515619415763,1386.1245293614968,cam_4_1690287581_07-19-41.jpg
157,136,2291.2003365594105,270.3238845676649,2698.7629194910214,430.7971875811877,cam_4_1690287581_07-19-41.jpg
157,145,2700.1870129843137,289.31901081137585,3239.1278531871417,601.6408684989522,cam_4_1690287581_07-19-41.jpg
157,153,2974.453086732732,822.9852519690988,4188.509929680218,1505.2961033194597,cam_4_1690287581_07-19-41.jpg
157,171,2501.7124464237477,474.63677596738114,2938.785202528963,696.3668989709179,cam_4_1690287581_07-19-41.jpg
157,173,3176.506152950117,626.4847991105019,4103.829275638796,1037.8453011995166,cam_4_1690287581_07-19-41.jpg
157,174,2175.7963074291,563.1849498760018,2713.3363932573648,808.7758257740783,cam_4_1690287581_07-19-41.jpg
157,177,3214.1771770429414,670.343563737712,3818.4086877554796,933.6518691803784,cam_4_1690287581_07-19-41.jpg
157,183,3482.841006805502,475.0351905377993,3866.183452630962,650.5616084844744,cam_4_1690287581_07-19-41.jpg
157,184,3393.156540014195,559.9849367715236,4100.24132364805,905.6927870238745,cam_4_1690287581_07-19-41.jpg
158,10,2035.434451788921,476.8720554102391,2474.6512529524653,650.1701499921336,cam_4_1690287611_07-20-11.jpg
158,57,2712.127159994192,1139.7604568208915,4048.165561597031,1922.7176247621558,cam_4_1690287611_07-20-11.jpg
158,100,3105.9481523202276,755.8179185904962,4110.407106902384,1318.7572435870993,cam_4_1690287611_07-20-11.jpg
158,136,2284.5482423593803,269.6948528614134,2695.085104784206,432.5633192305901,cam_4_1690287611_07-20-11.jpg
158,145,2701.3566331362763,291.6390562584219,3263.179959229094,624.5838313736645,cam_4_1690287611_07-20-11.jpg
158,153,2945.6333506360897,856.9846085925408,4217.1543014157705,1584.4549791439142,cam_4_1690287611_07-20-11.jpg
158,171,2499.953693647743,473.74746292565123,2937.6973311702786,695.8782292662818,cam_4_1690287611_07-20-11.jpg
158,173,3107.3744063131353,659.3651119328194,4172.441743207875,1144.0551618065788,cam_4_1690287611_07-20-11.jpg
158,174,2171.0995996636493,563.424677399465,2715.0782989532586,810.9981766816143,cam_4_1690287611_07-20-11.jpg
158,177,3209.05471691427,669.2569017137678,3902.6355094837504,970.5224745619563,cam_4_1690287611_07-20-11.jpg
158,183,3459.2539864079504,487.79198746010695,3862.11647953183,671.9111335869346,cam_4_1690287611_07-20-11.jpg
158,184,3323.4706517451173,543.2270266831996,4167.19825153584,959.7837335485508,cam_4_1690287611_07-20-11.jpg
159,10,2036.180747971445,476.06267775614856,2472.029837687519,647.0167914674053,cam_4_1690287626_07-20-26.jpg
159,57,2708.363280817497,1126.9437984342958,4045.94522050688,1914.86061764633,cam_4_1690287626_07-20-26.jpg
159,100,3124.413929003277,749.8966421021847,4102.226015736829,1296.270123639114,cam_4_1690287626_07-20-26.jpg
159,136,2313.1121078991755,266.40114075783333,2717.2567081530765,428.98918868957537,cam_4_1690287626_07-20-26.jpg
159,145,2694.91942388938,294.8545118256628,3258.372188701447,636.6422332855714,cam_4_1690287626_07-20-26.jpg
159,153,3003.25514383401,872.0688207041575,4222.838851567287,1562.1070513625705,cam_4_1690287626_07-20-26.jpg
159,171,2500.4737455032227,473.35155023461886,2937.8395401056214,695.3025229548334,cam_4_1690287626_07-20-26.jpg
159,173,3064.001229683253,661.7717832629542,4210.285400639441,1195.0046085108888,cam_4_1690287626_07-20-26.jpg
159,174,2167.734874509929,562.1657522357683,2716.1407820374648,810.8058661079451,cam_4_1690287626_07-20-26.jpg
159,177,3168.0332730329114,648.9922391372346,4073.2658034376364,1046.881013143055,cam_4_1690287626_07-20-26.jpg
159,183,3455.900945790148,488.59803606709664,3864.853785285884,675.2133945674877,cam_4_1690287626_07-20-26.jpg
159,184,3323.2899621701335,523.4866213976327,4139.342221604729,928.5946071643419,cam_4_1690287626_07-20-26.jpg
160,10,2034.849768775572,475.54499585548774,2475.676276525523,648.035948535457,cam_4_1690287671_07-21-11.jpg
160,57,2712.371154409743,1111.5987397588697,4064.6385426041174,1915.6223611266478,cam_4_1690287671_07-21-11.jpg
160,145,2740.049896045808,292.25120136500095,3224.0485068185963,583.132736212624,cam_4_1690287671_07-21-11.jpg
160,153,2984.4734005377372,883.479340818694,4212.985783145938,1584.006813585422,cam_4_1690287671_07-21-11.jpg
160,171,2499.2466335917616,473.5271041994938,2913.2642943518167,682.9576876278818,cam_4_1690287671_07-21-11.jpg
160,173,3079.446143724387,723.1824576997268,4175.71524394826,1231.3445178348886,cam_4_1690287671_07-21-11.jpg
160,174,2174.5828242598927,560.6295858850467,2723.468832937584,809.6327789649649,cam_4_1690287671_07-21-11.jpg
160,177,3205.493166772179,690.2534407982596,4113.73793931897,1085.448784408765,cam_4_1690287671_07-21-11.jpg
160,183,3373.339754399248,486.62457001910246,3834.4019310649533,696.5492862881542,cam_4_1690287671_07-21-11.jpg
160,184,3301.8125888598765,530.1958428216585,4138.805724028171,945.7366130473607,cam_4_1690287671_07-21-11.jpg
161,10,2038.667524874838,478.7955901698275,2466.239491768225,645.1227201960982,cam_4_1690287941_07-25-41.jpg
161,57,2644.170637758655,1184.7964560710457,4138.994952283256,2073.528200243326,cam_4_1690287941_07-25-41.jpg
161,145,2737.92073719351,299.4743465380898,3254.0054621337645,618.5417343287768,cam_4_1690287941_07-25-41.jpg
161,153,2924.182275141926,1009.5963065975392,3847.880233022003,1512.1793015491603,cam_4_1690287941_07-25-41.jpg
161,171,2501.530055826917,474.31711793482253,2926.8929205499426,689.0491429145451,cam_4_1690287941_07-25-41.jpg
161,173,3088.1186488611156,722.733613787353,4167.946897210373,1230.1518413845492,cam_4_1690287941_07-25-41.jpg
161,174,2173.7117445430385,564.5449280293705,2714.0471967017406,807.9242339468497,cam_4_1690287941_07-25-41.jpg
161,176,2999.995281077527,899.3472846227355,4246.262132393911,1480.108138873819,cam_4_1690287941_07-25-41.jpg
161,184,3310.9716611597682,585.3711523518156,4081.3300157288418,964.4071353385455,cam_4_1690287941_07-25-41.jpg
162,10,2038.349806830943,479.42057946757035,2467.314579150977,645.3633922851996,cam_4_1690287956_07-25-56.jpg
162,57,2596.9929059852993,1213.93272526225,4136.118218994684,2136.664441587617,cam_4_1690287956_07-25-56.jpg
162,145,2738.996294296396,303.0131663623157,3256.0662858639903,632.4995746834081,cam_4_1690287956_07-25-56.jpg
162,153,2905.1117512900887,1063.78947264427,3697.1791543998575,1476.001607856559,cam_4_1690287956_07-25-56.jpg
162,171,2502.566240835849,474.65771190387403,2932.525348590939,691.571650931774,cam_4_1690287956_07-25-56.jpg
162,173,3078.246796843708,714.7397158610904,4161.398363643588,1230.4945463856438,cam_4_1690287956_07-25-56.jpg
162,174,2169.903536610892,564.8329778471655,2714.2670813278837,808.9980240798559,cam_4_1690287956_07-25-56.jpg
162,176,3007.212998984959,897.2414509542559,4268.2405864872935,1483.0931223291295,cam_4_1690287956_07-25-56.jpg
162,184,3294.4285627001786,604.5737266750651,4086.330697287778,992.9841276462146,cam_4_1690287956_07-25-56.jpg
162,188,3263.4319497201045,530.2481441620209,4153.327802145907,845.4183527620046,cam_4_1690287956_07-25-56.jpg
163,10,2037.1821816793924,479.7405190807733,2465.506870137957,644.2760693552852,cam_4_1690287971_07-26-11.jpg
163,50,2936.0820428396496,268.0471317282124,3242.9942639351593,420.25416534473544,cam_4_1690287971_07-26-11.jpg
163,57,2564.317224237793,1226.3999844486952,4107.187423784762,2159.6262151549386,cam_4_1690287971_07-26-11.jpg
163,145,2717.6369288298633,306.03019297191304,3233.4650372687283,639.3615007259407,cam_4_1690287971_07-26-11.jpg
163,171,2503.6948445634193,473.26843248276276,2937.646117126943,691.9211330055107,cam_4_1690287971_07-26-11.jpg
163,173,3057.040809119155,763.720553508155,4151.356282634241,1289.6321603748133,cam_4_1690287971_07-26-11.jpg
163,174,2164.7702239340815,562.9959033383857,2716.048065102419,809.685501730454,cam_4_1690287971_07-26-11.jpg
163,176,2944.4128947419117,905.3700602473732,4216.401644461216,1505.5362501330924,cam_4_1690287971_07-26-11.jpg
163,184,3307.887440317464,618.6044594530954,4087.033918819299,998.2157358443703,cam_4_1690287971_07-26-11.jpg
163,188,3277.795434316085,532.960364010275,4201.969828420354,861.7620900995994,cam_4_1690287971_07-26-11.jpg
164,10,1885.06334467423,390.942456647818,2503.8450265045585,643.859114125011,cam_4_1690288196_07-29-56.jpg
164,50,2865.515390845928,273.11275114967606,3353.317480850166,530.4518528592951,cam_4_1690288196_07-29-56.jpg
164,57,2650.4913663497837,1185.5102314080261,4246.321578225266,2144.035864677236,cam_4_1690288196_07-29-56.jpg
164,145,2679.310169074013,334.4654989064372,3199.0670649667145,674.6887602783888,cam_4_1690288196_07-29-56.jpg
164,174,2144.2476629483767,476.0436345139768,2959.6352442047687,856.2604953246178,cam_4_1690288196_07-29-56.jpg
164,176,3032.056938167445,898.3367666091494,4218.914788866817,1450.363536085813,cam_4_1690288196_07-29-56.jpg
164,177,3125.138087847626,755.790511972257,4110.584311700594,1180.7096140180406,cam_4_1690288196_07-29-56.jpg
164,184,3255.3048027691802,645.2937089007058,4101.691485187617,1058.87556993516,cam_4_1690288196_07-29-56.jpg
164,188,3255.8492680353975,532.9980988734984,4223.547699356729,878.8390031515693,cam_4_1690288196_07-29-56.jpg
164,191,2939.431861177155,1025.392292848182,3743.7971678133204,1487.4992739458137,cam_4_1690288196_07-29-56.jpg
164,192,3175.698041866912,727.7990730608251,3952.227572071641,1019.4038813185036,cam_4_1690288196_07-29-56.jpg
165,50,2801.8087052916167,289.9847000034859,3329.601070541419,586.495700889069,cam_4_1690288436_07-33-56.jpg
165,57,2677.2030548687153,1218.9899528222672,4217.254525848825,2126.7822573314816,cam_4_1690288436_07-33-56.jpg
165,100,3334.130235752166,592.9512621752035,4109.814929249839,1024.8877369637194,cam_4_1690288436_07-33-56.jpg
165,145,2650.1101124586526,341.5116396480042,3185.894528391169,694.3871934293895,cam_4_1690288436_07-33-56.jpg
165,174,2152.5440311947027,454.89654826386004,3007.1230370583075,868.3584592141781,cam_4_1690288436_07-33-56.jpg
165,191,2925.035324434173,1041.916621800121,3659.165582936066,1457.7260341551114,cam_4_1690288436_07-33-56.jpg
166,50,2805.9885539799525,303.945137053021,3278.1918825736193,577.434994388487,cam_4_1690288466_07-34-26.jpg
166,57,2650.3944611030956,1234.6129777307387,4202.522180585529,2143.3512597072026,cam_4_1690288466_07-34-26.jpg
166,100,3401.6600039490495,579.0194376303712,4075.1131854873524,940.9954331657567,cam_4_1690288466_07-34-26.jpg
166,145,2628.875704777909,348.45097824026993,3207.102519318284,734.9853521501147,cam_4_1690288466_07-34-26.jpg
166,174,2191.836893891478,447.5181501873888,3035.8781955067834,873.435173098185,cam_4_1690288466_07-34-26.jpg
166,177,3101.681441307388,751.3846767452598,4143.088596703339,1206.31365399139,cam_4_1690288466_07-34-26.jpg
166,195,2397.9173625218455,240.3731409423105,2758.13917510471,412.84714716840375,cam_4_1690288466_07-34-26.jpg
167,50,2802.0700505822397,299.67667555410117,3250.220903350856,561.0601926817217,cam_4_1690288541_07-35-41.jpg
167,57,2601.725781241092,1234.961485748313,4150.642559216797,2144.215343564789,cam_4_1690288541_07-35-41.jpg
167,100,3260.909128356308,580.019079050372,4123.420394103985,1052.6251578822512,cam_4_1690288541_07-35-41.jpg
167,136,2399.1412388058566,251.11306931971865,2776.2803218547397,403.0630848760452,cam_4_1690288541_07-35-41.jpg
167,145,2643.9520844806098,352.439809681486,3213.3609994048597,734.2813867890202,cam_4_1690288541_07-35-41.jpg
167,171,2489.662261390131,469.0687702337455,2940.464224179378,696.3951505097473,cam_4_1690288541_07-35-41.jpg
167,177,2908.5714404073083,751.2007296050235,3912.3362226127797,1199.4388912240424,cam_4_1690288541_07-35-41.jpg
168,57,2578.229166565473,1224.210323648443,4148.665461548932,2154.2566790397855,cam_4_1690288631_07-37-11.jpg
168,100,3245.238486996993,592.8976116993628,4126.343019324356,1079.6187109920634,cam_4_1690288631_07-37-11.jpg
168,136,2402.9439931532015,248.62175695896664,2784.805768561848,403.13670693928236,cam_4_1690288631_07-37-11.jpg
168,145,2655.423793278896,354.122941188333,3224.2874768658016,737.3559203565055,cam_4_1690288631_07-37-11.jpg
168,171,2494.684690287904,472.7231159237602,2938.044488646001,694.6149769279541,cam_4_1690288631_07-37-11.jpg
168,177,2935.049841176236,781.729414808565,4111.618064374456,1322.6042850705646,cam_4_1690288631_07-37-11.jpg
168,201,2566.6778251747364,1044.839346773494,4389.089830976006,1682.4620682377713,cam_4_1690288631_07-37-11.jpg
169,57,2574.876355964419,1224.4883329519207,4155.42359516452,2165.082760122652,cam_4_1690288766_07-39-26.jpg
169,136,2405.2424489490318,246.39685094840314,2790.604566283925,402.6748581765586,cam_4_1690288766_07-39-26.jpg
169,145,2724.148260966503,350.2728982582976,3293.4774673391676,732.5203084643531,cam_4_1690288766_07-39-26.jpg
169,171,2485.8742748284512,472.17315857812923,2934.6645697646254,696.1493239686513,cam_4_1690288766_07-39-26.jpg
169,177,2864.7176183886063,795.3710677587201,4251.464817057958,1459.9564490463931,cam_4_1690288766_07-39-26.jpg
169,184,3238.9361360293087,621.801276551211,4069.01154527141,1023.5522518436926,cam_4_1690288766_07-39-26.jpg
169,201,2418.5434657366404,1036.755516106422,4546.571533046217,1792.3294094656655,cam_4_1690288766_07-39-26.jpg
170,57,2559.187217554485,1224.585858348496,4141.998785219577,2179.439025872147,cam_4_1690289081_07-44-41.jpg
170,171,2454.908880715402,462.22840301632135,2870.580526139968,676.9377107779505,cam_4_1690289081_07-44-41.jpg
170,173,2788.976624170677,998.4381082777272,4265.420479149011,1716.2846341065788,cam_4_1690289081_07-44-41.jpg
170,176,3067.5177474155944,794.3321696218411,4150.220440502536,1294.248364816999,cam_4_1690289081_07-44-41.jpg
170,184,3231.603646184884,637.0269586888376,3916.190158305272,970.0684994645728,cam_4_1690289081_07-44-41.jpg
170,195,2353.942102793873,250.40190512285926,2687.490228510491,409.41161273150885,cam_4_1690289081_07-44-41.jpg
170,207,3337.9287592711003,559.9253904597115,4178.562429167367,809.0296915848451,cam_4_1690289081_07-44-41.jpg
170,208,3452.6547955279643,452.8588116771257,3908.6945998937617,601.6381579071324,cam_4_1690289081_07-44-41.jpg
170,211,2119.39847260775,873.618533945081,2798.3593515548473,1780.236619359173,cam_4_1690289081_07-44-41.jpg
170,212,3504.5500277448964,366.2530811692833,3935.09415356067,520.8823736416017,cam_4_1690289081_07-44-41.jpg
171,57,2586.6813803894083,1183.805338738986,4172.377465100855,2137.119737881953,cam_4_1690289216_07-46-56.jpg
171,173,2820.9721395075344,991.7563490629873,3956.446039859631,1541.5667493039955,cam_4_1690289216_07-46-56.jpg
171,176,3039.488837911583,801.394495950335,4131.5390175925595,1304.901715937984,cam_4_1690289216_07-46-56.jpg
171,192,3170.1949474902294,638.7518050226798,4171.153163432934,1017.8351317809639,cam_4_1690289216_07-46-56.jpg
171,195,2337.82237512117,246.65865900715386,2672.153647809545,406.3585311643156,cam_4_1690289216_07-46-56.jpg
171,207,3282.400097119734,572.3098874822186,4162.8518848354115,834.3788598528885,cam_4_1690289216_07-46-56.jpg
171,208,3433.1233590294137,456.31948438439775,4076.359364706388,666.9289179482573,cam_4_1690289216_07-46-56.jpg
171,211,2108.3093828258598,866.4712657412686,2817.784911734594,1823.1146117676135,cam_4_1690289216_07-46-56.jpg
172,57,2594.8448007527672,1156.1984651354765,4206.753817800305,2126.9606557502357,cam_4_1690289261_07-47-41.jpg
172,145,2781.521605940473,388.0849765535804,3325.082900979647,752.103666992768,cam_4_1690289261_07-47-41.jpg
172,176,3049.825928779129,804.2768305845149,4122.738182767141,1289.239403760738,cam_4_1690289261_07-47-41.jpg
172,177,2833.25209224123,940.8433194456163,4221.128690163741,1607.732832394514,cam_4_1690289261_07-47-41.jpg
172,184,3174.5472719563854,635.3649119836641,3846.2854437266087,962.6440620954206,cam_4_1690289261_07-47-41.jpg
172,188,3336.072112027042,563.5851644189576,4244.272208389025,889.7437853995636,cam_4_1690289261_07-47-41.jpg
172,195,2338.2996735188026,248.3812914881271,2677.4171832885468,410.366948486591,cam_4_1690289261_07-47-41.jpg
172,208,3418.6524918958767,463.6351318207105,4140.362891273253,701.8961583656537,cam_4_1690289261_07-47-41.jpg
172,211,2072.6200984979896,866.5899092285564,2852.7879526910388,1931.3436090502892,cam_4_1690289261_07-47-41.jpg
172,217,3546.310626946772,369.2641660373341,4083.6379476808434,592.6235739007623,cam_4_1690289261_07-47-41.jpg
173,57,2595.3515839601664,1153.2041476476597,4191.269735044518,2114.5336308489354,cam_4_1690289276_07-47-56.jpg
173,145,2818.603771854296,404.651570865007,3358.4097666665093,773.8795573864929,cam_4_1690289276_07-47-56.jpg
173,173,2836.1760594216194,982.2952097323724,3801.8052496199666,1448.6858184986056,cam_4_1690289276_07-47-56.jpg
173,176,3061.043868866088,805.2063009216085,4137.44847299389,1285.9203015882113,cam_4_1690289276_07-47-56.jpg
173,188,3341.345592599775,573.6520885825291,4183.0699128213855,876.2918042640827,cam_4_1690289276_07-47-56.jpg
173,192,3188.4341551358993,632.4066141344852,4192.734459258549,1015.8105032385848,cam_4_1690289276_07-47-56.jpg
173,195,2346.199682461519,248.78359022590718,2683.025877649882,409.02083347331,cam_4_1690289276_07-47-56.jpg
173,208,3442.6403014577445,460.3784995534663,4128.881190104035,687.7871289734248,cam_4_1690289276_07-47-56.jpg
173,211,2034.1240246143238,866.9305331372838,2814.4049575636927,1938.4563354260295,cam_4_1690289276_07-47-56.jpg
173,217,3550.8226225121725,370.96343232419315,4085.581753909212,591.773743923914,cam_4_1690289276_07-47-56.jpg
173,219,753.2962550889143,711.8677542942614,1867.9485340868691,1240.134658027188,cam_4_1690289276_07-47-56.jpg
173,220,2304.4614469283533,420.413838619565,2670.349420784626,564.8959000767436,cam_4_1690289276_07-47-56.jpg
174,57,2632.707634736943,1148.0708502426778,4242.093715659763,2110.4033526673024,cam_4_1690289306_07-48-26.jpg
174,176,3043.048741999857,802.6809364679748,4150.764662019668,1299.776947508608,cam_4_1690289306_07-48-26.jpg
174,177,2854.785502670793,940.0769988056736,4102.64142033887,1535.7466784875455,cam_4_1690289306_07-48-26.jpg
174,184,3233.876420442867,641.4216321145469,3822.5312299801635,925.6540853495229,cam_4_1690289306_07-48-26.jpg
174,195,2339.2900533516763,250.00014294577323,2680.284608414226,412.71924376800126,cam_4_1690289306_07-48-26.jpg
174,207,3314.30277064067,581.9843090759456,4223.907758156001,853.6976014414223,cam_4_1690289306_07-48-26.jpg
174,208,3464.0470113935144,470.0113374110135,3987.8896865118422,642.8740586331185,cam_4_1690289306_07-48-26.jpg
174,211,2106.574195685423,878.0105324673938,2816.0884006101705,1862.6731322998403,cam_4_1690289306_07-48-26.jpg
174,217,3571.5029147852338,368.8224119388609,4086.6426436700813,579.249323972307,cam_4_1690289306_07-48-26.jpg
174,219,726.1154436452822,713.3350293018893,1844.782735113356,1241.9285583140368,cam_4_1690289306_07-48-26.jpg
174,220,2298.0354603565215,420.93259947077354,2674.6282971087767,569.2472542644261,cam_4_1690289306_07-48-26.jpg
175,57,2657.7422913047594,1143.7772979404167,4280.29551970912,2108.853180484592,cam_4_1690289366_07-49-26.jpg
175,100,3361.4942362140555,572.1800723474182,4042.6326785510287,943.3765951961169,cam_4_1690289366_07-49-26.jpg
175,176,3049.868419036221,803.4227436770913,4155.804850509015,1298.9553815336985,cam_4_1690289366_07-49-26.jpg
175,177,2875.8721825040493,966.9203932393441,4156.924861664626,1576.5584815348325,cam_4_1690289366_07-49-26.jpg
175,184,3271.622180162533,661.7545164929047,3836.8525228004996,934.6833986517087,cam_4_1690289366_07-49-26.jpg
175,195,2332.952678578278,246.57807843938937,2681.921455369074,413.56367292303116,cam_4_1690289366_07-49-26.jpg
175,208,3438.10200667204,469.0056568343451,4125.135830745787,696.1058996027973,cam_4_1690289366_07-49-26.jpg
175,211,2134.5258772565885,886.3225674549657,2824.3434539183777,1858.2019525009296,cam_4_1690289366_07-49-26.jpg
175,217,3562.5799553991924,373.09538628758486,4080.314006156028,582.9641407593608,cam_4_1690289366_07-49-26.jpg
175,220,2293.1849981008118,420.5380181571781,2668.2665068165065,567.6743326531139,cam_4_1690289366_07-49-26.jpg
176,57,2579.9010592585,1162.6941328843582,4199.578650622638,2142.810622043491,cam_4_1690289396_07-49-56.jpg
176,176,3071.385430017991,807.5935528962498,4165.069262389633,1294.4856228181754,cam_4_1690289396_07-49-56.jpg
176,177,2780.1919658561774,969.7258485831082,4230.500153628369,1672.0450927465242,cam_4_1690289396_07-49-56.jpg
176,184,3264.8874248395186,659.142235578925,3834.0021443795276,933.6113372779944,cam_4_1690289396_07-49-56.jpg
176,192,3307.505045070684,639.1265151689425,4113.741216052858,945.6244499254155,cam_4_1690289396_07-49-56.jpg
176,207,3327.7234310371796,584.8999061039169,4166.313730625945,836.4481350581282,cam_4_1690289396_07-49-56.jpg
176,208,3453.8809613087737,466.22932595166156,4010.997160576512,650.2593058472174,cam_4_1690289396_07-49-56.jpg
176,211,2024.9728753154604,955.3390825804804,2603.153734997035,1719.5333956093637,cam_4_1690289396_07-49-56.jpg
176,217,3542.4899704598274,367.8375810402697,4088.457592790116,588.0928278833057,cam_4_1690289396_07-49-56.jpg
176,220,2287.4494123045183,421.5957989558339,2654.739042074068,565.2030037085271,cam_4_1690289396_07-49-56.jpg
176,222,2443.420102728213,640.6626633879748,3586.694205960355,1097.4559713531326,cam_4_1690289396_07-49-56.jpg
177,57,2626.5851347177313,1154.2088437572868,4215.441127654793,2113.209905865931,cam_4_1690289441_07-50-41.jpg
177,173,2865.3382792942402,990.1215475684006,3760.7999151437652,1419.3066182836333,cam_4_1690289441_07-50-41.jpg
177,176,3063.1768084604496,802.4142333139179,4160.955450402773,1289.4002996962402,cam_4_1690289441_07-50-41.jpg
177,184,3240.7870874440378,649.6097338264688,3842.3879386136095,941.0641851344451,cam_4_1690289441_07-50-41.jpg
177,207,3331.568186371548,585.3599113871479,4176.979812683324,839.457288447187,cam_4_1690289441_07-50-41.jpg
177,208,3485.3439979929303,475.66641044736747,4075.9422237180606,666.7617456145572,cam_4_1690289441_07-50-41.jpg
177,217,3570.667833630447,378.8136469031305,4085.4066030411473,584.2795467898889,cam_4_1690289441_07-50-41.jpg
177,220,2255.6212742238286,417.4130961196779,2654.2380673848957,572.4645330679101,cam_4_1690289441_07-50-41.jpg
177,222,2265.7345750047293,629.2259872649815,3572.700430301901,1161.0051638376262,cam_4_1690289441_07-50-41.jpg
177,225,1678.8888422120172,538.6837784387633,2172.303658699513,1069.9916501840462,cam_4_1690289441_07-50-41.jpg
178,54,2577.5040546896075,583.398249234865,3289.8265059122473,1025.5445465820244,cam_4_1690289471_07-51-11.jpg
178,57,2566.9130933475453,1165.706882835937,4154.4583056889305,2140.4847391427597,cam_4_1690289471_07-51-11.jpg
178,173,2875.917364197063,984.5328398253009,3771.733733012097,1413.4453509712816,cam_4_1690289471_07-51-11.jpg
178,176,3029.0822799332586,804.6817138442486,4165.001815807367,1312.8842929334244,cam_4_1690289471_07-51-11.jpg
178,184,3248.4886509533612,691.1227608538051,3777.8439034282046,940.2060378813902,cam_4_1690289471_07-51-11.jpg
178,192,3256.672452722828,654.9425994686706,4172.547328907001,1004.0872275520566,cam_4_1690289471_07-51-11.jpg
178,207,3307.2983212603476,581.6980276676212,4158.262579815615,838.0048934661531,cam_4_1690289471_07-51-11.jpg
178,212,3485.9664903624403,466.45115297297,3875.419629786596,605.2127651335081,cam_4_1690289471_07-51-11.jpg
178,217,3610.0510431019484,387.8117035881599,4074.1576011437946,568.1412142765219,cam_4_1690289471_07-51-11.jpg
178,220,2236.6736315969715,417.7399795165143,2648.8018584673473,577.543755823519,cam_4_1690289471_07-51-11.jpg
178,225,1843.6110377158325,534.6405947306165,2341.317697035903,1061.2974439275686,cam_4_1690289471_07-51-11.jpg
179,54,2597.888577025745,603.4167319836807,3315.730620478181,1073.3787033903404,cam_4_1690289546_07-52-26.jpg
179,57,2568.041727995045,1171.6554837336796,4172.361843006283,2171.502890199514,cam_4_1690289546_07-52-26.jpg
179,173,2886.06389752833,997.6733256420881,3765.2975788256927,1414.5834318080924,cam_4_1690289546_07-52-26.jpg
179,176,3024.914606030138,822.2846452143569,4201.749511752223,1351.1190644629146,cam_4_1690289546_07-52-26.jpg
179,183,3234.713915511258,702.3480517972157,3795.8386656950465,951.6143065911189,cam_4_1690289546_07-52-26.jpg
179,192,3244.602034590783,639.2322846334919,4166.894573267335,995.2437082790236,cam_4_1690289546_07-52-26.jpg
179,207,3329.9712597556786,580.7712776883716,4204.342704744122,844.8786580495172,cam_4_1690289546_07-52-26.jpg
179,212,3487.609948321065,471.0726029921617,3879.7630342564134,610.4188688813183,cam_4_1690289546_07-52-26.jpg
179,217,3595.3534719720574,398.5736516344619,3922.2565331688784,522.4257954416968,cam_4_1690289546_07-52-26.jpg
179,220,2257.0359497583067,420.75977621036697,2668.4406655828416,580.8518136051113,cam_4_1690289546_07-52-26.jpg
180,57,2584.633784185082,1185.1620552881652,4122.930361660723,2154.2696089059314,cam_4_1690289651_07-54-11.jpg
180,173,2882.3295899816267,984.2904137566975,3778.8643025445617,1409.5008092051166,cam_4_1690289651_07-54-11.jpg
180,176,3021.518749355334,819.3498181576579,4206.227153203925,1353.5986690177342,cam_4_1690289651_07-54-11.jpg
180,183,3229.670603993358,713.34379411037,3797.413114095666,960.2739002755324,cam_4_1690289651_07-54-11.jpg
180,188,3308.035995170139,612.9895082731714,4159.212079024482,917.8372797379568,cam_4_1690289651_07-54-11.jpg
180,192,3303.213169028738,648.0686473607145,4049.196706780877,927.5362550683708,cam_4_1690289651_07-54-11.jpg
180,207,3359.2292685905013,594.3338325190608,4173.932710093887,836.3272093669088,cam_4_1690289651_07-54-11.jpg
180,212,3495.2219123400264,465.6644982756454,3878.0992249770925,600.4547798306246,cam_4_1690289651_07-54-11.jpg
180,217,3579.448708553772,399.8484068742222,3882.0132103283345,512.2774212693008,cam_4_1690289651_07-54-11.jpg
180,220,2263.215248724108,425.3428933958185,2681.513756669554,589.0885938719376,cam_4_1690289651_07-54-11.jpg
180,230,3519.6366768663956,609.5828369094775,4088.831159205963,813.7293859781848,cam_4_1690289651_07-54-11.jpg
180,231,3241.477826138115,657.5153607502959,3851.0596252303662,872.6291155843335,cam_4_1690289651_07-54-11.jpg
181,57,2546.4756074027423,1191.6237891572528,4120.731500441789,2202.1099429685355,cam_4_1690289726_07-55-26.jpg
181,176,3033.2220438864088,835.4338401062705,4193.832604065576,1358.039382124684,cam_4_1690289726_07-55-26.jpg
181,177,2811.35932150802,983.9088843439463,4266.337829980098,1696.7262171796583,cam_4_1690289726_07-55-26.jpg
181,183,3216.907168136842,721.5403790462088,3798.4252864641458,969.0748625836878,cam_4_1690289726_07-55-26.jpg
181,207,3350.018543130419,602.1530125728635,3971.0984503851478,787.1901995705409,cam_4_1690289726_07-55-26.jpg
181,212,3477.718563283221,469.33014588842974,3879.9664811586526,610.4134389129858,cam_4_1690289726_07-55-26.jpg
181,217,3577.074302482026,390.3791483780349,3891.7717266988916,506.0387369855539,cam_4_1690289726_07-55-26.jpg
181,220,2268.776871180139,425.68556321509357,2683.807537165276,588.9698257277494,cam_4_1690289726_07-55-26.jpg
181,231,3245.458673956368,665.2965358791196,3842.8805837355962,875.9669005957472,cam_4_1690289726_07-55-26.jpg
182,57,2623.2494530578697,1201.3452470830757,4152.453861818465,2184.999232295746,cam_4_1690289996_07-59-56.jpg
182,176,3040.02944577663,842.3685091337236,4158.069049941204,1343.8912766675512,cam_4_1690289996_07-59-56.jpg
182,177,2754.350771539952,973.0892839577515,4184.660120744758,1685.7602835725052,cam_4_1690289996_07-59-56.jpg
182,183,3218.408425271159,715.3153597596639,3807.4442899204014,962.995602108159,cam_4_1690289996_07-59-56.jpg
182,192,3250.5775970869045,655.4988207362776,4125.145522406652,983.7644988097708,cam_4_1690289996_07-59-56.jpg
182,207,3314.569571846793,591.7779641355228,3898.05338961417,766.3047600850243,cam_4_1690289996_07-59-56.jpg
182,217,3577.08159297629,390.7683420941071,3877.809894501403,498.877186287088,cam_4_1690289996_07-59-56.jpg
182,220,2271.3497280732367,425.1896727498132,2683.6031323780676,587.7748181704612,cam_4_1690289996_07-59-56.jpg
182,231,3234.4117510049773,661.0668820055994,3847.1263022915737,877.2622961321827,cam_4_1690289996_07-59-56.jpg
182,234,3617.580333709498,306.79324065465846,3936.3066456652655,433.66818556059025,cam_4_1690289996_07-59-56.jpg
183,57,2665.078833467909,1204.1056190391903,4160.773768271646,2153.169995074455,cam_4_1690290026_08-00-26.jpg
183,173,2924.7698639286673,1008.50312863146,3735.4779316960585,1387.1122094431814,cam_4_1690290026_08-00-26.jpg
183,176,3075.3809430646647,835.3915634277084,4146.022226746229,1310.5181177739737,cam_4_1690290026_08-00-26.jpg
183,183,3214.1961920229373,716.2295675309354,3794.7757300995495,957.0038999342011,cam_4_1690290026_08-00-26.jpg
183,192,3264.5069834159262,659.6785188093678,4096.515578873761,966.7050503381888,cam_4_1690290026_08-00-26.jpg
183,207,3315.1503001088226,593.6809852036414,3860.092092975006,756.1208697648558,cam_4_1690290026_08-00-26.jpg
183,208,3441.4757923627053,485.7437576829252,4117.6368514384585,703.3618848742935,cam_4_1690290026_08-00-26.jpg
183,212,3462.5662350038283,468.8317495170215,3872.0323414303157,610.8919368685024,cam_4_1690290026_08-00-26.jpg
183,217,3551.6895569449,379.8217965202476,3880.5401961863486,496.055074349859,cam_4_1690290026_08-00-26.jpg
183,220,2260.2006009770384,425.1096227219014,2675.795922956736,589.9565571208045,cam_4_1690290026_08-00-26.jpg
183,231,3221.8716673556337,660.9661075166435,3838.654036640123,878.6729668590693,cam_4_1690290026_08-00-26.jpg
183,234,3642.609782102353,308.41542783535584,3947.287081552078,430.3000040736474,cam_4_1690290026_08-00-26.jpg
183,238,3479.1907898940117,492.5237114433989,3913.852275922924,647.2851724053428,cam_4_1690290026_08-00-26.jpg
184,176,3028.1517823863524,833.1049096747829,4150.7109891235,1333.628484353589,cam_4_1690290176_08-02-56.jpg
184,177,2773.285079799761,1018.9113468590044,4265.805671185197,1771.6223752919364,cam_4_1690290176_08-02-56.jpg
184,183,3175.0331219019904,717.4934533100028,3795.2042037511756,972.7407465390626,cam_4_1690290176_08-02-56.jpg
184,192,3288.27759125738,626.945591753644,4132.907179749571,935.9694469473187,cam_4_1690290176_08-02-56.jpg
184,207,3287.50904396403,580.3099329801698,3883.744649769856,760.6265922056399,cam_4_1690290176_08-02-56.jpg
184,208,3476.830691707445,433.3363603470558,4117.619080292773,639.631155942035,cam_4_1690290176_08-02-56.jpg
184,212,3465.211909398774,460.331592609836,3880.1254129367608,604.07779423395,cam_4_1690290176_08-02-56.jpg
184,231,3220.2696364213375,654.7886178337881,3839.906866137217,873.6000603187034,cam_4_1690290176_08-02-56.jpg
184,238,3386.036307626316,505.169428159734,3846.62929468605,668.1527058520712,cam_4_1690290176_08-02-56.jpg
184,241,718.8847872872706,611.8981885765852,1731.164499580549,1230.4525016106609,cam_4_1690290176_08-02-56.jpg
185,177,2742.5344552902457,944.6348824040851,4285.350270927617,1757.1747751073253,cam_4_1690290266_08-04-26.jpg
185,192,3284.91286378758,642.8638172904696,4099.013740211302,933.94334310269,cam_4_1690290266_08-04-26.jpg
185,207,3303.621182267333,574.9479028223042,3882.123805758838,751.8867727814852,cam_4_1690290266_08-04-26.jpg
185,208,3500.2509680304115,442.76669947542246,4101.910687188242,633.7236238337989,cam_4_1690290266_08-04-26.jpg
185,219,546.9755470380621,680.6405410996425,1587.1711860043563,1176.42532209869,cam_4_1690290266_08-04-26.jpg
185,231,3223.975119482916,658.7701107122382,3831.117699851428,872.8571872988673,cam_4_1690290266_08-04-26.jpg
185,234,3615.0102982685066,293.0429118790929,3939.2759231676055,423.1809551063903,cam_4_1690290266_08-04-26.jpg
185,238,3415.4695101402617,518.6442643731228,3835.119661130181,666.3982002398446,cam_4_1690290266_08-04-26.jpg
186,100,3452.070018135159,463.7521470972212,4117.7792528370555,840.7280273212102,cam_4_1690290476_08-07-56.jpg
186,153,1784.9178075180735,1072.2229503126687,3184.471109004651,1811.1799315199094,cam_4_1690290476_08-07-56.jpg
186,195,2311.9236144661104,266.39674313086226,2674.4188823213426,436.09405896054295,cam_4_1690290476_08-07-56.jpg
186,219,681.6248907911964,639.4345751020769,1843.4911808791894,1246.273721502399,cam_4_1690290476_08-07-56.jpg
186,234,3664.1820166201865,275.560495352808,3930.7174974107224,381.5425118761091,cam_4_1690290476_08-07-56.jpg
186,246,2168.828105029349,469.6194475676809,2756.0509046146653,892.6729483452191,cam_4_1690290476_08-07-56.jpg
187,100,3487.90099660825,438.59975388408793,4065.2549256752795,763.6756678873946,cam_4_1690290671_08-11-11.jpg
187,145,3224.37061305798,412.5345767074124,3674.606744616696,716.7313222642351,cam_4_1690290671_08-11-11.jpg
187,174,2676.4707450324877,208.93855964909153,3012.937136727691,376.83510704161176,cam_4_1690290671_08-11-11.jpg
187,195,2315.211299490065,271.41113616888657,2674.547455465258,436.5833361977108,cam_4_1690290671_08-11-11.jpg
187,225,2304.719256942717,500.0164636146201,2748.406158543884,965.125306021436,cam_4_1690290671_08-11-11.jpg
187,248,3494.162868373685,310.29614616069466,4047.737937907731,497.9698833773078,cam_4_1690290671_08-11-11.jpg
188,50,2796.7393089119164,199.30354277398524,3133.727802460281,393.6589425806113,cam_4_1690290716_08-11-56.jpg
188,195,2316.242194328342,267.033940865653,2680.188759328427,436.74093859074014,cam_4_1690290716_08-11-56.jpg
188,212,3447.190316718485,441.8088452688814,3904.9549567223844,601.8369501759478,cam_4_1690290716_08-11-56.jpg
188,225,2293.8849432122606,483.2112057525287,2752.8632804899958,957.6094007841236,cam_4_1690290716_08-11-56.jpg
188,248,3457.17973697607,294.7052026445048,4088.122695573956,512.5716325688755,cam_4_1690290716_08-11-56.jpg
188,256,1138.893680712385,816.1264182703771,2146.020902646387,1561.729822759307,cam_4_1690290716_08-11-56.jpg
189,50,2719.715049178228,212.66709565834685,3040.466059825065,402.5784155658482,cam_4_1690290806_08-13-26.jpg
189,195,2319.5098612521406,270.3077074846094,2693.6421796030118,442.18790295222584,cam_4_1690290806_08-13-26.jpg
189,212,3443.9558548320165,442.66715999140365,3907.641623366376,606.7080816697003,cam_4_1690290806_08-13-26.jpg
189,225,2284.8486143789537,480.4405574663985,2752.0771510626128,956.4156322074841,cam_4_1690290806_08-13-26.jpg
189,248,3471.098580419558,296.4457686717306,4079.380495305054,510.82365567267595,cam_4_1690290806_08-13-26.jpg
189,256,1124.1951172702982,818.007634061399,2143.746855918618,1574.154460768917,cam_4_1690290806_08-13-26.jpg
189,257,2954.8515207622963,777.5337291377089,4211.675012333375,1472.5656495637409,cam_4_1690290806_08-13-26.jpg
189,258,1782.5773623845068,561.5866479141213,2080.9891418564725,757.5971465676245,cam_4_1690290806_08-13-26.jpg
189,259,2405.3773301042415,449.50270691486935,2848.123123552149,861.2363893760019,cam_4_1690290806_08-13-26.jpg
189,261,3404.8130473239435,528.1949637270177,4016.5307769173346,917.5875962268643,cam_4_1690290806_08-13-26.jpg
190,10,1722.5076999251423,558.2678511467964,2271.359167762595,781.3931799435596,cam_4_1690290926_08-15-26.jpg
190,195,2310.6495498480645,259.5367577040451,2696.7816855661645,437.771208367033,cam_4_1690290926_08-15-26.jpg
190,225,2282.419556214424,483.2055248164312,2748.829643168643,958.2150187196318,cam_4_1690290926_08-15-26.jpg
190,248,3474.508239928967,296.21553140311323,4079.5385358239682,514.9042664134365,cam_4_1690290926_08-15-26.jpg
190,256,1129.9941734291542,816.8077409238982,2158.0748627843213,1578.7540844182627,cam_4_1690290926_08-15-26.jpg
190,257,2963.4896977229764,781.4169870471532,4185.053988993364,1461.6640875197786,cam_4_1690290926_08-15-26.jpg
190,259,2438.0377361074634,467.21667268186184,2898.8741578059494,898.5580381865557,cam_4_1690290926_08-15-26.jpg
190,261,3416.9518071356106,586.6661174218851,3921.7791162334197,902.8086153573489,cam_4_1690290926_08-15-26.jpg
191,10,1710.0403489896466,566.6317552489951,2144.1355906560816,747.3435911273306,cam_4_1690291226_08-20-26.jpg
191,171,2413.393919196258,456.4727793355724,2828.4477245043363,677.6657773986549,cam_4_1690291226_08-20-26.jpg
191,188,3446.7149390063937,448.6547863830741,4157.576690407261,705.3558933806995,cam_4_1690291226_08-20-26.jpg
191,225,2255.4475347543407,481.8855791541771,2737.5797514820238,957.9044586563416,cam_4_1690291226_08-20-26.jpg
191,231,3305.40859027508,588.172197664389,3856.708906857922,782.5747405835197,cam_4_1690291226_08-20-26.jpg
191,241,1156.182249224441,807.7845325955861,2285.755044185017,1496.663698030034,cam_4_1690291226_08-20-26.jpg
191,248,3489.213178247011,297.8031742231677,4063.2298962468094,510.31544634786593,cam_4_1690291226_08-20-26.jpg
191,257,2910.8580378533165,796.5611548724814,4209.751225786814,1527.8010538867975,cam_4_1690291226_08-20-26.jpg
192,10,1698.9149377070173,563.2291122870433,2129.122050849293,745.2544272236759,cam_4_1690291661_08-27-41.jpg
192,57,2814.437979349417,918.1238840812402,4161.944305606972,1791.7080041123409,cam_4_1690291661_08-27-41.jpg
192,171,2477.6387475966426,474.50562894120213,2874.6216681577257,683.6396296809743,cam_4_1690291661_08-27-41.jpg
192,184,3238.1963895389504,645.9798660488427,3855.2240296211016,939.8392295894246,cam_4_1690291661_08-27-41.jpg
192,188,3385.256946744835,447.24222220137386,4144.295885712417,733.0082939159561,cam_4_1690291661_08-27-41.jpg
192,225,2249.6942466663545,486.6139381019027,2729.9522607726594,948.7344922655477,cam_4_1690291661_08-27-41.jpg
192,241,1164.132685175736,817.6344050864036,2289.7930530634585,1504.8184134525022,cam_4_1690291661_08-27-41.jpg
192,248,3498.17457434578,305.3322883694529,4051.8492136359555,515.9732139559366,cam_4_1690291661_08-27-41.jpg
192,257,3113.661812825188,800.147178157091,4053.5560670804753,1315.8094392055864,cam_4_1690291661_08-27-41.jpg
193,10,1699.99784713855,564.6897005543068,2122.31153068989,745.4184315696774,cam_4_1690291676_08-27-56.jpg
193,57,2862.354535820632,898.2938015617954,4176.880045357544,1746.3057048352384,cam_4_1690291676_08-27-56.jpg
193,100,3433.2092933512654,442.4271289679554,4051.245855477837,795.2325966493411,cam_4_1690291676_08-27-56.jpg
193,171,2504.0427682332206,484.80050564383475,2892.858665415427,688.0139040095175,cam_4_1690291676_08-27-56.jpg
193,176,3091.1049648707453,795.4629573327773,4234.924595069213,1299.7968287662875,cam_4_1690291676_08-27-56.jpg
193,184,3234.0327240628612,643.3312736834284,3863.0314694840563,949.5523844470748,cam_4_1690291676_08-27-56.jpg
193,225,2243.987840103303,488.1218757667702,2732.130361873029,946.0044383057163,cam_4_1690291676_08-27-56.jpg
193,241,1169.330704611978,819.3868539632936,2293.6028197367286,1506.0392036235808,cam_4_1690291676_08-27-56.jpg
193,248,3500.1879705270176,306.3487916955676,4045.780098904742,519.9184396304204,cam_4_1690291676_08-27-56.jpg
193,257,3211.365745782413,676.2690110602525,3988.2272270105973,1104.8109233704708,cam_4_1690291676_08-27-56.jpg
194,10,1704.3840116460565,564.9565875725767,2116.5875660411057,742.5272361778817,cam_4_1690291871_08-31-11.jpg
194,54,3198.5740214786297,645.1268256092308,4058.6693527146526,1215.1650442554446,cam_4_1690291871_08-31-11.jpg
194,57,2875.4226407168517,922.5626097952797,4187.284274976471,1772.7096147770744,cam_4_1690291871_08-31-11.jpg
194,100,3438.0274126849436,544.3565046652137,4042.6165049373853,844.7252837348049,cam_4_1690291871_08-31-11.jpg
194,145,3612.737709719644,316.8397294976027,3925.677801132019,526.2413434979135,cam_4_1690291871_08-31-11.jpg
194,171,2520.728124423393,489.848442655196,2898.2559999978844,686.1482310351608,cam_4_1690291871_08-31-11.jpg
194,177,2984.6586635740014,816.084785781843,4093.577102118421,1401.9600010940185,cam_4_1690291871_08-31-11.jpg
194,184,3163.273893599012,646.2767313038659,3963.5236844073897,1053.31671514164,cam_4_1690291871_08-31-11.jpg
194,188,3452.907194057191,445.461239033079,4141.269278918341,701.0970473005109,cam_4_1690291871_08-31-11.jpg
194,225,2220.227692929196,483.4138040151681,2729.987032580522,951.1984095249381,cam_4_1690291871_08-31-11.jpg
194,241,1200.9386119851576,818.4836404001039,2325.8010246246067,1503.932051841848,cam_4_1690291871_08-31-11.jpg
194,257,3218.5338263351305,647.5390831543191,3865.371824260068,1004.3969712707839,cam_4_1690291871_08-31-11.jpg
195,10,1698.5303807713515,559.8101033111496,2114.3723400032786,742.1517118068888,cam_4_1690291946_08-32-26.jpg
195,54,3258.622101203693,648.555682763659,4051.8526703770635,1154.933437392579,cam_4_1690291946_08-32-26.jpg
195,57,2857.417506766585,923.2294246935484,4149.065011090132,1760.8709189232363,cam_4_1690291946_08-32-26.jpg
195,145,3616.6302267949213,311.3519628139498,3935.116851138861,524.369296289292,cam_4_1690291946_08-32-26.jpg
195,171,2521.828912740784,490.3691810278892,2896.8754409129933,684.0182117384797,cam_4_1690291946_08-32-26.jpg
195,176,3032.9064754201054,806.985854681883,4279.012004462283,1359.4085965966462,cam_4_1690291946_08-32-26.jpg
195,188,3414.7380584294224,448.1161395590994,4114.272959918803,714.1024260517215,cam_4_1690291946_08-32-26.jpg
195,192,3278.644864774018,603.4124234917832,4099.790461896981,901.3376390399815,cam_4_1690291946_08-32-26.jpg
195,225,2208.588042890818,486.30728417386104,2732.3540292757652,956.2864208199635,cam_4_1690291946_08-32-26.jpg
195,241,1205.250665406574,820.7486738831087,2332.4950289448216,1506.9503019682784,cam_4_1690291946_08-32-26.jpg
195,257,3218.336264822359,648.9178309749475,3847.996847356799,997.5366670765171,cam_4_1690291946_08-32-26.jpg
196,10,1705.2541756305736,562.9197838526682,2116.4914767997107,743.558354802916,cam_4_1690292021_08-33-41.jpg
196,54,3237.4121909451583,655.606991135418,4084.844056399212,1199.1881906880544,cam_4_1690292021_08-33-41.jpg
196,57,2844.645788159364,935.4977632284599,4123.982282182978,1767.9758410047034,cam_4_1690292021_08-33-41.jpg
196,145,3620.3909026978545,310.9090403801697,3940.1477448530436,523.6394300832767,cam_4_1690292021_08-33-41.jpg
196,171,2515.579227782155,487.0502569343114,2899.7101949673306,684.2826992443106,cam_4_1690292021_08-33-41.jpg
196,173,3030.7182990108154,818.3274879569454,3819.9194258338866,1188.4817752038257,cam_4_1690292021_08-33-41.jpg
196,176,2888.9484350006974,816.5304595951269,4277.18098124129,1462.8075842280196,cam_4_1690292021_08-33-41.jpg
196,188,3396.545138807001,449.07173162844407,4090.9639353152484,720.8427193139703,cam_4_1690292021_08-33-41.jpg
196,225,2204.4410503449776,487.5719121363595,2735.56919994111,956.1982558474265,cam_4_1690292021_08-33-41.jpg
196,231,3326.0112039485944,590.2263729738083,3855.379421869112,774.7816546257471,cam_4_1690292021_08-33-41.jpg
196,241,1188.1003336366493,823.098107408465,2311.728965059059,1506.389697763836,cam_4_1690292021_08-33-41.jpg
196,257,3217.649298855463,650.224864592753,3838.8416637660157,994.0585338351791,cam_4_1690292021_08-33-41.jpg
197,10,1711.2974872817856,563.8385486342809,2122.059411225882,744.5323033584102,cam_4_1690292111_08-35-11.jpg
197,54,3234.9204219930707,652.1548053600263,4071.1153737101267,1177.5618972800892,cam_4_1690292111_08-35-11.jpg
197,57,2804.8606360991134,942.9735906488445,4124.314147615912,1818.3874270903357,cam_4_1690292111_08-35-11.jpg
197,145,3625.6479845886893,310.03355656526384,3940.624023932116,519.2439713125841,cam_4_1690292111_08-35-11.jpg
197,171,2517.307883255079,486.47248679727664,2902.211189469556,682.7521057162145,cam_4_1690292111_08-35-11.jpg
197,173,3042.9319684852853,815.3899052619466,3813.597975730849,1176.6235467203146,cam_4_1690292111_08-35-11.jpg
197,176,2812.451930812243,822.0280759983141,4308.062717545324,1554.1131017779119,cam_4_1690292111_08-35-11.jpg
197,188,3349.1734007507775,446.7306946942189,4181.232571425074,787.9484245340775,cam_4_1690292111_08-35-11.jpg
197,225,2193.824539277111,487.5594972101186,2736.9811804402048,959.1270366752053,cam_4_1690292111_08-35-11.jpg
197,241,1170.987114672845,817.5996704228003,2296.6737385693823,1500.135788850081,cam_4_1690292111_08-35-11.jpg
197,261,3470.050615542769,450.15427787164475,3901.7287683266823,720.0644649839637,cam_4_1690292111_08-35-11.jpg
198,10,1712.597732061953,563.1166870574486,2125.752120386912,745.0751921210151,cam_4_1690292261_08-37-41.jpg
198,54,3260.7894182657005,715.9998387210151,4099.456706842019,1214.0492004371085,cam_4_1690292261_08-37-41.jpg
198,57,2829.5488821510658,943.6528365336972,4125.821916293274,1806.4120602390803,cam_4_1690292261_08-37-41.jpg
198,100,3445.1083998225927,458.93400401093857,4036.9858172504173,749.9541609202931,cam_4_1690292261_08-37-41.jpg
198,145,3617.6181194982883,311.9056303889515,3930.599807217752,516.8180674625729,cam_4_1690292261_08-37-41.jpg
198,171,2514.3496303090647,486.04567920371363,2901.754524052759,682.2249193186899,cam_4_1690292261_08-37-41.jpg
198,177,2964.925611462605,836.3953046359984,4113.832506105447,1458.748659835815,cam_4_1690292261_08-37-41.jpg
198,183,3165.2964514059126,737.2835232604041,3810.9751047669824,1000.837365919733,cam_4_1690292261_08-37-41.jpg
198,225,2196.3823383526324,491.9631269453331,2738.5903779200203,954.3857248075127,cam_4_1690292261_08-37-41.jpg
198,241,1181.0634040803538,820.911190373453,2311.142676687331,1502.9178717668283,cam_4_1690292261_08-37-41.jpg
199,54,3259.967150777411,759.1331774026379,4096.776188430386,1225.6052073649837,cam_4_1690292396_08-39-56.jpg
199,57,2883.3828343348428,939.0093278342256,4179.566340450663,1787.3487634330254,cam_4_1690292396_08-39-56.jpg
199,171,2519.4282091608416,489.6453855951402,2888.2204737892007,674.5319788284683,cam_4_1690292396_08-39-56.jpg
199,183,3141.400843201165,738.9117292230987,3822.3635360505446,1017.8204055998586,cam_4_1690292396_08-39-56.jpg
199,201,2867.2926947417277,820.7163849807534,4293.866747343106,1333.3924269304503,cam_4_1690292396_08-39-56.jpg
199,219,758.1901681726673,656.5007787561638,1884.5729688611918,1253.2834636080793,cam_4_1690292396_08-39-56.jpg
199,225,2194.9145602630733,487.547333175265,2749.338369940327,955.7805977416058,cam_4_1690292396_08-39-56.jpg
199,241,1191.0606142876277,828.0931392744869,2314.441503718258,1503.4605610225358,cam_4_1690292396_08-39-56.jpg
199,246,1588.107590123117,535.7659262686371,2241.3322400662946,997.8944832395805,cam_4_1690292396_08-39-56.jpg
200,10,1718.2648655740359,570.2754843237705,2125.536795143672,750.2893933866688,cam_4_1690292456_08-40-56.jpg
200,57,2925.588216354921,940.1696495235351,4221.210180112992,1774.0921144313234,cam_4_1690292456_08-40-56.jpg
200,171,2507.0683409613384,484.36812104663454,2898.3650878825947,680.7927502532564,cam_4_1690292456_08-40-56.jpg
200,183,3050.244995785753,742.6024564927372,3892.519444154944,1105.5633629513297,cam_4_1690292456_08-40-56.jpg
200,201,3098.0357856682767,742.5558140657963,4247.784722350644,1163.5738042264256,cam_4_1690292456_08-40-56.jpg
200,219,816.6388383580439,658.8958376535104,1919.2231273832826,1256.9656245064584,cam_4_1690292456_08-40-56.jpg
200,225,2186.3426824185503,488.33219740992735,2721.6560534914915,933.5463344015031,cam_4_1690292456_08-40-56.jpg
200,241,1183.8019502192296,826.3128349353091,2310.778260081791,1502.4323417994265,cam_4_1690292456_08-40-56.jpg
200,256,702.6491224553267,611.0401475734973,1581.8733834871614,1262.751456150901,cam_4_1690292456_08-40-56.jpg
201,10,1722.299885164574,572.2051467142998,2122.818560184027,750.6344868256041,cam_4_1690292471_08-41-11.jpg
201,57,2860.0813491323006,936.6162963417781,4148.390906462785,1772.0714818442866,cam_4_1690292471_08-41-11.jpg
201,171,2509.5978730251277,488.50007799009967,2904.9188834852753,687.6845005679335,cam_4_1690292471_08-41-11.jpg
201,201,3089.1123694515436,745.0088614082647,4258.068700868492,1177.4962257509137,cam_4_1690292471_08-41-11.jpg
201,219,917.3803938055128,655.5093631368547,1914.4573576541502,1194.9296653622705,cam_4_1690292471_08-41-11.jpg
201,225,2173.9370017964497,480.938309948397,2732.535855209523,941.22648081534,cam_4_1690292471_08-41-11.jpg
201,241,1183.5235937534349,822.0704319087505,2314.5880769784544,1499.553186571829,cam_4_1690292471_08-41-11.jpg
201,256,734.2246035364954,598.2298085020475,1579.5786315136581,1238.729542926551,cam_4_1690292471_08-41-11.jpg
201,259,2632.7603310483214,672.3014365732136,3175.5085976438845,1177.3549344189005,cam_4_1690292471_08-41-11.jpg
201,271,1616.5920068769042,380.76984497576825,2392.4701601838988,735.5450459269082,cam_4_1690292471_08-41-11.jpg
201,272,3265.00303292768,649.1608898824657,3893.1867980085526,901.0809559192913,cam_4_1690292471_08-41-11.jpg
202,10,1726.2079259340433,567.2527929589577,2127.6261444412085,747.6371009454648,cam_4_1690292591_08-43-11.jpg
202,57,2879.678796181293,949.9089190496015,4178.873968315554,1781.5973822832848,cam_4_1690292591_08-43-11.jpg
202,171,2508.4487239229384,490.1119089030543,2903.9577030431246,689.263692699319,cam_4_1690292591_08-43-11.jpg
202,201,3096.4915799946693,754.9367669300386,4267.074520541415,1194.193129373301,cam_4_1690292591_08-43-11.jpg
202,219,1053.0511895597972,650.1431970289987,1911.5844881078026,1105.3733464998318,cam_4_1690292591_08-43-11.jpg
202,225,2170.0540090385884,483.7366679615985,2741.0129093689948,951.0756865118751,cam_4_1690292591_08-43-11.jpg
202,241,1186.6272728742802,812.585546654283,2322.136104147879,1494.4916001951606,cam_4_1690292591_08-43-11.jpg
202,256,666.2220434119142,605.5974320938603,1472.6629483579882,1200.744378660278,cam_4_1690292591_08-43-11.jpg
202,259,2631.920482470745,683.277626246933,3170.260886570559,1183.6180681829935,cam_4_1690292591_08-43-11.jpg
202,271,1606.0605966766984,380.1735987104687,2380.643407123541,740.0362656753064,cam_4_1690292591_08-43-11.jpg
202,272,3261.891835027542,671.1482688118015,3822.685193784322,895.249981575957,cam_4_1690292591_08-43-11.jpg
203,10,1729.4787827093633,568.5408642481636,2121.036937625514,745.1334731936731,cam_4_1690292711_08-45-11.jpg
203,57,2888.264206094584,944.3558751142403,4203.218032380174,1776.2733172223534,cam_4_1690292711_08-45-11.jpg
203,171,2506.685992800402,488.9178007980248,2904.264477410998,689.1736559930848,cam_4_1690292711_08-45-11.jpg
203,192,3179.5748373472475,648.3010372972481,4078.4167966979985,972.6845820115705,cam_4_1690292711_08-45-11.jpg
203,201,3111.695725335102,754.4165159861884,4253.3504140596215,1185.422934257262,cam_4_1690292711_08-45-11.jpg
203,219,1097.0319005673637,645.2721437032376,1922.4650370898758,1080.2964953334736,cam_4_1690292711_08-45-11.jpg
203,225,2168.3309710189596,479.08165663331596,2712.705014984729,913.5900032290269,cam_4_1690292711_08-45-11.jpg
203,241,1159.4301375840028,809.7433331342145,2295.4138582136334,1492.2257421394884,cam_4_1690292711_08-45-11.jpg
203,256,743.6390010910197,610.0478143946965,1495.9460078283803,1173.2662041769472,cam_4_1690292711_08-45-11.jpg
203,259,2615.634685758411,685.3871233585562,3159.615308013613,1189.0009350549865,cam_4_1690292711_08-45-11.jpg
203,271,1594.3651698423298,379.54111547511695,2361.449446511766,743.3100655932703,cam_4_1690292711_08-45-11.jpg
204,10,1716.8083693797732,567.9766702953817,2116.9288051394246,748.9801407378194,cam_4_1690292801_08-46-41.jpg
204,57,2992.4848113181033,917.9325084000515,4138.58125611594,1670.5705703355861,cam_4_1690292801_08-46-41.jpg
204,153,947.264489833305,703.7877196407535,2052.6662614967663,1296.5809921528244,cam_4_1690292801_08-46-41.jpg
204,171,2507.3263984636824,479.6779328454627,2845.907274690327,646.637781247276,cam_4_1690292801_08-46-41.jpg
204,219,900.6628419147416,643.3762747945659,1912.310237635489,1191.7541988010241,cam_4_1690292801_08-46-41.jpg
204,225,2211.853129728988,480.1081661274837,2662.4540135469783,821.2197255504977,cam_4_1690292801_08-46-41.jpg
204,256,744.6181223607413,607.0498227295833,1569.525237584929,1223.2479666496238,cam_4_1690292801_08-46-41.jpg
204,259,2473.213983099363,620.4805366291442,3029.743666533844,1115.1734321895678,cam_4_1690292801_08-46-41.jpg
204,271,1615.100445282084,381.17442694119865,2367.3503855412696,745.0660557688436,cam_4_1690292801_08-46-41.jpg
205,10,1696.644054797259,565.0096866439898,2101.119396564877,748.5574431043531,cam_4_1690292921_08-48-41.jpg
205,57,2995.343697060049,910.535818610567,4118.839650526219,1637.5060650732185,cam_4_1690292921_08-48-41.jpg
205,153,891.6265351461961,689.1294951143009,1996.997810863963,1286.0003072654345,cam_4_1690292921_08-48-41.jpg
205,174,2511.1620188201478,492.3058402093915,2907.902257985541,689.1148518333531,cam_4_1690292921_08-48-41.jpg
205,219,782.7015802905246,627.362690542662,1890.0448005196447,1247.6863881014506,cam_4_1690292921_08-48-41.jpg
205,225,2298.7936628240336,483.55328758309264,2619.208984650525,699.1254967045131,cam_4_1690292921_08-48-41.jpg
205,258,1801.7583348013368,377.65745090041315,2215.8633512669144,648.9177754042717,cam_4_1690292921_08-48-41.jpg
205,259,2238.8639257627487,585.9546303841479,2830.7187666699815,1089.3924875263579,cam_4_1690292921_08-48-41.jpg
206,10,1691.0755042326782,563.4238683192731,2098.2245147350427,748.3420456194997,cam_4_1690292936_08-48-56.jpg
206,57,2903.433787632651,910.2626070528486,4158.591390327605,1738.2488202498494,cam_4_1690292936_08-48-56.jpg
206,174,2508.4332538621034,502.5637786574491,2904.870993463561,697.7765622251895,cam_4_1690292936_08-48-56.jpg
206,219,856.6906574194771,629.7306495665387,1917.1412457889032,1243.9119406022278,cam_4_1690292936_08-48-56.jpg
206,225,2300.931318561514,480.69036459025756,2596.4933829773295,659.3188707766683,cam_4_1690292936_08-48-56.jpg
206,246,1126.709523927332,666.4264862405532,2064.686914523132,1333.6737673193813,cam_4_1690292936_08-48-56.jpg
206,256,715.9091080694328,606.0560176366707,1502.7414097872052,1202.6171073261276,cam_4_1690292936_08-48-56.jpg
206,258,1805.7741985250104,373.157917268733,2211.203791290593,635.5382038922714,cam_4_1690292936_08-48-56.jpg
206,259,2152.553081412177,573.3416493679326,2769.191751027538,1081.3587330087967,cam_4_1690292936_08-48-56.jpg
206,276,2252.8945583667605,1166.6132765302923,3322.170409927683,2051.020471152512,cam_4_1690292936_08-48-56.jpg
207,10,1716.8929867451054,560.7817454159521,2103.9995553987856,736.9100624569899,cam_4_1690293041_08-50-41.jpg
207,57,2696.7643142447346,1093.8786383301124,4161.836669904223,2051.0517370169737,cam_4_1690293041_08-50-41.jpg
207,174,2505.216119747396,502.2407173577779,2908.1560908104816,700.6347726184173,cam_4_1690293041_08-50-41.jpg
207,177,2980.9288204316,936.0406897244911,4234.786804210189,1600.1858963141385,cam_4_1690293041_08-50-41.jpg
207,219,834.1232533181973,634.0284907630614,1900.0218798832311,1269.6575003777848,cam_4_1690293041_08-50-41.jpg
207,225,2302.626860126702,485.9218214045757,2604.2283503579592,652.7455913790996,cam_4_1690293041_08-50-41.jpg
207,246,1133.0767927252132,672.4846657684823,2075.1849691606935,1352.3269778950962,cam_4_1690293041_08-50-41.jpg
207,256,678.1480635552086,605.6029573623197,1459.098551958919,1220.4435276612985,cam_4_1690293041_08-50-41.jpg
207,258,1796.2437224292976,369.61678771613515,2217.3119265415667,638.2650075705884,cam_4_1690293041_08-50-41.jpg
207,259,2102.2702791633214,580.4635194112858,2731.7417798754277,1082.62532056217,cam_4_1690293041_08-50-41.jpg
208,57,2528.804952179144,1179.2374397183582,3881.750275757535,2069.2148446415385,cam_4_1690293131_08-52-11.jpg
208,174,2512.4626645082813,504.62262903942224,2898.576896896336,694.4205289172994,cam_4_1690293131_08-52-11.jpg
208,177,2819.057070158157,944.5539948982508,4270.80155120384,1761.8095905833152,cam_4_1690293131_08-52-11.jpg
208,219,899.344335755696,634.2755566744725,1945.9930139500013,1268.360485263635,cam_4_1690293131_08-52-11.jpg
208,225,2322.418890061502,478.3196228735247,2647.462385998598,647.8985267094905,cam_4_1690293131_08-52-11.jpg
208,246,1102.4565867401634,676.0804584504322,2049.586440108267,1352.7220051702889,cam_4_1690293131_08-52-11.jpg
208,256,705.0170544345735,605.2190061181249,1465.6203690672928,1233.1733919190242,cam_4_1690293131_08-52-11.jpg
208,258,1802.2339424584165,373.0030553435123,2246.772998663272,654.5824781208598,cam_4_1690293131_08-52-11.jpg
208,259,2100.231358438854,587.020542636526,2739.4196810265657,1079.519693469519,cam_4_1690293131_08-52-11.jpg
209,50,2529.5361239358376,478.2414902361332,2895.726478959212,690.952767667336,cam_4_1690293146_08-52-26.jpg
209,219,979.1406284254037,626.6593032586794,1928.9469980293702,1203.5238751386992,cam_4_1690293146_08-52-26.jpg
209,246,1084.0394655300715,675.9130957810403,2039.7988316747583,1352.9993360530657,cam_4_1690293146_08-52-26.jpg
209,256,727.5853850725921,611.2555112127891,1439.2750180707799,1222.4346677408812,cam_4_1690293146_08-52-26.jpg
209,258,1812.4566445483322,372.7982646678633,2184.1548134884038,595.853330256976,cam_4_1690293146_08-52-26.jpg
209,259,2112.96078131888,610.3710359545908,2820.1974329433856,1168.6433061620874,cam_4_1690293146_08-52-26.jpg
210,50,2519.093913659628,484.31341311924695,2896.878264091419,699.8648245409352,cam_4_1690293161_08-52-41.jpg
210,219,1065.6406316617513,621.5043197654998,1932.1528015225465,1152.4917161889132,cam_4_1690293161_08-52-41.jpg
210,246,1123.6149886176177,667.9150091113178,2074.475367274345,1349.8355398104113,cam_4_1690293161_08-52-41.jpg
210,256,748.8307887943229,604.1611043549239,1453.2489856062457,1235.3066979062155,cam_4_1690293161_08-52-41.jpg
210,258,1819.2331901893695,372.9230739529781,2162.002345876686,569.244196156566,cam_4_1690293161_08-52-41.jpg
210,259,2119.260884975004,625.6606194746145,2843.011814194137,1205.543421430677,cam_4_1690293161_08-52-41.jpg
210,271,1547.2319022354573,467.4691125982581,2389.3637268858965,877.9508289487828,cam_4_1690293161_08-52-41.jpg
211,219,1159.3522439889043,607.6768047987275,2060.5268694204096,1171.648236133013,cam_4_1690293206_08-53-26.jpg
211,246,1266.264003062158,651.0475466725195,2190.2661512399272,1326.9618164857989,cam_4_1690293206_08-53-26.jpg
211,256,795.2401498030163,615.7363261142402,1501.9596138189727,1278.8172980842214,cam_4_1690293206_08-53-26.jpg
211,258,1826.6741863124741,373.18091290562825,2175.694092229431,563.7140442751559,cam_4_1690293206_08-53-26.jpg
211,259,2063.2236173601614,679.0858494035691,2858.3203163974276,1341.453134287232,cam_4_1690293206_08-53-26.jpg
211,271,1625.81706057597,480.75865752374534,2310.0359495957555,801.4962013109102,cam_4_1690293206_08-53-26.jpg
211,283,2120.191488851174,466.23760392696533,2838.073111997597,826.8089106083639,cam_4_1690293206_08-53-26.jpg
211,285,2712.8132242617908,810.5539412270921,3681.739678770805,1449.5575862493988,cam_4_1690293206_08-53-26.jpg
212,219,1215.0334417374352,601.0914870337274,2079.796421354346,1149.771310410103,cam_4_1690293221_08-53-41.jpg
212,246,1326.9282496674164,633.5517011605975,2234.8031452692094,1309.211570412294,cam_4_1690293221_08-53-41.jpg
212,256,825.284633825228,621.566414145287,1475.451837890298,1259.4444224031981,cam_4_1690293221_08-53-41.jpg
212,258,1826.8473824587466,373.15483658603944,2176.9032728247066,556.4696013395838,cam_4_1690293221_08-53-41.jpg
212,259,2011.7775735086825,683.998170069342,2800.963024745587,1380.3045855031314,cam_4_1690293221_08-53-41.jpg
212,271,1656.59393064341,485.27025166098224,2264.1861531456707,757.2387529878238,cam_4_1690293221_08-53-41.jpg
212,283,2098.969616895505,466.7831638201902,2840.9441126462625,842.2544555401856,cam_4_1690293221_08-53-41.jpg
213,171,2504.9962346063053,467.672784621247,2831.8806712429564,628.3691217532053,cam_4_1690293326_08-55-26.jpg
213,219,1257.9497403178336,586.6423255189989,2054.476369469206,1094.271498431892,cam_4_1690293326_08-55-26.jpg
213,246,1431.3263920975955,619.5237651652924,2297.657348187007,1279.4833053249076,cam_4_1690293326_08-55-26.jpg
213,256,854.7530303649057,614.9126446104409,1453.3028770831047,1227.8011001086934,cam_4_1690293326_08-55-26.jpg
213,258,1806.666738599669,369.722699217271,2172.483249232313,554.199795633177,cam_4_1690293326_08-55-26.jpg
213,283,2039.5423095402025,479.91517414729293,2924.475070296563,935.1089311626574,cam_4_1690293326_08-55-26.jpg
213,287,1545.431229749925,481.9535657070171,2243.793722951979,702.3287111654984,cam_4_1690293326_08-55-26.jpg
214,171,2501.740324269508,471.2066267768869,2828.3282106074325,631.2877722154612,cam_4_1690293341_08-55-41.jpg
214,219,1316.1593509097963,596.2130022289255,2036.3647146456062,1054.789477527388,cam_4_1690293341_08-55-41.jpg
214,246,1435.697458081225,614.2342617899637,2288.5514893437394,1267.8957072119797,cam_4_1690293341_08-55-41.jpg
214,256,908.4279107527575,605.7679812739793,1489.9898785131356,1204.3069328350757,cam_4_1690293341_08-55-41.jpg
214,258,1788.6620023037365,368.67732874329516,2176.3478634814396,559.7658891327981,cam_4_1690293341_08-55-41.jpg
214,283,2018.1911113715469,484.34537726245253,2934.194689665698,963.0141206075727,cam_4_1690293341_08-55-41.jpg
214,287,1535.2992117647982,481.9373648799302,2241.7398605162734,705.5582155311102,cam_4_1690293341_08-55-41.jpg
214,289,3421.4349357136434,577.7838585789723,3789.3527638892015,1114.910917436445,cam_4_1690293341_08-55-41.jpg
215,171,2505.6496684735785,477.0757659906441,2833.7387378829335,638.0387359094834,cam_4_1690293356_08-55-56.jpg
215,219,1308.6123871076645,590.7938615583548,2038.2144460029208,1057.58512789214,cam_4_1690293356_08-55-56.jpg
215,246,1451.4181785063743,611.2323781943369,2291.0833456528935,1258.7124027026844,cam_4_1690293356_08-55-56.jpg
215,256,904.5520442693887,593.0529388995179,1456.7388865165176,1153.6506811038894,cam_4_1690293356_08-55-56.jpg
215,258,1785.84634924183,368.644891822951,2184.277032481041,559.6738433510496,cam_4_1690293356_08-55-56.jpg
215,283,2007.9275179306067,481.8004981622105,2931.56889827756,973.5224643351778,cam_4_1690293356_08-55-56.jpg
215,285,2862.3734763819893,620.4093849027082,3559.4611714438424,1078.024568549048,cam_4_1690293356_08-55-56.jpg
215,287,1529.009217255894,482.389189251539,2224.3579698131553,703.9240036488998,cam_4_1690293356_08-55-56.jpg
215,290,2747.983567923046,539.0970909565567,3147.4189741196874,1042.4157616457787,cam_4_1690293356_08-55-56.jpg
215,291,3647.127136929709,269.8948972461668,3943.6270126876407,504.3073663778532,cam_4_1690293356_08-55-56.jpg
216,219,1253.0102917041313,575.8637780782391,1984.1664363612708,1038.7501164022924,cam_4_1690293401_08-56-41.jpg
216,241,1463.3424714764546,870.2580346105275,2601.3722667228576,1558.16611588862,cam_4_1690293401_08-56-41.jpg
216,246,1583.233740562358,611.6810631315705,2274.537800226817,1135.4757164517894,cam_4_1690293401_08-56-41.jpg
216,256,925.5330516118754,591.1122150100384,1484.797225779596,1143.1423975628345,cam_4_1690293401_08-56-41.jpg
216,258,1745.210071377082,371.76816790706863,2196.736394908589,588.3680662811224,cam_4_1690293401_08-56-41.jpg
216,283,2025.280987104457,480.68096298802055,2943.9180700541933,983.1070770320694,cam_4_1690293401_08-56-41.jpg
216,290,2741.0495230063852,535.746227961322,3139.7414678471278,1039.009842333874,cam_4_1690293401_08-56-41.jpg
216,291,3646.180518167605,267.9456529297616,3945.940819290394,505.3001198392883,cam_4_1690293401_08-56-41.jpg
217,195,2218.2503607485387,287.2675367863409,2611.4753396871224,473.3005375111728,cam_4_1690293566_08-59-26.jpg
217,219,1135.3126375957268,545.539672902054,1836.3931250122328,1001.1815582595907,cam_4_1690293566_08-59-26.jpg
217,246,1590.2693548432421,662.994732301765,2339.168269176893,1216.8907160524823,cam_4_1690293566_08-59-26.jpg
217,258,1694.9407099513978,369.5057973586133,2252.9710388870076,645.887579581024,cam_4_1690293566_08-59-26.jpg
217,283,2133.6261773053006,569.9424296738556,3092.480100203406,1104.502167454249,cam_4_1690293566_08-59-26.jpg
218,153,958.9477264368725,534.4326861903678,1783.6080444644213,986.7514603466246,cam_4_1690293611_09-00-11.jpg
218,171,2515.0731217246525,479.568904248238,2886.8905053016338,660.6216852682071,cam_4_1690293611_09-00-11.jpg
218,246,1660.7925799142076,672.394259348921,2409.927584521487,1226.6634941523116,cam_4_1690293611_09-00-11.jpg
218,258,1687.199162461645,370.1215747361846,2255.5892690348546,658.5442688096743,cam_4_1690293611_09-00-11.jpg
218,283,2271.2767601456667,597.8848169074075,3225.9814603722234,1140.5935748428442,cam_4_1690293611_09-00-11.jpg
218,293,2213.669556170783,489.1088842564327,2710.2847040697393,846.4760554466111,cam_4_1690293611_09-00-11.jpg
219,177,3065.334997439347,803.2552150605297,4232.778803736198,1468.4337411550387,cam_4_1690293686_09-01-26.jpg
219,219,1200.5065003963603,535.0519407125296,1791.5752781127571,916.3067716922606,cam_4_1690293686_09-01-26.jpg
219,246,1829.7983997205088,599.6674851261587,2532.269754239647,1105.5351541026544,cam_4_1690293686_09-01-26.jpg
219,271,1735.430822229315,379.1656589997385,2231.589277219108,602.0296580677123,cam_4_1690293686_09-01-26.jpg
219,290,2697.1734402382867,547.5876285471136,3089.5259502580266,1045.7968347606989,cam_4_1690293686_09-01-26.jpg
219,293,2185.973117967982,482.9050819964174,2786.170425118438,916.2421545107117,cam_4_1690293686_09-01-26.jpg
219,294,3039.4101614405868,896.6808751235269,4007.2379589102356,1728.7555271300712,cam_4_1690293686_09-01-26.jpg
220,177,3050.1044703665602,798.1896398560567,4114.9267886245525,1422.862602576764,cam_4_1690293881_09-04-41.jpg
220,246,1716.8007362747146,564.7493772918499,2439.443803989441,1083.043686464558,cam_4_1690293881_09-04-41.jpg
220,271,1706.7095082397395,398.1099273142373,2078.469033557609,569.6703595140114,cam_4_1690293881_09-04-41.jpg
220,293,2191.9028970100285,478.35184226658123,2836.1460569124674,946.4545011862164,cam_4_1690293881_09-04-41.jpg
220,294,3046.5132724881614,957.5347404978395,3963.91602743112,1734.9974116332687,cam_4_1690293881_09-04-41.jpg
221,201,3026.6633370205045,793.6614667105569,4317.194414630895,1296.8555628702848,cam_4_1690293911_09-05-11.jpg
221,246,1644.9071995094564,554.6214766655278,2352.60605962066,1066.3278933241663,cam_4_1690293911_09-05-11.jpg
221,271,1699.6317957094177,402.913316850813,2066.360976419992,578.630833752866,cam_4_1690293911_09-05-11.jpg
221,293,2214.625591362653,483.791839182799,2856.5410942091157,955.4354951910063,cam_4_1690293911_09-05-11.jpg
221,294,3024.7672244765345,961.8008072835372,3973.387679162746,1756.4409022258942,cam_4_1690293911_09-05-11.jpg
222,201,2852.3528094514036,803.7667781201661,4424.0279651417895,1485.6655983179885,cam_4_1690294001_09-06-41.jpg
222,246,1588.2586440988237,557.9704880409656,2375.361143784554,1163.8921984137546,cam_4_1690294001_09-06-41.jpg
222,256,1106.3527294097398,435.48636018572137,1634.260491814231,973.6816774717959,cam_4_1690294001_09-06-41.jpg
222,271,1631.6048505726503,403.12932439848294,2111.327496265334,648.8602196845434,cam_4_1690294001_09-06-41.jpg
222,293,2236.998634241881,491.83897882781474,2894.508697328619,976.011609073568,cam_4_1690294001_09-06-41.jpg
222,294,2911.671576507133,1000.5784092475398,3988.7270032252572,1898.2063700458139,cam_4_1690294001_09-06-41.jpg
222,302,2502.006801766602,443.42759403810015,2881.1686545245816,791.54334070853,cam_4_1690294001_09-06-41.jpg
223,177,3097.730182578385,814.8347785057305,4249.195967530978,1486.6499890597252,cam_4_1690294151_09-09-11.jpg
223,246,1567.9768762890778,509.37116991710496,2272.9389240004134,1067.8137690429712,cam_4_1690294151_09-09-11.jpg
223,256,1200.4453954704647,410.3284361645154,1604.4893377424924,811.1509147468985,cam_4_1690294151_09-09-11.jpg
223,271,1608.4876961093419,409.4785213409607,2090.284626056923,653.7626450498085,cam_4_1690294151_09-09-11.jpg
223,293,2231.3009348202036,495.3504206566688,2908.8345446116928,993.9744192379605,cam_4_1690294151_09-09-11.jpg
223,294,2780.710280542127,1028.6991486598904,4101.758256329507,2137.880637530645,cam_4_1690294151_09-09-11.jpg
224,177,2970.2494930957796,827.0956439658934,4297.067625291904,1652.1445240427774,cam_4_1690294181_09-09-41.jpg
224,246,1598.3106992583187,533.9844679463969,2284.110624393049,1073.4537569676281,cam_4_1690294181_09-09-41.jpg
224,271,1655.1694185767462,409.4697398582508,2060.3213511756258,617.0428028540747,cam_4_1690294181_09-09-41.jpg
224,293,2235.7461176961683,498.6777431522321,2922.777412302059,1002.7827952137943,cam_4_1690294181_09-09-41.jpg
224,294,2740.877442889875,1072.386968961641,4150.792575081707,2262.645066491842,cam_4_1690294181_09-09-41.jpg
224,308,2513.814264874044,402.15462667237955,2952.816261139097,793.9372575201332,cam_4_1690294181_09-09-41.jpg
225,177,3013.6234534178407,815.4702426925278,4288.069549202954,1624.157198639577,cam_4_1690294331_09-12-11.jpg
225,246,1550.26520991715,527.5358323646212,2231.79997897842,1061.230179923437,cam_4_1690294331_09-12-11.jpg
225,271,1616.0011534687746,413.63926094121496,2081.7244793380555,650.8977652371652,cam_4_1690294331_09-12-11.jpg
225,293,2230.465881085307,496.17904941424916,2916.999169148457,999.9737321777502,cam_4_1690294331_09-12-11.jpg
225,294,2742.063918560103,1082.5622981734327,4174.929494098462,2286.120874277671,cam_4_1690294331_09-12-11.jpg
225,308,2517.3112855479158,395.78151345374545,2989.878121020574,816.3606520251963,cam_4_1690294331_09-12-11.jpg
225,310,1396.6232344127845,679.0055862789156,1742.9534090034333,1471.5903140649032,cam_4_1690294331_09-12-11.jpg
226,177,3033.2808651414293,812.8803522521602,4194.163026269459,1559.463147350782,cam_4_1690294421_09-13-41.jpg
226,246,1483.4350000507225,500.4277164516256,2167.65643753747,1045.1948348018568,cam_4_1690294421_09-13-41.jpg
226,271,1610.2156502354144,417.49876437715847,2076.887080765156,653.4481446069401,cam_4_1690294421_09-13-41.jpg
226,293,2229.323112109324,498.2325037160836,2911.0939312547666,999.1671583907373,cam_4_1690294421_09-13-41.jpg
226,294,2754.196818947597,1090.2860069244834,4192.832005041479,2289.1876351504525,cam_4_1690294421_09-13-41.jpg
226,308,2513.201555553766,394.95976931328624,2986.5606907107563,812.5459896082691,cam_4_1690294421_09-13-41.jpg
226,310,1397.4144366275511,688.7068795807024,1740.7712313286108,1476.193308988919,cam_4_1690294421_09-13-41.jpg
227,57,2831.5583134252283,925.132746812332,3836.944566944466,1602.9369167809978,cam_4_1690294451_09-14-11.jpg
227,177,3113.2977128907996,812.6858502436065,4191.040472006952,1494.983888068462,cam_4_1690294451_09-14-11.jpg
227,246,1412.1304573812668,484.198413275114,2074.025140099945,1032.4851575312136,cam_4_1690294451_09-14-11.jpg
227,271,1562.2504155620475,416.4169965134852,2118.4091941033776,703.8291239476027,cam_4_1690294451_09-14-11.jpg
227,293,2223.789317439636,499.8154612151294,2902.8144607632257,998.5283892426085,cam_4_1690294451_09-14-11.jpg
227,294,2758.46038693289,1096.2740024511227,4191.902781931176,2279.652679142312,cam_4_1690294451_09-14-11.jpg
227,308,2514.3850617681164,396.2611276484806,2983.2185194087665,805.0123224643064,cam_4_1690294451_09-14-11.jpg
227,310,1399.4309283521877,688.277923455918,1742.4696765354267,1475.6199879849855,cam_4_1690294451_09-14-11.jpg
227,312,1014.6541490980121,477.91222100626027,1637.5374308679238,998.8832138701459,cam_4_1690294451_09-14-11.jpg
228,57,2836.446765998722,907.02249801885,3857.8724519847847,1620.089705840453,cam_4_1690294541_09-15-41.jpg
228,246,1386.8313247546162,457.6408045046446,1977.5599574350076,953.3165928499734,cam_4_1690294541_09-15-41.jpg
228,271,1554.0577054926393,416.57772341060763,2143.157490379638,727.2629767919873,cam_4_1690294541_09-15-41.jpg
228,276,3132.03860081354,802.4942841892391,4052.175230842167,1552.710563012255,cam_4_1690294541_09-15-41.jpg
228,293,2219.406551999178,500.30445395221,2897.160025886832,996.6195463987829,cam_4_1690294541_09-15-41.jpg
228,294,2700.648728964433,1116.0216667097088,4169.64647055597,2323.5046101465814,cam_4_1690294541_09-15-41.jpg
228,308,2482.863394965163,394.2364847253512,2965.2541178142314,809.3657283932232,cam_4_1690294541_09-15-41.jpg
228,310,1397.9175785159664,693.717208940235,1731.9586767069338,1464.0472873945416,cam_4_1690294541_09-15-41.jpg
228,312,876.4420476795402,487.1073500759895,1535.4490784632385,1045.498656290027,cam_4_1690294541_09-15-41.jpg
229,57,2850.3508328681223,895.6545792902209,3852.993349823902,1612.8265473814783,cam_4_1690294556_09-15-56.jpg
229,177,3105.917028542796,815.2424869703899,4232.658611974261,1526.6604044479895,cam_4_1690294556_09-15-56.jpg
229,246,1378.7098137198918,450.81574992181856,1934.164432503254,920.4731925557818,cam_4_1690294556_09-15-56.jpg
229,271,1552.3698586209323,416.00578782326875,2146.009060692486,734.795347307466,cam_4_1690294556_09-15-56.jpg
229,272,2418.496198188674,397.5663395529677,2963.1098968402803,617.3437197705807,cam_4_1690294556_09-15-56.jpg
229,293,2219.3303918464885,501.99237953049624,2898.1796242937176,998.0623726426845,cam_4_1690294556_09-15-56.jpg
229,294,2705.3709173814636,1102.1122586633282,4153.938882193865,2282.2800906881466,cam_4_1690294556_09-15-56.jpg
229,308,2475.047042710475,392.75867741611785,2910.904983878317,758.1030119189833,cam_4_1690294556_09-15-56.jpg
229,310,1400.258604124644,690.9552010892902,1732.8907151403885,1461.4723664515218,cam_4_1690294556_09-15-56.jpg
229,312,843.0677941220846,487.94655544626534,1516.1317081423335,1066.2206767491457,cam_4_1690294556_09-15-56.jpg
230,57,2861.3959584789745,895.3525608966198,3857.7021880251496,1621.9637869998605,cam_4_1690294631_09-17-11.jpg
230,201,3038.6521022187767,805.4188980011852,4333.602422992804,1374.658309596252,cam_4_1690294631_09-17-11.jpg
230,246,1380.4308566656946,447.9239227751242,1902.2604462523002,889.031462933929,cam_4_1690294631_09-17-11.jpg
230,271,1554.199690896749,417.53658478113016,2143.0096433358153,738.2793956399921,cam_4_1690294631_09-17-11.jpg
230,293,2226.959769740272,495.74762000836245,2911.117624653012,998.507498189648,cam_4_1690294631_09-17-11.jpg
230,294,2700.7689232349867,1119.2613336222914,4128.579414689008,2265.4758427948736,cam_4_1690294631_09-17-11.jpg
230,308,2476.2503911071917,400.2745487795971,2948.5932561458385,790.4953788728328,cam_4_1690294631_09-17-11.jpg
230,310,1402.1835762927421,693.9513223638478,1736.2386045476317,1470.9487113409232,cam_4_1690294631_09-17-11.jpg
230,312,816.3230338508033,491.37658024213255,1524.9434719845144,1110.256004924046,cam_4_1690294631_09-17-11.jpg
231,57,2857.419486086834,906.3419950350881,3816.279051633819,1609.6673037036085,cam_4_1690294826_09-20-26.jpg
231,177,3017.33851852414,823.4344993333232,4165.661647492162,1561.2459726141637,cam_4_1690294826_09-20-26.jpg
231,241,1973.6541391161932,540.8187401589796,2783.4436973401075,1023.6108793898615,cam_4_1690294826_09-20-26.jpg
231,271,1549.8005725894927,417.90266035900686,2110.020662023361,725.6855483668867,cam_4_1690294826_09-20-26.jpg
231,272,2384.32440371645,390.6509115684308,2931.543664899275,613.7988667916104,cam_4_1690294826_09-20-26.jpg
231,293,2253.842813548533,496.6805112532396,2929.192511696559,998.1991667993693,cam_4_1690294826_09-20-26.jpg
231,294,2676.8516818646685,1169.9598397994296,4072.4493564475806,2264.702956141355,cam_4_1690294826_09-20-26.jpg
231,310,1406.104324891636,684.5141919348732,1742.5978940361395,1465.304903967105,cam_4_1690294826_09-20-26.jpg
231,312,681.3342122041488,536.0359215069692,1354.7846186612642,1135.0816437452613,cam_4_1690294826_09-20-26.jpg
232,57,2851.67289712296,912.0529742466188,3797.919913060901,1608.141925961212,cam_4_1690294841_09-20-41.jpg
232,171,2484.175267016306,397.7714395794589,2933.499302117028,617.8638925133149,cam_4_1690294841_09-20-41.jpg
232,201,3005.2349221112345,812.4162851112399,4323.729519947707,1403.9566689488997,cam_4_1690294841_09-20-41.jpg
232,241,1980.556702829866,533.2425111203524,2787.241487824192,1008.2006570019761,cam_4_1690294841_09-20-41.jpg
232,271,1549.1794111362951,414.1550682149833,2088.763769440521,716.0230145679818,cam_4_1690294841_09-20-41.jpg
232,293,2268.870216110108,498.04203369236507,2934.9507590592084,998.467932749739,cam_4_1690294841_09-20-41.jpg
232,294,2659.807189447543,1190.3825990849696,4057.48777838287,2261.955801334165,cam_4_1690294841_09-20-41.jpg
232,310,1408.8234452340027,683.2717032145772,1749.5428689692735,1472.0283916301323,cam_4_1690294841_09-20-41.jpg
232,312,679.5901936055905,549.9860057621083,1341.7641850763514,1142.3044653220995,cam_4_1690294841_09-20-41.jpg
233,57,2839.102629078913,912.6704602345199,3811.9598422168046,1636.2093235373804,cam_4_1690294931_09-22-11.jpg
233,201,3000.6777991314502,817.7176937518872,4358.81014964483,1442.1679746527925,cam_4_1690294931_09-22-11.jpg
233,219,1620.3418181611244,416.01699496644926,2040.2896332825467,689.6395033419246,cam_4_1690294931_09-22-11.jpg
233,259,1832.5925239710234,534.5128487858633,2416.9076030821484,1047.0986395237783,cam_4_1690294931_09-22-11.jpg
233,293,2247.540593582498,495.3430704692406,2893.086049932626,984.802590155473,cam_4_1690294931_09-22-11.jpg
233,294,2607.5822013821235,1124.400135371569,4082.0986795312992,2258.6125492786496,cam_4_1690294931_09-22-11.jpg
233,310,1397.63885832797,681.1331477388408,1739.9255423493091,1473.9634539431977,cam_4_1690294931_09-22-11.jpg
233,312,674.4200011834987,558.759623771319,1330.495083995465,1147.5265470890813,cam_4_1690294931_09-22-11.jpg
234,57,2792.4467767131605,917.1778580102052,4072.0790806059367,1889.0196605587867,cam_4_1690294961_09-22-41.jpg
234,177,3004.5545684756908,822.2630722624032,4198.037015530208,1598.9243117795031,cam_4_1690294961_09-22-41.jpg
234,219,1622.4518722890793,412.1295134740317,2034.34187724112,678.9503637295425,cam_4_1690294961_09-22-41.jpg
234,259,1878.7729586613455,527.7312637820792,2489.7288468259094,1027.9642902798778,cam_4_1690294961_09-22-41.jpg
234,293,2224.871220002725,496.1605919995428,2857.683118785769,976.6962665707036,cam_4_1690294961_09-22-41.jpg
234,294,2425.8766448656925,1081.9139244692442,3875.56137060189,2263.788556750448,cam_4_1690294961_09-22-41.jpg
234,310,1388.5451412955244,684.6631653504244,1732.0687521783168,1484.9360775459527,cam_4_1690294961_09-22-41.jpg
234,312,658.1556711958617,561.3635216641886,1303.8586335683572,1144.8460069875487,cam_4_1690294961_09-22-41.jpg
235,57,2752.2620168153235,926.9177876707496,4215.85418540503,2088.4850015581947,cam_4_1690295021_09-23-41.jpg
235,219,1608.1219134507592,403.07382567534484,2026.7778184403553,672.7780817093496,cam_4_1690295021_09-23-41.jpg
235,241,2151.9300459534775,491.19937331681774,2824.8887881039013,885.8215173478054,cam_4_1690295021_09-23-41.jpg
235,289,1788.9954991732359,568.1600554876327,2177.665793965195,1157.3526905635913,cam_4_1690295021_09-23-41.jpg
235,290,2230.2685188320156,561.8557953811039,2773.9171126073056,1225.2075942651572,cam_4_1690295021_09-23-41.jpg
235,310,1416.625429326956,653.990247121601,1743.5553560073067,1407.6737038688448,cam_4_1690295021_09-23-41.jpg
235,312,689.5751410532863,571.3005993924388,1323.3570587643026,1147.393858673106,cam_4_1690295021_09-23-41.jpg
236,177,2847.0162279864735,905.4863016444276,4124.616234610006,1743.3946619485862,cam_4_1690295141_09-25-41.jpg
236,259,1826.6878716578537,511.2007203824196,2435.1684382952644,1024.776446286993,cam_4_1690295141_09-25-41.jpg
236,293,2209.0033516706408,491.924306455733,2830.4430638981507,965.5819825035248,cam_4_1690295141_09-25-41.jpg
236,310,1418.8946588626295,652.2316745566293,1735.3003833034481,1380.5974724652315,cam_4_1690295141_09-25-41.jpg
237,177,2790.1384426156837,920.6446006072076,4132.493477032015,1820.4548930495585,cam_4_1690295306_09-28-26.jpg
237,259,1992.111342141917,555.8950945880166,2620.07102088259,1074.4367638992876,cam_4_1690295306_09-28-26.jpg
237,289,1689.329696504057,525.4747626185629,2026.8946500586583,1055.8860739011961,cam_4_1690295306_09-28-26.jpg
237,293,2200.8489342119315,492.01816524476465,2805.6742158810284,949.2733315678556,cam_4_1690295306_09-28-26.jpg
237,294,2254.393115672545,1098.0417481166273,3526.8133930192707,2134.3614715013964,cam_4_1690295306_09-28-26.jpg
237,310,1423.36092030366,648.0666719238639,1734.6318821189132,1361.844902718503,cam_4_1690295306_09-28-26.jpg
238,177,2807.4989982438115,919.9691282087978,4103.360247129803,1788.886801913467,cam_4_1690295381_09-29-41.jpg
238,289,1600.0900706277816,605.6575894456246,1970.5605328919205,1094.5527798297258,cam_4_1690295381_09-29-41.jpg
238,291,3546.580093566111,338.5777041139005,3917.104719231906,626.5873707224891,cam_4_1690295381_09-29-41.jpg
238,293,2194.6457651750234,497.1677076118361,2806.3510876539385,957.1165510536919,cam_4_1690295381_09-29-41.jpg
238,294,2234.820657140854,1083.5339710664389,3532.519650832069,2137.456002901367,cam_4_1690295381_09-29-41.jpg
238,310,1408.1997568493957,664.1526108818014,1721.9175287580629,1384.0296808253756,cam_4_1690295381_09-29-41.jpg
239,50,2517.9093300188447,479.87465827078074,2902.574512425837,697.2208618420565,cam_4_1690295726_09-35-26.jpg
239,177,2865.4791269303687,963.7437399370292,4163.56482785474,1831.831316860303,cam_4_1690295726_09-35-26.jpg
239,271,1449.247932209437,498.2661067521992,2223.017321025499,927.323996805834,cam_4_1690295726_09-35-26.jpg
239,291,3510.4036795430393,391.2313733908668,3973.469364039168,736.4270736295332,cam_4_1690295726_09-35-26.jpg
239,293,2277.301529523335,548.2174658884829,2730.448303424654,870.2241406650845,cam_4_1690295726_09-35-26.jpg
240,50,2510.4616453104727,473.37135687426434,2895.2959257127577,689.9802319830192,cam_4_1690295846_09-37-26.jpg
240,177,2877.7716375837194,981.0629771573575,4168.975104736011,1847.7739038591835,cam_4_1690295846_09-37-26.jpg
240,271,1399.9717581526352,504.8865454712608,2236.1805407536626,971.1646545661425,cam_4_1690295846_09-37-26.jpg
240,283,3076.190742649791,779.6148289815469,3929.396716471254,1257.3626123139406,cam_4_1690295846_09-37-26.jpg
240,291,3497.016157566463,410.37176856789836,4005.5109459332193,778.2943447506314,cam_4_1690295846_09-37-26.jpg
240,293,2314.5334614075555,564.8074720866911,2710.1745474988434,835.0785812790031,cam_4_1690295846_09-37-26.jpg
240,294,1993.776887089401,1075.8617057085085,3291.7270804162927,2110.854690988939,cam_4_1690295846_09-37-26.jpg
241,50,2512.401965413165,472.1124029522734,2902.2421793505537,691.9572591800893,cam_4_1690295981_09-39-41.jpg
241,177,2649.381047606392,1163.71687384492,4054.637378131339,2108.330041317123,cam_4_1690295981_09-39-41.jpg
241,271,1407.2839566765122,499.2497839195008,2259.0317593552745,978.4994268308446,cam_4_1690295981_09-39-41.jpg
241,283,3097.481798123402,737.9556760138935,4083.778078446035,1300.7386013840387,cam_4_1690295981_09-39-41.jpg
241,291,3546.5293862186563,505.90305031358605,4008.7570941421286,784.5072374254734,cam_4_1690295981_09-39-41.jpg
241,293,2337.284966307684,568.5060986487341,2722.5157361427096,824.3881458685031,cam_4_1690295981_09-39-41.jpg
241,321,2344.722845581969,510.61939026754277,2821.8207500508324,723.2917979051158,cam_4_1690295981_09-39-41.jpg
242,50,2511.03600950898,470.53713962216887,2903.48391077008,692.1737858077089,cam_4_1690296026_09-40-26.jpg
242,57,2544.2726943527605,1196.6051507602174,4121.673218896837,2455.4234333457434,cam_4_1690296026_09-40-26.jpg
242,271,1430.7092286771774,497.4491840043336,2269.86053499582,970.2267596113679,cam_4_1690296026_09-40-26.jpg
242,283,3151.1497510814356,724.8255552887448,4147.955927341571,1285.4443664285232,cam_4_1690296026_09-40-26.jpg
242,291,3459.2224671251547,541.7232255279662,4012.9461349018616,869.466525709981,cam_4_1690296026_09-40-26.jpg
242,293,2347.8786181129635,573.5492466257542,2734.274071912999,824.7233985258831,cam_4_1690296026_09-40-26.jpg
242,321,2350.137388346764,511.57524905575235,2826.071346544145,723.7471462699991,cam_4_1690296026_09-40-26.jpg
243,50,2513.0887697843027,472.316345412973,2902.0923364734904,691.8868436421606,cam_4_1690296116_09-41-56.jpg
243,177,2625.0706096600006,1245.4315802261585,3994.7098724077673,2158.1879331677346,cam_4_1690296116_09-41-56.jpg
243,195,2285.68504145265,573.0644016922138,2794.4786850255437,823.0626392075051,cam_4_1690296116_09-41-56.jpg
243,271,1470.5898450140915,494.4621476514448,2283.063186826702,952.682878169315,cam_4_1690296116_09-41-56.jpg
243,283,3163.7985983356243,719.5359323444688,4179.761576617784,1281.4481943843243,cam_4_1690296116_09-41-56.jpg
243,291,3483.3490515008148,547.6072974229819,4019.8796497240514,838.302375868393,cam_4_1690296116_09-41-56.jpg
243,321,2355.924162021669,512.1349996370099,2824.344453136295,721.0569035349546,cam_4_1690296116_09-41-56.jpg
243,327,3496.3773672011116,409.0112302657201,3948.2450184034674,600.3402591930155,cam_4_1690296116_09-41-56.jpg
243,328,3221.331245296081,618.5989722584603,3869.1026341716874,811.4213664721271,cam_4_1690296116_09-41-56.jpg
244,50,2518.6572293885356,474.2121411774778,2902.773499378361,691.8133962278305,cam_4_1690296146_09-42-26.jpg
244,177,2636.0988038462897,1248.9569234294986,4019.4931880661693,2163.9974131030212,cam_4_1690296146_09-42-26.jpg
244,195,2276.0482828479,576.8533964560794,2786.7691033209076,830.2619464284726,cam_4_1690296146_09-42-26.jpg
244,271,1530.42993482893,487.1491180376326,2320.100159773645,933.8373890626194,cam_4_1690296146_09-42-26.jpg
244,283,3113.434179952852,716.2563373494623,4116.123858368052,1277.9495426445592,cam_4_1690296146_09-42-26.jpg
244,321,2358.0172213100454,512.9090050465753,2826.7056861288065,722.2003424120159,cam_4_1690296146_09-42-26.jpg
244,327,3482.661197194416,409.80233404341493,3926.551448518871,598.103947935452,cam_4_1690296146_09-42-26.jpg
244,328,3207.61864494777,614.8482808427639,3882.016646980152,816.5525088733227,cam_4_1690296146_09-42-26.jpg
244,329,3337.459375852528,537.7867568775813,4103.464909975502,792.0367479032316,cam_4_1690296146_09-42-26.jpg
245,50,2521.6434930531173,474.6077430012459,2903.1082225065256,691.4436815678072,cam_4_1690296281_09-44-41.jpg
245,177,2670.884199052782,1254.562827131213,3973.539583798728,2100.8900267466383,cam_4_1690296281_09-44-41.jpg
245,195,2262.2311046495324,575.0515316818226,2780.8760511516666,831.9719624057991,cam_4_1690296281_09-44-41.jpg
245,271,1542.4217303629944,479.65360956096254,2324.2263093624674,923.6756415719852,cam_4_1690296281_09-44-41.jpg
245,283,3048.52508270766,716.9745120548854,4184.806747693125,1367.713695647035,cam_4_1690296281_09-44-41.jpg
245,302,2973.7241886559195,358.7395484466337,3360.1214455072904,710.9603516386303,cam_4_1690296281_09-44-41.jpg
245,321,2351.6546363555763,509.4766219893423,2826.8078430494575,721.7687118784228,cam_4_1690296281_09-44-41.jpg
245,328,3146.544711424922,616.5161070867974,3949.679095371988,859.8985998225303,cam_4_1690296281_09-44-41.jpg
246,50,2533.863494414912,473.9679986146607,2911.183393165883,689.4602398034235,cam_4_1690296326_09-45-26.jpg
246,177,2644.696137988133,1248.7958536260494,3978.070175335805,2106.6108488660952,cam_4_1690296326_09-45-26.jpg
246,195,2255.16253332771,573.966486341157,2776.903604525231,831.566236342593,cam_4_1690296326_09-45-26.jpg
246,201,3228.074243545123,614.7087766786296,4050.5855619113786,997.1275163978584,cam_4_1690296326_09-45-26.jpg
246,271,1544.2978303748923,481.4576797470485,2318.5397754695477,920.4223310496416,cam_4_1690296326_09-45-26.jpg
246,283,3099.1621106169428,720.8004204437054,4191.217370368693,1340.094238572624,cam_4_1690296326_09-45-26.jpg
246,308,2780.2382998952116,303.736043805247,3188.100404026255,642.669649906823,cam_4_1690296326_09-45-26.jpg
246,321,2352.7603169271233,509.94665078622904,2824.9294182711424,720.9307287869998,cam_4_1690296326_09-45-26.jpg
246,328,3115.1336144280845,612.2829526040964,3977.6017798080265,878.3525451550814,cam_4_1690296326_09-45-26.jpg
246,330,3376.790054269939,422.3222003761724,4073.249005238055,697.4600183595205,cam_4_1690296326_09-45-26.jpg
247,50,2524.522944450666,470.9019979208622,2905.8261799566167,689.0079106164198,cam_4_1690296356_09-45-56.jpg
247,177,2638.482483595245,1240.668417963091,3971.9142498915417,2090.738638781745,cam_4_1690296356_09-45-56.jpg
247,195,2253.4550381897147,572.2874938634337,2776.449020061373,830.4479670211609,cam_4_1690296356_09-45-56.jpg
247,201,3146.3551253502515,615.1169367688624,4189.996971099783,1127.0100130055412,cam_4_1690296356_09-45-56.jpg
247,271,1547.5255221585592,479.10862897315565,2323.6041792532023,919.59589124786,cam_4_1690296356_09-45-56.jpg
247,283,3053.0331659334074,722.3827199989246,4210.218954474727,1393.3848819631257,cam_4_1690296356_09-45-56.jpg
247,308,2808.7660902853036,300.8931856735864,3206.925393536189,633.8767411585286,cam_4_1690296356_09-45-56.jpg
247,321,2348.1866882380364,509.2775296633918,2821.6655314807554,720.8266671956796,cam_4_1690296356_09-45-56.jpg
247,328,3123.4196232491204,616.5523841060356,3981.927990834641,885.8598463102483,cam_4_1690296356_09-45-56.jpg
247,330,3324.894314024226,421.332705883425,4088.7111737224977,727.0245672657186,cam_4_1690296356_09-45-56.jpg
248,50,2519.798006645839,472.65226918576246,2900.0004726525376,688.6009478810649,cam_4_1690296551_09-49-11.jpg
248,153,959.8626696423582,662.1508528798936,1913.395843472013,1197.2041047257592,cam_4_1690296551_09-49-11.jpg
248,171,2671.992025041925,397.03007818221323,3085.2313597236875,597.4031853089862,cam_4_1690296551_09-49-11.jpg
248,177,2576.5316870104893,1234.6512921900433,4058.643196404063,2184.41429042499,cam_4_1690296551_09-49-11.jpg
248,195,2255.464204351577,576.8226560929572,2771.268593888405,831.1156112381512,cam_4_1690296551_09-49-11.jpg
248,201,3127.654850251667,667.5637434430713,4120.866480508069,1164.6643955391696,cam_4_1690296551_09-49-11.jpg
248,271,1549.19463125306,478.84610071330656,2323.1497972157495,921.2456439586231,cam_4_1690296551_09-49-11.jpg
248,272,1768.7215984263628,353.01311517726253,2280.5180144717333,567.5248341266401,cam_4_1690296551_09-49-11.jpg
248,321,2356.453891393862,512.0249081626426,2819.781087356608,718.934901809135,cam_4_1690296551_09-49-11.jpg
248,328,3205.973132679121,599.6419170195438,3917.5203057001295,823.7733406988806,cam_4_1690296551_09-49-11.jpg
249,171,2684.8114152130893,397.9735436849887,3094.659438400003,597.726166663695,cam_4_1690296626_09-50-26.jpg
249,177,2628.7804723099134,1243.6923703955422,4143.571544458167,2214.143967023285,cam_4_1690296626_09-50-26.jpg
249,201,3177.128690027584,686.5240075879344,4158.462640136846,1173.1870511931236,cam_4_1690296626_09-50-26.jpg
249,259,2324.536342565867,446.0177515222643,2859.7608562310825,874.4998284771195,cam_4_1690296626_09-50-26.jpg
249,271,1694.34853063438,496.24432681415345,2396.9130558377115,915.4179245571529,cam_4_1690296626_09-50-26.jpg
249,328,3258.5673277579667,597.1517423736547,3865.956650351319,787.7196496749307,cam_4_1690296626_09-50-26.jpg
250,171,2687.6210041620816,400.95084567020115,3094.807412619941,600.7111638675485,cam_4_1690296656_09-50-56.jpg
250,177,2596.845318780782,1241.8003128124053,4157.043797498603,2250.130813066933,cam_4_1690296656_09-50-56.jpg
250,201,3176.3992699462015,694.7155712637591,4144.1860714657905,1183.2352293967897,cam_4_1690296656_09-50-56.jpg
250,259,2358.7130318291534,440.7013516719859,2892.3796516200564,867.7668865926593,cam_4_1690296656_09-50-56.jpg
250,328,3280.2846425979933,598.2635942825495,3868.8668481138834,782.4201903305461,cam_4_1690296656_09-50-56.jpg
251,171,2704.700452745056,407.6896845923435,3100.71464014669,603.765286406014,cam_4_1690296716_09-51-56.jpg
251,177,2705.555794143135,1212.170868534265,4069.6736370919043,2084.142535358964,cam_4_1690296716_09-51-56.jpg
251,201,3172.749778078783,695.4357275167713,4137.482398388614,1182.7168115651602,cam_4_1690296716_09-51-56.jpg
251,259,2390.3319242792413,428.2973358189134,2916.5934652865144,864.4789578159593,cam_4_1690296716_09-51-56.jpg
251,328,3282.7199930029715,594.0321584505207,3853.613471264038,772.000860136196,cam_4_1690296716_09-51-56.jpg
252,177,2724.955751857023,1189.5566253416127,4004.152065911206,1996.0138145508147,cam_4_1690296776_09-52-56.jpg
252,259,2410.8369101828703,435.4557177167444,2914.868310236561,860.1233604566924,cam_4_1690296776_09-52-56.jpg
252,283,3192.496261289432,687.9788255057774,4167.638450756159,1256.5334238443704,cam_4_1690296776_09-52-56.jpg
252,328,3273.9965496873033,595.9729966550519,3859.2598129007665,778.8349131495961,cam_4_1690296776_09-52-56.jpg
253,177,2697.7755822644704,1179.4901678781403,3989.087162738355,1989.5088767451775,cam_4_1690296881_09-54-41.jpg
253,283,3197.2100874189655,679.2158109203449,4150.770801659684,1240.4968540058178,cam_4_1690296881_09-54-41.jpg
253,290,1521.2739577041086,466.7219010893186,1834.9183749764088,867.5979650905047,cam_4_1690296881_09-54-41.jpg
254,171,2694.9539292045183,398.772554419292,3101.8113587068374,601.9767703699487,cam_4_1690296926_09-55-26.jpg
254,177,2713.056950400052,1175.4724974197634,4000.530969773982,1977.2606956343463,cam_4_1690296926_09-55-26.jpg
254,259,2357.088674291878,444.4782536343091,2870.3821067743083,869.463409438318,cam_4_1690296926_09-55-26.jpg
254,283,3225.942223447301,657.2957557545113,4061.277518686582,1148.511575663171,cam_4_1690296926_09-55-26.jpg
254,294,1353.0963686066916,838.6103813362329,2477.418435613231,1780.9993894952536,cam_4_1690296926_09-55-26.jpg
255,171,2695.561414351872,401.64051169980627,3096.571314144323,602.1768071740294,cam_4_1690296971_09-56-11.jpg
255,177,2666.0049531219684,1161.1630116149502,3972.838902469956,1963.178387981951,cam_4_1690296971_09-56-11.jpg
255,201,3228.3325078058706,645.5779239521662,4136.268867377005,1100.5550267685294,cam_4_1690296971_09-56-11.jpg
255,259,2337.3859597635533,442.5076637699306,2864.625342798543,870.1073251690782,cam_4_1690296971_09-56-11.jpg
255,283,3190.7070322786303,770.6609082617842,3925.9411319862547,1221.995738781864,cam_4_1690296971_09-56-11.jpg
256,171,2692.381917668265,402.35035282287544,3090.0945721246258,601.0782786896677,cam_4_1690297256_10-00-56.jpg
256,177,2789.3405812769047,1116.222360256431,4016.296389836462,1870.6934147114755,cam_4_1690297256_10-00-56.jpg
256,195,2163.6006703642006,656.8231819251849,2676.3959094669567,909.289910796246,cam_4_1690297256_10-00-56.jpg
256,201,3225.5003292995525,640.5418251698854,4147.678334010887,1098.6067369878485,cam_4_1690297256_10-00-56.jpg
256,259,2326.778414112978,448.84863139021263,2855.6276131028444,865.765454279416,cam_4_1690297256_10-00-56.jpg
256,271,1561.9615693304245,469.1374144876332,2272.355588646136,895.1572314105758,cam_4_1690297256_10-00-56.jpg
256,336,1839.6078526170065,372.0654704071697,2216.575961313275,566.3461889078121,cam_4_1690297256_10-00-56.jpg
257,171,2689.413017488172,400.6242081021219,3092.8387919785573,602.6609390438798,cam_4_1690297331_10-02-11.jpg
257,177,2857.4023800884406,1092.9519220627321,4082.6175983446697,1840.8483679488045,cam_4_1690297331_10-02-11.jpg
257,195,2161.1242398449062,658.7791106469837,2678.192041593272,914.4830663995679,cam_4_1690297331_10-02-11.jpg
257,201,3237.2657334994096,614.4648321710007,4135.756889690774,1068.768205363935,cam_4_1690297331_10-02-11.jpg
257,259,2325.0799956152737,452.616604877776,2859.5904187818333,864.9267886834134,cam_4_1690297331_10-02-11.jpg
257,271,1561.0013694660315,471.2911852799101,2274.0407453870157,898.8800827498051,cam_4_1690297331_10-02-11.jpg
257,336,1819.7574321959598,377.617401183742,2178.2679522420344,559.8711214853284,cam_4_1690297331_10-02-11.jpg
258,57,2777.450365956422,1013.909727146339,3833.748833533889,1877.3705820395253,cam_4_1690297376_10-02-56.jpg
258,171,2685.2293834341463,401.29714889322014,3089.0584642864656,603.4338513548596,cam_4_1690297376_10-02-56.jpg
258,195,2159.656966284881,656.6416725000622,2680.637027469492,915.7301079807363,cam_4_1690297376_10-02-56.jpg
258,201,3276.6099413685474,604.680481584449,4159.401543810567,1045.0022063098102,cam_4_1690297376_10-02-56.jpg
258,259,2306.508888574002,446.57901924045655,2855.7662785739376,864.3705474806595,cam_4_1690297376_10-02-56.jpg
258,271,1562.2453098984877,467.96026456187224,2282.090552419707,901.0168547534015,cam_4_1690297376_10-02-56.jpg
258,336,1770.4772832590302,365.83185051560554,2144.772085836556,554.0347623351487,cam_4_1690297376_10-02-56.jpg
259,57,2779.3263554171726,1010.3778668985813,3763.2663312108625,1854.241022879463,cam_4_1690297421_10-03-41.jpg
259,171,2685.437268716217,399.89301911874327,3089.2363126755686,601.9225300715257,cam_4_1690297421_10-03-41.jpg
259,195,2159.9927293871415,658.3721781455408,2676.3081802327006,915.4033394734136,cam_4_1690297421_10-03-41.jpg
259,201,3262.6842265180594,602.3016205382996,4142.741444940082,1042.8760490826057,cam_4_1690297421_10-03-41.jpg
259,259,2297.259902406336,444.24739947003957,2860.6135552449887,869.2108940856846,cam_4_1690297421_10-03-41.jpg
259,271,1566.0625498597897,465.8510793137085,2283.0288260862317,899.7286577955701,cam_4_1690297421_10-03-41.jpg
259,336,1774.9822989898723,372.80254262391264,2146.3225953261745,556.6820929787657,cam_4_1690297421_10-03-41.jpg
260,171,2701.9530174958763,401.8927366208512,3100.354630283753,602.6139992605115,cam_4_1690297556_10-05-56.jpg
260,195,2149.3297017367813,655.9279282189989,2659.514561032856,907.4614765160288,cam_4_1690297556_10-05-56.jpg
260,246,1267.1602152705018,330.9733938016502,1693.9786163986048,688.6632323439676,cam_4_1690297556_10-05-56.jpg
260,259,2300.974883923689,455.21490691107397,2849.4791422004428,864.5792893934056,cam_4_1690297556_10-05-56.jpg
260,271,1520.049375698633,466.7255980763575,2225.9667202245673,894.1046923848812,cam_4_1690297556_10-05-56.jpg
260,294,1005.8293228853139,842.750042583701,1953.3340820094713,1596.9893314756173,cam_4_1690297556_10-05-56.jpg
260,336,1756.0089769145964,372.0962119640395,2143.217443498798,559.4663303945056,cam_4_1690297556_10-05-56.jpg
261,171,2714.4425810004695,404.0634766638063,3097.7007420439695,597.741812270456,cam_4_1690297601_10-06-41.jpg
261,195,2152.947426181223,652.0135884791896,2663.2836974121547,903.5078126406004,cam_4_1690297601_10-06-41.jpg
261,259,2292.8935761055736,456.1325652595562,2828.100796840569,845.5798377040292,cam_4_1690297601_10-06-41.jpg
261,271,1511.533239896584,466.23832715179356,2212.7172630248433,890.6086799825732,cam_4_1690297601_10-06-41.jpg
261,290,1382.943145519583,331.1904420908643,1667.732690642959,684.730912297528,cam_4_1690297601_10-06-41.jpg
261,294,944.080522304971,837.1226983001809,1930.251797747791,1591.6105686143314,cam_4_1690297601_10-06-41.jpg
261,336,1735.1084215494138,369.84096297189825,2143.890506187713,564.9349899218971,cam_4_1690297601_10-06-41.jpg
262,171,2726.5985784827003,404.37292462928076,3097.078841507579,592.2411632701622,cam_4_1690297646_10-07-26.jpg
262,195,2141.5980519321074,649.8849870724599,2659.708031351325,903.7601449095858,cam_4_1690297646_10-07-26.jpg
262,259,2298.519884391766,461.44853454132374,2847.6063977525955,857.5218554584924,cam_4_1690297646_10-07-26.jpg
262,271,1517.215213922615,469.23783638768316,2218.2097058562317,894.0635726757438,cam_4_1690297646_10-07-26.jpg
262,294,913.6583393872365,841.823866154595,1934.49097429306,1600.8059019665566,cam_4_1690297646_10-07-26.jpg
262,310,1376.3492747954037,414.66691693303,1566.0366600301068,795.4609803933959,cam_4_1690297646_10-07-26.jpg
262,336,1723.0311311154217,367.06453904065694,2149.2971496742516,567.6229845631108,cam_4_1690297646_10-07-26.jpg
262,343,2804.1429645822873,553.9466140635888,3169.998629578851,1054.2948888524636,cam_4_1690297646_10-07-26.jpg
263,171,2716.6889435353164,404.4419516219705,3091.902945935174,594.7637788746222,cam_4_1690297736_10-08-56.jpg
263,259,2303.0616378813893,460.06648831421325,2859.978889420694,858.685814639789,cam_4_1690297736_10-08-56.jpg
263,271,1599.9221458272675,474.76229542802514,2317.873685719369,911.2914281610955,cam_4_1690297736_10-08-56.jpg
263,293,2272.534092742714,654.0930136572077,2657.1714332809092,897.2654561301052,cam_4_1690297736_10-08-56.jpg
263,294,953.9665740951825,832.8208101340732,1979.9920718612723,1590.947481690071,cam_4_1690297736_10-08-56.jpg
263,312,743.2544546723873,567.8531654194226,1445.185974216044,1179.3200196947464,cam_4_1690297736_10-08-56.jpg
263,336,1733.2427207785777,367.4931090866155,2130.685267326712,550.0243710736428,cam_4_1690297736_10-08-56.jpg
263,343,2799.3532590825766,551.3487195573299,3173.4788550566673,1061.7339922927183,cam_4_1690297736_10-08-56.jpg
264,171,2713.7838247414365,404.97904137152995,3091.5864202555927,596.8556610281269,cam_4_1690297796_10-09-56.jpg
264,259,2290.955644127915,457.87939281312833,2865.421113135281,864.8627951914143,cam_4_1690297796_10-09-56.jpg
264,271,1621.1175494347067,473.8240554946331,2355.3761112725533,920.6639906359567,cam_4_1690297796_10-09-56.jpg
264,293,2259.7587470385542,652.7315792449767,2660.0694438474156,902.2248296214228,cam_4_1690297796_10-09-56.jpg
264,312,738.5021850306224,571.9624246720746,1463.8974588897468,1185.8626371419564,cam_4_1690297796_10-09-56.jpg
264,336,1757.9860745475457,367.2353342461598,2124.9155814598803,534.1723153033481,cam_4_1690297796_10-09-56.jpg
264,343,2809.805735464939,554.0985139589216,3172.8772123049466,1048.0045166121097,cam_4_1690297796_10-09-56.jpg
265,171,2712.4632201604286,403.26264900385206,3092.115901527022,596.0531640955942,cam_4_1690297886_10-11-26.jpg
265,195,2149.343628222953,646.0673146059524,2678.4346900773303,907.0683245777365,cam_4_1690297886_10-11-26.jpg
265,259,2296.1383240046316,458.1541852955535,2863.1318891061564,856.1359733491556,cam_4_1690297886_10-11-26.jpg
265,271,1584.9117109269005,475.30648494310293,2306.111518844,920.899062804114,cam_4_1690297886_10-11-26.jpg
265,312,729.2373934989638,573.8464141096158,1483.9179414475784,1208.332177368177,cam_4_1690297886_10-11-26.jpg
265,336,1814.4288376940294,373.15260711350226,2212.3270262770075,551.241062431344,cam_4_1690297886_10-11-26.jpg
265,343,2807.4602553003456,552.5473060930844,3178.9799598677864,1054.755321898729,cam_4_1690297886_10-11-26.jpg
266,171,2712.0703336520305,403.38916799650644,3089.5213942081064,594.3317529527293,cam_4_1690297931_10-12-11.jpg
266,195,2173.6176015376905,645.8204170229126,2690.3914636820577,903.7688295515244,cam_4_1690297931_10-12-11.jpg
266,259,2299.5708976398337,460.8467268481857,2852.5124203934283,842.9967986270462,cam_4_1690297931_10-12-11.jpg
266,271,1603.310633068563,476.06745424336935,2325.2550900344227,921.3112964767629,cam_4_1690297931_10-12-11.jpg
266,312,756.5635095317323,576.6898267650046,1465.7734841323309,1185.7542807094628,cam_4_1690297931_10-12-11.jpg
266,336,1844.4993815846406,375.94971857247566,2241.8619911543224,549.794892761539,cam_4_1690297931_10-12-11.jpg
266,343,2799.346005076897,551.9269031727895,3180.6858283962347,1060.8595841974416,cam_4_1690297931_10-12-11.jpg
267,50,2342.68096479868,461.06841784787747,2889.16049090225,765.3530396141186,cam_4_1690297991_10-13-11.jpg
267,171,2708.0446544296906,402.11705006003115,3088.0857189709473,594.2061905361312,cam_4_1690297991_10-13-11.jpg
267,195,2158.9996034841893,652.1667343039645,2675.545417908247,909.0583822068195,cam_4_1690297991_10-13-11.jpg
267,271,1593.6971643320599,476.3750897701595,2302.2363717954613,917.1773103359592,cam_4_1690297991_10-13-11.jpg
267,312,782.1063072212983,591.8045382791403,1441.66860637311,1175.600872535475,cam_4_1690297991_10-13-11.jpg
267,336,1818.081772148928,372.70284742083703,2212.8018262627047,544.1869968478384,cam_4_1690297991_10-13-11.jpg
267,343,2773.211851350858,548.741155231187,3167.87989601126,1067.29334413501,cam_4_1690297991_10-13-11.jpg
268,50,2355.8480113543,460.3687232761715,2889.646680117076,748.7297198660901,cam_4_1690298111_10-15-11.jpg
268,57,2874.697140864003,1095.689803583071,3905.5793646077645,1929.269123883608,cam_4_1690298111_10-15-11.jpg
268,153,1217.3050010681316,496.7580291123601,2013.4410281420855,961.8939794529009,cam_4_1690298111_10-15-11.jpg
268,171,2701.668046635637,398.8923712138648,3089.1314703037183,594.9340236489314,cam_4_1690298111_10-15-11.jpg
268,195,2163.572842651753,647.5440654033848,2677.222271213836,903.3390528080108,cam_4_1690298111_10-15-11.jpg
268,271,1591.1766237181114,476.3086826099318,2291.380291206956,910.8954561184312,cam_4_1690298111_10-15-11.jpg
268,336,1797.1169609666579,370.78366305938437,2193.9798438012235,538.7368403860554,cam_4_1690298111_10-15-11.jpg
268,343,2759.099365444045,554.0615351666972,3160.0205472169814,1073.964229911553,cam_4_1690298111_10-15-11.jpg
269,153,1226.3109732934734,492.15804346541984,1995.876536837148,953.0168915972572,cam_4_1690298126_10-15-26.jpg
269,171,2699.9866772567234,394.62208936561126,3094.6038604517958,594.9341717433015,cam_4_1690298126_10-15-26.jpg
269,177,2847.2892418068427,1100.5295483832438,4240.963053218894,1931.4457405817777,cam_4_1690298126_10-15-26.jpg
269,195,2165.6981265191007,647.1761787505618,2675.4643694197275,901.1402479055454,cam_4_1690298126_10-15-26.jpg
269,271,1579.1862678416828,474.96866579036157,2280.6553947731118,911.3625646591975,cam_4_1690298126_10-15-26.jpg
269,321,2293.181095031695,460.2850869508901,2927.6559510872867,744.4864197856706,cam_4_1690298126_10-15-26.jpg
269,336,1795.1255728097535,372.07251887663136,2190.6996844208497,534.5911640627814,cam_4_1690298126_10-15-26.jpg
269,343,2752.156518475386,555.1767592703007,3156.0855742593913,1072.8743732458033,cam_4_1690298126_10-15-26.jpg
270,153,1227.179470370096,484.5207555121592,1992.0613724741384,949.878978325517,cam_4_1690298171_10-16-11.jpg
270,171,2697.6665813193913,394.4969621113735,3092.7047619714094,595.6959257599551,cam_4_1690298171_10-16-11.jpg
270,177,2774.5293908192425,1107.5631768141604,4147.877468830114,1939.6806320922808,cam_4_1690298171_10-16-11.jpg
270,195,2166.0854646037974,646.760417220079,2675.8118611919654,900.6730770739704,cam_4_1690298171_10-16-11.jpg
270,271,1592.3111762345925,475.8039477368027,2288.6929694498313,908.3487212437851,cam_4_1690298171_10-16-11.jpg
270,321,2304.2421774660215,458.63124893324084,2935.529270438847,742.4906128778821,cam_4_1690298171_10-16-11.jpg
270,336,1791.1447611033327,372.3553369177745,2191.6329140475727,533.3176345990437,cam_4_1690298171_10-16-11.jpg
270,343,2760.6896997911945,556.4443143970676,3162.669260052315,1068.1210596098265,cam_4_1690298171_10-16-11.jpg
271,153,1208.9727709087924,492.92012215422903,1963.7687857614687,947.7403147638565,cam_4_1690298321_10-18-41.jpg
271,171,2703.9889463131935,397.0676607735704,3096.4462600323473,598.1217380633227,cam_4_1690298321_10-18-41.jpg
271,177,2818.226889330267,1066.0359847114382,4073.8884660833687,1836.7967447396782,cam_4_1690298321_10-18-41.jpg
271,195,2162.9233711759894,646.9266346954005,2672.7553421549947,901.2600926120236,cam_4_1690298321_10-18-41.jpg
271,271,1577.9869475428577,469.03595119181387,2268.3010680894135,898.546833568344,cam_4_1690298321_10-18-41.jpg
271,321,2308.114177486408,460.12088296302807,2923.2056053074602,735.4424920486093,cam_4_1690298321_10-18-41.jpg
271,336,1669.892526311221,364.5647051922249,2048.6547524808643,513.68032176938,cam_4_1690298321_10-18-41.jpg
271,343,2718.564721165519,555.6115348370554,3123.6884089763503,1055.0538493626673,cam_4_1690298321_10-18-41.jpg
272,153,1200.4402782696757,493.88509376444057,1956.7463998529531,948.1473855923589,cam_4_1690298351_10-19-11.jpg
272,171,2703.6840277093106,393.96206752061084,3093.196450139729,595.1548341030117,cam_4_1690298351_10-19-11.jpg
272,177,2847.93777356244,1055.728403894448,4060.708401140048,1804.7590277789204,cam_4_1690298351_10-19-11.jpg
272,195,2162.7297368547042,649.0282520979316,2665.847316384188,898.9468527620195,cam_4_1690298351_10-19-11.jpg
272,271,1564.4720855604367,467.91194680699385,2256.576732990169,897.1319360934044,cam_4_1690298351_10-19-11.jpg
272,321,2298.4105010394837,494.73679141414965,2798.917430128286,725.1694268072029,cam_4_1690298351_10-19-11.jpg
272,336,1646.4440917977506,361.28317468438695,2055.889470011921,520.5665076657806,cam_4_1690298351_10-19-11.jpg
272,343,2759.509014648265,560.9560741216645,3154.271950041832,1046.2231032499424,cam_4_1690298351_10-19-11.jpg
273,153,1142.5723063742691,497.7608800394065,1894.5724928536852,942.3726271167536,cam_4_1690298666_10-24-26.jpg
273,171,2685.399084343313,396.7608008391684,3079.4487354271573,598.0015774372876,cam_4_1690298666_10-24-26.jpg
273,177,2854.06853951193,1025.1717637428394,4088.3247373236345,1773.9814407293256,cam_4_1690298666_10-24-26.jpg
273,195,2144.372793487748,647.6251205374015,2660.2913175540225,903.5424434804404,cam_4_1690298666_10-24-26.jpg
273,259,2310.7507521757652,461.4032008012859,2890.3783003090666,867.5809445726998,cam_4_1690298666_10-24-26.jpg
273,271,1527.3772656972803,464.608556381689,2213.403714655982,889.4576035862823,cam_4_1690298666_10-24-26.jpg
273,283,3441.268581128558,448.36754307001445,4033.118798080625,811.9057720500037,cam_4_1690298666_10-24-26.jpg
274,57,2736.9760206580604,948.090443312655,3667.065611712583,1715.0851483801182,cam_4_1690298681_10-24-41.jpg
274,153,1134.4008935172942,500.28450576975666,1890.2334223408038,943.5290479520875,cam_4_1690298681_10-24-41.jpg
274,171,2676.7031580523408,398.81827823234516,3077.036764673837,601.7033905287274,cam_4_1690298681_10-24-41.jpg
274,195,2142.460223728471,648.2201894718858,2660.178626206063,904.1053995608884,cam_4_1690298681_10-24-41.jpg
274,259,2296.593331885674,457.87377891498534,2896.996920423182,884.2961671533269,cam_4_1690298681_10-24-41.jpg
274,271,1512.7930415687752,460.19801858577114,2197.4414971045717,884.8838581865018,cam_4_1690298681_10-24-41.jpg
274,283,3449.7758475915907,441.56783289421026,4044.192953647989,810.3531234113138,cam_4_1690298681_10-24-41.jpg
274,348,1999.0416339644648,348.58385680626435,2307.278612683472,521.5892279717885,cam_4_1690298681_10-24-41.jpg
275,50,2480.235068890395,464.9819020763447,2898.8107970839565,693.6001723060696,cam_4_1690298891_10-28-11.jpg
275,153,1041.0513654127571,504.18126685040244,1777.136803060781,944.2169615771613,cam_4_1690298891_10-28-11.jpg
275,171,2677.4347799204284,397.41552412425744,3083.524943508298,602.9202811968339,cam_4_1690298891_10-28-11.jpg
275,177,2964.5299761490946,940.5073181909078,4081.2548801105777,1607.6186874559426,cam_4_1690298891_10-28-11.jpg
275,195,2139.88663790681,646.2243499361578,2667.1202162585146,907.398560445324,cam_4_1690298891_10-28-11.jpg
275,259,2291.436803254287,537.4376161997243,2741.5361551673973,835.5358939327111,cam_4_1690298891_10-28-11.jpg
275,271,1504.4525390670624,458.5243441835223,2191.415706009312,883.4040564302809,cam_4_1690298891_10-28-11.jpg
275,283,3449.458992883295,439.75592633045574,4046.137559232152,811.6089281304683,cam_4_1690298891_10-28-11.jpg
275,321,2332.9694568975856,510.15447361063116,2810.3410925541975,729.9286763320542,cam_4_1690298891_10-28-11.jpg
275,348,1985.36664712166,352.0356355911322,2307.153018061772,529.2305088873715,cam_4_1690298891_10-28-11.jpg
275,349,3612.144523273617,308.40027236608876,3947.8914366891972,514.2300748072828,cam_4_1690298891_10-28-11.jpg
276,50,2496.633430020105,464.74772103394207,2905.283554149435,690.1310661708565,cam_4_1690299071_10-31-11.jpg
276,153,1048.3555119177079,512.1355079832023,1792.5253579319242,949.6559478290689,cam_4_1690299071_10-31-11.jpg
276,171,2673.671882772916,399.9779015849439,3074.980399633266,600.7906845815783,cam_4_1690299071_10-31-11.jpg
276,177,3002.5633214218424,887.0689940464378,4049.935653764707,1516.797346306735,cam_4_1690299071_10-31-11.jpg
276,195,2134.342273009661,640.5319428050398,2669.1293544719774,906.0011563523042,cam_4_1690299071_10-31-11.jpg
276,259,2289.3739250780072,569.1377709795242,2679.2266536766106,815.2551748476819,cam_4_1690299071_10-31-11.jpg
276,271,1487.123205795771,457.25830283350876,2176.316418421099,880.6546671860814,cam_4_1690299071_10-31-11.jpg
276,283,3447.6170241401146,442.41133948955064,4046.5212515998132,814.9410696200209,cam_4_1690299071_10-31-11.jpg
276,321,2329.719645454567,508.7419446356083,2818.4204940153395,734.1109654524773,cam_4_1690299071_10-31-11.jpg
276,348,1992.9327828023524,352.86694298343974,2314.9116045534984,525.3346963565737,cam_4_1690299071_10-31-11.jpg
276,349,3596.970454988407,312.0505156093833,3929.6901090371052,515.2344222014818,cam_4_1690299071_10-31-11.jpg
277,50,2497.7690232202494,466.8671621399364,2906.6036561700216,693.4332206243754,cam_4_1690299176_10-32-56.jpg
277,153,1023.624860956032,514.7538656147774,1790.7005333287293,961.2833769453597,cam_4_1690299176_10-32-56.jpg
277,171,2668.4625606815853,398.82199512314367,3082.7866923559022,605.6772044853735,cam_4_1690299176_10-32-56.jpg
277,177,3046.699417882976,821.1934118429831,4051.049095780507,1433.8427795043576,cam_4_1690299176_10-32-56.jpg
277,195,2122.055253547209,632.5240862593764,2672.6623712546093,907.0366671592797,cam_4_1690299176_10-32-56.jpg
277,201,3400.355498955041,443.89836371822634,4146.173163812648,819.9088855172006,cam_4_1690299176_10-32-56.jpg
277,259,2279.4537740536603,579.66270702109,2663.4478244126926,811.6995596974572,cam_4_1690299176_10-32-56.jpg
277,271,1472.6654570328265,458.283870897553,2160.509680405967,879.076781591428,cam_4_1690299176_10-32-56.jpg
277,321,2323.0198495587065,509.13393322511297,2821.4722514211753,738.9171251152211,cam_4_1690299176_10-32-56.jpg
277,348,1994.6748073754707,351.40412251322823,2323.22177908046,522.2907707145007,cam_4_1690299176_10-32-56.jpg
277,349,3618.7837529928315,305.6780470014929,3944.0116970046934,505.1333567390353,cam_4_1690299176_10-32-56.jpg
277,350,2191.1961735066816,289.55308982295617,2605.1948227402568,455.14437177460997,cam_4_1690299176_10-32-56.jpg
278,171,2653.5116315443433,395.55412635820664,3071.0468807073016,607.7782279325611,cam_4_1690299506_10-38-26.jpg
278,195,2058.9077516009593,607.5079018397302,2848.6831879035212,1004.0152858492678,cam_4_1690299506_10-38-26.jpg
278,201,3406.784853498429,448.61536590327734,4147.7282690922875,827.2021153874721,cam_4_1690299506_10-38-26.jpg
278,271,1470.9369969695076,456.32782721884223,2168.0141337712303,879.9744563159209,cam_4_1690299506_10-38-26.jpg
278,321,2336.920288733932,456.9586597602901,2809.9306967206876,674.6179391261448,cam_4_1690299506_10-38-26.jpg
278,349,3621.16019265912,330.8447958559399,3929.6957258590965,520.2983369145511,cam_4_1690299506_10-38-26.jpg
279,50,2501.6251960309614,471.89885497249634,2902.4902198792815,693.1938084488154,cam_4_1690299581_10-39-41.jpg
279,195,1995.741739196399,601.7769847498575,2873.721310628046,1045.707072288401,cam_4_1690299581_10-39-41.jpg
279,201,3403.9152573814285,449.99746657485656,4138.431997095942,825.273649887908,cam_4_1690299581_10-39-41.jpg
279,271,1470.568703026782,452.4965576319397,2170.58484238665,877.1142657580259,cam_4_1690299581_10-39-41.jpg
279,321,2360.4508437310733,491.8968762558209,2780.157890513514,678.5148502548352,cam_4_1690299581_10-39-41.jpg
279,349,3618.6929348903136,342.301493460934,3917.762636994397,525.3686429747963,cam_4_1690299581_10-39-41.jpg
280,50,2504.7483111927872,473.303711840005,2904.760685460895,694.2651709509828,cam_4_1690299731_10-42-11.jpg
280,201,3386.7306842178073,453.3412873054547,4102.246706065338,822.1427018408103,cam_4_1690299731_10-42-11.jpg
280,271,1460.0874582874217,407.83729346083027,2072.17961533469,780.0196617843192,cam_4_1690299731_10-42-11.jpg
280,321,2348.5740209102587,510.9701276614042,2833.0280044034484,726.9402442608655,cam_4_1690299731_10-42-11.jpg
280,349,3545.7843343887466,348.4790632574038,3809.6135459066413,509.7184129351987,cam_4_1690299731_10-42-11.jpg
280,351,2748.089182701409,1064.888381263726,4329.820953067574,1976.6426817314702,cam_4_1690299731_10-42-11.jpg
280,352,2846.347620147355,331.9055431624641,3053.2970694898263,700.8176526898269,cam_4_1690299731_10-42-11.jpg
280,353,2049.603564150715,465.52609182110075,2377.6093992226306,659.5180927812008,cam_4_1690299731_10-42-11.jpg
281,50,2501.5502742802305,472.0797763163304,2903.6966289375873,694.3783577586835,cam_4_1690299746_10-42-26.jpg
281,201,3314.7254658943157,439.16805762636886,4005.478945904953,816.5974692847713,cam_4_1690299746_10-42-26.jpg
281,271,1367.6433613541801,395.92197793841865,1938.006516807462,743.6444338845026,cam_4_1690299746_10-42-26.jpg
281,321,2342.6043857568097,515.2214801317358,2847.5456307103796,740.8074286681294,cam_4_1690299746_10-42-26.jpg
281,351,2734.431806614867,1070.6016620919045,4266.705981936847,1957.8811241031865,cam_4_1690299746_10-42-26.jpg
281,352,2818.121034638803,328.1151846032319,3031.391018937096,691.6320216468143,cam_4_1690299746_10-42-26.jpg
281,353,2041.3042615825664,467.0778650766504,2377.7465114248694,665.6545977683279,cam_4_1690299746_10-42-26.jpg
282,50,2500.616689367846,475.78637478210055,2898.6576281402413,695.1925802735759,cam_4_1690299776_10-42-56.jpg
282,293,2344.2929520848566,588.4001690923519,2716.704439401193,813.9498364895315,cam_4_1690299776_10-42-56.jpg
282,294,1212.7485799274307,412.94233488905155,1737.853736557935,787.9183612507688,cam_4_1690299776_10-42-56.jpg
282,321,2341.1060190910107,516.8521421367759,2854.434156362098,746.6605800064882,cam_4_1690299776_10-42-56.jpg
282,351,2792.970923181535,1066.1514281248794,4298.224816795502,1936.387967771249,cam_4_1690299776_10-42-56.jpg
282,352,2808.6552766333034,329.72232319167256,3032.304144601467,692.3363211447447,cam_4_1690299776_10-42-56.jpg
282,353,2071.3848054469804,466.81744453400006,2339.9923874104024,621.8212513695071,cam_4_1690299776_10-42-56.jpg
282,355,884.251207509363,755.9653832279815,1939.4763628919666,1333.6933763954112,cam_4_1690299776_10-42-56.jpg
283,57,2963.938664160995,1005.3269577721321,4033.247383210883,1862.9133540004573,cam_4_1690299911_10-45-11.jpg
283,312,1475.7952276073586,368.5191937051821,1848.0775582405129,691.521347621624,cam_4_1690299911_10-45-11.jpg
283,321,2180.2571258081184,514.8585704570944,2982.259956894277,889.3321797561723,cam_4_1690299911_10-45-11.jpg
283,352,2798.3382656592653,333.474557594672,3030.7596294471687,685.8847651722702,cam_4_1690299911_10-45-11.jpg
283,353,2053.9693871986756,471.1846349768995,2355.2123538269243,644.0670251138017,cam_4_1690299911_10-45-11.jpg
283,355,596.5993043505277,635.3164397077745,1696.3634899300682,1240.2072875683025,cam_4_1690299911_10-45-11.jpg
284,50,2509.268056965397,476.9094131967127,2903.222175600802,694.1475018730872,cam_4_1690299941_10-45-41.jpg
284,57,2944.1316363648148,994.0509821532078,4038.7710622243094,1862.97143039117,cam_4_1690299941_10-45-41.jpg
284,312,1466.1645479168023,363.95523773155276,1817.928915031423,679.3184920569602,cam_4_1690299941_10-45-41.jpg
284,321,2077.9387732292266,507.45593687410576,2900.773707747961,909.4596751154684,cam_4_1690299941_10-45-41.jpg
284,352,2795.3778215750885,333.7451823513124,3042.686162317351,688.2037026939295,cam_4_1690299941_10-45-41.jpg
284,353,2048.8501024332654,467.2863873852508,2349.3424857627706,638.3813150246652,cam_4_1690299941_10-45-41.jpg
284,355,469.598235945214,606.5578392109313,1512.9087212835434,1181.0135263204347,cam_4_1690299941_10-45-41.jpg
284,358,1824.5066871206552,568.20752467372,2159.870564342207,777.2869004382794,cam_4_1690299941_10-45-41.jpg
285,50,2511.800147067368,477.1154278347675,2908.140909011605,696.3012480491309,cam_4_1690299956_10-45-56.jpg
285,57,2977.310895890391,992.721245347038,4061.7391015664266,1826.5406536659407,cam_4_1690299956_10-45-56.jpg
285,293,2317.8129289590565,577.8332427309215,2721.331947838215,815.2841993899913,cam_4_1690299956_10-45-56.jpg
285,310,1489.1885431289402,364.7149852926275,1665.69945468839,691.2367791161489,cam_4_1690299956_10-45-56.jpg
285,321,2060.890470505765,570.0961564939721,2737.335204814168,904.1131187832059,cam_4_1690299956_10-45-56.jpg
285,352,2792.3840405266737,332.3264644913846,3057.235908743725,692.6958067409519,cam_4_1690299956_10-45-56.jpg
285,353,2063.4114851669165,467.22572608730957,2362.352958745889,634.6893675025453,cam_4_1690299956_10-45-56.jpg
285,355,427.13311854839674,602.3728034383539,1447.964801638219,1165.3614513857935,cam_4_1690299956_10-45-56.jpg
285,358,1770.5884865062733,567.8970872370368,2099.714876318297,769.8858651543813,cam_4_1690299956_10-45-56.jpg
285,359,1500.4191330328044,701.008832506574,2022.6693235921787,1490.8590408375776,cam_4_1690299956_10-45-56.jpg
286,50,2509.008601060052,472.424732486475,2910.607872223558,694.9498193522966,cam_4_1690299986_10-46-26.jpg
286,57,2781.9322346055146,1101.8209195780653,3996.0414634938606,2014.575563785776,cam_4_1690299986_10-46-26.jpg
286,246,829.6478360490194,612.3421267067521,1563.3508292273089,1235.4711674949021,cam_4_1690299986_10-46-26.jpg
286,293,2304.1746706199447,573.1386032213144,2727.5990181900092,818.6210594006981,cam_4_1690299986_10-46-26.jpg
286,310,1477.2319680594564,375.9121830941974,1668.9352309234268,730.3867828772713,cam_4_1690299986_10-46-26.jpg
286,321,2031.235452508836,592.4053943537663,2661.396754885518,906.2520578078017,cam_4_1690299986_10-46-26.jpg
286,351,2953.7307449699965,986.96165773756,4224.003773232868,1715.0199778297228,cam_4_1690299986_10-46-26.jpg
286,352,2782.3712909473447,336.0632810887284,3057.8371825713393,689.6757816531381,cam_4_1690299986_10-46-26.jpg
286,353,2072.207849869018,468.1100456803713,2379.69147645406,636.6309005882872,cam_4_1690299986_10-46-26.jpg
286,358,1739.6230497293234,563.728420783247,2060.382320780033,758.024359199251,cam_4_1690299986_10-46-26.jpg
287,50,2508.8976976044623,474.2603851069733,2907.1480905618987,694.4983035416712,cam_4_1690300061_10-47-41.jpg
287,57,2726.359144561172,1135.323904556986,4075.519609839268,2144.245645335191,cam_4_1690300061_10-47-41.jpg
287,153,613.421140830771,585.935286576283,1626.8900748032975,1189.1221956170884,cam_4_1690300061_10-47-41.jpg
287,293,2302.8969741540523,573.2371669235519,2729.9151187133225,818.4156017989379,cam_4_1690300061_10-47-41.jpg
287,321,2023.1923142967928,602.9610390245166,2625.9811344494183,904.6481179591691,cam_4_1690300061_10-47-41.jpg
287,350,2010.0810977923165,467.2317067537457,2435.8863074200617,638.5333141651425,cam_4_1690300061_10-47-41.jpg
287,351,2840.7670613551513,973.165600400828,4210.688862674966,1772.4618149468615,cam_4_1690300061_10-47-41.jpg
287,352,2770.2881403941074,337.5921179586627,3058.36008054694,688.0894395245778,cam_4_1690300061_10-47-41.jpg
287,360,2378.386591681724,514.5127624206825,2863.6949745575325,746.2485184187245,cam_4_1690300061_10-47-41.jpg
288,50,2534.226713942985,481.2085807256094,2906.7683975839554,686.8869419798266,cam_4_1690300166_10-49-26.jpg
288,57,2784.020055937434,1154.0937440981147,4037.790134575948,2073.9496565852305,cam_4_1690300166_10-49-26.jpg
288,153,580.7806606170834,592.809123956646,1607.2948302599448,1218.0514097491687,cam_4_1690300166_10-49-26.jpg
288,293,2299.4510951424218,570.1370349625892,2707.2475417445853,798.828199231331,cam_4_1690300166_10-49-26.jpg
288,321,2012.2784269874892,600.9874008024777,2618.1193019020757,906.4951075636159,cam_4_1690300166_10-49-26.jpg
288,348,2046.5428069659292,465.81819602402726,2372.0013572797834,632.1905225705318,cam_4_1690300166_10-49-26.jpg
288,351,2974.0446856722483,964.936787303938,4186.581604444229,1657.8701936409393,cam_4_1690300166_10-49-26.jpg
288,352,2749.2598476870353,335.17021756997383,3048.531981121996,679.7497370930921,cam_4_1690300166_10-49-26.jpg
288,360,2370.0680605349226,509.2142086868422,2834.139968998623,730.1457881137561,cam_4_1690300166_10-49-26.jpg
289,50,2519.878952535065,476.68311092306806,2908.888634580889,692.1741213405935,cam_4_1690300226_10-50-26.jpg
289,57,2834.713210344787,1152.045747174444,4050.668332496128,2022.7448894085524,cam_4_1690300226_10-50-26.jpg
289,153,571.5920151943458,601.8715912685097,1592.220655373887,1238.058825219794,cam_4_1690300226_10-50-26.jpg
289,201,3347.300814631128,561.8452990447751,4091.735904580592,971.9414007641637,cam_4_1690300226_10-50-26.jpg
289,293,2292.077921837405,570.6416147940992,2726.23860136482,812.7218373543516,cam_4_1690300226_10-50-26.jpg
289,321,2015.0497107471303,599.983277480019,2615.022751387969,904.1734913455462,cam_4_1690300226_10-50-26.jpg
289,348,2056.7151554999436,467.60914453730607,2379.0745290676227,629.2570301433291,cam_4_1690300226_10-50-26.jpg
289,351,2869.9066286881034,984.1554395821023,4217.871138168486,1767.1243548683083,cam_4_1690300226_10-50-26.jpg
289,352,2737.09536542052,335.8704401381673,3053.2009847903364,682.5982233247905,cam_4_1690300226_10-50-26.jpg
289,360,2362.7997492154996,509.85571482799514,2847.627661110894,740.8783389247469,cam_4_1690300226_10-50-26.jpg
290,50,2511.1126302960065,470.4063544879159,2912.721799628426,694.6096828004215,cam_4_1690300301_10-51-41.jpg
290,57,2856.7651244429285,1153.9160375427086,4044.6176855088734,1977.0593376768722,cam_4_1690300301_10-51-41.jpg
290,153,554.1800644593226,604.5105649194065,1570.083809675656,1251.9725484069381,cam_4_1690300301_10-51-41.jpg
290,201,3332.144399902545,567.828680823291,4070.55621365931,982.9102497575992,cam_4_1690300301_10-51-41.jpg
290,293,2291.094168562569,570.4738264384325,2731.891326771739,815.5327093347657,cam_4_1690300301_10-51-41.jpg
290,321,2018.3649067541128,599.4101584242168,2610.69811294018,901.0534255421877,cam_4_1690300301_10-51-41.jpg
290,348,2041.3450592929792,470.0823854593384,2369.3352622146685,633.0694065854864,cam_4_1690300301_10-51-41.jpg
290,352,2722.410227369854,336.2441193570738,3047.9761814222197,676.8586600470143,cam_4_1690300301_10-51-41.jpg
290,360,2348.761919961622,508.1811122511062,2846.299225107008,745.1176309856837,cam_4_1690300301_10-51-41.jpg
290,362,1699.520038346099,558.3983049849338,2124.057573465233,755.0911480991956,cam_4_1690300301_10-51-41.jpg
291,50,2524.794461945441,475.04044763052923,2923.4063353320416,699.4890875912727,cam_4_1690300421_10-53-41.jpg
291,57,2846.8623233030908,1146.2310773014487,4072.096119630499,1978.2337625360324,cam_4_1690300421_10-53-41.jpg
291,201,3348.4917883949847,570.9494098116189,4101.55717188647,991.2645707934444,cam_4_1690300421_10-53-41.jpg
291,246,753.2735392692335,610.1244741837318,1526.042447255154,1262.953986039291,cam_4_1690300421_10-53-41.jpg
291,293,2276.4818828248317,566.484235667606,2733.1612898538706,819.1378707386962,cam_4_1690300421_10-53-41.jpg
291,321,2025.0306034748717,599.7555442372087,2611.9327271941174,900.3188323008756,cam_4_1690300421_10-53-41.jpg
291,348,2046.7533950417637,471.7097044544953,2378.7292370770174,634.0651738759691,cam_4_1690300421_10-53-41.jpg
291,351,2894.3446345580005,980.6640760312268,4176.895734543585,1732.5532586425782,cam_4_1690300421_10-53-41.jpg
291,352,2704.0916249171546,338.26241948367374,3043.873250139843,678.8967940776547,cam_4_1690300421_10-53-41.jpg
291,360,2361.6948934573184,510.764323831842,2858.9712877095876,748.0766233251857,cam_4_1690300421_10-53-41.jpg
291,362,1703.3011384098122,557.9709208304128,2133.813067804715,757.495772689327,cam_4_1690300421_10-53-41.jpg
291,364,2924.8914868740235,992.9493889980201,3869.5799933400526,1366.3073963662898,cam_4_1690300421_10-53-41.jpg
292,50,2510.6044696473705,469.97127724718837,2917.9026321418955,699.806937341437,cam_4_1690300451_10-54-11.jpg
292,57,2811.9510947903063,1142.7085864150527,4041.582051743997,1968.5327150181288,cam_4_1690300451_10-54-11.jpg
292,201,3330.67740812562,570.0971527379601,4066.7976614705753,989.4639157004799,cam_4_1690300451_10-54-11.jpg
292,246,724.1280993804287,607.7329006379584,1500.5734057923696,1255.7102425664953,cam_4_1690300451_10-54-11.jpg
292,293,2277.4316207599595,567.32615027182,2734.768089096,819.4119880974212,cam_4_1690300451_10-54-11.jpg
292,321,2025.4296830719663,598.9795988565286,2607.2810449485896,898.166031416102,cam_4_1690300451_10-54-11.jpg
292,348,2041.656677388663,471.46240384082085,2372.5218133327703,632.1653437010984,cam_4_1690300451_10-54-11.jpg
292,351,2852.339243193681,966.8603327050007,4182.089089791777,1757.1981946462815,cam_4_1690300451_10-54-11.jpg
292,352,2694.6597359061625,337.23354330486336,3049.6934886402305,680.3624583656784,cam_4_1690300451_10-54-11.jpg
292,360,2361.425810706338,510.2369343662134,2859.6153395462843,748.5709531478615,cam_4_1690300451_10-54-11.jpg
292,362,1697.7988037471453,557.2166816238905,2129.6288604245315,757.5282265992715,cam_4_1690300451_10-54-11.jpg
292,364,2897.863247533979,973.2033514097849,3880.6485186420578,1363.0004341644471,cam_4_1690300451_10-54-11.jpg
293,57,2817.976842218909,1143.1237200465544,4055.442583145968,1960.9192893559925,cam_4_1690300481_10-54-41.jpg
293,201,3360.3271790161734,570.6525117514025,4106.499321489427,991.7606546724171,cam_4_1690300481_10-54-41.jpg
293,246,697.2687746677655,608.467781299503,1482.6263737777458,1256.9169578886806,cam_4_1690300481_10-54-41.jpg
293,293,2276.405934069029,567.8361579800384,2739.1773119105883,823.1488033606347,cam_4_1690300481_10-54-41.jpg
293,321,2060.371587488977,611.0830462808965,2611.182546398679,895.8818189072983,cam_4_1690300481_10-54-41.jpg
293,348,2035.0154543881715,471.97357445861905,2378.7442110737957,638.1875998057869,cam_4_1690300481_10-54-41.jpg
293,352,2719.8544314527207,342.1558063993008,3074.8727889747324,678.1260683445555,cam_4_1690300481_10-54-41.jpg
293,360,2306.0654466347282,457.7428643881643,2910.426118328727,751.1992433404042,cam_4_1690300481_10-54-41.jpg
293,362,1712.5685605424146,553.9283606439562,2152.1766914651944,756.3593195013711,cam_4_1690300481_10-54-41.jpg
293,364,2936.8695829577814,981.4697532342099,3883.547638466392,1357.0852905211984,cam_4_1690300481_10-54-41.jpg
294,57,2800.5563466820704,1129.445341415976,4029.473654176039,1928.6644253262411,cam_4_1690300526_10-55-26.jpg
294,201,3350.805305561914,568.113547684677,4078.7841717675233,980.1343966803154,cam_4_1690300526_10-55-26.jpg
294,246,733.2728719887808,612.1070156412048,1511.9595619430506,1271.6233141769712,cam_4_1690300526_10-55-26.jpg
294,293,2269.0692402577984,564.2827259681487,2739.9637954790423,823.7544439865289,cam_4_1690300526_10-55-26.jpg
294,321,2046.6015023195605,608.112179241287,2606.21824631689,898.483714434363,cam_4_1690300526_10-55-26.jpg
294,348,2032.2297448336262,473.74055556233986,2372.84340385971,638.3898883358601,cam_4_1690300526_10-55-26.jpg
294,352,2708.0743334705526,335.4174909606369,3078.7342350363697,681.2815004778467,cam_4_1690300526_10-55-26.jpg
294,362,1702.0292199982953,554.4728504263377,2136.690303364009,754.6505686384471,cam_4_1690300526_10-55-26.jpg
294,364,2893.9826001709985,965.5004000581896,3804.0857842998503,1325.2272596157654,cam_4_1690300526_10-55-26.jpg
295,57,2506.3841213767955,1117.9048487966647,3741.770864756376,1916.7789771731602,cam_4_1690300706_10-58-26.jpg
295,201,3371.1340945212937,562.2978940899001,4094.667602447859,966.7695717370069,cam_4_1690300706_10-58-26.jpg
295,246,700.8460289329807,600.3298317134224,1488.8562782109727,1256.904664055797,cam_4_1690300706_10-58-26.jpg
295,293,2268.1377713247657,563.3712780939122,2741.0817024407334,823.2062251756171,cam_4_1690300706_10-58-26.jpg
295,321,2040.6453514642787,604.3112121511033,2608.199104243441,900.0986810001098,cam_4_1690300706_10-58-26.jpg
295,348,2039.364348050545,472.3014091418801,2376.6088432007036,633.746778265999,cam_4_1690300706_10-58-26.jpg
295,351,2895.6962789532163,965.807122005579,4118.3405566222755,1685.0974499442536,cam_4_1690300706_10-58-26.jpg
295,352,2709.5173479503396,333.1960662352998,3085.6604236901426,677.5199372659742,cam_4_1690300706_10-58-26.jpg
295,362,1699.089332789533,556.4476579677907,2130.4997706138665,755.8136547916562,cam_4_1690300706_10-58-26.jpg
296,50,2513.5016396044603,472.6649170508872,2908.137499968654,695.5884264821293,cam_4_1690300826_11-00-26.jpg
296,57,2358.4092586930938,1106.1515966061074,3642.075278433148,1932.5845808326148,cam_4_1690300826_11-00-26.jpg
296,153,563.8311498207502,591.4790477584609,1542.6946318659545,1217.7445743925819,cam_4_1690300826_11-00-26.jpg
296,201,3371.522523227553,558.8123869285155,4102.482596735831,965.2957057168385,cam_4_1690300826_11-00-26.jpg
296,293,2279.761085617106,570.2090893830381,2735.504857662809,819.5662336703541,cam_4_1690300826_11-00-26.jpg
296,321,2038.3917164883853,600.7154903014559,2610.054603558564,900.2341663245743,cam_4_1690300826_11-00-26.jpg
296,348,2040.7506623323425,470.22912406165733,2372.5184217802416,627.4738728849659,cam_4_1690300826_11-00-26.jpg
296,351,2994.5719742016936,979.7649509763482,4109.892184834922,1607.5178781570758,cam_4_1690300826_11-00-26.jpg
296,352,2713.15853890971,334.4936302973093,3095.6776295670816,679.9133032821223,cam_4_1690300826_11-00-26.jpg
296,362,1700.708018623155,556.3558112954356,2131.437182698458,755.5199766181034,cam_4_1690300826_11-00-26.jpg
297,50,2511.852738960452,472.1243508973261,2905.1225338265626,694.4784812299887,cam_4_1690300856_11-00-56.jpg
297,57,2333.2140754884485,1100.3216760643754,3610.845790592132,1921.0459362079603,cam_4_1690300856_11-00-56.jpg
297,153,609.777436752306,589.9754253173553,1586.078216111418,1229.920025601555,cam_4_1690300856_11-00-56.jpg
297,201,3355.7059355523506,558.0182395046187,4086.679439127198,965.6029885273036,cam_4_1690300856_11-00-56.jpg
297,293,2280.5069105337784,570.6278228983012,2735.3376075266074,818.9331609170279,cam_4_1690300856_11-00-56.jpg
297,321,2036.2418431691517,598.506004277338,2606.7744817761754,898.3288774159213,cam_4_1690300856_11-00-56.jpg
297,348,2043.0798987396515,470.6412724262538,2375.401752613419,626.8208194778683,cam_4_1690300856_11-00-56.jpg
297,351,2838.286561613916,991.8869496818021,4150.2584424384095,1741.6227052811978,cam_4_1690300856_11-00-56.jpg
297,352,2731.163897427186,338.6115975184247,3113.7257411877163,681.9959728445208,cam_4_1690300856_11-00-56.jpg
297,360,2340.6380646317207,500.2733970757665,2850.860903797255,746.2190367996316,cam_4_1690300856_11-00-56.jpg
297,362,1700.1847704992272,555.7342036761862,2127.5091256403434,753.8276684636708,cam_4_1690300856_11-00-56.jpg
298,50,2509.8129648911017,474.4892537405,2897.8849177153797,693.3270566856019,cam_4_1690300871_11-01-11.jpg
298,57,2324.6732826463663,1098.3267492820266,3593.9921007129633,1911.1339597067267,cam_4_1690300871_11-01-11.jpg
298,153,627.6418248958089,599.7617852445335,1561.7651348551558,1222.4394565766797,cam_4_1690300871_11-01-11.jpg
298,177,2764.027401658075,968.2885231086664,3749.094435333028,1575.710683235319,cam_4_1690300871_11-01-11.jpg
298,201,3364.5325488332314,559.6681695075197,4074.031181864968,955.5487293290529,cam_4_1690300871_11-01-11.jpg
298,293,2276.0132065980747,570.1778040075864,2730.936788839379,817.7352116310266,cam_4_1690300871_11-01-11.jpg
298,321,2043.2676880670774,601.004625547436,2602.5020859004912,895.5062011088224,cam_4_1690300871_11-01-11.jpg
298,348,2043.2234316466947,469.96065998135214,2377.1643758763657,625.6601002726543,cam_4_1690300871_11-01-11.jpg
298,352,2716.3422431880467,334.0783307779554,3066.869351277512,645.0118020143675,cam_4_1690300871_11-01-11.jpg
298,360,2348.8488884847284,509.27731589756706,2839.703186766767,744.515369396981,cam_4_1690300871_11-01-11.jpg
298,362,1700.1891542571616,556.9931159831729,2126.371756704573,755.1037477339567,cam_4_1690300871_11-01-11.jpg
299,50,2517.08941787494,474.3725629946987,2892.8853508835405,686.2740023013146,cam_4_1690300976_11-02-56.jpg
299,57,2534.409111868783,1107.8198373506398,3871.541350113816,1967.110790789429,cam_4_1690300976_11-02-56.jpg
299,153,698.3560969878333,591.1679108146948,1603.4162539472916,1207.9534867222587,cam_4_1690300976_11-02-56.jpg
299,171,2699.011503210973,397.50993865425903,3089.688981690292,596.7363760596127,cam_4_1690300976_11-02-56.jpg
299,283,3205.0126284220673,550.385932747243,3870.1095556949285,962.1645109360654,cam_4_1690300976_11-02-56.jpg
299,293,2286.2968182180075,575.97909479048,2730.783866037715,817.2916291409301,cam_4_1690300976_11-02-56.jpg
299,321,2042.5235801880212,604.9650635345688,2595.1414042295887,895.7474815262723,cam_4_1690300976_11-02-56.jpg
299,348,2041.0136658967724,472.4649623121387,2375.79814814804,627.2144684569363,cam_4_1690300976_11-02-56.jpg
299,351,2964.012509462996,978.2763062210694,4086.3849888310297,1621.1198946061663,cam_4_1690300976_11-02-56.jpg
299,352,2686.9493920161926,400.4609042089758,2975.5781394087467,638.5728966075073,cam_4_1690300976_11-02-56.jpg
299,360,2351.304574895189,513.8327654913387,2836.6166689830216,745.1195988183596,cam_4_1690300976_11-02-56.jpg
299,362,1704.013257440261,559.0809717515843,2129.4694089418144,757.3215811048818,cam_4_1690300976_11-02-56.jpg
300,57,2696.16190804569,1105.495354639158,4013.9626886029587,1934.5119552087976,cam_4_1690301156_11-05-56.jpg
300,153,646.2952637261124,624.9521861351006,1540.2679332335574,1238.028632498349,cam_4_1690301156_11-05-56.jpg
300,171,2689.974356427909,399.83216166672383,3084.6574854607766,600.39339107877,cam_4_1690301156_11-05-56.jpg
300,201,3346.0970707262413,561.288154175618,4096.024705867211,982.1039778202178,cam_4_1690301156_11-05-56.jpg
300,293,2298.8767284673863,582.9488224962939,2739.1985169947193,822.6324868580259,cam_4_1690301156_11-05-56.jpg
300,321,2047.947784533313,613.1430936041121,2587.1074529801062,895.345989327115,cam_4_1690301156_11-05-56.jpg
300,348,2030.9788290466397,472.9447111914733,2379.0218056149824,633.9220227684377,cam_4_1690301156_11-05-56.jpg
300,352,2717.381770578677,437.8942900632725,2977.2852801833023,642.7352692079984,cam_4_1690301156_11-05-56.jpg
300,360,2268.209808393766,456.1959460854814,2880.0444711898454,757.6593993591098,cam_4_1690301156_11-05-56.jpg
301,50,2504.896237280132,474.1427147707848,2898.514142087259,697.6425479343338,cam_4_1690301726_11-15-26.jpg
301,57,2729.3804797614125,1095.3680632088879,4061.350804009914,1932.53841594,cam_4_1690301726_11-15-26.jpg
301,153,625.1320817863511,656.2345925985309,1455.7611481910053,1203.2595433232677,cam_4_1690301726_11-15-26.jpg
301,171,2700.6900473490596,399.85819249214387,3084.672483366993,593.5038846992558,cam_4_1690301726_11-15-26.jpg
301,195,2598.223881417568,440.71628907969944,3031.957658492751,661.0226559407502,cam_4_1690301726_11-15-26.jpg
301,293,2319.073838749651,587.5563475804732,2744.302488137379,819.5912758602917,cam_4_1690301726_11-15-26.jpg
301,321,2050.7696151884543,613.9940434756277,2585.3179778409553,892.4961207263287,cam_4_1690301726_11-15-26.jpg
301,353,2101.056814845073,472.78714765538274,2392.1246974251562,629.7125533495137,cam_4_1690301726_11-15-26.jpg
301,362,1700.5583818400985,563.5244121346336,2112.4706316776137,755.842229726238,cam_4_1690301726_11-15-26.jpg
302,50,2498.454524116311,468.6549124658006,2900.244802613687,698.4379805538467,cam_4_1690301906_11-18-26.jpg
302,153,676.1428816077062,667.362427027123,1579.9011284836338,1261.1196007546223,cam_4_1690301906_11-18-26.jpg
302,171,2690.7340815072544,395.63824597059136,3091.2552478126013,598.2709912525361,cam_4_1690301906_11-18-26.jpg
302,195,2615.9407447656104,437.7943354486051,3028.8933957278346,647.3566904507009,cam_4_1690301906_11-18-26.jpg
302,293,2328.321956535885,589.4527022123165,2742.6757182025726,815.3093170054515,cam_4_1690301906_11-18-26.jpg
302,321,2095.516727001321,621.6838286475753,2609.1462494463153,892.0253788019814,cam_4_1690301906_11-18-26.jpg
302,353,2113.6018441190745,471.44426899305734,2393.769536424404,618.8482596027135,cam_4_1690301906_11-18-26.jpg
302,362,1680.7218543802078,573.8655557455716,2041.4250551278217,745.7378416284956,cam_4_1690301906_11-18-26.jpg
303,50,2496.490477857116,463.9536664277984,2900.3062747515614,696.1327630991186,cam_4_1690301921_11-18-41.jpg
303,153,713.4027409352241,674.3487214551403,1645.7603374737196,1275.3776521390446,cam_4_1690301921_11-18-41.jpg
303,171,2686.6711932212843,395.8873125863336,3089.344578985181,600.6120711168724,cam_4_1690301921_11-18-41.jpg
303,195,2622.5891237492924,438.0545230469964,3026.4695016417772,641.9677657763933,cam_4_1690301921_11-18-41.jpg
303,259,2416.307919788322,508.25817678538425,2777.9874009876476,726.0644524844715,cam_4_1690301921_11-18-41.jpg
303,293,2332.250578993349,588.7258052758687,2731.645860687258,805.0455170283935,cam_4_1690301921_11-18-41.jpg
303,321,2116.098029554239,625.67249113821,2617.206250515727,891.1105567066927,cam_4_1690301921_11-18-41.jpg
303,369,1884.4179585670067,383.42520480261294,2173.2023898903008,582.8275889346235,cam_4_1690301921_11-18-41.jpg
304,50,2507.3081668630784,463.3908642478261,2864.378927500353,666.4847760251994,cam_4_1690302011_11-20-11.jpg
304,171,2686.105276738487,394.99915587883714,3101.0804382491283,607.8645890194919,cam_4_1690302011_11-20-11.jpg
304,195,2622.664130949793,434.22280948541334,3033.123057309481,642.5781681501544,cam_4_1690302011_11-20-11.jpg
304,321,2078.5877777117676,534.6182257833536,2705.770029121252,882.0597729228674,cam_4_1690302011_11-20-11.jpg
304,359,1196.9981246649627,606.9055973026545,1645.4552243190885,1290.3591834173258,cam_4_1690302011_11-20-11.jpg
304,369,1891.38859426877,383.31236493490445,2176.6667233328612,575.8875471774106,cam_4_1690302011_11-20-11.jpg
304,371,1908.7066475356705,506.54781043847424,2154.2233397908276,1064.336260910877,cam_4_1690302011_11-20-11.jpg
304,372,2537.6343715038506,624.1549785344461,3170.535929231055,1137.660565994387,cam_4_1690302011_11-20-11.jpg
304,373,3707.314561850044,302.7782611115068,4053.2715328345544,564.4335730584,cam_4_1690302011_11-20-11.jpg
305,50,2522.7417406240484,470.6405017715463,2831.739153233445,641.6375322453167,cam_4_1690302086_11-21-26.jpg
305,153,677.287960595001,648.7953926761141,1663.7324027474037,1290.709947242844,cam_4_1690302086_11-21-26.jpg
305,171,2691.420272060655,396.16437054571304,3098.3732801148512,605.7992229965431,cam_4_1690302086_11-21-26.jpg
305,195,2624.973128523531,433.27115408511196,3035.1089999492733,642.9500486808927,cam_4_1690302086_11-21-26.jpg
305,321,2060.981512382006,509.41540850029014,2742.284479869109,898.851231867477,cam_4_1690302086_11-21-26.jpg
305,369,1897.0998182464452,384.0629040697395,2176.663735793498,565.9858646296062,cam_4_1690302086_11-21-26.jpg
305,371,1911.702061135826,496.7647208271692,2157.5403774044403,1045.2659602232873,cam_4_1690302086_11-21-26.jpg
305,372,2534.5115595372554,595.0425635259604,3148.724208320778,1096.3685980464124,cam_4_1690302086_11-21-26.jpg
305,373,3672.9985928432343,334.3608709839608,4056.9351996949345,626.9869800337519,cam_4_1690302086_11-21-26.jpg
306,153,656.262024464319,647.0921111056293,1646.1575646930442,1291.9162610030462,cam_4_1690302116_11-21-56.jpg
306,171,2693.149299440161,398.88759472570416,3094.955562407313,606.6843573220601,cam_4_1690302116_11-21-56.jpg
306,195,2633.956594780412,438.22622129555725,3037.602019356899,646.0703386924831,cam_4_1690302116_11-21-56.jpg
306,321,2245.1120278911767,507.47239675265996,2788.026912493691,802.0280795872798,cam_4_1690302116_11-21-56.jpg
306,369,1882.9424019053893,383.67840074282935,2201.2985548845913,585.4446117890377,cam_4_1690302116_11-21-56.jpg
306,371,1903.6490755382429,505.81047424572023,2150.9088689478476,1052.0866756669925,cam_4_1690302116_11-21-56.jpg
306,372,2267.175271601176,656.8269810980765,2875.6408583889393,1145.3207391411686,cam_4_1690302116_11-21-56.jpg
306,373,3607.241593597787,396.86044626887286,4067.5623634345097,750.7952983532489,cam_4_1690302116_11-21-56.jpg
307,153,707.3317330959596,640.9835641293241,1685.6121684501736,1278.7952933487727,cam_4_1690302161_11-22-41.jpg
307,171,2690.7981034697973,400.75551766255916,3090.867974114517,607.8624302854445,cam_4_1690302161_11-22-41.jpg
307,195,2626.0036513848004,434.93458574653687,3035.6013102477705,646.1402267854287,cam_4_1690302161_11-22-41.jpg
307,259,2490.2958944249262,478.62692757896167,2865.163706332006,700.8146383417924,cam_4_1690302161_11-22-41.jpg
307,321,2330.8373323819496,504.57608336617193,2744.8546647056687,723.5920910319442,cam_4_1690302161_11-22-41.jpg
307,371,1897.7606693409991,507.5770985605859,2150.7645007122237,1053.6565034643677,cam_4_1690302161_11-22-41.jpg
307,372,2128.1293517736585,601.9445481930296,2799.1541670384495,1142.3524451693975,cam_4_1690302161_11-22-41.jpg
307,373,3582.0082507273587,422.1674431253842,4066.26108879001,798.4998559102503,cam_4_1690302161_11-22-41.jpg
308,153,760.2745507711961,634.0302513632503,1724.1650245676328,1269.9736034954417,cam_4_1690302176_11-22-56.jpg
308,171,2697.4590277375946,401.568677810057,3090.1102496957487,604.8373219272495,cam_4_1690302176_11-22-56.jpg
308,195,2623.0167703962406,433.6600620046181,3032.0088981580993,643.7276416463314,cam_4_1690302176_11-22-56.jpg
308,259,2504.6041583902356,462.3378610163426,2893.321436805744,696.961986667323,cam_4_1690302176_11-22-56.jpg
308,371,1885.8203416519177,507.6794419550266,2137.9218557791182,1034.2818440652995,cam_4_1690302176_11-22-56.jpg
308,372,2083.3223884130834,592.4700300844349,2772.617569997314,1150.2823491188915,cam_4_1690302176_11-22-56.jpg
308,373,3587.3593392280136,428.62351733037144,4067.5369842206555,798.4293716912885,cam_4_1690302176_11-22-56.jpg
309,153,737.5217547246773,631.6309822182329,1704.3278397211527,1269.5644958557427,cam_4_1690302221_11-23-41.jpg
309,171,2693.877217444036,402.60289106678425,3094.414669595267,610.3163517523881,cam_4_1690302221_11-23-41.jpg
309,195,2611.9878670402895,434.5582456380555,3031.7019345254735,649.9523019425578,cam_4_1690302221_11-23-41.jpg
309,259,2479.0428459865207,448.5534838865384,2873.688848040842,685.7098640687778,cam_4_1690302221_11-23-41.jpg
309,348,2072.0293739280746,472.2202938784891,2390.8305791472867,617.1164089933717,cam_4_1690302221_11-23-41.jpg
309,371,1857.3854313611719,507.1380923812589,2118.2773018984108,1042.046196606998,cam_4_1690302221_11-23-41.jpg
309,372,2065.9598672083084,575.0990079268545,2755.7994494400446,1136.121062502219,cam_4_1690302221_11-23-41.jpg
309,373,3568.649373768482,431.88733751442373,4057.6890490541873,808.7407089363717,cam_4_1690302221_11-23-41.jpg
310,246,1048.4854070851397,623.4159286083191,1777.0633412919738,1255.6706324388801,cam_4_1690302281_11-24-41.jpg
310,312,2544.976820439168,376.0526576575709,2985.757074463465,758.3708930906892,cam_4_1690302281_11-24-41.jpg
310,348,2065.296756279867,469.00648999469894,2396.365024933074,617.927145750989,cam_4_1690302281_11-24-41.jpg
310,371,1834.833982823005,508.4290494678886,2101.8577242170086,1036.522396233212,cam_4_1690302281_11-24-41.jpg
310,372,2090.019112328499,597.7350783313716,2771.0459433411343,1148.289114588627,cam_4_1690302281_11-24-41.jpg
310,373,3519.2226437623085,472.77911198035014,4073.961648400656,898.8099768046238,cam_4_1690302281_11-24-41.jpg
311,153,804.3179650496674,620.1471873167511,1762.0322004859913,1257.4965073975582,cam_4_1690302311_11-25-11.jpg
311,312,2555.9373481949483,377.62230899877795,3008.6665420651034,758.8863337395574,cam_4_1690302311_11-25-11.jpg
311,348,2062.3441571503886,468.82791901849527,2398.0894298439125,617.5489227425055,cam_4_1690302311_11-25-11.jpg
311,371,1849.054761472259,511.61925451894035,2126.1316469065578,1035.3575540193306,cam_4_1690302311_11-25-11.jpg
311,372,2118.8109157771582,600.1094607009165,2798.0214441072935,1151.359110437687,cam_4_1690302311_11-25-11.jpg
311,373,3489.3043928865936,492.4841473585366,4056.7543623605657,928.0000290700623,cam_4_1690302311_11-25-11.jpg
312,50,2576.582887257552,434.902014328862,2848.2816395432983,585.0857687610815,cam_4_1690303001_11-36-41.jpg
312,153,833.9836637619621,728.9062374400024,1770.1841881966504,1340.992591660216,cam_4_1690303001_11-36-41.jpg
312,293,2241.3956083190483,663.2276324202236,2671.532780958909,897.7016434902098,cam_4_1690303001_11-36-41.jpg
312,312,2618.7192164583075,374.20314226312746,3081.6086813595584,770.5478985163278,cam_4_1690303001_11-36-41.jpg
312,321,2401.228915704443,532.1128517002251,2793.8334704450936,740.2552790139036,cam_4_1690303001_11-36-41.jpg
312,348,2081.3813689464178,471.34863599106075,2384.9655079677514,602.592073346706,cam_4_1690303001_11-36-41.jpg
312,360,2254.091411727701,579.1813241055374,2727.3329571720797,809.3660393929563,cam_4_1690303001_11-36-41.jpg
312,371,1895.507882610486,513.4680478360893,2186.3489748106476,1049.0178885717573,cam_4_1690303001_11-36-41.jpg
313,50,2590.4991093481335,437.0494953681763,2895.727332489331,601.4604917984983,cam_4_1690303211_11-40-11.jpg
313,57,2888.7067134244,895.3518106269324,4171.97337659983,1711.0680663920803,cam_4_1690303211_11-40-11.jpg
313,153,767.0089563067385,778.3333347068453,1753.798154387367,1421.4767199404375,cam_4_1690303211_11-40-11.jpg
313,293,2238.718242717931,666.9096251077862,2665.449537366461,900.6187632573558,cam_4_1690303211_11-40-11.jpg
313,312,2697.718823374753,436.3725204542202,3150.585301536613,863.9206227994846,cam_4_1690303211_11-40-11.jpg
313,321,2407.631629688244,533.162628854767,2796.9491254661816,738.8562629177804,cam_4_1690303211_11-40-11.jpg
313,348,2084.4081254632156,469.7235932304151,2385.777337061583,598.2691792109856,cam_4_1690303211_11-40-11.jpg
313,360,2266.172665399709,586.8854848089823,2717.751161175456,805.2373813786708,cam_4_1690303211_11-40-11.jpg
313,371,1909.0595664366026,521.664443372308,2214.2972479205655,1072.112507442905,cam_4_1690303211_11-40-11.jpg
314,50,2597.937377920751,438.7292498112511,2919.0578783590017,608.8347106358019,cam_4_1690303226_11-40-26.jpg
314,57,2783.006103546237,884.3681446398724,4182.790628697339,1824.1129682697256,cam_4_1690303226_11-40-26.jpg
314,153,731.9473202114841,790.8775617618328,1741.388250227109,1447.9001827030834,cam_4_1690303226_11-40-26.jpg
314,293,2237.870333746054,668.8405742610969,2665.233819089256,903.4048993813835,cam_4_1690303226_11-40-26.jpg
314,312,2731.468989456543,464.26677229876685,3152.2275798846404,889.9364803660346,cam_4_1690303226_11-40-26.jpg
314,321,2409.587964627795,534.3384829969449,2804.7805241247083,742.7721291814489,cam_4_1690303226_11-40-26.jpg
314,348,2078.755778936781,468.91040632443975,2382.931400968695,596.8387421945844,cam_4_1690303226_11-40-26.jpg
314,360,2281.04968588158,593.0702385418188,2723.6940339614275,807.1446252961094,cam_4_1690303226_11-40-26.jpg
314,371,1911.1710201325204,524.6114935891658,2226.037927507675,1080.5874130957543,cam_4_1690303226_11-40-26.jpg
314,375,2178.094848123866,293.2167314746179,2565.493745979265,435.6090212456743,cam_4_1690303226_11-40-26.jpg
315,50,2613.257623060295,437.5607981486789,2931.7790972687317,603.8415345845224,cam_4_1690303256_11-40-56.jpg
315,153,727.384812048088,798.3322651941476,1714.3029865437811,1439.3483507053738,cam_4_1690303256_11-40-56.jpg
315,293,2245.893534918128,669.3753071022161,2666.824266657131,901.6181688953005,cam_4_1690303256_11-40-56.jpg
315,312,2759.3283181046954,486.61542799260866,3125.8230117521093,872.7545810479778,cam_4_1690303256_11-40-56.jpg
315,321,2412.487448488415,535.6340988282011,2802.657094624496,740.9489037262612,cam_4_1690303256_11-40-56.jpg
315,348,2070.520017248407,471.3615466866397,2380.377253365348,600.1000762735689,cam_4_1690303256_11-40-56.jpg
315,351,2624.097786200227,837.2901109926156,3842.7335972162746,1562.3018862906579,cam_4_1690303256_11-40-56.jpg
315,360,2285.6310783204094,595.3533746034615,2723.44314754242,806.2981475753608,cam_4_1690303256_11-40-56.jpg
315,371,1920.561351964209,526.7878216984026,2241.0264336643177,1077.0407454608699,cam_4_1690303256_11-40-56.jpg
315,375,2199.080879198074,298.2579616325444,2588.5045101766386,441.75640511239305,cam_4_1690303256_11-40-56.jpg
315,377,3647.930183533031,329.38270483149734,4019.833690878176,617.3839169592297,cam_4_1690303256_11-40-56.jpg
316,50,2528.0333452958134,389.4883767095979,3022.3976534718913,658.1314602083884,cam_4_1690303346_11-42-26.jpg
316,153,756.8484485930938,792.2392295930224,1762.7959919717723,1447.0978009798982,cam_4_1690303346_11-42-26.jpg
316,348,2063.8162195008254,471.86788654964954,2412.945940614071,616.4824575373191,cam_4_1690303346_11-42-26.jpg
316,371,1902.0365187312248,519.0025453129031,2213.94271173416,1047.077491684406,cam_4_1690303346_11-42-26.jpg
316,375,2185.38578877587,298.04870454540486,2571.5171401399793,440.24090513351246,cam_4_1690303346_11-42-26.jpg
316,377,3666.591034563564,328.3993598598301,4041.8509336904362,616.6768466292006,cam_4_1690303346_11-42-26.jpg
317,50,2502.7291588151425,374.3448373527228,3039.0919012182567,674.9186405106036,cam_4_1690303361_11-42-41.jpg
317,153,762.1820342613019,786.4710431131241,1781.2919147459966,1450.3285784749771,cam_4_1690303361_11-42-41.jpg
317,348,2062.422590594827,473.8326341028762,2427.525970302146,624.4438101265855,cam_4_1690303361_11-42-41.jpg
317,371,1873.092409589789,514.9035298571036,2198.459545280828,1041.20667023455,cam_4_1690303361_11-42-41.jpg
317,375,2183.272990707484,294.02688327596144,2569.165491724651,436.55464133223165,cam_4_1690303361_11-42-41.jpg
317,377,3662.8025413085024,327.54902120472786,4041.0338093117075,616.1720284300284,cam_4_1690303361_11-42-41.jpg
318,153,860.2887674983042,759.3773500107513,1858.846101056195,1399.925075781075,cam_4_1690303496_11-44-56.jpg
318,246,1545.7731092207414,491.9312200724371,2019.7795011738667,914.8460675273673,cam_4_1690303496_11-44-56.jpg
318,259,2483.679427302623,363.83326112256975,3016.4461080237234,691.452689377067,cam_4_1690303496_11-44-56.jpg
318,293,2170.999576615962,639.4604012797,2659.760187575668,908.4193801297563,cam_4_1690303496_11-44-56.jpg
318,321,2406.3752273179953,533.3137260087253,2812.9698898013157,747.9108865853635,cam_4_1690303496_11-44-56.jpg
318,348,2072.932118082576,477.9928627544277,2412.2955292020706,616.5460959897638,cam_4_1690303496_11-44-56.jpg
318,353,1968.579541034515,525.2334994175519,2290.8920369385955,695.6308010288088,cam_4_1690303496_11-44-56.jpg
318,360,2300.5652512806396,594.33585640819,2754.0048238155264,815.8141171293995,cam_4_1690303496_11-44-56.jpg
318,375,2175.6837631439344,296.2769293353817,2550.6522797286866,435.1330103432884,cam_4_1690303496_11-44-56.jpg
318,377,3641.7277450560373,327.47297789358163,4028.441424530219,622.5207341373714,cam_4_1690303496_11-44-56.jpg
319,153,877.0356298821821,744.6937768943794,1892.4351036044482,1388.5205095361384,cam_4_1690303511_11-45-11.jpg
319,246,1596.2315966518363,478.6881510372476,2018.7027002403306,865.643129187482,cam_4_1690303511_11-45-11.jpg
319,259,2512.9412860456832,363.4435754551438,3024.4339385583194,691.1658592297351,cam_4_1690303511_11-45-11.jpg
319,293,2156.100816468973,634.3235341373629,2658.6013681782606,909.8508411314515,cam_4_1690303511_11-45-11.jpg
319,321,2401.7151947794887,532.1220416143233,2809.7715025872594,747.5886633592747,cam_4_1690303511_11-45-11.jpg
319,348,2076.56410864623,479.15360504236924,2407.6664454934134,613.2312938035795,cam_4_1690303511_11-45-11.jpg
319,353,1951.651759425671,527.107751091844,2283.6091711975837,702.0048628066825,cam_4_1690303511_11-45-11.jpg
319,360,2301.390600645249,593.4245909890843,2759.477781412367,819.8605254349363,cam_4_1690303511_11-45-11.jpg
319,375,2161.990695088874,296.53356380971434,2523.097563167669,431.3958091574827,cam_4_1690303511_11-45-11.jpg
319,377,3660.6907381828278,328.52100158953624,4047.8053787270364,620.4233160347371,cam_4_1690303511_11-45-11.jpg
320,153,920.0592127396687,754.6808480749968,1904.7499192095977,1367.7553722300522,cam_4_1690303571_11-46-11.jpg
320,246,1599.2810143145596,557.3293959159729,2038.0044107508793,877.4391694949683,cam_4_1690303571_11-46-11.jpg
320,259,2513.50261932608,363.96799462106424,3016.1896778571327,688.4327675513869,cam_4_1690303571_11-46-11.jpg
320,293,2162.027421806363,635.3880212441311,2659.9364307525416,908.1580609345946,cam_4_1690303571_11-46-11.jpg
320,321,2404.7419868430143,532.5151266107949,2814.0797502432015,749.9491134469846,cam_4_1690303571_11-46-11.jpg
320,348,2077.115270614799,478.54492752319476,2401.555463026623,608.9566960819641,cam_4_1690303571_11-46-11.jpg
320,353,1947.9727762477646,527.947076204482,2269.215610063508,692.0051681772436,cam_4_1690303571_11-46-11.jpg
320,360,2289.945172109578,591.5362535834395,2747.5155977411755,818.033569299169,cam_4_1690303571_11-46-11.jpg
320,375,2174.3695899447434,296.54589384575684,2535.9971377693096,431.40678789178605,cam_4_1690303571_11-46-11.jpg
320,377,3653.3414830503025,329.3757568808252,4043.413539579757,623.1400521927417,cam_4_1690303571_11-46-11.jpg
320,379,2349.918450578601,256.89784834797206,2645.7655107796004,377.51130845455236,cam_4_1690303571_11-46-11.jpg
321,153,926.8933311075655,755.0460443993809,1906.6534579938489,1354.4309922202322,cam_4_1690303616_11-46-56.jpg
321,171,2511.538799635384,476.81634705715436,2936.38620636073,697.2175421848019,cam_4_1690303616_11-46-56.jpg
321,195,2603.3519323355104,429.3881847075198,3018.2421074609,640.7201550289735,cam_4_1690303616_11-46-56.jpg
321,246,1584.6753365456325,579.8490157125275,2052.427794836326,877.0782292811167,cam_4_1690303616_11-46-56.jpg
321,293,2140.203198438745,618.8496971068025,2668.9419257652507,909.5652063734934,cam_4_1690303616_11-46-56.jpg
321,321,2398.4255231932048,528.8099337118923,2807.751893873301,747.1611671240107,cam_4_1690303616_11-46-56.jpg
321,348,2082.354356057025,477.60233533446564,2402.4951141723886,605.9692239572078,cam_4_1690303616_11-46-56.jpg
321,353,1941.7707997279354,524.0376791995886,2253.8553974428273,682.5652285246791,cam_4_1690303616_11-46-56.jpg
321,360,2287.553456488265,587.2250405692839,2743.1959502616646,813.7265806451464,cam_4_1690303616_11-46-56.jpg
321,375,2179.8868519357216,297.91492453809883,2554.4403039141766,438.36845164275576,cam_4_1690303616_11-46-56.jpg
321,377,3658.0554825427826,332.45812350570975,4051.3219860999293,624.0115776010354,cam_4_1690303616_11-46-56.jpg
321,379,2350.128017464328,255.9475281741246,2628.41614794362,369.131929915093,cam_4_1690303616_11-46-56.jpg
322,153,892.4703826815874,751.755955318953,1894.9546138865182,1353.7183511514877,cam_4_1690303751_11-49-11.jpg
322,171,2494.729837186688,473.3991791836165,2936.5987680871144,702.9786078666534,cam_4_1690303751_11-49-11.jpg
322,195,2604.7699878217713,428.48207939367705,3022.3340920499345,640.875311241323,cam_4_1690303751_11-49-11.jpg
322,201,3551.8923746387736,320.19540626109995,4043.040202860916,601.95144136472,cam_4_1690303751_11-49-11.jpg
322,321,2377.759238109894,518.2067156839983,2806.8974006984076,748.1638109266115,cam_4_1690303751_11-49-11.jpg
322,348,2053.213890125325,476.97803141677724,2395.0207275044986,613.4090752058053,cam_4_1690303751_11-49-11.jpg
322,360,2293.2325365885818,585.0231664581585,2750.820028053084,813.8134672209826,cam_4_1690303751_11-49-11.jpg
322,379,2314.458439386282,254.00092574182563,2675.5289147267526,401.57175294746753,cam_4_1690303751_11-49-11.jpg
322,381,1419.4541408869813,394.4731210922992,2115.4331656776412,646.9942727915986,cam_4_1690303751_11-49-11.jpg
323,153,1055.6011942525504,737.0426175582325,2012.389247472855,1309.7032872309248,cam_4_1690303811_11-50-11.jpg
323,171,2496.9676139864137,476.52760164637016,2934.1273542466324,703.4629203303061,cam_4_1690303811_11-50-11.jpg
323,177,1736.146682861042,589.1398614515539,2529.8374422310835,1061.058723783472,cam_4_1690303811_11-50-11.jpg
323,195,2605.2117180665605,428.62696015850076,3023.1452316274217,641.0663793791264,cam_4_1690303811_11-50-11.jpg
323,201,3577.357485379461,315.8327679989983,4083.50139855617,604.5531935631429,cam_4_1690303811_11-50-11.jpg
323,321,2377.1518598973985,522.5186157706166,2801.3880092736304,749.3376964503025,cam_4_1690303811_11-50-11.jpg
323,348,2049.8746172784427,476.4096927161424,2398.2734350761243,615.8552964603135,cam_4_1690303811_11-50-11.jpg
323,360,2299.4576435408267,585.3083051748911,2756.2339502217756,815.6951718922661,cam_4_1690303811_11-50-11.jpg
323,379,2302.4107148662847,254.13383802774908,2688.381151280976,413.44579061275306,cam_4_1690303811_11-50-11.jpg
323,381,1328.6857435975035,373.1142631137425,2116.5860699248315,663.4438155769265,cam_4_1690303811_11-50-11.jpg
324,153,955.163193512434,728.8651302068563,1931.5885522793615,1302.1801462986114,cam_4_1690303976_11-52-56.jpg
324,171,2489.5349904941195,473.98426414305595,2933.9450284033505,704.8508593569734,cam_4_1690303976_11-52-56.jpg
324,177,1712.6259097494394,575.3035510358318,2524.2802555206745,1050.574057047309,cam_4_1690303976_11-52-56.jpg
324,195,2609.5269588101914,427.22464220592053,3033.403919242681,642.0046184234758,cam_4_1690303976_11-52-56.jpg
324,201,3571.6532560545643,317.55640417707093,4062.2432171182527,600.4197832862601,cam_4_1690303976_11-52-56.jpg
324,321,2379.404146900211,520.7849049192034,2806.1438198132505,750.0489881512023,cam_4_1690303976_11-52-56.jpg
324,348,2048.7823837835695,476.0598086621033,2398.2646432354177,615.4259594417557,cam_4_1690303976_11-52-56.jpg
324,360,2313.42778414368,588.5421650861646,2759.9297435150306,816.0619018105091,cam_4_1690303976_11-52-56.jpg
324,372,1356.4349355905174,375.4499884079072,1753.1988851407618,701.5721599267714,cam_4_1690303976_11-52-56.jpg
324,379,2309.328438933399,255.20948109104322,2694.5941695843408,414.53327901145303,cam_4_1690303976_11-52-56.jpg
324,381,1432.2287910107466,377.1203466593233,2164.546918601811,651.0053820227336,cam_4_1690303976_11-52-56.jpg
325,153,919.3549629570878,691.5235795698889,1952.9310386115997,1299.0363728758728,cam_4_1690304036_11-53-56.jpg
325,171,2500.225621005598,477.4597720172228,2938.2427373653472,705.427746586023,cam_4_1690304036_11-53-56.jpg
325,177,1710.7904000842873,571.6211379432746,2530.67109623363,1047.878258502855,cam_4_1690304036_11-53-56.jpg
325,195,2610.464219808511,429.77525640877974,3032.3375566088084,642.7682704180763,cam_4_1690304036_11-53-56.jpg
325,201,3562.8756765097532,319.02642779458506,4050.985501971093,604.5052406897947,cam_4_1690304036_11-53-56.jpg
325,321,2384.6067599305297,520.8125551628028,2809.9504282665266,750.8424285785635,cam_4_1690304036_11-53-56.jpg
325,348,2044.7629115290513,476.174992013261,2401.397691223937,618.0072660466775,cam_4_1690304036_11-53-56.jpg
325,360,2319.1757032015385,588.9877626045654,2754.2205172541985,812.0838388910729,cam_4_1690304036_11-53-56.jpg
325,362,1603.7190406227367,398.24160844758546,2062.990615190481,615.5004478575363,cam_4_1690304036_11-53-56.jpg
325,369,2097.2060337507623,266.1014650715481,2392.7564329299967,447.0176144635673,cam_4_1690304036_11-53-56.jpg
325,372,1277.3384616454375,383.2096266290195,1679.9492160963034,720.8627957097935,cam_4_1690304036_11-53-56.jpg
326,153,980.0146260450686,672.4816405879736,2046.625441530976,1318.1970379721129,cam_4_1690304156_11-55-56.jpg
326,171,2499.5843959149565,478.6286090250799,2933.46581588533,704.6638388576218,cam_4_1690304156_11-55-56.jpg
326,177,1704.8437668756692,573.1612697737613,2516.1158970327047,1041.2160314534153,cam_4_1690304156_11-55-56.jpg
326,195,2617.148362146589,434.16203553451885,3029.371490440377,641.2567383127877,cam_4_1690304156_11-55-56.jpg
326,201,3566.76095793727,327.13134815860843,4087.5234350059454,626.146900278492,cam_4_1690304156_11-55-56.jpg
326,321,2384.7801409027634,516.1238074204473,2810.9950289376156,748.1906911894896,cam_4_1690304156_11-55-56.jpg
326,348,2050.7203816730625,477.2543636811418,2401.7692087469113,616.6533440043212,cam_4_1690304156_11-55-56.jpg
326,360,2321.501123849872,591.849474411837,2749.362882744818,812.3831865651468,cam_4_1690304156_11-55-56.jpg
326,372,1344.0906570460488,419.98783436529374,1705.7259987565412,720.4751975387876,cam_4_1690304156_11-55-56.jpg
327,171,2498.3041414745257,478.2536738000703,2931.6759710112233,704.379785937031,cam_4_1690304201_11-56-41.jpg
327,177,1657.1374896091088,574.5356733557645,2496.4054026702493,1057.8494552178795,cam_4_1690304201_11-56-41.jpg
327,195,2625.4886893366142,435.68521558606284,3034.367809472616,640.5534836970392,cam_4_1690304201_11-56-41.jpg
327,201,3565.730059317451,328.2484101083422,4099.028081307409,629.7583909426313,cam_4_1690304201_11-56-41.jpg
327,321,2385.706607243169,519.586894468418,2805.080518133564,747.7219676078189,cam_4_1690304201_11-56-41.jpg
327,359,1437.111867059979,643.8172915335078,1891.7422499373924,1344.3088196218791,cam_4_1690304201_11-56-41.jpg
327,360,2326.6129354855225,596.781413336344,2751.941821968531,817.7927597546977,cam_4_1690304201_11-56-41.jpg
328,57,3430.494328591036,523.4596167866155,4136.525924709141,999.9472730171204,cam_4_1690304366_11-59-26.jpg
328,171,2498.4245104771267,472.7761219625926,2937.9019153170284,703.2449507672192,cam_4_1690304366_11-59-26.jpg
328,195,2634.9898078893143,438.4508350603311,3031.4543294783894,635.5517027501207,cam_4_1690304366_11-59-26.jpg
328,293,2138.1409683644624,615.5627196000225,2666.8294691185056,907.0107739614887,cam_4_1690304366_11-59-26.jpg
328,321,2390.061732989391,519.1360147829251,2805.2720675220216,745.9150780200908,cam_4_1690304366_11-59-26.jpg
328,351,3111.114968947182,765.5033829582326,4122.690618416743,1376.630696360564,cam_4_1690304366_11-59-26.jpg
328,353,1939.1907838871766,529.1460404348495,2301.6690228640255,714.6019276247903,cam_4_1690304366_11-59-26.jpg
328,359,1413.7086859348358,728.5926008107721,1905.9374572672764,1476.948372434932,cam_4_1690304366_11-59-26.jpg
328,360,2308.0680244403534,591.5043564022333,2736.1124943214622,813.011115407376,cam_4_1690304366_11-59-26.jpg
328,377,3568.787270254285,429.7674531902678,4058.1021571527995,792.9664385980384,cam_4_1690304366_11-59-26.jpg
329,171,2508.370535800904,478.58742209478606,2929.7459821535444,699.7926282156542,cam_4_1690304501_12-01-41.jpg
329,195,2632.688691379998,441.2058446080625,3023.131328556993,633.1262888274127,cam_4_1690304501_12-01-41.jpg
329,293,2132.92092276336,608.9489918605831,2672.4438698948447,908.291567624148,cam_4_1690304501_12-01-41.jpg
329,321,2388.4045466504454,519.0047391813531,2799.6602711562477,744.6462827903467,cam_4_1690304501_12-01-41.jpg
329,348,2083.238888246018,478.33755954175683,2413.7239603320018,610.8646433637737,cam_4_1690304501_12-01-41.jpg
329,351,3114.0349362721045,766.077721100728,4143.1492891136095,1399.9003952653861,cam_4_1690304501_12-01-41.jpg
329,353,1936.107458573193,526.3139935046046,2306.2580363541674,715.6694301134936,cam_4_1690304501_12-01-41.jpg
329,360,2298.2584997014865,588.0950451291102,2728.9498599368626,809.9582684297659,cam_4_1690304501_12-01-41.jpg
329,371,1408.820715677315,465.7826335159024,1693.9004199283054,941.8174748002125,cam_4_1690304501_12-01-41.jpg
329,373,2908.0365722473907,813.6581763400675,3738.641680532791,1456.877181434025,cam_4_1690304501_12-01-41.jpg
329,377,3527.6986944697314,457.5372675556948,4022.454916179997,818.8007743468756,cam_4_1690304501_12-01-41.jpg
330,171,2516.001775753219,477.9151817427614,2930.5812726167046,696.2311502310979,cam_4_1690304651_12-04-11.jpg
330,195,2636.2226020822277,443.2732296356118,3017.3741963857565,628.4664870598261,cam_4_1690304651_12-04-11.jpg
330,293,2143.5134305057354,615.1254826751107,2668.359192646985,906.9016915652281,cam_4_1690304651_12-04-11.jpg
330,321,2398.2174735530652,525.0075650480429,2789.302453674847,738.9471342518277,cam_4_1690304651_12-04-11.jpg
330,348,2094.530695099181,478.12891275706795,2414.3884942801596,607.0878111593183,cam_4_1690304651_12-04-11.jpg
330,351,3149.279454972347,777.4950616182048,4111.337040573526,1384.4562315014089,cam_4_1690304651_12-04-11.jpg
330,353,1944.118437202991,522.549163233678,2309.4021408378944,710.2374300225732,cam_4_1690304651_12-04-11.jpg
330,360,2295.3091261956056,590.0277385635934,2718.09530146985,806.2792654227192,cam_4_1690304651_12-04-11.jpg
330,371,1354.12271882364,475.0420890793161,1644.9730322828689,973.6561223012852,cam_4_1690304651_12-04-11.jpg
330,377,3518.2125340778152,472.5791607530332,3977.1230910053446,788.7889566658723,cam_4_1690304651_12-04-11.jpg
330,384,1728.0632170001027,569.4509520795336,2032.4966681337598,755.2559313854548,cam_4_1690304651_12-04-11.jpg
331,171,2516.6511088871125,478.5585505508616,2927.6783061201254,695.5825672632823,cam_4_1690304771_12-06-11.jpg
331,195,2634.325182825364,442.26077466650503,3021.3525043009895,627.8156788824632,cam_4_1690304771_12-06-11.jpg
331,201,3649.775783054201,331.18599223162045,4050.095248294911,559.316810387882,cam_4_1690304771_12-06-11.jpg
331,293,2150.69178473967,619.1151484882108,2664.929481145688,904.9371114638337,cam_4_1690304771_12-06-11.jpg
331,321,2396.1150928868415,524.6165138068214,2783.8662169596873,736.3881261188145,cam_4_1690304771_12-06-11.jpg
331,348,2096.7945711815864,478.3424741727412,2414.066704730004,607.1517478677812,cam_4_1690304771_12-06-11.jpg
331,351,3162.7169499226984,768.8876820408128,4073.687574122174,1348.4080566974535,cam_4_1690304771_12-06-11.jpg
331,353,1952.4356465568228,522.7867777630072,2312.9649410455695,709.0384072878719,cam_4_1690304771_12-06-11.jpg
331,360,2290.905572522535,591.0515331763631,2712.5487040763387,805.163996121401,cam_4_1690304771_12-06-11.jpg
331,371,1349.4020415636278,453.01617542207885,1628.0411022268709,935.2686452516378,cam_4_1690304771_12-06-11.jpg
331,377,3585.390081458679,471.00718698842013,3984.2177545591353,705.5209001529132,cam_4_1690304771_12-06-11.jpg
331,384,1729.4191018965853,569.0742874163744,2038.0127743828484,757.3319622717906,cam_4_1690304771_12-06-11.jpg
332,171,2521.6219995109263,479.63447680392284,2928.2885884359935,695.1203476111057,cam_4_1690304801_12-06-41.jpg
332,195,2630.7211384071857,442.46342722245174,3023.1987667425246,628.8877198717042,cam_4_1690304801_12-06-41.jpg
332,201,3688.8344411015696,333.27080629992463,4060.7253621563896,540.4785056609606,cam_4_1690304801_12-06-41.jpg
332,293,2151.7594028046133,618.7584661975388,2663.939124635899,903.4732232503231,cam_4_1690304801_12-06-41.jpg
332,321,2397.1951258812123,523.3891145599181,2785.2207991041478,735.4194903937432,cam_4_1690304801_12-06-41.jpg
332,348,2099.367205443846,478.36175098475735,2414.0116759195066,606.6573290599734,cam_4_1690304801_12-06-41.jpg
332,351,3147.4328777420124,762.2586577796325,4069.40349966192,1344.8267954922044,cam_4_1690304801_12-06-41.jpg
332,353,1952.486037730732,522.1956471893194,2313.2952914947746,709.3974092869972,cam_4_1690304801_12-06-41.jpg
332,360,2288.504227529669,589.9325072114477,2710.4426092775093,802.9266972815813,cam_4_1690304801_12-06-41.jpg
332,371,1351.729199955552,464.0220191089919,1615.9137088662537,925.9814714777167,cam_4_1690304801_12-06-41.jpg
332,377,3608.202262229706,469.5153362169706,3994.5129252079187,670.0074377472595,cam_4_1690304801_12-06-41.jpg
332,384,1729.8399835674657,569.2076965545891,2037.6019135795739,756.9802900099919,cam_4_1690304801_12-06-41.jpg
332,388,3417.837077581672,577.6666385951125,4016.326967233202,905.6622019701656,cam_4_1690304801_12-06-41.jpg
333,171,2524.50795856867,480.3724512328624,2927.0765189805525,694.1517428848864,cam_4_1690304861_12-07-41.jpg
333,195,2631.1149632249303,443.29061435111146,3020.5068467894516,626.8269051723329,cam_4_1690304861_12-07-41.jpg
333,201,3667.4695520560213,333.61706635942414,4032.751850446658,535.1533297837279,cam_4_1690304861_12-07-41.jpg
333,293,2151.9031093125504,618.9367749817,2663.266033634148,903.2744822705595,cam_4_1690304861_12-07-41.jpg
333,321,2397.453950285527,525.2810783675286,2783.343280075433,735.6954148089912,cam_4_1690304861_12-07-41.jpg
333,348,2099.390382145958,477.67303602927325,2415.062137919414,606.9676710186143,cam_4_1690304861_12-07-41.jpg
333,351,3165.7487146086264,757.9721260996116,4111.792780305761,1341.1522069677299,cam_4_1690304861_12-07-41.jpg
333,353,1948.9081593631586,521.6176410172354,2306.7956548847346,706.4532023727603,cam_4_1690304861_12-07-41.jpg
333,360,2287.4306448805874,590.6229367660209,2711.142362916091,803.333678997419,cam_4_1690304861_12-07-41.jpg
333,371,1300.636670704414,462.97173074708974,1574.4417257140622,939.8710973553584,cam_4_1690304861_12-07-41.jpg
333,377,3596.0618535012673,467.7512309311945,3995.4311190113767,655.4468346565648,cam_4_1690304861_12-07-41.jpg
333,384,1733.1482438894827,570.1899465464204,2037.2883623173807,755.4543151646941,cam_4_1690304861_12-07-41.jpg
333,388,3407.117442143397,576.5631378120668,4022.531799383345,913.7848805299566,cam_4_1690304861_12-07-41.jpg
334,57,3625.0935694310233,368.3619944004614,4018.6914866472875,631.4643844823995,cam_4_1690305101_12-11-41.jpg
334,171,2516.8061922190454,481.23795025503875,2919.4308837880553,694.4262782249731,cam_4_1690305101_12-11-41.jpg
334,195,2629.2987776859786,443.14537151572824,3020.0524892555427,625.9746007208284,cam_4_1690305101_12-11-41.jpg
334,293,2149.588225052843,617.2579521985713,2664.073506328761,903.5236580325651,cam_4_1690305101_12-11-41.jpg
334,321,2399.2896497482684,525.8408464769401,2782.6903811017824,734.9575088604236,cam_4_1690305101_12-11-41.jpg
334,348,2092.6050331244646,478.82333435920884,2418.21635904428,613.4061914183376,cam_4_1690305101_12-11-41.jpg
334,351,3175.5457325371253,755.593730658984,4142.429877805274,1338.2511606647577,cam_4_1690305101_12-11-41.jpg
334,353,1935.4962326128268,521.1658489201008,2288.6259962493064,706.2037903662836,cam_4_1690305101_12-11-41.jpg
334,360,2287.1544921494396,590.7771543637407,2710.6025450437755,802.2010918796219,cam_4_1690305101_12-11-41.jpg
334,371,1300.302941952571,456.24124864400767,1576.4310151955576,925.8540440022823,cam_4_1690305101_12-11-41.jpg
334,377,3489.1116693086256,463.28497236089856,4028.0282330614846,718.0572595593612,cam_4_1690305101_12-11-41.jpg
334,384,1735.3680082711483,569.3715405816147,2040.724626942514,754.9657112248734,cam_4_1690305101_12-11-41.jpg
334,388,3413.1055916720165,569.4692135871092,4041.395392379808,913.2034135508607,cam_4_1690305101_12-11-41.jpg
335,171,2513.3267347052306,478.1528775831374,2920.5872325552996,693.6174805369286,cam_4_1690305221_12-13-41.jpg
335,177,1398.3292591898107,392.47683686987295,1993.6122742450407,743.9114165329881,cam_4_1690305221_12-13-41.jpg
335,195,2632.4467101619425,443.4180204051213,3025.811337598977,627.0561670906088,cam_4_1690305221_12-13-41.jpg
335,293,2230.759060984963,653.0040171295811,2676.963377326921,905.0013742122944,cam_4_1690305221_12-13-41.jpg
335,321,2393.987419618356,526.6122381417176,2780.8862174947135,737.1683262386438,cam_4_1690305221_12-13-41.jpg
335,348,2096.120633178426,476.98563853391283,2408.949897136333,605.8096953469405,cam_4_1690305221_12-13-41.jpg
335,351,3206.0133062015548,677.6568697842993,4114.3117634056,1233.3953122865778,cam_4_1690305221_12-13-41.jpg
335,353,1935.7793788085587,528.2645980915215,2272.704592036447,704.9413107245334,cam_4_1690305221_12-13-41.jpg
335,360,2294.304647898846,594.1113522948774,2714.718466624599,803.2693313594172,cam_4_1690305221_12-13-41.jpg
335,377,3505.7283602551292,445.0496381142694,4056.5525628764444,702.800312139412,cam_4_1690305221_12-13-41.jpg
335,384,1743.312971898895,571.6034464414777,2043.9196891296824,752.5838381934789,cam_4_1690305221_12-13-41.jpg
335,388,3395.065439986661,560.1927403853786,4008.4493817724247,893.8295829504546,cam_4_1690305221_12-13-41.jpg
336,171,2512.1773658457255,477.04876510658977,2923.490897127348,694.8781319912374,cam_4_1690305236_12-13-56.jpg
336,177,1294.3257167174359,392.5110345681922,1886.0002024363525,743.8431489385778,cam_4_1690305236_12-13-56.jpg
336,195,2627.9844377710497,440.7178037593828,3031.1142609111894,628.6194978488659,cam_4_1690305236_12-13-56.jpg
336,293,2258.696222340131,665.7476160011136,2677.246618934586,904.4109884774922,cam_4_1690305236_12-13-56.jpg
336,321,2392.4599206414327,527.066088911585,2783.548493248981,739.8850253282753,cam_4_1690305236_12-13-56.jpg
336,348,2086.3223155371725,476.46751470607865,2396.55706789554,603.0786470473834,cam_4_1690305236_12-13-56.jpg
336,351,3231.520231778638,649.7928431937571,4108.863306035844,1192.968584628899,cam_4_1690305236_12-13-56.jpg
336,353,1927.5277291924353,532.041323431883,2256.5910231616836,703.8060548227767,cam_4_1690305236_12-13-56.jpg
336,360,2297.2475878984073,596.1657581662744,2715.1107966938116,803.1093954806087,cam_4_1690305236_12-13-56.jpg
336,377,3558.248597393112,436.3150106023174,4030.677484695487,644.1973796053134,cam_4_1690305236_12-13-56.jpg
336,384,1741.811521215545,564.7466587454984,2049.9464450299556,749.0839503645702,cam_4_1690305236_12-13-56.jpg
336,388,3360.088947850184,554.0452764652653,4044.5766247154925,927.6134744227286,cam_4_1690305236_12-13-56.jpg
337,153,1314.8229430469169,495.62631539775674,2075.6406300832978,969.5238547228407,cam_4_1690305341_12-15-41.jpg
337,171,2517.0283280523076,475.7664201776621,2926.8177211829466,693.6684168279149,cam_4_1690305341_12-15-41.jpg
337,195,2624.478179746978,439.49991602461984,3032.6732632372386,629.4717757439261,cam_4_1690305341_12-15-41.jpg
337,293,2185.7591031989286,639.7581854167806,2655.1328127200263,905.1245930873521,cam_4_1690305341_12-15-41.jpg
337,321,2396.2106144859004,529.0305721954493,2777.592994267622,735.4147218099695,cam_4_1690305341_12-15-41.jpg
337,351,3238.95693644358,646.2503234034534,4100.009434350045,1185.0089776157943,cam_4_1690305341_12-15-41.jpg
337,353,1954.0149395662079,533.5337406438118,2289.758545513716,709.4564669847771,cam_4_1690305341_12-15-41.jpg
337,360,2293.1386080547395,593.5441114642398,2718.2587805873754,803.871777111363,cam_4_1690305341_12-15-41.jpg
337,377,3494.6854301308053,433.5426971016652,4034.26757769894,671.9438577539704,cam_4_1690305341_12-15-41.jpg
337,388,3348.9849023530924,556.061926609313,4042.0049467612416,934.982717976198,cam_4_1690305341_12-15-41.jpg
338,153,1501.3568776125671,506.97481051107513,2231.109422941448,970.7817663437022,cam_4_1690305446_12-17-26.jpg
338,171,2522.2424653310195,479.16218045095707,2927.1384969994706,694.6531571267258,cam_4_1690305446_12-17-26.jpg
338,195,2627.80657564774,443.57610810409756,3028.385898029584,629.0043934461858,cam_4_1690305446_12-17-26.jpg
338,293,2193.683206227081,644.1183040011747,2658.076853843835,906.4690128872901,cam_4_1690305446_12-17-26.jpg
338,321,2402.8629371539273,533.6258285906079,2780.4044924509703,737.1461906506854,cam_4_1690305446_12-17-26.jpg
338,351,3234.0283421430017,646.9379972462079,4089.325090157835,1188.576775272712,cam_4_1690305446_12-17-26.jpg
338,360,2293.8998926168597,592.138653927216,2724.1829176233755,805.0492462440624,cam_4_1690305446_12-17-26.jpg
338,377,3553.6599530821168,429.7436992832985,4029.4100395241817,627.2004177079484,cam_4_1690305446_12-17-26.jpg
338,388,3446.827480246443,557.2126192900552,3986.0608909347584,839.6290131760732,cam_4_1690305446_12-17-26.jpg
339,153,1512.2390513692249,512.0747816480559,2236.66097202454,973.0752534138254,cam_4_1690305476_12-17-56.jpg
339,171,2520.4369743852258,484.490559845361,2916.7898062551494,694.7991707178608,cam_4_1690305476_12-17-56.jpg
339,195,2625.5139171452606,443.1112500186562,3023.6551529056214,626.8409407804777,cam_4_1690305476_12-17-56.jpg
339,293,2197.9603416166283,649.017908818566,2656.489440921162,906.9803122390292,cam_4_1690305476_12-17-56.jpg
339,321,2404.116192543109,534.6562969369531,2782.216204274471,737.6627483735923,cam_4_1690305476_12-17-56.jpg
339,351,3241.135347276769,650.2533791938242,4081.0288410263292,1187.7172493395817,cam_4_1690305476_12-17-56.jpg
339,360,2292.6912935980886,593.250424025874,2720.0955348104253,804.2147071346809,cam_4_1690305476_12-17-56.jpg
339,377,3578.383642597815,428.9075941905798,4025.2531398237106,603.7419812590015,cam_4_1690305476_12-17-56.jpg
339,388,3468.8802903502947,564.4110762893661,3966.9392963928703,816.1278198057639,cam_4_1690305476_12-17-56.jpg
340,153,1541.8928677068707,512.886273808733,2255.048403163203,972.8686764122066,cam_4_1690305506_12-18-26.jpg
340,171,2516.3655978472534,482.5236347588018,2918.422050146398,695.4282059659015,cam_4_1690305506_12-18-26.jpg
340,195,2628.108568258134,443.6874511235974,3029.359485966189,628.4740861887169,cam_4_1690305506_12-18-26.jpg
340,293,2194.849027049462,646.3770245468894,2658.795427600304,907.089626883931,cam_4_1690305506_12-18-26.jpg
340,321,2407.4020881988527,536.2129798752158,2785.36562465158,739.469446110827,cam_4_1690305506_12-18-26.jpg
340,348,2079.368501078645,482.09178530349715,2422.2679908925343,624.0209487991967,cam_4_1690305506_12-18-26.jpg
340,351,3269.66639615917,647.8539165391594,4096.645868658843,1173.2105088602377,cam_4_1690305506_12-18-26.jpg
340,360,2288.2345229761568,590.2001231512185,2725.482670647418,805.7594134000288,cam_4_1690305506_12-18-26.jpg
340,377,3537.598359221181,429.6598207245945,4087.7736986762875,642.1797870263304,cam_4_1690305506_12-18-26.jpg
340,388,3465.791092203159,562.8459252986111,3973.8199351851713,815.4634324425978,cam_4_1690305506_12-18-26.jpg
341,153,1580.3525457290316,519.1453002607765,2283.660756586967,984.2485926114391,cam_4_1690305611_12-20-11.jpg
341,171,2515.8363454218206,480.76919722788296,2921.5258812925977,695.5207336451946,cam_4_1690305611_12-20-11.jpg
341,195,2623.060549326756,442.1293007096201,3030.2317433304897,629.1783490768016,cam_4_1690305611_12-20-11.jpg
341,293,2194.3827518124554,647.1678016692151,2658.905012581547,907.8330017881806,cam_4_1690305611_12-20-11.jpg
341,321,2396.7431268396226,534.5491689741141,2783.693508734049,741.8010205637607,cam_4_1690305611_12-20-11.jpg
341,348,2091.3949540257568,484.1672636199276,2426.5169890400907,623.8250467994973,cam_4_1690305611_12-20-11.jpg
341,351,3284.8700611575855,657.3476080661394,4110.239030473584,1177.9851013833836,cam_4_1690305611_12-20-11.jpg
341,360,2286.7100639205823,592.6581491926896,2726.8168090595796,809.4281517327292,cam_4_1690305611_12-20-11.jpg
341,377,3472.097795017679,428.0523937429369,4122.333693389399,682.769081361786,cam_4_1690305611_12-20-11.jpg
341,395,728.9557085825891,576.374329781085,1206.0385162626078,1160.341909001708,cam_4_1690305611_12-20-11.jpg
342,153,1601.6081506124106,509.4925023510775,2309.5590102880806,992.2456562383884,cam_4_1690305626_12-20-26.jpg
342,171,2518.4182918671836,480.82981229378026,2924.096338335854,695.557761542467,cam_4_1690305626_12-20-26.jpg
342,195,2623.925106685785,443.02511623752997,3029.5255886783275,628.799204906519,cam_4_1690305626_12-20-26.jpg
342,293,2196.2503296659247,643.1079708961845,2664.6879891093067,906.8216881581627,cam_4_1690305626_12-20-26.jpg
342,321,2398.823690848632,531.3750393213302,2789.457108900435,740.5870115815347,cam_4_1690305626_12-20-26.jpg
342,351,3269.074913428862,658.9979957411208,4096.859996034289,1181.062861558341,cam_4_1690305626_12-20-26.jpg
342,360,2283.2945842674258,591.3406757332075,2725.0517006262107,808.4437617515082,cam_4_1690305626_12-20-26.jpg
342,377,3409.393580845841,427.8709851513828,4157.743018746838,730.4345019219594,cam_4_1690305626_12-20-26.jpg
342,395,693.3906055061684,578.9726741860231,1185.9541951103588,1160.6427230080653,cam_4_1690305626_12-20-26.jpg
342,396,3405.0958827363565,579.5823792274126,3828.4198707156975,764.7048179881176,cam_4_1690305626_12-20-26.jpg
343,153,1562.7455473829507,521.3962000898745,2281.5783913766027,1009.9270942813639,cam_4_1690305806_12-23-26.jpg
343,171,2515.6670318754313,480.5325859683131,2923.885454860976,696.8714208495695,cam_4_1690305806_12-23-26.jpg
343,195,2623.864173682626,442.90583503052096,3027.550468441663,627.247291863711,cam_4_1690305806_12-23-26.jpg
343,293,2215.226847470074,652.0704224227284,2667.473340080785,907.4205424417939,cam_4_1690305806_12-23-26.jpg
343,321,2398.3746823691695,532.9198472210426,2787.012550106865,740.4350963848325,cam_4_1690305806_12-23-26.jpg
343,351,3329.310051488098,610.7963626560036,4126.125650411856,1121.3787373393347,cam_4_1690305806_12-23-26.jpg
343,360,2287.792044943316,591.7561285004334,2730.220467623815,808.7732634651053,cam_4_1690305806_12-23-26.jpg
343,373,3037.124622832821,637.0503248417278,3709.9665226798425,1171.9059657134176,cam_4_1690305806_12-23-26.jpg
343,377,3449.374749976064,425.72328225355216,4136.347683897517,701.6517337820774,cam_4_1690305806_12-23-26.jpg
343,395,746.6311162197123,598.4471141493816,1256.2396730958592,1168.092744440241,cam_4_1690305806_12-23-26.jpg
344,153,1560.8700267294655,528.8620096202299,2259.4228944458805,998.0745769273708,cam_4_1690305956_12-25-56.jpg
344,171,2514.809452884017,481.1916343990226,2920.91211764795,695.9768791640342,cam_4_1690305956_12-25-56.jpg
344,195,2622.521800347584,443.1791058835896,3032.29934570924,630.1588392662951,cam_4_1690305956_12-25-56.jpg
344,293,2234.2753966105265,657.8946100684865,2669.2184867318338,904.9714197853223,cam_4_1690305956_12-25-56.jpg
344,312,3287.8434756116253,580.9182972749809,3826.7962481028435,1157.1098300180615,cam_4_1690305956_12-25-56.jpg
344,321,2402.825322792234,531.819646240971,2790.0908933976034,738.5169744614793,cam_4_1690305956_12-25-56.jpg
344,360,2291.0714165800714,591.4641617764044,2731.136769736826,807.3453873597849,cam_4_1690305956_12-25-56.jpg
344,377,3396.2494754685895,423.2343286322153,4136.569606057699,729.9264741754334,cam_4_1690305956_12-25-56.jpg
344,395,731.4133897240597,607.422969518452,1228.890811954076,1121.9178010967776,cam_4_1690305956_12-25-56.jpg
345,153,1561.3770003727911,524.7566035339828,2259.5931525104806,992.6197162337343,cam_4_1690305971_12-26-11.jpg
345,171,2511.7337231632137,480.6067584419246,2918.6986876391147,695.7293613975195,cam_4_1690305971_12-26-11.jpg
345,195,2623.182188816468,442.36868493372316,3036.2572902774277,630.431125172738,cam_4_1690305971_12-26-11.jpg
345,293,2237.0479791795124,659.1167673734877,2667.9946975113617,904.6007103909773,cam_4_1690305971_12-26-11.jpg
345,312,3283.2063088466157,577.1660486828437,3801.900573176939,1151.564169163475,cam_4_1690305971_12-26-11.jpg
345,321,2401.51391373932,529.7432276320105,2793.1256555270184,738.8382362875801,cam_4_1690305971_12-26-11.jpg
345,360,2290.5740536546764,592.4681460445695,2731.1468236581054,808.5450455166574,cam_4_1690305971_12-26-11.jpg
345,377,3415.413028132355,422.0718233238131,4158.16813107838,732.738019339243,cam_4_1690305971_12-26-11.jpg
345,395,718.1165715848531,609.2616467168777,1237.0893795293318,1108.0167483713744,cam_4_1690305971_12-26-11.jpg
346,153,1576.9081503681969,527.2165709711269,2285.232509083401,1000.7026620042935,cam_4_1690306106_12-28-26.jpg
346,171,2510.5169245524708,482.79311412850507,2916.695212053074,697.0927259986227,cam_4_1690306106_12-28-26.jpg
346,195,2612.3916447799693,443.41985468608027,3024.176601697678,629.2215873975963,cam_4_1690306106_12-28-26.jpg
346,293,2249.12446959243,659.3656025376581,2670.5538524179105,900.6805801588627,cam_4_1690306106_12-28-26.jpg
346,321,2407.447552034891,532.2307104486906,2792.5100362030057,738.2268707507262,cam_4_1690306106_12-28-26.jpg
346,351,3287.9142856383824,586.6943544921913,4079.5385079908388,1095.4289472328624,cam_4_1690306106_12-28-26.jpg
346,359,1324.6204021618985,750.7662752231231,1831.9780314727125,1544.8071367723437,cam_4_1690306106_12-28-26.jpg
346,360,2296.8824942197552,593.52413752328,2731.2080455371506,806.7181031323474,cam_4_1690306106_12-28-26.jpg
346,379,2431.624129764366,264.72330354407717,2782.9946003260106,410.7492899041638,cam_4_1690306106_12-28-26.jpg
346,388,3478.31611939332,427.8573000893392,4051.1322236423903,715.107644025348,cam_4_1690306106_12-28-26.jpg
346,395,697.7842728728149,621.9948514863252,1270.1136336779196,1138.5141285118498,cam_4_1690306106_12-28-26.jpg
347,153,1655.0373816824347,525.7748508634653,2343.295579436275,993.4182822354533,cam_4_1690306151_12-29-11.jpg
347,171,2514.0699171088695,485.4047471798886,2916.9052968720016,697.5759228701795,cam_4_1690306151_12-29-11.jpg
347,195,2611.7064194218606,443.1097782277146,3030.947249353582,631.0289056191355,cam_4_1690306151_12-29-11.jpg
347,293,2260.427385958181,664.2519683728241,2679.637463882033,906.5736349419444,cam_4_1690306151_12-29-11.jpg
347,321,2402.5003136750393,530.5692216034779,2791.430892444875,739.1599800620694,cam_4_1690306151_12-29-11.jpg
347,351,3288.653655879621,581.0600165172334,4081.6712522586777,1093.7779169626815,cam_4_1690306151_12-29-11.jpg
347,359,1334.15524839156,750.9531402994264,1827.5111164542484,1551.285586020079,cam_4_1690306151_12-29-11.jpg
347,360,2297.396221504895,595.0642749809173,2726.4459060760155,805.1470063910365,cam_4_1690306151_12-29-11.jpg
347,377,3460.067135817368,424.12481483134593,4124.080017113196,699.6015616365871,cam_4_1690306151_12-29-11.jpg
347,379,2451.0358380273906,266.94190829069726,2774.414565347732,400.3838130506762,cam_4_1690306151_12-29-11.jpg
347,395,714.348520711427,634.0710890864087,1334.8168804108686,1163.1606201681216,cam_4_1690306151_12-29-11.jpg
348,171,2510.6186062077336,483.8788157878362,2918.9862047516085,698.8971189067399,cam_4_1690306406_12-33-26.jpg
348,195,2605.8843031165184,441.9779158059279,3031.7924406466373,632.6474262822353,cam_4_1690306406_12-33-26.jpg
348,259,2427.4962034567566,799.8413674041395,3270.3373598393114,1329.4173960194275,cam_4_1690306406_12-33-26.jpg
348,293,2195.589749712406,625.3213703254212,2639.9458826144187,878.5036939365509,cam_4_1690306406_12-33-26.jpg
348,321,2396.781863510527,527.201379053452,2790.773967894164,738.879974698159,cam_4_1690306406_12-33-26.jpg
348,348,2085.5688396069854,483.56434045008143,2415.4289462424167,622.0319054843284,cam_4_1690306406_12-33-26.jpg
348,353,1930.9425926077674,526.9542837069515,2306.355902247962,725.9363444094887,cam_4_1690306406_12-33-26.jpg
348,360,2293.2388529498608,589.8184184849005,2722.912083253165,799.3159915905376,cam_4_1690306406_12-33-26.jpg
348,384,1729.7896272405799,571.3083886892264,2037.1814800388454,753.4406817640994,cam_4_1690306406_12-33-26.jpg
348,388,3453.7928024820203,408.9691752839636,4095.6189036640744,733.7724732766935,cam_4_1690306406_12-33-26.jpg
349,171,2515.160089435761,481.89578355567147,2924.4974479862617,697.6829878922599,cam_4_1690306421_12-33-41.jpg
349,195,2612.70581283908,442.9689611622059,3033.8994364480304,631.146761762137,cam_4_1690306421_12-33-41.jpg
349,259,2475.4401597819997,815.6523063989457,3315.190024735255,1351.412226050294,cam_4_1690306421_12-33-41.jpg
349,293,2164.8903142766626,613.1100517593209,2653.6329333526924,889.9684344591258,cam_4_1690306421_12-33-41.jpg
349,321,2400.9760278131566,528.1740937341867,2791.7583688804966,738.6956336382368,cam_4_1690306421_12-33-41.jpg
349,348,2081.6576161022026,481.05952140811155,2407.409538278664,617.4693644633207,cam_4_1690306421_12-33-41.jpg
349,353,1937.413567742517,521.3895484851445,2308.3187145355446,718.322662976206,cam_4_1690306421_12-33-41.jpg
349,360,2285.4159918101936,586.7665832664675,2716.7359340372004,795.6276190824443,cam_4_1690306421_12-33-41.jpg
349,384,1725.7562434360368,568.681799889495,2041.2214435436467,754.9824223089665,cam_4_1690306421_12-33-41.jpg
349,388,3314.2610364832058,400.2280161112318,3944.273898351586,730.1031806871248,cam_4_1690306421_12-33-41.jpg
350,171,2513.7861388716506,483.8154110371926,2916.4439902702566,696.2881212394614,cam_4_1690306586_12-36-26.jpg
350,195,2619.0852696322618,440.9957448698334,3035.757779563231,627.1414947943498,cam_4_1690306586_12-36-26.jpg
350,259,2558.8857130755437,793.0402857092301,3508.5564081756693,1400.701757449393,cam_4_1690306586_12-36-26.jpg
350,321,2395.574286188456,529.7410609670271,2782.4293142220163,737.2495277383493,cam_4_1690306586_12-36-26.jpg
350,348,2076.616360147727,484.334342484531,2407.740108566916,623.8393570486738,cam_4_1690306586_12-36-26.jpg
350,360,2299.348316069751,592.5942555443153,2717.303526726002,794.7098860360684,cam_4_1690306586_12-36-26.jpg
351,171,2504.798018359028,478.16614428016595,2919.4581320538714,696.8999077146884,cam_4_1690306661_12-37-41.jpg
351,195,2631.1952332028386,440.05452221440555,3042.067023881705,624.6664003772794,cam_4_1690306661_12-37-41.jpg
351,321,2396.477421161277,531.5335985708602,2780.6581222743184,737.008387464466,cam_4_1690306661_12-37-41.jpg
351,348,2077.4866864758446,483.42405760040526,2407.4488054014573,621.2965610576553,cam_4_1690306661_12-37-41.jpg
351,359,1378.0765906497343,737.7068394404323,1829.6813395683207,1495.1963250020672,cam_4_1690306661_12-37-41.jpg
351,360,2293.553776012347,593.6638535831835,2717.118559608009,797.7074312039941,cam_4_1690306661_12-37-41.jpg
351,384,1728.851694218434,572.7799752952333,2040.497508806774,754.5903715419413,cam_4_1690306661_12-37-41.jpg
352,171,2507.986103581005,477.5628138308649,2924.07767250958,697.408034973473,cam_4_1690306691_12-38-11.jpg
352,195,2627.7196880496394,439.059029561035,3036.137325480933,622.631220871219,cam_4_1690306691_12-38-11.jpg
352,321,2399.0446851973825,531.8399397283089,2780.881632489168,735.6737867966887,cam_4_1690306691_12-38-11.jpg
352,348,2087.6175138835106,479.0569454903564,2412.5649622205715,612.9504922780102,cam_4_1690306691_12-38-11.jpg
352,359,1380.8951802024917,730.751518838388,1813.6562181104985,1483.5736565653633,cam_4_1690306691_12-38-11.jpg
352,360,2293.9750073162813,597.1982902582906,2717.5688785533753,800.6342499722518,cam_4_1690306691_12-38-11.jpg
352,384,1727.7633495425493,574.1011164804279,2045.8545991294013,757.7873493047274,cam_4_1690306691_12-38-11.jpg
352,395,846.6245159248149,598.0561314742672,1639.470968059054,1270.9636495349987,cam_4_1690306691_12-38-11.jpg
352,408,2090.167822849401,541.0503394336918,2451.7686984829015,1198.9737603767026,cam_4_1690306691_12-38-11.jpg
353,171,2501.5972900232346,477.2563397627533,2918.608928701735,697.1067255517802,cam_4_1690306781_12-39-41.jpg
353,195,2633.978663794494,439.36349588964896,3039.571398176792,622.0686054097014,cam_4_1690306781_12-39-41.jpg
353,321,2392.46994965048,530.6183161670901,2778.071337746507,736.0916829695909,cam_4_1690306781_12-39-41.jpg
353,359,1413.231251837346,745.696602331359,1864.7845545655905,1518.3703727204584,cam_4_1690306781_12-39-41.jpg
353,360,2296.032835139758,596.890303691895,2715.2362336020365,797.4284759196006,cam_4_1690306781_12-39-41.jpg
353,384,1727.1470269334561,574.4819264084457,2043.9835497006393,755.6690277110972,cam_4_1690306781_12-39-41.jpg
353,395,874.2009625279504,592.4883458617885,1669.6348422424708,1263.8261335199436,cam_4_1690306781_12-39-41.jpg
353,408,2087.2697760157766,537.0011011924393,2458.3458730699444,1208.834109105123,cam_4_1690306781_12-39-41.jpg
353,409,2756.0506141380993,1019.3263094084891,4077.8820234072537,1768.7667213482005,cam_4_1690306781_12-39-41.jpg
354,171,2504.5559057773075,478.43569421644753,2917.284078767287,695.9838838956572,cam_4_1690306841_12-40-41.jpg
354,195,2626.294276901754,436.9961947309463,3032.1556208852426,619.7623688210518,cam_4_1690306841_12-40-41.jpg
354,321,2391.741094086841,532.8585962046628,2771.5391164252696,734.2581447911249,cam_4_1690306841_12-40-41.jpg
354,359,1423.630863933098,747.2654364807937,1889.3297732861522,1530.4153837939202,cam_4_1690306841_12-40-41.jpg
354,360,2301.3668299356254,599.0704704638476,2717.3114678483403,797.6229505635979,cam_4_1690306841_12-40-41.jpg
354,384,1726.274562242107,575.463503314755,2041.5875615391074,754.2443580183234,cam_4_1690306841_12-40-41.jpg
354,395,882.7461938803336,591.2156231480227,1688.5165658081205,1269.4102065610223,cam_4_1690306841_12-40-41.jpg
354,408,2086.2241523772045,528.9475582141629,2459.1363611823,1200.7217133443228,cam_4_1690306841_12-40-41.jpg
354,409,2738.0472272221186,1027.3801957951598,4060.507097958235,1780.0759032607548,cam_4_1690306841_12-40-41.jpg
355,171,2510.679000775716,482.4566632913976,2916.9617825899672,696.3079852921214,cam_4_1690306976_12-42-56.jpg
355,195,2629.6998949764475,439.638420717735,3034.370983616044,621.9136002510566,cam_4_1690306976_12-42-56.jpg
355,321,2390.04769588473,531.4990580504757,2776.6666892119147,736.3603349533433,cam_4_1690306976_12-42-56.jpg
355,348,2073.335217543868,480.2079376946941,2407.684865641467,616.3674140264328,cam_4_1690306976_12-42-56.jpg
355,359,1436.0880300861575,759.4165100224477,1912.6672688525318,1534.291601628082,cam_4_1690306976_12-42-56.jpg
355,360,2295.781442749924,596.9288721517693,2720.7022066007407,799.6593470237914,cam_4_1690306976_12-42-56.jpg
355,384,1721.0499771126113,576.071926527205,2042.3895110600006,757.3978301062745,cam_4_1690306976_12-42-56.jpg
355,395,898.5198271111005,592.9550990830933,1709.4899233356791,1273.390560420191,cam_4_1690306976_12-42-56.jpg
355,408,2067.8126522714374,547.5483546140916,2434.14741472471,1201.805852861743,cam_4_1690306976_12-42-56.jpg
355,409,2739.8955995799374,1026.45024640736,4052.072776664837,1775.8415666369128,cam_4_1690306976_12-42-56.jpg
356,171,2506.4397784582898,479.1807099071956,2918.4737168107677,695.9265326012046,cam_4_1690307036_12-43-56.jpg
356,195,2633.110116337808,436.906739276708,3042.092146247546,621.7066389311603,cam_4_1690307036_12-43-56.jpg
356,321,2384.2192243434943,528.6218026353149,2778.561516292758,737.3461384610852,cam_4_1690307036_12-43-56.jpg
356,348,2077.6666907693084,479.4718515234906,2404.3034946164566,612.1024489001634,cam_4_1690307036_12-43-56.jpg
356,359,1435.2569431872084,779.265807899578,1924.9405455119627,1553.513259276886,cam_4_1690307036_12-43-56.jpg
356,360,2292.4208333446936,595.6152586377962,2717.4506574894676,798.148770075519,cam_4_1690307036_12-43-56.jpg
356,384,1721.2570670337939,575.874751977678,2046.5036809152748,758.8151615672712,cam_4_1690307036_12-43-56.jpg
356,395,910.8891049255019,593.7510798934293,1714.7834572869747,1269.7792687398437,cam_4_1690307036_12-43-56.jpg
356,408,2076.0780212729574,539.3279114552014,2452.1594306190823,1206.7661229419164,cam_4_1690307036_12-43-56.jpg
356,409,2735.449658091017,1023.249782994797,4054.3300178090813,1780.8278821065014,cam_4_1690307036_12-43-56.jpg
357,171,2505.1763822364533,478.8044687569014,2916.995624469931,695.7649370507197,cam_4_1690307156_12-45-56.jpg
357,195,2634.125452537961,437.33621387145485,3038.617302367486,620.8208081559333,cam_4_1690307156_12-45-56.jpg
357,321,2379.4346317321238,525.453942457296,2783.2146142634097,739.78074161744,cam_4_1690307156_12-45-56.jpg
357,348,2068.659464919506,475.8920148168065,2409.0894487626197,614.7779770078773,cam_4_1690307156_12-45-56.jpg
357,359,1359.2565114569672,793.2662368314209,1891.0742882754505,1560.062135616945,cam_4_1690307156_12-45-56.jpg
357,360,2289.284723207146,594.3010106687168,2718.891797190181,798.8340793776501,cam_4_1690307156_12-45-56.jpg
357,395,1030.9341391906391,588.7417498416812,1674.8790614075738,1116.0403898071254,cam_4_1690307156_12-45-56.jpg
357,408,2004.881532772284,560.6959973082023,2380.3049130779013,1195.0303588223733,cam_4_1690307156_12-45-56.jpg
357,409,2752.477186703297,1028.6164162837567,4061.8143085850625,1785.3563113185423,cam_4_1690307156_12-45-56.jpg
358,171,2508.3740895768924,479.70359533638145,2919.0754079104495,696.151886089874,cam_4_1690307351_12-49-11.jpg
358,195,2638.187751887797,438.8569690047719,3039.3177654123547,620.8165446410799,cam_4_1690307351_12-49-11.jpg
358,293,2153.5184364527427,624.7417947312857,2646.3445857486286,901.1751061226885,cam_4_1690307351_12-49-11.jpg
358,312,3354.5346397334547,788.8478181235746,3970.3639829306035,1429.9089016641788,cam_4_1690307351_12-49-11.jpg
358,321,2387.5226428181822,526.4946334154381,2785.747685961507,738.4333950149945,cam_4_1690307351_12-49-11.jpg
358,348,2058.958655653225,478.4168498990391,2401.8184954182743,619.1119830898324,cam_4_1690307351_12-49-11.jpg
358,359,1331.6741919821297,809.3855431566872,1891.9680901560378,1563.1674197111802,cam_4_1690307351_12-49-11.jpg
358,360,2286.614756725544,593.1863339571896,2725.0157654030527,802.0700205505577,cam_4_1690307351_12-49-11.jpg
358,395,926.2577406470596,592.1676342311389,1689.5496469153218,1227.0614864776946,cam_4_1690307351_12-49-11.jpg
359,171,2508.6865914326936,481.21846183174324,2917.157014865312,696.3295613041139,cam_4_1690307381_12-49-41.jpg
359,195,2640.337682599176,437.95010175889286,3044.748362587475,621.9482415798543,cam_4_1690307381_12-49-41.jpg
359,293,2154.651284665267,628.8541719973779,2645.4379454066507,900.9892689373337,cam_4_1690307381_12-49-41.jpg
359,312,3218.202877319696,754.2088247998091,3872.3962761548228,1488.5948928036778,cam_4_1690307381_12-49-41.jpg
359,321,2387.0464650535096,525.5061767952672,2787.5282586733606,739.0207756412477,cam_4_1690307381_12-49-41.jpg
359,348,2053.689614004015,477.57647576667165,2400.884589241734,620.5613745135561,cam_4_1690307381_12-49-41.jpg
359,359,1316.6942348809444,818.9894897500269,1908.622027713844,1565.4710072204998,cam_4_1690307381_12-49-41.jpg
359,360,2286.405148743689,592.7329615071864,2725.6779197411643,802.5769134547725,cam_4_1690307381_12-49-41.jpg
359,395,912.3541421018792,581.7276159896531,1607.3309990838172,1127.723018473322,cam_4_1690307381_12-49-41.jpg
360,171,2508.858327480188,479.9319931320392,2919.0626443023184,696.1109111994658,cam_4_1690307396_12-49-56.jpg
360,195,2635.572945611276,440.53972017753733,3041.194888203179,624.4577266402862,cam_4_1690307396_12-49-56.jpg
360,293,2159.792869881228,629.3694253975447,2648.6861945322753,898.7658410015438,cam_4_1690307396_12-49-56.jpg
360,312,3212.0092804317887,764.8621400194445,3857.8034733626682,1506.6370654268258,cam_4_1690307396_12-49-56.jpg
360,321,2388.7047565149473,527.719939322722,2783.4147208905674,738.2447620693582,cam_4_1690307396_12-49-56.jpg
360,348,2075.9747454932317,472.60437923657696,2417.8913202027006,614.1755380883476,cam_4_1690307396_12-49-56.jpg
360,359,1347.2173408040549,822.3609231351238,1984.929666975791,1565.8582041009222,cam_4_1690307396_12-49-56.jpg
360,360,2291.5440119118402,592.4854370955808,2728.7417122897036,801.9187657260832,cam_4_1690307396_12-49-56.jpg
360,395,888.197574235387,573.0223996221467,1572.4592248166923,1085.6318706884767,cam_4_1690307396_12-49-56.jpg
360,410,1644.7054967470249,495.1403419166164,2123.8520186662963,985.5340460249444,cam_4_1690307396_12-49-56.jpg
361,153,1817.2024521900603,384.30221545903805,2204.34110346131,651.9200122010952,cam_4_1690307651_12-54-11.jpg
361,195,2644.7101476888934,436.2306045805242,3043.7459289068966,618.1825878330155,cam_4_1690307651_12-54-11.jpg
361,293,2149.604792759136,636.0789376865542,2641.290944573875,903.486215121997,cam_4_1690307651_12-54-11.jpg
361,321,2265.7073780373403,471.7351281867112,2935.482023668592,842.2241215210846,cam_4_1690307651_12-54-11.jpg
361,359,1287.2529103114925,810.4913513442632,1967.1287849481253,1570.1207363824199,cam_4_1690307651_12-54-11.jpg
361,373,3169.0226838550866,770.6377812195844,3977.117619401334,1405.3853922157887,cam_4_1690307651_12-54-11.jpg
361,395,978.2134455768897,561.0657905155065,1605.2905955652022,1017.3214681060168,cam_4_1690307651_12-54-11.jpg
361,410,1588.716976499021,488.90260510832366,2068.0346244089174,975.5800810141097,cam_4_1690307651_12-54-11.jpg
362,153,1836.219638591567,384.3906388345013,2212.414651819332,640.1289742836398,cam_4_1690307921_12-58-41.jpg
362,293,2139.8822757308935,632.7957580290222,2632.8552332219133,898.3456700278471,cam_4_1690307921_12-58-41.jpg
362,321,2306.126042527715,504.0514938231855,2838.758395227428,797.681411355302,cam_4_1690307921_12-58-41.jpg
362,359,1294.790158860712,796.429035272612,1993.7858989454014,1565.5745894174975,cam_4_1690307921_12-58-41.jpg
362,373,3169.5406009384983,765.8719212514306,3976.5514452906837,1375.7412877396782,cam_4_1690307921_12-58-41.jpg
362,379,2616.8375607080907,442.59182730263916,2967.670199001133,586.1487551618709,cam_4_1690307921_12-58-41.jpg
362,395,985.6574876444236,557.0453857644517,1651.1763870942082,1026.0889653528316,cam_4_1690307921_12-58-41.jpg
362,410,1584.813856685164,473.83765513522144,2065.1884984798075,960.8339986675746,cam_4_1690307921_12-58-41.jpg
363,153,1834.1795450297577,381.39658807673123,2179.927614697669,614.7281784725011,cam_4_1690308101_13-01-41.jpg
363,293,1989.7741407302601,586.2997164400977,2827.561825277112,1057.4170758843325,cam_4_1690308101_13-01-41.jpg
363,321,2370.3522219349456,513.5527721538572,2819.1251551776636,761.424847119798,cam_4_1690308101_13-01-41.jpg
363,359,1275.178608184834,807.6769221212701,1984.6977459799034,1567.2257476630152,cam_4_1690308101_13-01-41.jpg
363,373,3153.6466729557264,767.2776154328219,3968.1463629428968,1369.846422829285,cam_4_1690308101_13-01-41.jpg
363,379,2493.0006501012695,397.5910248500239,3060.4811681993688,655.0366212094691,cam_4_1690308101_13-01-41.jpg
363,395,813.2215212184103,570.1727670383453,1675.228214832492,1181.3108809724995,cam_4_1690308101_13-01-41.jpg
363,410,1578.769051624739,479.64209685224085,2058.2474198732853,964.647573642595,cam_4_1690308101_13-01-41.jpg
364,293,1941.4345028943624,571.2105206478129,2877.8243611843423,1121.9265155256141,cam_4_1690308176_13-02-56.jpg
364,321,2390.9224734675263,519.6212109849504,2811.5156486055166,751.8330936853768,cam_4_1690308176_13-02-56.jpg
364,353,1780.534521345331,387.473705407429,2228.8664119628743,626.2642341437327,cam_4_1690308176_13-02-56.jpg
364,359,1268.0550512422365,815.452766690636,1995.4840897249744,1571.25816240523,cam_4_1690308176_13-02-56.jpg
364,379,2491.4635769170472,382.86965084051394,3050.6200317612424,650.5968626002752,cam_4_1690308176_13-02-56.jpg
364,395,766.6334083003294,574.4940872398179,1688.427103069795,1234.3750277206314,cam_4_1690308176_13-02-56.jpg
364,410,1564.3936215699273,473.8534226200078,2044.287687786701,958.4419222173493,cam_4_1690308176_13-02-56.jpg
365,293,1918.9071706794275,565.1076174067425,2874.787718076378,1145.6200143221338,cam_4_1690308191_13-03-11.jpg
365,321,2335.425207997816,472.0660743796635,3004.8498823064447,854.311529611017,cam_4_1690308191_13-03-11.jpg
365,353,1773.7779918793544,380.8407796327374,2222.6008831894987,624.8383504614048,cam_4_1690308191_13-03-11.jpg
365,359,1267.5994625220428,817.9583392484617,2011.8690262957614,1571.4399342291363,cam_4_1690308191_13-03-11.jpg
365,395,784.128985329831,573.8727875785673,1722.2377672249117,1255.5583739451815,cam_4_1690308191_13-03-11.jpg
365,410,1545.3983100582602,471.6046657923395,2026.7080181195922,955.7976805567237,cam_4_1690308191_13-03-11.jpg
366,293,1869.9711017270533,565.5601872178995,2808.8909205971254,1150.0321400399725,cam_4_1690308461_13-07-41.jpg
366,321,2290.951018734103,460.5038100441478,3020.200257199327,891.5555958051381,cam_4_1690308461_13-07-41.jpg
366,353,1786.8446574463935,353.18682978595234,2254.782556765247,621.7318395069644,cam_4_1690308461_13-07-41.jpg
366,359,1245.0442675744532,818.5939213388838,2005.0511557276636,1569.8897773409485,cam_4_1690308461_13-07-41.jpg
366,395,800.760469736806,577.8000139077301,1718.3495335879538,1249.5092944858147,cam_4_1690308461_13-07-41.jpg
366,410,1535.8259190126932,479.77085003089485,2007.3110594387374,954.7856186779347,cam_4_1690308461_13-07-41.jpg
367,293,1867.5186445846905,564.4172488747806,2809.4307128107766,1168.3981662336564,cam_4_1690308521_13-08-41.jpg
367,321,2319.8984946930514,464.7648371362134,3081.1283774638932,931.9475030983094,cam_4_1690308521_13-08-41.jpg
367,353,1788.687344559504,342.3630494130448,2237.0872282599435,613.9531866157604,cam_4_1690308521_13-08-41.jpg
367,359,1232.2625582551268,818.7608113491044,2006.2467464065617,1569.386706304263,cam_4_1690308521_13-08-41.jpg
367,395,832.0880499242683,584.2356706771727,1724.7431583117645,1244.695056983806,cam_4_1690308521_13-08-41.jpg
367,410,1543.5854947110242,477.1941784697618,2012.8515706899957,950.7556003012929,cam_4_1690308521_13-08-41.jpg
367,415,2543.5398532464665,359.68642360301794,3023.377653777243,608.9738539329034,cam_4_1690308521_13-08-41.jpg
368,293,1770.3433732178473,692.1480225372965,2764.930789485692,1321.014855338718,cam_4_1690308731_13-12-11.jpg
368,321,2309.1902170629724,456.1471113185728,3075.4586617644263,938.0446327019968,cam_4_1690308731_13-12-11.jpg
368,353,1790.5786746729625,336.949285639544,2280.461116549782,643.5263616688885,cam_4_1690308731_13-12-11.jpg
368,359,1156.6430732570843,799.3379436278431,1922.3767248370782,1533.0776038628364,cam_4_1690308731_13-12-11.jpg
368,360,2192.453940289827,654.6487585939818,2675.482338497132,884.7572813798876,cam_4_1690308731_13-12-11.jpg
368,395,764.4065078347658,608.8265766664445,1615.077802134671,1232.764480400749,cam_4_1690308731_13-12-11.jpg
368,410,1582.0686342908925,472.5531258680122,1971.607969356106,852.2503764918749,cam_4_1690308731_13-12-11.jpg
368,415,2512.3357423483167,368.82038754929584,3133.990277208416,695.9657447264801,cam_4_1690308731_13-12-11.jpg
369,171,2394.592754955611,525.1548797301656,2807.3197430133127,744.013346864398,cam_4_1690308776_13-12-56.jpg
369,293,1765.443283081351,742.9436106883552,2768.2245483965353,1369.7174392962079,cam_4_1690308776_13-12-56.jpg
369,353,1818.5147274268475,357.71502465685717,2233.3828923207757,608.9432284169088,cam_4_1690308776_13-12-56.jpg
369,359,1174.979906149132,791.3698603846717,1940.2708061729659,1519.164847936728,cam_4_1690308776_13-12-56.jpg
369,360,2160.6752406513806,650.1637077252809,2633.7330663944977,868.5508517174244,cam_4_1690308776_13-12-56.jpg
369,395,749.166147387152,620.4556345761048,1613.2952476903552,1251.5619202151283,cam_4_1690308776_13-12-56.jpg
369,410,1587.4031662314167,469.05649952996714,1967.9099510141345,835.9532444290292,cam_4_1690308776_13-12-56.jpg
369,415,2485.0228851137076,368.5646625571206,3182.5976558005004,742.2001031167135,cam_4_1690308776_13-12-56.jpg
370,171,2386.914093865724,532.5391110694349,2795.770481156361,749.0973505160277,cam_4_1690308791_13-13-11.jpg
370,293,1747.4478752717187,759.3857955299063,2757.8205399572216,1386.8500356044224,cam_4_1690308791_13-13-11.jpg
370,353,1816.6754031150654,368.6489629189894,2188.5276568241516,591.4492898262474,cam_4_1690308791_13-13-11.jpg
370,359,1174.911660371839,784.3755803375982,1962.7419722346253,1525.4325985550795,cam_4_1690308791_13-13-11.jpg
370,360,2142.2222440052183,648.8991948962328,2618.5935396462905,863.0820555217244,cam_4_1690308791_13-13-11.jpg
370,395,726.3833577664002,625.5270081916929,1585.7944404436053,1243.2571929631094,cam_4_1690308791_13-13-11.jpg
370,410,1577.1640095459718,470.73166993993215,1964.4170583308753,838.1728695340787,cam_4_1690308791_13-13-11.jpg
370,415,2482.3485708939784,373.8779895955625,3192.7643359086155,761.6625456351619,cam_4_1690308791_13-13-11.jpg
370,416,1971.4275348931867,355.36516801317214,2369.9602307160344,531.8652794864706,cam_4_1690308791_13-13-11.jpg
371,171,2381.1626242185657,527.4845966388988,2798.125444784696,749.1071972643756,cam_4_1690308806_13-13-26.jpg
371,293,1752.0678319015651,761.223487828669,2745.0810472316734,1375.9441471646992,cam_4_1690308806_13-13-26.jpg
371,353,1828.7952891949358,372.32631757109164,2193.547841983698,585.2394914200303,cam_4_1690308806_13-13-26.jpg
371,359,1173.6064766855761,784.3969100650969,1976.4501842477002,1527.3626006766544,cam_4_1690308806_13-13-26.jpg
371,360,2143.9554540298864,644.6188931403823,2611.3977227533146,850.8476473452765,cam_4_1690308806_13-13-26.jpg
371,395,707.8721332705818,626.975423497591,1588.1464159866082,1253.7664162455121,cam_4_1690308806_13-13-26.jpg
371,410,1570.4702948814686,468.936040978326,1972.3578540784488,843.5534385043513,cam_4_1690308806_13-13-26.jpg
371,415,2490.092041803273,375.95755075588875,3194.851816098764,767.9946908992792,cam_4_1690308806_13-13-26.jpg
371,416,1973.624259045508,353.29988449938037,2359.030411297109,523.8626769891473,cam_4_1690308806_13-13-26.jpg
371,417,2216.7707797097123,576.6645450147178,2693.416967063899,800.2520028629119,cam_4_1690308806_13-13-26.jpg
372,171,2398.313513912884,454.1497086462521,2847.346164185958,693.7567224612468,cam_4_1690308911_13-15-11.jpg
372,353,1817.2104736437038,375.56545508204454,2179.7148523416226,584.4874269715644,cam_4_1690308911_13-15-11.jpg
372,359,1119.8597110462474,786.9271610175879,1924.8182959062335,1550.3572222683483,cam_4_1690308911_13-15-11.jpg
372,360,2133.059544207621,654.8976844228263,2650.1738125142824,885.3781511799725,cam_4_1690308911_13-15-11.jpg
372,395,673.5251077995842,626.7189538391955,1560.003196950526,1254.919487964747,cam_4_1690308911_13-15-11.jpg
372,408,2616.555143892363,599.6048478228834,2963.903180571251,1187.4495172188508,cam_4_1690308911_13-15-11.jpg
372,410,1546.1852613346393,478.6636059436689,2020.7557166674721,918.7463865885195,cam_4_1690308911_13-15-11.jpg
372,415,2546.0932792574304,375.5685538368755,3248.5446248801813,777.9429093332255,cam_4_1690308911_13-15-11.jpg
372,416,1973.9645141507056,349.3595501798135,2363.2296914290814,521.4922900073852,cam_4_1690308911_13-15-11.jpg
372,417,2234.8758407813434,576.8792302598446,2681.5645693274364,785.4835639321074,cam_4_1690308911_13-15-11.jpg
373,171,2403.7011247884457,427.1850877032175,2863.9673122971776,675.0659829014719,cam_4_1690308941_13-15-41.jpg
373,353,1810.5292006606874,377.9137585772632,2182.2854814284037,588.7129519983537,cam_4_1690308941_13-15-41.jpg
373,359,1202.6951446999315,789.9230059218686,2025.1928945158043,1564.0283709321125,cam_4_1690308941_13-15-41.jpg
373,360,2132.724610075213,656.2596464199987,2667.18059091246,897.1534932251978,cam_4_1690308941_13-15-41.jpg
373,395,704.7231220700576,626.2725423702877,1599.926229536187,1269.1664613308299,cam_4_1690308941_13-15-41.jpg
373,408,2664.748788626173,592.9205829216528,2983.447493820317,1136.9803923674854,cam_4_1690308941_13-15-41.jpg
373,410,1542.3149720065178,483.61279376915274,2042.600025520414,946.1221051260003,cam_4_1690308941_13-15-41.jpg
373,415,2570.933696578288,378.4683545267512,3270.188547264312,791.6236825842334,cam_4_1690308941_13-15-41.jpg
373,416,1969.6453312531276,349.3063042334462,2367.9580650387697,525.1815452304861,cam_4_1690308941_13-15-41.jpg
373,417,2223.79198364053,573.6802090943969,2704.1697245718483,797.7650354950181,cam_4_1690308941_13-15-41.jpg
374,171,2350.7439699095726,414.85030923990325,2901.5957897988364,717.1535449044686,cam_4_1690308986_13-16-26.jpg
374,353,1808.2174290594598,375.593572936238,2188.280793811343,587.2526909429034,cam_4_1690308986_13-16-26.jpg
374,359,1240.1013932254434,796.5123395683343,2069.35499069437,1571.388055682114,cam_4_1690308986_13-16-26.jpg
374,360,2147.9687428182174,660.4524057596205,2672.8251562364135,898.8407089530131,cam_4_1690308986_13-16-26.jpg
374,395,724.754972159921,623.1200230830775,1625.556503686456,1279.035819276256,cam_4_1690308986_13-16-26.jpg
374,410,1537.6322545267421,483.0090838456615,2052.9801799336237,958.3654689771702,cam_4_1690308986_13-16-26.jpg
374,416,1992.751360260978,351.32994507871126,2366.1997073452976,513.3312174673624,cam_4_1690308986_13-16-26.jpg
374,417,2248.842749817039,577.8313588149974,2732.428117587587,804.0859712657318,cam_4_1690308986_13-16-26.jpg
375,171,2378.870207259073,476.78773785417184,2835.6696285538123,724.0468670012776,cam_4_1690309136_13-18-56.jpg
375,351,2759.410202156072,303.58304897157234,3184.9881662780367,584.2245631136603,cam_4_1690309136_13-18-56.jpg
375,353,1780.421020427797,368.3027421388949,2174.052470769437,585.2961381907317,cam_4_1690309136_13-18-56.jpg
375,359,1191.624485175407,798.1237364945284,2022.0439238788294,1566.5107741057343,cam_4_1690309136_13-18-56.jpg
375,360,2157.215082082314,664.7161567796825,2672.551744326141,900.4666260233383,cam_4_1690309136_13-18-56.jpg
375,379,2580.5117003299606,447.54717853874473,3012.063969435672,655.2470375133425,cam_4_1690309136_13-18-56.jpg
375,395,754.6961819178259,596.7312054278682,1652.7844798207125,1277.0295017880458,cam_4_1690309136_13-18-56.jpg
375,410,1497.7901185367982,482.69362524794025,2000.910212804959,940.1928623830552,cam_4_1690309136_13-18-56.jpg
375,416,1968.0621367651697,343.3344585796733,2327.21901908135,496.7864076723241,cam_4_1690309136_13-18-56.jpg
375,417,2267.709288355462,581.0683982115526,2749.408258229732,807.7528970717818,cam_4_1690309136_13-18-56.jpg
376,171,2390.2228898522094,511.59388754635955,2799.956318933746,730.4282939779946,cam_4_1690309151_13-19-11.jpg
376,351,2731.6599128729335,300.1716530165712,3167.0227810871943,588.0676662894996,cam_4_1690309151_13-19-11.jpg
376,353,1776.1464468942984,365.9221049230974,2166.163896601502,575.8757796639651,cam_4_1690309151_13-19-11.jpg
376,359,1210.8912590841944,756.629937538054,2033.5371956965953,1556.2603876871872,cam_4_1690309151_13-19-11.jpg
376,360,2159.420104877586,667.9364393058557,2668.0031563071198,901.0836696858387,cam_4_1690309151_13-19-11.jpg
376,379,2582.580823731175,448.8394504630732,2995.949938856849,647.8195831644307,cam_4_1690309151_13-19-11.jpg
376,395,807.4370097350105,590.2989453778871,1688.8241555729587,1291.4978574153392,cam_4_1690309151_13-19-11.jpg
376,410,1473.7743071530044,484.3103134889624,1981.5682401732524,939.4802959336289,cam_4_1690309151_13-19-11.jpg
376,416,1926.966777565759,334.2737418870931,2292.6818845014877,489.4534832580333,cam_4_1690309151_13-19-11.jpg
376,417,2224.9471841333643,576.0944619326027,2725.9362360493183,810.5524466460658,cam_4_1690309151_13-19-11.jpg
376,419,3104.826868399104,220.44814086529215,3230.9250507552297,423.1897981909499,cam_4_1690309151_13-19-11.jpg
377,171,2394.331243100411,524.0894693126509,2780.6135694917953,726.9467652013041,cam_4_1690309301_13-21-41.jpg
377,195,2687.692517628096,407.7051844253576,3088.483868706814,589.0343627693082,cam_4_1690309301_13-21-41.jpg
377,353,1757.35609961026,363.75925687578615,2161.890828970583,579.6524511005559,cam_4_1690309301_13-21-41.jpg
377,360,2163.0895323485643,670.9427750253188,2663.6073503569555,900.8473648976435,cam_4_1690309301_13-21-41.jpg
377,379,2573.3383847263417,449.4029889147577,2980.3060476523315,643.1211621017106,cam_4_1690309301_13-21-41.jpg
377,395,837.5628838306591,613.1563116977829,1663.24695292496,1304.4345801497643,cam_4_1690309301_13-21-41.jpg
377,410,1446.0824680249325,493.34020023664516,1956.2322469768862,940.5290730548318,cam_4_1690309301_13-21-41.jpg
377,416,1927.2886057388805,341.8690984491809,2274.0413162080786,486.1668281166775,cam_4_1690309301_13-21-41.jpg
377,417,2225.615981305316,580.8887448248727,2713.936523615277,808.2862103677963,cam_4_1690309301_13-21-41.jpg
377,420,2207.0850539937555,296.74016368380865,2562.7336356121223,435.9272854494909,cam_4_1690309301_13-21-41.jpg
378,171,2393.5486874735684,526.4637499756457,2777.4899313334167,725.3584704688062,cam_4_1690309316_13-21-56.jpg
378,195,2687.195441202093,406.6484270125608,3092.852932836803,589.5280801277738,cam_4_1690309316_13-21-56.jpg
378,353,1759.553911561006,364.3083970028032,2156.0247067315395,572.3322801227798,cam_4_1690309316_13-21-56.jpg
378,360,2166.2678964598513,673.0124408303994,2663.201261002182,901.8576498656829,cam_4_1690309316_13-21-56.jpg
378,379,2566.255583369589,447.87284693902205,2978.5552601946133,642.7890774851508,cam_4_1690309316_13-21-56.jpg
378,395,850.5159537119046,627.0584836657756,1636.866607362772,1321.4424722470867,cam_4_1690309316_13-21-56.jpg
378,410,1466.5245277986369,495.7149571121661,1977.3503164990295,942.2407368566496,cam_4_1690309316_13-21-56.jpg
378,416,1934.5553237385425,341.3591315496088,2294.233711113165,488.18904693923434,cam_4_1690309316_13-21-56.jpg
378,417,2225.182667381179,582.230535813729,2711.8765194909943,807.6629214123062,cam_4_1690309316_13-21-56.jpg
378,420,2173.5690796249733,296.65605253493436,2527.585986752447,433.3954367122636,cam_4_1690309316_13-21-56.jpg
379,153,1834.9244018262057,345.66934575901894,2241.9234898905215,627.0556829409095,cam_4_1690309571_13-26-11.jpg
379,171,2389.941649746124,523.3241241623523,2778.034773796775,722.447048217266,cam_4_1690309571_13-26-11.jpg
379,195,2686.160327876544,403.9568722628795,3096.5362227573373,588.9949480650437,cam_4_1690309571_13-26-11.jpg
379,312,3450.8453994097154,501.2652109166844,3854.0792396353245,973.0105309861054,cam_4_1690309571_13-26-11.jpg
379,360,2097.5618783148166,637.8604416321577,2665.854117030708,901.6919345979533,cam_4_1690309571_13-26-11.jpg
379,373,2841.834834481754,1151.8425835961045,4080.250277228622,2028.088500227436,cam_4_1690309571_13-26-11.jpg
379,379,2567.7625370573137,450.25310060354855,2973.7689850890183,640.0031900507909,cam_4_1690309571_13-26-11.jpg
379,384,1735.20656231127,575.8222315292127,2043.7389794053927,746.1508459538004,cam_4_1690309571_13-26-11.jpg
379,409,3550.6219598930015,363.5261968778954,4026.3924802188726,636.2587633784069,cam_4_1690309571_13-26-11.jpg
379,410,1425.0624333892308,435.921186210529,1897.5857682343153,840.4678898452378,cam_4_1690309571_13-26-11.jpg
379,417,2214.2828204597317,579.8548988126665,2710.8348883630433,808.609138754583,cam_4_1690309571_13-26-11.jpg
380,153,1844.2136338394637,339.3791138891986,2246.472848354248,627.1751840638062,cam_4_1690309616_13-26-56.jpg
380,171,2390.0215820092517,531.0301480479725,2774.655659269185,725.9756672922798,cam_4_1690309616_13-26-56.jpg
380,195,2688.7706727649347,403.38659954271924,3092.669373049979,585.6654183895189,cam_4_1690309616_13-26-56.jpg
380,259,3362.392984332577,527.8366788703636,4104.744322448668,1009.200392198288,cam_4_1690309616_13-26-56.jpg
380,360,2085.9491108622524,623.8356588004283,2675.961192557847,901.3971074090364,cam_4_1690309616_13-26-56.jpg
380,373,2624.0098951181008,1135.1076643795259,3880.7120972264593,2054.1119960159767,cam_4_1690309616_13-26-56.jpg
380,379,2572.4793891500613,452.0536152170994,2971.233442754999,637.0970127616013,cam_4_1690309616_13-26-56.jpg
380,384,1729.9989039977904,569.6184760489343,2050.903005069423,745.3316883621359,cam_4_1690309616_13-26-56.jpg
380,409,3523.9327419764736,392.4160802156602,4056.846598268654,700.8122510502953,cam_4_1690309616_13-26-56.jpg
380,417,2219.832906944785,582.1188991894244,2715.0572776062327,809.7801781185166,cam_4_1690309616_13-26-56.jpg
381,153,1847.1001500673458,340.42516563102424,2235.191606965342,626.9801656473536,cam_4_1690309691_13-28-11.jpg
381,171,2383.7265545633963,533.0254065126502,2772.331680266888,727.1497375347654,cam_4_1690309691_13-28-11.jpg
381,195,2690.656772012368,403.0039467998339,3092.625206548512,584.6816378530818,cam_4_1690309691_13-28-11.jpg
381,259,3391.8880666362347,528.8712580928219,4115.771216736795,984.9687728389348,cam_4_1690309691_13-28-11.jpg
381,360,2085.598244050748,626.7504331866718,2668.0389036378074,901.959897593284,cam_4_1690309691_13-28-11.jpg
381,373,2766.6979908174762,1108.105695524215,3966.091216728868,1982.8363431309226,cam_4_1690309691_13-28-11.jpg
381,379,2572.874309354263,455.538924309632,2966.5948655709776,636.1745558216974,cam_4_1690309691_13-28-11.jpg
381,384,1724.9144782545716,570.906615252619,2051.3173067162807,749.509872524492,cam_4_1690309691_13-28-11.jpg
381,409,3601.3993297450343,359.05918543239915,4043.7628066130546,615.2708053444569,cam_4_1690309691_13-28-11.jpg
381,417,2224.5224293157967,584.1245144999398,2715.91071870107,809.6539376444418,cam_4_1690309691_13-28-11.jpg
381,423,2871.43615274678,209.0799029665414,3080.165362330958,392.6933384633963,cam_4_1690309691_13-28-11.jpg
381,425,2112.284422478687,459.08967880329357,2584.116467489927,588.9681347647968,cam_4_1690309691_13-28-11.jpg
382,153,1841.9515983035212,338.2166557936032,2223.1158471362583,626.4374024565902,cam_4_1690309736_13-28-56.jpg
382,171,2376.639111089017,532.8647254954891,2776.100172112058,730.395577573989,cam_4_1690309736_13-28-56.jpg
382,195,2690.9828297276454,404.0496372587477,3093.9117263073535,586.293711938722,cam_4_1690309736_13-28-56.jpg
382,259,3489.2424801002862,441.7228585469377,4094.9104554087603,834.5421686565803,cam_4_1690309736_13-28-56.jpg
382,360,2081.7982245981175,623.3161640276674,2669.1622576981026,902.4793753290705,cam_4_1690309736_13-28-56.jpg
382,373,2992.6088078696257,1004.3274032182767,4082.2252349162,1850.8044953042308,cam_4_1690309736_13-28-56.jpg
382,379,2571.4089798723785,456.4071881299092,2968.944675601806,637.1753522675169,cam_4_1690309736_13-28-56.jpg
382,384,1724.3980674765028,571.2181687172264,2055.1507950519763,751.3554218654117,cam_4_1690309736_13-28-56.jpg
382,409,3619.641230582503,314.8784048152159,4049.101373969506,567.8024870611043,cam_4_1690309736_13-28-56.jpg
382,417,2226.5892232774813,583.888782367195,2721.1570801855514,810.9405178470332,cam_4_1690309736_13-28-56.jpg
382,425,2121.288897553285,458.92009966571646,2586.775001363035,587.4933908389539,cam_4_1690309736_13-28-56.jpg
383,171,2378.9287479997,532.0097387947412,2778.8826277064204,727.6526662016187,cam_4_1690309841_13-30-41.jpg
383,195,2701.38255329475,409.36394884170005,3087.6929117606455,583.8868812202171,cam_4_1690309841_13-30-41.jpg
383,259,3512.0546924739547,432.5105179154584,4052.2441597901297,783.1341676996967,cam_4_1690309841_13-30-41.jpg
383,348,2134.0836143967754,463.1433535487076,2435.4600449927416,586.1279384449971,cam_4_1690309841_13-30-41.jpg
383,360,2085.2181420943984,619.3431349170378,2674.3853902277483,901.8555466150748,cam_4_1690309841_13-30-41.jpg
383,379,2572.797390386937,456.85466550639313,2965.5577168599602,634.077145551611,cam_4_1690309841_13-30-41.jpg
383,384,1725.3083700956768,563.302300184868,2058.4497100499825,748.0064385649192,cam_4_1690309841_13-30-41.jpg
383,409,3650.668322596743,293.435436144002,4036.143242053067,522.933603627149,cam_4_1690309841_13-30-41.jpg
383,417,2229.6303214349514,583.6502891479893,2723.3661266796425,810.3995509588431,cam_4_1690309841_13-30-41.jpg
383,428,3654.486466503655,341.19360553537956,3960.2740761487066,571.3649860655403,cam_4_1690309841_13-30-41.jpg
384,171,2377.2646097050265,528.3851270388162,2789.0987557582716,729.1850740911265,cam_4_1690310051_13-34-11.jpg
384,195,2702.8477043386406,409.0333582548384,3093.1284275262965,585.6475043861927,cam_4_1690310051_13-34-11.jpg
384,259,3497.8256865291078,446.53156052861635,4039.116489534311,797.2367310916552,cam_4_1690310051_13-34-11.jpg
384,348,2138.9665575000445,458.3051713166998,2455.543186069556,586.5031259378866,cam_4_1690310051_13-34-11.jpg
384,359,1075.0636029121124,742.748355854359,1824.7919883243235,1491.7120427312007,cam_4_1690310051_13-34-11.jpg
384,360,2092.433748113238,617.8437876456525,2677.196652760714,900.933698988922,cam_4_1690310051_13-34-11.jpg
384,379,2578.4185621535325,455.188862688688,2977.0747411454513,635.1407531897153,cam_4_1690310051_13-34-11.jpg
384,384,1725.8329665022995,568.6565631679408,2061.7349932684506,752.6168148184739,cam_4_1690310051_13-34-11.jpg
384,409,3673.109503693546,293.63462437321476,4043.0420474287384,517.0060140679873,cam_4_1690310051_13-34-11.jpg
384,417,2218.041447586253,580.9667949346506,2721.815572725601,811.9984779447678,cam_4_1690310051_13-34-11.jpg
384,428,3701.2552688680535,345.20276685848125,3988.530465433298,558.6216155407901,cam_4_1690310051_13-34-11.jpg
385,171,2376.642442443842,530.9358239629421,2788.60043302772,730.5656831259338,cam_4_1690310096_13-34-56.jpg
385,195,2703.7242285384323,409.42136682191943,3092.7143302158183,585.6712247005727,cam_4_1690310096_13-34-56.jpg
385,259,3493.138455580307,462.39902626276614,4013.320969661281,797.568562760504,cam_4_1690310096_13-34-56.jpg
385,348,2146.7882029749408,458.5048146124359,2467.43281999247,585.2928084594396,cam_4_1690310096_13-34-56.jpg
385,360,2091.6842025236806,613.6314112714111,2678.944762449368,900.819803503952,cam_4_1690310096_13-34-56.jpg
385,379,2580.358009158776,456.6768653213601,2976.362982829655,634.9240949460382,cam_4_1690310096_13-34-56.jpg
385,384,1727.6521572833738,567.2120076416389,2065.053209815649,751.1182194776887,cam_4_1690310096_13-34-56.jpg
385,417,2224.12409768252,582.1095936574545,2728.8184311716996,814.0519333920224,cam_4_1690310096_13-34-56.jpg
385,428,3709.8531961473764,328.33834337960025,4015.7076684013937,554.0656474516072,cam_4_1690310096_13-34-56.jpg
385,433,3242.1298712374028,585.83725214817,4202.938323126664,1111.1090751616844,cam_4_1690310096_13-34-56.jpg
385,435,2802.6939847556587,970.8275453290976,4101.905041225245,1811.0909356559682,cam_4_1690310096_13-34-56.jpg
386,171,2369.0406836428715,529.7417141291434,2789.234140546988,732.1728048310483,cam_4_1690310156_13-35-56.jpg
386,195,2708.0488046520013,411.21872362022106,3093.0253481992554,585.8750815526591,cam_4_1690310156_13-35-56.jpg
386,259,3503.0767013210766,461.6304396460115,3998.0404814116637,768.3876102693405,cam_4_1690310156_13-35-56.jpg
386,348,2147.2039684536576,459.7740519853349,2465.5427527590005,584.04573395226,cam_4_1690310156_13-35-56.jpg
386,360,2101.23586990405,615.2897921938089,2677.9613941214,900.1123552749309,cam_4_1690310156_13-35-56.jpg
386,379,2581.154643396354,457.6975649353256,2978.9208148406387,636.3336620690739,cam_4_1690310156_13-35-56.jpg
386,384,1730.6042849132414,568.9836800827705,2065.2599840284524,749.9309634141641,cam_4_1690310156_13-35-56.jpg
386,417,2222.9621530807212,582.7033272641901,2729.046378193179,815.4258939494648,cam_4_1690310156_13-35-56.jpg
386,428,3703.2390786409437,326.24871625274466,4015.8860487493844,554.8382584914176,cam_4_1690310156_13-35-56.jpg
386,433,3199.904833557399,659.1024271127384,4124.036969379646,1163.8042683995982,cam_4_1690310156_13-35-56.jpg
386,435,2774.8501687344897,1075.0300986863144,4125.886581341323,1944.9341850735098,cam_4_1690310156_13-35-56.jpg
387,171,2361.4724106009053,447.5154955926305,2940.9094519061787,738.3469004292144,cam_4_1690310396_13-39-56.jpg
387,259,3485.3888789125326,519.5751852982758,3932.25837451771,777.9027714943733,cam_4_1690310396_13-39-56.jpg
387,348,2123.352676532282,458.0780696404138,2470.679208603802,594.3703711638675,cam_4_1690310396_13-39-56.jpg
387,360,2028.8390477895632,535.8685134443774,2858.3907583102423,964.5234907876642,cam_4_1690310396_13-39-56.jpg
387,384,1724.80572745763,566.3096199094616,2063.4677127999767,748.8946983620059,cam_4_1690310396_13-39-56.jpg
387,428,3697.289201165385,385.67879578295697,3978.485441308034,575.5508135215518,cam_4_1690310396_13-39-56.jpg
387,433,3163.818152886189,693.2314161183116,4124.688942156333,1221.1893330425992,cam_4_1690310396_13-39-56.jpg
388,195,2704.9180766539757,405.01551245577906,3097.3296262233066,584.2208182058057,cam_4_1690310561_13-42-41.jpg
388,259,3474.502673526971,543.4152911188571,3940.1718718660118,794.726569914415,cam_4_1690310561_13-42-41.jpg
388,360,1998.7610361047452,520.2854696270441,2872.8473998767386,985.7197836172577,cam_4_1690310561_13-42-41.jpg
388,373,3131.1689492722517,781.9865226507513,4056.9721188435883,1511.2692196182957,cam_4_1690310561_13-42-41.jpg
388,379,2586.767447033819,455.2201477614456,2984.996278537869,634.8250602513118,cam_4_1690310561_13-42-41.jpg
388,384,1724.5792864973835,568.13018746852,2059.947362186825,748.8660591419505,cam_4_1690310561_13-42-41.jpg
388,425,2111.038757149161,454.18313148825393,2596.216082026849,588.4801331825407,cam_4_1690310561_13-42-41.jpg
388,428,3641.188449854526,412.7833120434846,3989.8604674275966,641.4226395288767,cam_4_1690310561_13-42-41.jpg
388,440,3456.0540869388315,607.998033029372,3966.912442357153,964.0474584822005,cam_4_1690310561_13-42-41.jpg
389,195,2716.4346824892364,412.3099978325392,3095.016841206158,585.6944712725406,cam_4_1690310591_13-43-11.jpg
389,259,3490.8673839664875,550.1201772301131,3910.4266704459696,756.8810227227744,cam_4_1690310591_13-43-11.jpg
389,360,1993.6346964195614,516.5434140081303,2866.47469939318,994.3982462399563,cam_4_1690310591_13-43-11.jpg
389,373,3133.226584448233,769.5288137945944,4046.961932028853,1489.966290301069,cam_4_1690310591_13-43-11.jpg
389,379,2582.6654626873296,456.03572447748616,2982.4738371343774,636.8797737503992,cam_4_1690310591_13-43-11.jpg
389,384,1723.3097770759325,568.0155193398939,2061.0296115872266,749.7064799960606,cam_4_1690310591_13-43-11.jpg
389,425,2114.8080408136757,450.9211797624644,2601.34773444188,585.9544781304728,cam_4_1690310591_13-43-11.jpg
389,428,3597.760145770311,424.30376782079037,3995.235397764152,682.1024342224628,cam_4_1690310591_13-43-11.jpg
389,440,3482.1691258279943,600.4182061054668,3964.1158427056853,925.5846671456468,cam_4_1690310591_13-43-11.jpg
389,441,3624.572370375182,331.5447243957591,4077.390585405496,543.2847876610047,cam_4_1690310591_13-43-11.jpg
390,195,2719.543637656745,415.2809548423965,3092.0014038468275,586.0104153978309,cam_4_1690310636_13-43-56.jpg
390,321,2123.9989311407494,521.2691464373811,2898.468840441014,1028.0740896840225,cam_4_1690310636_13-43-56.jpg
390,373,3128.578528512498,762.9585335085847,4046.9252862779476,1491.0532202144093,cam_4_1690310636_13-43-56.jpg
390,379,2584.732488808429,454.3222372637126,2982.7830559813187,634.6959329388496,cam_4_1690310636_13-43-56.jpg
390,384,1720.9392936742906,569.502282648421,2054.031392951948,748.5720550617395,cam_4_1690310636_13-43-56.jpg
390,425,2102.2228390032346,450.11690509154886,2622.7254000656008,596.198511887208,cam_4_1690310636_13-43-56.jpg
390,428,3586.7023593237604,424.6929750384952,3998.339497904529,686.6017354078042,cam_4_1690310636_13-43-56.jpg
390,440,3491.693948026638,561.4309642307433,3934.0259514240884,852.5082801222001,cam_4_1690310636_13-43-56.jpg
391,195,2719.031324603268,415.46346756110614,3091.5545539428654,586.1686584977499,cam_4_1690310756_13-45-56.jpg
391,321,2155.43632691872,520.9570354684765,2915.640317063864,1036.7153997350279,cam_4_1690310756_13-45-56.jpg
391,373,3122.8746895007644,758.9810063724027,4047.9175761684974,1499.0682280284814,cam_4_1690310756_13-45-56.jpg
391,379,2590.4745687688087,455.89663349277663,2985.0968092683484,635.217362161,cam_4_1690310756_13-45-56.jpg
391,384,1718.7102452792003,566.8457695610131,2054.7969246162374,747.680218989692,cam_4_1690310756_13-45-56.jpg
391,425,2099.832576882273,451.06766820725124,2622.658409428425,598.9162883629338,cam_4_1690310756_13-45-56.jpg
391,428,3582.2766842365418,426.70742038316774,3996.7411835447597,684.906799742231,cam_4_1690310756_13-45-56.jpg
391,440,3550.6835991955354,547.6588558576406,3909.0580386680053,765.2787414392969,cam_4_1690310756_13-45-56.jpg
391,443,2402.9190638128325,270.3843311139048,2744.8728070799402,411.84872036658885,cam_4_1690310756_13-45-56.jpg
391,444,3603.1937318470295,312.32163118170575,4079.0928028802546,529.588646231166,cam_4_1690310756_13-45-56.jpg
392,153,1928.2658815268846,313.9640265740975,2256.2539415967917,570.7831642307201,cam_4_1690310846_13-47-26.jpg
392,195,2722.5909776877706,418.0036149043722,3087.2124591873053,584.9249465595533,cam_4_1690310846_13-47-26.jpg
392,321,2152.4547415132924,529.7373322427748,2882.558680133243,1034.2935625971272,cam_4_1690310846_13-47-26.jpg
392,373,3138.8655001969273,764.7088587650187,4035.133309781745,1478.4239183505388,cam_4_1690310846_13-47-26.jpg
392,379,2592.758777611049,458.7375605834683,2976.099282886407,632.8486531159309,cam_4_1690310846_13-47-26.jpg
392,384,1722.781675362301,568.049340070733,2057.865484235736,747.9911773390107,cam_4_1690310846_13-47-26.jpg
392,425,2111.712345503458,451.0996362164239,2616.6029927632208,594.6475892960303,cam_4_1690310846_13-47-26.jpg
392,428,3618.2895944142733,423.58291226483914,4002.7722939612327,649.6571520323384,cam_4_1690310846_13-47-26.jpg
392,444,3622.679561033477,326.803654498215,4019.21266737763,507.02543465876835,cam_4_1690310846_13-47-26.jpg
392,446,3447.6862097894505,599.8128145827543,3972.0652354780445,904.2097975437814,cam_4_1690310846_13-47-26.jpg
393,195,2719.217226184431,417.0476794669342,3088.083630769585,585.9945911432915,cam_4_1690310891_13-48-11.jpg
393,321,2170.7357160164966,522.9511345669284,2894.0236025634713,1035.8502521278292,cam_4_1690310891_13-48-11.jpg
393,359,814.5772627052175,611.6786496587599,1489.957221695774,1269.035133536972,cam_4_1690310891_13-48-11.jpg
393,373,3128.373292243435,765.3316291474036,4029.1624070219987,1483.1601113951997,cam_4_1690310891_13-48-11.jpg
393,379,2599.221133176021,460.51539307152063,2982.694137758252,635.3997417093333,cam_4_1690310891_13-48-11.jpg
393,384,1722.1744774753402,565.971697279306,2062.7249445883103,748.4578597150132,cam_4_1690310891_13-48-11.jpg
393,425,2110.131454751485,454.12022499563074,2599.8667116418096,594.103625222562,cam_4_1690310891_13-48-11.jpg
393,428,3586.2747440239723,421.8366608668306,4011.668280303962,669.1224064525319,cam_4_1690310891_13-48-11.jpg
393,444,3614.7758500176215,308.5553414674025,4053.0725810423614,508.20729862400054,cam_4_1690310891_13-48-11.jpg
393,446,3454.041869209438,600.1754036580369,3998.4800533744506,909.1668642394744,cam_4_1690310891_13-48-11.jpg
394,195,2715.0441140329394,415.8492195031482,3089.38166441953,587.5783870377413,cam_4_1690310921_13-48-41.jpg
394,321,2176.401286368714,522.5934266185684,2896.5193818839775,1043.5947747236605,cam_4_1690310921_13-48-41.jpg
394,359,862.5649791435396,622.48686371916,1517.9621007260848,1271.4507965379225,cam_4_1690310921_13-48-41.jpg
394,373,3151.569590698333,765.3509096462747,4036.778440947701,1464.978320956609,cam_4_1690310921_13-48-41.jpg
394,379,2600.221286591159,459.28046580485136,2987.6642626110524,637.0931636956641,cam_4_1690310921_13-48-41.jpg
394,384,1723.9764658382564,566.9952520825582,2068.1643730419764,751.1385838629116,cam_4_1690310921_13-48-41.jpg
394,425,2105.396023127385,453.3069335748572,2599.2293638261503,595.7755888357029,cam_4_1690310921_13-48-41.jpg
394,428,3600.995922173414,419.2506053310963,4001.787593170377,642.107741155776,cam_4_1690310921_13-48-41.jpg
394,444,3598.692949814915,320.45094987942537,4016.746355990762,510.1370561340589,cam_4_1690310921_13-48-41.jpg
394,446,3429.1874672099334,590.4636708249652,4019.8133979652025,918.5686696652771,cam_4_1690310921_13-48-41.jpg
394,447,3236.2172224466267,540.2371029922886,4232.471893948006,829.1709086853534,cam_4_1690310921_13-48-41.jpg
395,195,2713.065240847173,414.2644262306678,3088.1812811719024,586.6739915336173,cam_4_1690311146_13-52-26.jpg
395,321,2174.4965708148366,520.8426177569114,2893.7866153122586,1047.0086232319404,cam_4_1690311146_13-52-26.jpg
395,373,3160.8088562816674,807.6984964480129,4026.6012704657883,1481.3505902943539,cam_4_1690311146_13-52-26.jpg
395,379,2601.5225653238613,456.4082993748576,2990.184927872804,635.7202949826845,cam_4_1690311146_13-52-26.jpg
395,384,1718.1055656761412,567.3659959846888,2056.1459741960443,748.262279558382,cam_4_1690311146_13-52-26.jpg
395,425,2099.2953209747857,458.5206220003913,2569.358931666932,595.5949271584241,cam_4_1690311146_13-52-26.jpg
395,428,3568.187645700231,416.16562198815393,4029.084193496654,672.4749189203139,cam_4_1690311146_13-52-26.jpg
395,441,3627.4723324363254,361.3939789065232,4065.4980984185095,565.4757824440574,cam_4_1690311146_13-52-26.jpg
395,444,3609.2205460723226,303.6209461191664,4062.1260979534795,511.15098245797117,cam_4_1690311146_13-52-26.jpg
395,446,3398.437087551102,588.132358808251,4016.2695010801776,926.7266283949302,cam_4_1690311146_13-52-26.jpg
395,449,3224.665360572532,539.2991883202321,4201.659258934773,801.2977657229097,cam_4_1690311146_13-52-26.jpg
395,450,2296.893926737895,268.53833410827855,2652.0673271809537,443.44758767562126,cam_4_1690311146_13-52-26.jpg
396,195,2715.0395921416953,412.85759699745785,3090.1294926703667,585.7471454160036,cam_4_1690311176_13-52-56.jpg
396,321,2181.509689318634,523.4414307123354,2887.9773622683606,1044.0595304742083,cam_4_1690311176_13-52-56.jpg
396,373,3283.701198929681,824.1960458108533,4036.8748767032375,1354.4798799558407,cam_4_1690311176_13-52-56.jpg
396,379,2602.9043711419276,456.663986854526,2989.9146119894012,635.8329805748488,cam_4_1690311176_13-52-56.jpg
396,384,1716.4830025979443,569.166591384457,2050.445419142882,747.8845989346012,cam_4_1690311176_13-52-56.jpg
396,425,2101.708166805451,457.56279172221144,2563.6341407996497,593.7266093898511,cam_4_1690311176_13-52-56.jpg
396,428,3560.2290560779347,415.5099706533152,4014.6381051464623,664.862197606558,cam_4_1690311176_13-52-56.jpg
396,441,3647.9810975937467,378.83885254849724,4059.6179720434966,563.8011954000656,cam_4_1690311176_13-52-56.jpg
396,444,3642.00245196467,297.08239270513616,4029.009528545588,474.39375879164527,cam_4_1690311176_13-52-56.jpg
396,446,3354.0158723780255,590.5837847341243,3995.6538084469394,940.286097052962,cam_4_1690311176_13-52-56.jpg
396,447,3318.7388006376023,536.7840657383728,4218.408341180467,798.3042815787945,cam_4_1690311176_13-52-56.jpg
396,450,2316.723585418335,265.79338967642525,2664.682463922031,437.9565503517558,cam_4_1690311176_13-52-56.jpg
397,195,2709.983722364722,413.733776482964,3083.5961322230373,585.5091143034025,cam_4_1690311416_13-56-56.jpg
397,321,2165.439060400836,553.8495497582275,2833.611485114938,1035.7435997783807,cam_4_1690311416_13-56-56.jpg
397,348,2138.5350851842245,449.0441815296989,2541.4455765283137,605.9467608948329,cam_4_1690311416_13-56-56.jpg
397,373,3210.4491147491203,821.9926700485989,4008.367933520793,1378.023189920592,cam_4_1690311416_13-56-56.jpg
397,379,2609.1431015969224,456.5281616616122,2995.8090135245634,636.429896877144,cam_4_1690311416_13-56-56.jpg
397,384,1734.1619659034693,550.4963762822538,2018.8868091951426,699.9516018203989,cam_4_1690311416_13-56-56.jpg
397,410,1389.0613088505845,618.430409247139,2059.7240995815982,1192.8660887274882,cam_4_1690311416_13-56-56.jpg
397,446,3384.3374949581444,675.259985301831,4044.1756413677385,1021.2182979404918,cam_4_1690311416_13-56-56.jpg
397,447,3270.957850245167,558.7046004998185,4222.112390702023,837.0615060866544,cam_4_1690311416_13-56-56.jpg
398,195,2706.9698982731966,413.27406671478053,3078.5973493944093,583.8873335295247,cam_4_1690311476_13-57-56.jpg
398,312,3173.7139015734574,387.2804691771264,3441.2259542014585,707.2128920826706,cam_4_1690311476_13-57-56.jpg
398,353,1720.4184934007299,571.7532178509532,2038.4299248158609,739.7281968377401,cam_4_1690311476_13-57-56.jpg
398,360,1826.4551121731747,572.7520197978413,2702.613485590705,1060.4368030898027,cam_4_1690311476_13-57-56.jpg
398,373,3175.9225134227695,812.3261983435102,3994.108617864659,1378.6504476203322,cam_4_1690311476_13-57-56.jpg
398,379,2609.797680509196,459.420894716866,2992.756097353769,637.8470409387379,cam_4_1690311476_13-57-56.jpg
398,410,1289.1766708901919,648.9779716534085,2040.715280962215,1371.8813368656133,cam_4_1690311476_13-57-56.jpg
398,417,2364.9109333732836,528.730527598392,2805.9554198937994,732.2663015578305,cam_4_1690311476_13-57-56.jpg
398,420,2103.1469439205703,461.9984695528552,2471.3267305733493,605.2155358281245,cam_4_1690311476_13-57-56.jpg
398,428,3557.9750153969903,389.3565449390889,4034.3592996640946,651.0257475061558,cam_4_1690311476_13-57-56.jpg
398,446,3362.655101773458,703.0412575562601,4082.617821184107,1071.18649548773,cam_4_1690311476_13-57-56.jpg
398,447,3184.6076103073387,549.2352990917249,4265.110862681087,873.8937471258273,cam_4_1690311476_13-57-56.jpg
399,153,1859.132835442205,381.3404769223383,2218.118931757768,654.4117231020502,cam_4_1690311566_13-59-26.jpg
399,195,2708.625527435853,414.0126251529816,3080.826859094342,584.7829517076601,cam_4_1690311566_13-59-26.jpg
399,353,1733.3700683518525,572.3308669348291,2067.9127577321215,750.7741326648364,cam_4_1690311566_13-59-26.jpg
399,373,3180.6575242130752,802.1461711631239,4011.5803116728184,1372.2540918779855,cam_4_1690311566_13-59-26.jpg
399,379,2596.923680138052,457.4490212481786,2986.5112724504897,639.1922292106057,cam_4_1690311566_13-59-26.jpg
399,395,989.7461605205925,610.5211838095472,1739.9494635303618,1245.6917582408664,cam_4_1690311566_13-59-26.jpg
399,410,1282.2423568600284,708.2624940368412,2017.0508340963793,1479.6386018621492,cam_4_1690311566_13-59-26.jpg
399,417,2365.879497633711,525.8596328227663,2806.4842590184526,729.4489457657943,cam_4_1690311566_13-59-26.jpg
399,420,2146.6538625036565,463.2003994316682,2512.415123907704,601.9753195885899,cam_4_1690311566_13-59-26.jpg
399,441,3553.450981949769,390.9113491932825,4073.10683081558,623.9889213697045,cam_4_1690311566_13-59-26.jpg
399,446,3385.165169800621,708.6514929469542,4071.5741701667434,1044.6935732183933,cam_4_1690311566_13-59-26.jpg
399,447,3236.9985460732833,560.7735898994862,4246.165281580645,865.5884540096404,cam_4_1690311566_13-59-26.jpg
400,195,2718.146260646184,413.33431373712693,3089.153626492993,584.657733644947,cam_4_1690311581_13-59-41.jpg
400,293,1951.262442119682,532.4780722934302,2324.729480817314,759.1376262329293,cam_4_1690311581_13-59-41.jpg
400,353,1724.7821000375584,578.9896469517079,2059.919822511032,758.7525387404492,cam_4_1690311581_13-59-41.jpg
400,373,3189.367320178353,799.4811024983658,4020.676427659607,1363.026793111448,cam_4_1690311581_13-59-41.jpg
400,379,2594.9673012673834,457.8241769458509,2985.7210563556723,640.2175958127148,cam_4_1690311581_13-59-41.jpg
400,395,901.2280260073962,617.2552719970829,1690.4367683869114,1272.6338881467327,cam_4_1690311581_13-59-41.jpg
400,410,1294.6845709212862,739.870859418131,1994.0383339070215,1525.5603058094998,cam_4_1690311581_13-59-41.jpg
400,417,2368.409049633783,524.5066248334412,2802.1903705627756,725.0576773567961,cam_4_1690311581_13-59-41.jpg
400,425,2134.440320383536,457.2113358374225,2559.866192269234,583.1168568762687,cam_4_1690311581_13-59-41.jpg
400,428,3550.5214238860085,391.0134059516339,4010.265683575024,642.4161055242856,cam_4_1690311581_13-59-41.jpg
400,441,3580.999432494453,375.7118166987306,4067.795012288299,596.5415399397253,cam_4_1690311581_13-59-41.jpg
400,446,3369.279494991745,700.5881586683631,4065.166153254494,1030.2263048384034,cam_4_1690311581_13-59-41.jpg
400,447,3270.959374985683,578.2714261980884,4148.625480529042,843.546304004467,cam_4_1690311581_13-59-41.jpg
401,195,2714.1077983842197,413.2055925775142,3087.2575614286634,585.6738212215316,cam_4_1690311611_14-00-11.jpg
401,293,1951.8438082125235,527.3953990919736,2307.9845119381803,736.9398283822673,cam_4_1690311611_14-00-11.jpg
401,353,1723.4746446785018,579.6544117332613,2061.421599334431,759.7863877089051,cam_4_1690311611_14-00-11.jpg
401,373,3239.9090657990614,735.794307566107,4015.208239699229,1261.008966996797,cam_4_1690311611_14-00-11.jpg
401,379,2595.478171790225,459.69800522568335,2984.0522947437735,641.0501886556644,cam_4_1690311611_14-00-11.jpg
401,395,894.8723679965238,628.0453614117107,1675.468692107208,1287.6146292448043,cam_4_1690311611_14-00-11.jpg
401,410,1309.8137630073716,744.0281639307043,1980.7173182080073,1543.298189915417,cam_4_1690311611_14-00-11.jpg
401,417,2363.143442709474,524.9671821246754,2802.8934518677775,728.2419059409281,cam_4_1690311611_14-00-11.jpg
401,425,2147.9934056787156,455.7353268766925,2569.969883680949,580.192509862725,cam_4_1690311611_14-00-11.jpg
401,428,3520.6937242751883,396.75307950229535,4045.0171331383713,685.8427976106645,cam_4_1690311611_14-00-11.jpg
401,441,3571.9519869023256,371.62510985620366,4046.9369246454617,586.8790586271558,cam_4_1690311611_14-00-11.jpg
401,447,3228.371881696786,591.000728495535,4215.387101619676,893.5272107345121,cam_4_1690311611_14-00-11.jpg
401,458,2080.5841056172676,844.9587971962123,2764.172114667082,1710.2604114909254,cam_4_1690311611_14-00-11.jpg
401,459,2242.797348007098,579.2344089759489,2723.6854976998984,818.5740440298177,cam_4_1690311611_14-00-11.jpg
402,195,2711.298199523503,413.4784622682074,3082.2788537258366,584.4750469060424,cam_4_1690311716_14-01-56.jpg
402,293,1947.298486901054,526.1792406460913,2299.3789700950483,731.2717174031111,cam_4_1690311716_14-01-56.jpg
402,353,1719.3666854588596,579.8123747315051,2057.61655508436,759.30105036816,cam_4_1690311716_14-01-56.jpg
402,373,3227.017940850723,732.8911305867484,4030.0216068290874,1272.0862661125057,cam_4_1690311716_14-01-56.jpg
402,379,2605.5324340404745,459.92741698397884,2990.2189739244095,639.8800318414368,cam_4_1690311716_14-01-56.jpg
402,395,841.441104478137,624.9783194550077,1626.4249734705077,1294.0007951433463,cam_4_1690311716_14-01-56.jpg
402,410,1327.518164098449,723.1338176340473,1971.1540041742182,1530.0284889374088,cam_4_1690311716_14-01-56.jpg
402,417,2359.0330595352234,526.2942682704478,2803.276808919246,731.3244510825284,cam_4_1690311716_14-01-56.jpg
402,425,2148.0124539891513,457.0330715944711,2573.377406540276,582.1683256079046,cam_4_1690311716_14-01-56.jpg
402,428,3497.9002023812986,414.7538638675421,4070.1859437377607,731.6757294309109,cam_4_1690311716_14-01-56.jpg
402,447,3116.4447041065173,652.5985051111982,4312.82739726198,1026.8431221269611,cam_4_1690311716_14-01-56.jpg
402,458,2028.1643704053304,865.2257474327253,2703.678993577073,1716.8890675093176,cam_4_1690311716_14-01-56.jpg
402,459,2237.5257446252917,578.4105926571397,2723.144658702405,819.9909830743063,cam_4_1690311716_14-01-56.jpg
402,460,3191.947958037936,555.2408488909547,4206.397864452112,853.7495262197727,cam_4_1690311716_14-01-56.jpg
403,195,2709.712595596718,413.86337547149617,3082.952764782099,585.759703003625,cam_4_1690311791_14-03-11.jpg
403,293,1948.5665368845496,525.2539899537213,2304.8029223772214,731.2082949744095,cam_4_1690311791_14-03-11.jpg
403,353,1717.0050648725762,581.0535130803858,2058.0371143566554,761.9025351331609,cam_4_1690311791_14-03-11.jpg
403,373,3218.6400005716023,728.8372000807972,4040.53739568587,1278.9729900475331,cam_4_1690311791_14-03-11.jpg
403,379,2603.054638371713,458.85603910707755,2991.92735900406,641.0730487874134,cam_4_1690311791_14-03-11.jpg
403,395,826.6754885475293,626.227588370043,1608.4497704052287,1298.6510016385746,cam_4_1690311791_14-03-11.jpg
403,410,1327.0152244496094,720.609822053609,1943.2425481223186,1538.055781238551,cam_4_1690311791_14-03-11.jpg
403,417,2360.4249175306004,525.9393649669435,2801.672703559405,729.2647759262819,cam_4_1690311791_14-03-11.jpg
403,425,2140.0914025683396,458.9527178732618,2574.16781112481,586.667698626718,cam_4_1690311791_14-03-11.jpg
403,428,3450.839548775103,420.96315047820343,4062.0174841517687,763.2260479490037,cam_4_1690311791_14-03-11.jpg
403,447,3031.4719505882185,610.6927190634879,4368.2714361307435,1046.8363538985122,cam_4_1690311791_14-03-11.jpg
403,458,1946.0163208506651,865.1704595463566,2637.2612842506724,1726.01491406806,cam_4_1690311791_14-03-11.jpg
403,459,2234.88798123181,578.9163968147698,2716.843774551387,818.2479301708896,cam_4_1690311791_14-03-11.jpg
403,460,3084.5798967268847,492.37919074865033,4352.154853004757,872.9309151907507,cam_4_1690311791_14-03-11.jpg
404,195,2710.3757640808835,415.47300790066,3081.5203737903503,586.0787819483832,cam_4_1690311881_14-04-41.jpg
404,293,1929.5930923752385,520.7935809096954,2298.061036940244,734.1974814389628,cam_4_1690311881_14-04-41.jpg
404,353,1717.716264016846,572.1922305060401,2059.2974402198442,754.0615450438213,cam_4_1690311881_14-04-41.jpg
404,373,3221.796268146417,743.7969543969459,4031.5142165031016,1284.1137418480766,cam_4_1690311881_14-04-41.jpg
404,379,2601.2995198229805,456.92878613253623,2993.5447184662085,641.3244010552473,cam_4_1690311881_14-04-41.jpg
404,395,888.6447033294019,652.784736923986,1589.1352450636573,1191.8197178901607,cam_4_1690311881_14-04-41.jpg
404,410,1175.2236248191234,800.3996565930877,1859.8777584633128,1619.1148708677397,cam_4_1690311881_14-04-41.jpg
404,417,2358.8557139046725,526.2319779972373,2798.4173783875954,728.2059178682583,cam_4_1690311881_14-04-41.jpg
404,425,2138.7163175654327,455.93515562818675,2575.9622639750155,584.370788547096,cam_4_1690311881_14-04-41.jpg
404,428,3461.585716930094,422.3696858228306,4067.353976527643,766.0018676275786,cam_4_1690311881_14-04-41.jpg
404,447,3145.634669338009,662.212141591312,4296.213310921612,1037.3122711460533,cam_4_1690311881_14-04-41.jpg
404,459,2231.411068801915,580.1658354077638,2719.7624370045955,822.6085746881799,cam_4_1690311881_14-04-41.jpg
404,460,3126.6861543519667,538.2962468798939,4275.993229084492,888.3289661105051,cam_4_1690311881_14-04-41.jpg
404,464,446.5544218646434,580.51985282024,1339.8458340851944,968.6961693576752,cam_4_1690311881_14-04-41.jpg
405,195,2706.9721038826806,415.9036546441406,3079.6397631121854,586.8956744111936,cam_4_1690311911_14-05-11.jpg
405,373,3203.750234645032,746.8680437039161,4026.649205151553,1293.7073105878949,cam_4_1690311911_14-05-11.jpg
405,379,2601.0887381615694,461.63016080114255,2985.4121891163977,641.9446892446293,cam_4_1690311911_14-05-11.jpg
405,395,856.9745380147225,678.4134216700032,1564.762361845973,1169.2549837405265,cam_4_1690311911_14-05-11.jpg
405,410,1089.983094332165,835.6978487266022,1831.9086805177515,1647.0598158481062,cam_4_1690311911_14-05-11.jpg
405,417,2360.6320781265595,523.9757680287627,2802.4637509685076,727.406435121785,cam_4_1690311911_14-05-11.jpg
405,425,2125.9224032320817,455.09580352714175,2580.4174410695605,589.3662517426749,cam_4_1690311911_14-05-11.jpg
405,428,3542.849385081988,422.95412881853804,4022.909775907589,674.4676247735763,cam_4_1690311911_14-05-11.jpg
405,433,3225.102113851998,666.3429700963285,4067.3792164537726,1137.6432234785868,cam_4_1690311911_14-05-11.jpg
405,459,2241.97987038523,579.0554380688815,2737.2886253283546,826.2595466366535,cam_4_1690311911_14-05-11.jpg
405,460,3106.2625152559576,549.8604194160628,4282.663330075215,915.1194423250063,cam_4_1690311911_14-05-11.jpg
405,464,337.16446491473346,583.2681049161652,1223.9148555495003,969.2778935764574,cam_4_1690311911_14-05-11.jpg
406,195,2708.933674982108,415.658714922586,3081.3313086838652,586.5383064737028,cam_4_1690311926_14-05-26.jpg
406,360,1533.710549271152,501.13141797694766,2282.2978569934926,917.9180681063353,cam_4_1690311926_14-05-26.jpg
406,373,3201.5769308148388,747.7258778066491,4023.842573925493,1291.9422929134162,cam_4_1690311926_14-05-26.jpg
406,379,2605.387513809831,459.25813522007076,2989.7281620145036,640.2583953874255,cam_4_1690311926_14-05-26.jpg
406,395,841.8693769788684,702.0990915297696,1575.0870362114056,1173.887533955335,cam_4_1690311926_14-05-26.jpg
406,410,1078.138788254678,844.8734988215277,1860.7510740067241,1655.4799882188204,cam_4_1690311926_14-05-26.jpg
406,417,2360.5824509479426,522.781750814535,2805.6079983770073,728.2663896809726,cam_4_1690311926_14-05-26.jpg
406,425,2127.3166467627234,458.67938312293677,2585.474631132437,594.6859402833263,cam_4_1690311926_14-05-26.jpg
406,428,3547.171871315686,423.35178505781073,4004.1612792838196,654.8031214329069,cam_4_1690311926_14-05-26.jpg
406,447,3221.0085660641034,654.0049803054814,4257.117388741996,992.611911252563,cam_4_1690311926_14-05-26.jpg
406,459,2263.2964329050606,578.4122504365824,2743.448163639786,819.7716494216015,cam_4_1690311926_14-05-26.jpg
406,460,3216.5705014393757,566.9234472807309,4223.164000839941,880.6311919784566,cam_4_1690311926_14-05-26.jpg
406,464,333.61052366780575,594.0333453380218,1204.9353468304516,974.5596793887921,cam_4_1690311926_14-05-26.jpg
406,467,3286.030868400466,568.4535649223417,3819.9823223766653,770.2847153615629,cam_4_1690311926_14-05-26.jpg
407,195,2693.7597504875293,412.1668070742736,3079.4923870180774,588.9302868545541,cam_4_1690312091_14-08-11.jpg
407,312,3016.9791915988662,212.12221122253703,3200.495490745607,430.1201901357649,cam_4_1690312091_14-08-11.jpg
407,321,2248.6015130700316,497.1940019838082,2891.245708316717,977.073425559003,cam_4_1690312091_14-08-11.jpg
407,359,515.7844988343631,601.8104370818601,1121.5634754097787,1162.5802985665814,cam_4_1690312091_14-08-11.jpg
407,360,1678.07621858748,541.667063973409,2288.7662513221694,847.2619210612929,cam_4_1690312091_14-08-11.jpg
407,379,2610.122147357199,457.16288182665994,3000.412497097558,642.0732220763612,cam_4_1690312091_14-08-11.jpg
407,410,1161.9755877342031,851.8533374834066,1946.2783794164352,1651.3370376612734,cam_4_1690312091_14-08-11.jpg
407,441,3488.6956715629076,419.33805239701104,4094.9041903511193,693.2759674096592,cam_4_1690312091_14-08-11.jpg
407,450,2117.744941058592,300.0212656577606,2572.3388329908303,526.0202065699532,cam_4_1690312091_14-08-11.jpg
408,195,2707.250965225454,411.2596780851293,3085.1805096408243,585.0220631825375,cam_4_1690312226_14-10-26.jpg
408,321,2241.3613393440783,497.7252194806012,2869.204289201689,986.1576237605602,cam_4_1690312226_14-10-26.jpg
408,359,402.0560787637512,510.3621511117224,964.8432676672671,989.224715171661,cam_4_1690312226_14-10-26.jpg
408,360,1698.1764342012204,555.6360918047731,2288.2510820666707,826.5042059662296,cam_4_1690312226_14-10-26.jpg
408,379,2607.404180361803,459.07526546995905,2989.1154293868526,639.863637199247,cam_4_1690312226_14-10-26.jpg
408,410,1156.498258498571,808.7116507626397,1993.4646646436033,1652.392058935232,cam_4_1690312226_14-10-26.jpg
408,433,3261.6986030530793,621.9485649799889,4159.65237844986,1123.6980896038986,cam_4_1690312226_14-10-26.jpg
408,450,2113.5840487766322,315.69407615742824,2555.245011318602,532.7464691191401,cam_4_1690312226_14-10-26.jpg
408,473,3203.610044410244,537.6534888461322,4036.131574052317,865.7512710395242,cam_4_1690312226_14-10-26.jpg
409,195,2718.441174615057,416.2412522585406,3083.969754817344,584.5978574916851,cam_4_1690312256_14-10-56.jpg
409,321,2220.449937752761,492.8952353330063,2847.0640458171574,990.1099035405377,cam_4_1690312256_14-10-56.jpg
409,360,1480.0379710737393,486.99624421590147,2172.7086165272653,816.150329666968,cam_4_1690312256_14-10-56.jpg
409,379,2606.5507373388264,460.03372431244424,2985.6573931413095,639.204449826249,cam_4_1690312256_14-10-56.jpg
409,410,1138.1265589327452,840.2865828020538,1968.5183364079912,1644.7693922848803,cam_4_1690312256_14-10-56.jpg
409,433,3240.459115668445,619.7507875361275,4144.617367638384,1134.6174432652454,cam_4_1690312256_14-10-56.jpg
409,450,2097.9851627555167,324.4656348188993,2538.908627575302,540.2894092311795,cam_4_1690312256_14-10-56.jpg
409,473,3276.517508126864,551.3161262936399,4110.491201503732,880.9727794636265,cam_4_1690312256_14-10-56.jpg
409,476,2847.022374657259,1059.3806048649435,4181.540693700978,1781.0106189478838,cam_4_1690312256_14-10-56.jpg
409,477,1561.4853112419592,593.4235307656736,2168.993437037715,1068.8909068968546,cam_4_1690312256_14-10-56.jpg
410,195,2709.7777644623225,412.57552668040455,3083.1112441836626,584.4958612727065,cam_4_1690312496_14-14-56.jpg
410,321,2199.6200553673793,498.00714593581137,2808.463837068377,987.304586429412,cam_4_1690312496_14-14-56.jpg
410,360,1517.1640947341696,466.8818817675071,2054.4492849329467,715.9889046939968,cam_4_1690312496_14-14-56.jpg
410,379,2608.936999836595,460.6296728054503,2992.114654546541,642.1456571661892,cam_4_1690312496_14-14-56.jpg
410,410,1117.627271822292,856.1221404421547,1958.9092910413312,1642.0890489097374,cam_4_1690312496_14-14-56.jpg
410,477,1585.6936102375475,604.7375888758984,2343.0651640248125,1209.9908677321841,cam_4_1690312496_14-14-56.jpg
411,153,1643.290187911443,401.96563944324953,1914.537515908277,604.0692897595065,cam_4_1690312616_14-16-56.jpg
411,195,2724.5257728501574,415.9677141493292,3087.3207797238947,584.0293638933854,cam_4_1690312616_14-16-56.jpg
411,321,2278.809592829799,508.7460358825591,2757.3833812273224,884.2348864414354,cam_4_1690312616_14-16-56.jpg
411,379,2601.692159259029,463.40352899519434,2987.246244868216,645.4152827357619,cam_4_1690312616_14-16-56.jpg
411,395,762.2070708822771,616.3665048795599,1591.6094891141183,1139.5194205804173,cam_4_1690312616_14-16-56.jpg
411,417,2406.348403026225,472.4766207336342,2802.644880034216,654.609432783815,cam_4_1690312616_14-16-56.jpg
411,443,1790.5565659741392,362.7033117553263,2208.8296713441914,535.251299184785,cam_4_1690312616_14-16-56.jpg
411,473,3358.391785022598,570.6311746158082,4145.463815351136,881.0773652767725,cam_4_1690312616_14-16-56.jpg
411,477,1655.3647093790553,593.6009661300777,2434.0713775679196,1218.4248320441939,cam_4_1690312616_14-16-56.jpg
412,153,1636.6167357116506,403.47640738553844,1902.7884877558754,595.1705551338002,cam_4_1690312661_14-17-41.jpg
412,171,2349.126934633053,435.1280070112732,2901.816687685787,717.6730048434613,cam_4_1690312661_14-17-41.jpg
412,195,2709.1165957621392,422.21025506367806,3074.8533176693936,591.0806290280088,cam_4_1690312661_14-17-41.jpg
412,293,1801.061364658087,498.086549572971,2410.185080481834,847.9729190554156,cam_4_1690312661_14-17-41.jpg
412,373,3173.5093145443584,747.9442355354831,4106.746103862093,1350.9430111429024,cam_4_1690312661_14-17-41.jpg
412,395,681.0492489447195,609.0349216988523,1661.860010558754,1240.3575511705194,cam_4_1690312661_14-17-41.jpg
412,433,3364.3193066522344,574.6241084737837,4071.0681583804108,975.6034401564789,cam_4_1690312661_14-17-41.jpg
412,443,1777.857215615139,366.7404264986344,2235.1813587558568,552.1023787675933,cam_4_1690312661_14-17-41.jpg
412,458,2393.3132676691803,652.358064309349,2904.3703953044114,1276.699565482455,cam_4_1690312661_14-17-41.jpg
412,459,2261.0779030443678,500.5251710603112,2740.2839754888537,739.6302390110542,cam_4_1690312661_14-17-41.jpg
412,477,1671.6118432021071,594.013286173799,2445.279632997968,1213.5091836615838,cam_4_1690312661_14-17-41.jpg
412,481,1262.3638310257033,461.77031406410947,1865.6155144540694,739.4604193309419,cam_4_1690312661_14-17-41.jpg
412,482,1040.0943485394762,701.1997008474826,2239.2857435812757,1456.2449207268892,cam_4_1690312661_14-17-41.jpg
413,153,1639.3150861912186,400.2018929774626,1916.7591585634589,597.9111023985461,cam_4_1690312676_14-17-56.jpg
413,171,2348.9408468329293,442.35979758002736,2882.0249022665726,716.0112485786331,cam_4_1690312676_14-17-56.jpg
413,195,2708.4524618304317,426.2857720729703,3068.6920641156526,591.7968149032513,cam_4_1690312676_14-17-56.jpg
413,293,1773.1479036592946,494.3110731870151,2443.00861582126,884.3841192826571,cam_4_1690312676_14-17-56.jpg
413,373,3126.4109698297266,756.976072847356,4077.7530687597564,1370.9416826937445,cam_4_1690312676_14-17-56.jpg
413,395,637.9428839649624,601.1977667948544,1682.6274408074585,1280.8417017366087,cam_4_1690312676_14-17-56.jpg
413,443,1784.3545170238133,368.7190655031578,2263.5475210664868,559.915966068815,cam_4_1690312676_14-17-56.jpg
413,458,2417.3415362145306,644.4972191203974,2926.214524914787,1258.0069768317449,cam_4_1690312676_14-17-56.jpg
413,459,2247.9458664830117,494.7873758704219,2753.5643107659043,748.2772311627502,cam_4_1690312676_14-17-56.jpg
413,473,3358.086570298191,569.3136740650167,4163.422419554628,886.7360214606724,cam_4_1690312676_14-17-56.jpg
413,477,1678.6154948724509,596.6119319577233,2436.3051093196127,1202.357830557332,cam_4_1690312676_14-17-56.jpg
413,481,1271.0694939315774,468.42116873767634,1839.1711733492862,734.3144866874103,cam_4_1690312676_14-17-56.jpg
413,482,1093.9964845192344,703.7472114196871,2315.964379290546,1492.9010264795556,cam_4_1690312676_14-17-56.jpg
414,171,2350.1163335980104,446.30760799083396,2845.630911172414,698.9460653700964,cam_4_1690312826_14-20-26.jpg
414,195,2638.2312545263276,344.6934998344674,3222.193288008721,620.8166693445615,cam_4_1690312826_14-20-26.jpg
414,293,1749.0020517590824,495.20376701418854,2387.047418651936,867.2714729881711,cam_4_1690312826_14-20-26.jpg
414,348,2229.59881579084,492.8087644166769,2792.7637169955847,716.4100601095327,cam_4_1690312826_14-20-26.jpg
414,373,3030.181530887399,775.6868638076312,4195.676057906296,1551.467321745975,cam_4_1690312826_14-20-26.jpg
414,384,1611.3911737722233,399.79297959765444,1960.7146878726987,586.1817892659949,cam_4_1690312826_14-20-26.jpg
414,395,674.66821906463,601.4412553095293,1715.4769018691925,1291.8186303472748,cam_4_1690312826_14-20-26.jpg
414,433,3370.3712909119663,564.0254344370179,4057.2397888956816,950.2396600411013,cam_4_1690312826_14-20-26.jpg
414,443,1782.0466783662591,366.4848004423077,2266.4041493841523,557.819662499487,cam_4_1690312826_14-20-26.jpg
414,458,2422.9158560105902,638.9892086630125,2895.418281730602,1178.1747122978916,cam_4_1690312826_14-20-26.jpg
414,459,2335.75573985955,461.36716142198827,2752.9010911654223,663.1680642662631,cam_4_1690312826_14-20-26.jpg
414,477,1721.404147184914,601.6941844543657,2471.0376536832773,1196.5555620565283,cam_4_1690312826_14-20-26.jpg
414,481,1266.4773518904112,471.18648280343155,1888.813172045462,770.6561728251684,cam_4_1690312826_14-20-26.jpg
415,171,2316.556146564222,447.4322160788285,3045.232498313796,846.3451831468058,cam_4_1690313096_14-24-56.jpg
415,195,2655.6513244085136,313.0351465476423,3245.2777650726184,595.6589402174156,cam_4_1690313096_14-24-56.jpg
415,348,2269.8197434371514,500.84679587018286,2758.7372425644226,685.5908638000919,cam_4_1690313096_14-24-56.jpg
415,373,3009.9116857514314,807.3466006202766,4163.498427151293,1586.0072088697275,cam_4_1690313096_14-24-56.jpg
415,384,1602.4392090088047,386.74347855728405,1900.0153228667841,545.0883228957346,cam_4_1690313096_14-24-56.jpg
415,395,750.0529756992505,600.7034947247712,1687.9745320545026,1211.3441085876375,cam_4_1690313096_14-24-56.jpg
415,433,3368.236032737488,562.6344673413512,4050.167267598886,949.28893836178,cam_4_1690313096_14-24-56.jpg
415,458,2267.443451769729,581.0387391065501,2779.21308926185,1141.3453902632095,cam_4_1690313096_14-24-56.jpg
415,477,1759.475607218942,618.0180928305194,2520.964149257553,1212.9815258207263,cam_4_1690313096_14-24-56.jpg
415,481,1513.9639609500655,478.0431788439855,2033.314700388006,722.7822511793706,cam_4_1690313096_14-24-56.jpg
416,171,2245.1458428882147,485.3080888676468,2908.10274598086,855.6079901003311,cam_4_1690313171_14-26-11.jpg
416,195,2657.360625498166,298.94719942444715,3249.542601187836,586.4657021959566,cam_4_1690313171_14-26-11.jpg
416,321,2363.823588203302,451.9047817307719,2935.767546514804,904.6908191292314,cam_4_1690313171_14-26-11.jpg
416,348,2266.2864101593877,506.61453603665126,2752.045652112221,688.9185093511836,cam_4_1690313171_14-26-11.jpg
416,384,1603.6038278833435,390.83124681442644,1870.3063388807052,524.7762139719025,cam_4_1690313171_14-26-11.jpg
416,395,531.0858936702739,613.4406768607905,1353.0322080296423,1140.14651778617,cam_4_1690313171_14-26-11.jpg
416,433,3378.4091929809365,562.35799954442,4075.9865002458096,951.8117865755468,cam_4_1690313171_14-26-11.jpg
416,446,2980.9106747461465,820.8398127140192,4054.475829807252,1341.208546430608,cam_4_1690313171_14-26-11.jpg
416,458,2192.1830995740584,559.0743162973012,2736.972403379805,1140.6357128696113,cam_4_1690313171_14-26-11.jpg
416,476,2693.55026140866,1039.2979746227368,4310.66220349833,1914.9933653242279,cam_4_1690313171_14-26-11.jpg
416,477,1768.9237227350845,624.659033364163,2538.6416088909605,1217.9205711040795,cam_4_1690313171_14-26-11.jpg
416,481,1482.9334831469387,478.3191772121914,2251.2811163337583,846.8436968514759,cam_4_1690313171_14-26-11.jpg
417,171,2211.8495447176474,500.741596510468,2818.928798836008,844.9477829416444,cam_4_1690313201_14-26-41.jpg
417,195,2659.4244739525902,294.11938462092246,3245.368410878201,582.0322130101346,cam_4_1690313201_14-26-41.jpg
417,321,2375.2136435063567,449.0698428380158,2946.7643453173964,905.2873021990642,cam_4_1690313201_14-26-41.jpg
417,348,2272.2240606879814,505.25356713028145,2751.3156498049293,682.9698196822806,cam_4_1690313201_14-26-41.jpg
417,373,3009.857939300421,812.6804272620142,4147.54812123826,1584.9255855873375,cam_4_1690313201_14-26-41.jpg
417,384,1597.5371375148598,390.4531229712216,1845.879626325136,513.7682394277957,cam_4_1690313201_14-26-41.jpg
417,395,359.9581238483637,622.283925392453,1163.2315585295028,1134.1375350427718,cam_4_1690313201_14-26-41.jpg
417,433,3376.919918203902,563.9404615393275,4050.1814122090664,942.5124847429759,cam_4_1690313201_14-26-41.jpg
417,458,2141.6620195760265,547.2087674745208,2713.3762119746407,1140.2302425753494,cam_4_1690313201_14-26-41.jpg
417,476,2576.8930730566826,1034.8591664671135,4255.296625573783,1969.8271420262458,cam_4_1690313201_14-26-41.jpg
417,477,1772.2685467132158,627.8835538112667,2545.900121184716,1216.363468727749,cam_4_1690313201_14-26-41.jpg
417,481,1473.8258472885182,481.05475661552055,2319.7079474133407,894.8037360461792,cam_4_1690313201_14-26-41.jpg
418,171,2217.9089032959637,507.4259402484115,2759.246973652765,812.4351863711643,cam_4_1690313216_14-26-56.jpg
418,195,2659.367718062988,291.6344077720387,3242.7394387275576,581.8739459766575,cam_4_1690313216_14-26-56.jpg
418,321,2382.724685758813,449.54385768265,2951.7143407519416,906.1875188625795,cam_4_1690313216_14-26-56.jpg
418,348,2265.463633331375,504.65493708758584,2739.032961690156,678.4952707900211,cam_4_1690313216_14-26-56.jpg
418,373,3134.4457582273717,745.5368861260465,4127.51433406452,1427.163815703711,cam_4_1690313216_14-26-56.jpg
418,384,1606.453579762688,394.03967729326257,1847.1871885159833,510.74488479465043,cam_4_1690313216_14-26-56.jpg
418,395,368.57116755872624,621.7147497071475,1120.3995456382067,1100.576440164883,cam_4_1690313216_14-26-56.jpg
418,433,3400.0475521351223,565.1471719946458,4012.039075873343,903.3534912677122,cam_4_1690313216_14-26-56.jpg
418,446,2979.4784318850247,812.4935815869617,4080.016091597934,1360.1736587032474,cam_4_1690313216_14-26-56.jpg
418,458,2115.101471678393,541.9525875799104,2708.705538525477,1143.231883996029,cam_4_1690313216_14-26-56.jpg
418,476,2668.961009272047,1022.0204411614999,4303.361744259225,1934.1422673984725,cam_4_1690313216_14-26-56.jpg
418,477,1764.4959017961248,627.6518929422666,2551.0234632251922,1219.2647534101043,cam_4_1690313216_14-26-56.jpg
418,481,1484.4042830486014,479.8758873329906,2336.710679080938,905.3598839747258,cam_4_1690313216_14-26-56.jpg
419,195,2669.416394428669,291.63773360826104,3241.7986330525064,579.1777509113242,cam_4_1690313291_14-28-11.jpg
419,321,2387.1118789147613,449.91406724893574,2979.5217487191494,928.9723703441048,cam_4_1690313291_14-28-11.jpg
419,348,2273.7534323977734,509.040147107932,2756.845304263368,686.2585024726707,cam_4_1690313291_14-28-11.jpg
419,373,3308.635057000632,729.053580361674,4087.6250223769594,1221.2286295938652,cam_4_1690313291_14-28-11.jpg
419,395,309.84118440971196,626.4752722863346,1114.348122942926,1141.2796120545204,cam_4_1690313291_14-28-11.jpg
419,441,3369.245508092802,566.0121259438815,4076.4499947930094,887.0442823703472,cam_4_1690313291_14-28-11.jpg
419,446,3032.90916811015,814.4395932816008,4175.151483757616,1372.923744005533,cam_4_1690313291_14-28-11.jpg
419,458,2110.0807750335184,550.0154210268128,2712.3679931017523,1144.887404907411,cam_4_1690313291_14-28-11.jpg
419,476,2686.525989329313,1006.422192630774,4347.341387641388,1940.8464756707963,cam_4_1690313291_14-28-11.jpg
419,477,1746.3047733801543,631.2100301545031,2540.4104930006824,1220.383056018868,cam_4_1690313291_14-28-11.jpg
419,481,1408.9201976846898,471.4238142262252,2293.002325040716,922.692892314622,cam_4_1690313291_14-28-11.jpg
420,195,2681.2685811052397,291.28165759576757,3246.890315495496,579.3777241359836,cam_4_1690313351_14-29-11.jpg
420,321,2396.593856555472,451.4088192125618,2973.2007187544987,922.6146969908928,cam_4_1690313351_14-29-11.jpg
420,348,2263.9864089782313,504.7087309566664,2773.5881352747556,691.4757912824598,cam_4_1690313351_14-29-11.jpg
420,373,3338.914355885993,716.8116258868704,4087.0790242188095,1167.3817037729448,cam_4_1690313351_14-29-11.jpg
420,395,290.2981158895034,625.987265261332,1113.8995829182436,1155.801461639554,cam_4_1690313351_14-29-11.jpg
420,441,3367.7495953282137,574.6367044645182,4060.7996191152592,890.6296774601376,cam_4_1690313351_14-29-11.jpg
420,446,3001.2242802261167,815.6267734314965,4125.130710005976,1372.050217894398,cam_4_1690313351_14-29-11.jpg
420,458,2082.1911565430446,545.4173503837201,2703.4468055599145,1143.9004556937946,cam_4_1690313351_14-29-11.jpg
420,476,2706.1872854279163,1003.9889626003281,4353.775524184382,1936.0792813665425,cam_4_1690313351_14-29-11.jpg
420,477,1743.2867251304688,633.1232448801027,2543.234101607184,1220.556002195718,cam_4_1690313351_14-29-11.jpg
420,481,1419.4257884502297,476.0028752502173,2266.969645261629,917.2919866991137,cam_4_1690313351_14-29-11.jpg
421,195,2680.8474586244665,291.2756561209268,3238.183506694265,576.2894397682041,cam_4_1690313411_14-30-11.jpg
421,321,2403.9579424509643,450.40475602634496,2991.1127680574436,929.4246597080476,cam_4_1690313411_14-30-11.jpg
421,348,2260.2386925129745,503.2915374693224,2774.409366683355,690.0845434630687,cam_4_1690313411_14-30-11.jpg
421,373,3338.004871502373,713.1302904860777,4097.361040383332,1150.5659547029545,cam_4_1690313411_14-30-11.jpg
421,395,256.9534050376306,597.7707974133548,1030.6068132927112,1084.407980438362,cam_4_1690313411_14-30-11.jpg
421,441,3361.496669710894,577.6619247312824,4076.3289527652964,906.5130292580851,cam_4_1690313411_14-30-11.jpg
421,446,3018.301319744456,807.4651697113245,4188.705702109382,1386.8919545251165,cam_4_1690313411_14-30-11.jpg
421,458,2103.928687462326,549.2526906461787,2728.5043486403724,1143.487995885092,cam_4_1690313411_14-30-11.jpg
421,476,2693.0416326270024,998.9320063996983,4322.242663302495,1930.1890552159684,cam_4_1690313411_14-30-11.jpg
421,481,1482.436052729346,475.88472145190684,2265.958722942478,884.6653281030406,cam_4_1690313411_14-30-11.jpg
421,482,1648.8228718855546,648.2621365465933,2579.4155427855167,1244.7632366186754,cam_4_1690313411_14-30-11.jpg
422,293,1781.361593425,525.1676584255166,2431.4330397021104,895.2393638427485,cam_4_1690313921_14-38-41.jpg
422,321,2460.819080678886,461.577888787546,2957.663489515468,855.6197554548464,cam_4_1690313921_14-38-41.jpg
422,348,2239.1433947887726,497.40093953643384,2704.6983425263234,663.2777666188307,cam_4_1690313921_14-38-41.jpg
422,417,2429.8503001073886,472.82911057612046,2966.743565193747,719.3627550272513,cam_4_1690313921_14-38-41.jpg
422,428,3611.4764224851474,272.0258651465576,4085.237631935628,518.2265001509377,cam_4_1690313921_14-38-41.jpg
422,433,3354.3308467550937,562.7081716575458,4036.2425406639222,944.6964122742473,cam_4_1690313921_14-38-41.jpg
422,443,1552.826786125061,404.3804429646644,2154.1944519598,643.6392914234643,cam_4_1690313921_14-38-41.jpg
422,446,3006.5618272246047,805.7070599705637,4248.503981647622,1426.2565377182216,cam_4_1690313921_14-38-41.jpg
422,458,2251.4517484293865,576.0797168142803,2872.0649813737664,1169.2894944823038,cam_4_1690313921_14-38-41.jpg
422,476,2727.1915961700315,1057.801687017718,4190.13133109643,1905.9678670316764,cam_4_1690313921_14-38-41.jpg
422,482,1592.9229349422594,633.091537432756,2468.7020960031314,1188.8478319459832,cam_4_1690313921_14-38-41.jpg
423,293,1792.0934729928128,523.087440825705,2391.4925650252967,851.6410948570986,cam_4_1690313981_14-39-41.jpg
423,348,2251.071793504828,498.9644862566326,2682.5960562472433,648.5032806126976,cam_4_1690313981_14-39-41.jpg
423,417,2405.237379248211,474.4134463716959,2943.2203308991075,719.692370712945,cam_4_1690313981_14-39-41.jpg
423,428,3613.0234953715376,287.78406499896806,4112.9759318589095,555.4818596719997,cam_4_1690313981_14-39-41.jpg
423,433,3354.4390807420596,563.1148210620516,4032.826336193787,946.0462964408696,cam_4_1690313981_14-39-41.jpg
423,443,1566.42886216913,409.1656442290622,2146.648536856338,638.5833443909219,cam_4_1690313981_14-39-41.jpg
423,446,2883.3765303595487,802.9077399122123,4268.338849934364,1524.2786318390217,cam_4_1690313981_14-39-41.jpg
423,458,2293.6951007166804,579.7512858738114,2920.953469359491,1181.802085391358,cam_4_1690313981_14-39-41.jpg
423,476,2739.5833529704446,1055.2170021905672,4129.672842303059,1869.9715571046374,cam_4_1690313981_14-39-41.jpg
423,482,1590.8269583860522,629.4666351601048,2459.92414324593,1176.5574285182197,cam_4_1690313981_14-39-41.jpg
424,293,1784.7449753103313,529.8638765627862,2422.62704917502,873.1930955729176,cam_4_1690313996_14-39-56.jpg
424,410,1066.825746413238,860.0496060779996,1922.531339065502,1615.3971711823056,cam_4_1690313996_14-39-56.jpg
424,417,2388.6097063196275,465.11888535243384,2927.4913228735413,712.4586736045881,cam_4_1690313996_14-39-56.jpg
424,425,2192.253786465382,492.6187152085546,2692.7953445827698,642.3629823709008,cam_4_1690313996_14-39-56.jpg
424,428,3611.775025965331,292.73388037607316,4116.018080527858,569.9635995119745,cam_4_1690313996_14-39-56.jpg
424,433,3356.0671756716306,563.5731085532657,4035.4455315547784,949.4162507321048,cam_4_1690313996_14-39-56.jpg
424,443,1575.908442608246,409.3742788892396,2150.9858216749185,635.3188219897813,cam_4_1690313996_14-39-56.jpg
424,458,2323.3776370331425,587.6205948013819,2943.887868938326,1186.811909117339,cam_4_1690313996_14-39-56.jpg
424,476,2807.346699964283,1056.283190853316,4167.160187756726,1848.6254132368456,cam_4_1690313996_14-39-56.jpg
424,482,1592.8689287881589,629.2869759006476,2463.431122594501,1173.4492282795359,cam_4_1690313996_14-39-56.jpg
424,492,2483.35230725821,406.1717551279138,2892.182477118971,537.5785057080933,cam_4_1690313996_14-39-56.jpg
425,293,1775.3993999572165,523.0234199559102,2398.549594182323,853.9068601420331,cam_4_1690314026_14-40-26.jpg
425,410,1134.7851281455455,879.9321988474892,2006.721555298066,1609.7163731674304,cam_4_1690314026_14-40-26.jpg
425,417,2371.8144209241955,462.5375793273163,2933.506937694897,721.3702883114961,cam_4_1690314026_14-40-26.jpg
425,425,2196.813044557462,492.3783135270329,2759.5996532996232,661.0950156398425,cam_4_1690314026_14-40-26.jpg
425,428,3601.000685728447,296.67770304934504,4093.0291643222085,576.394387783846,cam_4_1690314026_14-40-26.jpg
425,433,3351.351337828972,558.9156994777974,4036.961886766419,951.4742169733818,cam_4_1690314026_14-40-26.jpg
425,443,1574.6531604082577,410.63887586221165,2155.111647279985,638.874564721665,cam_4_1690314026_14-40-26.jpg
425,458,2284.4586544738418,574.756321942918,2905.814780873583,1174.7029712701183,cam_4_1690314026_14-40-26.jpg
425,476,2772.2481137337004,1054.0665312892672,4104.0368011892,1837.9811662800862,cam_4_1690314026_14-40-26.jpg
425,482,1636.6203532847085,631.4948175835455,2407.853362324462,1096.619035102604,cam_4_1690314026_14-40-26.jpg
425,492,2468.6007910699245,403.4403340052969,2883.901796351763,536.1776403174151,cam_4_1690314026_14-40-26.jpg
426,293,1818.6247844858303,519.8916059390682,2422.528179341783,836.261618562228,cam_4_1690314176_14-42-56.jpg
426,353,1561.0726491716684,406.9015293214168,1935.4822709330683,601.0513457055451,cam_4_1690314176_14-42-56.jpg
426,417,2406.437321373567,427.7970178960359,2962.794456010035,693.7536874884081,cam_4_1690314176_14-42-56.jpg
426,425,2168.102150152746,493.3550307426575,2814.4776525829966,698.17698113432,cam_4_1690314176_14-42-56.jpg
426,428,3597.591208015104,299.8907851673095,4085.7626861156687,578.1017633975157,cam_4_1690314176_14-42-56.jpg
426,433,3362.0975789345043,559.7243907966329,4083.3562053835954,969.4612959517897,cam_4_1690314176_14-42-56.jpg
426,458,2491.169713979218,616.1867089654393,3030.215128420855,1127.809216821449,cam_4_1690314176_14-42-56.jpg
426,476,2863.5126749579886,1005.5146627660603,4101.070561265017,1744.2870124470282,cam_4_1690314176_14-42-56.jpg
426,482,1601.8530338336075,633.0960108517879,2471.2054626841173,1155.9371751848835,cam_4_1690314176_14-42-56.jpg
427,153,1555.3553130687183,409.8893953773463,1914.5206763758276,655.2361014525068,cam_4_1690314221_14-43-41.jpg
427,293,1823.079857585847,510.5242504851345,2428.0771007759577,826.2397746374602,cam_4_1690314221_14-43-41.jpg
427,321,2520.6974244441335,413.65612172016165,2895.5673097327576,704.8314723115379,cam_4_1690314221_14-43-41.jpg
427,425,2174.399020738378,495.1633852889869,2832.3166632026746,712.414721537014,cam_4_1690314221_14-43-41.jpg
427,428,3611.40595583177,300.34757549913434,4099.631761978035,575.130915427143,cam_4_1690314221_14-43-41.jpg
427,433,3377.3916557421026,554.927138383796,4119.573391483162,972.2574446176791,cam_4_1690314221_14-43-41.jpg
427,450,2022.0510343044336,331.31813722664884,2446.971022744258,536.4043935496907,cam_4_1690314221_14-43-41.jpg
427,458,2477.891291837063,655.4185841026081,3033.0950191634424,1162.7054009085957,cam_4_1690314221_14-43-41.jpg
427,476,2900.4454868234625,978.6645998627937,4067.594938502048,1678.9716848940443,cam_4_1690314221_14-43-41.jpg
427,482,1576.795805293462,630.8997187552952,2470.5245462983576,1167.029014356518,cam_4_1690314221_14-43-41.jpg
428,153,1581.0262412371837,410.62687804375196,1953.410618064827,648.1677950224553,cam_4_1690314281_14-44-41.jpg
428,293,1837.96456501326,497.17459778270614,2304.934701489306,727.583382003977,cam_4_1690314281_14-44-41.jpg
428,425,2187.2186532802534,496.75993456158875,2770.7891855933044,697.2116516321084,cam_4_1690314281_14-44-41.jpg
428,428,3619.3185242267764,302.0150149497642,4108.379985184121,573.8297304652749,cam_4_1690314281_14-44-41.jpg
428,433,3380.5820193658747,541.0944456800573,4132.195783751132,958.9880926567762,cam_4_1690314281_14-44-41.jpg
428,450,2076.3658710100913,332.34335116806255,2474.9070460711605,528.4535349586308,cam_4_1690314281_14-44-41.jpg
428,459,2617.532921191878,467.73840593376315,2986.018900373604,644.2556050270849,cam_4_1690314281_14-44-41.jpg
428,476,2883.8282305711396,953.0111320599808,4053.596326395592,1653.068441916686,cam_4_1690314281_14-44-41.jpg
428,482,1593.6059399396092,614.2647742828685,2514.363589146262,1171.9429407311236,cam_4_1690314281_14-44-41.jpg
429,153,1594.6913677969299,412.1540651914186,1979.8273612594048,641.815028352718,cam_4_1690314341_14-45-41.jpg
429,293,1850.3616468798214,493.4362827611744,2260.316138664522,682.6989629151765,cam_4_1690314341_14-45-41.jpg
429,420,2209.6641018048986,499.76825963780294,2759.4324032730747,714.1311885766152,cam_4_1690314341_14-45-41.jpg
429,428,3612.6151533647517,302.4679231830755,4104.231763449341,573.207613735631,cam_4_1690314341_14-45-41.jpg
429,433,3380.6584178214134,528.5091694715276,4143.498360269217,947.6681998280199,cam_4_1690314341_14-45-41.jpg
429,459,2631.7027214308346,472.3803125600854,2993.440584726895,643.950846585558,cam_4_1690314341_14-45-41.jpg
429,476,2950.928461921032,929.6660153322007,4080.5392962319756,1615.9314377917813,cam_4_1690314341_14-45-41.jpg
429,477,2023.0032822931003,585.8870489846659,2805.160777800031,1179.8142263625687,cam_4_1690314341_14-45-41.jpg
429,482,1611.3218273094074,620.775520826711,2522.2603633699523,1174.012437285601,cam_4_1690314341_14-45-41.jpg
429,497,751.8206775337414,608.5523245463226,1670.5710963870233,1280.4978645850897,cam_4_1690314341_14-45-41.jpg
430,153,1601.4961382575304,414.68537885087204,2022.3432055830058,653.5141081937248,cam_4_1690314476_14-47-56.jpg
430,428,3612.443693356507,303.44357649777106,4110.225832245888,575.3000241817233,cam_4_1690314476_14-47-56.jpg
430,433,3348.302382215234,558.9006082586702,4153.952791923924,1018.4617969433613,cam_4_1690314476_14-47-56.jpg
430,459,2631.5572431575706,471.16363459663796,2997.9529061837716,644.1730495933011,cam_4_1690314476_14-47-56.jpg
430,477,2154.2618397820193,517.3194373645337,2841.708662102257,1052.7332217757607,cam_4_1690314476_14-47-56.jpg
430,482,1714.0212432571502,646.687626253907,2465.162441502696,1080.4621617799544,cam_4_1690314476_14-47-56.jpg
430,497,773.9582653691652,639.4517833373553,1661.5093551804212,1288.484111910534,cam_4_1690314476_14-47-56.jpg
430,500,2401.6422264167095,382.46044881946307,2755.3050959901916,522.5135926519018,cam_4_1690314476_14-47-56.jpg
431,153,1596.094578810498,413.82573493011273,2049.4335751404474,663.5024520756494,cam_4_1690314491_14-48-11.jpg
431,410,1310.9867793615053,795.3507338485041,2179.778111712553,1489.4670239800553,cam_4_1690314491_14-48-11.jpg
431,428,3611.759318437448,302.935294219885,4116.840598615313,576.8392826880663,cam_4_1690314491_14-48-11.jpg
431,433,3342.281506210268,571.6569664244357,4146.2223906473655,1048.5820438347537,cam_4_1690314491_14-48-11.jpg
431,459,2630.9544267437927,470.4476523917075,3000.958198366796,644.4026703942482,cam_4_1690314491_14-48-11.jpg
431,477,2197.2709496388725,497.4159447991226,2845.287525337986,1012.1193742288613,cam_4_1690314491_14-48-11.jpg
431,482,1717.9088320993874,671.9167745254368,2363.644343206637,1022.7460998693708,cam_4_1690314491_14-48-11.jpg
431,497,776.4233903851405,647.346783902597,1643.9574657850944,1283.1702160916411,cam_4_1690314491_14-48-11.jpg
431,500,2408.377042381584,383.01578493199884,2754.7429345868786,520.1535037893912,cam_4_1690314491_14-48-11.jpg
432,153,1578.0926012135685,415.39690532517113,2074.829964450697,687.6666813526568,cam_4_1690314671_14-51-11.jpg
432,410,1512.5139993012265,711.2752386498942,2337.0762016691997,1360.137225138737,cam_4_1690314671_14-51-11.jpg
432,428,3664.722383339991,310.12908453665773,4091.6558808653203,542.2246424859347,cam_4_1690314671_14-51-11.jpg
432,433,3413.6848521153465,521.2089430579546,4125.160903616681,950.4579791561766,cam_4_1690314671_14-51-11.jpg
432,459,2629.3196181989124,469.2646171270236,3001.687752912094,644.2208247710051,cam_4_1690314671_14-51-11.jpg
432,477,2207.652763856279,494.1705234165898,2829.088613753109,994.7271510942544,cam_4_1690314671_14-51-11.jpg
432,497,723.1873736003172,693.5364319901494,1516.4369021627294,1261.530647878395,cam_4_1690314671_14-51-11.jpg
432,500,2405.765451639064,380.5978811313254,2755.6383013611317,519.1105483397522,cam_4_1690314671_14-51-11.jpg
432,502,1666.7823522678293,496.4084755104598,2421.4478123822714,793.3609292421643,cam_4_1690314671_14-51-11.jpg
433,153,1565.9024641633328,415.65795449905147,2089.3020643359705,701.9775709456251,cam_4_1690314731_14-52-11.jpg
433,410,1610.3302607410835,671.0677609249757,2412.016004776561,1298.1779465173977,cam_4_1690314731_14-52-11.jpg
433,433,3449.1223533258753,498.6398628926804,4125.188133023718,908.2607171741552,cam_4_1690314731_14-52-11.jpg
433,459,2616.5119996549665,469.05670295421396,2997.4721669326773,646.4107841167993,cam_4_1690314731_14-52-11.jpg
433,473,3604.0163092855782,315.32488425393444,4119.964358756657,522.0273102106598,cam_4_1690314731_14-52-11.jpg
433,477,2213.2439961728364,495.5866585601392,2816.6808266686385,985.606491181994,cam_4_1690314731_14-52-11.jpg
433,497,711.265056279844,716.4677392235888,1475.9633139766029,1249.0490202829467,cam_4_1690314731_14-52-11.jpg
433,500,2404.7640508589984,386.2544240857246,2749.3012914299825,522.4127698868919,cam_4_1690314731_14-52-11.jpg
433,502,1703.512356711769,497.65315697382636,2372.6268656116777,759.5140445620998,cam_4_1690314731_14-52-11.jpg
434,153,1546.5432313661977,416.2810545010973,2093.0557164180473,717.8149965632103,cam_4_1690315061_14-57-41.jpg
434,379,2624.4829264417117,450.72395558704295,2931.889897237878,592.3242327269162,cam_4_1690315061_14-57-41.jpg
434,410,1587.0801033671419,660.3479477906449,2427.6699825843193,1326.9561514767847,cam_4_1690315061_14-57-41.jpg
434,433,3442.365653240186,489.7214840639309,4080.115614874556,878.8733227608958,cam_4_1690315061_14-57-41.jpg
434,441,3092.667227521357,857.1437362755078,4036.821534469492,1295.0431660450258,cam_4_1690315061_14-57-41.jpg
434,446,2629.6709907085533,1130.6535276207758,4295.680378897656,2012.5888268954427,cam_4_1690315061_14-57-41.jpg
434,458,2589.6135926670822,502.7341025779656,3094.723713178686,958.2118929853525,cam_4_1690315061_14-57-41.jpg
434,477,2207.153696884432,497.4993758118104,2724.8560338512375,931.8610971181903,cam_4_1690315061_14-57-41.jpg
434,497,603.9629430295056,660.6270637466718,1392.1763718693007,1205.5141020141964,cam_4_1690315061_14-57-41.jpg
434,500,2396.1878857199126,378.4074288829783,2764.387953285866,524.5535236546965,cam_4_1690315061_14-57-41.jpg
434,502,1663.0030707643755,495.75112252116,2420.9611066983716,792.9254710681103,cam_4_1690315061_14-57-41.jpg
435,153,1626.1084670681455,417.35326063735886,2032.2250036894577,612.6160126754031,cam_4_1690315331_15-02-11.jpg
435,321,2459.154181676627,402.4928855662074,2883.447220546605,731.804966875475,cam_4_1690315331_15-02-11.jpg
435,373,3554.5466890512057,360.6432504485057,4017.9733962900273,620.486709037559,cam_4_1690315331_15-02-11.jpg
435,410,1386.9451380731905,657.5481096128036,2178.3215226856237,1260.2312048296071,cam_4_1690315331_15-02-11.jpg
435,433,3452.5535018731493,551.5029723157976,4059.3681994571093,922.488858648057,cam_4_1690315331_15-02-11.jpg
435,441,2963.7738941240705,744.5628146210224,4036.6664406666946,1287.7693168253022,cam_4_1690315331_15-02-11.jpg
435,477,2206.124686022799,496.7396946743128,2768.7457822554347,975.9178859452404,cam_4_1690315331_15-02-11.jpg
435,497,675.605748098215,608.7784491356734,1491.8032648253798,1164.0178999648483,cam_4_1690315331_15-02-11.jpg
435,502,1614.258346784523,485.8059397948964,2417.5252565688243,801.9740040788888,cam_4_1690315331_15-02-11.jpg
436,153,1673.0700576802406,419.12819163961115,2009.9594199178457,563.3950133501801,cam_4_1690315346_15-02-26.jpg
436,321,2471.116332397768,402.01414708016694,2894.9623452855844,732.9813801469531,cam_4_1690315346_15-02-26.jpg
436,373,3562.5696367812156,352.5594250647047,4023.3209576449726,606.7437032786077,cam_4_1690315346_15-02-26.jpg
436,410,1293.7078909570994,658.3488099275655,2077.002263985489,1235.146703281398,cam_4_1690315346_15-02-26.jpg
436,433,3484.405948359201,575.3806106124642,4068.3999185130333,920.9849043241961,cam_4_1690315346_15-02-26.jpg
436,441,2941.2170659528024,710.493458509201,4006.303130250911,1286.8161651466085,cam_4_1690315346_15-02-26.jpg
436,477,2209.7408041826484,497.97811222883513,2782.6600294888517,986.8115157356373,cam_4_1690315346_15-02-26.jpg
436,497,706.9317790921809,599.1060959800448,1513.141901587242,1138.34550615305,cam_4_1690315346_15-02-26.jpg
436,502,1611.470007024926,484.2265545313138,2411.20178832763,800.1711950458877,cam_4_1690315346_15-02-26.jpg
437,153,1679.21387078207,413.53991998368247,2015.452136860786,546.1367815031958,cam_4_1690315376_15-02-56.jpg
437,171,1610.2339111992683,486.9484532531505,2403.3538626387362,940.5112802577239,cam_4_1690315376_15-02-56.jpg
437,321,2476.2719678905037,404.2716792819448,2899.048055683915,735.483453469196,cam_4_1690315376_15-02-56.jpg
437,373,3569.4451714881784,351.52751692494246,4036.046675225424,605.6109967965415,cam_4_1690315376_15-02-56.jpg
437,410,1288.9979447661785,659.0687875993519,2049.3043336133223,1203.2079471841907,cam_4_1690315376_15-02-56.jpg
437,433,3445.753895495816,573.9372716474822,4033.0338221248035,920.3506000168284,cam_4_1690315376_15-02-56.jpg
437,476,3224.209918889859,652.7664126638193,4047.632498538314,1161.9757606394137,cam_4_1690315376_15-02-56.jpg
437,477,2205.956036333775,498.62928145409586,2781.487177048615,990.9676206760894,cam_4_1690315376_15-02-56.jpg
437,497,683.2233679638041,595.7876683528784,1585.5160476321178,1217.9433655525531,cam_4_1690315376_15-02-56.jpg
437,506,1148.653258720035,512.6287703394084,1766.8765314443103,702.2452259962432,cam_4_1690315376_15-02-56.jpg
438,153,1666.5768832989063,410.36287931062117,2007.2397109351432,538.2646298512997,cam_4_1690315436_15-03-56.jpg
438,171,1626.4444971251555,482.2663638850793,2407.300518929246,938.5267619090866,cam_4_1690315436_15-03-56.jpg
438,373,3560.396771149443,348.62091711796324,4040.369265490095,607.7349690330377,cam_4_1690315436_15-03-56.jpg
438,410,1257.2363095276169,658.5604934116586,2014.1063619236302,1196.784766594526,cam_4_1690315436_15-03-56.jpg
438,433,3424.3733177119993,572.849844964082,4016.100879352926,918.6791390939619,cam_4_1690315436_15-03-56.jpg
438,443,1253.270863610981,496.6352018364906,1786.0107458986345,702.9158453998932,cam_4_1690315436_15-03-56.jpg
438,458,2598.5772011362214,422.02733598552817,3062.121803881341,830.0397313979713,cam_4_1690315436_15-03-56.jpg
438,476,3242.3118502252996,646.460655410529,4033.3932664456897,1140.429161885033,cam_4_1690315436_15-03-56.jpg
438,477,2203.6363863778743,500.44151933952804,2778.759975462122,991.6242358533314,cam_4_1690315436_15-03-56.jpg
438,497,708.0287214938091,581.6934104636925,1610.7207231049956,1209.1535624710796,cam_4_1690315436_15-03-56.jpg
439,153,1662.4373104134352,411.1781088996201,2022.5559501176815,539.4338995244736,cam_4_1690315451_15-04-11.jpg
439,171,1646.6370710880258,481.235732425897,2406.286197426589,934.9987361841391,cam_4_1690315451_15-04-11.jpg
439,373,3562.208311870609,351.35486123162127,4039.7258308778746,607.8911649875413,cam_4_1690315451_15-04-11.jpg
439,379,2622.027022821538,470.9559494450653,2991.6681438763353,641.9063967255229,cam_4_1690315451_15-04-11.jpg
439,410,1224.83710572312,659.6307017009615,2032.6974884652354,1229.24575619694,cam_4_1690315451_15-04-11.jpg
439,433,3424.2247275352815,566.315300499366,4026.9733074317037,919.540578033965,cam_4_1690315451_15-04-11.jpg
439,443,1256.944152276511,498.76076857173234,1827.79635324378,714.6641781065719,cam_4_1690315451_15-04-11.jpg
439,476,3246.9218607745643,641.9182890322936,4029.6542101249543,1133.3635641970677,cam_4_1690315451_15-04-11.jpg
439,477,2208.3423219363176,500.89896815174893,2785.7943718998454,994.2496275539856,cam_4_1690315451_15-04-11.jpg
439,497,699.4214962904794,572.7767955650929,1601.8904799137545,1200.8185852787783,cam_4_1690315451_15-04-11.jpg
439,500,2400.5342861869985,379.2778754527892,2767.755636802168,525.3076474742838,cam_4_1690315451_15-04-11.jpg
440,153,1658.0623034982927,415.6193678504626,2026.955887102701,540.6470354023709,cam_4_1690315466_15-04-26.jpg
440,171,1658.3869416997,483.8507415451845,2402.7605520276798,933.4350175585644,cam_4_1690315466_15-04-26.jpg
440,373,3621.2800614314688,356.3393708355096,4031.861321942124,562.8352957092379,cam_4_1690315466_15-04-26.jpg
440,379,2624.271441345938,473.4221653036513,2999.324242585834,647.7493842075088,cam_4_1690315466_15-04-26.jpg
440,410,1125.9257270554133,660.2235137289233,1976.9765460571873,1275.5699366990318,cam_4_1690315466_15-04-26.jpg
440,433,3440.4350948854826,580.244130230491,3988.5805269763287,895.2104769875057,cam_4_1690315466_15-04-26.jpg
440,476,3270.626282169629,636.3796815954988,4057.5154221517273,1129.186313180227,cam_4_1690315466_15-04-26.jpg
440,477,2210.49596000094,504.4972334867051,2789.1176192428075,1001.5788814112266,cam_4_1690315466_15-04-26.jpg
440,497,669.0633963399283,570.555684909101,1561.0164853825509,1183.8133752048284,cam_4_1690315466_15-04-26.jpg
440,500,2399.9559338481013,378.08754123674936,2765.612579461488,523.7653198554138,cam_4_1690315466_15-04-26.jpg
440,506,1129.4090710136322,505.01407299505365,1822.044092257591,717.632568764306,cam_4_1690315466_15-04-26.jpg
440,507,3236.124423094566,481.26324122537784,4225.171757640185,752.7827340431102,cam_4_1690315466_15-04-26.jpg
441,153,1650.6470535465508,415.07511141750206,2049.189535172055,545.0066869724162,cam_4_1690315661_15-07-41.jpg
441,373,3610.8912823606256,361.28335263958854,4039.564487101397,568.7982624248839,cam_4_1690315661_15-07-41.jpg
441,379,2617.6797999174746,470.51865382962,3000.982416049292,647.9560845105912,cam_4_1690315661_15-07-41.jpg
441,410,960.6893988108618,658.0217311312099,1851.3988339078396,1322.1869559980455,cam_4_1690315661_15-07-41.jpg
441,433,3352.8104265745865,564.896657042684,4052.5369932661783,976.9264160942874,cam_4_1690315661_15-07-41.jpg
441,477,2204.2861605193084,504.12296126413014,2780.547465779763,999.5979594653767,cam_4_1690315661_15-07-41.jpg
441,481,1682.82839294429,562.5983499884616,2568.8800836771543,1034.5995852709843,cam_4_1690315661_15-07-41.jpg
441,500,2399.6315800851194,375.45912166785183,2764.792032260313,521.4548417973263,cam_4_1690315661_15-07-41.jpg
442,153,1650.620396786674,416.83303956391796,2053.6811560211063,542.8053851668774,cam_4_1690315676_15-07-56.jpg
442,373,3610.0970693954337,363.0811766388832,4063.333126993441,582.2996326301586,cam_4_1690315676_15-07-56.jpg
442,379,2614.636967160017,468.9045559053401,3001.7679783905664,648.872968383136,cam_4_1690315676_15-07-56.jpg
442,410,905.9136498093791,650.3321590629691,1804.9561392962842,1343.2585189421118,cam_4_1690315676_15-07-56.jpg
442,433,3358.2422077270453,562.4151315510335,4103.693773759098,1004.5562159554783,cam_4_1690315676_15-07-56.jpg
442,477,2206.0208560310766,504.1367806954541,2778.806610228177,999.2262992267836,cam_4_1690315676_15-07-56.jpg
442,481,1693.2592035721407,563.5517535854925,2563.1895258122227,1032.953982896861,cam_4_1690315676_15-07-56.jpg
442,500,2397.9937571374503,374.43334125941016,2763.956309964488,521.5779741108084,cam_4_1690315676_15-07-56.jpg
443,153,1640.2853321743157,414.6242937949336,2068.4371369780138,545.0156259512164,cam_4_1690315751_15-09-11.jpg
443,379,2624.224401743037,470.71734338365604,3003.050181316575,646.5613080027338,cam_4_1690315751_15-09-11.jpg
443,428,3553.1633637608297,357.9982703032184,4038.2339329629845,621.7680632669668,cam_4_1690315751_15-09-11.jpg
443,433,3362.321269698726,560.4694504803548,4068.7451112560157,980.0822706898842,cam_4_1690315751_15-09-11.jpg
443,441,2637.06754988588,755.8833736756274,3722.2087227770135,1341.8662215717022,cam_4_1690315751_15-09-11.jpg
443,477,2197.05359698348,496.69460351491,2707.752636198313,938.2340649469145,cam_4_1690315751_15-09-11.jpg
443,481,1689.7594264152349,562.7142938712415,2555.8036190687844,1034.6509584825849,cam_4_1690315751_15-09-11.jpg
443,500,2405.1175529794327,375.56258917442153,2764.825532291774,520.0541875890431,cam_4_1690315751_15-09-11.jpg
443,510,1656.7527161254939,476.6131551120113,2133.8431416461603,605.6220619286923,cam_4_1690315751_15-09-11.jpg
443,511,1396.5780166247168,499.16968503930684,1748.7935065285465,1030.0700551459752,cam_4_1690315751_15-09-11.jpg
444,373,3581.7912741439345,355.27736610172354,4050.5822307764442,579.7002397211061,cam_4_1690315901_15-11-41.jpg
444,379,2617.069823164866,470.37196195998774,3004.015290992471,649.7180473253363,cam_4_1690315901_15-11-41.jpg
444,395,182.40202721145238,457.66680045034826,907.1062793988131,912.363586611837,cam_4_1690315901_15-11-41.jpg
444,428,3549.5559506107334,378.77248090068315,4060.6940690735973,653.8435603374746,cam_4_1690315901_15-11-41.jpg
444,433,3311.8560272832165,606.3387945731795,4124.065485014578,1079.5804669340205,cam_4_1690315901_15-11-41.jpg
444,477,2175.9688314532395,498.63371044951487,2739.4355099236172,978.4457530569102,cam_4_1690315901_15-11-41.jpg
444,481,1512.688621348556,535.7747929692121,2413.980349986114,1086.7015938670093,cam_4_1690315901_15-11-41.jpg
444,500,2402.376582843751,378.0594705897854,2765.1059056590025,523.1665006677438,cam_4_1690315901_15-11-41.jpg
444,502,1546.5278145257862,420.1557933956435,2189.156953605652,675.8496273669577,cam_4_1690315901_15-11-41.jpg
444,511,1244.3877529371875,542.0888604909454,1628.4393391671379,1119.148861761039,cam_4_1690315901_15-11-41.jpg
445,379,2607.465525066902,466.60673130583365,3001.941994796731,649.8068952944511,cam_4_1690316066_15-14-26.jpg
445,433,3231.576597796393,611.5918197658523,4096.708644883025,1115.550355289966,cam_4_1690316066_15-14-26.jpg
445,473,3589.524424392112,353.9133916197741,4090.237147719665,553.6111286512489,cam_4_1690316066_15-14-26.jpg
445,476,3500.799056057847,486.1346509194257,4006.1794972008393,803.139669022534,cam_4_1690316066_15-14-26.jpg
445,477,2187.9600505874323,506.88477800088435,2760.8666858323595,994.5189734364485,cam_4_1690316066_15-14-26.jpg
445,481,1641.245263583443,564.4747458387052,2516.147139432378,1102.3542586925782,cam_4_1690316066_15-14-26.jpg
445,500,2395.4972530745254,376.0020041279697,2770.412146900545,526.6556829146082,cam_4_1690316066_15-14-26.jpg
445,502,1629.5903828192147,413.4550059825242,2084.4939169765184,583.9719643282813,cam_4_1690316066_15-14-26.jpg
446,171,1384.1224177433528,487.21995596009396,2118.0983294640196,928.9544780049589,cam_4_1690316171_15-16-11.jpg
446,379,2611.0616907395324,467.09834800780476,2997.4373524894304,647.0188382994942,cam_4_1690316171_15-16-11.jpg
446,428,3564.4715594672402,408.97320093503885,4018.7434253903175,652.3067785388375,cam_4_1690316171_15-16-11.jpg
446,433,3231.8663870581654,613.2144475740965,4129.853955029745,1129.1314224051312,cam_4_1690316171_15-16-11.jpg
446,473,3621.284319445071,348.33542812837067,4078.251787880507,529.3992818240886,cam_4_1690316171_15-16-11.jpg
446,476,3528.97196813643,487.8076952032045,3979.1030690265584,764.7912217238486,cam_4_1690316171_15-16-11.jpg
446,477,2212.0937157247263,500.0847209963857,2802.1526727090186,1008.5512416096833,cam_4_1690316171_15-16-11.jpg
446,481,1696.1233554801358,580.1282201570843,2550.3112229424314,1107.6408892809209,cam_4_1690316171_15-16-11.jpg
446,500,2395.975198443242,373.19882827991245,2766.275286220328,522.5334608522751,cam_4_1690316171_15-16-11.jpg
446,502,1635.889003976292,412.46819557804184,2057.6276091760124,565.0050516546387,cam_4_1690316171_15-16-11.jpg
447,153,1597.6586023423217,414.0365867338365,2111.683674602547,569.5488841158567,cam_4_1690316276_15-17-56.jpg
447,171,1351.2810311271219,484.3885691627654,2070.823804499522,921.5194949994368,cam_4_1690316276_15-17-56.jpg
447,373,3610.4892074290065,343.99721115181774,4038.457997347295,548.7261144423217,cam_4_1690316276_15-17-56.jpg
447,379,2614.895333566573,459.4463418938972,3000.867888859219,640.8712116797315,cam_4_1690316276_15-17-56.jpg
447,420,2242.8156125112278,564.1189882449064,2741.516155118764,767.0318424521117,cam_4_1690316276_15-17-56.jpg
447,428,3581.2596753176967,378.56742670774247,4032.6451248841845,621.1015595952512,cam_4_1690316276_15-17-56.jpg
447,433,3179.592130814381,608.0696551363789,4096.270768756946,1141.1669120166735,cam_4_1690316276_15-17-56.jpg
447,476,3529.7770445778733,477.4948719000427,3978.7324069270862,745.1837996888166,cam_4_1690316276_15-17-56.jpg
447,477,2335.3131826195713,548.1026886036045,2879.699093450323,1044.3608189905328,cam_4_1690316276_15-17-56.jpg
447,481,1675.9952879406194,589.8695065356994,2517.074438341552,1116.310067405891,cam_4_1690316276_15-17-56.jpg
447,500,2382.661390505949,376.0431017515425,2764.3656620039515,531.2223989721848,cam_4_1690316276_15-17-56.jpg
448,153,1583.2121055208559,416.3688818119979,2127.0227925261756,581.0948536811939,cam_4_1690316366_15-19-26.jpg
448,171,1344.5048122551261,482.05219129664647,2054.8750966540783,916.1238185703944,cam_4_1690316366_15-19-26.jpg
448,379,2621.0298051966097,463.40587883020595,3003.3484257171012,643.3758075965932,cam_4_1690316366_15-19-26.jpg
448,428,3559.6483547438747,406.58349586547683,4016.453937819419,649.3037573137999,cam_4_1690316366_15-19-26.jpg
448,433,3165.6764916097904,603.5408172043237,4072.419350517024,1136.4831769679301,cam_4_1690316366_15-19-26.jpg
448,473,3571.7725522807073,359.72952294639987,4054.893223858045,551.7914346479943,cam_4_1690316366_15-19-26.jpg
448,476,3437.526348912736,456.83285723519555,3848.6495538339514,692.7584561926266,cam_4_1690316366_15-19-26.jpg
448,481,1774.6245603320583,589.176612456371,2602.1108519881586,1104.2702852750708,cam_4_1690316366_15-19-26.jpg
448,500,2389.05808385919,377.81265337931865,2757.894476041106,527.6349473407738,cam_4_1690316366_15-19-26.jpg
449,153,1569.8593041636132,412.463735495617,2123.731268417992,579.8223467608809,cam_4_1690316501_15-21-41.jpg
449,171,1375.090131760084,478.8145806467768,2078.2201763040407,904.0183604816764,cam_4_1690316501_15-21-41.jpg
449,428,3522.537671127858,428.18450725934343,4012.8961835812215,674.1694691557676,cam_4_1690316501_15-21-41.jpg
449,433,3181.2947629772157,601.5274677015682,4079.8340893593063,1135.9550821241055,cam_4_1690316501_15-21-41.jpg
449,473,3580.1349355218263,345.61448412166703,4050.3019121417815,532.2918313880801,cam_4_1690316501_15-21-41.jpg
449,476,3458.081560052755,508.6771064937611,3776.4992552171248,675.9242106464304,cam_4_1690316501_15-21-41.jpg
449,477,2340.4255387479175,464.60756537528425,2863.0084241491477,935.9300673161181,cam_4_1690316501_15-21-41.jpg
450,153,1552.3695058125868,410.9568535087037,2161.065567100574,597.1994569341061,cam_4_1690316801_15-26-41.jpg
450,171,1354.7925525725789,467.94349514706994,2057.698624013314,896.2220589527221,cam_4_1690316801_15-26-41.jpg
450,195,2702.1156621398586,195.64234827515716,3088.8283682806614,402.0842171386695,cam_4_1690316801_15-26-41.jpg
450,379,2616.440531339389,461.65536679209225,3007.996398068153,647.0553517788361,cam_4_1690316801_15-26-41.jpg
450,428,3551.287363452432,419.78345341768426,4033.5611342913908,655.9279042847672,cam_4_1690316801_15-26-41.jpg
450,433,3242.9094658961844,598.4800264445327,4146.825040417577,1126.7562455332468,cam_4_1690316801_15-26-41.jpg
450,458,3091.5655639572497,217.3417637178597,3396.6339356378057,485.0284985562975,cam_4_1690316801_15-26-41.jpg
450,473,3589.9257035459295,349.5700114071601,4041.6368651909484,525.1850156602404,cam_4_1690316801_15-26-41.jpg
450,497,256.62490606872285,565.8307754963644,1094.9977851857393,1137.6812474179674,cam_4_1690316801_15-26-41.jpg
450,500,2396.036935234286,379.4175991966579,2750.181077634975,523.3671726075133,cam_4_1690316801_15-26-41.jpg
451,153,1539.0474042212106,412.33296866120514,2173.62605905733,609.3809540619154,cam_4_1690316816_15-26-56.jpg
451,171,1340.3533742971083,463.01719087002385,2031.365226769285,891.2772232247451,cam_4_1690316816_15-26-56.jpg
451,195,2678.7869571469087,198.49995428581434,3046.543745253231,399.7611956553036,cam_4_1690316816_15-26-56.jpg
451,379,2620.820345001098,464.1512439494218,3004.858821547377,646.1714330739344,cam_4_1690316816_15-26-56.jpg
451,428,3578.8710111351957,413.7749906573842,4024.0658618964253,623.3670470303719,cam_4_1690316816_15-26-56.jpg
451,433,3195.911220649463,593.8298168072272,4095.7824315087114,1127.040111768405,cam_4_1690316816_15-26-56.jpg
451,458,3101.9433259387647,213.21039822310613,3403.079979031781,476.0348694360662,cam_4_1690316816_15-26-56.jpg
451,473,3605.1175917253804,347.3558152418186,4052.864883544285,516.0297042865479,cam_4_1690316816_15-26-56.jpg
451,497,243.96531128174047,576.9370123763997,1073.5870426146553,1139.7712569856387,cam_4_1690316816_15-26-56.jpg
451,500,2396.913110230835,379.6134506976193,2747.04398265286,521.8903223916934,cam_4_1690316816_15-26-56.jpg
451,520,3370.436663336044,459.1514042100451,4124.989584890349,760.9746721665545,cam_4_1690316816_15-26-56.jpg
451,521,2063.1940312994216,641.561169936588,2602.0024657011054,897.1937810375458,cam_4_1690316816_15-26-56.jpg
452,153,1545.1300861319207,412.87414148479445,2177.1522647104234,611.360635314907,cam_4_1690316846_15-27-26.jpg
452,171,1342.3568537985482,457.6381237912897,2024.192956122489,883.2702058177001,cam_4_1690316846_15-27-26.jpg
452,321,2741.543864154307,199.49505772564012,2985.790736621301,390.76134762468007,cam_4_1690316846_15-27-26.jpg
452,379,2623.3241067448535,463.1939039116711,3007.605620735016,646.0717111195107,cam_4_1690316846_15-27-26.jpg
452,428,3549.7204529475935,413.0752158669132,4063.1713423069696,656.302108814341,cam_4_1690316846_15-27-26.jpg
452,433,3193.5064008830154,595.6972280373882,4086.828907571967,1129.6650403895426,cam_4_1690316846_15-27-26.jpg
452,458,3092.5865308592925,209.23859832454082,3400.607663633387,472.9958264023404,cam_4_1690316846_15-27-26.jpg
452,473,3597.355563462577,350.68305296469015,4055.8480540424366,522.881928656369,cam_4_1690316846_15-27-26.jpg
452,497,228.86441781682333,582.581859901414,1055.3374961731279,1137.0372094216195,cam_4_1690316846_15-27-26.jpg
452,500,2401.3339173528493,381.64029751806675,2748.4959128676296,522.4333969859441,cam_4_1690316846_15-27-26.jpg
452,520,3339.0320225767796,455.63414138390124,4159.370433898093,787.5304894236799,cam_4_1690316846_15-27-26.jpg
452,521,2049.1033596305424,633.4087069448493,2598.2243567620544,894.7219199816611,cam_4_1690316846_15-27-26.jpg
453,153,1548.3957746060464,413.07183409447134,2182.5116613032997,614.7137198672797,cam_4_1690316876_15-27-56.jpg
453,171,1340.156953490836,456.5644472984229,2016.1980251306045,882.4676165923393,cam_4_1690316876_15-27-56.jpg
453,379,2618.6580452057747,463.44147392881484,2998.0646875741736,644.0524375869956,cam_4_1690316876_15-27-56.jpg
453,428,3570.4692568310165,413.84903086029806,4045.6216561898227,632.5533517597656,cam_4_1690316876_15-27-56.jpg
453,433,3009.5560830706904,580.9279500042308,3839.0524527171847,1090.7201521715433,cam_4_1690316876_15-27-56.jpg
453,458,3091.2904014249934,210.63999453744844,3403.502496445134,475.4769283472361,cam_4_1690316876_15-27-56.jpg
453,473,3598.5134567847135,351.0737024985967,4053.892314450841,520.8942488646139,cam_4_1690316876_15-27-56.jpg
453,497,219.89673863178734,586.6952888068015,1046.5281561257239,1135.6846741731363,cam_4_1690316876_15-27-56.jpg
453,500,2405.7195035638897,380.32112136321075,2753.6349834454354,521.5768614493296,cam_4_1690316876_15-27-56.jpg
453,520,3329.652391413907,450.04334421214,4222.181408883809,815.4247754662135,cam_4_1690316876_15-27-56.jpg
453,521,2036.6483252653295,629.2674510948086,2594.7703816784465,895.7456283709707,cam_4_1690316876_15-27-56.jpg
454,171,1280.787431120533,414.35498186378027,1902.9763112467592,821.3461143314025,cam_4_1690316996_15-29-56.jpg
454,379,2607.2408200025934,450.06575891740647,3003.93914249549,641.0599476954529,cam_4_1690316996_15-29-56.jpg
454,395,129.18148065142077,469.58880250113367,853.1549915283836,901.2300922838815,cam_4_1690316996_15-29-56.jpg
454,428,3602.6544346796645,414.09267453511995,4094.457220063254,643.3772473324094,cam_4_1690316996_15-29-56.jpg
454,441,2418.6159633158095,594.7775133789893,3259.2366830076653,1062.4937743207688,cam_4_1690316996_15-29-56.jpg
454,446,3165.6808445597044,645.3587354631381,4235.480146396129,1211.1522127746412,cam_4_1690316996_15-29-56.jpg
454,450,2352.5889740929074,279.8128393833627,2684.0255667167685,441.5059594819139,cam_4_1690316996_15-29-56.jpg
455,395,379.76162937046735,461.50071419769574,1066.9843186155647,867.9621407810469,cam_4_1690317101_15-31-41.jpg
455,525,2127.536086360425,305.0025850422141,2460.0114185090324,529.1026924163477,cam_4_1690317101_15-31-41.jpg
480,395,684.6117021559837,460.55003935378056,1302.7228047384415,807.2188923654392,cam_4_1690319291_16-08-11.jpg
480,521,1517.0381602446776,410.92406127540465,2155.377215929006,724.3286957367134,cam_4_1690319291_16-08-11.jpg
481,171,979.2182629929716,510.51785319499413,1631.957346735349,932.8946758047,cam_4_1690319381_16-09-41.jpg
481,195,2326.91072595644,466.96714021755974,2897.694870245321,794.338405942709,cam_4_1690319381_16-09-41.jpg
481,433,1629.1581947217949,492.16570432596245,2181.3091103107563,845.2558875122525,cam_4_1690319381_16-09-41.jpg
481,441,1801.3557183511723,563.5338654702743,2646.2455626875076,1032.8052641918614,cam_4_1690319381_16-09-41.jpg
481,446,3310.470182675589,640.1643401184515,4043.811883556507,1018.5096956012733,cam_4_1690319381_16-09-41.jpg
481,520,3010.1509451067923,866.4475757676549,4291.299946310816,1389.9181915180247,cam_4_1690319381_16-09-41.jpg
481,521,1503.162367954158,413.13642076241314,2036.0359513407652,677.4878536914539,cam_4_1690319381_16-09-41.jpg
482,195,2345.2862233270102,469.5734250274661,2926.7182600792835,846.8560134629745,cam_4_1690319531_16-12-11.jpg
482,321,2864.4409704638974,212.79205050911406,3106.7594949440195,408.3796555810931,cam_4_1690319531_16-12-11.jpg
482,428,3354.440752314681,605.5857719401986,4014.4779492392486,904.9442707926605,cam_4_1690319531_16-12-11.jpg
482,441,1675.028799632191,528.8886804749063,2474.963637994817,990.0267646352579,cam_4_1690319531_16-12-11.jpg
482,446,3304.2065461787015,660.9619099928456,4040.2208197345317,1034.8809166603564,cam_4_1690319531_16-12-11.jpg
482,520,3112.8395391223526,893.0240452121104,4212.658327230218,1332.9300596656285,cam_4_1690319531_16-12-11.jpg
482,521,1600.5756580034083,405.0849062577307,2018.9402012395121,604.2317496571077,cam_4_1690319531_16-12-11.jpg
483,195,2307.8554445968834,469.4374329871922,2920.6878206100273,876.979866618552,cam_4_1690319621_16-13-41.jpg
483,428,3359.4584910074996,585.2388367204853,4023.5656012752042,885.6724209217758,cam_4_1690319621_16-13-41.jpg
483,441,1633.1510140597613,518.4747589063375,2416.256973392816,967.7399799702002,cam_4_1690319621_16-13-41.jpg
483,446,3294.3763841694254,669.3797439219825,4069.234951328805,1070.1058792839858,cam_4_1690319621_16-13-41.jpg
483,473,3588.598760852001,363.66636792462435,4107.436771325056,562.3955043993622,cam_4_1690319621_16-13-41.jpg
483,520,2935.3012988317437,894.0447785646429,4248.87193392468,1452.934326960023,cam_4_1690319621_16-13-41.jpg
483,521,1639.6527675667076,372.8175256712341,2036.6493781721144,558.6375111219106,cam_4_1690319621_16-13-41.jpg
483,525,2642.723612350838,353.22342044666823,3154.47274473224,706.3277974192276,cam_4_1690319621_16-13-41.jpg
483,538,1834.5384052621284,359.00693461972224,2339.7139316980138,564.317964782048,cam_4_1690319621_16-13-41.jpg
483,540,2765.392325709906,981.1482027783526,4120.492879449543,1981.559024573197,cam_4_1690319621_16-13-41.jpg
484,195,2278.7566184748985,469.42794150523514,2900.9434206343312,890.6413978141748,cam_4_1690319996_16-19-56.jpg
484,379,2568.0916241978343,442.72961466471,2993.8623266509617,647.6900056229879,cam_4_1690319996_16-19-56.jpg
484,428,3367.082510902847,581.2905850542976,4069.2222097699337,914.9584874564614,cam_4_1690319996_16-19-56.jpg
484,441,1500.925570463814,505.35824705950506,2155.666193543356,852.7498617260935,cam_4_1690319996_16-19-56.jpg
484,473,3559.2141778411687,374.85046954110305,4087.9317837207873,575.2722969079161,cam_4_1690319996_16-19-56.jpg
484,521,1596.3480891135869,378.16896266431445,2030.4891612675,579.1224927534277,cam_4_1690319996_16-19-56.jpg
484,544,2886.7271849673243,724.7866272701524,4283.684820535097,1241.9533319474563,cam_4_1690319996_16-19-56.jpg
485,195,2333.5859589374586,474.3700348158243,2924.945068247559,894.7270230123381,cam_4_1690320221_16-23-41.jpg
485,379,2460.8713361360856,428.3943113144247,3107.958758531895,778.0725371168511,cam_4_1690320221_16-23-41.jpg
485,428,3381.808466411621,591.7566541425726,4062.939212303412,887.813654362275,cam_4_1690320221_16-23-41.jpg
485,433,1365.4710521099155,484.46694712234523,2063.752827251125,918.5724647051005,cam_4_1690320221_16-23-41.jpg
485,521,1586.3120254036103,376.9315078506806,2089.6638681191826,603.3728491190357,cam_4_1690320221_16-23-41.jpg
485,525,2672.975909421363,357.0541295140904,3165.6949996757976,706.8757110818651,cam_4_1690320221_16-23-41.jpg
485,544,2820.131793165756,753.5145479464443,4381.720385950313,1339.3059606211696,cam_4_1690320221_16-23-41.jpg
485,547,3490.1845556078024,514.25329390033,3836.396335313224,666.8905646706094,cam_4_1690320221_16-23-41.jpg
486,428,3442.9309485262324,589.8469588670357,4072.7929230326667,855.5549475361147,cam_4_1690320446_16-27-26.jpg
486,433,1346.3692305274894,485.4857697560976,2061.328031057534,922.3227322784119,cam_4_1690320446_16-27-26.jpg
486,521,1577.0636954428132,372.79510020377523,2123.9466359210955,616.1663133959935,cam_4_1690320446_16-27-26.jpg
486,525,2684.8729073859495,359.41004980763637,3176.5418618861418,696.5147366115709,cam_4_1690320446_16-27-26.jpg
487,428,3398.8894311680087,556.8957533067321,4110.006026951933,857.3642639392659,cam_4_1690320626_16-30-26.jpg
487,433,1391.7831827720838,491.457822505327,2112.220509383819,921.1889416755644,cam_4_1690320626_16-30-26.jpg
487,473,3573.50439545577,364.82314151837056,4036.2997898959547,537.6805925677921,cam_4_1690320626_16-30-26.jpg
487,521,1574.7448521157523,373.70444543812783,2077.238194741091,593.479757225898,cam_4_1690320626_16-30-26.jpg
487,525,2687.6008538533815,358.65427478354513,3187.011493756869,693.6311736985749,cam_4_1690320626_16-30-26.jpg
487,551,3204.9895634165023,665.974075475171,4034.108216207307,1169.0140221332254,cam_4_1690320626_16-30-26.jpg
487,552,2344.467792525714,563.3029156452491,2642.5039958566967,870.883784690488,cam_4_1690320626_16-30-26.jpg
488,428,3302.293357356664,547.5296026605678,4138.089471807333,915.5136834944075,cam_4_1690320641_16-30-41.jpg
488,433,1406.068910067108,492.64263958116715,2128.5504914976855,917.3315493111146,cam_4_1690320641_16-30-41.jpg
488,473,3598.6570089429993,370.2616196539446,4066.33821926686,536.4337943543457,cam_4_1690320641_16-30-41.jpg
488,521,1583.586796397558,374.4172963663264,2077.644490460181,585.4872587249291,cam_4_1690320641_16-30-41.jpg
488,525,2686.8772715221758,358.3664665131507,3192.688641438819,692.5143952271305,cam_4_1690320641_16-30-41.jpg
488,551,3204.415000234087,655.7842558975517,4021.7517250219266,1152.3541633654436,cam_4_1690320641_16-30-41.jpg
488,552,2351.639697616267,574.8700820577742,2610.6149585082794,830.7829919424576,cam_4_1690320641_16-30-41.jpg
488,556,3571.80983157175,417.8451187003619,3823.8542206172165,527.9277898649906,cam_4_1690320641_16-30-41.jpg
488,557,3481.6412525073274,478.8630637443006,4043.6530175246535,688.7863827920147,cam_4_1690320641_16-30-41.jpg
489,428,3348.02077780949,540.1958396368558,4118.163480103251,876.5644411911644,cam_4_1690320716_16-31-56.jpg
489,433,1415.6894794110444,494.7695152576762,2144.7658854714264,918.272585208306,cam_4_1690320716_16-31-56.jpg
489,473,3595.9905025455814,367.99164197700213,4068.15115672891,530.377459295584,cam_4_1690320716_16-31-56.jpg
489,521,1588.2821175191975,374.93411719172946,2047.4243486840987,573.0979860538288,cam_4_1690320716_16-31-56.jpg
489,525,2695.868908714676,357.8967085024899,3210.370592068464,696.0471971663678,cam_4_1690320716_16-31-56.jpg
489,538,2116.038927579558,476.00767309109426,2440.8037585621105,607.1758067491776,cam_4_1690320716_16-31-56.jpg
489,551,3206.31400123282,651.9021635272846,4016.1997875369134,1144.4278394218263,cam_4_1690320716_16-31-56.jpg
489,556,3567.0455222197606,420.05575752462545,3815.6406559342313,525.8720582358054,cam_4_1690320716_16-31-56.jpg
489,557,3505.1180597320367,478.48726422054176,4070.7515654504095,688.4147591093371,cam_4_1690320716_16-31-56.jpg
489,559,1110.9843640692964,443.85182427536097,1446.9159512636481,852.4668187592715,cam_4_1690320716_16-31-56.jpg
489,561,2436.456779093862,533.174905601661,2825.501934474861,760.2298281692854,cam_4_1690320716_16-31-56.jpg
490,428,3288.996981866519,541.2305587892628,4130.984251845161,922.9479604269269,cam_4_1690320746_16-32-26.jpg
490,433,1411.0829217439564,495.23003179590455,2144.1073392324633,916.0903857347275,cam_4_1690320746_16-32-26.jpg
490,473,3533.8028890839546,361.44831103754257,4105.30765985789,567.4723587119256,cam_4_1690320746_16-32-26.jpg
490,521,1594.0080080901478,369.1282439474224,2026.7393752588555,556.1953720243579,cam_4_1690320746_16-32-26.jpg
490,525,2693.250150833713,360.7709231354807,3207.278802199808,697.0321064861698,cam_4_1690320746_16-32-26.jpg
490,538,2120.4384518773795,480.8609625610443,2447.0095446552423,612.1298744013409,cam_4_1690320746_16-32-26.jpg
490,551,3201.1065947854045,646.8564377207579,4012.10366467861,1141.1677047188691,cam_4_1690320746_16-32-26.jpg
490,556,3555.3308717833365,417.2932170359609,3819.095948443357,526.4098438520136,cam_4_1690320746_16-32-26.jpg
490,557,3451.4635279063245,474.016791891577,4061.669056863102,701.8466118748058,cam_4_1690320746_16-32-26.jpg
490,561,2435.3241011669224,534.0735741654548,2826.3853449202616,762.4008373819718,cam_4_1690320746_16-32-26.jpg
491,171,1075.3097732373108,529.8392322300442,1850.3224638312188,1041.6191940797553,cam_4_1690320971_16-36-11.jpg
491,446,3358.3446672024957,532.4208445421833,4038.666608250259,889.65625779489,cam_4_1690320971_16-36-11.jpg
491,473,3581.3242565665396,360.7062959026496,4089.9035920617025,540.6463811665917,cam_4_1690320971_16-36-11.jpg
491,521,1499.0051774129183,362.0776351279173,2160.4246190862814,662.512665435506,cam_4_1690320971_16-36-11.jpg
491,525,2672.4359276938258,367.5067135592493,3187.7205355241913,703.697012408009,cam_4_1690320971_16-36-11.jpg
491,538,2137.8582914535227,484.1435717705424,2442.9263012782435,605.2522148524083,cam_4_1690320971_16-36-11.jpg
491,551,3228.821070619803,642.7931187019351,4036.627858282287,1134.2899957008115,cam_4_1690320971_16-36-11.jpg
491,561,2439.4312485637424,531.9599683242064,2829.355095449124,759.7481990145347,cam_4_1690320971_16-36-11.jpg
491,563,2216.063035146281,577.2417883664671,2736.8755639479873,819.9984040108451,cam_4_1690320971_16-36-11.jpg
492,171,1058.2772907946166,541.87364066948,1836.0394980489916,1027.2071343582206,cam_4_1690321001_16-36-41.jpg
492,446,3362.352930334809,526.2839144367924,4070.29333274853,906.6680105998284,cam_4_1690321001_16-36-41.jpg
492,473,3495.286361295909,367.5570052219165,4116.859981406497,598.4577834708715,cam_4_1690321001_16-36-41.jpg
492,521,1483.3714106691575,358.29370028282574,2191.3776080085304,695.4882893329275,cam_4_1690321001_16-36-41.jpg
492,525,2674.5321490582787,366.3012642142527,3197.9853806515775,706.6663138239688,cam_4_1690321001_16-36-41.jpg
492,538,2136.2337883893783,483.86263092302215,2439.8758094344607,603.2938986442966,cam_4_1690321001_16-36-41.jpg
492,551,3236.4734097117916,640.5714306228904,4044.142951280991,1130.8296410593434,cam_4_1690321001_16-36-41.jpg
492,561,2442.869498363087,531.0335746585699,2833.3410776915985,759.29669283706,cam_4_1690321001_16-36-41.jpg
492,563,2220.5718244900613,578.5519142861866,2732.488834127024,816.1123068094324,cam_4_1690321001_16-36-41.jpg
492,565,3390.165531876815,409.0486246382177,3894.7239129129184,648.2542040927099,cam_4_1690321001_16-36-41.jpg
492,566,3663.631939056047,313.64854009967485,4047.543971467532,434.8535271204632,cam_4_1690321001_16-36-41.jpg
493,428,3264.8264940076083,582.1772055012267,4080.8699126040115,955.4145899302966,cam_4_1690321271_16-41-11.jpg
493,446,3439.2109830529607,531.8921652949242,4049.590254951557,828.1240048135012,cam_4_1690321271_16-41-11.jpg
493,473,3490.4850226119434,356.6678644788618,4097.556569958949,590.7786604211042,cam_4_1690321271_16-41-11.jpg
493,521,1469.7082273873577,367.74253839750645,2195.3328708162776,720.6302335803487,cam_4_1690321271_16-41-11.jpg
493,525,2709.0685060590085,393.3448685279657,3090.8811051919997,629.6876177720815,cam_4_1690321271_16-41-11.jpg
493,538,2140.282268007511,485.3925025323601,2449.5431525076933,606.0202885529925,cam_4_1690321271_16-41-11.jpg
493,551,3183.3380178749103,679.3485754036893,4081.09948073745,1220.5235062657985,cam_4_1690321271_16-41-11.jpg
493,561,2437.0856071455723,528.6843088389782,2832.2350466425146,759.8373302582359,cam_4_1690321271_16-41-11.jpg
493,563,2212.9213487677134,578.9381153818728,2728.272979552693,817.0400464781762,cam_4_1690321271_16-41-11.jpg
493,568,2035.3793980993255,620.381744033624,2617.570790947682,908.0883311782609,cam_4_1690321271_16-41-11.jpg
494,446,3350.423778008574,558.8610954622609,3889.7743400054796,815.0872197275083,cam_4_1690321451_16-44-11.jpg
494,473,3476.486057597318,366.57606779622495,4110.624208049015,621.4506638342114,cam_4_1690321451_16-44-11.jpg
494,521,1477.5347419932305,370.71287136898576,2204.0697291859587,728.9866496951527,cam_4_1690321451_16-44-11.jpg
494,525,2724.8694776846082,407.2223367922385,3042.0645561867104,595.521810236989,cam_4_1690321451_16-44-11.jpg
494,538,2141.7967126829208,482.3986325019211,2453.7508060434625,603.3947290021695,cam_4_1690321451_16-44-11.jpg
494,540,2794.582169670546,1068.5216392234533,4013.6187471780595,1956.9812145044389,cam_4_1690321451_16-44-11.jpg
494,551,3211.7791395594422,704.4341780024469,4096.279037822911,1227.9180776042294,cam_4_1690321451_16-44-11.jpg
494,557,3327.8864681308,533.5946108760244,4148.370996958085,840.8523187780363,cam_4_1690321451_16-44-11.jpg
494,561,2433.3521561622097,528.2349478807805,2832.1109665309937,762.0425189970006,cam_4_1690321451_16-44-11.jpg
494,563,2209.4691763658934,580.3011997631,2725.7287855024947,817.614422392995,cam_4_1690321451_16-44-11.jpg
494,568,2035.9733630177316,622.1128900006037,2615.2972767756655,908.282924887684,cam_4_1690321451_16-44-11.jpg
494,570,3431.260357971119,446.10151033122406,3925.2843104511044,609.9893674880841,cam_4_1690321451_16-44-11.jpg
495,446,3313.632614204475,566.4344670739663,3848.7650786357344,819.226685802716,cam_4_1690321466_16-44-26.jpg
495,473,3538.45618935048,365.873360558087,4104.295485871281,593.2455413197977,cam_4_1690321466_16-44-26.jpg
495,521,1475.5267032859495,370.6645909172745,2210.0150997019646,739.890104607182,cam_4_1690321466_16-44-26.jpg
495,525,2727.6017509664707,412.0830699905459,3033.3374628853876,587.4821248956862,cam_4_1690321466_16-44-26.jpg
495,540,2766.6530903109906,1075.2404676693272,3975.874738726936,1949.654188122851,cam_4_1690321466_16-44-26.jpg
495,551,3200.0313311039404,715.6198045348306,4080.8135056342,1233.184307599961,cam_4_1690321466_16-44-26.jpg
495,557,3375.357128334424,534.8023716475192,4134.798114295803,817.7953712329809,cam_4_1690321466_16-44-26.jpg
495,561,2435.87277219653,530.1738580475858,2827.888241022529,760.1508502443936,cam_4_1690321466_16-44-26.jpg
495,563,2212.290041234124,579.0103851060993,2731.635229885931,816.7258799091765,cam_4_1690321466_16-44-26.jpg
495,568,2031.2288687159848,617.591426584766,2620.0537020731213,908.6698549479574,cam_4_1690321466_16-44-26.jpg
495,570,3459.7514357842324,448.78530871848955,3911.753076910653,599.2215807624303,cam_4_1690321466_16-44-26.jpg
496,446,3298.683958870043,569.1399405934067,3840.6238853812924,824.1223626144758,cam_4_1690321481_16-44-41.jpg
496,473,3560.611146917277,367.8832481471874,4094.4005159423737,583.8465969380325,cam_4_1690321481_16-44-41.jpg
496,521,1472.4450416315217,369.4127017918305,2212.348289843573,748.230939277554,cam_4_1690321481_16-44-41.jpg
496,525,2719.3377889511153,412.5104832832262,3029.326178273469,584.706280424335,cam_4_1690321481_16-44-41.jpg
496,540,2828.031197842722,1065.6103351571314,4077.0541945023815,1949.763252594268,cam_4_1690321481_16-44-41.jpg
496,551,3214.190395281206,720.3149262894837,4108.400357532567,1238.2002395083186,cam_4_1690321481_16-44-41.jpg
496,557,3383.26663105285,533.9761435206985,4099.94436992828,799.767269041385,cam_4_1690321481_16-44-41.jpg
496,561,2436.6936846793083,529.6768807599515,2831.0096643976867,761.4030646235634,cam_4_1690321481_16-44-41.jpg
496,563,2214.575240413658,578.4359449244153,2736.623283196562,816.435920389597,cam_4_1690321481_16-44-41.jpg
496,568,2030.0070061119332,618.8614968604423,2617.0816299747175,909.025607722156,cam_4_1690321481_16-44-41.jpg
496,570,3449.0421020022873,444.36244724117876,3898.3901875920346,594.3353911633641,cam_4_1690321481_16-44-41.jpg
497,446,3289.730138706764,572.1249236894373,3826.216329241988,819.1864286765243,cam_4_1690321601_16-46-41.jpg
497,473,3572.560702612213,372.28926466993465,4047.5455218448487,577.6107460661136,cam_4_1690321601_16-46-41.jpg
497,521,1473.6418892803963,370.7180526750113,2207.556405629731,752.9250134969247,cam_4_1690321601_16-46-41.jpg
497,525,2725.7905195899198,413.3035469388226,3032.5234603749304,578.1885177734591,cam_4_1690321601_16-46-41.jpg
497,538,2146.0663860171285,487.0251922047571,2456.0325012052285,606.4092215075784,cam_4_1690321601_16-46-41.jpg
497,540,2838.44532628178,1064.2355129910143,3977.510451975643,1858.1245553685906,cam_4_1690321601_16-46-41.jpg
497,551,3182.6519264710178,722.8034964575711,4067.9636176844338,1233.2925979002387,cam_4_1690321601_16-46-41.jpg
497,557,3166.5356531283355,575.0528908826434,4171.602845732479,959.2618121153675,cam_4_1690321601_16-46-41.jpg
497,561,2432.325086931776,520.5120227587666,2836.3168544180485,758.9860698562748,cam_4_1690321601_16-46-41.jpg
497,563,2211.8266248534273,578.8910763848957,2733.9761681654145,815.4859074952794,cam_4_1690321601_16-46-41.jpg
497,568,2032.3408237692788,621.4516553102451,2612.866321798454,908.1986697470016,cam_4_1690321601_16-46-41.jpg
498,446,3323.252651896263,611.2136393737621,3782.4339313689557,818.654170510552,cam_4_1690321811_16-50-11.jpg
498,473,3540.2880730685415,386.25179298392817,4044.0469740719864,607.9341326031674,cam_4_1690321811_16-50-11.jpg
498,521,1355.2639191886246,450.6312543644107,2132.4891232225036,867.5893648798217,cam_4_1690321811_16-50-11.jpg
498,538,2127.2273623638384,481.27150009407757,2454.661010959278,607.55892485149,cam_4_1690321811_16-50-11.jpg
498,540,2957.149573622124,1012.3448923129515,4014.7733803623287,1741.871452443733,cam_4_1690321811_16-50-11.jpg
498,551,3163.820876144556,733.8030695198646,4066.8272995336,1255.8154811351055,cam_4_1690321811_16-50-11.jpg
498,561,2440.019667281523,525.5365537045977,2835.4160393794928,758.8971378335921,cam_4_1690321811_16-50-11.jpg
498,563,2210.06603275145,578.8738842001551,2736.085774481997,815.6268699739214,cam_4_1690321811_16-50-11.jpg
498,568,2031.5636414965406,620.024539547214,2616.675495437489,909.2361554702708,cam_4_1690321811_16-50-11.jpg
498,575,3344.9086683910473,539.9865897494278,4119.994835083156,785.5250548353557,cam_4_1690321811_16-50-11.jpg
499,195,2513.0420975491743,380.5849760028116,3054.151549238609,771.7090170376157,cam_4_1690322111_16-55-11.jpg
499,446,3333.6933334528953,627.2551905016792,3769.8087080818236,817.8524227026479,cam_4_1690322111_16-55-11.jpg
499,473,3558.1044477712303,387.93485860992166,4071.8277432392206,613.3496084509186,cam_4_1690322111_16-55-11.jpg
499,540,3107.5975580928452,897.5646185129156,4003.0975564370547,1509.9441940105671,cam_4_1690322111_16-55-11.jpg
499,551,3271.0942920243438,746.6888899592773,4041.387135603479,1170.5486710716739,cam_4_1690322111_16-55-11.jpg
499,561,2434.203829090725,520.1558507934689,2836.7835803577204,758.4812075102781,cam_4_1690322111_16-55-11.jpg
499,563,2209.4044674285374,578.6837942730526,2738.114527438484,815.5188322414373,cam_4_1690322111_16-55-11.jpg
499,568,2034.8122979119146,622.524312947826,2610.821422547071,906.8401082759864,cam_4_1690322111_16-55-11.jpg
499,575,3347.715623991814,558.7588550246331,4112.248830047014,800.1145605635695,cam_4_1690322111_16-55-11.jpg
499,578,1488.3056277427963,364.88874699404636,2231.0606318667383,699.0235922235286,cam_4_1690322111_16-55-11.jpg
500,195,2543.353176270078,373.6589826503382,3074.059597436198,762.4213213327669,cam_4_1690322126_16-55-26.jpg
500,446,3333.962989338664,625.331714821788,3774.7865596865963,813.2988211368349,cam_4_1690322126_16-55-26.jpg
500,473,3519.137054456984,392.04660285130177,4079.333892722264,643.9487762620818,cam_4_1690322126_16-55-26.jpg
500,538,2116.6101015788554,487.3972005798297,2465.5625520498775,622.7164718324887,cam_4_1690322126_16-55-26.jpg
500,540,3148.612723978663,861.1948641699382,4002.023739082222,1441.383538113896,cam_4_1690322126_16-55-26.jpg
500,551,3249.9584622862158,730.6948189530059,4002.344037765814,1139.9275156367253,cam_4_1690322126_16-55-26.jpg
500,561,2435.2293978491625,520.2441911733233,2836.5080054982263,758.4272372704124,cam_4_1690322126_16-55-26.jpg
500,563,2210.576680292962,578.4439717196163,2742.8281394983505,815.8960227043831,cam_4_1690322126_16-55-26.jpg
500,568,2034.784577049482,623.2529357590532,2610.0975643367146,906.9761911235225,cam_4_1690322126_16-55-26.jpg
500,575,3120.7358240466933,556.575985569236,4280.284469418362,930.7557493202149,cam_4_1690322126_16-55-26.jpg
500,578,1466.1816613992273,352.6118473423202,2288.169729877398,729.554138444944,cam_4_1690322126_16-55-26.jpg
501,195,2674.091015884427,401.28591280655934,3042.5747114977617,638.35678318144,cam_4_1690322141_16-55-41.jpg
501,379,2523.4369861318505,475.63569402047597,2961.5519498508693,710.827835801414,cam_4_1690322141_16-55-41.jpg
501,446,3326.567134783068,631.0624848669312,3779.719484338393,820.6423704059285,cam_4_1690322141_16-55-41.jpg
501,473,3553.931933344939,388.6976723296708,4091.670228102784,628.8945603497639,cam_4_1690322141_16-55-41.jpg
501,538,2106.4190275346655,488.85020631804963,2455.2123804274024,623.5745047602718,cam_4_1690322141_16-55-41.jpg
501,540,3164.555979628334,850.312480115722,4005.284972234011,1417.8054739814338,cam_4_1690322141_16-55-41.jpg
501,551,3239.2936908219735,729.7345108705792,3982.3194490722253,1129.093162795782,cam_4_1690322141_16-55-41.jpg
501,561,2428.919583225502,510.2392739914816,2839.335193235808,755.4067248283637,cam_4_1690322141_16-55-41.jpg
501,563,2198.9212705375776,574.3907452908326,2738.8755475906105,814.3055135146294,cam_4_1690322141_16-55-41.jpg
501,568,2032.2286460383093,622.6149371459659,2610.7709229362454,907.8314987328615,cam_4_1690322141_16-55-41.jpg
501,575,3209.114848066256,563.5172070351068,4235.343179969226,894.6215243047026,cam_4_1690322141_16-55-41.jpg
501,578,1456.8403349404425,354.15530207271706,2271.5548967691657,737.5045896890023,cam_4_1690322141_16-55-41.jpg
501,583,1808.2356113057783,348.9996540478881,2257.4750996755715,578.6129743547563,cam_4_1690322141_16-55-41.jpg
502,195,2737.607031818431,411.08996289646484,3032.65764467517,587.3400130528042,cam_4_1690322171_16-56-11.jpg
502,379,2515.6166963660544,476.7854929236785,2935.957783687519,698.2125307303431,cam_4_1690322171_16-56-11.jpg
502,446,3313.138456853964,635.0644194952055,3785.985120054824,830.6668820569577,cam_4_1690322171_16-56-11.jpg
502,473,3535.579685272938,391.94191087478976,4085.0721251804416,641.8612023593071,cam_4_1690322171_16-56-11.jpg
502,538,2087.0598096903163,491.54690539740534,2453.9535396639335,632.7031118056658,cam_4_1690322171_16-56-11.jpg
502,540,3191.3480372979184,833.6169178734756,4060.1067858295296,1408.3863833604967,cam_4_1690322171_16-56-11.jpg
502,561,2425.826799629637,502.3487903639555,2843.9218077543514,754.5390464141309,cam_4_1690322171_16-56-11.jpg
502,563,2200.780710499994,576.1384166649484,2738.519174172069,814.2501058405937,cam_4_1690322171_16-56-11.jpg
502,568,2033.2047453044393,622.1311880650476,2612.850840594861,907.6809856957038,cam_4_1690322171_16-56-11.jpg
502,575,3293.658621703987,566.2396805679834,4201.401520997383,858.2220266298975,cam_4_1690322171_16-56-11.jpg
502,578,1487.5635524591635,355.63700981643586,2282.55323190872,738.8181804626261,cam_4_1690322171_16-56-11.jpg
502,583,1794.9660885779438,363.0565992442512,2204.799051018704,573.9773041242763,cam_4_1690322171_16-56-11.jpg
502,585,3188.749792409664,734.1886458340158,3826.6673465036138,903.1150666043566,cam_4_1690322171_16-56-11.jpg
503,195,2745.1569221860136,414.51004471016233,3037.135569181041,579.5114752973506,cam_4_1690322246_16-57-26.jpg
503,321,2814.227119532629,194.10920836620969,3072.369085219563,397.66682992796416,cam_4_1690322246_16-57-26.jpg
503,379,2515.5174549444937,477.7533748939245,2936.573563104315,697.5533239612087,cam_4_1690322246_16-57-26.jpg
503,446,3316.529745614407,633.7433815728443,3800.976831141046,832.1530803343096,cam_4_1690322246_16-57-26.jpg
503,473,3563.8819132819576,389.7960430248582,4087.787368716321,626.2381210005702,cam_4_1690322246_16-57-26.jpg
503,538,2069.0642839686175,485.38346601321746,2457.594040950935,634.5634006409518,cam_4_1690322246_16-57-26.jpg
503,540,3170.459494411487,835.535537405367,4035.082759189322,1400.853684598616,cam_4_1690322246_16-57-26.jpg
503,551,3210.5366620174254,725.7323124361803,4025.901871554675,1162.9202071129557,cam_4_1690322246_16-57-26.jpg
503,561,2430.5855319697266,503.73256803794766,2842.883971212977,754.2475779882618,cam_4_1690322246_16-57-26.jpg
503,563,2202.876246338495,577.3595234347794,2740.0049002275005,814.2965438318322,cam_4_1690322246_16-57-26.jpg
503,568,2041.4466129764821,627.8309820357289,2611.16686275682,907.7976767335135,cam_4_1690322246_16-57-26.jpg
503,575,3336.4395347706804,565.9318002548341,4166.360356364755,831.1316558899665,cam_4_1690322246_16-57-26.jpg
503,578,1482.0590068942595,350.8799845361746,2255.789399140445,736.9259826487942,cam_4_1690322246_16-57-26.jpg
503,585,3175.2944177648046,733.9825911751436,3844.7025521004157,911.3545408619015,cam_4_1690322246_16-57-26.jpg
503,587,2598.621402845921,445.5199945272235,3012.854003452964,620.1252933453351,cam_4_1690322246_16-57-26.jpg
504,195,2737.374231234562,415.21499729342975,3040.114978598088,578.6568543122651,cam_4_1690322261_16-57-41.jpg
504,321,2822.80443284581,190.7129166806118,3087.539941445484,393.2669937129225,cam_4_1690322261_16-57-41.jpg
504,379,2512.223459904799,478.1771570953632,2937.6020188533125,699.0433309985988,cam_4_1690322261_16-57-41.jpg
504,428,3366.232382091702,557.3479895712373,4022.2653059363242,853.5994722759045,cam_4_1690322261_16-57-41.jpg
504,446,3313.7903475666785,628.6563056575241,3802.420232466841,826.3098493315673,cam_4_1690322261_16-57-41.jpg
504,473,3565.15518471308,389.21398533297935,4073.546116347497,618.1755236290676,cam_4_1690322261_16-57-41.jpg
504,538,2058.858653383462,485.48629485098115,2459.670144468063,639.7912955056993,cam_4_1690322261_16-57-41.jpg
504,540,3152.0188611508484,847.2739168185856,4003.5475266290096,1400.485793007364,cam_4_1690322261_16-57-41.jpg
504,551,3330.2445840051064,693.2662862150066,4032.0002096494786,1050.0413404565065,cam_4_1690322261_16-57-41.jpg
504,561,2431.2937656824224,506.2847250799051,2839.38354064812,755.5017610963921,cam_4_1690322261_16-57-41.jpg
504,563,2199.6765109950597,575.7495519473647,2744.6573329070684,815.8408877543857,cam_4_1690322261_16-57-41.jpg
504,568,2041.67568102303,628.7027730130611,2612.9295274449805,909.14943374741,cam_4_1690322261_16-57-41.jpg
504,575,3291.9070624850633,559.5042616146521,4021.8159847174884,796.2999948772218,cam_4_1690322261_16-57-41.jpg
504,578,1487.2363550218324,345.71151194629147,2238.0697229092334,733.621508392011,cam_4_1690322261_16-57-41.jpg
504,585,3176.7133569176294,732.196403743958,3854.3704492037905,911.489276487425,cam_4_1690322261_16-57-41.jpg
504,587,2605.3245272550066,447.5782544422766,3015.7612875068794,621.3613768456892,cam_4_1690322261_16-57-41.jpg
504,588,2262.4777658183075,266.86007741197767,2588.6485750129223,437.16494534234437,cam_4_1690322261_16-57-41.jpg
505,195,2712.443342967321,409.08349719808837,3007.0357201330567,563.7962205010454,cam_4_1690322411_17-00-11.jpg
505,379,2518.921961952444,478.5457935112022,2954.613280589174,705.2982131251747,cam_4_1690322411_17-00-11.jpg
505,441,414.960728701102,529.9580834355494,1352.9702569512194,1035.8290335297008,cam_4_1690322411_17-00-11.jpg
505,538,2065.797214070097,485.888675901886,2459.6651371299968,638.2291199183685,cam_4_1690322411_17-00-11.jpg
505,540,3112.848958524973,751.6930600053183,4016.688621470567,1366.1241888406248,cam_4_1690322411_17-00-11.jpg
505,561,2428.2967976702116,499.879229862053,2837.1114584566976,750.6508187000545,cam_4_1690322411_17-00-11.jpg
505,568,1975.712199800819,602.3757263251828,2788.8744911387193,1010.2880157721331,cam_4_1690322411_17-00-11.jpg
505,578,1508.86821919831,349.7581410792758,2236.223656089773,739.4360725724614,cam_4_1690322411_17-00-11.jpg
505,587,2601.9453520666084,447.6919488134601,3008.39998959485,620.4594134019005,cam_4_1690322411_17-00-11.jpg
506,195,2728.425083732482,407.9911528023656,3017.4965447049585,552.9830981668814,cam_4_1690322501_17-01-41.jpg
506,379,2534.236391505749,472.30974704729965,2881.5794652741847,651.6540269314025,cam_4_1690322501_17-01-41.jpg
506,540,3214.554182868112,694.1033225587539,4018.56453606162,1240.9964046297787,cam_4_1690322501_17-01-41.jpg
506,559,645.1292164245551,534.7473319208477,1143.8994573789105,1118.5265299904338,cam_4_1690322501_17-01-41.jpg
506,561,2395.7179449466885,500.8616526032915,2725.963991949569,702.9231702954876,cam_4_1690322501_17-01-41.jpg
506,565,2640.236801767369,451.2455377443532,3080.60871567759,661.1576227461783,cam_4_1690322501_17-01-41.jpg
506,568,1930.6755409020434,583.7408544470188,2835.1358360203913,1050.5284344038503,cam_4_1690322501_17-01-41.jpg
506,578,1522.9476025311055,347.51467634512574,2232.374219683329,741.9176682081888,cam_4_1690322501_17-01-41.jpg
507,195,2716.6027632579294,406.12062593703854,3042.9979783735043,566.6566847651591,cam_4_1690322516_17-01-56.jpg
507,379,2474.632810724267,449.38426897781216,2870.3356640286265,647.5435453515572,cam_4_1690322516_17-01-56.jpg
507,540,3274.7411517314517,672.4605893289661,4049.2175424756556,1194.2246278673506,cam_4_1690322516_17-01-56.jpg
507,559,628.4089885527183,539.5885109452838,1139.5485888520027,1117.4891941113742,cam_4_1690322516_17-01-56.jpg
507,568,1874.5243343335258,579.8561964726679,2814.0617495908564,1070.4723962206444,cam_4_1690322516_17-01-56.jpg
507,578,1545.7769705416413,348.6724628388137,2199.2746794338373,725.3528648036208,cam_4_1690322516_17-01-56.jpg
507,589,3646.991224239181,269.74397112768935,4023.9647469484103,533.2712947101247,cam_4_1690322516_17-01-56.jpg
507,592,1856.508343218108,379.50502917997494,2258.4997352375162,606.1993339274587,cam_4_1690322516_17-01-56.jpg
508,171,1347.9619889821938,720.1582316577662,2353.973842171404,1361.8485860674575,cam_4_1690322561_17-02-41.jpg
508,195,2709.2417904728786,406.640747048751,3049.4212484513105,571.3479123963962,cam_4_1690322561_17-02-41.jpg
508,379,2475.9932317275525,464.9398490609251,2825.347646311011,636.175679403892,cam_4_1690322561_17-02-41.jpg
508,538,2094.7981391365424,488.8915913725251,2484.4698574860936,641.1128645877967,cam_4_1690322561_17-02-41.jpg
508,540,3308.315230877317,665.5675454944477,4058.81400304943,1161.1982254700463,cam_4_1690322561_17-02-41.jpg
508,561,2419.3743730279352,507.64135876991236,2692.4554349916752,674.8041630045573,cam_4_1690322561_17-02-41.jpg
508,568,1908.9699078628028,592.4992428326382,2849.896404912519,1096.695421171531,cam_4_1690322561_17-02-41.jpg
508,578,1556.4291201832536,354.9448978643327,2194.3161749788087,727.2783072482382,cam_4_1690322561_17-02-41.jpg
508,587,2593.156515433972,447.33237737348287,2952.3025952786634,599.3079638866081,cam_4_1690322561_17-02-41.jpg
508,589,3665.1844069498097,321.407859742889,4086.4319060247963,616.1893659299719,cam_4_1690322561_17-02-41.jpg
508,592,1858.794700035747,378.9964385071014,2251.838938025705,600.6444268495364,cam_4_1690322561_17-02-41.jpg
508,593,2630.433999644023,556.7002441429811,3177.964074646581,970.962821421118,cam_4_1690322561_17-02-41.jpg
508,594,3025.141076451461,217.28277029619238,3187.932641599038,430.21722867487756,cam_4_1690322561_17-02-41.jpg
509,171,1352.8781260703217,737.7440503220145,2333.5403739344692,1373.1057573676708,cam_4_1690322606_17-03-26.jpg
509,195,2704.5452250751864,406.2925311731283,3056.9318492676884,574.4135008988794,cam_4_1690322606_17-03-26.jpg
509,540,3282.472990752055,662.3227684972862,4025.994841920811,1152.4312124585929,cam_4_1690322606_17-03-26.jpg
509,561,2429.275292357589,510.6543434799567,2702.5743333072196,677.312643238306,cam_4_1690322606_17-03-26.jpg
509,565,2531.812690562753,473.2988526361606,2915.376758934681,655.185604107197,cam_4_1690322606_17-03-26.jpg
509,568,1951.2276737548254,609.03197235859,2857.2640034217484,1106.8003243433718,cam_4_1690322606_17-03-26.jpg
509,578,1568.3129236251148,361.92746411999576,2191.4747115245063,728.594620427277,cam_4_1690322606_17-03-26.jpg
509,587,2582.378075310695,450.85104591764696,2967.2929613287056,613.6704887748439,cam_4_1690322606_17-03-26.jpg
509,589,3640.901773570792,337.43459669526555,4078.8135246963034,647.4765802901019,cam_4_1690322606_17-03-26.jpg
509,592,1870.7831876293453,379.5426866623346,2286.136092292895,613.1098813088428,cam_4_1690322606_17-03-26.jpg
509,593,2561.6153009630007,540.1398491133597,3128.029287354968,968.0763183806672,cam_4_1690322606_17-03-26.jpg
510,171,1268.0512575596385,747.0272500636192,2210.6919780442367,1376.171847227557,cam_4_1690322741_17-05-41.jpg
510,195,2700.2057490393304,411.2818062038715,3056.269206277533,578.2994230997065,cam_4_1690322741_17-05-41.jpg
510,551,3294.3543891900194,660.2517779478371,4015.9391801506026,1024.0927423549058,cam_4_1690322741_17-05-41.jpg
510,561,2424.428857354255,500.3571389322691,2806.8568554751214,737.4675406466382,cam_4_1690322741_17-05-41.jpg
510,565,2496.145726437267,475.966205513101,2935.2564294795025,686.4261289966191,cam_4_1690322741_17-05-41.jpg
510,568,1940.4039841883928,624.7075773844705,2816.9383191164,1110.402723386615,cam_4_1690322741_17-05-41.jpg
510,578,1576.032431638027,363.64999947033505,2185.9692129925243,725.8442694419471,cam_4_1690322741_17-05-41.jpg
510,587,2587.2072933028853,445.9083899901397,2991.1494132876005,617.9714558600149,cam_4_1690322741_17-05-41.jpg
510,588,2179.956551575168,228.67864965071726,2567.537927541735,432.63737634297524,cam_4_1690322741_17-05-41.jpg
510,589,3621.9022649427707,355.45085051991094,4081.4073045521127,684.1391962041328,cam_4_1690322741_17-05-41.jpg
510,592,1859.6317712132761,377.13799778066095,2286.5305232432966,617.3214326554356,cam_4_1690322741_17-05-41.jpg
511,171,1286.3514546387482,750.2044427515101,2241.895335678697,1373.9372606527177,cam_4_1690322831_17-07-11.jpg
511,195,2701.174371481886,413.7158278640482,3060.047838587029,580.0429142538942,cam_4_1690322831_17-07-11.jpg
511,551,3270.989816641439,658.3436358362158,4036.223444587804,1045.3024639191206,cam_4_1690322831_17-07-11.jpg
511,561,2428.0486447673056,498.28106242353687,2833.4628477242736,752.6542418653082,cam_4_1690322831_17-07-11.jpg
511,565,2476.766356668758,479.5412108480922,2929.98163398843,697.9923575483621,cam_4_1690322831_17-07-11.jpg
511,568,1952.085308056393,646.4296904803609,2817.1996595867804,1135.6556686778886,cam_4_1690322831_17-07-11.jpg
511,578,1680.7407757847627,502.1348308027318,2121.3397384947284,752.7561255708458,cam_4_1690322831_17-07-11.jpg
511,587,2586.1129366686546,445.5427435224638,2994.456963123444,620.0869527221502,cam_4_1690322831_17-07-11.jpg
511,589,3619.832385229399,361.04499264364006,4084.9250138473967,692.5303874901958,cam_4_1690322831_17-07-11.jpg
511,592,1820.8996643859057,380.75303540733,2261.242903223149,629.277650623745,cam_4_1690322831_17-07-11.jpg
512,171,1130.3119308690952,694.1147613809173,2062.6474431001275,1319.9427522747696,cam_4_1690322906_17-08-26.jpg
512,195,2696.320618655172,411.618988876701,3067.5633062995557,582.7884698367576,cam_4_1690322906_17-08-26.jpg
512,551,3268.6582621955445,663.2369068704304,4045.2461370940896,1059.1732499568816,cam_4_1690322906_17-08-26.jpg
512,561,2432.7507248863017,494.95847899527087,2846.674223593654,758.2910263639192,cam_4_1690322906_17-08-26.jpg
512,565,2479.865480667883,479.69929917196555,2934.8985354301776,700.9548250890268,cam_4_1690322906_17-08-26.jpg
512,568,1879.3891055206511,651.9908895612907,2758.6655509643783,1147.5599193114222,cam_4_1690322906_17-08-26.jpg
512,583,1678.6709054059245,571.0167149220437,2018.8386580493452,746.4842597866271,cam_4_1690322906_17-08-26.jpg
512,587,2586.3942484516374,442.4088446642804,2999.6361004813134,620.4133131490839,cam_4_1690322906_17-08-26.jpg
512,589,3583.7157643512905,411.8156928798916,3988.663871326804,706.5018771566836,cam_4_1690322906_17-08-26.jpg
512,592,1796.5070280363855,382.9701768737105,2261.5642946868898,646.706779729521,cam_4_1690322906_17-08-26.jpg
512,597,2069.836223074588,497.2169853321005,2473.761135360854,677.1397460049895,cam_4_1690322906_17-08-26.jpg
512,598,3136.2858583820953,803.5267794738205,4150.917365613928,1549.280373250715,cam_4_1690322906_17-08-26.jpg
513,195,2697.685375617548,411.4052115447842,3070.8827714562435,581.8188214650654,cam_4_1690322996_17-09-56.jpg
513,551,3274.188062971265,728.2429439972475,3898.779717508198,1046.4481138428994,cam_4_1690322996_17-09-56.jpg
513,565,2481.727523622107,483.594937282426,2927.161341045616,700.1423645183766,cam_4_1690322996_17-09-56.jpg
513,568,1989.4612753765268,611.1308564151973,2836.0921636810826,1092.399246986543,cam_4_1690322996_17-09-56.jpg
513,583,1717.7594912636794,581.5597646568752,2093.2763504604745,770.0103671509075,cam_4_1690322996_17-09-56.jpg
513,587,2609.099451443755,448.0761569867694,3002.027373522863,618.8618151837304,cam_4_1690322996_17-09-56.jpg
513,592,1817.1004982470806,384.3138665964497,2251.8582597294962,628.5760655081531,cam_4_1690322996_17-09-56.jpg
513,598,2879.39473657107,896.9435558946523,3825.7625924126023,1587.6866559680147,cam_4_1690322996_17-09-56.jpg
514,195,2688.208807261539,412.2461055305756,3066.4418219309114,584.9758378828192,cam_4_1690323041_17-10-41.jpg
514,551,3174.6083303422793,612.8715204931858,4002.6379736905433,1068.861618244985,cam_4_1690323041_17-10-41.jpg
514,561,2433.698438809795,500.31746757336464,2841.549504780915,760.6055866287963,cam_4_1690323041_17-10-41.jpg
514,565,2487.9865365809437,482.1666040665986,2941.7088099258804,705.2084952321663,cam_4_1690323041_17-10-41.jpg
514,568,1814.757045765468,563.0792390052031,2673.5398952647797,1067.1947910412082,cam_4_1690323041_17-10-41.jpg
514,578,1685.9324548433954,570.9093606727544,2007.1290257427995,755.1496231922526,cam_4_1690323041_17-10-41.jpg
514,587,2604.0006915534514,449.5542802483187,3006.5687122869567,625.9482944258293,cam_4_1690323041_17-10-41.jpg
514,592,1838.3450691155042,387.58712288650975,2212.83365380305,593.2169248656558,cam_4_1690323041_17-10-41.jpg
515,195,2680.603460289583,418.1195604882446,3074.67327258828,599.331920673178,cam_4_1690323056_17-10-56.jpg
515,538,2090.8307577358773,491.1447604700871,2447.211523560315,629.136160903646,cam_4_1690323056_17-10-56.jpg
515,551,3178.405611642914,575.5745807431044,4009.252665963096,1069.3859603915507,cam_4_1690323056_17-10-56.jpg
515,561,2443.752925885166,504.0842116918777,2841.860770051513,759.8517222511939,cam_4_1690323056_17-10-56.jpg
515,565,2492.814047827058,482.6464150955437,2945.3710965522678,706.7234125410987,cam_4_1690323056_17-10-56.jpg
515,568,1987.5152725191042,588.9363177635048,2624.686268965425,959.6631657290321,cam_4_1690323056_17-10-56.jpg
515,570,3712.1538072867165,322.3392838515064,4101.718551077037,451.12707238825396,cam_4_1690323056_17-10-56.jpg
515,587,2607.7541162754983,449.79591010449826,3008.1202352883706,626.4914569322034,cam_4_1690323056_17-10-56.jpg
515,592,1825.4162723732402,386.3140203483507,2156.584572700228,565.1269335758119,cam_4_1690323056_17-10-56.jpg
516,195,2703.9481792193296,412.4801078731291,3035.238946682452,559.8188072238236,cam_4_1690323116_17-11-56.jpg
516,379,2492.6984012417065,479.76687199823334,2832.4789513447386,646.2244110926808,cam_4_1690323116_17-11-56.jpg
516,473,3697.761281558446,324.6699441244201,4062.132697802741,488.2780518388941,cam_4_1690323116_17-11-56.jpg
516,568,2062.5958953813815,592.7180318984641,2792.3372008259357,1014.8566700766954,cam_4_1690323116_17-11-56.jpg
516,592,1772.399257382165,384.9851635098796,2189.3405887323106,613.1789705581034,cam_4_1690323116_17-11-56.jpg
516,597,2063.4111419362316,488.6472081434473,2456.07753809234,663.6718464992064,cam_4_1690323116_17-11-56.jpg
516,604,3632.3797940209693,341.4086723955762,4100.522234660798,636.4632986686713,cam_4_1690323116_17-11-56.jpg
517,195,2674.557280370425,415.4949683857842,3062.9833266283504,588.6369060937589,cam_4_1690323371_17-16-11.jpg
517,379,2493.649691772798,480.10304329005595,2850.8321171156485,656.3542393904527,cam_4_1690323371_17-16-11.jpg
517,521,1311.6816790973662,488.8436973753493,2115.7138299800145,935.2461427898726,cam_4_1690323371_17-16-11.jpg
517,525,2847.6244902446965,340.34330750071354,3188.291950766296,524.0247300985875,cam_4_1690323371_17-16-11.jpg
517,561,2427.854516444758,502.23089769843773,2826.8431373496946,761.2786911268258,cam_4_1690323371_17-16-11.jpg
517,563,2246.4889515733303,582.797816835804,2770.784255451607,818.3435774235427,cam_4_1690323371_17-16-11.jpg
517,587,2622.415854701871,449.0428650880916,2979.0884688097312,605.4236486792828,cam_4_1690323371_17-16-11.jpg
517,592,1799.121893729002,384.2890545957263,2183.077438257032,587.6980851593805,cam_4_1690323371_17-16-11.jpg
517,604,3630.521351351489,310.2094319269211,4053.648105128374,576.3485924974837,cam_4_1690323371_17-16-11.jpg
518,195,2671.607738989608,412.6374573894815,3074.3186314370237,592.3956663291931,cam_4_1690323416_17-16-56.jpg
518,379,2495.9384608043206,478.4700222710254,2860.0320489828673,660.4695292738786,cam_4_1690323416_17-16-56.jpg
518,433,1138.0768116914267,482.48157762907016,1884.7087605124068,918.6451919831654,cam_4_1690323416_17-16-56.jpg
518,525,2858.0829956413672,339.3229613015219,3194.617412252076,522.7288840739415,cam_4_1690323416_17-16-56.jpg
518,561,2427.112238052369,499.25771617332236,2817.9152593151175,755.179267109518,cam_4_1690323416_17-16-56.jpg
518,563,2262.548239762158,586.1822204883218,2768.2511687140377,817.5218435845404,cam_4_1690323416_17-16-56.jpg
518,592,1809.7320219033343,385.40563202570326,2191.8674755281213,582.948492953008,cam_4_1690323416_17-16-56.jpg
518,604,3624.7243178189738,300.7969055524163,4036.830109592484,559.5568978360122,cam_4_1690323416_17-16-56.jpg
518,609,2691.4100472896453,475.67233557275443,3070.8727389951096,907.2776057066114,cam_4_1690323416_17-16-56.jpg
519,195,2676.2576950006833,414.5256459703704,3068.357274370795,588.1426999981774,cam_4_1690323476_17-17-56.jpg
519,379,2493.430895302187,478.6106172245591,2886.31396875466,678.75560864615,cam_4_1690323476_17-17-56.jpg
519,525,2857.3893576205082,339.6848353668182,3194.6518570544304,523.563947104723,cam_4_1690323476_17-17-56.jpg
519,561,2439.9021894564294,497.83022119564623,2830.031668159109,755.1835566921203,cam_4_1690323476_17-17-56.jpg
519,563,2266.3557893572006,579.4474498936711,2773.373704376452,816.6502908327989,cam_4_1690323476_17-17-56.jpg
519,587,2639.3849216389194,444.07787860221094,2992.380723897983,596.7615720244062,cam_4_1690323476_17-17-56.jpg
519,592,1843.1200710452727,383.87016749908383,2215.437399195347,568.2914548615995,cam_4_1690323476_17-17-56.jpg
519,604,3615.0022545483057,290.2953873511705,4023.8568554351277,547.9549578262177,cam_4_1690323476_17-17-56.jpg
519,609,2750.526511287245,503.5935888677276,3132.4837233093617,941.0710548313413,cam_4_1690323476_17-17-56.jpg
519,614,1616.605535805923,524.1342208233326,2307.598763217514,1015.8324545954526,cam_4_1690323476_17-17-56.jpg
519,615,2453.595934171187,344.4380631278591,2790.5118434547435,471.9293807212655,cam_4_1690323476_17-17-56.jpg
520,195,2690.67229804715,409.0401111937949,3055.5418219567105,570.3277402760182,cam_4_1690323641_17-20-41.jpg
520,379,2506.577822994316,480.7835760882633,2919.453518763026,691.362144187256,cam_4_1690323641_17-20-41.jpg
520,525,2864.624195655038,341.9752446566503,3194.1956137323864,521.2606717971737,cam_4_1690323641_17-20-41.jpg
520,561,2447.3245953848077,503.2453336551914,2832.587043611712,758.287699103736,cam_4_1690323641_17-20-41.jpg
520,563,2242.825651389224,569.9727905503091,2754.2096916294286,812.9118107246077,cam_4_1690323641_17-20-41.jpg
520,587,2612.1077255743608,447.2193072410504,2970.4722207918085,601.2935220391012,cam_4_1690323641_17-20-41.jpg
520,592,1810.8587248952995,385.7281332816741,2227.6252240115355,590.6179761345197,cam_4_1690323641_17-20-41.jpg
520,604,3629.9349017400677,288.62704566410946,4029.5940653367666,538.8266574542538,cam_4_1690323641_17-20-41.jpg
520,609,2800.953946823023,489.99565986442576,3206.595633633558,962.4897902495666,cam_4_1690323641_17-20-41.jpg
521,195,2705.046672765004,409.63055035494136,3069.498506820273,569.3685432870423,cam_4_1690323746_17-22-26.jpg
521,379,2509.5580327474613,479.781086195706,2932.615040323403,695.7531060169681,cam_4_1690323746_17-22-26.jpg
521,525,2869.284991989126,344.05680533060183,3197.793822697551,523.0748108705238,cam_4_1690323746_17-22-26.jpg
521,561,2449.53126739571,500.50596363344005,2834.703272092059,757.1154316393536,cam_4_1690323746_17-22-26.jpg
521,563,2221.9454246185737,567.6125866054446,2734.908762546156,812.2310716817163,cam_4_1690323746_17-22-26.jpg
521,587,2606.847559334388,450.7806756697861,2971.2167359301343,606.5126376916013,cam_4_1690323746_17-22-26.jpg
521,592,1785.137876440104,384.3181452014881,2228.6661634356688,602.364635885074,cam_4_1690323746_17-22-26.jpg
521,604,3630.6381502935283,281.82399131063056,4025.0629224638974,527.2180668779799,cam_4_1690323746_17-22-26.jpg
521,609,2851.5587857763526,490.408002346275,3263.1951535138123,972.300646837838,cam_4_1690323746_17-22-26.jpg
521,616,2110.552500356216,607.6817304651931,2560.456396823524,904.2527047388861,cam_4_1690323746_17-22-26.jpg
522,195,2699.9184174747775,415.5140126250145,3080.433773126041,582.775477074851,cam_4_1690323851_17-24-11.jpg
522,321,2900.0638372101525,290.012585941859,3295.0200514521625,600.4848055262346,cam_4_1690323851_17-24-11.jpg
522,379,2510.8980297894527,478.87164218824716,2946.823661293135,701.261938209576,cam_4_1690323851_17-24-11.jpg
522,561,2448.0063937346786,499.4762046545211,2832.834844268599,756.7586337685295,cam_4_1690323851_17-24-11.jpg
522,563,2209.487224020376,563.0070260694741,2729.4544867100412,812.5336625763518,cam_4_1690323851_17-24-11.jpg
522,587,2596.236134679734,451.209031704916,2992.6358838349297,621.8797988156068,cam_4_1690323851_17-24-11.jpg
522,589,3486.7364577381595,471.6365168852186,3994.2749904749685,831.7327925265292,cam_4_1690323851_17-24-11.jpg
522,592,1782.8129765939073,384.24509231434257,2236.5332136566717,605.9051602147063,cam_4_1690323851_17-24-11.jpg
522,616,2111.4403632712165,618.107371526546,2553.8428778463585,906.5467371658747,cam_4_1690323851_17-24-11.jpg
522,618,1684.7126246995097,580.3751586703823,2145.7236947780707,771.1134898294603,cam_4_1690323851_17-24-11.jpg
522,619,3100.033475770585,708.0410910272246,4101.239026822352,1446.2058228342255,cam_4_1690323851_17-24-11.jpg
523,195,2703.3962219570917,415.9266977061964,3091.159924880869,587.7557926061239,cam_4_1690323881_17-24-41.jpg
523,321,2859.2742765107746,290.48578342671544,3230.645132114629,567.05106754859,cam_4_1690323881_17-24-41.jpg
523,379,2520.4041649547903,479.2284418882123,2952.1971941637785,699.8821894085436,cam_4_1690323881_17-24-41.jpg
523,561,2450.7539046782827,502.4813632896422,2829.9524690099015,756.2455915890774,cam_4_1690323881_17-24-41.jpg
523,563,2212.861404668088,565.7958963839648,2725.2583747556073,812.2542842362554,cam_4_1690323881_17-24-41.jpg
523,587,2591.8787299601627,449.64322274513944,2997.5475370217896,625.102075837121,cam_4_1690323881_17-24-41.jpg
523,589,3492.5552754609153,473.4632690846538,4022.5861582452158,834.7943729291319,cam_4_1690323881_17-24-41.jpg
523,592,1774.9856313167816,384.3573952724609,2236.2935423707245,608.9515135932854,cam_4_1690323881_17-24-41.jpg
523,616,2121.367181649786,624.2045777629719,2558.1814008179754,905.6587331152076,cam_4_1690323881_17-24-41.jpg
523,618,1698.9406230738753,583.7430581816644,2164.080279571741,776.0143806619494,cam_4_1690323881_17-24-41.jpg
523,619,3029.4834057925777,708.3719630719179,3984.706749542076,1423.7929221857744,cam_4_1690323881_17-24-41.jpg
524,195,2710.8053772183785,417.8970586607089,3093.4568193814566,588.4351301662117,cam_4_1690323941_17-25-41.jpg
524,321,2829.812904062026,294.8353334317075,3194.6758025381987,554.8354963835482,cam_4_1690323941_17-25-41.jpg
524,379,2523.7151440494044,478.5548446585433,2957.3881896105363,700.5675634258657,cam_4_1690323941_17-25-41.jpg
524,561,2449.606822639052,504.9873721127348,2826.4271726576826,756.627075617245,cam_4_1690323941_17-25-41.jpg
524,563,2215.71805537478,568.3624400383422,2723.118701703137,812.7924782458283,cam_4_1690323941_17-25-41.jpg
524,568,2139.3211486731384,638.1917755162823,2620.946296599389,913.4555784816813,cam_4_1690323941_17-25-41.jpg
524,587,2592.390024125475,450.8364200509831,2997.921709068502,626.5720106108424,cam_4_1690323941_17-25-41.jpg
524,589,3471.463867676377,471.2639804124511,4017.3868736609675,839.5279197987522,cam_4_1690323941_17-25-41.jpg
524,592,1780.93720706716,385.4739329201418,2242.964810512502,609.685784146534,cam_4_1690323941_17-25-41.jpg
524,618,1704.8793052138053,580.3036268771349,2175.3346826831466,774.510977350817,cam_4_1690323941_17-25-41.jpg
524,619,3042.7867737305232,750.1765342143868,4102.6284714901285,1555.1450801485612,cam_4_1690323941_17-25-41.jpg
525,321,2803.7531533300075,314.15528240070773,3218.887748471482,611.8189981760488,cam_4_1690324091_17-28-11.jpg
525,379,2523.0320515366047,478.9928952943212,2959.092610444092,703.2447176225826,cam_4_1690324091_17-28-11.jpg
525,561,2450.574480196124,503.8250568694809,2826.8866434897304,755.4396434803479,cam_4_1690324091_17-28-11.jpg
525,563,2213.9497055759584,569.0902432078086,2718.1754923301805,811.4951933227909,cam_4_1690324091_17-28-11.jpg
525,568,2137.8667380752036,641.9070924390663,2600.730086896266,903.0428989099634,cam_4_1690324091_17-28-11.jpg
525,587,2593.826967317874,450.25395994501764,3000.1855321910953,627.5228142197795,cam_4_1690324091_17-28-11.jpg
525,589,3467.946864129362,468.7859344193506,4028.096295574771,842.615421668758,cam_4_1690324091_17-28-11.jpg
525,592,1785.119452145001,386.32216390762505,2243.5754134456606,608.4577928773762,cam_4_1690324091_17-28-11.jpg
525,618,1705.552570410196,581.5011957141603,2170.8842375275144,773.377320351502,cam_4_1690324091_17-28-11.jpg
525,619,3037.1683084452675,774.6223512605031,4049.5178177884363,1544.4614818344955,cam_4_1690324091_17-28-11.jpg
526,321,2774.690913763156,320.36844087896196,3218.0412998651154,640.391092170431,cam_4_1690324241_17-30-41.jpg
526,379,2515.3394520095326,477.704400173178,2953.855364930378,702.6919475130696,cam_4_1690324241_17-30-41.jpg
526,551,3082.769868348314,767.4407903265492,4092.735494146615,1366.1282220839234,cam_4_1690324241_17-30-41.jpg
526,561,2448.337403099588,504.6238686349335,2823.960692026709,755.558373590552,cam_4_1690324241_17-30-41.jpg
526,563,2210.312074484744,565.6408628835185,2722.1205305010467,812.51029360706,cam_4_1690324241_17-30-41.jpg
526,568,2103.8406235979073,632.7102043584715,2589.0531185910268,902.7079526853474,cam_4_1690324241_17-30-41.jpg
526,587,2589.29178216776,449.1916682629516,3001.837096999467,630.2032407364741,cam_4_1690324241_17-30-41.jpg
526,589,3470.0453220103545,469.0348109471381,4031.1242293367204,839.020404749095,cam_4_1690324241_17-30-41.jpg
526,592,1795.509676711884,386.13424944278654,2251.152619306243,608.3707437760319,cam_4_1690324241_17-30-41.jpg
526,618,1697.3440600564584,582.0092250059542,2161.3892954151706,773.4614095154027,cam_4_1690324241_17-30-41.jpg
527,195,2704.243088654989,410.13336557186705,3103.3946442451706,588.7145426804384,cam_4_1690324331_17-32-11.jpg
527,321,2801.8685993086983,355.9218449881662,3152.4980114541877,593.0435583035584,cam_4_1690324331_17-32-11.jpg
527,379,2517.9338137316954,479.6065723101067,2952.453312545805,702.2917256814915,cam_4_1690324331_17-32-11.jpg
527,525,2865.577733540248,341.751044442448,3202.518833663555,526.0629571866698,cam_4_1690324331_17-32-11.jpg
527,551,3040.3222534371357,771.9314481224544,4066.950377416624,1391.42530888403,cam_4_1690324331_17-32-11.jpg
527,561,2450.200031372266,508.60730593689664,2821.2843366392267,756.0556339074562,cam_4_1690324331_17-32-11.jpg
527,563,2215.973355639569,568.6283948257925,2723.031656813872,813.9149063739574,cam_4_1690324331_17-32-11.jpg
527,568,2081.8388711739544,620.990721703283,2593.0603153518095,903.4426475586224,cam_4_1690324331_17-32-11.jpg
527,587,2594.8726669358552,446.7765288626665,2991.8270383563045,620.3519575347605,cam_4_1690324331_17-32-11.jpg
527,589,3470.005497372972,466.7618144620941,4037.3911233712493,837.7366916641574,cam_4_1690324331_17-32-11.jpg
527,592,1802.5073932887294,385.03954217823406,2256.994925062333,605.7355765624566,cam_4_1690324331_17-32-11.jpg
527,618,1691.7036555884752,581.4911861673796,2153.3216337841213,772.675236534074,cam_4_1690324331_17-32-11.jpg
528,195,2709.1953597388097,404.1250330272499,3112.8136010574754,586.1925968107014,cam_4_1690324481_17-34-41.jpg
528,321,2812.6684393995065,370.6765503849045,3121.019236974811,569.1573535785742,cam_4_1690324481_17-34-41.jpg
528,525,2863.8050896655454,342.5921522543755,3201.748897669843,528.1733954004503,cam_4_1690324481_17-34-41.jpg
528,551,3038.486687373223,775.3817007260014,4059.6279796548038,1394.8011367215804,cam_4_1690324481_17-34-41.jpg
528,563,2219.9826681358454,567.8552803104857,2731.886266585364,816.4004678286695,cam_4_1690324481_17-34-41.jpg
528,568,2108.0601678174826,632.9539275705647,2597.4136275858514,901.715555376042,cam_4_1690324481_17-34-41.jpg
528,589,3469.527441079533,465.8526937385175,4052.9906309714806,840.4013187286287,cam_4_1690324481_17-34-41.jpg
528,592,1794.262077025181,385.2785534674245,2255.61732598783,609.0953035525796,cam_4_1690324481_17-34-41.jpg
528,593,2416.2833335221085,412.8355942892735,2965.109385265415,841.0071251046479,cam_4_1690324481_17-34-41.jpg
528,618,1702.7963378086245,581.227760944922,2162.966818127741,771.4365233448973,cam_4_1690324481_17-34-41.jpg
529,195,2707.9089094837573,400.4083279438444,3118.3079292865327,587.4638008150672,cam_4_1690324616_17-36-56.jpg
529,321,2817.672168149531,377.5195372330522,3118.683179720986,564.5911179981175,cam_4_1690324616_17-36-56.jpg
529,525,2865.572843255465,342.3198078906269,3198.138786950915,526.3815803360782,cam_4_1690324616_17-36-56.jpg
529,563,2217.8891447139827,563.3185836469961,2738.4385859195136,817.643877763934,cam_4_1690324616_17-36-56.jpg
529,568,2084.984464614739,628.7017419223791,2591.4411123051427,903.0139906261915,cam_4_1690324616_17-36-56.jpg
529,589,3479.8570014835122,466.97581691782904,4075.754667079333,841.8013638574807,cam_4_1690324616_17-36-56.jpg
529,592,1788.002054086466,384.303570471642,2257.245609199864,612.4159923728727,cam_4_1690324616_17-36-56.jpg
529,593,2393.1825700019554,412.1955102102546,2938.35212355862,837.9850365624701,cam_4_1690324616_17-36-56.jpg
529,609,3092.7919838840126,597.4897896024793,3571.6907179728523,1162.5908027199625,cam_4_1690324616_17-36-56.jpg
529,618,1687.0165029164068,579.790308201225,2154.066244188699,774.2450694088977,cam_4_1690324616_17-36-56.jpg
530,195,2729.2681913873216,397.9177569510807,3138.2257507232184,584.3603106653229,cam_4_1690324631_17-37-11.jpg
530,321,2824.3042901916215,371.3747988674701,3140.8400349233725,565.0957791656175,cam_4_1690324631_17-37-11.jpg
530,525,2859.8265956315213,341.0270062490035,3195.4613456577617,526.9276193838014,cam_4_1690324631_17-37-11.jpg
530,563,2216.753809777252,560.8783418856694,2741.7800823697526,818.9322891483961,cam_4_1690324631_17-37-11.jpg
530,568,2088.8022790060045,633.9200431262133,2592.41549506434,903.7024445714785,cam_4_1690324631_17-37-11.jpg
530,589,3463.2728954818645,466.78334286986365,4061.407426758769,843.241402763414,cam_4_1690324631_17-37-11.jpg
530,592,1784.9214738657774,384.2423007285484,2263.7333348177817,616.1112881350483,cam_4_1690324631_17-37-11.jpg
530,593,2383.3799827508246,414.9059514148587,2926.054349632532,835.7139783555897,cam_4_1690324631_17-37-11.jpg
530,618,1692.9662967703475,581.9143408078049,2158.4284773742784,776.0547262021416,cam_4_1690324631_17-37-11.jpg
531,321,2811.773750049536,371.5695503560048,3136.2289954851353,566.603455135355,cam_4_1690324646_17-37-26.jpg
531,525,2858.842819041842,339.9014302409091,3195.980809520566,527.5800513665788,cam_4_1690324646_17-37-26.jpg
531,563,2219.1497769639395,565.8751817227543,2736.255672637434,820.489204251383,cam_4_1690324646_17-37-26.jpg
531,568,2093.590115560812,632.4414426061827,2603.010199282402,904.5317814092449,cam_4_1690324646_17-37-26.jpg
531,589,3462.071941245391,466.5136830742978,4073.1025320104204,843.5198471978631,cam_4_1690324646_17-37-26.jpg
531,592,1790.7563895952405,385.4626309270359,2263.894679764499,613.866112253283,cam_4_1690324646_17-37-26.jpg
531,593,2409.8692568987376,418.91804500277385,2937.3742107891535,836.2753236848976,cam_4_1690324646_17-37-26.jpg
531,618,1701.1396091984807,582.2590881183047,2154.2903290377576,770.8781362041809,cam_4_1690324646_17-37-26.jpg
532,321,2755.638902311114,341.2883544698964,3210.8821989043186,623.400626232646,cam_4_1690324871_17-41-11.jpg
532,473,3557.998700103984,349.10364063151894,4005.092414808893,550.0617085966464,cam_4_1690324871_17-41-11.jpg
532,563,2219.5405968844857,566.5071288954807,2737.7083603376427,822.6200820917803,cam_4_1690324871_17-41-11.jpg
532,568,2064.50732440231,611.8304425783718,2615.83599725139,906.0377907751431,cam_4_1690324871_17-41-11.jpg
532,589,3466.582449083876,467.33755320726914,4087.8293501047124,845.4384268849312,cam_4_1690324871_17-41-11.jpg
532,592,1787.4003957231214,386.12022618438397,2255.5518012716075,612.9846661557494,cam_4_1690324871_17-41-11.jpg
532,593,2399.329435236871,421.8757519494179,2925.0641475656403,833.883682983764,cam_4_1690324871_17-41-11.jpg
532,618,1702.4288352772305,582.900839229727,2154.5667474560837,770.9362778800974,cam_4_1690324871_17-41-11.jpg
533,195,2727.629058659777,401.52360914544755,3137.6571974820827,591.4948377835925,cam_4_1690324901_17-41-41.jpg
533,321,2785.810337432991,357.6031913924337,3171.288083491216,592.075259698775,cam_4_1690324901_17-41-41.jpg
533,473,3547.493657933572,348.99011115995745,4010.883763983691,558.8426585780915,cam_4_1690324901_17-41-41.jpg
533,525,2865.822033516843,342.0797596016223,3195.215204009081,526.77347840826,cam_4_1690324901_17-41-41.jpg
533,563,2111.350593048771,498.1981821728407,2824.5518598805907,871.6289539025142,cam_4_1690324901_17-41-41.jpg
533,589,3453.441236160352,467.19416636616586,4071.974657724173,842.9232761500474,cam_4_1690324901_17-41-41.jpg
533,592,1774.6219731530737,385.9796438967799,2264.1102825197945,625.312382495076,cam_4_1690324901_17-41-41.jpg
533,593,2418.6954171366842,417.8264423043595,2947.7073650724474,834.5365588184384,cam_4_1690324901_17-41-41.jpg
533,618,1716.1417671842223,581.1487134542213,2186.2530635773555,775.2274359171859,cam_4_1690324901_17-41-41.jpg
534,195,2720.419560516835,397.9031058260864,3131.6115328434744,590.6768301316929,cam_4_1690325126_17-45-26.jpg
534,321,2799.6772960971416,366.0480492673238,3149.024427918408,574.6208446882977,cam_4_1690325126_17-45-26.jpg
534,428,3540.678418319636,375.81083724240085,4057.904644640717,621.7243181907414,cam_4_1690325126_17-45-26.jpg
534,525,2863.192783602031,341.3943312591746,3190.9686925485935,525.8283447939526,cam_4_1690325126_17-45-26.jpg
534,563,2173.1913158058574,537.0859222877832,2773.2170586023085,851.3025269126081,cam_4_1690325126_17-45-26.jpg
534,585,3589.5936412572237,348.39239160466104,4117.470873453055,487.05841076165484,cam_4_1690325126_17-45-26.jpg
534,589,3438.075854958153,453.451066216487,4068.259610417889,839.4534969609384,cam_4_1690325126_17-45-26.jpg
534,592,1758.3687060106447,381.57416235335097,2276.37029613959,637.2097772718125,cam_4_1690325126_17-45-26.jpg
534,593,2420.849757686634,417.3917986155086,2944.1112302987685,830.8027724293145,cam_4_1690325126_17-45-26.jpg
534,597,2079.7006463018615,498.60034565398695,2461.151119618058,667.5779459498137,cam_4_1690325126_17-45-26.jpg
534,618,1720.5562773434542,580.3625592869736,2188.720682401769,772.2112787732977,cam_4_1690325126_17-45-26.jpg
535,195,2722.8625503992084,398.31969398912287,3130.456571025236,591.9902891057172,cam_4_1690325171_17-46-11.jpg
535,321,2804.432598385429,374.78403695601423,3136.299216585462,568.7046960185585,cam_4_1690325171_17-46-11.jpg
535,525,2866.0523912725216,343.50480403682405,3189.685243861138,526.4544320736613,cam_4_1690325171_17-46-11.jpg
535,563,2207.2953379552987,557.9004721386245,2746.658755741449,840.7641779838312,cam_4_1690325171_17-46-11.jpg
535,585,3520.113709850094,301.8055140769877,4088.692283734276,474.6453434739292,cam_4_1690325171_17-46-11.jpg
535,589,3418.8354711073202,426.28954201358323,4047.5574042006083,834.4591783553828,cam_4_1690325171_17-46-11.jpg
535,592,1764.3404563623199,382.19029893752975,2285.4170929149554,641.0471006690071,cam_4_1690325171_17-46-11.jpg
535,593,2420.6261139986323,417.7902719414067,2945.8383977143753,833.2589308683525,cam_4_1690325171_17-46-11.jpg
535,597,2081.14110522699,498.6313425302804,2464.495003679176,668.2800297067566,cam_4_1690325171_17-46-11.jpg
535,618,1721.759406281931,580.9395170168723,2192.9229833519903,772.735224141552,cam_4_1690325171_17-46-11.jpg
536,195,2723.6002149632723,397.6292389936343,3126.717207121033,591.1624423856169,cam_4_1690325216_17-46-56.jpg
536,321,2804.6909918457686,370.9736983845246,3138.4496561987967,563.5284297064695,cam_4_1690325216_17-46-56.jpg
536,525,2865.412992182291,341.8775444268863,3200.478392486868,532.4858080138251,cam_4_1690325216_17-46-56.jpg
536,563,2220.414292907528,561.9153982832183,2741.3627350155843,836.2150547256521,cam_4_1690325216_17-46-56.jpg
536,585,3595.8208281227194,329.04327004317724,4104.143195862406,484.8301953831714,cam_4_1690325216_17-46-56.jpg
536,589,3457.512094242015,432.1964895522371,4070.382953451616,826.2785223245767,cam_4_1690325216_17-46-56.jpg
536,592,1760.2084718215774,382.4336428245226,2280.9558331974386,643.6107508510988,cam_4_1690325216_17-46-56.jpg
536,593,2415.912090399988,418.6525552200098,2942.7741607634784,835.0137279069081,cam_4_1690325216_17-46-56.jpg
536,597,2078.437994387007,494.9806483945249,2464.8277904434017,666.3044611934349,cam_4_1690325216_17-46-56.jpg
536,618,1722.267120022415,580.2553069688712,2197.030527503599,772.099514116235,cam_4_1690325216_17-46-56.jpg
537,195,2727.431997939151,397.85632826823905,3124.8249457210527,590.7356412257487,cam_4_1690325336_17-48-56.jpg
537,321,2804.5501714515203,371.10957611972395,3144.873840057204,565.5889980827026,cam_4_1690325336_17-48-56.jpg
537,525,2862.7661509204013,340.86777718659334,3193.769505618156,529.7541609363742,cam_4_1690325336_17-48-56.jpg
537,563,2222.7904574253553,564.6388985903211,2734.9730631165266,834.9649924888663,cam_4_1690325336_17-48-56.jpg
537,589,3468.7485171076773,431.25560248276474,4090.5571518816882,826.4332333022192,cam_4_1690325336_17-48-56.jpg
537,592,1763.490082299923,383.28051703951473,2277.867783743612,642.5706020408597,cam_4_1690325336_17-48-56.jpg
537,593,2426.531130339709,422.77443934111596,2947.6067374504196,835.3275917707324,cam_4_1690325336_17-48-56.jpg
537,594,3738.7382955101953,285.4598828669382,3889.2632840127126,467.4165335031918,cam_4_1690325336_17-48-56.jpg
537,597,2084.535299803186,494.9129939385033,2467.959856756686,665.0347300665086,cam_4_1690325336_17-48-56.jpg
537,618,1722.241235301559,580.3403646100032,2205.306419313208,774.133214245988,cam_4_1690325336_17-48-56.jpg
538,195,2722.303904617948,399.38447808439463,3115.1584696493032,590.8920491731978,cam_4_1690325831_17-57-11.jpg
538,321,2805.3020730510284,369.03168131255546,3144.8168087832782,561.1341940442862,cam_4_1690325831_17-57-11.jpg
538,428,3604.491386791975,355.19557333067803,4058.6745416380213,571.5667682399791,cam_4_1690325831_17-57-11.jpg
538,525,2866.5017569721444,339.709165040663,3194.537244766747,527.4017863347658,cam_4_1690325831_17-57-11.jpg
538,538,2098.6921947260616,492.9550701778256,2473.4000492578834,637.0284295779192,cam_4_1690325831_17-57-11.jpg
538,563,2238.0248325609764,568.4847854902165,2735.5488232175,832.370485511601,cam_4_1690325831_17-57-11.jpg
538,589,3467.5942164502612,419.1067046466633,4052.6517704663256,791.3198011713184,cam_4_1690325831_17-57-11.jpg
538,593,2428.9713834950185,422.3427324334066,2950.814412101241,836.9861899255325,cam_4_1690325831_17-57-11.jpg
538,616,1602.8458845977173,355.65765927805217,2173.638033578978,725.0158662445587,cam_4_1690325831_17-57-11.jpg
539,195,2713.434813870247,398.91077115234907,3107.440707044699,591.2501028654194,cam_4_1690325951_17-59-11.jpg
539,321,2803.5963903405063,371.4256267949123,3144.824582760314,562.85780292594,cam_4_1690325951_17-59-11.jpg
539,428,3623.5198016421,342.51163758893995,3968.261390624778,496.29607822560837,cam_4_1690325951_17-59-11.jpg
539,525,2866.460941026239,340.3492975007192,3189.4981512430704,525.8934541133826,cam_4_1690325951_17-59-11.jpg
539,538,2090.222157568398,491.4894646117247,2472.8535443951528,641.5103066284692,cam_4_1690325951_17-59-11.jpg
539,563,2236.3858794889825,569.2289930565955,2730.477933344153,831.789847669258,cam_4_1690325951_17-59-11.jpg
539,589,3472.154327736988,415.8604382918331,4044.5846571268025,776.4281730867451,cam_4_1690325951_17-59-11.jpg
539,593,2419.8832253380533,418.87331104124473,2946.258705761767,836.5426650909246,cam_4_1690325951_17-59-11.jpg
539,616,1598.2624846005283,352.7067393795149,2169.1241360282283,720.4907110724159,cam_4_1690325951_17-59-11.jpg
540,195,2710.0453738573133,399.3013567433485,3104.3917684118005,592.0299258141893,cam_4_1690326011_18-00-11.jpg
540,321,2807.479425756477,372.7762797753161,3148.9985454264006,563.4866972381263,cam_4_1690326011_18-00-11.jpg
540,428,3627.3706288136864,358.173086416213,4057.329483263274,546.136217984428,cam_4_1690326011_18-00-11.jpg
540,525,2865.3184518242147,340.0340257428825,3186.9667168609662,525.3856031316353,cam_4_1690326011_18-00-11.jpg
540,538,2088.792624466119,490.6553462029556,2461.216899539042,636.5270506724103,cam_4_1690326011_18-00-11.jpg
540,563,2237.8170649810713,569.4378863467992,2729.719645542645,831.6076470804423,cam_4_1690326011_18-00-11.jpg
540,589,3484.7741043564215,417.2538315511068,4052.688580118042,773.7681499755136,cam_4_1690326011_18-00-11.jpg
540,593,2419.177134908665,422.75488819932104,2942.801413613547,836.7861851492406,cam_4_1690326011_18-00-11.jpg
540,616,1587.9210839330042,351.59704269245833,2152.821348261241,716.8730188331305,cam_4_1690326011_18-00-11.jpg
541,195,2713.6638538192224,399.55811377783925,3108.171262948283,593.2027686929964,cam_4_1690326086_18-01-26.jpg
541,321,2803.8645601273984,370.6998985912513,3148.3665964293027,561.692894803238,cam_4_1690326086_18-01-26.jpg
541,428,3647.745262760881,361.14819006467377,4054.6984254705058,528.5931671923514,cam_4_1690326086_18-01-26.jpg
541,525,2864.620806227563,340.95838720544276,3183.153684486214,524.8125474028876,cam_4_1690326086_18-01-26.jpg
541,538,2085.747930466687,490.9162894195652,2460.5900567708745,638.8249515921167,cam_4_1690326086_18-01-26.jpg
541,563,2245.799561735977,570.2955955080473,2732.5669304046223,830.809193894019,cam_4_1690326086_18-01-26.jpg
541,589,3445.3487344806736,413.93505669454896,4034.493274714622,781.5669561061411,cam_4_1690326086_18-01-26.jpg
541,593,2416.0774575457513,423.50669209714,2939.715893169726,836.4233732892301,cam_4_1690326086_18-01-26.jpg
541,616,1591.900561930141,349.847824372796,2159.561237760867,716.202011997919,cam_4_1690326086_18-01-26.jpg
542,195,2713.4524968114865,399.3448342197714,3107.976508211757,593.5540863389975,cam_4_1690326116_18-01-56.jpg
542,321,2801.281967588179,370.4990922059606,3149.0939167876654,562.1864982216616,cam_4_1690326116_18-01-56.jpg
542,525,2867.3135182508922,341.0828710198955,3185.1821167129992,525.5172001857135,cam_4_1690326116_18-01-56.jpg
542,538,2088.824500345173,489.2179157006142,2461.4713651936077,636.7923349401319,cam_4_1690326116_18-01-56.jpg
542,563,2248.0502558247545,572.196735566585,2729.6240305607835,830.4549925327602,cam_4_1690326116_18-01-56.jpg
542,589,3460.5480544532584,430.50981174836915,4076.903168751738,811.2613421945593,cam_4_1690326116_18-01-56.jpg
542,593,2415.993577221461,419.20265628050345,2943.5415844449312,835.1140801146888,cam_4_1690326116_18-01-56.jpg
542,616,1595.749970518407,352.02870184711446,2162.279820893753,717.232663697888,cam_4_1690326116_18-01-56.jpg
543,195,2730.403199670174,402.3232077711244,3112.092292059342,591.3553614133205,cam_4_1690326296_18-04-56.jpg
543,321,2805.0778422507105,376.7096441391129,3144.2034873272646,561.9655053286125,cam_4_1690326296_18-04-56.jpg
543,525,2874.7872399561143,343.6393028838299,3184.612330707083,523.0785231516638,cam_4_1690326296_18-04-56.jpg
543,538,2080.7607643735028,489.32723637885897,2441.164636902224,632.4424810740736,cam_4_1690326296_18-04-56.jpg
543,563,2254.123973802063,571.5598233910812,2732.677316759329,829.705591913065,cam_4_1690326296_18-04-56.jpg
543,589,3428.0578435634425,439.63711430482135,4057.156450133952,830.9397350072702,cam_4_1690326296_18-04-56.jpg
543,592,1859.2168291171463,512.4432192417526,2282.995425392057,725.095207724625,cam_4_1690326296_18-04-56.jpg
543,593,2421.9881567424122,421.84474336410193,2946.4202653510774,835.4043481288231,cam_4_1690326296_18-04-56.jpg
543,604,3553.032651097519,376.9670248035282,4036.353981270337,678.2856277420792,cam_4_1690326296_18-04-56.jpg
543,614,605.5683961945545,571.9244879723507,1459.9028086184906,1210.9765039155618,cam_4_1690326296_18-04-56.jpg
544,195,2739.620588767228,406.8200483703298,3111.613869181814,591.9555477374711,cam_4_1690326371_18-06-11.jpg
544,321,2807.0443959884897,380.715903370585,3142.069388439386,562.5632892724503,cam_4_1690326371_18-06-11.jpg
544,525,2881.3889932199318,343.5403032107733,3186.2663368637172,520.5666926174051,cam_4_1690326371_18-06-11.jpg
544,538,2094.005374225457,487.07855698653486,2444.704116574626,625.409165685605,cam_4_1690326371_18-06-11.jpg
544,563,2260.145953374737,572.7832149820773,2733.5568827638403,829.500015104891,cam_4_1690326371_18-06-11.jpg
544,589,3434.1836848585526,442.62141658245594,4057.738794180968,829.5030232320954,cam_4_1690326371_18-06-11.jpg
544,592,1876.7568055904173,521.3948991275903,2301.818891047755,733.053765759285,cam_4_1690326371_18-06-11.jpg
544,593,2428.9674600740323,423.8225788019846,2953.39847132054,837.3857595297645,cam_4_1690326371_18-06-11.jpg
544,604,3556.360983140152,377.5178404954854,4027.825783982311,666.0068302304426,cam_4_1690326371_18-06-11.jpg
544,614,666.2045385167155,591.5507076251397,1484.901148059733,1254.4459921631653,cam_4_1690326371_18-06-11.jpg
545,379,2580.552286258953,368.68474987350675,3067.5863097202123,619.6630153763131,cam_4_1690326461_18-07-41.jpg
545,525,2868.6526083227086,292.7566521085639,3247.331874519144,514.8355188047415,cam_4_1690326461_18-07-41.jpg
545,538,2095.609210935613,484.43938780027656,2443.8777825564534,621.3610600834381,cam_4_1690326461_18-07-41.jpg
545,551,2892.576652930086,573.9553108066696,3653.3895466842982,1040.1611107970655,cam_4_1690326461_18-07-41.jpg
545,563,2262.741682878833,572.9415249326903,2735.9738039507542,830.5457012841468,cam_4_1690326461_18-07-41.jpg
545,589,3426.8366064666743,444.6901946348721,4048.407252249685,835.1306108496206,cam_4_1690326461_18-07-41.jpg
545,592,1877.4449447348002,521.0294785931012,2306.545782451579,733.072592035062,cam_4_1690326461_18-07-41.jpg
545,593,2417.150648381922,421.17652146504986,2953.968829592342,847.2690400514249,cam_4_1690326461_18-07-41.jpg
545,604,3565.687050405812,373.02700028842906,4014.845038776657,644.5344901711346,cam_4_1690326461_18-07-41.jpg
545,624,3095.7791437289084,220.0669326443601,3303.067977415898,419.8257584647256,cam_4_1690326461_18-07-41.jpg
546,379,2530.0280948743357,368.4405168613797,3166.6758687164106,724.6459417518145,cam_4_1690326596_18-09-56.jpg
546,473,3565.343728532971,364.0449885188684,4044.913809899913,583.657681019831,cam_4_1690326596_18-09-56.jpg
546,525,2866.0646762948977,277.98485052126404,3274.589122348644,522.6641779113043,cam_4_1690326596_18-09-56.jpg
546,538,2095.939270954795,484.57287519817703,2441.4624768793915,619.8793788639738,cam_4_1690326596_18-09-56.jpg
546,563,2266.4695537587036,576.320419228114,2729.604645386939,829.7195669791488,cam_4_1690326596_18-09-56.jpg
546,589,3516.5847609539437,448.61982006651766,4030.799980926946,753.8955237557341,cam_4_1690326596_18-09-56.jpg
546,592,1876.5073903570808,520.2173789619667,2308.3691559362396,732.434499602893,cam_4_1690326596_18-09-56.jpg
546,593,2434.8328722041874,421.30397894727884,2959.5379423338227,839.8764466409918,cam_4_1690326596_18-09-56.jpg
546,604,3555.2454213457163,421.865724114017,3969.6009902960664,645.0187339863176,cam_4_1690326596_18-09-56.jpg
547,473,3599.3756090528277,355.84594594629436,4038.1451745483055,556.3320788261581,cam_4_1690326836_18-13-56.jpg
547,561,2563.905168958216,375.83647149244416,3150.8337727055423,774.6341422378209,cam_4_1690326836_18-13-56.jpg
547,563,2255.959417734987,579.3418101257394,2713.069513863775,827.97873161958,cam_4_1690326836_18-13-56.jpg
547,585,3647.339435377698,276.5896336073355,4026.810842665247,392.05452390937864,cam_4_1690326836_18-13-56.jpg
547,587,2339.112721782802,527.9910015440819,2821.425971795626,738.2323005431055,cam_4_1690326836_18-13-56.jpg
547,589,3482.6362161832403,448.2886407013458,4003.7362134821083,757.7104260465086,cam_4_1690326836_18-13-56.jpg
547,592,1872.1301850231334,522.6985693322702,2300.287009833843,733.3657909018481,cam_4_1690326836_18-13-56.jpg
547,604,3542.864210036808,442.0536933931038,3923.8371034928527,633.7942018216905,cam_4_1690326836_18-13-56.jpg
547,619,2881.9636795343727,289.87695832952437,3281.635865477127,589.9940947010059,cam_4_1690326836_18-13-56.jpg
548,473,3600.210639060556,347.9435805343752,4053.0539222397306,556.2072209546685,cam_4_1690326881_18-14-41.jpg
548,561,2569.5338920203526,372.3488079943244,3154.697818574728,773.487703734371,cam_4_1690326881_18-14-41.jpg
548,563,2253.9172221251106,579.6294251810111,2713.6467242607678,829.0557069797998,cam_4_1690326881_18-14-41.jpg
548,587,2328.421714737418,526.7617328080812,2821.612599939368,741.4068119688351,cam_4_1690326881_18-14-41.jpg
548,592,1866.7127577123383,522.070511108018,2302.0580136895187,735.6595844581788,cam_4_1690326881_18-14-41.jpg
548,604,3452.507640054302,435.8330169448822,3810.8501416234317,599.0241191545919,cam_4_1690326881_18-14-41.jpg
548,619,2883.4526517618465,278.3009247580086,3276.0433690690847,569.9721354982785,cam_4_1690326881_18-14-41.jpg
548,626,3305.0350632789778,541.8195664313195,4128.290296217525,962.8048698617092,cam_4_1690326881_18-14-41.jpg
548,627,3692.053827923556,270.7822888138313,3905.91040616191,359.0682200816037,cam_4_1690326881_18-14-41.jpg
549,473,3581.533469324955,346.4214528518486,4070.3396022410993,579.7355699535719,cam_4_1690326896_18-14-56.jpg
549,561,2565.862940359458,372.34899250750885,3147.250312153621,773.4478363561077,cam_4_1690326896_18-14-56.jpg
549,563,2251.106290736264,579.6642088282042,2712.4470326205883,829.367522695179,cam_4_1690326896_18-14-56.jpg
549,587,2314.9880690486198,526.6795385643483,2824.1571692779758,749.8228612759392,cam_4_1690326896_18-14-56.jpg
549,589,3497.800888776406,435.8962488487797,4010.8671079324026,739.8592129923462,cam_4_1690326896_18-14-56.jpg
549,592,1869.2946240334209,520.0736369995918,2306.121101420475,734.1827902217204,cam_4_1690326896_18-14-56.jpg
549,619,2882.1753343549058,276.35403021082914,3268.9954670507223,561.6502240052068,cam_4_1690326896_18-14-56.jpg
549,626,3290.8072557549967,541.260502337718,4107.787300840285,961.2068072049774,cam_4_1690326896_18-14-56.jpg
549,627,3682.7677563495968,269.0953810242451,3914.9948231627563,364.0575572671692,cam_4_1690326896_18-14-56.jpg
550,428,3614.1322841272813,346.75616110300547,4006.3798093763303,507.7533791171286,cam_4_1690326941_18-15-41.jpg
550,473,3577.578329826155,347.94056927393336,4056.733739798986,582.1925745836729,cam_4_1690326941_18-15-41.jpg
550,561,2572.2944968732013,372.5990186416918,3150.9630447700233,772.159574375494,cam_4_1690326941_18-15-41.jpg
550,563,2251.9314156834894,578.4702521596685,2715.6850580280448,829.2952073345734,cam_4_1690326941_18-15-41.jpg
550,585,3649.6177134632653,268.2864855876889,3962.8678334785204,364.83926245784954,cam_4_1690326941_18-15-41.jpg
550,587,2312.8274898997774,527.20272528015,2827.287651949229,753.9397130966391,cam_4_1690326941_18-15-41.jpg
550,589,3535.214633396436,427.89351422537845,3911.691627679551,639.9494735768029,cam_4_1690326941_18-15-41.jpg
550,592,1866.9212064931323,521.4839926663944,2304.061850843849,734.9827881391291,cam_4_1690326941_18-15-41.jpg
550,619,2886.1231914284285,273.9765372146632,3283.7826931286186,566.3673373566901,cam_4_1690326941_18-15-41.jpg
550,626,3321.269096154242,538.5442228516192,4145.142026109356,961.1801675767013,cam_4_1690326941_18-15-41.jpg
551,428,3648.061703775598,341.8511603117037,4023.475525152685,482.4136676170706,cam_4_1690326956_18-15-56.jpg
551,561,2573.1651294689063,371.4182360975936,3147.2385681270184,767.0218448240166,cam_4_1690326956_18-15-56.jpg
551,563,2255.1210592889984,580.37859881896,2715.825683427881,829.2721738925744,cam_4_1690326956_18-15-56.jpg
551,585,3673.2919383763838,269.5675580703752,3997.762207499085,366.087336227734,cam_4_1690326956_18-15-56.jpg
551,587,2326.7416868275736,529.8911192947819,2832.1117747430894,754.9313212018512,cam_4_1690326956_18-15-56.jpg
551,589,3589.6822269186796,426.15991702351175,3955.043714206806,615.4310407271923,cam_4_1690326956_18-15-56.jpg
551,592,1868.4483171279828,521.242400048231,2304.106726087758,734.2168137651515,cam_4_1690326956_18-15-56.jpg
551,619,2890.51408212429,274.78873190048574,3289.897640612806,568.5015625035696,cam_4_1690326956_18-15-56.jpg
551,626,3309.685526730198,537.0938647288931,4141.752098098579,966.0053928959734,cam_4_1690326956_18-15-56.jpg
552,428,3615.774413677606,348.8687447344247,3924.293329098291,460.1066282708147,cam_4_1690327076_18-17-56.jpg
552,561,2576.1662555546964,368.2842725906959,3157.905652129304,772.4823151458434,cam_4_1690327076_18-17-56.jpg
552,563,2259.497266017755,579.3672834908252,2718.813251625166,827.8679568898148,cam_4_1690327076_18-17-56.jpg
552,585,3544.219509470244,269.51016676270115,3993.9256167940594,411.91303390599523,cam_4_1690327076_18-17-56.jpg
552,587,2327.3568073596816,529.7049122316564,2823.2082880049816,749.4151478159077,cam_4_1690327076_18-17-56.jpg
552,589,3594.315854106003,422.31896862063877,3977.2705654375777,610.724497794301,cam_4_1690327076_18-17-56.jpg
552,592,1870.6683599454298,520.5044377883542,2309.363589598305,734.8681828566274,cam_4_1690327076_18-17-56.jpg
552,619,2891.5660452439165,273.6702652320028,3295.1567888682175,569.8467879060302,cam_4_1690327076_18-17-56.jpg
552,626,3346.9540316910147,487.14218036134514,4104.157711724436,882.1598711155477,cam_4_1690327076_18-17-56.jpg
553,561,2584.9528077380223,370.48282855723284,3164.232903001108,776.7126571787644,cam_4_1690327106_18-18-26.jpg
553,563,2259.2461007728184,579.1773939565321,2717.44832437199,826.9820138607057,cam_4_1690327106_18-18-26.jpg
553,585,3505.500614196163,268.3510156560649,3999.306339534977,433.3569150551409,cam_4_1690327106_18-18-26.jpg
553,587,2326.9658334138694,527.9230188747694,2821.133160960195,746.2097343726025,cam_4_1690327106_18-18-26.jpg
553,589,3602.170613732874,415.7647816669824,3865.9159693988927,533.3476708618844,cam_4_1690327106_18-18-26.jpg
553,592,1872.9522848378806,520.4344320702442,2309.8808658267394,733.6882989291796,cam_4_1690327106_18-18-26.jpg
553,619,2895.792334198707,273.2507919126765,3299.0845623839746,570.6100503101866,cam_4_1690327106_18-18-26.jpg
553,624,3202.6939102970664,231.3056732963734,3471.5322084454447,488.94249574167185,cam_4_1690327106_18-18-26.jpg
553,626,3361.4622085144492,467.8028725999628,4079.580663408931,845.4653021747247,cam_4_1690327106_18-18-26.jpg
554,561,2602.0842784430392,373.38421051410137,3173.97029549062,782.8817225410601,cam_4_1690327121_18-18-41.jpg
554,563,2257.8190101355913,579.5848340123428,2715.7856811332977,827.1651938705436,cam_4_1690327121_18-18-41.jpg
554,585,3511.734581743073,267.7853960608916,4029.9448666867906,451.7288196156278,cam_4_1690327121_18-18-41.jpg
554,587,2323.1351153774185,526.3951705421786,2818.8724569050796,744.0493727127813,cam_4_1690327121_18-18-41.jpg
554,592,1872.9103744070942,519.781487144717,2310.0015511257793,732.9617750006297,cam_4_1690327121_18-18-41.jpg
554,619,2897.0064770398144,277.3872189710611,3297.886402270782,573.7978718676325,cam_4_1690327121_18-18-41.jpg
554,624,3169.0499571003147,224.58961481889764,3445.6024604110266,490.6825137207369,cam_4_1690327121_18-18-41.jpg
554,626,3397.6634902497017,447.9896991508406,4131.7685229456265,833.6339083953562,cam_4_1690327121_18-18-41.jpg
555,561,2616.2865618287865,368.89245575623283,3179.135722404404,778.6832791469574,cam_4_1690327181_18-19-41.jpg
555,563,2254.999847492329,577.9222653853091,2715.088506354233,826.3808470887908,cam_4_1690327181_18-19-41.jpg
555,585,3555.956832982989,268.2788264079958,4057.126709210849,449.62620667043086,cam_4_1690327181_18-19-41.jpg
555,587,2310.6397584408346,525.6919963457042,2816.00251737006,747.460443340298,cam_4_1690327181_18-19-41.jpg
555,592,1874.4327876228228,522.6763051023613,2307.1575917149657,733.2363908098232,cam_4_1690327181_18-19-41.jpg
555,597,2092.121508367987,317.222855093392,2518.8647209878973,507.25750116614324,cam_4_1690327181_18-19-41.jpg
555,619,2906.198331584192,281.5386462399759,3300.8744479174093,575.5086823238455,cam_4_1690327181_18-19-41.jpg
555,624,3143.279174989624,222.20210297594838,3422.39520108753,489.6299763830233,cam_4_1690327181_18-19-41.jpg
555,626,3417.6288181564237,448.47506751196374,4148.248435727011,830.5846424800709,cam_4_1690327181_18-19-41.jpg
556,561,2593.931256579882,370.84821237304226,3152.6850217617243,775.8421343458933,cam_4_1690327196_18-19-56.jpg
556,563,2256.110451384492,576.7007049417059,2717.931844400359,826.112211079569,cam_4_1690327196_18-19-56.jpg
556,568,2086.945585399716,316.43288406743227,2465.5355286577856,519.3511098787142,cam_4_1690327196_18-19-56.jpg
556,585,3540.9468164042064,264.4594916046505,4033.1139996641987,449.4775838407568,cam_4_1690327196_18-19-56.jpg
556,587,2319.0787884621536,528.0756467890415,2813.6445156794284,744.1014388670893,cam_4_1690327196_18-19-56.jpg
556,592,1872.42278612416,522.4408595076426,2305.364117636314,732.7217815703416,cam_4_1690327196_18-19-56.jpg
556,619,2923.7066324148286,277.88760374684654,3316.158733315189,574.1078915670316,cam_4_1690327196_18-19-56.jpg
556,624,3125.533906402772,218.98460925196017,3407.065803405136,486.42370525705155,cam_4_1690327196_18-19-56.jpg
556,626,3410.062946719181,445.1338039679448,4142.1701784242905,827.1530168535128,cam_4_1690327196_18-19-56.jpg
557,561,2602.783314155089,369.02080045892444,3157.899989890998,772.626095572062,cam_4_1690327241_18-20-41.jpg
557,563,2255.0026394089177,576.319452482397,2718.645101006318,826.4276912572949,cam_4_1690327241_18-20-41.jpg
557,587,2321.701155950799,527.682084220061,2821.083587567984,745.5393840478432,cam_4_1690327241_18-20-41.jpg
557,592,1871.5560303624216,524.6010008635858,2296.6437517698905,730.4922788819871,cam_4_1690327241_18-20-41.jpg
557,597,2095.305098678353,310.57675218478516,2517.7923413816347,498.63756676670994,cam_4_1690327241_18-20-41.jpg
557,616,1562.5527088901988,288.1239972845524,2001.593718042597,582.6131304566591,cam_4_1690327241_18-20-41.jpg
557,619,2909.015454086275,276.88818919205744,3260.649223175063,541.2045718413142,cam_4_1690327241_18-20-41.jpg
557,626,3402.85629683316,455.4155189216129,4111.821506586515,825.5264528194541,cam_4_1690327241_18-20-41.jpg
558,195,2838.0493151379687,338.7737510916997,3209.8162155166647,523.7699255797861,cam_4_1690327256_18-20-56.jpg
558,561,2616.691799517863,373.70322046852203,3160.7465509967456,772.6223966031685,cam_4_1690327256_18-20-56.jpg
558,563,2257.1328889905985,576.3550908689336,2720.217316469641,826.0845623988434,cam_4_1690327256_18-20-56.jpg
558,587,2326.837356595952,528.1189199743068,2829.7076031950155,747.9195168536496,cam_4_1690327256_18-20-56.jpg
558,592,1875.132608932384,525.3791444110198,2296.2106825257547,728.9248656194859,cam_4_1690327256_18-20-56.jpg
558,597,2092.6121415458774,308.5960679078067,2522.150797143197,499.8417469215543,cam_4_1690327256_18-20-56.jpg
558,609,3175.870159561498,435.3261883980691,3518.1806075968216,820.5941309890394,cam_4_1690327256_18-20-56.jpg
558,616,1568.224419747627,289.04684227373656,1988.645086768174,576.9829222144601,cam_4_1690327256_18-20-56.jpg
558,626,3388.028369959928,450.39888940206606,4111.714832700477,831.6105471024994,cam_4_1690327256_18-20-56.jpg
559,195,2852.6115669664605,337.72044358955964,3215.3005053757215,519.3644799901185,cam_4_1690327376_18-22-56.jpg
559,321,2803.53722171189,376.50399652230004,3143.330574834105,557.2446744732802,cam_4_1690327376_18-22-56.jpg
559,561,2704.51174240189,394.13066425413456,3077.588049983957,651.1833585805635,cam_4_1690327376_18-22-56.jpg
559,563,2274.225160424465,581.2909058302256,2720.112846150676,822.2945229630226,cam_4_1690327376_18-22-56.jpg
559,587,2337.1222424902794,528.7836380322426,2835.984698119812,747.7927829964775,cam_4_1690327376_18-22-56.jpg
559,592,1872.7064780876656,526.5882096090049,2292.657092622094,729.087309307266,cam_4_1690327376_18-22-56.jpg
559,597,2086.089328728289,307.51974539153207,2516.597317266738,499.18124403806814,cam_4_1690327376_18-22-56.jpg
559,624,3103.074868147045,215.44255196587108,3369.418887227146,469.2921230473727,cam_4_1690327376_18-22-56.jpg
559,626,3412.4189758072466,446.7338277447699,4145.234169960984,831.3907602769095,cam_4_1690327376_18-22-56.jpg
559,633,2317.765920754696,268.9602945781345,2698.4597978677166,434.71274660404407,cam_4_1690327376_18-22-56.jpg
560,195,2861.5344346212432,335.081533105057,3223.1630269580173,518.7879374669963,cam_4_1690327406_18-23-26.jpg
560,321,2801.6890544685966,376.68309610099783,3145.7881242266526,557.4609087713549,cam_4_1690327406_18-23-26.jpg
560,561,2739.8443771487123,402.81886141730706,3043.6611279795798,602.121595798111,cam_4_1690327406_18-23-26.jpg
560,563,2281.3238076309935,583.9540007251637,2728.216350903911,826.3376287083851,cam_4_1690327406_18-23-26.jpg
560,587,2331.360126738312,530.0910292978665,2835.0576795247657,751.6273697978812,cam_4_1690327406_18-23-26.jpg
560,592,1881.1493544844484,528.1112404804207,2301.7331686805296,729.2881677829955,cam_4_1690327406_18-23-26.jpg
560,597,2089.717141243085,308.01725642348623,2522.000341761797,499.7609454336686,cam_4_1690327406_18-23-26.jpg
560,614,768.1146092394638,568.1127765908507,1569.6027239952346,1241.9966374305582,cam_4_1690327406_18-23-26.jpg
560,624,3094.479017097104,216.19931339196248,3355.229598866882,464.44860971061235,cam_4_1690327406_18-23-26.jpg
560,626,3408.940795473288,442.0783605073217,4146.061709113228,828.2262076788431,cam_4_1690327406_18-23-26.jpg
560,633,2325.32887579813,271.0119084596307,2695.627401450395,432.4067514683949,cam_4_1690327406_18-23-26.jpg
561,195,2862.8651556743544,335.27009992187436,3225.6833944507885,521.4875729903599,cam_4_1690327421_18-23-41.jpg
561,321,2800.398531819152,373.42645779153054,3153.2332558918592,558.4488077388306,cam_4_1690327421_18-23-41.jpg
561,379,2643.994215673189,455.17290434933653,3002.413494006448,655.3370130766966,cam_4_1690327421_18-23-41.jpg
561,561,2746.7088238321808,403.1407472376206,3043.0132056479374,589.4991929297822,cam_4_1690327421_18-23-41.jpg
561,563,2281.716170152288,580.587813639732,2732.014163960822,826.2213034372377,cam_4_1690327421_18-23-41.jpg
561,587,2333.4495608363577,527.7937228122432,2846.4180763629124,755.7620060984096,cam_4_1690327421_18-23-41.jpg
561,592,1875.7936698333585,520.3430409501636,2316.0756980382503,730.7116667138024,cam_4_1690327421_18-23-41.jpg
561,597,2090.930425216702,309.36892827799727,2525.02676916396,501.4569727243868,cam_4_1690327421_18-23-41.jpg
561,614,808.8786375922332,573.383891621391,1580.501914777156,1256.4963196504318,cam_4_1690327421_18-23-41.jpg
561,624,3099.1445755219193,215.78392686439852,3348.556426150551,452.7084236344705,cam_4_1690327421_18-23-41.jpg
561,626,3392.838133275186,441.46933524008386,4131.242062425387,830.8435716539657,cam_4_1690327421_18-23-41.jpg
561,633,2327.886711494509,270.4447972213021,2697.649947836704,431.8546290306859,cam_4_1690327421_18-23-41.jpg
561,637,2042.2142302746763,616.5387483256087,2662.313033742793,915.0185710276941,cam_4_1690327421_18-23-41.jpg
562,195,2859.97302363366,338.8468823859126,3223.7494818097293,526.5370932926037,cam_4_1690327436_18-23-56.jpg
562,321,2801.142776952517,375.7730770651671,3156.363065941743,560.7897359805817,cam_4_1690327436_18-23-56.jpg
562,379,2643.432596909259,456.9254768248074,2986.8252219778337,647.4844253321709,cam_4_1690327436_18-23-56.jpg
562,561,2740.0487154392363,402.01130028655297,3043.1002320055777,585.6243397741981,cam_4_1690327436_18-23-56.jpg
562,563,2288.831250368622,582.8761468032064,2735.168039097914,827.7285193689409,cam_4_1690327436_18-23-56.jpg
562,587,2346.322169426699,530.480497514878,2848.8322867163906,755.9341084686184,cam_4_1690327436_18-23-56.jpg
562,592,1875.3782487563128,516.8065448865513,2324.8213172007904,730.7711232931165,cam_4_1690327436_18-23-56.jpg
562,597,2086.8843617219386,308.8854658885681,2526.1904025247795,503.56151735799494,cam_4_1690327436_18-23-56.jpg
562,614,849.4116934429377,577.9929819396883,1582.7510878456328,1256.10289013386,cam_4_1690327436_18-23-56.jpg
562,624,3081.455973872824,215.80593118571443,3336.3421556297435,457.9825743487715,cam_4_1690327436_18-23-56.jpg
562,626,3396.7565927454143,439.7662519108537,4133.756453959818,828.690785643854,cam_4_1690327436_18-23-56.jpg
562,633,2321.7370678913403,270.13554273157376,2704.443558873374,437.83741825829173,cam_4_1690327436_18-23-56.jpg
562,637,2031.0504045327375,604.3212987027088,2677.5192423361236,916.6094056087408,cam_4_1690327436_18-23-56.jpg
562,639,2609.4524021916363,1057.9665030061665,4170.729632451625,1975.0867581509226,cam_4_1690327436_18-23-56.jpg
563,195,2862.430073913024,340.91929465741816,3214.8579639140103,522.7772481906271,cam_4_1690327511_18-25-11.jpg
563,321,2802.7991613455497,373.77406312853134,3158.3838744930626,560.2121513023335,cam_4_1690327511_18-25-11.jpg
563,379,2614.460642838987,455.3401596296073,2970.5595010940183,646.8588227198574,cam_4_1690327511_18-25-11.jpg
563,561,2738.264803413573,402.45715731750977,3052.1239367417097,586.4390232562008,cam_4_1690327511_18-25-11.jpg
563,563,2291.645043390113,585.3812126266555,2726.2502561520682,823.9719567623328,cam_4_1690327511_18-25-11.jpg
563,568,1999.9565725104808,305.3352547075842,2373.674315006527,499.2763917980368,cam_4_1690327511_18-25-11.jpg
563,587,2336.831777317837,529.0262096996947,2836.9303596093578,753.799508694939,cam_4_1690327511_18-25-11.jpg
563,592,1871.4424382144457,520.8567686397402,2310.421462512764,730.1306973371811,cam_4_1690327511_18-25-11.jpg
563,614,866.229118492837,556.4192127006584,1577.8990109808421,1222.3535196770188,cam_4_1690327511_18-25-11.jpg
563,624,3091.2626855102135,215.42916665727705,3344.4243390233346,460.24294910822255,cam_4_1690327511_18-25-11.jpg
563,626,3409.7716322367237,438.0501398266471,4155.459247994978,830.1295080412567,cam_4_1690327511_18-25-11.jpg
563,633,2309.7721116740904,271.58440307782365,2688.5996834806415,437.3547213026151,cam_4_1690327511_18-25-11.jpg
563,637,2042.3962026327736,611.3909946464644,2670.8742529566834,915.4958589428628,cam_4_1690327511_18-25-11.jpg
563,639,2787.636673985965,1016.7648021297664,4234.801871115849,1864.6770692163423,cam_4_1690327511_18-25-11.jpg
564,195,2860.3413086638498,340.9506844275614,3213.7880728730015,522.5413105905044,cam_4_1690327586_18-26-26.jpg
564,321,2800.1103341051,378.00200103459144,3152.346292497653,560.82684446372,cam_4_1690327586_18-26-26.jpg
564,379,2587.00982975937,451.1201104127403,2958.3260176511167,645.6685397176027,cam_4_1690327586_18-26-26.jpg
564,551,3418.7749735983734,440.87553589923874,4061.6309685880537,836.6290450853814,cam_4_1690327586_18-26-26.jpg
564,561,2762.8121203884057,398.19337966059555,3080.5507816334007,579.6223362700397,cam_4_1690327586_18-26-26.jpg
564,563,2294.334438478045,589.8145737690152,2724.223727217329,825.8639865087234,cam_4_1690327586_18-26-26.jpg
564,568,1986.631586018938,302.88678447393784,2379.545937336792,502.2962564723566,cam_4_1690327586_18-26-26.jpg
564,587,2333.4288728348924,528.6400860758856,2833.066998618349,752.9785297481029,cam_4_1690327586_18-26-26.jpg
564,592,1876.153566975483,521.7292332723803,2315.5903818422003,730.3606473292601,cam_4_1690327586_18-26-26.jpg
564,614,903.7611774167952,546.6530981905091,1586.6989008141377,1197.0201029026966,cam_4_1690327586_18-26-26.jpg
564,633,2314.228401315693,272.5615443461139,2676.15133409531,431.2049713390437,cam_4_1690327586_18-26-26.jpg
564,637,2056.4779125621453,620.3214879871335,2665.6003992380715,915.7947996856169,cam_4_1690327586_18-26-26.jpg
564,639,2721.748362053386,1000.3234838391111,4134.315783187676,1832.6511826761157,cam_4_1690327586_18-26-26.jpg
565,195,2864.8284641561486,340.6338100252432,3214.736649920389,520.5407397672665,cam_4_1690327721_18-28-41.jpg
565,321,2797.0032942242433,378.35114298165047,3152.2523750484647,561.6871173656498,cam_4_1690327721_18-28-41.jpg
565,379,2578.871651463567,454.90115793903834,2954.483501459107,646.1817006609414,cam_4_1690327721_18-28-41.jpg
565,538,1972.5428220341469,313.469107676876,2445.031147208821,501.15430259247813,cam_4_1690327721_18-28-41.jpg
565,551,3435.6121419329907,429.32744809890755,4082.3378739734426,812.0291280997953,cam_4_1690327721_18-28-41.jpg
565,561,2742.0512110305212,407.21464539540835,3061.375286602332,586.2544371448676,cam_4_1690327721_18-28-41.jpg
565,563,2294.1059216198514,589.8465647557593,2721.45441154966,824.0484504106181,cam_4_1690327721_18-28-41.jpg
565,587,2327.1309047368395,528.2890849282894,2829.0503072182114,753.2114702470632,cam_4_1690327721_18-28-41.jpg
565,592,1879.619996699112,525.2561233688342,2309.3086121496876,728.1389496253972,cam_4_1690327721_18-28-41.jpg
565,614,935.0951265025685,544.374360694,1594.6516098760342,1188.649962855426,cam_4_1690327721_18-28-41.jpg
565,633,2318.189179256201,276.92021996930396,2666.105964437896,429.3108031047873,cam_4_1690327721_18-28-41.jpg
565,637,2051.232954135258,619.4508097955566,2660.0857589896596,915.2994847137924,cam_4_1690327721_18-28-41.jpg
565,639,2887.2300091588468,946.7065925112645,4182.44242736113,1708.9498835097868,cam_4_1690327721_18-28-41.jpg
566,195,2859.4304574916214,343.3481557269711,3210.8103663164325,522.9728737525918,cam_4_1690327841_18-30-41.jpg
566,321,2798.0761113131375,380.10394673910304,3152.6574993321597,561.7097848749422,cam_4_1690327841_18-30-41.jpg
566,379,2612.335626594098,454.3711888104036,2982.832571315662,644.5427768920415,cam_4_1690327841_18-30-41.jpg
566,538,1977.067110786405,307.3262803633376,2455.7189085261048,498.3297067642108,cam_4_1690327841_18-30-41.jpg
566,551,3464.4440062735284,421.22488196255597,4113.785216907987,793.0712767514923,cam_4_1690327841_18-30-41.jpg
566,561,2730.360172896658,408.5843929415697,3057.906564321783,588.9318576207299,cam_4_1690327841_18-30-41.jpg
566,563,2296.8108597229384,584.8214357531162,2731.5630118847234,824.2370818914002,cam_4_1690327841_18-30-41.jpg
566,587,2355.4909175214807,536.6522760391881,2836.0486615617947,752.3091042928766,cam_4_1690327841_18-30-41.jpg
566,592,1881.2363497578117,522.4694444993738,2311.065354176945,723.8483435813708,cam_4_1690327841_18-30-41.jpg
566,614,800.1505940308518,593.0033751002783,1402.7296826730326,1186.4164314340828,cam_4_1690327841_18-30-41.jpg
566,633,2290.966123726168,270.26405333646073,2636.729042660393,422.1207418722822,cam_4_1690327841_18-30-41.jpg
566,637,2038.8723212616474,606.5599223628743,2668.954700457031,914.2976456776239,cam_4_1690327841_18-30-41.jpg
566,640,2449.8599795876407,252.4443016253436,2785.368794168669,388.39241477983387,cam_4_1690327841_18-30-41.jpg
566,641,3652.860264367288,273.6983659462496,3957.837099670226,480.5663108241375,cam_4_1690327841_18-30-41.jpg
567,195,2860.5182616779502,343.04332664441625,3216.3536926391457,524.9944116309367,cam_4_1690327946_18-32-26.jpg
567,321,2801.336265688727,382.20734931038805,3158.734194962393,564.4929908325585,cam_4_1690327946_18-32-26.jpg
567,379,2624.923231501902,451.1999510534307,2996.1081252754493,643.1486112578972,cam_4_1690327946_18-32-26.jpg
567,538,1979.8757322962554,307.8237462910209,2453.5864704267715,498.8892669871999,cam_4_1690327946_18-32-26.jpg
567,551,3487.885567610768,415.4212028041703,4138.601983546815,784.2319208358148,cam_4_1690327946_18-32-26.jpg
567,561,2720.1183680393415,406.18726186339774,3060.0056752824125,590.5644801001863,cam_4_1690327946_18-32-26.jpg
567,563,2286.497229765352,581.3293194791239,2729.0998241882216,825.5080637741003,cam_4_1690327946_18-32-26.jpg
567,587,2340.652735302326,530.5091704076112,2836.93940616901,753.4202209380943,cam_4_1690327946_18-32-26.jpg
567,592,1872.0897673344564,529.2435036839601,2284.249948993848,721.5656451495515,cam_4_1690327946_18-32-26.jpg
567,637,2040.562804669668,607.3193552231498,2667.8776007512242,914.6930607048648,cam_4_1690327946_18-32-26.jpg
567,641,3648.209668903959,274.57387732246855,3999.871700594743,512.9804854071862,cam_4_1690327946_18-32-26.jpg
568,195,2854.1118372043693,339.09972884791483,3220.33909119721,527.0685438054398,cam_4_1690328081_18-34-41.jpg
568,321,2810.648600606273,379.5124295023041,3169.765415125948,562.7795553673869,cam_4_1690328081_18-34-41.jpg
568,379,2602.8014407894398,447.26837319079664,2955.064355157232,625.0066402320574,cam_4_1690328081_18-34-41.jpg
568,525,2848.1281707377957,191.01387105306372,3142.6371000031127,362.5601265434166,cam_4_1690328081_18-34-41.jpg
568,538,2037.9252485562345,307.47635161173713,2458.979897136568,473.82175430503065,cam_4_1690328081_18-34-41.jpg
568,561,2722.6472641834907,404.7337745952268,3058.766140032819,584.9459408863881,cam_4_1690328081_18-34-41.jpg
568,563,2281.1524157280533,581.1442138266901,2710.1101158726133,818.300475531681,cam_4_1690328081_18-34-41.jpg
568,587,2330.4927423148592,524.6534867327479,2816.090947846754,744.2467962507393,cam_4_1690328081_18-34-41.jpg
568,592,1763.9355605416436,549.2788417315403,2166.8465657720617,739.4679287268589,cam_4_1690328081_18-34-41.jpg
568,637,2065.1387794862862,617.7175501515167,2628.8036332770826,892.051807548093,cam_4_1690328081_18-34-41.jpg
568,642,2331.100556886916,258.6987755407489,2749.1905255790048,435.26244684806426,cam_4_1690328081_18-34-41.jpg
569,195,2859.8578153237686,343.67661905235576,3215.0905068029942,525.7194314483274,cam_4_1690328141_18-35-41.jpg
569,321,2808.6698059414057,384.7667677738273,3159.2479990208303,562.9523102102514,cam_4_1690328141_18-35-41.jpg
569,379,2578.525749562033,443.8813271689403,2968.0144624878426,638.7421806162711,cam_4_1690328141_18-35-41.jpg
569,525,2840.368294299338,196.93738798641942,3110.2798563011143,354.09108237974766,cam_4_1690328141_18-35-41.jpg
569,561,2713.6284336180593,408.4504152083009,3059.3228074998997,591.9268929138867,cam_4_1690328141_18-35-41.jpg
569,563,2281.425396267521,582.812048844903,2714.4878152679753,821.6859578429787,cam_4_1690328141_18-35-41.jpg
569,587,2329.5613812294705,522.2000660962112,2831.329434484386,750.0683696397157,cam_4_1690328141_18-35-41.jpg
569,592,1732.6756623346034,554.2480740699586,2123.4216378400874,740.4781316663334,cam_4_1690328141_18-35-41.jpg
569,597,1984.892762144271,341.483605072797,2457.628045160048,551.2308946172391,cam_4_1690328141_18-35-41.jpg
569,637,2063.3801703235313,626.8784801844141,2634.712146444425,904.1181304719846,cam_4_1690328141_18-35-41.jpg
569,642,2337.5259072754475,259.09225697483106,2738.351451053329,428.93117022332996,cam_4_1690328141_18-35-41.jpg
570,195,2850.948427975799,343.5565537326953,3221.070213301813,534.1186440749348,cam_4_1690328216_18-36-56.jpg
570,321,2812.178225756811,380.5040973425872,3169.6194648556834,563.8247360622368,cam_4_1690328216_18-36-56.jpg
570,379,2579.758802133957,437.6279880297045,2953.6325868352246,621.3525072395864,cam_4_1690328216_18-36-56.jpg
570,525,2861.8537338341985,199.81366958545757,3180.7636838177054,385.2883764303265,cam_4_1690328216_18-36-56.jpg
570,561,2727.7044978844365,409.80175928039705,3066.035786834635,587.6230281153449,cam_4_1690328216_18-36-56.jpg
570,563,2254.746158001304,573.9796373237017,2688.124582040759,814.4349957007021,cam_4_1690328216_18-36-56.jpg
570,568,1960.3716369853603,328.17003665215816,2365.312908169891,539.292456676163,cam_4_1690328216_18-36-56.jpg
570,587,2334.3891787180087,516.8924898264762,2793.723617889972,725.6178568290717,cam_4_1690328216_18-36-56.jpg
570,592,1720.6450212850689,558.3261369809462,2113.7239759714394,746.6574410228145,cam_4_1690328216_18-36-56.jpg
570,593,2654.6328675984605,558.961186261454,3288.173271627298,1032.9147991002828,cam_4_1690328216_18-36-56.jpg
570,614,769.9002550161567,604.4307534204111,1357.6720149434145,1204.872880776098,cam_4_1690328216_18-36-56.jpg
570,637,2037.4089708128195,616.3944907246189,2634.2314575728687,907.1838925381953,cam_4_1690328216_18-36-56.jpg
570,642,2251.2333416935517,274.1062819098783,2692.748037380346,463.94100410790446,cam_4_1690328216_18-36-56.jpg
570,647,2985.4364041814156,1020.1722341730199,3921.4331957177296,2112.6265669240156,cam_4_1690328216_18-36-56.jpg
571,195,2853.0756028187493,345.44625735742136,3215.1023758807587,531.4398519869181,cam_4_1690328231_18-37-11.jpg
571,321,2815.186918495814,383.74812824826563,3164.021175927043,562.7103733082481,cam_4_1690328231_18-37-11.jpg
571,379,2578.3218564200215,439.57782788101395,2947.0942047871945,618.7156108151996,cam_4_1690328231_18-37-11.jpg
571,525,2843.586593738421,196.58109039400998,3140.5695221953174,373.57879350008864,cam_4_1690328231_18-37-11.jpg
571,561,2723.3958310919743,411.98433338410973,3055.885140255994,584.075860417305,cam_4_1690328231_18-37-11.jpg
571,563,2266.9759313590016,575.8282252239306,2700.5885118421616,817.1927960941414,cam_4_1690328231_18-37-11.jpg
571,587,2337.4030408079766,517.7899638165086,2782.8698063941747,719.7252444844715,cam_4_1690328231_18-37-11.jpg
571,592,1716.461458725892,559.0263934564992,2111.7635746939723,749.3238343385847,cam_4_1690328231_18-37-11.jpg
571,593,2649.532713923822,564.6916836466968,3293.417997854834,1043.7504655883886,cam_4_1690328231_18-37-11.jpg
571,614,785.8488908450195,605.8944913067537,1331.449181141175,1176.3578953378274,cam_4_1690328231_18-37-11.jpg
571,616,1773.452812593759,346.19484175009273,2076.4725527389674,554.0803537533552,cam_4_1690328231_18-37-11.jpg
571,637,2033.3553050650853,611.4916915658775,2646.4643161284303,911.3539968326087,cam_4_1690328231_18-37-11.jpg
571,642,2230.2164878816207,281.2392198941672,2671.4079439446273,473.73376812307004,cam_4_1690328231_18-37-11.jpg
571,647,3098.2905267354745,902.8212355012298,3854.624016562398,1789.8218378888573,cam_4_1690328231_18-37-11.jpg
572,195,2853.885238628643,345.124462488326,3213.870412710262,529.8724280860063,cam_4_1690328246_18-37-26.jpg
572,321,2807.448374009564,386.8057367915812,3152.2979074751406,562.4713222442555,cam_4_1690328246_18-37-26.jpg
572,379,2571.3958127028177,437.77835935392716,2974.4855076584995,633.554701290589,cam_4_1690328246_18-37-26.jpg
572,525,2845.171516328359,198.00674155768618,3128.4575887630253,367.58335235238803,cam_4_1690328246_18-37-26.jpg
572,561,2709.6766998058124,407.6414620240809,3065.5775823345184,591.1595698994911,cam_4_1690328246_18-37-26.jpg
572,563,2260.7934160016684,563.8073248308358,2723.5253387695584,822.7950085294176,cam_4_1690328246_18-37-26.jpg
572,587,2337.8410812271636,517.7408890261402,2819.0223548766553,736.7967624376846,cam_4_1690328246_18-37-26.jpg
572,592,1716.353800684566,559.2272086787558,2109.8449502362932,749.6907417775367,cam_4_1690328246_18-37-26.jpg
572,614,762.140527101378,611.0781287748326,1337.4187829323764,1233.4618642759078,cam_4_1690328246_18-37-26.jpg
572,637,2038.1742914665115,611.0195719272731,2650.863686306511,912.084512537187,cam_4_1690328246_18-37-26.jpg
572,639,3260.794721655121,588.925294453012,4044.5902306531298,1051.5058535991966,cam_4_1690328246_18-37-26.jpg
572,642,2296.170439327264,347.3966868990698,2668.365292942962,510.4701116433624,cam_4_1690328246_18-37-26.jpg
572,647,3211.853105423902,917.8482188380784,3898.6718751977323,1714.5099936945162,cam_4_1690328246_18-37-26.jpg
573,195,2852.9286968359866,342.2992184705406,3214.5588628226033,528.4904067996823,cam_4_1690328321_18-38-41.jpg
573,321,2812.492147716462,389.13453821390243,3154.3059361932983,562.4684449516844,cam_4_1690328321_18-38-41.jpg
573,379,2564.6432637972716,441.58978594803534,2973.1592974828714,637.9671030836003,cam_4_1690328321_18-38-41.jpg
573,525,2795.4350786637533,195.6234630805244,3047.0204866102686,351.52565606109897,cam_4_1690328321_18-38-41.jpg
573,561,2704.105560555052,410.4948625973819,3061.6121645166895,592.6547256750009,cam_4_1690328321_18-38-41.jpg
573,563,2273.486787990251,574.9280042242262,2719.286315113644,824.2860508009499,cam_4_1690328321_18-38-41.jpg
573,587,2341.677340471568,520.6536210673223,2827.2385201126467,742.2845403848067,cam_4_1690328321_18-38-41.jpg
573,592,1718.5729821969599,562.9834682525544,2107.701021197141,752.7450676645476,cam_4_1690328321_18-38-41.jpg
573,637,2055.135999994261,615.7778036822154,2659.6528833929497,914.3939598336736,cam_4_1690328321_18-38-41.jpg
573,639,3269.855751035494,578.4473373711326,4041.633868740081,1034.1942998060126,cam_4_1690328321_18-38-41.jpg
573,642,2335.597997726906,379.24921264168336,2682.128039008884,531.0572040960716,cam_4_1690328321_18-38-41.jpg
573,647,3224.279250591055,914.2820894281963,3864.6447906224926,1638.6717944789948,cam_4_1690328321_18-38-41.jpg
574,195,2860.258352013449,341.9822020432657,3215.5570180510203,525.3783925092218,cam_4_1690328441_18-40-41.jpg
574,379,2550.281250683416,377.1890967335351,3066.06882851076,629.0306240053064,cam_4_1690328441_18-40-41.jpg
574,551,3563.4434578333585,330.5412343369061,4074.5704770070497,627.9681990723755,cam_4_1690328441_18-40-41.jpg
574,563,2264.323683420891,563.3568161634146,2731.6998176250963,825.4873401887173,cam_4_1690328441_18-40-41.jpg
574,587,2332.4904340419052,519.5372947937085,2833.467910548088,748.3007954705733,cam_4_1690328441_18-40-41.jpg
574,592,1715.4957691657512,562.8364184547842,2094.5975945712166,748.8486321161455,cam_4_1690328441_18-40-41.jpg
574,637,2051.5604821195443,614.9019317866487,2659.8813241533007,916.787057422768,cam_4_1690328441_18-40-41.jpg
574,639,3364.5866941021345,564.706971731508,4067.273304345035,957.697928601013,cam_4_1690328441_18-40-41.jpg
574,642,2339.262304135939,383.9987938842549,2686.6359685660186,536.9762488226645,cam_4_1690328441_18-40-41.jpg
574,647,3199.763652281094,841.5637540141734,3826.5767196483507,1523.916418728998,cam_4_1690328441_18-40-41.jpg
575,379,2542.424202068177,347.40650518575865,3105.6015597739556,628.4621810980068,cam_4_1690328546_18-42-26.jpg
575,551,3573.862714059957,337.2614886487971,4058.6325622441364,622.0185995002012,cam_4_1690328546_18-42-26.jpg
575,563,2260.2770899585216,556.2088001310875,2738.3437236989002,826.1175553059356,cam_4_1690328546_18-42-26.jpg
575,587,2331.3154455319004,519.1359196181074,2837.804980508687,750.8669266665162,cam_4_1690328546_18-42-26.jpg
575,592,1718.8031403304615,561.739901239922,2089.599212383742,744.3984138813144,cam_4_1690328546_18-42-26.jpg
575,637,2049.871725879057,611.7975042059811,2657.7293877093794,915.4536669643879,cam_4_1690328546_18-42-26.jpg
575,639,3375.3408251394276,569.093866047774,4022.1927322733413,913.1712771497394,cam_4_1690328546_18-42-26.jpg
575,642,2341.137027740212,383.6468784902905,2692.376382741243,539.3938730307079,cam_4_1690328546_18-42-26.jpg
575,647,3161.1991655902543,890.8296922743343,3834.197968237707,1596.584483721405,cam_4_1690328546_18-42-26.jpg
576,551,3570.3510948234207,339.5546729827015,4063.6632634903735,632.778222867604,cam_4_1690328591_18-43-11.jpg
576,563,2259.900658199558,557.4389690260148,2737.2410784933227,828.081069812786,cam_4_1690328591_18-43-11.jpg
576,587,2327.251763071216,518.733197269765,2837.1363885064293,752.3818511332894,cam_4_1690328591_18-43-11.jpg
576,592,1718.6037815597176,561.2131323277413,2087.2369260371893,743.5473879472802,cam_4_1690328591_18-43-11.jpg
576,619,2667.201266102109,344.25878009298725,3100.3589431519695,671.170855003051,cam_4_1690328591_18-43-11.jpg
576,626,3214.5043031502933,579.2888360818499,4110.641825347189,1059.0789433129191,cam_4_1690328591_18-43-11.jpg
576,637,2053.812749321563,613.3459984428599,2659.407572661621,917.6640569628582,cam_4_1690328591_18-43-11.jpg
576,642,2355.7508396393982,387.81886504667375,2692.8554509553564,536.3800383152036,cam_4_1690328591_18-43-11.jpg
576,647,3220.8320954855208,907.0717973576302,3824.6182429089854,1489.183848926386,cam_4_1690328591_18-43-11.jpg
576,657,2781.340788845093,1119.2920404357164,3969.370803429263,2249.6972324376566,cam_4_1690328591_18-43-11.jpg
577,195,2854.5364135890736,340.67265766792633,3211.6602870367915,524.2740427480035,cam_4_1690328681_18-44-41.jpg
577,321,2798.784297367887,388.32947538238795,3143.1745892537006,560.3198879062381,cam_4_1690328681_18-44-41.jpg
577,551,3575.67273166179,342.7389205746123,4072.614854823562,633.835314555977,cam_4_1690328681_18-44-41.jpg
577,561,2727.407716613318,387.42134459728993,3112.1896550923548,585.3681000360053,cam_4_1690328681_18-44-41.jpg
577,563,2259.6630802805093,554.5122992531942,2740.4230337517774,828.67547024953,cam_4_1690328681_18-44-41.jpg
577,587,2332.7813026482945,521.2200436788995,2837.9500317525253,752.731459065504,cam_4_1690328681_18-44-41.jpg
577,592,1719.4211087023903,561.8878680740743,2087.7836827423225,744.649019839977,cam_4_1690328681_18-44-41.jpg
577,619,2680.9769623140305,393.22699283297703,3055.640490933844,638.3411697192619,cam_4_1690328681_18-44-41.jpg
577,624,3076.6190231784303,223.66491940919028,3276.2015523586147,429.3718057187227,cam_4_1690328681_18-44-41.jpg
577,626,3215.136653601103,582.6027470972563,4114.802264302902,1076.8323374964154,cam_4_1690328681_18-44-41.jpg
577,637,2054.1986070652397,612.7917823417619,2653.7895845582943,915.5161651875533,cam_4_1690328681_18-44-41.jpg
577,642,2355.778405101654,387.33551495981146,2696.038389223183,537.2687355867928,cam_4_1690328681_18-44-41.jpg
577,647,3166.639624684584,913.8843177619992,3909.4422802491645,1607.414114848801,cam_4_1690328681_18-44-41.jpg
577,657,2782.896630628845,1136.4939898783214,3971.374643613836,2262.0495741600407,cam_4_1690328681_18-44-41.jpg
577,658,3030.8628073428745,773.6324980152282,3836.570712238703,1034.948032278257,cam_4_1690328681_18-44-41.jpg
578,195,2850.258750603507,339.1815183697071,3208.840041501479,522.3884714398403,cam_4_1690328696_18-44-56.jpg
578,321,2796.337899803641,386.7220998318643,3144.8051668215408,558.9020108669513,cam_4_1690328696_18-44-56.jpg
578,551,3556.6311796482482,343.391835395277,4044.1002178058848,631.6688080453589,cam_4_1690328696_18-44-56.jpg
578,563,2258.43786475676,554.5642468964077,2735.6141344732596,827.3975898895814,cam_4_1690328696_18-44-56.jpg
578,587,2337.364113594761,519.7696913734532,2841.040659840781,751.0441028320319,cam_4_1690328696_18-44-56.jpg
578,592,1719.6192946382203,562.3207505841016,2086.337027886524,744.8193112395717,cam_4_1690328696_18-44-56.jpg
578,619,2718.3275247282613,419.26603357671024,3041.1981358696157,616.6478461751974,cam_4_1690328696_18-44-56.jpg
578,624,3079.2620577946004,223.71720689110438,3268.6226961131447,428.1067646021188,cam_4_1690328696_18-44-56.jpg
578,626,3294.081537918587,582.4801710583863,4060.2949158016063,972.8071577031645,cam_4_1690328696_18-44-56.jpg
578,637,2054.8367421422226,614.1459452448785,2647.085996197408,913.7439620581239,cam_4_1690328696_18-44-56.jpg
578,642,2364.443030797341,385.1394154689807,2710.9687279949203,536.6586594576373,cam_4_1690328696_18-44-56.jpg
578,647,3164.6133841456895,915.2008774107504,3947.1995545874465,1620.9975177266188,cam_4_1690328696_18-44-56.jpg
578,657,2755.7622584242727,1131.3539703018112,3931.103986203463,2238.1613133703777,cam_4_1690328696_18-44-56.jpg
578,658,3032.009248824245,769.9486068500441,3853.44810997709,1037.5039827226633,cam_4_1690328696_18-44-56.jpg
579,195,2854.458530357916,338.98928728403075,3211.499840711487,521.3822246293605,cam_4_1690328756_18-45-56.jpg
579,321,2783.3927086276435,379.7751356753737,3149.436564636477,559.7324877240278,cam_4_1690328756_18-45-56.jpg
579,473,3257.873316018072,577.3213365597319,3903.4171851792976,902.7680911461615,cam_4_1690328756_18-45-56.jpg
579,551,3538.9838983552454,342.1539773445837,4034.7686514913257,640.3643510378989,cam_4_1690328756_18-45-56.jpg
579,563,2260.195458889804,549.9078980189838,2742.516400170377,827.6662696214886,cam_4_1690328756_18-45-56.jpg
579,587,2331.5403345435952,519.9050008152333,2839.8172866090254,753.254065221039,cam_4_1690328756_18-45-56.jpg
579,592,1718.6902762659697,561.6504051451907,2085.9401122011695,745.0884792774843,cam_4_1690328756_18-45-56.jpg
579,619,2721.3328483950386,426.0109643719013,3037.728243727401,610.4864892704779,cam_4_1690328756_18-45-56.jpg
579,626,3239.9621503559174,576.7097454308553,4135.849723074163,1041.6026895806299,cam_4_1690328756_18-45-56.jpg
579,637,2050.321772725063,608.1315036333685,2653.493675267354,915.2378201102896,cam_4_1690328756_18-45-56.jpg
579,642,2362.592781687648,386.74911616820935,2714.023200948378,539.6794293751983,cam_4_1690328756_18-45-56.jpg
579,647,3164.3923288730775,902.2443591409494,3947.4455310311655,1576.085129384106,cam_4_1690328756_18-45-56.jpg
579,657,2930.200570230148,1115.5207984030244,3939.051512900649,2043.6193374047643,cam_4_1690328756_18-45-56.jpg
579,658,3046.747075725607,763.4107602490276,3862.0099473104606,1030.3783128570685,cam_4_1690328756_18-45-56.jpg
580,195,2858.0666852514933,340.73067996163144,3211.0650645068295,520.5526917750765,cam_4_1690328861_18-47-41.jpg
580,321,2790.3178360436727,382.12750501572134,3151.585044962627,558.6623992436507,cam_4_1690328861_18-47-41.jpg
580,473,3146.047243791498,568.877958004356,3829.7069144413977,934.5452043158789,cam_4_1690328861_18-47-41.jpg
580,551,3549.8765647617033,345.47637637486775,4050.948816247067,647.4828252325849,cam_4_1690328861_18-47-41.jpg
580,561,2716.3126622148657,415.81001137838655,3076.7129274397726,599.7836075174175,cam_4_1690328861_18-47-41.jpg
580,563,2256.3812914692926,548.1920511618624,2740.833315170306,828.6132303344973,cam_4_1690328861_18-47-41.jpg
580,587,2317.564635043667,513.8983418352152,2847.940001560819,758.4219133654562,cam_4_1690328861_18-47-41.jpg
580,592,1719.2721554479294,560.9818175947357,2085.3438723513405,744.403371489011,cam_4_1690328861_18-47-41.jpg
580,609,3230.105565813922,753.1163325277125,3671.1981217885277,1196.63685960408,cam_4_1690328861_18-47-41.jpg
580,626,3247.6927021362458,632.500006568726,4124.188451487339,1091.1743528185327,cam_4_1690328861_18-47-41.jpg
580,637,2052.6001349876624,609.4404394358014,2654.200994698075,916.9719220208564,cam_4_1690328861_18-47-41.jpg
580,642,2361.45048650103,386.64611890914546,2717.7317934120456,540.9419627326424,cam_4_1690328861_18-47-41.jpg
580,657,2910.342693450233,1085.2267800180616,3950.6654818409884,2029.8547217520668,cam_4_1690328861_18-47-41.jpg
581,195,2878.7858054627377,298.37212710367214,3199.845226973734,458.23405655441854,cam_4_1690328966_18-49-26.jpg
581,473,3238.690344102581,560.377493824706,4010.7757762850742,980.224375414855,cam_4_1690328966_18-49-26.jpg
581,551,3562.608643402842,349.45412734268893,4049.2140196865716,641.5022360171478,cam_4_1690328966_18-49-26.jpg
581,561,2613.2771652052224,361.1916269842699,3184.207485729775,663.4936121469505,cam_4_1690328966_18-49-26.jpg
581,563,2258.95628591743,548.9856034254423,2737.633059771955,827.5653021234702,cam_4_1690328966_18-49-26.jpg
581,587,2323.5904726916647,516.1773563741158,2844.0852935743746,757.1973799139394,cam_4_1690328966_18-49-26.jpg
581,592,1722.1059630147768,562.7506443967504,2094.716317542788,749.679608794365,cam_4_1690328966_18-49-26.jpg
581,626,3164.7457287969073,659.2733450856017,4119.699301301776,1165.8428463654004,cam_4_1690328966_18-49-26.jpg
581,637,2053.1758612802714,605.5799361330899,2660.5700391541877,918.1215861396621,cam_4_1690328966_18-49-26.jpg
581,642,2349.9469302988637,382.78413736575646,2708.657377120085,539.3173709432758,cam_4_1690328966_18-49-26.jpg
581,657,2936.967410110304,1071.4761251161851,4001.0427839839085,2021.635885061647,cam_4_1690328966_18-49-26.jpg
581,660,3664.4467920278926,271.07621956798494,3936.3863738834502,362.1961472831883,cam_4_1690328966_18-49-26.jpg
582,195,2791.5011047765047,281.49088798123927,3242.011923277532,510.9994201509825,cam_4_1690329071_18-51-11.jpg
582,379,2688.059814230134,394.06235685262607,3089.2137659770406,593.7081584435164,cam_4_1690329071_18-51-11.jpg
582,473,3245.376905805656,572.4897361197226,4086.746359751178,1045.476500993554,cam_4_1690329071_18-51-11.jpg
582,551,3563.5302095247375,352.91822735622776,4045.622096008489,640.6020306481755,cam_4_1690329071_18-51-11.jpg
582,561,2600.3975092674623,402.36443628109225,3094.448075978356,660.1849627442859,cam_4_1690329071_18-51-11.jpg
582,585,3319.722327090792,555.7116338172546,3856.2867166035535,754.8399809850935,cam_4_1690329071_18-51-11.jpg
582,587,2220.9656972495277,480.55167861946995,2991.050189165791,854.6199231240669,cam_4_1690329071_18-51-11.jpg
582,592,1721.1289256227615,565.4275759056483,2098.373373827143,755.1529404298614,cam_4_1690329071_18-51-11.jpg
582,626,3155.41548548028,663.0849249356636,3952.887935714507,1089.3104905100727,cam_4_1690329071_18-51-11.jpg
582,637,2062.130252335267,607.659362490538,2660.0942237111312,917.5069450625348,cam_4_1690329071_18-51-11.jpg
582,642,2358.926402673735,378.83755296161644,2692.0846326803758,523.0316677758034,cam_4_1690329071_18-51-11.jpg
582,657,3127.567785427198,968.7964783124645,4013.3962819466697,1719.7624755067995,cam_4_1690329071_18-51-11.jpg
582,660,3669.353908536169,273.49184251926454,3940.7380907611996,364.42983388888115,cam_4_1690329071_18-51-11.jpg
583,195,2769.9369466283183,277.86066905218604,3254.2002740794314,530.0073780706869,cam_4_1690329101_18-51-41.jpg
583,379,2699.156047592287,403.5939504717106,3079.1131361163393,591.7991517794263,cam_4_1690329101_18-51-41.jpg
583,473,3261.519419719584,568.1953310550771,4123.131896060216,1064.00993297359,cam_4_1690329101_18-51-41.jpg
583,551,3556.119036803712,350.5519540155932,4049.6560514392545,646.5101775571517,cam_4_1690329101_18-51-41.jpg
583,561,2598.522012331059,426.75939258347853,3043.8744797801346,656.6187966804716,cam_4_1690329101_18-51-41.jpg
583,585,3332.633924311964,562.7147150856983,3862.2953705837535,759.19040943248,cam_4_1690329101_18-51-41.jpg
583,587,2203.8399318217903,466.54390582441096,3028.7984687435023,887.2879169462703,cam_4_1690329101_18-51-41.jpg
583,592,1719.8941385668638,567.4409392195129,2098.858407687122,758.5303935979823,cam_4_1690329101_18-51-41.jpg
583,626,3109.3690218610413,649.297882994405,4105.390104388278,1194.4741120916215,cam_4_1690329101_18-51-41.jpg
583,637,2066.2237889085854,607.3264838203285,2660.716309798574,917.3354353400566,cam_4_1690329101_18-51-41.jpg
583,642,2356.6114177423087,379.13563488202703,2685.6327825995313,520.6580953923162,cam_4_1690329101_18-51-41.jpg
583,657,3097.5794369775463,914.0325980367222,4010.1527226833823,1677.583495774148,cam_4_1690329101_18-51-41.jpg
583,660,3657.81666125084,274.15586359697903,3932.899735623935,366.1667137084633,cam_4_1690329101_18-51-41.jpg
584,195,2760.012671136004,271.6529291195484,3247.3205727181107,531.6679214009945,cam_4_1690329146_18-52-26.jpg
584,379,2697.8999781441726,401.6836322230183,3078.3527779042915,590.3006872350231,cam_4_1690329146_18-52-26.jpg
584,473,3304.9592174648787,569.3442745735679,4105.755484237985,1024.105731901843,cam_4_1690329146_18-52-26.jpg
584,551,3580.434864405848,351.78214531619415,4074.183124453707,642.1012142929656,cam_4_1690329146_18-52-26.jpg
584,561,2591.857796039232,435.17078054323986,3019.704132510367,653.1447706575467,cam_4_1690329146_18-52-26.jpg
584,585,3326.867856710626,562.9791885187581,3847.989750412724,751.8784468191891,cam_4_1690329146_18-52-26.jpg
584,587,2211.977356534342,461.40710425279417,3034.096055524502,901.2929249443725,cam_4_1690329146_18-52-26.jpg
584,592,1720.3459138624519,566.193029986818,2097.4874000576574,756.7528294231848,cam_4_1690329146_18-52-26.jpg
584,626,3136.2047995097078,650.8252600409346,3960.574755552606,1105.7431864896666,cam_4_1690329146_18-52-26.jpg
584,637,2071.6964228441525,610.4600312790457,2659.9363460000377,918.6424023797983,cam_4_1690329146_18-52-26.jpg
584,642,2356.7786506495886,377.04111755629276,2686.179108004306,518.1139137794434,cam_4_1690329146_18-52-26.jpg
584,657,3157.3880549427404,887.4261888985476,4028.5870719176637,1584.5423040255337,cam_4_1690329146_18-52-26.jpg
584,660,3659.057438224101,274.40671709806094,3931.6034727951665,365.3417172111167,cam_4_1690329146_18-52-26.jpg
585,379,2703.6934138333713,404.0409539761535,3081.7499809624974,592.0162033220238,cam_4_1690329266_18-54-26.jpg
585,473,3345.936649041404,572.6412410533183,4110.944580371515,998.048977975763,cam_4_1690329266_18-54-26.jpg
585,551,3570.133193908604,356.5756716906684,4064.039519321075,645.0009103206712,cam_4_1690329266_18-54-26.jpg
585,561,2587.4928055884984,437.3297794116046,3010.6605693237743,649.8578777683882,cam_4_1690329266_18-54-26.jpg
585,585,3316.530620534646,561.983182842878,3858.341679316838,758.5877386636248,cam_4_1690329266_18-54-26.jpg
585,587,2235.262314589704,471.63031360669595,3016.7773865297313,907.6289542560105,cam_4_1690329266_18-54-26.jpg
585,592,1717.5068609019397,566.0941491927445,2092.4338878330627,756.2590844925077,cam_4_1690329266_18-54-26.jpg
585,593,2852.01625203918,295.65686994859834,3274.1979786035686,612.0088917234452,cam_4_1690329266_18-54-26.jpg
585,626,3184.595547232882,646.2501153621288,3863.8816419101277,1018.211109833032,cam_4_1690329266_18-54-26.jpg
585,637,2068.6382285701843,616.7182419485249,2649.1259207211046,920.8793491201376,cam_4_1690329266_18-54-26.jpg
585,642,2354.602145002121,376.36144845653456,2690.2114185838027,519.2689307864831,cam_4_1690329266_18-54-26.jpg
585,647,3261.348410488713,648.6124987132957,3993.714995942038,1262.0797868583,cam_4_1690329266_18-54-26.jpg
585,657,3165.4790035716583,872.1768197027152,3964.2862207545554,1496.3124039262998,cam_4_1690329266_18-54-26.jpg
585,660,3668.459329027459,282.40037389139246,3927.331266033997,368.7307816121999,cam_4_1690329266_18-54-26.jpg
586,321,2837.241096926221,346.8106299474898,3205.5125174462196,525.4140093231917,cam_4_1690329356_18-55-56.jpg
586,379,2704.7457080194063,402.229145174062,3082.104215708931,590.3304110047845,cam_4_1690329356_18-55-56.jpg
586,473,3346.0382688572777,578.4264956491401,4081.226953149623,970.2628281066569,cam_4_1690329356_18-55-56.jpg
586,551,3553.791735298202,357.513656008627,4051.4288752684643,646.8093097300948,cam_4_1690329356_18-55-56.jpg
586,561,2590.051685565174,435.29132022342446,3007.7440645403144,642.2210972768457,cam_4_1690329356_18-55-56.jpg
586,585,3307.526064943102,567.5552747713045,3833.718377385962,754.2090760220558,cam_4_1690329356_18-55-56.jpg
586,587,2261.298778358982,476.0550748739339,3019.79574765526,911.769690562501,cam_4_1690329356_18-55-56.jpg
586,592,1718.4587987001562,564.6996572248645,2090.849444698123,753.8766713670728,cam_4_1690329356_18-55-56.jpg
586,624,3077.039369856095,215.3373405103738,3257.908534042644,420.5774631565797,cam_4_1690329356_18-55-56.jpg
586,626,3248.887093954127,648.9720339902866,3793.438727781101,936.7614430788778,cam_4_1690329356_18-55-56.jpg
586,637,2068.154889708083,619.3515600664966,2646.105270121483,921.8737320186266,cam_4_1690329356_18-55-56.jpg
586,642,2361.2148019776128,377.39774934660585,2697.9808034644107,519.9833332586317,cam_4_1690329356_18-55-56.jpg
586,657,3205.9499751241347,827.7001079642313,3969.5094834900488,1400.934106210546,cam_4_1690329356_18-55-56.jpg
586,660,3669.733846187597,284.34486510951893,3929.898137045986,371.3055341700587,cam_4_1690329356_18-55-56.jpg
587,321,2841.5508057946276,343.5658758813813,3209.3347881546965,520.4227917658641,cam_4_1690329371_18-56-11.jpg
587,379,2707.3929138852595,401.2903013128276,3086.410174161898,591.0567265785237,cam_4_1690329371_18-56-11.jpg
587,473,3342.300281164571,576.0569635154993,4097.095029964421,967.6040304013495,cam_4_1690329371_18-56-11.jpg
587,551,3536.9877665367603,358.75297615464126,4033.664685139672,649.0337578516769,cam_4_1690329371_18-56-11.jpg
587,561,2586.5641107269835,434.7096327905873,3008.1168681099566,641.024522932718,cam_4_1690329371_18-56-11.jpg
587,587,2297.7053113817337,475.6473227695448,3038.707714105091,916.8814478249069,cam_4_1690329371_18-56-11.jpg
587,592,1717.0816436364864,564.7004118865445,2092.0823944859785,755.6026443880301,cam_4_1690329371_18-56-11.jpg
587,624,3082.2450499740053,214.42847263241322,3256.4689756279545,420.15745658123103,cam_4_1690329371_18-56-11.jpg
587,626,3277.9457188888764,647.118854272648,3766.470874467071,895.300721492855,cam_4_1690329371_18-56-11.jpg
587,637,2066.4527337654777,617.7841963609059,2648.3871421433214,922.3342165188349,cam_4_1690329371_18-56-11.jpg
587,642,2358.020208584746,377.49205405642005,2695.883284947955,520.3251456310886,cam_4_1690329371_18-56-11.jpg
587,657,3199.457006585644,797.2513811898029,3978.808391676623,1373.5057245396638,cam_4_1690329371_18-56-11.jpg
587,660,3675.383946561122,284.5218118276034,3929.9455581890143,369.52538463879637,cam_4_1690329371_18-56-11.jpg
588,321,2842.3899340335674,342.5800214902421,3209.6632752712767,518.3043536515303,cam_4_1690329416_18-56-56.jpg
588,379,2707.643597861254,399.4237614393002,3089.7774818814105,591.7173810225132,cam_4_1690329416_18-56-56.jpg
588,551,3513.82171707348,351.13685835546664,4021.7133360950243,647.3007030964611,cam_4_1690329416_18-56-56.jpg
588,585,3303.376545332106,578.7473334508394,3862.0456698474995,778.3725791740098,cam_4_1690329416_18-56-56.jpg
588,587,2320.865730353989,471.9609835875031,3090.090701919089,945.5984744758252,cam_4_1690329416_18-56-56.jpg
588,592,1721.4774774592854,564.7852609105496,2095.8127696180527,755.7037766872648,cam_4_1690329416_18-56-56.jpg
588,626,3273.25969035448,644.221727504657,3761.692038182349,884.3441390220736,cam_4_1690329416_18-56-56.jpg
588,637,2063.5280614108033,611.2246108353594,2656.592258252783,922.4774340521922,cam_4_1690329416_18-56-56.jpg
588,640,2566.92570082926,439.9486522801748,3028.5393723985367,626.9542622933579,cam_4_1690329416_18-56-56.jpg
588,642,2357.6774372976774,378.87223790786646,2695.063184463464,521.2131570206606,cam_4_1690329416_18-56-56.jpg
588,657,3228.6363842356673,791.1350985904926,3987.4376359007197,1333.7318485264263,cam_4_1690329416_18-56-56.jpg
588,660,3600.8874112306944,263.2721101626545,3879.3354586042465,354.74974053675174,cam_4_1690329416_18-56-56.jpg
589,321,2840.222644215454,341.5987392582137,3212.5930217069827,518.9868420169507,cam_4_1690329431_18-57-11.jpg
589,379,2709.929666755197,402.2465922623296,3084.8981302470743,590.552125707858,cam_4_1690329431_18-57-11.jpg
589,551,3517.380780155681,349.84112903662685,4037.4917859180405,649.4153135655995,cam_4_1690329431_18-57-11.jpg
589,585,3241.9581409720645,587.3107161792746,4114.719515157142,905.7284590389093,cam_4_1690329431_18-57-11.jpg
589,587,2342.656375295888,478.334015554244,3097.1797909648317,957.0980395182751,cam_4_1690329431_18-57-11.jpg
589,592,1721.9650055866093,563.760810234915,2096.528050325376,755.1160997655537,cam_4_1690329431_18-57-11.jpg
589,626,3268.131948319983,643.4599341506588,3767.6662765463143,881.5069102996987,cam_4_1690329431_18-57-11.jpg
589,637,2072.659657682464,615.556630435437,2657.2284797360653,922.6977058924142,cam_4_1690329431_18-57-11.jpg
589,640,2574.956092014131,441.60978808028824,3037.018501974378,629.0290846529028,cam_4_1690329431_18-57-11.jpg
589,642,2352.746373294913,380.7113917669249,2698.6403795445326,526.8633639127166,cam_4_1690329431_18-57-11.jpg
589,657,3209.872310962515,780.9802311580108,4032.640594482157,1359.3595929515095,cam_4_1690329431_18-57-11.jpg
589,660,3568.072932054256,254.15612074619975,3860.0692341114986,349.066118216936,cam_4_1690329431_18-57-11.jpg
590,321,2840.7850983612116,343.4981978187269,3214.821436335998,520.7688903712719,cam_4_1690329461_18-57-41.jpg
590,379,2710.1647956622887,399.8738708613615,3084.5640529179664,588.5190711321086,cam_4_1690329461_18-57-41.jpg
590,551,3555.0657651174197,352.836316300649,4060.29517733333,642.9384120452962,cam_4_1690329461_18-57-41.jpg
590,563,2291.559312849858,548.6888534472605,2747.405042384778,815.2747325452532,cam_4_1690329461_18-57-41.jpg
590,585,3277.96499133877,583.5059034464349,3986.6355203902517,842.3625315249059,cam_4_1690329461_18-57-41.jpg
590,587,2426.8894807448196,490.27503632001105,3182.79943545323,992.3516450565312,cam_4_1690329461_18-57-41.jpg
590,592,1719.9076808952575,562.2052770401132,2094.6530145486117,754.7098535558813,cam_4_1690329461_18-57-41.jpg
590,626,3265.8053134721545,642.7401072379316,3765.5203473342453,874.9111387537178,cam_4_1690329461_18-57-41.jpg
590,637,2067.3294144882298,618.4467038371657,2648.4537796989375,923.2493057205596,cam_4_1690329461_18-57-41.jpg
590,640,2586.8373883043573,439.05542035882115,3022.7274719776087,611.8998884577245,cam_4_1690329461_18-57-41.jpg
590,642,2347.8137408230323,379.37614541459465,2701.2144001823413,529.5074656520027,cam_4_1690329461_18-57-41.jpg
590,657,3238.112910750456,777.1032754185867,4086.573318329602,1353.3475032874444,cam_4_1690329461_18-57-41.jpg
590,660,3645.7736376706594,263.2021949629116,3905.7922306500286,347.2249458336339,cam_4_1690329461_18-57-41.jpg
591,321,2839.2333509372643,343.2044248641893,3214.669549505996,520.4219999569569,cam_4_1690329476_18-57-56.jpg
591,379,2709.433301128363,398.36932751916834,3086.0891566014143,588.1827523057038,cam_4_1690329476_18-57-56.jpg
591,551,3554.7539629052067,352.57528591066085,4054.765332491571,640.8588893420656,cam_4_1690329476_18-57-56.jpg
591,563,2333.761122331214,524.9962226757839,2747.5208884724816,769.2203998875412,cam_4_1690329476_18-57-56.jpg
591,585,3272.3551979982126,583.6760397453728,4126.2633856781085,898.2738293351713,cam_4_1690329476_18-57-56.jpg
591,587,2485.282101619526,507.47771235241487,3195.6237109677595,994.2753778116742,cam_4_1690329476_18-57-56.jpg
591,592,1721.6724122549053,562.3610506140026,2097.496394543873,756.15791446026,cam_4_1690329476_18-57-56.jpg
591,626,3265.817235679991,642.393565694351,3767.3666583972695,869.9032930947551,cam_4_1690329476_18-57-56.jpg
591,637,2071.286420603593,617.8038674981224,2650.6470705985025,922.0208080922041,cam_4_1690329476_18-57-56.jpg
591,640,2576.05288866048,437.0393557169941,3012.6807221527456,609.0070809304159,cam_4_1690329476_18-57-56.jpg
591,642,2348.9600119897614,380.001469339898,2696.4046274563634,527.9913702179164,cam_4_1690329476_18-57-56.jpg
591,657,3200.940717137566,770.749936170412,4072.610619639381,1360.4686334989888,cam_4_1690329476_18-57-56.jpg
591,660,3666.20156844014,272.0805267116549,3921.3287243453,354.197323806478,cam_4_1690329476_18-57-56.jpg
592,321,2837.0739774268345,344.58867109422454,3216.4264364195164,523.2149482015575,cam_4_1690329626_19-00-26.jpg
592,379,2703.165864873486,400.9958283162684,3083.7082497439337,592.9994408266252,cam_4_1690329626_19-00-26.jpg
592,551,3563.5078112046294,349.20764039319323,4067.7627198337304,641.5316602139105,cam_4_1690329626_19-00-26.jpg
592,561,2568.035542892818,432.869594059476,3014.786479291232,648.532195927518,cam_4_1690329626_19-00-26.jpg
592,563,2377.401910749977,522.7449649669138,2794.595594650318,762.8771782301492,cam_4_1690329626_19-00-26.jpg
592,585,3245.2137706220433,592.2006599979521,4198.641949476835,949.3918087602938,cam_4_1690329626_19-00-26.jpg
592,592,1725.1017352790839,565.4464100399678,2100.1191105006455,758.9654624610453,cam_4_1690329626_19-00-26.jpg
592,624,3037.435955646429,216.85990194271207,3195.3258093296636,405.98479235281457,cam_4_1690329626_19-00-26.jpg
592,637,2069.5624512754985,618.8801282729249,2650.4672573633115,924.2640437762425,cam_4_1690329626_19-00-26.jpg
592,641,2965.599358228474,629.7158106615036,3679.42218859364,1108.3422868227678,cam_4_1690329626_19-00-26.jpg
592,642,2354.8225830393585,379.4283490995981,2695.8700412238545,524.1617541089063,cam_4_1690329626_19-00-26.jpg
592,657,3204.5546866443083,752.7485155065876,4027.6291620207294,1304.930354748838,cam_4_1690329626_19-00-26.jpg
592,660,3649.399740779425,268.78826097887793,3935.0695746123324,360.76346241057604,cam_4_1690329626_19-00-26.jpg
593,321,2834.6261857201034,342.80963329540236,3217.9416471819522,523.4426711694781,cam_4_1690329641_19-00-41.jpg
593,379,2697.5411389565206,401.0160638495442,3082.4280202637738,595.6066223251969,cam_4_1690329641_19-00-41.jpg
593,551,3539.197985404337,359.3783203749085,4041.1646860578157,651.9146770265178,cam_4_1690329641_19-00-41.jpg
593,561,2565.3378113771164,429.2930769492428,3019.6667988728636,646.915245437389,cam_4_1690329641_19-00-41.jpg
593,563,2390.0148158974444,522.2200014613596,2813.461403655456,761.5778645082507,cam_4_1690329641_19-00-41.jpg
593,585,3259.442647394766,598.2969813268257,4170.593071504528,942.3765946873625,cam_4_1690329641_19-00-41.jpg
593,592,1725.032323794808,565.5984448350875,2097.5776505264844,758.2023579346144,cam_4_1690329641_19-00-41.jpg
593,624,3036.288907769228,217.71948783106458,3192.016067070874,404.2903776813878,cam_4_1690329641_19-00-41.jpg
593,637,2067.78928269285,619.7818075349853,2646.712088765616,924.0500370164922,cam_4_1690329641_19-00-41.jpg
593,641,2949.1219276417296,636.6958636047108,3656.4033193011282,1110.8254580934297,cam_4_1690329641_19-00-41.jpg
593,642,2352.6748819359914,377.7818471892168,2699.8134469226848,525.3504462694469,cam_4_1690329641_19-00-41.jpg
593,657,3169.385993906926,753.4517091022253,3977.745095979918,1284.687432067256,cam_4_1690329641_19-00-41.jpg
593,660,3631.6082406844534,268.3177996256056,3944.9673826341896,369.6168669966229,cam_4_1690329641_19-00-41.jpg
594,321,2831.796037158744,341.8320008518014,3217.1253289397514,523.128726252727,cam_4_1690329701_19-01-41.jpg
594,379,2694.5519411485266,399.80164442689016,3083.185094429461,596.539049471443,cam_4_1690329701_19-01-41.jpg
594,473,3415.0240563033444,534.2514204566498,4004.679712781623,839.3724504254785,cam_4_1690329701_19-01-41.jpg
594,551,3534.956069171369,368.71546236390395,4033.870697978794,660.0515799376435,cam_4_1690329701_19-01-41.jpg
594,561,2569.775869898421,429.8219718314972,3027.0835468748705,649.4892022052047,cam_4_1690329701_19-01-41.jpg
594,563,2271.4579744198245,474.19220534250974,2926.1136327624617,854.1254753929015,cam_4_1690329701_19-01-41.jpg
594,585,3134.6216931246677,586.4392424844448,4249.763580479166,1027.1359168392444,cam_4_1690329701_19-01-41.jpg
594,592,1723.483427283771,565.6485330581139,2094.1806008187405,757.7459285371543,cam_4_1690329701_19-01-41.jpg
594,637,2070.622822446553,617.3930592032235,2647.174529866067,920.0546212838841,cam_4_1690329701_19-01-41.jpg
594,642,2353.9826552676586,376.60106548017563,2689.1683056390602,518.0795994325736,cam_4_1690329701_19-01-41.jpg
594,658,3407.0716181187254,538.2894353225297,3881.611834012829,693.3953271590799,cam_4_1690329701_19-01-41.jpg
594,660,3641.3357777905912,271.12540009727616,3933.106529769494,364.2288786408475,cam_4_1690329701_19-01-41.jpg
595,321,2831.1421564498055,343.0785075330286,3212.090793609578,521.3042200397205,cam_4_1690329821_19-03-41.jpg
595,379,2697.2446464081777,399.583571932366,3086.038434326093,597.2068661115637,cam_4_1690329821_19-03-41.jpg
595,551,3612.916403221562,364.68499416349147,4016.149054500073,587.4268599925845,cam_4_1690329821_19-03-41.jpg
595,561,2574.672024685394,429.928247107566,3023.553072889958,644.5093632052428,cam_4_1690329821_19-03-41.jpg
595,563,2276.188530685637,459.09654295387725,3007.9516442474405,898.8708331560583,cam_4_1690329821_19-03-41.jpg
595,592,1725.4008926359743,564.8151466354124,2094.6112145712223,756.4334996885026,cam_4_1690329821_19-03-41.jpg
595,637,2065.020708769662,616.5662781270103,2645.7860653677644,921.1740677638513,cam_4_1690329821_19-03-41.jpg
595,642,2353.77520804545,373.98211446556985,2692.427334861571,516.6993889041423,cam_4_1690329821_19-03-41.jpg
595,647,3410.9089544703224,542.5382798923678,3952.1199793546116,974.8584477942701,cam_4_1690329821_19-03-41.jpg
595,658,3403.3734262760854,449.5225622933684,4070.600651818186,678.2429417122041,cam_4_1690329821_19-03-41.jpg
595,660,3641.5111735433716,279.80176255122126,3932.663023135021,372.8286451513385,cam_4_1690329821_19-03-41.jpg
596,321,2828.8019172856157,343.65904822187974,3212.1454100395013,522.5051915748304,cam_4_1690330031_19-07-11.jpg
596,379,2703.011601074867,398.85288073753793,3091.5774715471302,597.0346981323655,cam_4_1690330031_19-07-11.jpg
596,551,3642.471392080484,379.16835230261415,4029.45393962875,579.4534293288514,cam_4_1690330031_19-07-11.jpg
596,561,2574.427122277349,430.3156091932795,3023.584394846179,643.6683824186974,cam_4_1690330031_19-07-11.jpg
596,563,2296.7648284831284,451.164719112384,3050.712716025273,918.5294464747656,cam_4_1690330031_19-07-11.jpg
596,592,1725.9785227789168,564.3852203123748,2093.959746987517,755.6737839931772,cam_4_1690330031_19-07-11.jpg
596,637,2070.3919618831055,620.7223786409475,2647.379424355593,922.8702172191792,cam_4_1690330031_19-07-11.jpg
596,642,2351.5094042087953,372.85100461998275,2696.000482028972,518.1556667558028,cam_4_1690330031_19-07-11.jpg
596,647,3412.8677535822944,526.1646335220673,3982.8760232382137,957.7723657683296,cam_4_1690330031_19-07-11.jpg
596,664,3548.363684761412,428.2373896013163,3837.9845271385634,598.1129440220008,cam_4_1690330031_19-07-11.jpg
597,321,2825.7640289116425,341.41413105961857,3217.7897480431643,524.7228104228974,cam_4_1690330166_19-09-26.jpg
597,379,2701.9962466284446,397.0379062781868,3093.320433619643,597.5635086201247,cam_4_1690330166_19-09-26.jpg
597,551,3656.6433253142627,397.1912525028006,4019.8744167145587,569.5807456150765,cam_4_1690330166_19-09-26.jpg
597,561,2575.698672450305,429.0936776566099,3016.4228416355727,636.9990355075105,cam_4_1690330166_19-09-26.jpg
597,563,2318.6496147060425,456.70752021183694,3051.841257351979,919.1917851204721,cam_4_1690330166_19-09-26.jpg
597,592,1727.9141544274432,564.3759111078858,2098.046348075705,756.9488791801268,cam_4_1690330166_19-09-26.jpg
597,637,2066.6985078939774,612.3195240872734,2652.6955093927863,920.1330488526605,cam_4_1690330166_19-09-26.jpg
597,642,2352.70188816086,374.0896554093478,2698.8603260408627,519.8364913190446,cam_4_1690330166_19-09-26.jpg
597,647,3421.299126541507,526.6942955677424,4021.199695286865,954.8388553013986,cam_4_1690330166_19-09-26.jpg
597,664,3543.9257411825442,421.27742578867793,3850.767658112673,599.0821303727885,cam_4_1690330166_19-09-26.jpg
598,321,2836.5312828294173,343.0341471071821,3218.4383020339124,521.8860676673114,cam_4_1690330211_19-10-11.jpg
598,379,2701.611839331436,398.8297822017485,3083.4304754700847,593.9412340494957,cam_4_1690330211_19-10-11.jpg
598,538,2349.1374987124136,371.12045292900643,2687.693799225047,502.49679718269664,cam_4_1690330211_19-10-11.jpg
598,561,2574.3606800468965,426.8512112112188,3026.465915518428,641.4038027420696,cam_4_1690330211_19-10-11.jpg
598,563,2278.216368177553,447.36848380879354,2991.70523003178,904.7624100318124,cam_4_1690330211_19-10-11.jpg
598,592,1726.033231170602,564.9582297760039,2093.0470109668304,756.4610876400468,cam_4_1690330211_19-10-11.jpg
598,637,2068.170442882249,611.5192563216629,2651.491716069787,918.3036156692256,cam_4_1690330211_19-10-11.jpg
598,647,3312.043261915748,502.2470743392557,3927.617529252626,951.8515616471279,cam_4_1690330211_19-10-11.jpg
598,658,3543.3465218111132,389.27446585309065,4124.36602688976,586.0720548509499,cam_4_1690330211_19-10-11.jpg
599,321,2828.1258163783054,340.2746425249367,3231.0917711831808,530.9091528607175,cam_4_1690330376_19-12-56.jpg
599,379,2702.0204295589965,400.1313087874195,3079.6640751840982,592.8688965434571,cam_4_1690330376_19-12-56.jpg
599,525,2086.463548011473,317.3228851671115,2452.0454991453726,542.9143081378714,cam_4_1690330376_19-12-56.jpg
599,561,2575.9388998308305,428.2317721583851,3025.6219317300443,640.7910588150335,cam_4_1690330376_19-12-56.jpg
599,563,2356.22162153667,489.82459943226667,2877.2602939726844,814.6941535770118,cam_4_1690330376_19-12-56.jpg
599,592,1726.8417309988092,563.624725342918,2096.9897752245306,756.8923368350025,cam_4_1690330376_19-12-56.jpg
599,593,3308.0915966914295,248.07309510997726,3613.199761298529,465.8018667794001,cam_4_1690330376_19-12-56.jpg
599,616,2295.900299156898,536.3294920041483,2710.817152274206,822.2000142327188,cam_4_1690330376_19-12-56.jpg
599,637,2060.47751262713,605.4513155885116,2655.50475931849,919.6971529350401,cam_4_1690330376_19-12-56.jpg
599,647,3369.6241007637723,512.0180547577984,3972.026240595469,937.8658644462297,cam_4_1690330376_19-12-56.jpg
599,657,3169.392488998409,705.320712262799,4058.071590178839,1282.1259569382887,cam_4_1690330376_19-12-56.jpg
600,321,2835.0357413541446,344.2224823219485,3219.6509265311,525.9883638305269,cam_4_1690330406_19-13-26.jpg
600,379,2702.5157666061796,401.049345650393,3075.8044527145,591.3539923095739,cam_4_1690330406_19-13-26.jpg
600,473,3581.86533440339,435.83533127531905,4064.036000721312,683.3775938974752,cam_4_1690330406_19-13-26.jpg
600,525,2081.1941807412095,321.91179167416044,2453.023769908548,548.008576471666,cam_4_1690330406_19-13-26.jpg
600,561,2577.365537469089,428.573540730855,3020.336054319162,637.0554076351573,cam_4_1690330406_19-13-26.jpg
600,563,2393.933274324183,510.5703823756296,2822.7610354607696,770.7972528849575,cam_4_1690330406_19-13-26.jpg
600,592,1729.1462730512567,564.2561703486251,2100.8567026167157,758.2677697135416,cam_4_1690330406_19-13-26.jpg
600,616,2304.296539567858,541.9339298582311,2720.9872875251667,825.9445725285984,cam_4_1690330406_19-13-26.jpg
600,637,2061.3053033743463,604.4566764044775,2657.109718717968,920.4015250325571,cam_4_1690330406_19-13-26.jpg
600,647,3464.998959480638,518.0134424116272,3998.158960065466,856.2860266524689,cam_4_1690330406_19-13-26.jpg
600,657,3197.3628555387713,697.8971951120658,4118.430251870159,1278.9464056933675,cam_4_1690330406_19-13-26.jpg
600,669,3541.4917436701053,427.09613469970856,3972.9596802336255,612.9836902843278,cam_4_1690330406_19-13-26.jpg
601,321,2837.3568713961527,346.5600664436979,3214.898085527312,524.4612180606963,cam_4_1690330451_19-14-11.jpg
601,379,2705.1808734786614,402.8044011088699,3075.5628515305634,591.2659855025522,cam_4_1690330451_19-14-11.jpg
601,473,3599.282866399797,425.5522757929042,4044.299761452258,648.850149051244,cam_4_1690330451_19-14-11.jpg
601,525,2055.5985463387756,323.0483567681332,2435.162875543446,552.1496292043203,cam_4_1690330451_19-14-11.jpg
601,561,2577.105117195233,429.2772909991422,3021.920620765195,638.0687595868737,cam_4_1690330451_19-14-11.jpg
601,592,1728.9230034570314,563.9679107141143,2098.258149115235,756.9719311637746,cam_4_1690330451_19-14-11.jpg
601,616,2310.2388649702852,551.6419940821133,2720.571889071636,827.5083653662241,cam_4_1690330451_19-14-11.jpg
601,619,2387.8208525768373,519.0865686381064,2813.3959373682474,756.7199529098195,cam_4_1690330451_19-14-11.jpg
601,637,2061.1564966426936,605.1053974742069,2651.892591770259,918.5151023392694,cam_4_1690330451_19-14-11.jpg
601,642,2370.2892945147273,373.84822496583706,2729.69782529095,527.3208197887943,cam_4_1690330451_19-14-11.jpg
601,647,3497.953779251785,521.4772106340494,4001.166733779743,810.9410837858027,cam_4_1690330451_19-14-11.jpg
601,657,3191.3688710196966,696.5415355296045,4137.639335959266,1281.469072215094,cam_4_1690330451_19-14-11.jpg
601,669,3551.156580729707,427.2405153121836,3922.5866777015126,587.9777157567346,cam_4_1690330451_19-14-11.jpg
601,670,2942.976911001145,202.16789135915627,3236.2179563188165,412.07698722731203,cam_4_1690330451_19-14-11.jpg
602,321,2833.561200708438,345.89066722990026,3212.5722780989217,523.7710717854159,cam_4_1690330586_19-16-26.jpg
602,379,2707.0198866593414,404.4876397009543,3075.805561417168,591.7225999606511,cam_4_1690330586_19-16-26.jpg
602,525,2065.5714033737936,326.4337468363427,2441.6779795369266,550.7511935549153,cam_4_1690330586_19-16-26.jpg
602,561,2570.100493176537,433.6667109496367,3014.1813108435294,640.6138976166434,cam_4_1690330586_19-16-26.jpg
602,592,1729.2608525847074,564.561370382031,2097.789256020123,757.231993010975,cam_4_1690330586_19-16-26.jpg
602,616,2308.9706325476022,548.9818170430898,2724.8277054840705,828.4269142941839,cam_4_1690330586_19-16-26.jpg
602,619,2381.8024229015805,520.614913441591,2817.071615253053,760.0502583999183,cam_4_1690330586_19-16-26.jpg
602,637,2063.0135057211796,606.1582416022407,2653.1874087408423,919.9021980957151,cam_4_1690330586_19-16-26.jpg
602,647,3511.9432013383894,448.51989047505066,4016.2347784595418,739.2485172950092,cam_4_1690330586_19-16-26.jpg
602,657,3234.19425883043,685.9255392155869,4148.344413523386,1238.3530513082123,cam_4_1690330586_19-16-26.jpg
602,664,3533.3685261306023,427.93728282986547,3884.571479713274,630.2025728895625,cam_4_1690330586_19-16-26.jpg
603,321,2830.117391532888,338.0976051451748,3221.8090032518835,523.1566641745751,cam_4_1690330676_19-17-56.jpg
603,379,2698.208161967006,399.6421811428579,3077.6851241056906,592.0401876050593,cam_4_1690330676_19-17-56.jpg
603,525,2078.005751354157,324.90992980135,2460.4262009802237,548.0401709871863,cam_4_1690330676_19-17-56.jpg
603,561,2563.9651365044747,433.0181400960022,3014.856877476694,642.3951644846767,cam_4_1690330676_19-17-56.jpg
603,592,1728.1867729168102,564.0182108422318,2097.86038878533,757.26313287948,cam_4_1690330676_19-17-56.jpg
603,616,2306.652076164406,545.7874738304897,2728.5220180251454,831.2297125865433,cam_4_1690330676_19-17-56.jpg
603,619,2383.381178413485,524.6930274852419,2820.525655221015,762.5971440632094,cam_4_1690330676_19-17-56.jpg
603,637,2059.5658404541073,601.54198615353,2656.8501775837726,919.9206930910053,cam_4_1690330676_19-17-56.jpg
603,647,3516.7915756082944,426.48217726404886,4038.2806033282823,730.0979730107038,cam_4_1690330676_19-17-56.jpg
603,657,3278.631575056941,651.4312968862945,4147.563342278,1166.7271532200439,cam_4_1690330676_19-17-56.jpg
603,664,3533.3975749998685,422.8353733779386,3893.324821678312,629.0886458647408,cam_4_1690330676_19-17-56.jpg
603,672,3669.6047815850143,275.47272264961873,3940.9099988731186,460.28280590223136,cam_4_1690330676_19-17-56.jpg
604,195,2803.8324558948843,267.36623698474125,3270.9696096661974,520.9474971484453,cam_4_1690330781_19-19-41.jpg
604,379,2701.3873315797714,400.954259191383,3074.7237656298853,589.744921739767,cam_4_1690330781_19-19-41.jpg
604,525,2076.1564262936163,324.10157313015566,2483.0885409585935,558.824559070496,cam_4_1690330781_19-19-41.jpg
604,561,2565.4314426792025,438.91451202744344,3006.4784790375056,641.6043522684831,cam_4_1690330781_19-19-41.jpg
604,592,1730.5953436472726,564.9031656660512,2098.9565499779274,756.9345372159436,cam_4_1690330781_19-19-41.jpg
604,616,2326.310642182143,547.9298695267336,2734.738538527054,827.6476483430148,cam_4_1690330781_19-19-41.jpg
604,619,2396.809099137266,531.8182847206691,2820.505552314321,759.6097572607389,cam_4_1690330781_19-19-41.jpg
604,637,2055.486600304177,598.6341221030077,2658.328572096661,920.6927829628162,cam_4_1690330781_19-19-41.jpg
604,657,3261.9073780973436,640.9261895230475,4110.986409901128,1145.1368768149528,cam_4_1690330781_19-19-41.jpg
604,664,3484.1941632325706,395.2540176635999,3879.9011400000622,620.0206622979406,cam_4_1690330781_19-19-41.jpg
604,672,3659.5004564489177,275.3502520613756,3941.6749351090425,467.7968268111782,cam_4_1690330781_19-19-41.jpg
604,673,3425.56651575876,526.3170699462509,3808.3915974093266,721.1477697180624,cam_4_1690330781_19-19-41.jpg
605,195,2862.972057324485,271.09287940403004,3317.00879286049,530.3714442793173,cam_4_1690330856_19-20-56.jpg
605,379,2703.8778481644854,403.745520056256,3073.1844474574996,590.0442186109876,cam_4_1690330856_19-20-56.jpg
605,525,2093.893551776849,323.8730583678734,2481.5957363342677,539.1607400480659,cam_4_1690330856_19-20-56.jpg
605,561,2566.4923770379187,442.48517205180974,3007.976008272906,643.7023853276073,cam_4_1690330856_19-20-56.jpg
605,592,1727.4625670303071,562.4976406507699,2103.4069512885285,757.8928803038629,cam_4_1690330856_19-20-56.jpg
605,616,2321.54757638856,547.3919262110205,2728.226593127179,825.3851973803935,cam_4_1690330856_19-20-56.jpg
605,619,2400.6165110871693,535.643247431352,2819.171396494592,758.2838610082902,cam_4_1690330856_19-20-56.jpg
605,637,2062.8131038179245,599.7432098311303,2656.429935677382,917.2410300483001,cam_4_1690330856_19-20-56.jpg
605,660,3653.6139180809955,271.14441227571194,3948.3921695787535,365.6741289129397,cam_4_1690330856_19-20-56.jpg
605,664,3498.406030496957,404.15253054429576,4003.2767905676424,696.4828039371685,cam_4_1690330856_19-20-56.jpg
605,672,3637.444474742182,321.9076612599769,3877.6204151471343,480.33559568947317,cam_4_1690330856_19-20-56.jpg
605,675,2386.8423087992346,254.1755032608308,2775.140755855243,398.6340966034478,cam_4_1690330856_19-20-56.jpg
606,195,2878.528923771338,271.68099463750264,3315.158823036193,530.5280812673022,cam_4_1690330871_19-21-11.jpg
606,379,2704.581821909212,404.82639455745823,3073.2070788684005,590.338821846982,cam_4_1690330871_19-21-11.jpg
606,473,3671.2260188723612,298.7493102316053,4059.9451120186623,489.5091723198535,cam_4_1690330871_19-21-11.jpg
606,525,2096.2684205930286,323.85800728889006,2484.3982361922717,533.7534001016668,cam_4_1690330871_19-21-11.jpg
606,561,2573.3097198151013,444.9552825246286,3015.819600529115,646.0232900977221,cam_4_1690330871_19-21-11.jpg
606,592,1727.353448649614,563.0049446740212,2106.3245397632754,759.7289470704935,cam_4_1690330871_19-21-11.jpg
606,616,2313.9264577227195,547.2592804855769,2722.7479897781714,826.40499015276,cam_4_1690330871_19-21-11.jpg
606,619,2395.921250164957,537.3787693231949,2817.4512878972673,759.3821680531918,cam_4_1690330871_19-21-11.jpg
606,637,2059.940751015687,597.8486665739727,2658.8661736378813,919.0177773172857,cam_4_1690330871_19-21-11.jpg
606,660,3659.066839505892,270.2670390758753,3940.9504560912915,360.09929010931046,cam_4_1690330871_19-21-11.jpg
606,664,3509.0824255572466,408.43007860014274,4047.171756422724,725.6861918981256,cam_4_1690330871_19-21-11.jpg
606,672,3618.6529297499583,338.0195989282263,3862.5209502484063,494.51810727770635,cam_4_1690330871_19-21-11.jpg
606,675,2386.543816832275,258.8957944356309,2774.7622057521494,403.6716655515578,cam_4_1690330871_19-21-11.jpg
607,195,2920.5512494747686,282.7268161464171,3375.0429060731926,565.531157529228,cam_4_1690331036_19-23-56.jpg
607,379,2702.155274867438,403.8774459359983,3075.3274259999675,591.487940172355,cam_4_1690331036_19-23-56.jpg
607,473,3703.5889575808405,303.1668431257667,3960.7762354602382,426.14288698835213,cam_4_1690331036_19-23-56.jpg
607,525,2082.711857194923,328.2853878782679,2476.8017269809234,538.0612171657463,cam_4_1690331036_19-23-56.jpg
607,561,2562.599143903887,439.157406212086,3018.9578528334587,645.9894175403047,cam_4_1690331036_19-23-56.jpg
607,592,1728.7017499982235,564.6878830096612,2103.8290642963398,759.4551142586623,cam_4_1690331036_19-23-56.jpg
607,616,2307.2409649690917,546.7668647943957,2719.2605459268616,826.790926691606,cam_4_1690331036_19-23-56.jpg
607,619,2371.0994365979614,523.6068195061057,2821.7568580304924,759.4439495794564,cam_4_1690331036_19-23-56.jpg
607,637,2127.476540956723,625.8411573606263,2671.5299953589993,920.6580655989773,cam_4_1690331036_19-23-56.jpg
607,647,3531.5108251189345,336.89595978549113,3947.8492549983484,583.6522388285757,cam_4_1690331036_19-23-56.jpg
607,664,3547.073602147825,402.24008475075897,4080.6092966863803,720.9886840910049,cam_4_1690331036_19-23-56.jpg
608,195,2951.4113779009936,289.20848061444417,3409.564381702695,579.7379900501257,cam_4_1690331096_19-24-56.jpg
608,379,2702.8902574754825,402.77267922221915,3077.7347898651005,591.6784333328826,cam_4_1690331096_19-24-56.jpg
608,473,3652.288858541286,287.077422494489,3939.576153160011,423.3291071939278,cam_4_1690331096_19-24-56.jpg
608,525,2113.989716174985,328.3333241450108,2489.891286498891,523.9735413878493,cam_4_1690331096_19-24-56.jpg
608,561,2557.8316181639184,437.19003569723424,3019.928695197834,645.8219070292206,cam_4_1690331096_19-24-56.jpg
608,592,1729.3195497299598,566.1468527603374,2100.016187583977,758.6193721229126,cam_4_1690331096_19-24-56.jpg
608,616,2305.3457279126405,546.8271622395637,2717.208720851717,825.273956613882,cam_4_1690331096_19-24-56.jpg
608,619,2367.6821207300864,519.5359723000948,2828.7618673630395,760.9339647793221,cam_4_1690331096_19-24-56.jpg
608,637,2154.2235618324867,632.7267794224161,2676.5428040357983,918.8114692783304,cam_4_1690331096_19-24-56.jpg
608,647,3601.412295585021,322.8945409308859,4014.9994769670834,571.0044130621185,cam_4_1690331096_19-24-56.jpg
608,664,3508.6617987009495,392.1778983920697,4035.5283200162366,723.1291185155299,cam_4_1690331096_19-24-56.jpg
609,195,2985.960623550722,290.6437416378677,3441.820119042686,588.7670969329586,cam_4_1690331156_19-25-56.jpg
609,379,2697.7515303455384,403.34992905213903,3074.4520914396203,592.8227073533562,cam_4_1690331156_19-25-56.jpg
609,525,2070.0561171016566,327.3086652179729,2456.104929689483,524.5136021517745,cam_4_1690331156_19-25-56.jpg
609,561,2555.2007668776005,438.7192473686869,3017.712481374574,646.2016930657724,cam_4_1690331156_19-25-56.jpg
609,592,1727.866207894256,565.4230431342818,2096.75305403526,757.1574805743849,cam_4_1690331156_19-25-56.jpg
609,593,3516.4553167894333,269.9099339118637,3761.13090643023,446.96376737000486,cam_4_1690331156_19-25-56.jpg
609,609,3517.8537323492105,449.22055070010373,3902.287052906879,820.9675621754595,cam_4_1690331156_19-25-56.jpg
609,616,2310.7036775399865,554.1203565832345,2713.6611177497048,824.6270193321898,cam_4_1690331156_19-25-56.jpg
609,619,2362.756595374264,521.073217179609,2823.252303715676,760.4267421420502,cam_4_1690331156_19-25-56.jpg
609,637,2166.2766205827793,633.9529639438458,2680.867057552622,919.1261518805861,cam_4_1690331156_19-25-56.jpg
609,647,3631.263329306349,305.5328689566431,3955.6140596057667,497.5327919617128,cam_4_1690331156_19-25-56.jpg
609,664,3503.2081946916664,422.8096367410889,4077.127207312487,783.819775911318,cam_4_1690331156_19-25-56.jpg
609,680,1938.7754515959334,533.3508385805246,2314.10558501951,731.0054837244232,cam_4_1690331156_19-25-56.jpg
610,195,3010.7280878044244,313.2160398936762,3446.0061751724797,597.4334347929453,cam_4_1690331171_19-26-11.jpg
610,379,2701.822894607508,404.65855541914937,3073.89419105998,591.1854440840198,cam_4_1690331171_19-26-11.jpg
610,525,2063.05753739076,327.0852681413065,2457.0592755814055,524.1317025471258,cam_4_1690331171_19-26-11.jpg
610,561,2554.5355314725984,439.72530987155636,3020.4208848680387,648.0318339596615,cam_4_1690331171_19-26-11.jpg
610,592,1727.7297756432185,565.188878773061,2096.454729303803,757.1599514689456,cam_4_1690331171_19-26-11.jpg
610,609,3607.5906481407574,412.7744452554599,3980.9484940466136,673.5947390399793,cam_4_1690331171_19-26-11.jpg
610,616,2310.3295455406123,550.556252678614,2718.627060797951,824.2020350641833,cam_4_1690331171_19-26-11.jpg
610,619,2358.378655257241,518.057087862311,2823.3867077639306,758.9775751465764,cam_4_1690331171_19-26-11.jpg
610,637,2172.905614629493,635.2272383492134,2680.2926830806205,919.5964166488435,cam_4_1690331171_19-26-11.jpg
610,647,3630.2161381668784,293.6987756118533,3937.99550410911,474.5841543961694,cam_4_1690331171_19-26-11.jpg
610,664,3476.0333104166293,426.82214231908017,4077.1234899675164,809.3065553032168,cam_4_1690331171_19-26-11.jpg
610,680,1937.1164779920332,532.0540691074182,2312.463734362815,729.5183530689508,cam_4_1690331171_19-26-11.jpg
611,379,2703.4690230467545,406.16098809245216,3075.761324267432,593.1711833217589,cam_4_1690331471_19-31-11.jpg
611,551,3618.9009643794907,313.5970969564011,3948.2014053926737,469.8480267582938,cam_4_1690331471_19-31-11.jpg
611,592,1729.7451245211682,568.7298333400341,2095.1211641542995,758.5369900955433,cam_4_1690331471_19-31-11.jpg
611,609,3578.8054505348246,418.23141355409996,3881.213936312832,600.8590793594541,cam_4_1690331471_19-31-11.jpg
611,616,2300.6466101072847,546.1698688776326,2722.964847354424,829.8090463694776,cam_4_1690331471_19-31-11.jpg
611,619,2316.262054453894,457.4757652112132,2970.4843652880472,810.7770494881604,cam_4_1690331471_19-31-11.jpg
611,637,2174.036319053413,633.3132835447359,2677.5037210904807,917.9251761622339,cam_4_1690331471_19-31-11.jpg
611,657,3386.132013488839,520.6238727231859,4130.882587874385,961.1821433131142,cam_4_1690331471_19-31-11.jpg
611,664,3563.7488666067125,422.6737204362262,4052.737749318123,713.7122402594259,cam_4_1690331471_19-31-11.jpg
611,680,1944.496196188562,534.0311030965191,2299.632425914071,719.9751663211144,cam_4_1690331471_19-31-11.jpg
612,321,2771.3026754704083,367.08063419119367,3165.801238897154,555.475821649175,cam_4_1690331786_19-36-26.jpg
612,379,2715.2886433086355,408.97208340487543,3082.4327032994083,594.1325951148958,cam_4_1690331786_19-36-26.jpg
612,551,3618.0742927679494,314.94809869817385,3922.623215295839,453.5609838081075,cam_4_1690331786_19-36-26.jpg
612,587,3402.4342769012437,495.7736439330416,4054.291073568496,953.0379892897564,cam_4_1690331786_19-36-26.jpg
612,592,1732.7792450002357,570.6200041154932,2098.271756392218,759.918471429401,cam_4_1690331786_19-36-26.jpg
612,616,2302.149707941166,547.9711694010795,2723.683800786541,831.9633177095918,cam_4_1690331786_19-36-26.jpg
612,619,2306.5209999011977,430.3837442231701,3019.1192485925767,830.486145162474,cam_4_1690331786_19-36-26.jpg
612,624,3025.2115424950307,238.42901853622132,3226.326559423867,470.3532890867342,cam_4_1690331786_19-36-26.jpg
612,637,2120.7050111023495,619.3682359175297,2653.8187768566827,919.6821902891174,cam_4_1690331786_19-36-26.jpg
612,664,3604.697055369049,416.3447316635726,4024.7287600041855,647.9109626709742,cam_4_1690331786_19-36-26.jpg
612,680,1964.138677369242,534.5983191332396,2270.0037656822824,691.3114299372098,cam_4_1690331786_19-36-26.jpg
613,321,2768.835472793132,371.6835861353391,3152.710643034536,554.94946217344,cam_4_1690331831_19-37-11.jpg
613,379,2720.950368718853,412.17816039513434,3083.279879747622,595.4459986259747,cam_4_1690331831_19-37-11.jpg
613,551,3617.978064086719,320.45776967067786,3912.9529486122183,451.0155369045474,cam_4_1690331831_19-37-11.jpg
613,587,3437.8610753650883,503.4175410314275,4059.64658712134,946.8974336243457,cam_4_1690331831_19-37-11.jpg
613,592,1733.5696355868486,571.1935683524532,2097.671302793467,759.4664126621244,cam_4_1690331831_19-37-11.jpg
613,616,2300.7989029923033,548.0649996919889,2717.9980634940607,828.5525062165275,cam_4_1690331831_19-37-11.jpg
613,619,2318.07119380204,420.646133298928,3035.5069269711767,838.570550251597,cam_4_1690331831_19-37-11.jpg
613,624,3039.0532114193966,235.8874624728034,3244.335906433439,470.50475528828736,cam_4_1690331831_19-37-11.jpg
613,637,2100.2578029704096,614.9870857769383,2646.7092024727417,921.9870767802071,cam_4_1690331831_19-37-11.jpg
613,673,3494.2372080392006,412.29955930170325,4084.2486102614776,714.7762042678173,cam_4_1690331831_19-37-11.jpg
613,680,1964.292657764129,531.4114065431779,2261.738149647542,681.3541220042054,cam_4_1690331831_19-37-11.jpg
614,321,2765.06877946211,368.65013573116687,3155.048604006467,556.3695592215975,cam_4_1690331921_19-38-41.jpg
614,379,2709.932944131233,412.73095398344697,3073.930529488103,595.5684638291925,cam_4_1690331921_19-38-41.jpg
614,551,3628.191081847369,321.2841941480025,3882.650854481062,424.53051553405345,cam_4_1690331921_19-38-41.jpg
614,587,3441.8529412009657,500.5532710617153,4069.6162307451486,946.2907096891506,cam_4_1690331921_19-38-41.jpg
614,592,1735.808901503873,573.772034993872,2105.5243203106916,764.1611591490137,cam_4_1690331921_19-38-41.jpg
614,616,2301.1434069555157,547.2699339537224,2721.0681852005373,830.2150120173052,cam_4_1690331921_19-38-41.jpg
614,619,2325.769906718197,420.83070478135176,3024.492893880614,838.793038864512,cam_4_1690331921_19-38-41.jpg
614,637,2087.294915634966,612.7634298108686,2636.3072823582597,919.670516910385,cam_4_1690331921_19-38-41.jpg
614,673,3553.9703473626564,405.83779159283597,4082.3135421109964,662.8167014237356,cam_4_1690331921_19-38-41.jpg
614,686,3227.112426122618,833.4409909426374,3946.341619023806,1750.048532489552,cam_4_1690331921_19-38-41.jpg
615,321,2764.4365334984323,366.38215928902235,3157.1004493473833,556.4602040408415,cam_4_1690332101_19-41-41.jpg
615,379,2704.295387828852,410.5525968227987,3077.813515561683,598.3655536220633,cam_4_1690332101_19-41-41.jpg
615,587,3430.313046535626,499.9691753542123,4060.3784270354477,950.5717702774778,cam_4_1690332101_19-41-41.jpg
615,616,2300.829728280471,545.8469681068615,2717.61948070307,826.9760596287631,cam_4_1690332101_19-41-41.jpg
615,637,2083.706784501531,616.9671660546222,2628.7448281629304,918.5878298304781,cam_4_1690332101_19-41-41.jpg
615,641,2380.3132216293575,418.26518502420146,2990.4665250109883,844.2770554572899,cam_4_1690332101_19-41-41.jpg
615,657,3497.0925176474393,408.58680035500777,4061.676537093048,748.4278345310163,cam_4_1690332101_19-41-41.jpg
615,673,3520.4860047092416,404.19641608278687,3993.412314177203,638.1250476594977,cam_4_1690332101_19-41-41.jpg
615,686,3195.664649210203,868.7448254008327,3937.2706991653645,1803.3906209234387,cam_4_1690332101_19-41-41.jpg
616,321,2770.499916385334,365.0578417828408,3160.4816540664306,555.5479009116935,cam_4_1690332221_19-43-41.jpg
616,379,2713.336949987977,415.15383939575634,3073.857036625296,596.38119839695,cam_4_1690332221_19-43-41.jpg
616,587,3432.6158819191082,503.4590074017594,4068.665096710477,953.9187612418382,cam_4_1690332221_19-43-41.jpg
616,616,2304.1972991279654,547.3664188648036,2723.988300953637,832.6535283775344,cam_4_1690332221_19-43-41.jpg
616,626,3476.7953663238236,432.44086806108965,3903.184913490085,628.6273050111328,cam_4_1690332221_19-43-41.jpg
616,637,2080.6661285163946,616.9994221573904,2627.7384778780615,918.2848222549653,cam_4_1690332221_19-43-41.jpg
616,641,2389.3366441282087,413.67360894027183,2976.295816946837,832.2969881220054,cam_4_1690332221_19-43-41.jpg
616,657,3509.7732072486306,412.65345070955317,4050.4870093213217,736.181167071783,cam_4_1690332221_19-43-41.jpg
616,673,3569.748092063014,372.03719312879923,4032.2910176538244,591.798222533452,cam_4_1690332221_19-43-41.jpg
616,686,3202.3311898152265,911.0716963012237,3970.98494370613,1860.732507781223,cam_4_1690332221_19-43-41.jpg
616,687,3521.7002442919,343.7319014626078,3952.582090365908,449.0660486059452,cam_4_1690332221_19-43-41.jpg
617,321,2771.9918330522587,365.30753611718853,3158.0433818625966,554.7425138369917,cam_4_1690332236_19-43-56.jpg
617,379,2708.4502058142734,411.95024489016816,3074.0162731880564,595.9216484653818,cam_4_1690332236_19-43-56.jpg
617,585,3483.9044497383443,428.2674157522922,4174.592977811915,700.8960335607394,cam_4_1690332236_19-43-56.jpg
617,587,3432.0787488009473,508.6500691494013,4062.7595312080293,951.800026563028,cam_4_1690332236_19-43-56.jpg
617,616,2302.482655497876,544.1729607989353,2722.123190048072,830.238440419193,cam_4_1690332236_19-43-56.jpg
617,626,3485.245813498929,427.6020927535004,3903.1312303431896,621.7337496734863,cam_4_1690332236_19-43-56.jpg
617,637,2082.589519104464,617.2055582140531,2628.228989117059,915.4817132827131,cam_4_1690332236_19-43-56.jpg
617,641,2387.5702658923074,412.4132774953963,2962.421191207997,826.2576205518517,cam_4_1690332236_19-43-56.jpg
617,686,3129.4327634424185,922.2447129690214,3959.504665687926,1940.9157870207496,cam_4_1690332236_19-43-56.jpg
617,687,3519.6224079471094,341.0682688014496,3972.0102760726886,452.75277141269345,cam_4_1690332236_19-43-56.jpg
617,690,2068.8431783156625,488.9753373119869,2433.837658769996,654.8325628012285,cam_4_1690332236_19-43-56.jpg
618,321,2780.6576848299396,362.14682690941066,3153.752352971624,545.8050468547874,cam_4_1690332326_19-45-26.jpg
618,379,2697.6790602612673,410.3982048015419,3070.543493351928,598.8635076213924,cam_4_1690332326_19-45-26.jpg
618,587,3442.1096082714616,508.66422389079526,4085.8663894798174,951.5531278007686,cam_4_1690332326_19-45-26.jpg
618,616,2305.842881943427,542.6159654996835,2722.9750531157615,827.9654890139395,cam_4_1690332326_19-45-26.jpg
618,626,3472.194978249455,427.30991371976853,3899.55346189521,626.549345938766,cam_4_1690332326_19-45-26.jpg
618,637,2084.6218772559923,630.7792480953955,2613.7283402843013,915.8707191151782,cam_4_1690332326_19-45-26.jpg
618,641,2397.0517984942103,411.1869331224212,2964.0652749567876,825.7720448809853,cam_4_1690332326_19-45-26.jpg
618,660,3623.562844238912,331.70514425567853,3906.4668055950797,421.5368536402107,cam_4_1690332326_19-45-26.jpg
618,686,3118.4460723385123,945.3578670381485,3924.0820788076644,1915.7351755914815,cam_4_1690332326_19-45-26.jpg
618,687,3523.1875994361994,349.34285488951923,3957.436242440645,457.3069281425871,cam_4_1690332326_19-45-26.jpg
618,690,2055.2578685208837,487.3039143003293,2441.57878535706,663.4464554941844,cam_4_1690332326_19-45-26.jpg
619,321,2775.1847236340377,365.1312052782556,3155.216951532954,552.6274514356146,cam_4_1690332371_19-46-11.jpg
619,379,2699.4072342295885,411.6625420020235,3072.8578845441425,600.3850677496632,cam_4_1690332371_19-46-11.jpg
619,587,3416.1990598280468,511.7398671044681,4057.3115950858255,953.5403931107281,cam_4_1690332371_19-46-11.jpg
619,616,2306.90546882139,546.3132115553158,2719.1116250639056,828.1116659967807,cam_4_1690332371_19-46-11.jpg
619,626,3475.7725823495757,432.79210750883817,3887.596715232257,624.8714413387008,cam_4_1690332371_19-46-11.jpg
619,637,2081.5793711654565,634.7953822634315,2610.397662281899,915.7586005585852,cam_4_1690332371_19-46-11.jpg
619,641,2394.9679631125564,413.11691158954494,2958.138797268896,826.7581778762806,cam_4_1690332371_19-46-11.jpg
619,657,3506.148343345075,427.81022944474057,4049.3409003981396,749.7836451620738,cam_4_1690332371_19-46-11.jpg
619,660,3618.0240598509963,335.06567008023285,3911.895264071496,427.83252558333385,cam_4_1690332371_19-46-11.jpg
619,686,3095.874725551415,955.7956111325423,3941.711130945346,1959.190049750925,cam_4_1690332371_19-46-11.jpg
619,687,3533.3501616668855,352.82342088344456,3959.0992539740473,459.87442508698274,cam_4_1690332371_19-46-11.jpg
619,690,2055.2425495449056,485.39788036689356,2440.8900006402073,661.7374567717347,cam_4_1690332371_19-46-11.jpg
620,321,2774.898738925686,363.5726842418195,3160.895376282984,555.6415042361511,cam_4_1690332416_19-46-56.jpg
620,379,2693.235790202091,405.3507183022635,3078.1544562091485,600.6637258969845,cam_4_1690332416_19-46-56.jpg
620,561,2388.973821302946,416.04639330645534,2938.7901603484884,659.5405344393412,cam_4_1690332416_19-46-56.jpg
620,585,3473.498210201724,431.1395588730064,4112.641063567669,685.6149754560606,cam_4_1690332416_19-46-56.jpg
620,587,3412.6561677442382,515.1415753443212,4054.914277902118,956.2942373141631,cam_4_1690332416_19-46-56.jpg
620,616,2315.4546833313193,547.9077119736379,2693.9490301321075,804.6715969328832,cam_4_1690332416_19-46-56.jpg
620,637,2072.1099893291926,623.742754303383,2625.8232725541666,916.2021118089525,cam_4_1690332416_19-46-56.jpg
620,660,3625.5121337330074,336.56217034398014,3912.0853345799296,427.4145959361911,cam_4_1690332416_19-46-56.jpg
620,686,2931.5076035527914,926.3613314305327,3703.916455188508,1853.3550303519023,cam_4_1690332416_19-46-56.jpg
620,687,3547.8834216420028,353.4834407038349,3958.516748410286,458.0428629652396,cam_4_1690332416_19-46-56.jpg
620,690,2052.9047899555785,484.9764026421305,2436.416443095891,660.6221299292267,cam_4_1690332416_19-46-56.jpg
620,696,3543.117511471624,377.0209273047214,3903.38302685791,486.7386490277751,cam_4_1690332416_19-46-56.jpg
620,697,1087.2853628497862,690.4260908630708,1533.6205727479642,1319.331923046806,cam_4_1690332416_19-46-56.jpg
621,321,2777.2023217183732,364.8780762849657,3160.5179477971506,557.1007603682708,cam_4_1690332551_19-49-11.jpg
621,379,2688.6237314032733,406.3606438407297,3081.1288965659605,605.1913297448375,cam_4_1690332551_19-49-11.jpg
621,585,3425.7012715988467,465.10614214186563,4165.504170137209,790.7616183329319,cam_4_1690332551_19-49-11.jpg
621,587,3463.6906949990057,493.76291192109136,3999.294151309912,870.8315828735288,cam_4_1690332551_19-49-11.jpg
621,616,2307.955718270182,544.4809417389727,2715.115135947121,821.6769739052808,cam_4_1690332551_19-49-11.jpg
621,637,2065.1067410948917,616.568807499157,2631.6387561727897,914.884888705428,cam_4_1690332551_19-49-11.jpg
621,641,2405.275263294341,415.1151580119808,2962.8647771224323,825.1289376247285,cam_4_1690332551_19-49-11.jpg
621,660,3587.820031079275,338.73650614320354,3950.7940556565504,459.6086738523842,cam_4_1690332551_19-49-11.jpg
621,690,2056.3568686926674,484.0400313516009,2434.0605989952023,657.2262383953384,cam_4_1690332551_19-49-11.jpg
621,696,3412.4995750792523,372.17767781865496,3936.5623472098073,534.4411610457921,cam_4_1690332551_19-49-11.jpg
621,697,1124.8325372044144,760.3603603493841,1451.7435759531577,1170.3431190694273,cam_4_1690332551_19-49-11.jpg
622,321,2778.5897510289014,364.83297157287836,3160.8438865627113,557.8891973029795,cam_4_1690332566_19-49-26.jpg
622,379,2690.6243924526007,407.8734531704007,3081.3681247222034,605.5476434189991,cam_4_1690332566_19-49-26.jpg
622,587,3524.962128392329,485.3067160913561,4016.411450519998,830.0657911549793,cam_4_1690332566_19-49-26.jpg
622,616,2305.8232987679307,543.2152768827139,2720.87325217924,826.8404124609802,cam_4_1690332566_19-49-26.jpg
622,637,2063.259250793905,612.8308068348737,2636.5947370868353,914.4258713323654,cam_4_1690332566_19-49-26.jpg
622,641,2410.0706520682397,415.1860023871214,2968.438391757055,826.4639873439924,cam_4_1690332566_19-49-26.jpg
622,660,3593.697873046754,338.09458465932767,3944.3783033688264,456.8650108403016,cam_4_1690332566_19-49-26.jpg
622,664,3551.724412932162,495.1844730705212,3889.267454294916,678.740931593695,cam_4_1690332566_19-49-26.jpg
622,690,2057.8026039607216,482.8952898255984,2431.861475660074,654.6739269333434,cam_4_1690332566_19-49-26.jpg
622,696,3452.448507959606,368.4471078436107,4036.809381044187,550.8456180781461,cam_4_1690332566_19-49-26.jpg
623,538,2768.329918405309,360.0922610175836,3145.1824259383457,510.11283789571735,cam_4_1690332731_19-52-11.jpg
623,587,3582.639404735918,459.22180677110407,3987.9138823941275,718.8335383443904,cam_4_1690332731_19-52-11.jpg
623,616,2306.575206996,542.6193717202257,2721.6489185140917,826.6496604828227,cam_4_1690332731_19-52-11.jpg
623,637,2068.3062708025723,617.7325945147089,2633.2967208650234,912.8793715247175,cam_4_1690332731_19-52-11.jpg
623,641,2413.6399663463944,418.34651030080784,2966.2016920430924,822.6663025613492,cam_4_1690332731_19-52-11.jpg
623,660,3586.262290668522,343.6302111214415,3933.199546907251,461.8306348593256,cam_4_1690332731_19-52-11.jpg
623,664,3497.3365824401853,470.69787636288976,3880.3974731077546,677.2564558275598,cam_4_1690332731_19-52-11.jpg
623,690,2053.905608022437,487.54669065155383,2435.725489263761,662.8724776301193,cam_4_1690332731_19-52-11.jpg
623,696,3515.571255236566,367.27057456723907,4084.5122821866034,544.8082693412284,cam_4_1690332731_19-52-11.jpg
623,702,3308.164838356638,602.6816005612495,4056.027370070328,1075.5214785883854,cam_4_1690332731_19-52-11.jpg
623,703,878.1519129839561,857.9507901662171,1981.1260514141813,1634.5507131009385,cam_4_1690332731_19-52-11.jpg
624,538,2777.3654099310183,359.5564790516785,3152.6806087420823,511.5669259126629,cam_4_1690332821_19-53-41.jpg
624,587,3547.8586358928496,457.47700534067747,3955.5541392241917,710.2422057754753,cam_4_1690332821_19-53-41.jpg
624,616,2305.0969967597766,538.3113194852994,2725.775045564978,827.723710895405,cam_4_1690332821_19-53-41.jpg
624,637,2068.8287148940703,616.2390706280877,2636.6424627062424,912.035216679574,cam_4_1690332821_19-53-41.jpg
624,641,2462.5505585686374,412.6528704380635,3013.9720653516847,824.718950528609,cam_4_1690332821_19-53-41.jpg
624,660,3588.5984426403143,344.95213023968637,3913.5015742574546,454.1511751401073,cam_4_1690332821_19-53-41.jpg
624,664,3479.976559384434,465.8817362220423,3890.7609044448022,690.6671030251549,cam_4_1690332821_19-53-41.jpg
624,690,2057.944994319568,486.75994366035707,2439.047271699164,661.9209222499944,cam_4_1690332821_19-53-41.jpg
624,696,3504.5211105930484,381.91951631470545,4110.750053628009,571.2940992401826,cam_4_1690332821_19-53-41.jpg
624,702,3261.913640433554,600.0551445793759,4073.906958955573,1115.2290915500434,cam_4_1690332821_19-53-41.jpg
625,195,3472.8436996143673,412.63376391465954,4036.691206257396,786.9120724771935,cam_4_1690333076_19-57-56.jpg
625,538,2691.63708713472,332.7903239479514,3270.5591318188976,598.1841091137278,cam_4_1690333076_19-57-56.jpg
625,563,1923.521382477756,578.6949939193873,2774.2944806169085,1100.0239425734112,cam_4_1690333076_19-57-56.jpg
625,626,3566.915156266096,371.0311819632916,4017.175765680511,579.8353365367636,cam_4_1690333076_19-57-56.jpg
625,641,2443.6774650224056,408.0114398447987,2988.078014450209,810.7317362709553,cam_4_1690333076_19-57-56.jpg
625,642,2206.694414899651,306.46083456098955,2551.327843861604,452.9167243605877,cam_4_1690333076_19-57-56.jpg
625,657,3563.5636375321055,373.95001009258175,3911.842394252922,576.6897908410872,cam_4_1690333076_19-57-56.jpg
625,690,2087.4269494636496,482.07906071828336,2425.7052626869618,635.0966603361198,cam_4_1690333076_19-57-56.jpg
625,707,1426.250009811457,407.4285077779931,2065.7044085427524,777.3437128946275,cam_4_1690333076_19-57-56.jpg
626,195,3495.7908254254376,419.4522237430814,4046.361672912744,792.1526615486016,cam_4_1690333091_19-58-11.jpg
626,538,2658.7242788968824,321.1047783899718,3286.8130624216274,632.3360379805023,cam_4_1690333091_19-58-11.jpg
626,563,1914.7180260855664,573.8061598859618,2766.112468197134,1109.7932935849785,cam_4_1690333091_19-58-11.jpg
626,626,3580.99136601764,372.5486809718445,4060.208875934708,592.464745385415,cam_4_1690333091_19-58-11.jpg
626,641,2448.7747151325602,407.1460872709173,2985.5362482081755,803.0809572772323,cam_4_1690333091_19-58-11.jpg
626,642,2199.167394355803,305.6520750415791,2542.8102614822037,452.9647419545799,cam_4_1690333091_19-58-11.jpg
626,690,2103.877878885049,479.63886291551995,2427.9004130629346,623.7232217242973,cam_4_1690333091_19-58-11.jpg
626,707,1449.1590653774558,414.2682322635498,2059.8692405248175,768.5449215950657,cam_4_1690333091_19-58-11.jpg
626,710,3549.255205092858,377.24791462991334,3930.4924397782343,491.1313966049079,cam_4_1690333091_19-58-11.jpg
627,195,3490.2636705102827,419.13866040523703,4040.6545848560704,796.9149458600054,cam_4_1690333106_19-58-26.jpg
627,538,2653.2143454647257,314.33518961931077,3284.912543356848,647.0187690026573,cam_4_1690333106_19-58-26.jpg
627,563,1870.612061681407,560.6794347619193,2736.7970056879544,1128.2133052280037,cam_4_1690333106_19-58-26.jpg
627,641,2470.3851470093023,405.53095504034127,3002.9702442505904,800.981729318037,cam_4_1690333106_19-58-26.jpg
627,642,2186.721389068691,306.0595267070341,2532.997196878833,453.37371149116495,cam_4_1690333106_19-58-26.jpg
627,707,1498.6499922586645,418.89637405703274,2089.878817919108,762.9817523626548,cam_4_1690333106_19-58-26.jpg
627,710,3566.136690926073,377.61526317192215,3928.88740138736,486.19692222899874,cam_4_1690333106_19-58-26.jpg
627,712,3044.566298547989,799.8653872046982,4078.497174405061,1657.7994478182927,cam_4_1690333106_19-58-26.jpg
628,195,3502.113534001686,415.90231021213236,4043.005100738662,791.1069543885421,cam_4_1690333181_19-59-41.jpg
628,321,2785.0911432654407,362.7135532147541,3161.676448195585,554.8825323505433,cam_4_1690333181_19-59-41.jpg
628,616,2310.3726668153818,542.1960048153146,2722.418478914754,826.499739284128,cam_4_1690333181_19-59-41.jpg
628,624,3131.515575594015,317.011577197553,3364.3298317264994,604.64741689115,cam_4_1690333181_19-59-41.jpg
628,637,2052.836746064378,617.912060793776,2623.4036506900898,912.0041773092541,cam_4_1690333181_19-59-41.jpg
628,641,2476.9087657660198,409.03599380726,3009.261447528827,805.7343574019308,cam_4_1690333181_19-59-41.jpg
628,642,2202.150120813233,306.2424545862783,2529.689077627805,445.0525777212376,cam_4_1690333181_19-59-41.jpg
628,690,2072.4575191319373,484.6492439376737,2437.007149192791,646.8986321644085,cam_4_1690333181_19-59-41.jpg
628,702,3128.839908665956,748.0590664087113,3994.2619788908073,1293.8974286917228,cam_4_1690333181_19-59-41.jpg
628,707,1542.5628054024123,415.0823109700151,2078.969657017352,732.0758491553887,cam_4_1690333181_19-59-41.jpg
629,195,3453.350732579203,415.05299975611206,3977.4072400231516,786.5576596019887,cam_4_1690333211_20-00-11.jpg
629,321,2785.212580818063,366.85530038962975,3155.3647593278884,556.2540824841496,cam_4_1690333211_20-00-11.jpg
629,525,1703.5086145875462,364.8965430425463,2063.494213369954,542.283127789354,cam_4_1690333211_20-00-11.jpg
629,587,3610.750187142964,329.8874938272296,3949.7143117362984,542.429187692414,cam_4_1690333211_20-00-11.jpg
629,616,2313.1275675871548,547.2817937914322,2717.677577327839,826.424164887446,cam_4_1690333211_20-00-11.jpg
629,637,2052.7951754895657,623.3001080276395,2620.0444676528828,912.8182817727371,cam_4_1690333211_20-00-11.jpg
629,641,2472.9513941410196,409.50825878650585,3003.9803490180134,807.5120153999524,cam_4_1690333211_20-00-11.jpg
629,642,2199.6966017104505,305.45057596910044,2535.6521203816715,448.9203504125146,cam_4_1690333211_20-00-11.jpg
629,690,2070.929455210408,485.57865841014234,2454.279115748868,656.9374087863773,cam_4_1690333211_20-00-11.jpg
629,702,3122.866821325998,766.534557810161,3993.4918512876675,1312.642528074733,cam_4_1690333211_20-00-11.jpg
629,707,1584.953844937523,405.7227807681374,2111.0028895023565,717.1749684133727,cam_4_1690333211_20-00-11.jpg
630,195,3527.3624221145014,393.5852888658134,3990.929712865572,717.0306389455106,cam_4_1690333271_20-01-11.jpg
630,321,2789.30918451525,373.1601752128874,3149.8890849786812,557.1553936941201,cam_4_1690333271_20-01-11.jpg
630,587,3672.1427685030717,324.93816360195774,3896.0327202770914,448.64372413702296,cam_4_1690333271_20-01-11.jpg
630,592,1801.2543563402874,378.788356720001,2307.783876466787,641.2737651823475,cam_4_1690333271_20-01-11.jpg
630,616,2311.6589615478033,548.0787081469422,2713.4827277661802,824.1240144351966,cam_4_1690333271_20-01-11.jpg
630,637,2051.3931688808393,626.4039750624463,2615.1466876987397,910.8682244710648,cam_4_1690333271_20-01-11.jpg
630,641,2464.316120795098,399.81242214422764,2958.6676732674123,766.7430203587219,cam_4_1690333271_20-01-11.jpg
630,707,1603.915318634107,409.8910662187548,2122.7544320702746,717.5181186954355,cam_4_1690333271_20-01-11.jpg
631,195,3535.667191218157,431.8356219536053,4017.002745415657,761.6910041234034,cam_4_1690333421_20-03-41.jpg
631,321,2782.357199107704,372.9029004653948,3147.3849371204287,558.4811265664841,cam_4_1690333421_20-03-41.jpg
631,587,3685.422288390754,312.86699387568666,3882.38271950487,415.90524628652344,cam_4_1690333421_20-03-41.jpg
631,592,1813.184456026348,374.99132483605115,2273.871322726642,598.9873858690526,cam_4_1690333421_20-03-41.jpg
631,616,2305.2122477046537,544.9264439702149,2716.5327391611845,828.4535696117912,cam_4_1690333421_20-03-41.jpg
631,637,2049.7217776447073,627.0016456880956,2619.7302213812904,912.3383654552482,cam_4_1690333421_20-03-41.jpg
631,641,2422.659005262193,410.0341864905005,2954.151896446014,800.6878655554966,cam_4_1690333421_20-03-41.jpg
631,660,3542.585043293837,375.4657976509031,3904.7307652705936,498.43103624528726,cam_4_1690333421_20-03-41.jpg
631,707,1620.8000823450855,416.8027954357341,2132.415675132133,717.306785492255,cam_4_1690333421_20-03-41.jpg
631,714,3046.768618287267,213.44367165044113,3212.780940256209,435.19805633387864,cam_4_1690333421_20-03-41.jpg
632,195,3532.1476449333854,445.8598841911147,4022.7210896268734,778.6184922585169,cam_4_1690333466_20-04-26.jpg
632,321,2782.372550500248,370.77873396497716,3148.8331644527507,557.2271089747844,cam_4_1690333466_20-04-26.jpg
632,616,2307.672649586705,540.089733480791,2715.432470552805,821.3766819960538,cam_4_1690333466_20-04-26.jpg
632,637,2045.7595306724997,627.338493705234,2617.4319196764945,911.1907626261275,cam_4_1690333466_20-04-26.jpg
632,641,2423.9251697891254,412.03314587170973,2965.740180122797,810.2373101122148,cam_4_1690333466_20-04-26.jpg
632,660,3499.0685062396715,336.46157119498633,3924.1906428111665,482.5741664611879,cam_4_1690333466_20-04-26.jpg
632,680,1761.848648255342,384.21918459311956,2240.314880797563,628.6352094076516,cam_4_1690333466_20-04-26.jpg
632,707,1572.3138594546108,418.88553833995746,2126.7286343374535,744.4357534233789,cam_4_1690333466_20-04-26.jpg
632,714,2991.2083230141698,211.5038662533435,3163.7414825102337,435.2279075922845,cam_4_1690333466_20-04-26.jpg
633,195,3537.2884960106885,451.8954403263706,4038.0174572289525,785.6493714051826,cam_4_1690333481_20-04-41.jpg
633,321,2783.9816302617583,375.2381546221871,3144.6148643674337,557.4974223451599,cam_4_1690333481_20-04-41.jpg
633,616,2309.0179082232094,540.3969398494623,2715.557187358868,821.202912546106,cam_4_1690333481_20-04-41.jpg
633,619,2783.329768511633,213.00973280432154,3143.0970189092263,428.581852101864,cam_4_1690333481_20-04-41.jpg
633,637,2043.6986334899502,626.7864030081655,2620.3012528322015,911.2452883652155,cam_4_1690333481_20-04-41.jpg
633,641,2423.024016324334,417.82331280590125,2966.4987050181526,814.9129943301198,cam_4_1690333481_20-04-41.jpg
633,660,3479.5703243839007,321.75163437583615,3917.645994631124,475.5344692473167,cam_4_1690333481_20-04-41.jpg
633,680,1761.403336208638,377.5557248336255,2242.254032007675,620.1034934386327,cam_4_1690333481_20-04-41.jpg
633,707,1559.8987210274452,422.89664757789683,2118.1266459011013,750.034112996686,cam_4_1690333481_20-04-41.jpg
633,710,3522.2656518777703,368.81597635738797,3906.304342611718,483.6190893803908,cam_4_1690333481_20-04-41.jpg
634,195,3454.4833034773737,494.5985093716037,4065.880369542548,899.3600867291971,cam_4_1690333901_20-11-41.jpg
634,321,2781.02564048559,374.3635886131756,3142.333298012837,556.5021973156697,cam_4_1690333901_20-11-41.jpg
634,616,2254.5249330784313,510.66336861922196,2862.970865152199,937.0599250368878,cam_4_1690333901_20-11-41.jpg
634,641,2449.716834121392,417.28004680468325,3000.359331926239,824.6557953243951,cam_4_1690333901_20-11-41.jpg
634,664,3490.432710201043,341.8392872559736,3905.824598333275,571.5380876044646,cam_4_1690333901_20-11-41.jpg
634,680,1759.2921688382303,371.3404120687216,2297.1617535473265,657.4171938171589,cam_4_1690333901_20-11-41.jpg
634,707,1591.3054005099127,421.1607389152779,2103.528745847352,723.3161906097728,cam_4_1690333901_20-11-41.jpg
635,195,3400.3987879595047,508.1010619656224,4059.2226522101814,946.576406479719,cam_4_1690334066_20-14-26.jpg
635,321,2779.1968754826103,375.7750184346926,3142.1251623325006,557.870370335907,cam_4_1690334066_20-14-26.jpg
635,585,3476.4854235559333,399.3311254483723,4069.9479965285673,663.5733368771113,cam_4_1690334066_20-14-26.jpg
635,592,1795.7346039531667,379.2859273410774,2263.803616875507,604.2534270210322,cam_4_1690334066_20-14-26.jpg
635,616,2240.3001223962406,503.3508800349274,2940.1039830974805,992.7215025451685,cam_4_1690334066_20-14-26.jpg
635,641,2517.311679487949,415.88388420748305,2927.587011204394,695.824098502341,cam_4_1690334066_20-14-26.jpg
635,664,3502.5898745366626,376.57829431958635,3887.450336732304,584.5989559847403,cam_4_1690334066_20-14-26.jpg
635,707,1628.5066950630596,419.4385413946255,1986.159122619913,622.1320739905752,cam_4_1690334066_20-14-26.jpg
636,379,2437.8514897483565,412.5944413874738,2937.137070423179,662.0282973961612,cam_4_1690334156_20-15-56.jpg
636,563,1774.4320068441923,546.2745480001524,2552.161112402254,1051.9628427225207,cam_4_1690334156_20-15-56.jpg
636,585,3414.00756480977,397.3043905431714,4121.36024651531,733.4253860160691,cam_4_1690334156_20-15-56.jpg
636,592,1798.3018457053774,378.35892154401427,2238.2543610813486,584.8793733265736,cam_4_1690334156_20-15-56.jpg
636,616,2295.495850530743,568.3544182830844,3018.613654149595,1074.7896351534964,cam_4_1690334156_20-15-56.jpg
636,675,2642.8173297669086,329.49221960618445,3110.1224727045137,506.4616183923216,cam_4_1690334156_20-15-56.jpg
636,707,1606.248053034718,421.1481751460075,2029.5004543903735,660.0563877948467,cam_4_1690334156_20-15-56.jpg
636,712,2823.8106369518096,470.58180647399894,3326.5078406269304,889.1743765868548,cam_4_1690334156_20-15-56.jpg
637,379,2364.7709189561147,415.4095978355375,3021.962148611623,760.2983563780336,cam_4_1690334456_20-20-56.jpg
637,585,3395.4631720546727,427.1769599902582,4112.4914776917385,781.3056757217553,cam_4_1690334456_20-20-56.jpg
637,626,3648.344962593845,291.9378039871267,4077.0910533989213,483.8323110314466,cam_4_1690334456_20-20-56.jpg
637,675,2600.322233287436,327.8286946627911,3225.066271011422,591.161681195312,cam_4_1690334456_20-20-56.jpg
637,686,1464.62322809765,521.9912374905008,1919.9203993589115,1085.4590407498404,cam_4_1690334456_20-20-56.jpg
637,707,1611.0278826257206,420.8069453811004,2094.403974448509,689.2773626442724,cam_4_1690334456_20-20-56.jpg
637,719,3511.8978507229594,304.9535694569755,4038.492357305142,487.4852879526649,cam_4_1690334456_20-20-56.jpg
638,379,2353.7505285177826,416.93295368696715,3039.870733851208,791.4063968511739,cam_4_1690334846_20-27-26.jpg
638,585,3409.849062666972,438.18841531742794,4140.9258906321065,800.9061074624626,cam_4_1690334846_20-27-26.jpg
638,619,2892.7007646363286,277.09567171357156,3195.840884556431,459.4615256619595,cam_4_1690334846_20-27-26.jpg
638,626,3602.278466696952,287.4036535079773,4020.1197761414173,485.7529741405293,cam_4_1690334846_20-27-26.jpg
638,707,1591.8967688381606,426.2253148029956,2081.2881725169477,699.2824761794716,cam_4_1690334846_20-27-26.jpg
638,712,2750.373642045271,336.7143952281024,3117.45461610626,638.0103688072827,cam_4_1690334846_20-27-26.jpg
639,379,2359.0608874359923,419.2000352261613,3037.8710442459583,801.5192146191699,cam_4_1690334921_20-28-41.jpg
639,585,3397.7035416845038,443.812143155185,4082.179112505283,790.5907993187801,cam_4_1690334921_20-28-41.jpg
639,619,2878.1671309505327,280.52577460404814,3213.378371036902,488.78561505971624,cam_4_1690334921_20-28-41.jpg
639,626,3580.5129625478107,284.38844646330057,4016.904942325535,503.9552566846495,cam_4_1690334921_20-28-41.jpg
639,707,1598.0335379174787,429.6943076723262,2086.5816230408873,701.6034361394063,cam_4_1690334921_20-28-41.jpg
639,712,2736.406402451359,324.116905948478,3101.4880930938752,622.2983685766519,cam_4_1690334921_20-28-41.jpg
639,720,3206.7723470796714,752.42648800025,3949.3207086831844,1390.598504207559,cam_4_1690334921_20-28-41.jpg
639,721,1940.7587786070906,531.847670699013,2318.536269151226,726.2518908737288,cam_4_1690334921_20-28-41.jpg
639,723,2288.225397721736,547.003418310605,2719.511434555237,824.3041177997787,cam_4_1690334921_20-28-41.jpg
640,379,2363.9655823842436,420.59909677594464,3034.4010174580453,808.0680509394365,cam_4_1690334981_20-29-41.jpg
640,585,3394.3155719333363,446.4890236063329,4051.289375376003,785.0922105142595,cam_4_1690334981_20-29-41.jpg
640,619,2883.758624855685,279.5676869333537,3214.863875906318,488.6731586267919,cam_4_1690334981_20-29-41.jpg
640,626,3577.617317025311,281.5596053819032,4001.7349538825397,504.69351541288114,cam_4_1690334981_20-29-41.jpg
640,707,1610.7517966958262,428.16533268637284,2115.537001619332,707.3676884628679,cam_4_1690334981_20-29-41.jpg
640,712,2728.0528212537133,318.8787986572505,3094.485442853742,617.359570240656,cam_4_1690334981_20-29-41.jpg
640,720,3304.088143161464,739.8186692259675,4024.4573312914613,1355.0626483671922,cam_4_1690334981_20-29-41.jpg
640,721,1944.629601493778,542.0550989266179,2319.2724601573573,733.9270520976444,cam_4_1690334981_20-29-41.jpg
640,723,2288.4818284285884,550.357136647493,2716.8095226366577,825.7597302729034,cam_4_1690334981_20-29-41.jpg
641,379,2367.0151072716453,418.986067032924,3028.326903887914,809.2546493967698,cam_4_1690335011_20-30-11.jpg
641,585,3399.6553709479513,445.8640712912826,4047.0410176321566,786.6568896084221,cam_4_1690335011_20-30-11.jpg
641,619,2888.5330771441863,281.11634826042683,3237.5729823181546,510.3097898256408,cam_4_1690335011_20-30-11.jpg
641,626,3589.3204074770624,281.5866289844092,4032.2942930976747,519.3559671301157,cam_4_1690335011_20-30-11.jpg
641,707,1616.3992871018088,427.1290453492854,2137.4570161036054,714.5822667745404,cam_4_1690335011_20-30-11.jpg
641,712,2729.8923249802647,322.86961976746835,3097.439861949245,621.679026474693,cam_4_1690335011_20-30-11.jpg
641,720,3302.5483353775803,747.0628051176462,4009.508217933688,1350.273131760082,cam_4_1690335011_20-30-11.jpg
641,721,1947.781012270426,543.6564815830666,2323.7050799114777,735.6564790776362,cam_4_1690335011_20-30-11.jpg
641,723,2286.2038543261456,548.2136657522517,2718.159858521003,826.171549218006,cam_4_1690335011_20-30-11.jpg
642,379,2370.888975513286,418.7700666910299,3022.4975861639323,809.9067899405374,cam_4_1690335056_20-30-56.jpg
642,585,3443.7950348269324,447.8290249807122,4090.824178260018,784.297326746092,cam_4_1690335056_20-30-56.jpg
642,624,2975.652154598917,292.58048634414604,3257.5699073895985,617.0109304382136,cam_4_1690335056_20-30-56.jpg
642,707,1604.3166944011912,429.97333035469,2114.0085823655177,710.0320335576146,cam_4_1690335056_20-30-56.jpg
642,712,2731.4993544099348,322.8918417502358,3098.120843188165,619.9417910306533,cam_4_1690335056_20-30-56.jpg
642,720,3301.9037883510405,744.3706851652162,4007.148863982362,1343.9896548249685,cam_4_1690335056_20-30-56.jpg
642,721,1938.5494175856277,537.335491762275,2317.959128827624,730.0792948482091,cam_4_1690335056_20-30-56.jpg
642,723,2286.4141886880598,546.8915980247874,2719.3105219258564,825.7430258643476,cam_4_1690335056_20-30-56.jpg
643,379,2375.0562686264193,418.7175180733326,3016.8108810114745,809.0083731811449,cam_4_1690335161_20-32-41.jpg
643,585,3453.5780121068988,451.32501659031846,4100.686615711128,784.8336697460813,cam_4_1690335161_20-32-41.jpg
643,624,3008.7474518794834,298.3667906619372,3287.632721837902,621.3550010877384,cam_4_1690335161_20-32-41.jpg
643,657,3685.124451637966,297.31469932813377,3925.16046099211,435.10511431332986,cam_4_1690335161_20-32-41.jpg
643,707,1609.5150082044888,426.3099432834417,2138.198093005446,716.0535213471171,cam_4_1690335161_20-32-41.jpg
643,712,2723.631105831788,321.84850137641547,3097.7477607488563,623.3409125231892,cam_4_1690335161_20-32-41.jpg
643,720,3187.400660585535,707.6185639525322,3926.9600396067217,1351.1632989322798,cam_4_1690335161_20-32-41.jpg
643,721,1939.9755676513078,540.0241321996334,2325.276066502427,735.3147190031827,cam_4_1690335161_20-32-41.jpg
643,723,2284.690537785493,547.9321928648934,2717.8773263067787,827.0803735574971,cam_4_1690335161_20-32-41.jpg
643,725,3666.069337821064,356.55026779436105,3870.3760574041926,492.7640273859626,cam_4_1690335161_20-32-41.jpg
644,379,2370.5034704746367,416.9318915149685,3005.545372034956,807.793998873314,cam_4_1690335176_20-32-56.jpg
644,585,3419.782635533841,453.14211828772466,4069.1511482105902,793.2350458716824,cam_4_1690335176_20-32-56.jpg
644,624,2992.276609559797,303.9213853349954,3284.4966818625803,630.3613681132385,cam_4_1690335176_20-32-56.jpg
644,657,3695.5900638138905,296.71597135520545,3923.830060126589,424.31836790610976,cam_4_1690335176_20-32-56.jpg
644,673,3608.5960391416365,371.311370771249,4057.175395044989,581.187698069473,cam_4_1690335176_20-32-56.jpg
644,707,1613.5708270536002,426.4729323744134,2137.520040903455,712.7955659416989,cam_4_1690335176_20-32-56.jpg
644,712,2720.3045286717056,325.61291310562626,3089.257765090564,622.1705487556547,cam_4_1690335176_20-32-56.jpg
644,720,3156.953948607908,701.1423508487367,3887.6712628843893,1352.7400904788908,cam_4_1690335176_20-32-56.jpg
644,721,1936.8610000056904,543.0597943416469,2325.0405754875724,738.5859041859158,cam_4_1690335176_20-32-56.jpg
644,723,2283.7428107378632,548.8364832941222,2715.8690988343583,827.3995931098533,cam_4_1690335176_20-32-56.jpg
644,725,3655.349935175175,372.58245055432747,3850.09176134117,499.5754415647076,cam_4_1690335176_20-32-56.jpg
645,379,2371.096823371009,416.94686074084933,2996.874429519525,805.6090892311752,cam_4_1690335191_20-33-11.jpg
645,585,3441.142648238549,453.30279367186495,4099.5737899853975,796.1860791226227,cam_4_1690335191_20-33-11.jpg
645,657,3695.3988592583405,297.8533731176164,3922.6895772785456,422.9283498201943,cam_4_1690335191_20-33-11.jpg
645,660,3563.9527620978333,375.40487795038655,3914.1700921577676,499.5215139399578,cam_4_1690335191_20-33-11.jpg
645,707,1591.4241748377399,428.2906444788489,2107.5371685415003,708.0965247553411,cam_4_1690335191_20-33-11.jpg
645,712,2725.8994221769713,324.5449010699016,3097.4258869970035,622.7258791753462,cam_4_1690335191_20-33-11.jpg
645,714,3087.671455669721,220.81333835252283,3260.8887795343185,446.3395527715154,cam_4_1690335191_20-33-11.jpg
645,720,3149.192389675767,700.2043819020238,3865.5040605946133,1355.8789501759743,cam_4_1690335191_20-33-11.jpg
645,721,1932.1291256286586,540.9497623356153,2321.2285280212354,735.6494421018571,cam_4_1690335191_20-33-11.jpg
645,723,2284.3041659160504,547.6255974006737,2715.7609605558714,825.8692801583265,cam_4_1690335191_20-33-11.jpg
646,379,2387.758087910891,420.3777493768175,2999.9041424366465,805.1103361385649,cam_4_1690335296_20-34-56.jpg
646,563,1538.1997688664806,413.7003819489317,2033.5388570373,731.4830573502215,cam_4_1690335296_20-34-56.jpg
646,585,3431.3520656781834,437.39802705185525,4128.229321427501,816.5679030845599,cam_4_1690335296_20-34-56.jpg
646,712,2741.2616331275526,326.74036865484425,3109.3062508066337,624.8831693393281,cam_4_1690335296_20-34-56.jpg
646,714,3069.5589610125544,215.71238592714343,3242.2110478005366,446.8004620719272,cam_4_1690335296_20-34-56.jpg
646,720,3279.459471940609,689.3384070980057,3952.241151687357,1304.7607361689447,cam_4_1690335296_20-34-56.jpg
646,721,1908.550702364098,526.9940983731955,2317.6105080070915,730.65126272705,cam_4_1690335296_20-34-56.jpg
646,723,2283.9302001758056,543.2103762807351,2719.206292920415,824.5223352786106,cam_4_1690335296_20-34-56.jpg
647,379,2386.609176440469,421.20219591944465,2992.3859707927486,804.7452825385801,cam_4_1690335476_20-37-56.jpg
647,561,2406.0392233716284,249.59265285101966,2745.859802782942,395.56885096951623,cam_4_1690335476_20-37-56.jpg
647,563,1575.2796316264582,424.81172391717894,2030.087197757957,724.0825949637738,cam_4_1690335476_20-37-56.jpg
647,712,2728.96318753066,327.23291108101,3103.6159144938983,630.8024420811478,cam_4_1690335476_20-37-56.jpg
647,714,3049.632043204513,213.96784694211289,3222.406057332024,443.5930077844445,cam_4_1690335476_20-37-56.jpg
647,720,3254.0715174572706,662.5049350659417,3892.727971365697,1268.0642982507316,cam_4_1690335476_20-37-56.jpg
647,721,1903.9989979097093,522.3628409272668,2321.2857772949474,730.6805657860325,cam_4_1690335476_20-37-56.jpg
647,723,2284.1940384876207,544.76883952698,2717.789844889933,825.2329246966659,cam_4_1690335476_20-37-56.jpg
648,379,2391.562524569776,419.55042259776747,2995.288524924499,806.0034949893959,cam_4_1690335491_20-38-11.jpg
648,561,2406.0762353797413,248.45714519462166,2749.570626034217,392.6640072419743,cam_4_1690335491_20-38-11.jpg
648,707,1614.3723888532857,433.55694476830763,2125.0066526531673,709.5096728481076,cam_4_1690335491_20-38-11.jpg
648,712,2728.7490292616944,327.2314950681647,3102.1699328377704,630.0021430844022,cam_4_1690335491_20-38-11.jpg
648,720,3244.8706319014054,647.2505199150376,3863.3408791789348,1254.8272613600675,cam_4_1690335491_20-38-11.jpg
648,721,1917.6647108215254,532.9090708884851,2317.6566989956314,731.239508960153,cam_4_1690335491_20-38-11.jpg
648,723,2286.4863582422986,546.0052185481384,2718.735286507522,825.8226502086986,cam_4_1690335491_20-38-11.jpg
648,726,3592.7878078999847,260.6755504096356,3903.0297154651375,500.7569785927539,cam_4_1690335491_20-38-11.jpg
649,379,2388.8747914448927,417.22078893052594,2994.822276960212,807.3831778140284,cam_4_1690335551_20-39-11.jpg
649,561,2394.3275122228515,246.60234393370826,2746.843176857648,391.79947996735353,cam_4_1690335551_20-39-11.jpg
649,707,1611.2523765893134,428.97530272476797,2134.998617768505,710.6523139709732,cam_4_1690335551_20-39-11.jpg
649,712,2731.0696260632026,326.23271836516005,3102.139764650003,627.2996409330447,cam_4_1690335551_20-39-11.jpg
649,714,3047.8217538255576,212.7321981002865,3219.4290615182495,435.92120821327535,cam_4_1690335551_20-39-11.jpg
649,720,3278.3805509852787,645.7739813890612,3869.3583075323886,1246.441624637198,cam_4_1690335551_20-39-11.jpg
649,721,1909.6661346508388,535.2462990330315,2315.9153046635183,736.2017789014055,cam_4_1690335551_20-39-11.jpg
649,723,2280.2084067301384,547.8914445644299,2711.451239705219,825.8838129310849,cam_4_1690335551_20-39-11.jpg
649,726,3645.7763588140892,268.31664885782357,3979.277061362923,525.1549239352889,cam_4_1690335551_20-39-11.jpg
649,729,3118.51248984694,222.33921407251484,3477.583185917136,457.0076507228936,cam_4_1690335551_20-39-11.jpg
649,730,3534.340966672091,485.38001926773507,3756.927177922591,728.7443001819202,cam_4_1690335551_20-39-11.jpg
650,379,2395.3401176538914,418.4839247851126,2992.2347693469574,805.9975269503047,cam_4_1690335566_20-39-26.jpg
650,561,2395.305282196601,248.3290938093037,2746.479267955438,391.6988831713851,cam_4_1690335566_20-39-26.jpg
650,626,3557.885744595204,290.15843663915587,4050.0998050875287,557.972414424175,cam_4_1690335566_20-39-26.jpg
650,664,3479.501508229942,276.2413387808433,3920.178683030779,523.1532009852947,cam_4_1690335566_20-39-26.jpg
650,707,1604.3768071720667,431.771317044079,2115.092816250694,704.4493067705603,cam_4_1690335566_20-39-26.jpg
650,712,2719.1093425862773,326.73989109016395,3094.5810735685927,631.0436096225969,cam_4_1690335566_20-39-26.jpg
650,720,3301.3137498680703,639.5137694364022,3881.454609814984,1247.6719029101496,cam_4_1690335566_20-39-26.jpg
650,721,1920.2068160834278,535.9243166873362,2324.2956256876914,734.5578090461479,cam_4_1690335566_20-39-26.jpg
650,723,2288.945370454007,551.5490895936591,2716.4368325149926,826.8284182488434,cam_4_1690335566_20-39-26.jpg
650,730,3549.688104780046,491.46011264719164,3759.96918190992,718.5604566056966,cam_4_1690335566_20-39-26.jpg
651,195,3335.7915193411145,514.6615600141839,3806.3740310288053,833.5407811593692,cam_4_1690335611_20-40-11.jpg
651,379,2390.813732024998,418.2319162713012,2984.110424217291,805.4389611160052,cam_4_1690335611_20-40-11.jpg
651,561,2394.5306932556973,248.95859348863564,2752.8629933556444,394.16066480663346,cam_4_1690335611_20-40-11.jpg
651,664,3501.176679491119,284.59205466084546,3936.5969534073706,538.7462273874851,cam_4_1690335611_20-40-11.jpg
651,707,1610.8385491393103,429.73459406141865,2136.465589186282,710.2062801848942,cam_4_1690335611_20-40-11.jpg
651,712,2722.4691392783425,327.7845597933697,3100.4754363786296,634.6246337844058,cam_4_1690335611_20-40-11.jpg
651,720,3301.720085516322,648.7455121861492,3855.088819041952,1246.3370924567698,cam_4_1690335611_20-40-11.jpg
651,721,1924.85956344732,541.8623753313284,2320.1999725307737,734.9763284798166,cam_4_1690335611_20-40-11.jpg
651,723,2291.7133971279272,551.1661692544048,2720.9181396051094,827.1939742232297,cam_4_1690335611_20-40-11.jpg
652,379,2396.884157015957,417.6260993865686,2988.25073027195,807.197425941301,cam_4_1690335731_20-42-11.jpg
652,561,2395.4426926911574,248.75035999812545,2751.7240637299487,391.8052751267363,cam_4_1690335731_20-42-11.jpg
652,707,1646.829128184336,423.1563619328979,2048.6605145773724,625.7248401638374,cam_4_1690335731_20-42-11.jpg
652,712,2714.44206727847,327.08723349438526,3098.2899818702076,639.0585007642044,cam_4_1690335731_20-42-11.jpg
652,720,3437.2920424362737,599.832005216715,3933.9607291001457,1132.0017572437691,cam_4_1690335731_20-42-11.jpg
652,721,1938.6671495894473,541.5074407992207,2329.3831218597984,732.9355973158396,cam_4_1690335731_20-42-11.jpg
652,723,2293.724415108191,553.7105607428433,2720.1751737070736,827.191951373292,cam_4_1690335731_20-42-11.jpg
652,726,3646.766671703704,296.6881573541117,4022.7682800734774,584.6988467326969,cam_4_1690335731_20-42-11.jpg
653,379,2402.477502395075,418.4472782199798,2988.0715763268936,806.9175912244198,cam_4_1690335746_20-42-26.jpg
653,561,2394.2682099553845,249.56070718985984,2751.4612144032035,391.7652493207022,cam_4_1690335746_20-42-26.jpg
653,707,1640.7059015314978,420.38817902863025,1992.8541701882746,590.069506683553,cam_4_1690335746_20-42-26.jpg
653,712,2714.0728024508403,326.3141945067964,3097.0411071558547,637.7150910962964,cam_4_1690335746_20-42-26.jpg
653,720,3480.305239113166,577.988066656244,3960.45909693837,1087.2733600995189,cam_4_1690335746_20-42-26.jpg
653,721,1936.4289545671165,535.3253167714124,2325.4641027871526,726.2891268693235,cam_4_1690335746_20-42-26.jpg
653,723,2293.4527922110647,553.8474609518993,2720.674166916489,827.247380506873,cam_4_1690335746_20-42-26.jpg
653,726,3658.327426121787,301.1937875017494,4038.0644023864106,588.1533329603242,cam_4_1690335746_20-42-26.jpg
654,379,2411.6726764765094,416.1369619766199,2995.652048564926,806.8162598752353,cam_4_1690335941_20-45-41.jpg
654,637,2339.442893735158,261.432542864848,2629.2516329615564,404.4083626381755,cam_4_1690335941_20-45-41.jpg
654,712,2718.2867305708737,326.45421359981924,3095.063934807243,632.4515417676187,cam_4_1690335941_20-45-41.jpg
654,721,1926.8704548935223,529.0368069745392,2283.549466337505,699.0743970319439,cam_4_1690335941_20-45-41.jpg
654,723,2229.9010800764177,525.175884014214,2841.557930554381,925.8531227821662,cam_4_1690335941_20-45-41.jpg
654,726,3642.51039170713,303.75776217966313,4021.36643186115,586.8857043547355,cam_4_1690335941_20-45-41.jpg
655,379,2417.373365702238,411.61430436826396,3007.843870516789,810.5824508655851,cam_4_1690336061_20-47-41.jpg
655,563,1318.9077843600478,351.6665159826571,1806.4591281821095,675.8167862934492,cam_4_1690336061_20-47-41.jpg
655,616,2124.480747712346,510.97493178946416,2799.6795264319053,978.2734985705681,cam_4_1690336061_20-47-41.jpg
655,641,2721.7086286937747,330.64690172464475,3092.141554977243,583.0890213679324,cam_4_1690336061_20-47-41.jpg
655,726,3637.039770382052,303.8084630489424,4021.840596018552,588.1006425641601,cam_4_1690336061_20-47-41.jpg
656,379,2417.3018204213085,416.0772766673581,2995.3614400239912,810.1134206392408,cam_4_1690336106_20-48-26.jpg
656,616,2105.2191765781877,507.0955409108309,2778.30859679803,971.2902028444496,cam_4_1690336106_20-48-26.jpg
656,712,2727.288627934945,330.89342546426036,3091.7056457077524,626.1842929076993,cam_4_1690336106_20-48-26.jpg
656,726,3631.820890961261,303.70390119059846,4015.9604839217714,584.6705493494549,cam_4_1690336106_20-48-26.jpg
656,736,1732.5298043599328,589.2562256122411,2253.0350983680632,767.1100202676539,cam_4_1690336106_20-48-26.jpg
657,379,2423.8135767633157,416.8537650218996,2998.0927834728905,811.7576462320203,cam_4_1690336136_20-48-56.jpg
657,616,2101.402505474236,506.4417188423556,2771.4229552676497,967.034161719823,cam_4_1690336136_20-48-56.jpg
657,712,2735.832201803586,329.16569154667627,3095.519191884108,620.4190600119567,cam_4_1690336136_20-48-56.jpg
657,726,3631.1313519710893,301.6678207534658,4022.025138918687,583.4135964944624,cam_4_1690336136_20-48-56.jpg
657,736,1731.779122833959,590.6165224918101,2255.9310530557177,769.7213022421607,cam_4_1690336136_20-48-56.jpg
658,379,2425.833733882816,413.4756258916333,3001.0851329080333,811.2930447696428,cam_4_1690336151_20-49-11.jpg
658,616,2093.981386895498,505.3261403918102,2768.807678454131,967.705896149186,cam_4_1690336151_20-49-11.jpg
658,712,2736.3682190888712,328.76225663070284,3093.9203169526663,616.8358816838629,cam_4_1690336151_20-49-11.jpg
658,726,3626.851674734503,302.5179172521961,4022.1358921291653,584.8055002231838,cam_4_1690336151_20-49-11.jpg
658,736,1731.542728985494,589.7106706216366,2253.961363745798,768.2226874472186,cam_4_1690336151_20-49-11.jpg
658,738,218.05462668796866,508.5946141665047,1137.386223914324,974.0152629429092,cam_4_1690336151_20-49-11.jpg
659,379,2448.9006319541922,412.8806044505966,3026.584313743398,815.8331704652398,cam_4_1690336181_20-49-41.jpg
659,616,2114.618137892694,511.642085033945,2776.817063258541,965.7778680169054,cam_4_1690336181_20-49-41.jpg
659,641,2740.5327512369886,325.3927439543326,3088.3664732419434,555.3485820736953,cam_4_1690336181_20-49-41.jpg
659,726,3607.001326922974,304.06155770781925,4002.010340926566,584.2087299535019,cam_4_1690336181_20-49-41.jpg
659,736,1722.1765478543489,590.0329881959728,2254.838338851968,772.493505747894,cam_4_1690336181_20-49-41.jpg
659,740,1322.7214534649584,440.6851059424746,1671.5622544906475,902.7149092269328,cam_4_1690336181_20-49-41.jpg
660,379,2411.127439234987,430.1605609185633,2982.4989864352374,834.4381582334133,cam_4_1690336256_20-50-56.jpg
660,641,2742.429414511198,326.57353065879556,3087.1045077613917,550.6070601525754,cam_4_1690336256_20-50-56.jpg
660,664,3587.113691945964,294.13515608508783,4073.8462439990462,576.6961155834204,cam_4_1690336256_20-50-56.jpg
660,680,1620.297371883272,370.8578925393739,2162.486209962446,668.2173466257524,cam_4_1690336256_20-50-56.jpg
660,723,2209.7531651967533,512.0364621718006,2895.195078436538,972.2390928693895,cam_4_1690336256_20-50-56.jpg
660,736,1713.9178224345887,590.0332685871451,2245.0132535821044,772.2810747878348,cam_4_1690336256_20-50-56.jpg
661,379,2460.086521124327,423.1349392227715,3013.4134267459813,819.550901434377,cam_4_1690336286_20-51-26.jpg
661,641,2738.8210967182895,327.8372255542117,3076.943107765739,545.4846904295698,cam_4_1690336286_20-51-26.jpg
661,664,3583.72573230343,298.0430211551315,4062.256772814497,580.1964944606304,cam_4_1690336286_20-51-26.jpg
661,723,2201.6982355221207,505.76052899606407,2887.655447162445,975.2387230239074,cam_4_1690336286_20-51-26.jpg
661,736,1723.0051990650913,591.9326039731988,2257.4375245463616,775.5186294610106,cam_4_1690336286_20-51-26.jpg
661,741,785.8264884671655,589.1177277158423,1349.5686247467474,1267.7926562304665,cam_4_1690336286_20-51-26.jpg
661,742,1889.7571432786565,534.8235433669727,2296.6063402982945,689.2013135907733,cam_4_1690336286_20-51-26.jpg
662,379,2381.5551007563417,439.7116672879137,2976.8117785843297,879.0993109468011,cam_4_1690336376_20-52-56.jpg
662,592,2083.812650546749,321.1000577777732,2468.344342078997,498.66276426079764,cam_4_1690336376_20-52-56.jpg
662,624,2583.58977458107,408.60634426725187,2958.7484440038716,805.394517829656,cam_4_1690336376_20-52-56.jpg
662,641,2739.5841276710607,331.7642320369836,3084.9411342739986,551.251666976239,cam_4_1690336376_20-52-56.jpg
662,664,3585.119338782219,299.80441546290615,4062.957023443634,581.8663503468556,cam_4_1690336376_20-52-56.jpg
662,723,2182.9957678385435,498.28398230390377,2868.802914712755,983.6808666758945,cam_4_1690336376_20-52-56.jpg
662,736,1725.0512922527887,591.758536174128,2261.8372759905656,776.3057351270703,cam_4_1690336376_20-52-56.jpg
662,741,845.288542584767,592.0832149880491,1406.978667263033,1270.890805577424,cam_4_1690336376_20-52-56.jpg
662,742,1889.6421256047345,532.4110332158607,2300.772927571718,688.3424936216696,cam_4_1690336376_20-52-56.jpg
663,379,2364.613604067743,444.4303470575318,2958.0812310339056,892.7678770733721,cam_4_1690336451_20-54-11.jpg
663,561,2399.149948619845,255.38572850491033,2747.0247537100086,393.0716499891637,cam_4_1690336451_20-54-11.jpg
663,592,2092.058492487132,322.0281883304939,2474.1358301067075,495.98010385640293,cam_4_1690336451_20-54-11.jpg
663,624,2573.1306378698905,416.2997016787617,2958.6684243776326,811.1043959420967,cam_4_1690336451_20-54-11.jpg
663,641,2731.842088815712,332.85533323787706,3084.855420968238,554.3708291612184,cam_4_1690336451_20-54-11.jpg
663,664,3579.671150521062,299.80837854086525,4055.295424948955,584.0068573505996,cam_4_1690336451_20-54-11.jpg
663,723,2168.5651832610683,498.6369828349084,2839.5847399897402,983.2368212900981,cam_4_1690336451_20-54-11.jpg
663,736,1724.1211947197767,591.5029891325391,2263.4810911359154,777.3078500404747,cam_4_1690336451_20-54-11.jpg
663,741,839.2508520760891,572.289849194869,1390.612534889604,1234.2037119771344,cam_4_1690336451_20-54-11.jpg
663,742,1884.6404997138484,530.3549263714991,2290.4431937046857,684.2202495310788,cam_4_1690336451_20-54-11.jpg
664,379,2384.435996952538,458.38542801208393,2977.8087573280677,913.4343002127213,cam_4_1690336481_20-54-41.jpg
664,561,2394.627256096225,256.1921039372317,2746.163314075928,394.67618632849434,cam_4_1690336481_20-54-41.jpg
664,592,2093.22748669636,322.53347429920177,2478.3013214299826,496.5070372477588,cam_4_1690336481_20-54-41.jpg
664,641,2738.4715687144967,332.8197072201,3094.141548567375,555.9647688272928,cam_4_1690336481_20-54-41.jpg
664,664,3582.523224455639,300.6167172762912,4051.631938016231,583.5287520166662,cam_4_1690336481_20-54-41.jpg
664,675,2580.7099736803452,415.47689126429464,2994.233887209927,588.8782193104818,cam_4_1690336481_20-54-41.jpg
664,723,2150.4333504055435,498.1224800561596,2811.4979009658396,982.3007346036683,cam_4_1690336481_20-54-41.jpg
664,736,1726.137298203728,592.31377550775,2260.413681423624,776.5363071679656,cam_4_1690336481_20-54-41.jpg
664,741,841.4607132383571,566.2085383403366,1390.8056624217365,1224.3144897630773,cam_4_1690336481_20-54-41.jpg
664,742,1884.053239503338,529.4138693882013,2293.411386192305,684.5681393339082,cam_4_1690336481_20-54-41.jpg
665,379,2397.2459279348077,457.8602550668817,2981.1933995773848,913.3957870026103,cam_4_1690336586_20-56-26.jpg
665,561,2393.6084669517813,257.047240456713,2745.0031058463455,394.50743809080086,cam_4_1690336586_20-56-26.jpg
665,592,2095.8224990213553,323.9985264983385,2479.1212051729703,494.3466005580887,cam_4_1690336586_20-56-26.jpg
665,624,2595.1212927647275,409.4643019776652,2999.4379013594007,824.1911021884744,cam_4_1690336586_20-56-26.jpg
665,641,2739.8232053321285,330.50203798860707,3091.5440950537068,550.7380853499114,cam_4_1690336586_20-56-26.jpg
665,664,3582.541336880888,300.3429644300778,4052.880793537302,584.3482249071094,cam_4_1690336586_20-56-26.jpg
665,723,2163.645177384849,498.8203891375706,2811.423693406726,981.9892955531393,cam_4_1690336586_20-56-26.jpg
665,736,1729.4112410826565,593.0814692313463,2244.350033683939,770.6263803022036,cam_4_1690336586_20-56-26.jpg
665,741,806.0132667750238,573.6233106663321,1361.6565560970946,1228.3774783359036,cam_4_1690336586_20-56-26.jpg
665,742,1880.5408228288106,529.3987358777324,2281.5411441419556,681.1374803969932,cam_4_1690336586_20-56-26.jpg
666,379,2403.858495767301,454.11666377139636,2979.495355371375,911.3432639912637,cam_4_1690336616_20-56-56.jpg
666,561,2393.341859664448,257.2043386939335,2744.5799916596,393.51766893847235,cam_4_1690336616_20-56-56.jpg
666,592,2095.2161701035448,324.18673681526104,2476.712683687695,491.6729303150567,cam_4_1690336616_20-56-56.jpg
666,624,2600.4897684344296,413.34259289707336,2998.30624927616,816.1168301648476,cam_4_1690336616_20-56-56.jpg
666,641,2735.18687068666,330.8836119758921,3088.564363093677,551.0188099501847,cam_4_1690336616_20-56-56.jpg
666,664,3588.868595020469,302.0037416356902,4048.429705063969,581.206416302841,cam_4_1690336616_20-56-56.jpg
666,720,3536.688209080755,261.07384235993095,3783.7444883126345,519.7218092976974,cam_4_1690336616_20-56-56.jpg
666,723,2171.35345390216,496.0076616298836,2810.903841063977,981.3019595748274,cam_4_1690336616_20-56-56.jpg
666,736,1728.6213597192361,593.9093867829665,2237.269122890173,769.4317415938692,cam_4_1690336616_20-56-56.jpg
666,741,751.1678425720944,575.897823385066,1323.5011935356592,1232.807580738021,cam_4_1690336616_20-56-56.jpg
666,742,1884.4899221256287,530.7147926694907,2285.919591558632,682.4521947557498,cam_4_1690336616_20-56-56.jpg
667,379,2425.0560013907134,464.87048373559105,2992.59844502911,921.6133919260092,cam_4_1690336706_20-58-26.jpg
667,561,2394.7180144185013,257.2297874962214,2737.368220635684,390.0031497298287,cam_4_1690336706_20-58-26.jpg
667,592,2009.3589490192608,315.6257271165807,2432.278543159947,501.0875298963287,cam_4_1690336706_20-58-26.jpg
667,624,2658.6981904485906,415.66779354017206,3077.9147366181983,833.0711173867726,cam_4_1690336706_20-58-26.jpg
667,641,2762.0141752274512,330.73981862479025,3065.319184300107,514.1335793495828,cam_4_1690336706_20-58-26.jpg
667,664,3600.4580585783347,298.3035008083182,4060.751731054833,576.6474850733022,cam_4_1690336706_20-58-26.jpg
667,723,2190.4178858265627,499.2417782658673,2810.8983934222692,977.2742008146831,cam_4_1690336706_20-58-26.jpg
667,736,1728.123407745247,595.6383578044115,2231.5912780798594,769.3328268670382,cam_4_1690336706_20-58-26.jpg
667,741,763.0584367958356,569.0492845704109,1349.1511903155751,1232.8051509209768,cam_4_1690336706_20-58-26.jpg
667,742,1883.0518805211395,528.9590604362704,2291.2200765080224,683.1148417532418,cam_4_1690336706_20-58-26.jpg
668,379,2428.1593198959154,466.27569380039574,2985.950506010669,921.0762732127153,cam_4_1690336841_21-00-41.jpg
668,561,2406.0456710017334,257.50361381084264,2748.904507210771,388.13377055044907,cam_4_1690336841_21-00-41.jpg
668,592,1974.8146033034334,315.29102584603766,2408.465775729864,504.902551362891,cam_4_1690336841_21-00-41.jpg
668,664,3595.602315062327,301.26872697551136,4049.629508585168,576.0765217817795,cam_4_1690336841_21-00-41.jpg
668,714,2852.0040705013253,329.34203031748416,3173.5181049185467,732.3478583109052,cam_4_1690336841_21-00-41.jpg
668,723,2199.881704928668,499.6415168304844,2808.61801511355,973.8540973633355,cam_4_1690336841_21-00-41.jpg
668,736,1733.2220438478673,595.064657598449,2232.062941305862,766.5914471021827,cam_4_1690336841_21-00-41.jpg
668,741,802.5675717090971,587.543753340985,1377.8105033285724,1246.2859007555928,cam_4_1690336841_21-00-41.jpg
668,742,1883.9737919710237,531.1771052307879,2276.8484400774764,678.9951230356935,cam_4_1690336841_21-00-41.jpg
669,379,2553.5490393222412,487.65872570018183,2931.7318383527695,779.661383759398,cam_4_1690337126_21-05-26.jpg
669,561,2399.5905728385947,256.21066643213896,2753.7234460543955,390.5259068253789,cam_4_1690337126_21-05-26.jpg
669,675,2591.652150850095,441.68666144018323,3023.3997602925137,624.2205285021828,cam_4_1690337126_21-05-26.jpg
669,712,2802.4802823908412,320.54995112531935,3207.1071737598836,644.3950747326392,cam_4_1690337126_21-05-26.jpg
669,721,1929.9678432538976,306.4364520126992,2397.895567448916,530.1819835761366,cam_4_1690337126_21-05-26.jpg
669,723,2163.416933404567,509.47319761772724,2763.9544947242057,971.792170395674,cam_4_1690337126_21-05-26.jpg
669,726,3555.150163643555,305.2876074143752,3937.453426409487,580.1491160467717,cam_4_1690337126_21-05-26.jpg
669,736,1734.3459004461756,596.6757446225242,2239.4831451170903,770.133706190566,cam_4_1690337126_21-05-26.jpg
669,741,864.9165514669065,586.1798502224318,1435.4480434901889,1256.1833980620377,cam_4_1690337126_21-05-26.jpg
669,742,1870.3821840024941,527.6903354966305,2274.0808320485326,679.8318579516164,cam_4_1690337126_21-05-26.jpg
670,195,2845.780464485515,355.1794717870748,3141.712940197841,559.8839246020945,cam_4_1690337396_21-09-56.jpg
670,379,2587.089314033774,493.3084820113228,2892.5538096332916,716.4457705351624,cam_4_1690337396_21-09-56.jpg
670,561,2381.1823897448076,240.73262791448647,2782.0204895971247,396.1553560295954,cam_4_1690337396_21-09-56.jpg
670,664,3590.5918550442216,310.98577044286117,4048.384627543706,590.0345615554627,cam_4_1690337396_21-09-56.jpg
670,675,2590.0069909792524,439.85200040233906,3036.106836363543,630.3021794484399,cam_4_1690337396_21-09-56.jpg
670,712,2776.6897015738946,374.08675818500706,3093.421793879411,606.8506873832657,cam_4_1690337396_21-09-56.jpg
670,723,2123.0720922090272,513.7777657514046,2740.044613896333,983.8153890285943,cam_4_1690337396_21-09-56.jpg
670,736,1728.1554367998851,594.6490433366039,2249.753593652231,774.0795102315342,cam_4_1690337396_21-09-56.jpg
670,741,895.3765346205437,595.0696706668175,1453.0920762756277,1268.5888488594287,cam_4_1690337396_21-09-56.jpg
671,195,2829.6733996453027,344.9255424856139,3132.3161935660387,556.7869604181092,cam_4_1690337636_21-13-56.jpg
671,379,2589.852534363328,494.4253957315334,2888.411753697547,702.8640535608754,cam_4_1690337636_21-13-56.jpg
671,561,2382.44777748278,235.46328342816207,2790.4473751365613,396.9194484994889,cam_4_1690337636_21-13-56.jpg
671,664,3586.8033409002437,313.23342950161043,4050.469030540007,598.5519771890145,cam_4_1690337636_21-13-56.jpg
671,675,2589.5092652281073,439.40295390557765,3038.707619365272,632.8604554764562,cam_4_1690337636_21-13-56.jpg
671,712,2761.20291253222,396.5927492964662,3044.0693510146834,592.6462312934377,cam_4_1690337636_21-13-56.jpg
671,723,2140.229674147105,511.8052421028981,2755.966451635897,983.4101540780316,cam_4_1690337636_21-13-56.jpg
671,736,1725.1606690108274,594.0594310537754,2233.1840181391617,769.152259985985,cam_4_1690337636_21-13-56.jpg
671,742,1881.980513626845,520.0793491431886,2270.3969156069406,666.6437201229714,cam_4_1690337636_21-13-56.jpg
672,195,2823.6118346688277,341.69372291103844,3126.06129432984,554.7410223052402,cam_4_1690337816_21-16-56.jpg
672,379,2572.4311630398074,486.82258189233943,2884.9320679578054,696.2866557679422,cam_4_1690337816_21-16-56.jpg
672,675,2599.805565079461,441.00443451258775,3041.1570102823357,633.7051542661825,cam_4_1690337816_21-16-56.jpg
672,712,2751.327145851669,402.0774695459414,3032.0257354740115,587.4229397321328,cam_4_1690337816_21-16-56.jpg
672,723,2156.2085274303126,512.7428804922359,2772.143803738986,988.081141224438,cam_4_1690337816_21-16-56.jpg
672,742,1845.1814586436317,526.1470175823207,2328.006806681375,711.4636094487802,cam_4_1690337816_21-16-56.jpg
673,195,2820.5081337911906,347.67575071687224,3118.2532245208804,555.5103623722215,cam_4_1690337951_21-19-11.jpg
673,379,2574.3135782908676,491.2504711230663,2892.370187894771,697.1771982469656,cam_4_1690337951_21-19-11.jpg
673,675,2612.119999255622,445.32790885795436,3038.7844723540343,632.9825921722303,cam_4_1690337951_21-19-11.jpg
673,712,2746.9281396014535,404.8819770190636,3032.783104881828,585.6020486656282,cam_4_1690337951_21-19-11.jpg
673,723,2145.445192410563,503.78739104667426,2772.2765401918464,991.4661808953156,cam_4_1690337951_21-19-11.jpg
673,736,1736.339431004934,597.6583852180087,2234.3405566116053,768.8466095498975,cam_4_1690337951_21-19-11.jpg
673,740,2115.0392905262993,248.4230448301907,2294.0653125904923,485.5124761716642,cam_4_1690337951_21-19-11.jpg
673,742,1862.4249555962704,528.7257959961967,2284.005633326561,689.3089387772146,cam_4_1690337951_21-19-11.jpg
673,747,2781.0280441899836,1106.4926760092064,4030.7900029619213,1925.6781813110076,cam_4_1690337951_21-19-11.jpg
674,195,2820.8542146747714,348.6788707884728,3119.362897226519,556.0468919231904,cam_4_1690338056_21-20-56.jpg
674,379,2570.8864512891564,490.25666775704497,2895.6978670195654,694.0735064748987,cam_4_1690338056_21-20-56.jpg
674,675,2606.442723224816,443.80135114699675,3031.6364320482235,631.050936459756,cam_4_1690338056_21-20-56.jpg
674,680,1773.472232444184,383.84072833090363,2313.554610089305,693.8008213687342,cam_4_1690338056_21-20-56.jpg
674,712,2739.9947341646853,404.92570475279297,3035.4312084585317,585.9342156496326,cam_4_1690338056_21-20-56.jpg
674,723,2152.5584689276047,507.6859484624829,2772.5911886472836,990.3966870184229,cam_4_1690338056_21-20-56.jpg
674,736,1697.9430551099663,599.6947429053118,2198.729559315157,775.7320607576434,cam_4_1690338056_21-20-56.jpg
674,740,2126.68527816395,243.19266549496635,2290.5538129107586,459.5199449806529,cam_4_1690338056_21-20-56.jpg
674,747,2888.427302139471,1035.876630086654,4098.150882437803,1835.8815024714943,cam_4_1690338056_21-20-56.jpg
675,195,2831.97064650247,345.59993885359665,3106.470502006755,535.4874025439568,cam_4_1690338461_21-27-41.jpg
675,379,2565.0711152483395,485.56026373416034,2912.2415357542577,696.0448445988523,cam_4_1690338461_21-27-41.jpg
675,563,649.251153354574,436.75558643835984,1318.9472963995713,891.1292201491624,cam_4_1690338461_21-27-41.jpg
675,675,2602.3092113311845,443.9871140196914,3030.3207867057595,632.6338987437636,cam_4_1690338461_21-27-41.jpg
675,680,1807.7065860312223,383.7043398921293,2302.3672856376315,663.4617682315506,cam_4_1690338461_21-27-41.jpg
675,712,2731.5042530070828,402.40810010401833,3036.170757652225,585.7759226042094,cam_4_1690338461_21-27-41.jpg
675,723,2237.7133788516726,547.2561937000725,2706.9294335362697,891.850034216637,cam_4_1690338461_21-27-41.jpg
675,736,1737.742506323127,597.2835394147762,2233.248509411489,771.8215203459405,cam_4_1690338461_21-27-41.jpg
676,195,2833.7238556296975,341.7799151665373,3104.3731065956276,528.0891154947869,cam_4_1690338506_21-28-26.jpg
676,379,2558.1410293046956,484.65025968886357,2919.9775489961744,697.4997541400919,cam_4_1690338506_21-28-26.jpg
676,616,1602.184343971098,303.9791658285536,1961.7031123709362,552.682386689186,cam_4_1690338506_21-28-26.jpg
676,675,2603.37876420687,445.1249105964992,3030.7351962212024,633.8804746502367,cam_4_1690338506_21-28-26.jpg
676,680,1822.7877179939044,384.1071915219924,2300.3565630543526,654.7817763653654,cam_4_1690338506_21-28-26.jpg
676,712,2729.555438302758,403.1806380483898,3038.489188229303,586.4511358064026,cam_4_1690338506_21-28-26.jpg
676,723,2269.582659511033,563.67488518446,2681.276107032613,851.4362329483373,cam_4_1690338506_21-28-26.jpg
676,736,1745.3782089089184,596.2506814060134,2237.1830478687457,768.795628669429,cam_4_1690338506_21-28-26.jpg
677,195,2833.000702576503,343.7678659019898,3098.5033859742407,525.9899204211292,cam_4_1690338521_21-28-41.jpg
677,379,2553.8463261313127,481.87426480575505,2929.6167881617957,697.4861355578807,cam_4_1690338521_21-28-41.jpg
677,616,1577.8687533003283,306.4456550990018,1945.4977881876484,571.4039855522093,cam_4_1690338521_21-28-41.jpg
677,675,2601.110254185277,444.70558577243406,3026.627855790597,632.7534687507731,cam_4_1690338521_21-28-41.jpg
677,680,1825.4323948540912,385.68699065908436,2297.605867007893,652.603543603861,cam_4_1690338521_21-28-41.jpg
677,712,2727.6394432311386,403.5645893949818,3041.3383299569796,586.9136984511299,cam_4_1690338521_21-28-41.jpg
677,723,2275.323013446068,569.1382531917819,2681.1907207685613,841.1998584769048,cam_4_1690338521_21-28-41.jpg
677,736,1746.8923875271078,596.0849650140474,2239.296862639215,768.2278557968106,cam_4_1690338521_21-28-41.jpg
677,752,1476.2693436287689,410.93492626008936,1805.3119669334048,774.1542304853848,cam_4_1690338521_21-28-41.jpg
677,753,3017.2966424868223,376.3988969518519,3212.55661736669,721.2029378045618,cam_4_1690338521_21-28-41.jpg
678,379,2568.321992609687,479.51803558682354,2949.941105494926,696.0926772993807,cam_4_1690338551_21-29-11.jpg
678,616,1554.1291052713475,303.9884779517764,1937.304075571617,587.818314262854,cam_4_1690338551_21-29-11.jpg
678,675,2602.7952626512597,443.88224068170115,3025.9382755605766,631.8506410061034,cam_4_1690338551_21-29-11.jpg
678,680,1825.4288760136383,387.63718779893804,2296.2422567610606,649.6793454150546,cam_4_1690338551_21-29-11.jpg
678,712,2728.408224292755,399.69740442312843,3046.54548368809,584.1519859879428,cam_4_1690338551_21-29-11.jpg
678,723,2274.0680402838375,571.0926484493464,2684.604392771963,836.1590944124139,cam_4_1690338551_21-29-11.jpg
678,736,1744.534381087635,595.9181857326585,2242.3891584717067,769.593348111706,cam_4_1690338551_21-29-11.jpg
678,753,3020.7222641454905,367.317671205968,3218.6273140535686,715.34215533835,cam_4_1690338551_21-29-11.jpg
678,754,1328.7569095154383,408.8726966326042,1695.119593993168,822.3140073654183,cam_4_1690338551_21-29-11.jpg
679,379,2556.570319908088,482.2690044841044,2943.208070255663,697.1350134186414,cam_4_1690338566_21-29-26.jpg
679,616,1576.58845807401,301.0499305222019,1963.2869951359485,591.0576439607573,cam_4_1690338566_21-29-26.jpg
679,675,2591.9401347037056,440.4860238922033,3027.1089731847674,634.8816591472512,cam_4_1690338566_21-29-26.jpg
679,680,1821.7154731954358,387.7200292305731,2284.9171010009027,645.3941801444,cam_4_1690338566_21-29-26.jpg
679,712,2728.8778848544616,399.02460829143183,3046.656020091658,581.6443874099143,cam_4_1690338566_21-29-26.jpg
679,723,2268.6974181476994,570.3192829415904,2691.756615145675,834.9781502697281,cam_4_1690338566_21-29-26.jpg
679,736,1744.0576320828075,595.1213172230845,2245.809715580521,769.5516546711177,cam_4_1690338566_21-29-26.jpg
679,753,3027.712374388224,368.3034192303793,3221.923888911071,706.9683542193291,cam_4_1690338566_21-29-26.jpg
679,754,1342.2576456239794,422.4152105596512,1715.486949903383,846.6492539802227,cam_4_1690338566_21-29-26.jpg
680,379,2553.3530363264117,482.52298834128374,2952.4792271618617,701.1800124527047,cam_4_1690338671_21-31-11.jpg
680,641,2824.1212846359954,359.7408695017459,3143.0847572261646,555.0999345904454,cam_4_1690338671_21-31-11.jpg
680,675,2597.892265056331,442.47872759274213,3029.680055594817,635.8785587945721,cam_4_1690338671_21-31-11.jpg
680,680,1811.6458026483688,385.6456574055791,2302.9570628108913,664.7567390108092,cam_4_1690338671_21-31-11.jpg
680,712,2732.5517413422713,404.07688810259276,3050.982878964853,584.5710208150242,cam_4_1690338671_21-31-11.jpg
680,721,1901.7769088316747,283.7348203419413,2344.071174202244,494.49564331855476,cam_4_1690338671_21-31-11.jpg
680,723,2251.310331708999,569.7765337416038,2693.2810039630167,837.9969527613464,cam_4_1690338671_21-31-11.jpg
680,738,1460.9441055654574,328.3073208823224,1834.417666619161,513.0785351216532,cam_4_1690338671_21-31-11.jpg
680,754,1489.1422082274187,461.1239655872089,1876.0642736839616,888.276328975043,cam_4_1690338671_21-31-11.jpg
681,379,2539.8018773565223,484.65165219076954,2945.8252687736026,703.0244717071823,cam_4_1690338776_21-32-56.jpg
681,592,1834.5759894768098,379.5620381765073,2250.3665202399266,560.9294624898075,cam_4_1690338776_21-32-56.jpg
681,616,1537.8658067156139,306.3067247898324,1947.6128909548183,616.4132967232138,cam_4_1690338776_21-32-56.jpg
681,641,2822.370454736363,356.34830605169003,3149.2828067660344,560.4803527809249,cam_4_1690338776_21-32-56.jpg
681,675,2609.594915810577,448.8517829643056,3032.4244660570657,639.7091108379616,cam_4_1690338776_21-32-56.jpg
681,712,2730.5340901056834,404.90597672609016,3059.8887917678876,590.0867165530988,cam_4_1690338776_21-32-56.jpg
681,723,2283.606543391493,568.1920842719128,2738.159678570588,844.6096601356894,cam_4_1690338776_21-32-56.jpg
682,379,2545.6979627424157,485.5652596478843,2952.8861209157953,701.7933874238016,cam_4_1690339046_21-37-26.jpg
682,561,2546.4059622620575,222.32775582435335,2875.464034323888,351.7823530965593,cam_4_1690339046_21-37-26.jpg
682,641,2823.646727407751,357.9349291191347,3145.9041651925954,561.6087404727273,cam_4_1690339046_21-37-26.jpg
682,675,2607.766574811542,450.5563653588257,3027.875678070813,640.4900768562959,cam_4_1690339046_21-37-26.jpg
682,712,2735.7314630372134,407.65509218926576,3062.2540192862484,589.9140075209936,cam_4_1690339046_21-37-26.jpg
682,723,2316.0520623984476,550.1189625225481,2767.5270162456145,827.3112368672646,cam_4_1690339046_21-37-26.jpg
682,753,3118.3245370477766,337.1998160323917,3294.8871386191513,638.1238791298485,cam_4_1690339046_21-37-26.jpg
683,379,2543.2084663709625,487.1215303756721,2955.0639455715013,702.9182956871992,cam_4_1690339061_21-37-41.jpg
683,561,2558.857536770055,219.27841718694438,2873.9712768581135,343.7552460864459,cam_4_1690339061_21-37-41.jpg
683,641,2826.0573204178313,356.41721650184667,3150.1618007743496,563.3767090765915,cam_4_1690339061_21-37-41.jpg
683,675,2608.250319138956,450.792699329543,3028.2573855896526,640.7150865302738,cam_4_1690339061_21-37-41.jpg
683,712,2735.0205358532276,409.5061162548909,3065.6531547322293,592.9756317008137,cam_4_1690339061_21-37-41.jpg
683,753,3171.117758949515,321.7078798918771,3346.011513770052,611.7254224252101,cam_4_1690339061_21-37-41.jpg
683,756,1850.897026576601,542.4525158276186,2567.318786875626,1018.3172357523875,cam_4_1690339061_21-37-41.jpg
683,757,2344.980455994149,287.07922366680555,2608.420124335906,419.05375868467513,cam_4_1690339061_21-37-41.jpg
684,379,2561.802785464699,481.5451514228771,2915.304892033634,658.0833361119332,cam_4_1690339181_21-39-41.jpg
684,561,2568.33322344544,214.35803991578484,2905.9878353424824,348.2983355659453,cam_4_1690339181_21-39-41.jpg
684,624,2584.1473616840913,594.6160609320856,3111.0522709511242,1085.2742828226226,cam_4_1690339181_21-39-41.jpg
684,641,2829.6029827055004,362.5261781298236,3146.4369886494455,565.5233529879365,cam_4_1690339181_21-39-41.jpg
684,675,2609.939028188538,445.12900069861536,3024.234333828246,630.5647221013602,cam_4_1690339181_21-39-41.jpg
684,712,2727.188348398415,408.8899090465907,3063.7089207845306,594.0777737906651,cam_4_1690339181_21-39-41.jpg
684,736,1731.7896698264728,592.9966535186315,2231.4731923502304,765.6876804155088,cam_4_1690339181_21-39-41.jpg
684,742,1889.8788809673551,522.1165548579618,2248.6259684943398,656.8146115568514,cam_4_1690339181_21-39-41.jpg
684,757,2341.9980338665005,282.5162599873167,2619.135367563327,419.59085875920033,cam_4_1690339181_21-39-41.jpg
684,758,2383.980491581275,239.10683711192394,2667.69812769018,367.67796555108066,cam_4_1690339181_21-39-41.jpg
685,379,2537.897599802224,486.3286368110938,2945.8390091617093,688.1597799975824,cam_4_1690339481_21-44-41.jpg
685,561,2570.6914128722,211.96432643124575,2944.8622265909444,363.275896101909,cam_4_1690339481_21-44-41.jpg
685,641,2841.2374148748727,361.4260350608353,3151.149269029793,563.252786705233,cam_4_1690339481_21-44-41.jpg
685,675,2608.0389175696455,447.94283748624656,3026.156121415786,634.9696346521723,cam_4_1690339481_21-44-41.jpg
685,712,2725.142352798764,406.65317088043844,3061.4330740307464,590.3258695330794,cam_4_1690339481_21-44-41.jpg
685,726,3638.508300217214,272.67043379080405,3956.575173321355,508.43342900338354,cam_4_1690339481_21-44-41.jpg
685,736,1734.0207294477946,593.3765207713236,2228.623490089537,763.3632255719447,cam_4_1690339481_21-44-41.jpg
685,742,1894.5522087451386,519.1022859916061,2251.023846361113,651.211616994078,cam_4_1690339481_21-44-41.jpg
685,747,3316.85464660444,280.6151239374188,3710.636460865914,537.4207808834663,cam_4_1690339481_21-44-41.jpg
686,379,2532.554665374146,487.5327084017107,2957.7416851552357,696.344501051692,cam_4_1690339526_21-45-26.jpg
686,561,2582.615477683949,212.1548903988533,2964.482736044635,368.0419938244503,cam_4_1690339526_21-45-26.jpg
686,641,2833.4468933102735,361.41358774438254,3141.1623580496534,562.9602345455005,cam_4_1690339526_21-45-26.jpg
686,675,2604.373826300762,446.4812293790916,3028.379925345983,636.2002128605135,cam_4_1690339526_21-45-26.jpg
686,712,2720.355983921144,405.5209816185627,3062.1925691458905,591.169353755697,cam_4_1690339526_21-45-26.jpg
686,726,3639.025631205565,270.18475603417716,3953.45309884271,506.879433154587,cam_4_1690339526_21-45-26.jpg
686,736,1734.5346867061116,594.1806553063172,2229.8359700892165,763.6108415829474,cam_4_1690339526_21-45-26.jpg
686,742,1899.0118234825986,522.0452004267102,2236.5662093828178,645.0797128436354,cam_4_1690339526_21-45-26.jpg
686,747,3315.0661836551167,275.7501293194414,3696.0206548512656,522.4289011416722,cam_4_1690339526_21-45-26.jpg
686,759,2215.782882014883,568.8871448444884,2722.426531491624,831.954663635735,cam_4_1690339526_21-45-26.jpg
686,760,2398.3554016355115,233.16018550883564,2796.7116470357128,405.2943151610001,cam_4_1690339526_21-45-26.jpg
687,379,2533.971588916729,486.4692939508569,2968.7323958450675,699.2926159223672,cam_4_1690339616_21-46-56.jpg
687,561,2580.7463564484306,213.30201250611861,2969.0104843283552,373.51038742344963,cam_4_1690339616_21-46-56.jpg
687,641,2828.084967145516,359.51429978618233,3136.2605719901794,561.8620679901685,cam_4_1690339616_21-46-56.jpg
687,664,3292.8222160088762,277.3998471397407,3699.4269369394456,529.2271060411704,cam_4_1690339616_21-46-56.jpg
687,675,2608.0490746272194,446.08125216628275,3030.917362570814,635.4938108184066,cam_4_1690339616_21-46-56.jpg
687,712,2722.6325996637815,403.67064424392856,3063.55241473207,588.3350171141083,cam_4_1690339616_21-46-56.jpg
687,726,3635.042243025826,270.4519633528259,3947.519598926423,506.75977267567634,cam_4_1690339616_21-46-56.jpg
687,736,1735.5538624931576,594.9444458459321,2230.2416215955445,763.3685921479239,cam_4_1690339616_21-46-56.jpg
687,742,1888.9264783171639,520.7807124897583,2250.883904570318,651.746606057943,cam_4_1690339616_21-46-56.jpg
687,759,2214.207212972962,566.990571644962,2729.011019063409,833.1815671276745,cam_4_1690339616_21-46-56.jpg
687,760,2402.8483426665525,231.28393536372232,2808.4973213796197,406.13361887409576,cam_4_1690339616_21-46-56.jpg
688,379,2551.661688940423,485.09703840564475,2988.49474768159,700.7355120780428,cam_4_1690339901_21-51-41.jpg
688,641,2828.76220948671,357.2200858623694,3137.7428237099384,561.2215476440874,cam_4_1690339901_21-51-41.jpg
688,664,3284.953723078601,281.67026396734093,3674.8073332283197,526.1817847840284,cam_4_1690339901_21-51-41.jpg
688,675,2613.261873545564,447.5143454320937,3029.4241680760165,633.798088538219,cam_4_1690339901_21-51-41.jpg
688,712,2735.898249892931,411.025665676657,3066.195603896373,589.7229575379611,cam_4_1690339901_21-51-41.jpg
688,736,1733.711798350388,593.9631146390823,2232.903876760383,763.5315758116751,cam_4_1690339901_21-51-41.jpg
688,741,748.6216385847165,573.7434992267576,1218.3010020495049,1179.3365846701035,cam_4_1690339901_21-51-41.jpg
688,742,1888.9602005706897,523.5020861352149,2247.39211165999,652.5595172437545,cam_4_1690339901_21-51-41.jpg
688,759,2215.371557117883,565.4078338816225,2735.4071741636317,833.4129012320291,cam_4_1690339901_21-51-41.jpg
688,760,2408.0049937460085,235.2374727257279,2804.2817779308166,405.22204858454984,cam_4_1690339901_21-51-41.jpg
689,379,2538.5523136438374,483.31018894635133,2980.6696032286413,700.7818925528119,cam_4_1690339961_21-52-41.jpg
689,641,2834.379097627558,355.2911062961809,3140.6585449510467,558.1296778158794,cam_4_1690339961_21-52-41.jpg
689,664,3282.198159624078,282.06520213141073,3667.124592233094,525.3148823650541,cam_4_1690339961_21-52-41.jpg
689,675,2609.699547087817,447.14896297325953,3026.8894291473093,633.5343468191575,cam_4_1690339961_21-52-41.jpg
689,712,2724.376413365532,402.34432384613706,3060.999514454874,583.721540469885,cam_4_1690339961_21-52-41.jpg
689,736,1734.7199918853685,591.9566004357824,2243.9686136551854,763.9855396712986,cam_4_1690339961_21-52-41.jpg
689,741,680.6615977865237,592.8488034099279,1168.8085881925613,1212.0866480372533,cam_4_1690339961_21-52-41.jpg
689,742,1893.0730740304539,526.1813686942592,2284.32957379804,666.9863894155781,cam_4_1690339961_21-52-41.jpg
689,759,2252.5662374239373,568.870819102437,2760.6302955690885,831.3708238126165,cam_4_1690339961_21-52-41.jpg
689,760,2412.146886597795,237.11472001578693,2802.048740453423,403.2664366529939,cam_4_1690339961_21-52-41.jpg
690,379,2533.4357689543576,482.05066184509866,2979.9305820346917,701.059988582711,cam_4_1690340021_21-53-41.jpg
690,641,2833.6171540265946,355.44748915871804,3145.2463826613966,562.6106326301158,cam_4_1690340021_21-53-41.jpg
690,664,3277.3488390346006,281.8147634164169,3666.635915079341,531.4793368389667,cam_4_1690340021_21-53-41.jpg
690,675,2611.5808717321916,446.00022182631164,3028.8310617399675,632.3921465082328,cam_4_1690340021_21-53-41.jpg
690,712,2721.3166697832376,403.87222960688695,3063.0284218205343,586.808615866003,cam_4_1690340021_21-53-41.jpg
690,736,1730.9640993144394,591.763063348024,2241.037911611288,763.6113557450008,cam_4_1690340021_21-53-41.jpg
690,741,724.3452593798174,595.9846526704006,1197.1067591568963,1220.6690239854197,cam_4_1690340021_21-53-41.jpg
690,742,1892.0650846242684,524.2510399728787,2286.2857496926904,665.9793058567967,cam_4_1690340021_21-53-41.jpg
690,759,2249.6673834416074,568.5266347280749,2761.0183656536838,832.6887908753217,cam_4_1690340021_21-53-41.jpg
690,760,2415.659627815356,239.4132607078363,2799.0422135454883,401.30303051003017,cam_4_1690340021_21-53-41.jpg
690,764,3533.628375742167,400.62275119902836,4016.1253147342904,770.0549300170892,cam_4_1690340021_21-53-41.jpg
691,379,2530.639773844037,485.31684580806007,2975.3733633724373,702.2537577855688,cam_4_1690340291_21-58-11.jpg
691,641,2830.029047440992,357.59734372241587,3140.1506850583282,563.398989450588,cam_4_1690340291_21-58-11.jpg
691,664,3293.413988988239,278.6477827089574,3659.185498563856,513.1613947071538,cam_4_1690340291_21-58-11.jpg
691,675,2610.734239056291,445.01212764385923,3030.127524097701,632.1170510366155,cam_4_1690340291_21-58-11.jpg
691,712,2714.322053785246,403.7275366166541,3061.1899596585145,587.8617533587425,cam_4_1690340291_21-58-11.jpg
691,736,1731.4385466474453,593.3970297005661,2235.0101314295766,762.2068137194813,cam_4_1690340291_21-58-11.jpg
691,742,1898.0864851940403,526.4762527449057,2293.9167376607797,667.8938181580228,cam_4_1690340291_21-58-11.jpg
691,753,3271.340350364452,370.37856250751764,3476.3217155527727,701.216866709535,cam_4_1690340291_21-58-11.jpg
691,759,2270.521033042844,573.0764273204704,2766.232496220957,830.0221148561824,cam_4_1690340291_21-58-11.jpg
691,760,2410.680231475507,238.323972381384,2800.851572935604,402.12948840075535,cam_4_1690340291_21-58-11.jpg
691,764,3545.2891636223712,422.141340105402,4056.547287114912,810.383737253193,cam_4_1690340291_21-58-11.jpg
692,379,2517.623645253227,482.89426469597606,2971.1544011914025,703.4257873136064,cam_4_1690340846_22-07-26.jpg
692,641,2847.764206984062,309.46039773626126,3184.276252057177,535.7076872795715,cam_4_1690340846_22-07-26.jpg
692,675,2558.8773359901393,374.17336279277515,3196.416621420053,668.7795292043156,cam_4_1690340846_22-07-26.jpg
692,714,3255.3290839047395,296.364046098939,3503.4120574528943,594.1562959544715,cam_4_1690340846_22-07-26.jpg
692,736,1704.7386268322305,592.187514295591,2212.5415485641574,764.872262861755,cam_4_1690340846_22-07-26.jpg
692,742,1884.092955383545,524.0493217955203,2266.617797589306,661.0598112356779,cam_4_1690340846_22-07-26.jpg
692,759,2242.562794224965,564.8722178677015,2761.800765746144,833.9776240102105,cam_4_1690340846_22-07-26.jpg
692,764,3454.0357834130177,522.4049348481096,4044.9697456590957,972.2570168199802,cam_4_1690340846_22-07-26.jpg
693,379,2513.8230782983665,483.08247433589725,2966.7274794224363,701.9392419360547,cam_4_1690340861_22-07-41.jpg
693,675,2557.413184754523,350.9784067885812,3246.4972218746097,680.8632079122629,cam_4_1690340861_22-07-41.jpg
693,736,1698.0820866773176,591.9614486069636,2201.3261445637836,765.2454724845268,cam_4_1690340861_22-07-41.jpg
693,742,1880.194973360563,523.4759080238692,2256.9526679717924,658.5823530884903,cam_4_1690340861_22-07-41.jpg
693,759,2231.9882315468685,560.4609505349717,2760.5243596770706,834.3382487393015,cam_4_1690340861_22-07-41.jpg
693,764,3427.7683892787863,555.3420842013784,4019.405157276667,1002.1375121021434,cam_4_1690340861_22-07-41.jpg
694,379,2515.002810065505,486.094851746697,2965.7661797963005,702.5831628950506,cam_4_1690340996_22-09-56.jpg
694,736,1699.052509224986,592.5257638169529,2195.448302734563,765.2784489120252,cam_4_1690340996_22-09-56.jpg
694,742,1882.573166955968,523.1773564753954,2257.4107125094333,657.347537648375,cam_4_1690340996_22-09-56.jpg
694,756,2721.6190623804546,344.6667677116633,3254.9499134764505,698.7750767003108,cam_4_1690340996_22-09-56.jpg
694,759,2228.7021422053094,552.4353366070866,2766.1242201343994,831.8348318525725,cam_4_1690340996_22-09-56.jpg
694,764,3419.85311983306,565.8786503087126,4027.1415360173614,1014.8687440446976,cam_4_1690340996_22-09-56.jpg
694,769,2139.0507355191457,595.5402904964985,2614.0722613968164,911.5088303453095,cam_4_1690340996_22-09-56.jpg
695,712,2700.255346928173,406.57107193833474,3063.1553064976924,597.6933606771499,cam_4_1690341176_22-12-56.jpg
695,723,2248.306953670542,440.2841656915119,2894.5237022528595,841.9163327811289,cam_4_1690341176_22-12-56.jpg
695,726,3644.870611034274,286.81142597697584,4016.0406853992135,562.5233110721915,cam_4_1690341176_22-12-56.jpg
695,736,1702.4782331767103,592.9855706175244,2201.9284664106603,767.6034032144617,cam_4_1690341176_22-12-56.jpg
695,740,2906.616606854935,214.80321912150816,3054.996693753078,399.38963261937533,cam_4_1690341176_22-12-56.jpg
695,742,1880.6042097510986,522.3592971089423,2284.9669061834056,667.419686802539,cam_4_1690341176_22-12-56.jpg
695,756,2827.640522483973,363.0722127325359,3155.4255862745836,576.322994754009,cam_4_1690341176_22-12-56.jpg
695,769,2146.9587573464905,597.2752631060646,2621.0317316117203,912.95725958402,cam_4_1690341176_22-12-56.jpg
696,592,1708.5517755675116,587.4323042062686,2143.9068368046264,781.465339531397,cam_4_1690341296_22-14-56.jpg
696,712,2695.169531883778,406.50985114961804,3060.89209348715,597.6446978552924,cam_4_1690341296_22-14-56.jpg
696,723,2243.1998749308314,438.2853198134646,2921.537374762843,866.517043629955,cam_4_1690341296_22-14-56.jpg
696,726,3654.6852029419583,292.2454496358709,4048.8529513751328,581.0866769564948,cam_4_1690341296_22-14-56.jpg
696,742,1844.736702899698,521.4938827432858,2331.5549236280776,700.3204556095836,cam_4_1690341296_22-14-56.jpg
696,756,2832.6347106407366,365.6366463345797,3125.98865053385,552.753784611027,cam_4_1690341296_22-14-56.jpg
696,769,2143.6412480889594,607.5425060562422,2607.887679245522,915.9639074253639,cam_4_1690341296_22-14-56.jpg
696,772,2979.680651667749,223.68226407909603,3381.087726830208,443.98583498515166,cam_4_1690341296_22-14-56.jpg
697,712,2686.4316672591603,408.81416504810335,3073.4928508282683,610.3664387610611,cam_4_1690341401_22-16-41.jpg
697,723,2261.233545482088,443.8814717078138,2937.0283898882903,879.3760749254977,cam_4_1690341401_22-16-41.jpg
697,726,3618.033144280238,303.8696937100433,4010.276718227708,597.9191175913913,cam_4_1690341401_22-16-41.jpg
697,736,1699.347393785778,589.9474363938366,2199.0185350391216,766.4985937457233,cam_4_1690341401_22-16-41.jpg
697,742,1863.6676957813602,519.412217218187,2302.5746118361735,681.1516176526827,cam_4_1690341401_22-16-41.jpg
697,756,2779.765443829844,346.3525691728823,3112.614650736378,553.4003093161352,cam_4_1690341401_22-16-41.jpg
697,760,2337.6046375811434,247.2265800070237,2729.445271911829,411.9178126433651,cam_4_1690341401_22-16-41.jpg
697,769,2136.3980807030857,605.2428423442818,2602.861678308401,914.8821675026496,cam_4_1690341401_22-16-41.jpg
698,195,2435.4630544201405,224.8838885190867,2661.8309479156005,379.1610946487866,cam_4_1690341446_22-17-26.jpg
698,723,2277.4957538048175,438.772494963323,2863.376704338317,815.7411551199905,cam_4_1690341446_22-17-26.jpg
698,726,3596.061202602109,310.05327746820626,3982.444295609212,606.6003901765127,cam_4_1690341446_22-17-26.jpg
698,736,1704.7936768689149,590.4173158976959,2200.1635652497225,766.9035307519599,cam_4_1690341446_22-17-26.jpg
698,742,1873.579666541625,521.8492229846892,2296.296185320199,677.960403870962,cam_4_1690341446_22-17-26.jpg
698,756,2716.920914275258,313.26357612156306,3126.7832044989136,565.4662948640643,cam_4_1690341446_22-17-26.jpg
698,769,2141.11557560729,603.0913431389364,2610.320413100587,914.8478692164457,cam_4_1690341446_22-17-26.jpg
699,195,2426.9092975391663,222.26771451491987,2655.3390751923334,377.59858407303324,cam_4_1690341461_22-17-41.jpg
699,379,2514.647634586565,486.76950175080026,2983.691734381946,712.1631202261544,cam_4_1690341461_22-17-41.jpg
699,723,2286.273519966717,496.8200700102708,2781.289546543735,821.5996703469415,cam_4_1690341461_22-17-41.jpg
699,726,3590.653599640319,308.7050418101784,3980.44459683176,612.5012750766211,cam_4_1690341461_22-17-41.jpg
699,736,1704.5835535328888,589.7690809198522,2200.0112874547567,767.7404596615075,cam_4_1690341461_22-17-41.jpg
699,742,1878.2354811389023,520.2578787516583,2285.232555118434,670.9748552010974,cam_4_1690341461_22-17-41.jpg
699,756,2693.5256463947358,301.10617717415016,3134.6137895594857,569.4305994628069,cam_4_1690341461_22-17-41.jpg
699,769,2143.8069098458996,609.6624538434908,2606.686359708387,916.5088241533693,cam_4_1690341461_22-17-41.jpg
700,195,2424.700489479468,219.06424270901073,2664.6709178090587,378.45607325057085,cam_4_1690341566_22-19-26.jpg
700,379,2505.1517706548166,486.5829459514292,2981.715068056246,714.9194290795118,cam_4_1690341566_22-19-26.jpg
700,641,2747.572282057114,301.33669998048276,3148.3244114100285,575.6982588851229,cam_4_1690341566_22-19-26.jpg
700,723,2276.8781747487055,518.6841330033295,2738.437671075088,823.9186946710879,cam_4_1690341566_22-19-26.jpg
700,726,3619.818015878396,314.33110987263433,4019.984157748664,614.0377784929105,cam_4_1690341566_22-19-26.jpg
700,736,1709.3649756684838,590.9538138788837,2197.890105677819,767.468464646152,cam_4_1690341566_22-19-26.jpg
700,742,1878.0264553211568,522.2990917853127,2281.9217461214707,672.2324294842382,cam_4_1690341566_22-19-26.jpg
700,769,2144.536946749112,604.7133123756719,2614.870834908069,917.285061274497,cam_4_1690341566_22-19-26.jpg
701,195,2413.984622262717,216.35269485179563,2658.9257003528123,382.40437265439436,cam_4_1690341641_22-20-41.jpg
701,379,2505.829098702139,487.5869059696957,2980.660535518475,714.6377189707417,cam_4_1690341641_22-20-41.jpg
701,641,2736.7809035510704,303.66237922231096,3142.86392511384,584.7658624592902,cam_4_1690341641_22-20-41.jpg
701,723,2276.0054869949226,532.0716308314602,2718.413712137564,825.4640585684224,cam_4_1690341641_22-20-41.jpg
701,726,3574.072188895869,369.92589664600575,4061.779878514461,744.0869296080241,cam_4_1690341641_22-20-41.jpg
701,736,1705.4360823994898,591.0147303215456,2187.1256820629505,766.878633599542,cam_4_1690341641_22-20-41.jpg
701,742,1872.0036145211839,521.997991515766,2272.856958902275,671.9330181780267,cam_4_1690341641_22-20-41.jpg
701,769,2136.6525687324997,601.7465828422589,2611.551027811578,918.0973033255702,cam_4_1690341641_22-20-41.jpg
702,379,2509.18345287742,490.1383989957191,2983.2090827850634,716.6936102523465,cam_4_1690341686_22-21-26.jpg
702,592,1725.7262778410088,594.7114352646878,2144.412034531164,780.1694925116368,cam_4_1690341686_22-21-26.jpg
702,641,2723.699035320837,308.01662871681435,3143.582875072714,599.1227890657165,cam_4_1690341686_22-21-26.jpg
702,721,1892.1492956589677,526.4311559770199,2283.972903113024,710.6160852302714,cam_4_1690341686_22-21-26.jpg
702,723,2288.410476323769,532.5355502686398,2725.726891827915,826.2600271251171,cam_4_1690341686_22-21-26.jpg
702,726,3553.678619661028,402.4481282092076,4081.639356732515,797.0834352796603,cam_4_1690341686_22-21-26.jpg
702,757,2413.233211650076,222.24255448219134,2740.5275411795687,383.9006633199605,cam_4_1690341686_22-21-26.jpg
702,769,2148.569434875222,611.1628388982608,2610.6604051261897,919.0743169197723,cam_4_1690341686_22-21-26.jpg
703,379,2508.743693793951,492.5185707492242,2979.9087102215217,718.0512062918949,cam_4_1690341881_22-24-41.jpg
703,592,1727.4907078936087,590.4275001893609,2144.1296103162313,774.046506911829,cam_4_1690341881_22-24-41.jpg
703,641,2724.368158468882,314.6916014314708,3189.96007792262,639.0569520428876,cam_4_1690341881_22-24-41.jpg
703,721,1885.4643995548427,526.7211678084616,2263.6118516614206,703.880087884699,cam_4_1690341881_22-24-41.jpg
703,723,2294.4591264269075,534.8484673037892,2726.2488372623484,827.7695057864354,cam_4_1690341881_22-24-41.jpg
703,726,3508.023730826948,420.080486977532,4055.917044800085,822.4724371651162,cam_4_1690341881_22-24-41.jpg
703,760,2221.46075005838,270.94402038019405,2666.4821950578453,460.2137057708634,cam_4_1690341881_22-24-41.jpg
703,769,2148.619600871263,612.3383583092875,2610.8271968421705,920.2643736924866,cam_4_1690341881_22-24-41.jpg
703,778,3656.507590908375,351.13803683936925,3872.5213673088783,493.1891062499642,cam_4_1690341881_22-24-41.jpg
704,379,2498.3329576021893,488.0273677524652,2983.0932438644213,720.6955406318147,cam_4_1690342061_22-27-41.jpg
704,592,1725.9432940416762,589.2660568487596,2142.5287824568663,773.2125443914762,cam_4_1690342061_22-27-41.jpg
704,641,2720.535398592854,316.63985206312907,3206.992235632521,653.8060262517581,cam_4_1690342061_22-27-41.jpg
704,721,1889.0625427347188,530.4608166244656,2282.7032919197695,712.5662652141536,cam_4_1690342061_22-27-41.jpg
704,723,2299.5759073358226,535.9009846305597,2726.2959140043913,827.9865645564265,cam_4_1690342061_22-27-41.jpg
704,726,3494.948070566063,428.364439523775,4058.5989814528525,830.4126693622791,cam_4_1690342061_22-27-41.jpg
704,760,2214.391856881556,294.42203228731256,2647.8218598518097,480.8372854265267,cam_4_1690342061_22-27-41.jpg
704,769,2148.659484515379,613.5841513659515,2608.95853687759,920.0230043769441,cam_4_1690342061_22-27-41.jpg
704,778,3641.5335591069465,358.6401977992953,3863.2770194302384,501.8552876489524,cam_4_1690342061_22-27-41.jpg
705,379,2499.523976279958,485.424837776863,2981.426313993,716.6259194438641,cam_4_1690342106_22-28-26.jpg
705,592,1724.4975822490999,589.4852638373483,2141.893430627981,773.6465862596092,cam_4_1690342106_22-28-26.jpg
705,641,2722.1691334463303,314.97759251446575,3218.5910772932475,660.1328013874127,cam_4_1690342106_22-28-26.jpg
705,721,1890.1470530569459,529.4851808780447,2280.6142751424877,708.496651394253,cam_4_1690342106_22-28-26.jpg
705,723,2303.542911255496,535.6125613141861,2725.448771382664,826.7100232220744,cam_4_1690342106_22-28-26.jpg
705,726,3483.81723286219,437.1104831491796,4045.2817647648635,832.7473336054363,cam_4_1690342106_22-28-26.jpg
705,760,2211.497295304342,302.66913975194757,2637.5505401328746,487.8799888734462,cam_4_1690342106_22-28-26.jpg
705,769,2146.9045347171914,614.7296182927159,2606.874034025383,920.5894620258252,cam_4_1690342106_22-28-26.jpg
705,778,3624.604080449802,344.57745910387746,3859.7607430720186,493.04549019913463,cam_4_1690342106_22-28-26.jpg
705,779,3673.1040938038673,267.29563093275533,3919.9090520675777,419.3941413467148,cam_4_1690342106_22-28-26.jpg
706,379,2511.201846635702,488.1238873454775,2987.076694692059,717.5180941735501,cam_4_1690342391_22-33-11.jpg
706,592,1731.2741804093303,589.1483231852993,2146.3891568574577,769.6479007876885,cam_4_1690342391_22-33-11.jpg
706,641,2734.044367156304,321.4834586471552,3220.951125864821,659.92411862513,cam_4_1690342391_22-33-11.jpg
706,680,2270.4499387767255,270.20701691283074,2622.2796519658964,475.4785450126212,cam_4_1690342391_22-33-11.jpg
706,723,2301.854137541276,533.2201945430583,2723.027913534123,826.4214232304616,cam_4_1690342391_22-33-11.jpg
706,726,3493.683359385665,448.4485013265258,4065.6923954710182,838.1299623882535,cam_4_1690342391_22-33-11.jpg
706,742,1888.2882705335887,515.2304842469708,2302.6880278687204,670.7274713382626,cam_4_1690342391_22-33-11.jpg
706,769,2138.9606707295015,615.7793525716153,2599.2519538955403,920.3081265704603,cam_4_1690342391_22-33-11.jpg
706,778,3639.110746442254,343.6132914535749,3960.4384545860717,541.9151264065235,cam_4_1690342391_22-33-11.jpg
707,379,2507.3044976483784,488.1139812083093,2983.0016335297455,716.875750127738,cam_4_1690342541_22-35-41.jpg
707,641,2746.016336557511,316.89057833949033,3238.3478267915184,661.5448575331102,cam_4_1690342541_22-35-41.jpg
707,723,2302.1340919900704,531.3852315276441,2721.396794472343,826.0223903872336,cam_4_1690342541_22-35-41.jpg
707,726,3536.726201345157,430.9433999286778,4037.6644481229714,775.4655322601006,cam_4_1690342541_22-35-41.jpg
707,736,1714.816860560296,590.616046479558,2195.7799435466472,766.6568751145765,cam_4_1690342541_22-35-41.jpg
707,742,1896.3168811449157,521.7778728753595,2290.3083792306593,668.524774464002,cam_4_1690342541_22-35-41.jpg
707,754,3532.823145784145,491.32439253114876,3977.7094524879776,951.957105409864,cam_4_1690342541_22-35-41.jpg
707,769,2147.5978754158195,614.5610156057196,2608.0216708663106,919.9798353732824,cam_4_1690342541_22-35-41.jpg
707,778,3599.902077981307,342.0896112302338,4004.662970453845,591.360200685596,cam_4_1690342541_22-35-41.jpg
708,379,2508.3529639633343,489.09292594212036,2980.9617715149398,715.942381357925,cam_4_1690342616_22-36-56.jpg
708,641,2767.5354375876504,314.7971789894089,3236.933556532511,646.7642293652582,cam_4_1690342616_22-36-56.jpg
708,723,2300.475537755725,528.8268718068954,2720.458360845741,826.3562980220654,cam_4_1690342616_22-36-56.jpg
708,736,1714.1548476254889,588.8985385822947,2193.1829134883747,765.6822982891933,cam_4_1690342616_22-36-56.jpg
708,742,1888.1456891536595,524.0215408154023,2263.4548414776077,663.4260339324477,cam_4_1690342616_22-36-56.jpg
708,754,3596.1293453691815,431.5139503236638,4008.233517828664,846.679807326814,cam_4_1690342616_22-36-56.jpg
708,764,3375.471841672197,502.1348597074702,4001.5525720468218,965.0316395540342,cam_4_1690342616_22-36-56.jpg
708,769,2143.489773764066,613.5544555309734,2605.4995902836254,919.4379337169323,cam_4_1690342616_22-36-56.jpg
708,778,3611.886930978583,334.2212589276419,4026.690658890148,585.8080966285661,cam_4_1690342616_22-36-56.jpg
709,379,2509.1741360897126,489.4477294573327,2980.2683883327213,715.3340912387963,cam_4_1690342646_22-37-26.jpg
709,641,2752.951603251942,314.62078318403644,3237.088185056837,659.2684320065582,cam_4_1690342646_22-37-26.jpg
709,723,2296.9133315450204,522.5260657671486,2720.8830521853397,825.8288785285605,cam_4_1690342646_22-37-26.jpg
709,736,1717.2641324817275,587.2354848622244,2196.4667180908104,764.7974593800112,cam_4_1690342646_22-37-26.jpg
709,742,1882.4894112449867,522.7741869842102,2249.9307234166113,659.3122660879721,cam_4_1690342646_22-37-26.jpg
709,754,3613.9012946687844,407.24202339204027,4027.890251631179,816.8911364887765,cam_4_1690342646_22-37-26.jpg
709,764,3376.073685205966,500.5644750299688,3992.2002894360894,952.3865772717738,cam_4_1690342646_22-37-26.jpg
709,769,2143.611787361549,612.0013522649419,2608.171420740843,920.5252426816375,cam_4_1690342646_22-37-26.jpg
709,778,3571.4648984055357,329.0536715524536,4061.066514536432,628.4819236564871,cam_4_1690342646_22-37-26.jpg
709,780,3675.225120194778,268.31304383823806,3941.7663700001244,363.43340493205085,cam_4_1690342646_22-37-26.jpg
710,379,2507.1750832288585,490.1975390154482,2976.659430591554,715.1846559421524,cam_4_1690342721_22-38-41.jpg
710,592,1728.0634046627972,587.6120572972991,2150.837290848822,770.4685274573432,cam_4_1690342721_22-38-41.jpg
710,641,2742.7547083913632,314.79903625176905,3225.2053951492753,659.2944885134974,cam_4_1690342721_22-38-41.jpg
710,723,2300.335304998111,522.3526315182187,2719.9355175037235,825.2985557850337,cam_4_1690342721_22-38-41.jpg
710,742,1887.5124733496443,525.5646120439045,2290.29746793379,675.2117735304481,cam_4_1690342721_22-38-41.jpg
710,754,3630.6773312882037,405.82452918643355,4049.873213455771,809.1868029648364,cam_4_1690342721_22-38-41.jpg
710,764,3379.4769072704407,503.37969891704165,4004.322284638698,948.1018788160525,cam_4_1690342721_22-38-41.jpg
710,769,2144.6111292777446,622.6448789448547,2595.2101596438474,919.9494980946333,cam_4_1690342721_22-38-41.jpg
710,772,3553.7643209340936,379.85659031217665,3904.1044068474766,573.68309743822,cam_4_1690342721_22-38-41.jpg
710,780,3666.7419504007744,269.80639073168794,3943.6715836074472,368.68691526280895,cam_4_1690342721_22-38-41.jpg
711,379,2504.491026115599,489.6096193069837,2976.356160360011,715.6147939872844,cam_4_1690342766_22-39-26.jpg
711,641,2745.6297329763174,314.9596171971842,3224.2090587211824,658.872285216293,cam_4_1690342766_22-39-26.jpg
711,721,1892.7639087908738,553.0241373881124,2292.6966789822136,737.1535488383158,cam_4_1690342766_22-39-26.jpg
711,723,2304.073810315192,529.7965977338206,2713.253696123518,825.8385822239965,cam_4_1690342766_22-39-26.jpg
711,764,3414.5933143684506,507.076570491144,4066.8720407981627,955.9077800797585,cam_4_1690342766_22-39-26.jpg
711,769,2145.379246654973,624.7014904174973,2593.3130420217312,919.3861203606981,cam_4_1690342766_22-39-26.jpg
711,772,3567.4956775367245,339.43716529479235,3927.8274665847434,538.7125922686546,cam_4_1690342766_22-39-26.jpg
711,780,3675.6067623047397,273.5913597514002,3941.094684341994,368.1013174524899,cam_4_1690342766_22-39-26.jpg
711,782,3469.121718229935,369.8833408718917,4115.656992457329,598.01355429353,cam_4_1690342766_22-39-26.jpg
712,379,2509.3290786637403,490.19838342764615,2980.694983271857,716.1447920798437,cam_4_1690342781_22-39-41.jpg
712,641,2740.715538923929,313.4411568440944,3169.411429288345,622.2711095795096,cam_4_1690342781_22-39-41.jpg
712,721,1894.4448902961938,553.856097370662,2296.165272573083,738.3495693255973,cam_4_1690342781_22-39-41.jpg
712,723,2306.415879731542,531.4826928889001,2711.6864978938265,825.518362233373,cam_4_1690342781_22-39-41.jpg
712,764,3417.2228131356223,511.2814074546388,4086.8022182209074,960.7067557881242,cam_4_1690342781_22-39-41.jpg
712,769,2140.2801351618577,625.7494519818927,2589.104978990394,919.2405009828045,cam_4_1690342781_22-39-41.jpg
712,772,3569.867822680552,333.20144949810935,3930.9734747412062,532.0517831726215,cam_4_1690342781_22-39-41.jpg
712,780,3678.8736038039206,271.0627529934352,3938.2300890714914,362.9742616390401,cam_4_1690342781_22-39-41.jpg
712,782,3483.194724968252,352.3008277502764,4130.035691052088,582.3857552638166,cam_4_1690342781_22-39-41.jpg
713,379,2507.5458916503417,489.07760527803526,2980.8133774919474,716.1988659570031,cam_4_1690342841_22-40-41.jpg
713,641,2745.886400608618,312.66950395965245,3208.4457391496985,646.0394311439711,cam_4_1690342841_22-40-41.jpg
713,721,1896.2465050443,553.3730111482197,2299.850665919204,738.8906347305924,cam_4_1690342841_22-40-41.jpg
713,723,2309.4185628617242,531.5453118995255,2712.455868436579,824.748151250741,cam_4_1690342841_22-40-41.jpg
713,764,3416.5535058507908,508.93396713606955,4101.183821616245,958.1006552572575,cam_4_1690342841_22-40-41.jpg
713,769,2136.3782084943055,625.5625510335626,2588.9098744852176,919.588808038675,cam_4_1690342841_22-40-41.jpg
713,772,3657.971169574042,330.7637306401606,3997.3286735038055,499.5313460485737,cam_4_1690342841_22-40-41.jpg
713,778,3571.823119417902,339.78957947388557,4035.479780214454,621.8641519287951,cam_4_1690342841_22-40-41.jpg
713,780,3679.6219505044346,270.74657936371295,3933.975355358163,360.3768961263153,cam_4_1690342841_22-40-41.jpg
713,784,1632.4501079565268,403.6992956080884,2228.447886273947,719.8452687807353,cam_4_1690342841_22-40-41.jpg
713,785,3564.006543201454,409.77572967975823,3880.0677729315944,579.949898785072,cam_4_1690342841_22-40-41.jpg
714,379,2509.032273951783,489.7813801672334,2979.475863013041,715.4712278447462,cam_4_1690342856_22-40-56.jpg
714,641,2749.1264252752862,313.4853466052682,3222.268204568124,654.5780230387409,cam_4_1690342856_22-40-56.jpg
714,721,1889.3452302734136,556.438514012584,2289.5176254344674,739.1261092289915,cam_4_1690342856_22-40-56.jpg
714,723,2308.8654445056477,531.4612312172305,2712.385141229569,825.7402168463791,cam_4_1690342856_22-40-56.jpg
714,764,3383.1905086738834,508.4152036390518,4070.1597345517157,960.272920173876,cam_4_1690342856_22-40-56.jpg
714,769,2124.104034147229,628.5801321956214,2578.272103538099,920.4018625123097,cam_4_1690342856_22-40-56.jpg
714,778,3553.539750537684,337.0509378304856,4043.0966436295125,637.5338117712265,cam_4_1690342856_22-40-56.jpg
714,780,3671.107238643295,272.7252862742623,3939.0411405011714,366.9114304526742,cam_4_1690342856_22-40-56.jpg
714,784,1648.6553514526508,404.2737407484276,2242.713402290872,720.2085268923947,cam_4_1690342856_22-40-56.jpg
714,785,3541.22411873894,406.2100258755929,3855.658582980261,576.7513375829876,cam_4_1690342856_22-40-56.jpg
715,379,2505.2514600441555,488.0346421434895,2977.1359513275675,714.1921917034604,cam_4_1690342991_22-43-11.jpg
715,712,2700.938191005135,419.04940802559713,3070.02940040183,607.3291904711473,cam_4_1690342991_22-43-11.jpg
715,714,3083.0304901464488,312.09021612536503,3321.6561973851276,616.2651021767181,cam_4_1690342991_22-43-11.jpg
715,721,1892.6876856341971,558.3075032663581,2290.6126812630773,738.9317831580202,cam_4_1690342991_22-43-11.jpg
715,723,2308.583209783781,531.5192412694018,2714.094325360847,828.2515230064068,cam_4_1690342991_22-43-11.jpg
715,756,2824.869755547299,364.04462720456866,3144.5575757045535,555.1969643475409,cam_4_1690342991_22-43-11.jpg
715,764,3394.4279141163292,508.7850810282001,4089.018632924919,955.1967434633248,cam_4_1690342991_22-43-11.jpg
715,769,2135.9410007560973,627.9252807376158,2592.367014006344,920.704280700392,cam_4_1690342991_22-43-11.jpg
715,778,3591.438433475772,336.06945124531796,4040.3681918330167,603.2475585775394,cam_4_1690342991_22-43-11.jpg
715,780,3675.356847000575,272.72023820914853,3933.307600153169,362.47585496074527,cam_4_1690342991_22-43-11.jpg
715,784,1630.040481655189,416.9610146067762,2201.541888923788,720.4753582610729,cam_4_1690342991_22-43-11.jpg
716,712,2708.017247696375,416.1618218525423,3074.1654192523756,600.5906580357786,cam_4_1690343246_22-47-26.jpg
716,721,1882.7967996392533,559.0495036666939,2281.644891241733,740.9733006646142,cam_4_1690343246_22-47-26.jpg
716,723,2305.6220940974545,531.152680843287,2713.932061447311,831.099701261911,cam_4_1690343246_22-47-26.jpg
716,756,2825.7971789896774,367.49094216626656,3136.4407063910585,551.2230268210169,cam_4_1690343246_22-47-26.jpg
716,759,2565.472214395608,488.5568419931782,2987.8102564129495,712.1705690090419,cam_4_1690343246_22-47-26.jpg
716,764,3397.3927009797117,521.4784830321407,4101.860994225681,965.5062100517944,cam_4_1690343246_22-47-26.jpg
716,769,2139.34608904997,627.5359646758607,2597.7462856177326,921.4959724790633,cam_4_1690343246_22-47-26.jpg
716,778,3610.7583854177155,335.47546271338086,4050.738579778044,590.5778431520754,cam_4_1690343246_22-47-26.jpg
716,780,3663.3998555228673,268.01673196979004,3938.5317333682224,363.78197388191535,cam_4_1690343246_22-47-26.jpg
716,784,1607.8643123996071,427.13356163689934,2148.541477654182,713.3433614935118,cam_4_1690343246_22-47-26.jpg
717,712,2712.3568346718016,417.5062681092552,3077.8734805033255,600.9874437635426,cam_4_1690343366_22-49-26.jpg
717,721,1865.3680712150783,546.7320634110406,2289.7818063843547,743.1536705729126,cam_4_1690343366_22-49-26.jpg
717,723,2300.1042488794437,525.9781930384925,2713.700867905398,832.229348105504,cam_4_1690343366_22-49-26.jpg
717,756,2824.429176016317,368.83118414675795,3136.570275256306,552.2129116813162,cam_4_1690343366_22-49-26.jpg
717,759,2576.647075798144,490.29821959111433,2991.519236302252,712.2413340565328,cam_4_1690343366_22-49-26.jpg
717,764,3369.9768661692606,530.0328984473706,4109.451556185537,988.1690570315949,cam_4_1690343366_22-49-26.jpg
717,769,2137.258333662891,621.4629950832174,2603.212425791955,920.7153163439501,cam_4_1690343366_22-49-26.jpg
717,782,3479.2852383504173,373.34511858815637,4153.574344865177,614.4965690075026,cam_4_1690343366_22-49-26.jpg
717,784,1522.6493784844902,426.4216762608604,2119.0674523123344,744.5570402502259,cam_4_1690343366_22-49-26.jpg
718,379,2505.9511944318283,483.1743367897171,2980.9231475633746,711.0748849772579,cam_4_1690343576_22-52-56.jpg
718,712,2705.047760903652,415.4577491249678,3077.5026783216626,601.232934371196,cam_4_1690343576_22-52-56.jpg
718,721,1865.0417897661493,536.8625534132846,2307.517360000302,742.8829958534037,cam_4_1690343576_22-52-56.jpg
718,723,2302.717316393566,523.0306772734177,2713.7085607615404,828.7794582015634,cam_4_1690343576_22-52-56.jpg
718,726,3509.5083953233584,382.60031281531354,4014.5266486628743,729.2610939550625,cam_4_1690343576_22-52-56.jpg
718,740,3759.3478448803717,303.2467496001326,3902.2019014658267,460.3966395367919,cam_4_1690343576_22-52-56.jpg
718,756,2813.921431794279,366.9123219046705,3136.084828208304,555.1088738194663,cam_4_1690343576_22-52-56.jpg
718,757,2662.305147097716,219.75984833546514,2981.1377252769125,376.98793386716306,cam_4_1690343576_22-52-56.jpg
718,760,2176.4656366265417,284.6951964327603,2637.9239863919356,487.20709484462293,cam_4_1690343576_22-52-56.jpg
718,769,2132.062537196195,618.2200492471649,2603.1723801517455,921.0030544760525,cam_4_1690343576_22-52-56.jpg
718,784,1470.5569651748865,422.51911558614813,2095.4266655994634,758.749885160262,cam_4_1690343576_22-52-56.jpg
719,379,2524.6536316470647,479.4244208746434,2946.582999236548,678.4898536424244,cam_4_1690343636_22-53-56.jpg
719,712,2693.873030408748,413.5098537791164,3074.775801630032,602.9426960946234,cam_4_1690343636_22-53-56.jpg
719,721,1885.7093200952477,530.6534092985676,2318.5004617792483,733.5300244207397,cam_4_1690343636_22-53-56.jpg
719,723,2311.357444625403,528.7499351485171,2676.995307257232,800.3227323392085,cam_4_1690343636_22-53-56.jpg
719,726,3469.3609840024515,459.86091134454904,4064.1332794293903,884.5171515816419,cam_4_1690343636_22-53-56.jpg
719,753,3542.244852991361,484.849099620321,3845.6160704604513,945.623804906908,cam_4_1690343636_22-53-56.jpg
719,756,2811.953566827442,367.69229568274403,3133.4011803331036,554.274187218261,cam_4_1690343636_22-53-56.jpg
719,760,2197.2283668132986,288.2729172513779,2620.1462390105116,474.59640988663404,cam_4_1690343636_22-53-56.jpg
719,769,2123.7440942266808,610.3381348187045,2598.8100215973145,918.1345392757275,cam_4_1690343636_22-53-56.jpg
719,784,1520.361133368826,428.8445464673867,2097.2081772326046,741.5326806930861,cam_4_1690343636_22-53-56.jpg
720,379,2531.816063402669,479.35717316783405,2926.325228737976,661.397066534418,cam_4_1690343681_22-54-41.jpg
720,712,2693.4232055941447,410.09139118744156,3077.3490714828026,600.9993031116371,cam_4_1690343681_22-54-41.jpg
720,721,1883.5107812090116,530.4056154926207,2328.4128829699225,740.7432979199052,cam_4_1690343681_22-54-41.jpg
720,723,2305.9004427894133,534.7854941664472,2651.9111960090786,792.3461035120483,cam_4_1690343681_22-54-41.jpg
720,726,3387.644068838404,495.5589108148533,4056.9208079266937,984.4220174803534,cam_4_1690343681_22-54-41.jpg
720,753,3614.43110527025,491.10776846407657,3919.690923623948,848.8849867981041,cam_4_1690343681_22-54-41.jpg
720,756,2812.9459106500954,371.3692779080742,3133.0703271498537,556.5710787273423,cam_4_1690343681_22-54-41.jpg
720,760,2184.7119408057883,292.9857284810529,2600.1616783547656,477.41219169424085,cam_4_1690343681_22-54-41.jpg
720,769,2109.069991869928,602.6458455487654,2595.7197089268343,918.5772184500256,cam_4_1690343681_22-54-41.jpg
720,784,1558.1121047646977,430.16400940410904,2107.3159773360157,726.6288082514468,cam_4_1690343681_22-54-41.jpg
721,664,2628.2866959092817,324.3507326180155,3111.106515287544,625.6534129166503,cam_4_1690343876_22-57-56.jpg
721,675,2490.1820539543337,473.9433808452277,2980.1032133823046,708.4309806008473,cam_4_1690343876_22-57-56.jpg
721,680,2379.297370703535,269.6247816928663,2652.87271133537,421.2004483886663,cam_4_1690343876_22-57-56.jpg
721,721,1792.3346448359355,542.8828400999462,2238.8722943220887,756.2428714838685,cam_4_1690343876_22-57-56.jpg
721,723,2308.40042132082,534.858571860496,2683.6045930320392,815.1961351426701,cam_4_1690343876_22-57-56.jpg
721,760,2122.023058975133,301.29385200834884,2600.2737219956966,520.2892967204125,cam_4_1690343876_22-57-56.jpg
721,769,2118.041509051768,608.2146820044816,2594.841937227473,917.3438005380677,cam_4_1690343876_22-57-56.jpg
722,664,2619.7412879348403,322.5089313534137,3114.882457111103,636.7893343125847,cam_4_1690343966_22-59-26.jpg
722,675,2504.8281411829535,481.75305083972273,2968.822612562385,703.7609357415128,cam_4_1690343966_22-59-26.jpg
722,760,2055.2632787405983,291.6700742734774,2595.861014633734,549.0206010032289,cam_4_1690343966_22-59-26.jpg
722,769,2014.0921773083332,592.0666531637903,2667.1617414532316,1012.9854050435612,cam_4_1690343966_22-59-26.jpg
722,794,2416.2006122091807,233.7499697642591,2783.0406627933817,386.73308956329436,cam_4_1690343966_22-59-26.jpg
723,664,2619.7849347183987,395.5211300728034,3034.7872366440365,636.7238532697753,cam_4_1690344176_23-02-56.jpg
723,675,2497.5550318694964,486.36990828186174,2960.317674955395,706.0860613538865,cam_4_1690344176_23-02-56.jpg
723,712,2713.116776126728,401.95516369763607,3098.129528742241,595.7811240810075,cam_4_1690344176_23-02-56.jpg
723,723,2308.838357702558,536.2886585708617,2693.456747989769,824.8003609876085,cam_4_1690344176_23-02-56.jpg
723,756,2815.5709735009077,371.92247083737084,3137.1225886310735,557.3074848501267,cam_4_1690344176_23-02-56.jpg
723,760,2042.7448874138731,291.43783193467107,2572.8916934002696,549.1747299199731,cam_4_1690344176_23-02-56.jpg
723,764,3212.65597875575,683.8366336108721,4086.2851073502507,1226.7925911294283,cam_4_1690344176_23-02-56.jpg
723,769,2080.411815064844,609.6640677828698,2623.8000387634575,958.2376438199489,cam_4_1690344176_23-02-56.jpg
723,794,2390.0406917756436,231.93387256941463,2770.983589119601,391.532674057695,cam_4_1690344176_23-02-56.jpg
723,795,1780.0004266543317,380.44593511057917,2272.093507336342,642.2106075769011,cam_4_1690344176_23-02-56.jpg
723,797,2261.5148507086838,281.8196432857002,2625.585609357161,468.40319866474783,cam_4_1690344176_23-02-56.jpg
724,675,2363.458157819764,425.15299924832277,2976.104807919649,730.4383782672663,cam_4_1690344431_23-07-11.jpg
724,712,2728.926941933321,398.9548331646838,3106.7326500783824,592.9824401801786,cam_4_1690344431_23-07-11.jpg
724,721,1745.9968113621603,567.8253367611383,2154.7471585185694,764.7224769795487,cam_4_1690344431_23-07-11.jpg
724,723,2313.5932839307584,535.4986014809919,2705.325061328873,829.374243314583,cam_4_1690344431_23-07-11.jpg
724,756,2804.2394814164095,369.099005438938,3134.0418952696846,557.1607670470728,cam_4_1690344431_23-07-11.jpg
724,760,1974.5288506113718,295.98084187942254,2487.392200531611,548.3346762285092,cam_4_1690344431_23-07-11.jpg
724,764,3273.5654135350346,683.3071310290474,4108.992573231554,1185.7629448020996,cam_4_1690344431_23-07-11.jpg
724,769,2116.8376017013425,613.7270791445842,2609.548466901476,930.8446173045108,cam_4_1690344431_23-07-11.jpg
724,795,1669.0376407970512,369.5762089886092,2204.4035566731923,658.074692422827,cam_4_1690344431_23-07-11.jpg
724,797,2259.6255654916977,290.29852723913996,2577.069530428015,450.58976310110694,cam_4_1690344431_23-07-11.jpg
725,195,1985.1669189192216,300.2139467992668,2363.4311088904096,549.8623054790846,cam_4_1690344446_23-07-26.jpg
725,675,2333.6160622237453,404.9944936111742,2974.985923013537,738.1270597850853,cam_4_1690344446_23-07-26.jpg
725,721,1742.4662106984856,577.4763982502391,2130.9704448450093,765.0692045560615,cam_4_1690344446_23-07-26.jpg
725,723,2316.9900841116105,539.3002957134287,2706.1315131447786,830.1820276651604,cam_4_1690344446_23-07-26.jpg
725,756,2800.8283169096685,371.5993873992614,3133.000229649699,559.1626484926398,cam_4_1690344446_23-07-26.jpg
725,764,3293.693929413049,683.0998411422985,4122.71903172708,1169.1476884355216,cam_4_1690344446_23-07-26.jpg
725,769,2130.415503613123,615.6225826677545,2602.8518444832284,920.1826492750166,cam_4_1690344446_23-07-26.jpg
725,795,1649.8640937084865,364.097485158892,2188.099652881024,657.3144619729321,cam_4_1690344446_23-07-26.jpg
725,797,2258.2430358859488,293.46770790869016,2561.1886779178017,443.81711672365395,cam_4_1690344446_23-07-26.jpg
726,195,1982.3278369135628,272.125460918746,2324.7652656242067,522.483243042832,cam_4_1690344581_23-09-41.jpg
726,379,2588.2300010114236,436.7138854613929,3023.161264907389,635.579732719872,cam_4_1690344581_23-09-41.jpg
726,592,1862.9511561856737,518.814561077799,2321.0195119130176,718.4516910458871,cam_4_1690344581_23-09-41.jpg
726,641,2802.3702613092955,201.68138059510812,3072.1911625408156,393.5336278607045,cam_4_1690344581_23-09-41.jpg
726,675,2363.9253367940046,471.71773545413066,2899.387171982805,755.3025443452791,cam_4_1690344581_23-09-41.jpg
726,712,2723.2808412841955,399.2629544141503,3098.79456894268,593.4521158407567,cam_4_1690344581_23-09-41.jpg
726,721,1745.9324649976056,570.4496208708849,2146.9931398285535,767.5279175985895,cam_4_1690344581_23-09-41.jpg
726,723,2319.451955244747,536.1333954656164,2712.201799440853,830.4847396705129,cam_4_1690344581_23-09-41.jpg
726,756,2809.9882280494435,373.6955025525698,3134.3240136476693,556.059159166926,cam_4_1690344581_23-09-41.jpg
726,759,2531.5162027056576,485.7963612984671,2953.6329075208164,705.9930475284862,cam_4_1690344581_23-09-41.jpg
726,764,3267.886045410889,657.1995080547503,4061.290892184664,1124.6000658394616,cam_4_1690344581_23-09-41.jpg
726,769,2125.7119885246934,614.7648440976945,2598.5321157772405,918.8365290950197,cam_4_1690344581_23-09-41.jpg
726,797,2218.280885778988,294.461595774343,2589.98311445945,477.3255782982872,cam_4_1690344581_23-09-41.jpg
726,805,1367.75515348752,415.26999892591994,1832.0418017076377,783.0366538692087,cam_4_1690344581_23-09-41.jpg
727,379,2591.3658985067764,436.2175387488111,3031.224877917033,635.5365855109646,cam_4_1690344761_23-12-41.jpg
727,592,1871.2173388322333,523.6622863040869,2313.3245259596906,716.643676700306,cam_4_1690344761_23-12-41.jpg
727,675,2369.5774720764994,496.4491723447254,2860.868277205737,760.5109533945401,cam_4_1690344761_23-12-41.jpg
727,712,2722.6753098228382,402.57367340682026,3095.242484402658,596.3512206264402,cam_4_1690344761_23-12-41.jpg
727,721,1743.2442270068314,570.7363565753087,2145.525583622987,771.6300634855396,cam_4_1690344761_23-12-41.jpg
727,723,2316.7089048583125,529.8707825817878,2716.7791563936266,830.7673555481933,cam_4_1690344761_23-12-41.jpg
727,756,2810.9169731124452,373.8695084028024,3137.0044036359454,556.2813828495339,cam_4_1690344761_23-12-41.jpg
727,759,2524.906877889594,485.0124931879835,2954.419670131646,705.2624087981836,cam_4_1690344761_23-12-41.jpg
727,764,3306.6923653390613,623.8576891055318,4060.8997759991494,1067.1702829014334,cam_4_1690344761_23-12-41.jpg
727,769,2133.7091508976205,614.8234381317495,2605.587212776304,918.9057308381622,cam_4_1690344761_23-12-41.jpg
727,778,3591.8584787839486,299.34533842194446,4054.083617158657,573.4592923445043,cam_4_1690344761_23-12-41.jpg
727,797,2209.9881823083765,296.44366653555545,2593.456522022774,483.15877537627165,cam_4_1690344761_23-12-41.jpg
727,805,1354.2744482530898,451.1795448893045,1854.276750684629,848.3646610746737,cam_4_1690344761_23-12-41.jpg
728,379,2592.7204366130513,432.9443240748872,3034.9019395191735,631.449883599055,cam_4_1690344806_23-13-26.jpg
728,592,1892.8370929362964,521.6227946620245,2320.913014873202,705.7511551606046,cam_4_1690344806_23-13-26.jpg
728,675,2372.9729926346226,502.7854569359523,2848.591922823129,762.0560126567731,cam_4_1690344806_23-13-26.jpg
728,680,2393.637028673115,217.36024672028955,2720.160571958506,400.62222014343695,cam_4_1690344806_23-13-26.jpg
728,712,2722.4614678438643,405.71965301126323,3091.106601584571,598.23200905812,cam_4_1690344806_23-13-26.jpg
728,721,1754.1136934908873,571.6435400259646,2149.124294926652,771.6487583833132,cam_4_1690344806_23-13-26.jpg
728,723,2315.9326923599547,527.957110984491,2714.9643816701823,828.8582246180761,cam_4_1690344806_23-13-26.jpg
728,756,2810.734721547077,373.8938809811861,3137.717676776629,556.2654850748279,cam_4_1690344806_23-13-26.jpg
728,759,2528.784034757511,486.3366529331816,2964.13261398694,707.1976993664081,cam_4_1690344806_23-13-26.jpg
728,764,3310.0166583890605,606.8853612487633,4048.709883480799,1041.7155678646072,cam_4_1690344806_23-13-26.jpg
728,769,2128.397906543888,613.7003603932683,2601.77536610332,918.1385524357813,cam_4_1690344806_23-13-26.jpg
728,778,3595.0661040285167,301.9332380426647,4055.477578874178,583.6445080802841,cam_4_1690344806_23-13-26.jpg
728,805,1354.8971333944783,460.43896205354054,1871.5100473409407,871.263731493284,cam_4_1690344806_23-13-26.jpg
729,379,2589.8052336157093,436.4698645814701,3031.2797247453004,632.941826265909,cam_4_1690345001_23-16-41.jpg
729,592,1895.321045483994,524.0402441697031,2326.070620969403,707.9653892115834,cam_4_1690345001_23-16-41.jpg
729,675,2374.487779471539,503.1371218472633,2842.6255122781527,761.3296094970842,cam_4_1690345001_23-16-41.jpg
729,712,2724.488817531801,405.2989051759174,3090.6658239316225,596.7470341733106,cam_4_1690345001_23-16-41.jpg
729,721,1752.7250046256784,572.6139007525175,2140.522939234243,771.317220530461,cam_4_1690345001_23-16-41.jpg
729,723,2315.9892276415376,529.0398902157061,2713.5704427850933,829.5157804883881,cam_4_1690345001_23-16-41.jpg
729,756,2810.9147585113124,372.2332783590107,3139.858533593307,555.2207368311385,cam_4_1690345001_23-16-41.jpg
729,759,2519.506305268384,482.99773898417163,2964.9093643575843,707.8558012049426,cam_4_1690345001_23-16-41.jpg
729,764,3303.749358993621,593.9417543995779,4033.3562077603324,1025.4528573017415,cam_4_1690345001_23-16-41.jpg
729,769,2136.962803674264,617.3851938829399,2603.8364823135444,917.9676623359057,cam_4_1690345001_23-16-41.jpg
729,778,3579.8941198888297,367.69160205968507,4054.4125980059825,648.079599369064,cam_4_1690345001_23-16-41.jpg
729,805,1348.0342916821785,464.9550216893798,1865.3245632634785,878.0449304094144,cam_4_1690345001_23-16-41.jpg
730,379,2591.9967990356613,436.7913521333704,3036.8419975343368,633.9236984356618,cam_4_1690345016_23-16-56.jpg
730,592,1898.9681201816163,525.3715535950598,2326.2523499775084,706.8209385248202,cam_4_1690345016_23-16-56.jpg
730,675,2380.2714000027245,504.9673856763057,2839.5902887419093,760.8510928331493,cam_4_1690345016_23-16-56.jpg
730,712,2726.6289286562383,404.2551182014661,3092.482966098982,596.1542747368946,cam_4_1690345016_23-16-56.jpg
730,721,1755.3206687084617,572.1400940917682,2140.715210142748,771.980331111839,cam_4_1690345016_23-16-56.jpg
730,723,2314.247214938111,530.136052843802,2710.2029046439316,829.480904576485,cam_4_1690345016_23-16-56.jpg
730,756,2809.6459105170225,372.3794168846524,3139.8086428094803,555.3332381900743,cam_4_1690345016_23-16-56.jpg
730,759,2515.5115069339286,482.7475672749673,2963.5078144202894,707.382996674471,cam_4_1690345016_23-16-56.jpg
730,764,3334.189785959985,587.507516018641,4075.105289877809,1019.049163310795,cam_4_1690345016_23-16-56.jpg
730,769,2141.063808936096,617.808535689655,2604.682727354871,916.627465352929,cam_4_1690345016_23-16-56.jpg
730,778,3531.8725355339684,393.8806181594413,4052.5630782722765,705.9751640733175,cam_4_1690345016_23-16-56.jpg
730,779,3520.519369133017,402.99121920725815,3924.8097269115033,655.710058702186,cam_4_1690345016_23-16-56.jpg
730,782,3560.35801422047,339.26460661182165,4084.225870766746,527.5793918950751,cam_4_1690345016_23-16-56.jpg
730,805,1352.0914787148015,467.691652844053,1861.8958562817395,875.5443875318635,cam_4_1690345016_23-16-56.jpg
731,379,2588.715617046029,436.77957627312543,3037.802513424324,634.6861244549489,cam_4_1690345046_23-17-26.jpg
731,592,1895.9621983107756,521.1952100279278,2332.217253525095,705.2358312637746,cam_4_1690345046_23-17-26.jpg
731,675,2381.561043142799,503.32185211666996,2838.9116867423077,760.4487252790323,cam_4_1690345046_23-17-26.jpg
731,712,2727.493685140025,405.2037779010328,3091.5026860612165,596.4811682408117,cam_4_1690345046_23-17-26.jpg
731,721,1751.2229855121263,573.0424735282779,2133.238215793558,771.6900743659968,cam_4_1690345046_23-17-26.jpg
731,723,2314.3767742743303,528.4557295121981,2711.9186563052062,829.5600824535793,cam_4_1690345046_23-17-26.jpg
731,756,2809.5989425765024,374.01291271455676,3138.7937305547525,555.6613297567646,cam_4_1690345046_23-17-26.jpg
731,759,2515.5103862299156,482.60027883579573,2964.341988469418,706.6738810066042,cam_4_1690345046_23-17-26.jpg
731,764,3303.409078222318,584.3215403373948,4045.8558069522596,1020.3399650465999,cam_4_1690345046_23-17-26.jpg
731,769,2139.0569299921026,617.3719584950055,2603.6020963870037,916.670614996378,cam_4_1690345046_23-17-26.jpg
731,779,3529.5903778396087,404.1030513885397,3958.0891203452084,658.1126749808104,cam_4_1690345046_23-17-26.jpg
731,805,1348.894028405426,464.2900065034279,1856.1583415939224,872.6125848400562,cam_4_1690345046_23-17-26.jpg
731,808,3584.238191353135,338.06722523239813,3910.7263931117614,475.7725576718583,cam_4_1690345046_23-17-26.jpg
732,379,2587.4969075276194,438.1436745147238,3036.047520724807,634.7483286022739,cam_4_1690345091_23-18-11.jpg
732,592,1895.6539993619497,521.1696113286906,2322.6984719612315,700.0820476970862,cam_4_1690345091_23-18-11.jpg
732,675,2383.5707763874298,503.224891132401,2836.8845469342104,759.9064949494438,cam_4_1690345091_23-18-11.jpg
732,712,2730.617401074923,407.47655385461445,3091.4617098607137,597.2593847816048,cam_4_1690345091_23-18-11.jpg
732,721,1753.8319877765941,573.9194330805947,2132.443837818989,770.9381420686325,cam_4_1690345091_23-18-11.jpg
732,723,2317.222197219964,530.5392464857089,2711.2586075980767,829.042194421449,cam_4_1690345091_23-18-11.jpg
732,726,3266.2774985258684,570.1455779621158,3857.6825619669858,1000.7240600095513,cam_4_1690345091_23-18-11.jpg
732,756,2808.5164364571565,371.81046986521375,3138.6038808168028,553.0425491344981,cam_4_1690345091_23-18-11.jpg
732,759,2514.45007730642,482.2293974443984,2966.1098335165866,706.8210446811984,cam_4_1690345091_23-18-11.jpg
732,769,2133.889140216255,619.4544264566739,2597.4816634968506,916.7345469474725,cam_4_1690345091_23-18-11.jpg
732,779,3535.2869764052652,404.49864560240667,4009.2249303186363,676.0007409495643,cam_4_1690345091_23-18-11.jpg
732,805,1347.8904846519206,465.20898314474596,1851.5596823162923,872.0711552649032,cam_4_1690345091_23-18-11.jpg
732,808,3577.189478736425,337.36825786273033,3913.05718321762,478.9828707788867,cam_4_1690345091_23-18-11.jpg
733,379,2590.512670820116,440.6837534369717,3036.0971727885803,635.1483668183921,cam_4_1690345106_23-18-26.jpg
733,592,1896.962384387559,520.671568886591,2311.3805976633193,693.1591985464099,cam_4_1690345106_23-18-26.jpg
733,675,2384.1868607041833,504.18233665232873,2833.835695561625,760.0250780932303,cam_4_1690345106_23-18-26.jpg
733,712,2732.413861145878,408.6987475042954,3088.252122433767,595.7848598182834,cam_4_1690345106_23-18-26.jpg
733,714,3158.848588186898,385.71692624136193,3396.0574564292124,720.4941356231402,cam_4_1690345106_23-18-26.jpg
733,721,1743.532939103466,573.9013062734431,2122.4999276515255,770.1759758572501,cam_4_1690345106_23-18-26.jpg
733,723,2314.532040936994,529.8695125992763,2708.9619805537623,828.7597027146982,cam_4_1690345106_23-18-26.jpg
733,756,2813.0635219294836,370.0964206807032,3146.345539122774,552.9301307497644,cam_4_1690345106_23-18-26.jpg
733,759,2514.47580947236,483.52854653601185,2964.4326052845877,706.2214369136182,cam_4_1690345106_23-18-26.jpg
733,769,2130.1883978205424,620.8854903551284,2593.3421765842413,916.2754997516049,cam_4_1690345106_23-18-26.jpg
733,778,3501.7102696774664,400.25821719160393,4068.4981415666134,740.5602101167426,cam_4_1690345106_23-18-26.jpg
733,805,1346.6500499923523,465.55855850403645,1842.513535133039,867.9282104620213,cam_4_1690345106_23-18-26.jpg
733,808,3579.508325054361,337.61534910203443,3917.265252204878,479.8720953082602,cam_4_1690345106_23-18-26.jpg
734,379,2587.466449882458,440.7562843581662,3036.466850143901,635.959443693234,cam_4_1690345121_23-18-41.jpg
734,592,1872.184776173547,523.8953686498461,2301.536165754148,706.9510428100032,cam_4_1690345121_23-18-41.jpg
734,675,2391.355910966119,503.091818385684,2837.5817101565563,759.1294767530726,cam_4_1690345121_23-18-41.jpg
734,712,2733.7809254239287,407.0216805253799,3092.0463245456917,595.5411420584016,cam_4_1690345121_23-18-41.jpg
734,714,3124.573784416833,353.7409258512214,3356.9611539781804,665.0066449386588,cam_4_1690345121_23-18-41.jpg
734,723,2320.510242377603,534.333755302846,2706.830833312981,826.818845238211,cam_4_1690345121_23-18-41.jpg
734,756,2815.1037573107806,371.4246899174863,3146.8882238574233,552.5909606310973,cam_4_1690345121_23-18-41.jpg
734,759,2514.405862777061,483.53233478654965,2962.6390617326388,704.2771772516942,cam_4_1690345121_23-18-41.jpg
734,769,2126.438269988286,619.7200043887163,2593.297476939898,915.987007973983,cam_4_1690345121_23-18-41.jpg
734,778,3487.000015389438,403.5178344408565,4047.8744325708367,742.3475598049888,cam_4_1690345121_23-18-41.jpg
734,805,1412.4307079828127,463.51790442666027,1950.036947429079,893.6882368302033,cam_4_1690345121_23-18-41.jpg
734,808,3582.1329178765336,336.2561823820113,3922.036394514535,479.48389258847016,cam_4_1690345121_23-18-41.jpg
735,379,2591.2290081446163,441.37234067571603,3035.695051512674,633.4796139606747,cam_4_1690345361_23-22-41.jpg
735,592,1895.2949002823475,525.8805995659014,2334.185109919304,714.5144175967769,cam_4_1690345361_23-22-41.jpg
735,675,2399.5875461447854,508.73267831521457,2833.5068882706714,758.8832188127933,cam_4_1690345361_23-22-41.jpg
735,712,2743.1595534290127,410.02347885696577,3088.253145733186,591.3135883148952,cam_4_1690345361_23-22-41.jpg
735,723,2322.57664794001,538.4970593447256,2704.3276377122397,826.4412865119086,cam_4_1690345361_23-22-41.jpg
735,756,2818.4031688064038,376.91055052358405,3140.176428508948,551.2272207513602,cam_4_1690345361_23-22-41.jpg
735,759,2508.623962119446,482.5907980401731,2959.0600778088797,702.9895188620657,cam_4_1690345361_23-22-41.jpg
735,769,2131.7661113612544,620.0999778984029,2599.016418877591,916.2516816500382,cam_4_1690345361_23-22-41.jpg
735,778,3503.1939543741,406.5968158690789,4068.9724912729266,743.578164342721,cam_4_1690345361_23-22-41.jpg
735,782,3588.2899152831214,336.9460317551509,4095.5714592004706,519.6572429954749,cam_4_1690345361_23-22-41.jpg
735,805,1479.8480233403836,469.74142602056395,2040.322299780075,909.8241256302465,cam_4_1690345361_23-22-41.jpg
735,808,3590.2318496558755,334.66885845233895,3919.137924532183,473.1002865538196,cam_4_1690345361_23-22-41.jpg
736,379,2593.1081773120736,440.73646699970294,3040.6527357399564,633.7557893685839,cam_4_1690345826_23-30-26.jpg
736,675,2398.6786403833144,513.43604533234,2824.724687262583,758.6384169943963,cam_4_1690345826_23-30-26.jpg
736,712,2740.29104558016,407.46055854714064,3089.8091472649135,591.0799339807276,cam_4_1690345826_23-30-26.jpg
736,723,2309.194802126306,545.0163544279244,2685.854026369022,825.1677389616768,cam_4_1690345826_23-30-26.jpg
736,756,2822.5379968629823,380.1063674929797,3138.5103386907954,550.2622281151391,cam_4_1690345826_23-30-26.jpg
736,759,2509.721972437851,482.8721815822603,2962.384040449024,704.2797581093641,cam_4_1690345826_23-30-26.jpg
736,760,1902.9539728497414,524.2174069518048,2300.8811842646346,720.6462920360684,cam_4_1690345826_23-30-26.jpg
736,769,2140.6177197463558,623.4850808968112,2600.05873518609,915.2743507815288,cam_4_1690345826_23-30-26.jpg
736,778,3504.149750147386,406.52714385133686,4078.3663906956604,747.3562649862051,cam_4_1690345826_23-30-26.jpg
736,805,1501.3581421977751,468.5400773606875,2071.429187992395,909.0253099580502,cam_4_1690345826_23-30-26.jpg
736,808,3631.102187247452,344.6587092985809,3922.2116542015488,467.52599820386735,cam_4_1690345826_23-30-26.jpg
737,379,2589.1579733892704,442.011267640315,3039.5985354364025,635.5664760198008,cam_4_1690345841_23-30-41.jpg
737,592,1933.711759794626,511.24082422433463,2368.318876668376,699.8644809659692,cam_4_1690345841_23-30-41.jpg
737,675,2397.5717695343806,509.81938440021605,2825.924921401778,756.7758875531547,cam_4_1690345841_23-30-41.jpg
737,712,2746.445116910717,411.023042026888,3091.618801213167,592.4356165671593,cam_4_1690345841_23-30-41.jpg
737,723,2312.4581507795274,536.6902500977935,2701.300484118259,825.9809332032702,cam_4_1690345841_23-30-41.jpg
737,756,2820.028169183071,379.1904520691385,3138.72876878647,549.9915936279356,cam_4_1690345841_23-30-41.jpg
737,759,2508.4561225898506,483.9418035944182,2961.171616975792,704.8647741020403,cam_4_1690345841_23-30-41.jpg
737,760,1910.256489114078,531.0713629429328,2288.5479314705026,721.5083406294335,cam_4_1690345841_23-30-41.jpg
737,769,2134.0111517365413,618.2336429535274,2602.1385873431195,915.9342977536104,cam_4_1690345841_23-30-41.jpg
737,778,3515.6809180321825,406.6492390318116,4100.461803428757,749.4852974432388,cam_4_1690345841_23-30-41.jpg
737,784,1401.7762618667884,466.8868221435783,2177.5368760031442,895.5210916737949,cam_4_1690345841_23-30-41.jpg
737,808,3649.4342626221783,349.23769499910014,3923.2495777905824,464.91800698514976,cam_4_1690345841_23-30-41.jpg
737,809,2868.1301104013214,345.4935626593436,3205.095613194288,515.089656466113,cam_4_1690345841_23-30-41.jpg
738,379,2589.1903167674714,441.05288338921895,3040.676949132787,634.8155821928042,cam_4_1690345871_23-31-11.jpg
738,592,1942.3037169774861,509.77611921708683,2366.9593412480635,696.0619979576653,cam_4_1690345871_23-31-11.jpg
738,675,2395.5662023768086,509.1170079071289,2825.3033677411972,757.0296431764605,cam_4_1690345871_23-31-11.jpg
738,712,2738.9850900086753,408.69341052557655,3087.507291082707,591.6063792712232,cam_4_1690345871_23-31-11.jpg
738,723,2308.0719364038205,534.4995276975687,2698.2087306877643,824.8682100194911,cam_4_1690345871_23-31-11.jpg
738,756,2820.482050023112,380.5792984594698,3137.997688344216,549.6927378915641,cam_4_1690345871_23-31-11.jpg
738,759,2510.5409031136037,486.093025051519,2958.9505099832104,704.4576557113759,cam_4_1690345871_23-31-11.jpg
738,760,1913.2342598756948,532.3338287258505,2282.9505896880987,721.8797965292599,cam_4_1690345871_23-31-11.jpg
738,769,2133.5892116792625,617.1969937319952,2604.578360693935,916.8486657452755,cam_4_1690345871_23-31-11.jpg
738,778,3484.9761844993654,406.20146039999156,4072.241558877707,755.6565527338115,cam_4_1690345871_23-31-11.jpg
738,784,1399.9435527966561,465.79466104746575,2171.762124998556,900.07434721286,cam_4_1690345871_23-31-11.jpg
738,808,3647.4796131819326,348.83697104052817,3930.1840377716603,469.04706126110517,cam_4_1690345871_23-31-11.jpg
738,809,2868.6322991460406,345.6449241084415,3203.8020338487904,514.387979347445,cam_4_1690345871_23-31-11.jpg
739,379,2587.728366734055,441.69468186435324,3038.3384325180086,634.3991153064385,cam_4_1690345961_23-32-41.jpg
739,675,2392.6007723607486,510.34363534685775,2823.95821089851,759.1714476481378,cam_4_1690345961_23-32-41.jpg
739,712,2737.405515963182,411.35789275432865,3084.6614852883554,593.3280165757415,cam_4_1690345961_23-32-41.jpg
739,723,2306.889294879982,534.397555366324,2700.1935136633338,828.0103162141022,cam_4_1690345961_23-32-41.jpg
739,756,2826.199953482535,383.4268823384856,3142.333308089418,551.6252026325761,cam_4_1690345961_23-32-41.jpg
739,759,2509.4638194808667,484.8287534627957,2962.2832838358927,705.1805861478135,cam_4_1690345961_23-32-41.jpg
739,760,1904.9287781778025,532.2821865593269,2274.582302353698,723.1058626311601,cam_4_1690345961_23-32-41.jpg
739,769,2124.952836535667,613.5648781787756,2599.598253869544,915.3901342215546,cam_4_1690345961_23-32-41.jpg
739,778,3480.3350667638983,409.9324549913249,4057.3383351585444,754.3953713881699,cam_4_1690345961_23-32-41.jpg
739,784,1395.1571171713986,463.2832385253517,2159.1469291996914,899.5213014343633,cam_4_1690345961_23-32-41.jpg
739,785,3644.6666056323857,352.96438111554966,4050.2957225559226,577.4777777173406,cam_4_1690345961_23-32-41.jpg
739,809,2867.617313341472,345.2676352875001,3204.667216340828,515.107953838208,cam_4_1690345961_23-32-41.jpg
740,379,2584.8092264567413,441.80464680394226,3037.384886374357,634.7545591690898,cam_4_1690345976_23-32-56.jpg
740,592,1936.81253534881,509.16174970016874,2360.375393732977,696.6336499583263,cam_4_1690345976_23-32-56.jpg
740,675,2390.649370442422,511.54316363367684,2821.1702447853672,759.3782321641108,cam_4_1690345976_23-32-56.jpg
740,712,2736.5985527864204,412.07543176429095,3083.9043619444556,593.781690935281,cam_4_1690345976_23-32-56.jpg
740,723,2305.4513339317223,534.0148975925495,2700.6938157147624,829.8363341483159,cam_4_1690345976_23-32-56.jpg
740,753,3616.1577589551357,482.2064087882573,4019.104673268231,919.7689866345324,cam_4_1690345976_23-32-56.jpg
740,756,2824.6466727845514,383.7146655577845,3146.501195315084,555.3666127743119,cam_4_1690345976_23-32-56.jpg
740,759,2506.600275863818,484.66115944998023,2960.251293749402,704.8946881324791,cam_4_1690345976_23-32-56.jpg
740,760,1913.8659361701243,530.6845092192724,2271.9706551042414,715.4276924038166,cam_4_1690345976_23-32-56.jpg
740,769,2120.788978756416,613.286484754395,2597.2862072085613,915.7212218876491,cam_4_1690345976_23-32-56.jpg
740,784,1396.1354903189354,466.58110644574816,2149.4465750889567,900.2835309525772,cam_4_1690345976_23-32-56.jpg
740,785,3604.3420351440222,351.02066869248176,4078.875194802932,634.8831579383836,cam_4_1690345976_23-32-56.jpg
740,809,2867.981224902466,346.10465510362116,3202.0194879978826,514.0758718271442,cam_4_1690345976_23-32-56.jpg
741,379,2583.755951859855,441.38874976744853,3034.9442797179922,633.082929753791,cam_4_1690346186_23-36-26.jpg
741,675,2397.8080703636074,514.3395578944488,2822.095451671614,758.2514317083119,cam_4_1690346186_23-36-26.jpg
741,712,2735.8863217071457,409.7341801483037,3085.761019779421,592.6826015294921,cam_4_1690346186_23-36-26.jpg
741,723,2311.975252957922,537.3337546066439,2704.104638642965,830.8583516999225,cam_4_1690346186_23-36-26.jpg
741,726,3409.56644974132,508.7760842717953,4042.048365107892,956.3886953823308,cam_4_1690346186_23-36-26.jpg
741,756,2823.96020956307,380.27986688413614,3146.3036473383554,553.0752069746835,cam_4_1690346186_23-36-26.jpg
741,757,2846.2366578775877,233.62006120300828,3221.572741329186,424.01820746012777,cam_4_1690346186_23-36-26.jpg
741,759,2508.5175047730936,484.89058800802275,2960.490809915015,703.8528063607873,cam_4_1690346186_23-36-26.jpg
741,760,1906.0344636797745,533.0400896760073,2286.212384575403,728.9033903032454,cam_4_1690346186_23-36-26.jpg
741,769,2129.5226491970798,617.356776890169,2599.7325686799027,916.1345942676169,cam_4_1690346186_23-36-26.jpg
741,784,1379.8342743949017,470.23447349242224,2114.2886071234843,893.6877871984268,cam_4_1690346186_23-36-26.jpg
741,809,2864.4906567679427,351.84430080882424,3196.5784450454216,518.5414096029815,cam_4_1690346186_23-36-26.jpg
742,379,2587.019127285332,439.2583738068316,3038.213142465049,630.8281957666944,cam_4_1690346246_23-37-26.jpg
742,675,2397.224495327815,513.304289036183,2823.841257392885,758.5284455215626,cam_4_1690346246_23-37-26.jpg
742,712,2743.8240678524216,410.4431816499456,3088.261353483316,590.9265432543287,cam_4_1690346246_23-37-26.jpg
742,723,2314.1827190681215,535.0041974272665,2709.1372601069324,831.5731318549917,cam_4_1690346246_23-37-26.jpg
742,726,3391.627771792562,519.6818245614686,4019.304787929589,961.0444389541437,cam_4_1690346246_23-37-26.jpg
742,756,2818.320280359995,381.36794308280463,3139.991650059828,553.6580242997809,cam_4_1690346246_23-37-26.jpg
742,759,2508.0635321291556,483.82308920725933,2961.970828707678,703.6554605858817,cam_4_1690346246_23-37-26.jpg
742,760,1899.8540977479195,532.516091953316,2276.764263082582,728.0205374009989,cam_4_1690346246_23-37-26.jpg
742,769,2129.074276348648,618.5783821371858,2599.5251550270577,916.9634849262594,cam_4_1690346246_23-37-26.jpg
742,784,1382.3172434305163,467.46210010693466,2115.7225088255145,892.1702866262024,cam_4_1690346246_23-37-26.jpg
742,809,2861.970806206221,345.6273918714842,3201.3845606857208,516.3877565722462,cam_4_1690346246_23-37-26.jpg
743,379,2587.110481339063,440.2791929997592,3040.0163178654575,632.2854773130915,cam_4_1690346276_23-37-56.jpg
743,675,2401.251970596015,515.0970557490375,2824.992183050925,758.6263852230645,cam_4_1690346276_23-37-56.jpg
743,712,2746.577851453849,411.2796308956542,3089.8064546985597,591.5054143972155,cam_4_1690346276_23-37-56.jpg
743,723,2314.0075464750253,537.9703083279986,2707.6728733138843,833.6056921912773,cam_4_1690346276_23-37-56.jpg
743,726,3382.6202941785773,527.5585713829778,4003.2669993543814,961.4907255586373,cam_4_1690346276_23-37-56.jpg
743,756,2814.0653391830224,377.1421346517489,3140.5520856112253,551.4790061202533,cam_4_1690346276_23-37-56.jpg
743,759,2510.253216869525,485.6590225096292,2962.834607637057,704.4760740884756,cam_4_1690346276_23-37-56.jpg
743,760,1904.848232327327,532.6029486178902,2275.365552951868,724.9054228291997,cam_4_1690346276_23-37-56.jpg
743,769,2133.021135606515,619.5304731172571,2603.8735069762356,918.3067714455524,cam_4_1690346276_23-37-56.jpg
743,784,1384.5965757348656,466.54625044826355,2116.0008203108046,891.9529014503094,cam_4_1690346276_23-37-56.jpg
743,794,2525.369309282401,215.85380932763655,2878.370105224225,365.16192981984045,cam_4_1690346276_23-37-56.jpg
743,809,2865.752874738474,346.6131833183007,3201.5335501721847,515.5611249029221,cam_4_1690346276_23-37-56.jpg
744,379,2581.3914586616606,437.121459913947,3038.244705528786,630.4556108094979,cam_4_1690346426_23-40-26.jpg
744,675,2393.644302548707,512.2245709492349,2823.2646432770716,758.7959517193113,cam_4_1690346426_23-40-26.jpg
744,712,2738.3901776180323,406.4610610122252,3087.9084574636377,589.8986340020299,cam_4_1690346426_23-40-26.jpg
744,723,2311.2080666488055,536.4709725559427,2705.877348049785,832.7069349637428,cam_4_1690346426_23-40-26.jpg
744,726,3371.3329377057917,528.6315553275538,4000.54714484756,966.87110793254,cam_4_1690346426_23-40-26.jpg
744,756,2816.420450445828,377.9518467641517,3138.0222802026606,549.0812645820683,cam_4_1690346426_23-40-26.jpg
744,759,2514.6458697295793,483.98453544513893,2967.0344487163597,702.6269499336767,cam_4_1690346426_23-40-26.jpg
744,760,1909.4083141166116,529.9725649869758,2272.9929544463084,718.4865852566604,cam_4_1690346426_23-40-26.jpg
744,769,2131.6067038980173,619.2353224060353,2601.695704257294,917.2618141699925,cam_4_1690346426_23-40-26.jpg
744,784,1384.0627416774719,467.2893506990413,2113.304259116967,892.2266422823543,cam_4_1690346426_23-40-26.jpg
744,809,2867.813390149655,345.49302725825356,3203.97589554833,514.8857922944003,cam_4_1690346426_23-40-26.jpg
745,379,2580.5095358766175,441.38856098703565,3037.2949103860196,634.6468528900928,cam_4_1690346471_23-41-11.jpg
745,675,2392.7438609563496,506.65517845586345,2830.051287437453,758.5126013063862,cam_4_1690346471_23-41-11.jpg
745,712,2733.4744818507793,406.8923413526808,3086.801837105039,592.5160981530446,cam_4_1690346471_23-41-11.jpg
745,723,2312.576188406651,534.8723441386921,2708.001461813452,832.2108122808825,cam_4_1690346471_23-41-11.jpg
745,756,2815.8119757534637,379.03216633314855,3136.97605051597,549.8556683831254,cam_4_1690346471_23-41-11.jpg
745,759,2513.8960251979124,483.7306813061518,2969.909214704271,704.3788088121466,cam_4_1690346471_23-41-11.jpg
745,760,1912.5117262788249,529.6853711138731,2294.568727720837,726.2101063044892,cam_4_1690346471_23-41-11.jpg
745,769,2133.0151136226455,620.1832774434013,2602.8668233502667,918.0875949164432,cam_4_1690346471_23-41-11.jpg
745,778,3375.4410549626873,511.46336796182305,4131.355720250649,955.0514279287911,cam_4_1690346471_23-41-11.jpg
745,784,1393.1107428161106,462.53185914886,2121.8144654543116,890.2793302402201,cam_4_1690346471_23-41-11.jpg
745,809,2868.2610074258264,345.52019951271274,3204.2030827386643,515.0145542821008,cam_4_1690346471_23-41-11.jpg
746,379,2580.9188254689207,443.52825046408554,3035.805380849223,636.3320634362091,cam_4_1690346561_23-42-41.jpg
746,675,2398.388590270106,509.5517779117767,2829.533726849174,758.3797911986663,cam_4_1690346561_23-42-41.jpg
746,712,2736.9682804104687,410.9504928603004,3083.1471959035593,592.0456086724921,cam_4_1690346561_23-42-41.jpg
746,723,2313.883333565673,537.272127151236,2705.8725111492763,832.5603938019128,cam_4_1690346561_23-42-41.jpg
746,756,2823.5561396166995,381.83264118314173,3138.4656984830453,548.5995015928556,cam_4_1690346561_23-42-41.jpg
746,759,2511.4100461585886,484.41550994349245,2965.9635450316623,703.866076378519,cam_4_1690346561_23-42-41.jpg
746,764,3473.4674115853577,438.80333676214514,4067.6605617498035,801.0267565233994,cam_4_1690346561_23-42-41.jpg
746,769,2153.4122958870917,634.6393258540095,2599.2409328046856,916.6021382766876,cam_4_1690346561_23-42-41.jpg
746,784,1391.1824675678945,466.2924570942181,2120.8625963205545,895.132577431266,cam_4_1690346561_23-42-41.jpg
746,797,1808.4824600502395,377.25512762738225,2271.4136254826662,605.625555796792,cam_4_1690346561_23-42-41.jpg
746,809,2871.0654460398264,347.0080946790266,3202.8109670355566,514.439591742538,cam_4_1690346561_23-42-41.jpg
747,379,2579.923152264795,443.28421054793506,3036.694884033738,636.9422672518549,cam_4_1690346606_23-43-26.jpg
747,675,2402.8657066337073,508.96912692380613,2832.598145973954,758.0050741053693,cam_4_1690346606_23-43-26.jpg
747,712,2742.784260206067,412.109789873891,3088.6881762046187,592.8099384087145,cam_4_1690346606_23-43-26.jpg
747,723,2312.488412319139,540.6168554045645,2702.103018431673,834.148647797806,cam_4_1690346606_23-43-26.jpg
747,756,2822.097387515745,380.25977072508164,3142.6445759514963,549.4022967257076,cam_4_1690346606_23-43-26.jpg
747,759,2512.6431553758734,486.8407069883482,2964.594519290733,705.2340085121997,cam_4_1690346606_23-43-26.jpg
747,764,3477.2074786000467,440.042023289074,4044.29633084016,792.8299279570306,cam_4_1690346606_23-43-26.jpg
747,769,2158.6109473533766,636.9027286258612,2599.871234308447,915.8041912979008,cam_4_1690346606_23-43-26.jpg
747,784,1387.042428194339,465.82702123163233,2114.853101548155,894.2582489985193,cam_4_1690346606_23-43-26.jpg
747,797,1802.2346650563102,380.19310807644786,2260.9094966068333,607.1175847407478,cam_4_1690346606_23-43-26.jpg
747,809,2867.6831919560436,346.5383319503181,3204.156877213604,516.4824481600695,cam_4_1690346606_23-43-26.jpg
748,379,2591.070657727931,440.77292511678905,3048.0890305159783,635.5587159514358,cam_4_1690346861_23-47-41.jpg
748,712,2731.974335026269,410.7031524653858,3089.351903761956,596.5955148667737,cam_4_1690346861_23-47-41.jpg
748,721,1711.4649560784703,366.79276901471974,2157.9195932069615,600.2321072949704,cam_4_1690346861_23-47-41.jpg
748,723,2288.2204997630947,477.2208730267587,2824.3579657769897,884.9798332816888,cam_4_1690346861_23-47-41.jpg
748,756,2812.1582130083866,376.30909979470994,3148.1773159690565,553.6025876998912,cam_4_1690346861_23-47-41.jpg
748,769,2139.8598411149264,624.6389189977691,2598.1935454162453,913.9115634871089,cam_4_1690346861_23-47-41.jpg
748,784,1384.2389769984368,464.25242610164173,2118.259016692308,898.8342157943989,cam_4_1690346861_23-47-41.jpg
748,809,2858.3619647532305,346.42286626625423,3202.7261657281824,520.17272114891,cam_4_1690346861_23-47-41.jpg
749,379,2592.3219191537614,439.5671564789657,3049.0990175642114,635.0548810854551,cam_4_1690346936_23-48-56.jpg
749,712,2724.1229530771006,409.58335991115416,3086.453778077932,597.4400821940503,cam_4_1690346936_23-48-56.jpg
749,721,1703.6403909688543,355.7894801930964,2142.7232364437677,585.4240704218919,cam_4_1690346936_23-48-56.jpg
749,723,2298.89404343142,456.5515952863915,2877.6321593855673,904.3367954171124,cam_4_1690346936_23-48-56.jpg
749,756,2807.8380184767716,375.62640280454616,3150.5362094320444,556.7712880783945,cam_4_1690346936_23-48-56.jpg
749,769,2132.171075194889,614.4021615987375,2604.973316802454,913.8986236415756,cam_4_1690346936_23-48-56.jpg
749,784,1381.8804071203476,468.03940927997644,2113.7177647166814,900.6506270484201,cam_4_1690346936_23-48-56.jpg
749,809,2853.869289067173,347.087219426399,3200.360184402744,521.5573033387758,cam_4_1690346936_23-48-56.jpg
750,379,2592.4257152655714,440.1360627860559,3048.9495745918944,636.1428351294221,cam_4_1690346996_23-49-56.jpg
750,712,2723.339777677208,410.28609512035814,3084.5355837995085,596.9534370572743,cam_4_1690346996_23-49-56.jpg
750,721,1715.6381525090537,352.8649178103515,2152.5470709327146,580.7056255007409,cam_4_1690346996_23-49-56.jpg
750,723,2305.7046592380243,446.5236869426181,2898.562301765001,911.9650566874207,cam_4_1690346996_23-49-56.jpg
750,756,2806.193361569596,375.5181583197002,3146.105231262124,555.2228286766343,cam_4_1690346996_23-49-56.jpg
750,769,2133.4148754381968,615.8026910283766,2603.749198436749,913.7982296512846,cam_4_1690346996_23-49-56.jpg
750,784,1400.6489900650558,468.3671627637386,2132.7636744635706,903.1523917407928,cam_4_1690346996_23-49-56.jpg
750,809,2860.780416558279,346.3564814602605,3200.328850994693,516.61249816757,cam_4_1690346996_23-49-56.jpg
750,814,3688.616737310198,282.6508727367878,3941.271063183994,518.5778525548453,cam_4_1690346996_23-49-56.jpg
751,379,2594.5833690793256,440.2982196145265,3048.244748753855,635.5961331741721,cam_4_1690347071_23-51-11.jpg
751,592,1964.4614025327464,482.2131973706452,2378.101173725445,667.2156944225253,cam_4_1690347071_23-51-11.jpg
751,712,2720.6708069792408,405.3396802724187,3090.9930310935247,596.6871025878938,cam_4_1690347071_23-51-11.jpg
751,721,1689.406445189908,351.4454520405565,2127.795044855887,577.2969364672576,cam_4_1690347071_23-51-11.jpg
751,723,2315.959751921407,446.0920786475177,2904.3860692232684,915.2578954777009,cam_4_1690347071_23-51-11.jpg
751,756,2804.4122679036354,374.4732970165859,3148.0893566114855,556.1248604884329,cam_4_1690347071_23-51-11.jpg
751,769,2134.7229635893955,614.2328863998332,2605.9141763626544,913.5993848873628,cam_4_1690347071_23-51-11.jpg
751,784,1397.6595884875828,464.3862143719937,2128.7005424151603,899.848833788903,cam_4_1690347071_23-51-11.jpg
751,809,2859.7856553162123,345.30362704376984,3203.4598713119844,517.8669145292156,cam_4_1690347071_23-51-11.jpg
751,814,3691.874268353908,282.94189911527104,3943.0409952243126,517.6793384488401,cam_4_1690347071_23-51-11.jpg
752,379,2589.633664259848,440.7970857156929,3040.0821349801304,634.4522978993066,cam_4_1690347341_23-55-41.jpg
752,592,1985.5485544753506,479.61835935772666,2396.740196734672,663.2312393520833,cam_4_1690347341_23-55-41.jpg
752,675,2388.0893822186013,516.0841035814003,2825.1097012035907,768.3963076046759,cam_4_1690347341_23-55-41.jpg
752,712,2715.3952526529906,405.8438953279194,3086.9479681765656,597.947748935439,cam_4_1690347341_23-55-41.jpg
752,756,2803.5828899289145,376.75884704637764,3140.188052156021,554.3173285887501,cam_4_1690347341_23-55-41.jpg
752,759,2519.288822374217,485.5394493797504,2972.750432834071,704.5367761646586,cam_4_1690347341_23-55-41.jpg
752,769,2133.6258130008678,616.5304334328441,2601.6812357005256,913.2453683122599,cam_4_1690347341_23-55-41.jpg
752,784,1363.8664869988902,463.60931558601504,2075.0481116124947,893.1801201902499,cam_4_1690347341_23-55-41.jpg
752,809,2863.855342906796,345.39212125853754,3205.4508683431013,517.339959175391,cam_4_1690347341_23-55-41.jpg
752,814,3626.6153605812724,292.40848075663735,3915.7834000169573,561.3727391173973,cam_4_1690347341_23-55-41.jpg
753,379,2584.2713698480206,439.0297190158111,3039.3051022102936,634.456780451255,cam_4_1690347371_23-56-11.jpg
753,592,1990.6139198970345,477.31988619421224,2412.2072287157184,666.6943798324344,cam_4_1690347371_23-56-11.jpg
753,675,2385.8961411537734,516.8379934225597,2823.955639208327,769.1899620970149,cam_4_1690347371_23-56-11.jpg
753,712,2718.544434244683,404.8693922839766,3086.6457975046987,595.0908198947927,cam_4_1690347371_23-56-11.jpg
753,756,2810.3754085617134,378.92650165945764,3140.7404199502116,553.1440445085645,cam_4_1690347371_23-56-11.jpg
753,759,2515.2154648159158,483.45704600229635,2973.503303972517,705.198764088856,cam_4_1690347371_23-56-11.jpg
753,769,2131.9822919400203,614.7053236011109,2603.5151667830633,913.8434473389007,cam_4_1690347371_23-56-11.jpg
753,784,1365.977732106815,463.34192683554477,2081.503293062108,898.1765533655503,cam_4_1690347371_23-56-11.jpg
753,809,2868.2531743418745,346.1497023622877,3207.140359597518,517.2806264122729,cam_4_1690347371_23-56-11.jpg
753,814,3607.821055128318,296.7628646941994,3909.4793691958885,575.85675529043,cam_4_1690347371_23-56-11.jpg
754,195,1842.8446336357115,575.3072193129625,2119.953501125544,769.2874979863448,cam_4_1690347386_23-56-26.jpg
754,379,2584.6807076523687,438.1374411654987,3040.418077813722,633.949694306399,cam_4_1690347386_23-56-26.jpg
754,592,1993.5493533174026,476.06227822476694,2411.670086588938,664.138014028918,cam_4_1690347386_23-56-26.jpg
754,675,2380.1752344584434,513.0255344572734,2827.5326011720786,771.5326300691064,cam_4_1690347386_23-56-26.jpg
754,712,2720.0858058665717,403.939406747113,3088.6826103887925,594.3312329695689,cam_4_1690347386_23-56-26.jpg
754,756,2810.2118652693857,378.12234927745214,3140.9026670906806,552.07751276596,cam_4_1690347386_23-56-26.jpg
754,759,2521.7872904491355,483.40456012761786,2978.0264419858463,705.7142969443044,cam_4_1690347386_23-56-26.jpg
754,769,2135.183099038675,616.1832434193404,2604.1246207942186,913.9407203612276,cam_4_1690347386_23-56-26.jpg
754,805,1393.801410824918,468.490201100033,1947.4693796792683,897.6388303963301,cam_4_1690347386_23-56-26.jpg
754,809,2867.519678118182,346.26807993670536,3206.1936069014246,517.6470747240642,cam_4_1690347386_23-56-26.jpg
754,814,3599.423810340412,298.0837830498214,3907.4687583045966,581.6995274772939,cam_4_1690347386_23-56-26.jpg
755,379,2581.8089267105097,438.96091644101915,3038.230089910791,634.71352823077,cam_4_1690347416_23-56-56.jpg
755,592,1995.9946371609776,476.11965365521576,2415.9610693351697,665.6850064058115,cam_4_1690347416_23-56-56.jpg
755,675,2382.8158547292883,515.1686489963074,2825.6760386755122,770.4466885850732,cam_4_1690347416_23-56-56.jpg
755,712,2723.3503865276725,409.0200044402803,3085.555197201626,596.0015940817972,cam_4_1690347416_23-56-56.jpg
755,756,2812.3400866536144,379.45842388882784,3142.3501414098455,553.5161994003514,cam_4_1690347416_23-56-56.jpg
755,759,2515.2618239263065,481.645979741256,2973.542828411011,704.7859661209272,cam_4_1690347416_23-56-56.jpg
755,769,2129.5130560124876,618.2014808748838,2596.9260128173346,913.8138627112494,cam_4_1690347416_23-56-56.jpg
755,784,1432.9005788192187,468.6241722952017,2165.8761180696756,917.5369875439101,cam_4_1690347416_23-56-56.jpg
755,809,2868.2432664075855,347.17984442283273,3203.3326189226227,516.9920512305298,cam_4_1690347416_23-56-56.jpg
755,814,3607.833185931778,295.4755990124006,3916.4251424543027,578.6905791586369,cam_4_1690347416_23-56-56.jpg
