frame,track_id,x1,y1,x2,y2,image
2,1,1970.5687986745752,563.2929739926795,2577.196555744449,919.0365223948337,cam_3_1690272191_03-03-11.jpg
2,2,590.6925655746295,582.3035651337532,1022.9932382501445,1136.8884596667172,cam_3_1690272191_03-03-11.jpg
2,3,1613.1804753932108,465.41991152342234,2058.771693953319,703.8759865756608,cam_3_1690272191_03-03-11.jpg
2,4,1545.2431023403003,438.1166974511541,1902.5722751777935,647.7526533369455,cam_3_1690272191_03-03-11.jpg
2,5,1883.3353340157746,526.9926925218008,2402.78164927097,818.7817677034984,cam_3_1690272191_03-03-11.jpg
2,6,1726.3647065984467,500.8573087696391,2173.198599786982,757.5259347459803,cam_3_1690272191_03-03-11.jpg
2,7,441.21521252326795,453.6798671030342,887.3987804468674,805.2201255402574,cam_3_1690272191_03-03-11.jpg
2,9,1931.4884393215168,232.83300305236514,2276.8216551972464,418.29423194399294,cam_3_1690272191_03-03-11.jpg
2,10,446.6473178110423,378.4816870545061,769.0845087210216,615.8879173259622,cam_3_1690272191_03-03-11.jpg
2,11,1485.0070821040686,400.1573509456088,1820.9707952553779,599.806640358706,cam_3_1690272191_03-03-11.jpg
2,12,2470.427186515681,468.71980480792286,2723.697483761356,628.4700136934684,cam_3_1690272191_03-03-11.jpg
3,1,1973.8410697908826,565.3914192405921,2579.072260875288,919.938493992097,cam_3_1690272281_03-04-41.jpg
3,2,659.7166008388729,641.313646625654,1097.1220987281833,1205.6314249269503,cam_3_1690272281_03-04-41.jpg
3,3,1617.3802627147988,469.3007820732224,2056.6005545672883,704.0128969115015,cam_3_1690272281_03-04-41.jpg
3,4,1547.373639252218,439.4308401496582,1903.0302203330307,647.5903282123975,cam_3_1690272281_03-04-41.jpg
3,5,1877.0711123648966,532.5570453256104,2390.6474996124766,820.3930286323226,cam_3_1690272281_03-04-41.jpg
3,6,1730.7093207329442,504.62274686561733,2174.718510943308,758.9482601656803,cam_3_1690272281_03-04-41.jpg
3,7,438.42940546377076,449.3996993871191,934.2348300151996,842.6135866026897,cam_3_1690272281_03-04-41.jpg
3,9,1926.2862214459615,231.6940216640245,2277.9714745867373,420.0776799753014,cam_3_1690272281_03-04-41.jpg
3,10,413.4560255928694,390.2187968422035,798.6940418519313,677.1474461029372,cam_3_1690272281_03-04-41.jpg
3,11,1487.3030854453875,401.8594025879647,1822.3616434790745,600.9582920421062,cam_3_1690272281_03-04-41.jpg
3,12,2476.7628444623947,468.03382746275815,2721.358340223142,621.7994073866116,cam_3_1690272281_03-04-41.jpg
3,15,1893.0590102760873,205.86472139726067,2256.8835985966903,390.7950686754561,cam_3_1690272281_03-04-41.jpg
4,1,1943.4757548003017,577.621082967217,2526.425989637578,920.7857728175705,cam_3_1690272341_03-05-41.jpg
4,2,676.7919456411479,650.130522322509,1087.9509312196137,1184.5437155617947,cam_3_1690272341_03-05-41.jpg
4,3,1619.2803811788785,470.9565171927538,2056.426539225767,704.0599670649035,cam_3_1690272341_03-05-41.jpg
4,4,1553.1600066040828,435.070944490359,1913.1879616411466,645.0219246289242,cam_3_1690272341_03-05-41.jpg
4,5,1884.0054558170493,537.4603196294242,2392.762076855113,821.1947813903082,cam_3_1690272341_03-05-41.jpg
4,6,1731.5612550939761,504.76582844150965,2176.3779714327784,758.7402280214826,cam_3_1690272341_03-05-41.jpg
4,7,446.7173307044853,487.1770145959222,952.8629899816106,885.6770606269267,cam_3_1690272341_03-05-41.jpg
4,9,1927.3187878448061,235.08792832565072,2284.080186487604,425.75873098648117,cam_3_1690272341_03-05-41.jpg
4,10,482.6747535005989,422.1249399768638,853.4748739494407,693.4441717367356,cam_3_1690272341_03-05-41.jpg
4,11,1490.0681989130653,403.1810701339991,1821.602556721315,600.2202462270018,cam_3_1690272341_03-05-41.jpg
4,12,2423.466334223289,473.26111884813946,2688.4847473500754,637.2267362138441,cam_3_1690272341_03-05-41.jpg
4,15,1891.135942479218,206.34325765915128,2247.3885883117437,387.2187098811894,cam_3_1690272341_03-05-41.jpg
5,1,1964.5725223543109,565.1662245171042,2562.459566353831,916.6227546124612,cam_3_1690272491_03-08-11.jpg
5,2,661.211410346877,629.0532359062097,1022.0195018800738,1071.6787036550036,cam_3_1690272491_03-08-11.jpg
5,3,1619.2649393639551,466.2952734956881,2069.168432697025,705.5228350636318,cam_3_1690272491_03-08-11.jpg
5,4,1551.1450441627105,432.9559288788553,1915.7511808090912,644.7038257931681,cam_3_1690272491_03-08-11.jpg
5,5,1869.8474948069447,534.7784862816659,2377.557621288149,817.8197474031,cam_3_1690272491_03-08-11.jpg
5,6,1732.5586158563522,503.4158442554912,2181.7766879091523,759.0714117653192,cam_3_1690272491_03-08-11.jpg
5,7,487.39886450573937,490.3518799422766,883.2534595676359,791.0399868126738,cam_3_1690272491_03-08-11.jpg
5,9,1941.485271256621,237.50971524502046,2301.505566206664,429.11708725366816,cam_3_1690272491_03-08-11.jpg
5,10,490.3549386656738,442.2536738251248,834.8802149223299,687.927649194181,cam_3_1690272491_03-08-11.jpg
5,11,1487.3539996113816,408.133323825311,1807.080696444713,598.4840391529312,cam_3_1690272491_03-08-11.jpg
5,12,2456.9702558686745,470.58880167660357,2710.1732103962117,626.8716154542393,cam_3_1690272491_03-08-11.jpg
5,15,1883.4402935251778,206.82738871637832,2256.225587775054,396.6598263069185,cam_3_1690272491_03-08-11.jpg
6,1,1962.2492672340834,560.3215016043245,2568.9260405008818,916.8230459448596,cam_3_1690272551_03-09-11.jpg
6,2,644.9836209860066,617.3349777181934,997.3277020998369,1025.6732891067732,cam_3_1690272551_03-09-11.jpg
6,3,1618.0965947774682,466.10835736035824,2071.1494056216457,706.2518562616201,cam_3_1690272551_03-09-11.jpg
6,4,1550.5694868846374,434.4072371211151,1914.7798536155435,644.8640643786381,cam_3_1690272551_03-09-11.jpg
6,5,1872.4432138313896,533.3234565388871,2385.212367068414,818.2125118140424,cam_3_1690272551_03-09-11.jpg
6,6,1731.2845484263353,502.5409736604022,2185.925787667904,760.0755435548756,cam_3_1690272551_03-09-11.jpg
6,7,499.2372410823381,497.37522464002586,936.4542731804736,828.1510630246514,cam_3_1690272551_03-09-11.jpg
6,9,1964.0706973110518,233.66502752089286,2336.8847972309886,429.54497591838526,cam_3_1690272551_03-09-11.jpg
6,10,474.9937986902627,449.4733811051304,822.1144589681965,689.3059413530602,cam_3_1690272551_03-09-11.jpg
6,11,1485.6589828744966,409.476105998792,1803.404678134441,599.0444450399073,cam_3_1690272551_03-09-11.jpg
6,12,2460.5502626345155,467.04254524186,2715.6899290683614,624.4188440920858,cam_3_1690272551_03-09-11.jpg
6,15,1882.5943413046643,193.7980906891564,2265.0037808278703,390.88772143285496,cam_3_1690272551_03-09-11.jpg
7,1,1962.7705841885636,557.4038747424643,2571.5001098058856,915.1728784934968,cam_3_1690272626_03-10-26.jpg
7,2,656.6411618323657,611.9522323986544,1019.6405920782199,1012.8726353211613,cam_3_1690272626_03-10-26.jpg
7,3,1617.8587392485585,464.68243387520204,2076.0326572787653,706.770391857451,cam_3_1690272626_03-10-26.jpg
7,4,1548.7702139596618,432.7882289066377,1917.5454332654597,644.9395830723581,cam_3_1690272626_03-10-26.jpg
7,5,1869.9825523814275,533.9618566711476,2385.641256602091,819.6916113272449,cam_3_1690272626_03-10-26.jpg
7,6,1732.1847244229623,501.73021071166215,2190.238866356786,759.9790416755648,cam_3_1690272626_03-10-26.jpg
7,7,502.8002270492309,494.9495262939578,963.8937101323233,842.7321123218865,cam_3_1690272626_03-10-26.jpg
7,9,1983.5773268966482,228.970369620329,2368.5616272492334,429.49716370957873,cam_3_1690272626_03-10-26.jpg
7,10,459.76722099539177,438.0325576627508,812.8873554194347,672.5448586581689,cam_3_1690272626_03-10-26.jpg
7,11,1487.0263260753177,407.8089113320724,1806.6091664391834,598.7888992479564,cam_3_1690272626_03-10-26.jpg
7,12,2460.115098672117,468.490700538389,2715.906918737669,626.0805727639718,cam_3_1690272626_03-10-26.jpg
7,15,1888.9456084403068,200.23014466268683,2269.7880599073355,397.2037173763399,cam_3_1690272626_03-10-26.jpg
8,1,1962.7781032775763,555.8987792637556,2571.6352811878223,913.9061671967925,cam_3_1690272866_03-14-26.jpg
8,2,646.4010044835779,610.9176743297779,1025.444386553558,1009.5204897545323,cam_3_1690272866_03-14-26.jpg
8,3,1615.826818888822,462.81915429202604,2076.925042005604,706.1132853879806,cam_3_1690272866_03-14-26.jpg
8,4,1547.477883308605,433.07377606505145,1918.5218649937497,645.6957223220569,cam_3_1690272866_03-14-26.jpg
8,5,1866.360239540271,526.1015850858508,2390.8142855516935,816.5782086326938,cam_3_1690272866_03-14-26.jpg
8,6,1723.046685484856,495.46197340700905,2189.560878878133,757.9670175397141,cam_3_1690272866_03-14-26.jpg
8,7,455.74647633445056,487.76579959979847,967.3767015579149,872.7032974263992,cam_3_1690272866_03-14-26.jpg
8,10,462.92164054371847,423.6761250520381,823.1016881623104,655.8522307606285,cam_3_1690272866_03-14-26.jpg
8,11,1489.4320835021897,408.24924991241903,1808.4982589936951,599.0463635101648,cam_3_1690272866_03-14-26.jpg
8,12,2440.8727188560415,470.13505069322065,2709.702283661553,634.6312046715707,cam_3_1690272866_03-14-26.jpg
9,1,1974.413179597514,556.1635996045477,2583.2225380601176,912.6402719069301,cam_3_1690272896_03-14-56.jpg
9,2,669.069326554591,586.3633404178881,1050.1573546685754,989.7130292202246,cam_3_1690272896_03-14-56.jpg
9,3,1616.0400075154632,463.10386778793924,2078.466351688333,706.3827210145957,cam_3_1690272896_03-14-56.jpg
9,4,1544.912207710302,431.9256821359256,1920.4374495772336,646.3182810149369,cam_3_1690272896_03-14-56.jpg
9,5,1869.6935948342448,525.0212182619899,2395.0404625890037,815.2415490566343,cam_3_1690272896_03-14-56.jpg
9,6,1728.027168321084,499.5577401050207,2189.839771221828,758.1599410756628,cam_3_1690272896_03-14-56.jpg
9,7,461.0497903091154,482.0143470318185,1001.6179060983011,889.5964424334545,cam_3_1690272896_03-14-56.jpg
9,10,443.20148308048863,429.04455242812037,878.8118976082486,710.7214037603892,cam_3_1690272896_03-14-56.jpg
9,11,1490.4018385001868,407.87391753183084,1808.762460808614,598.2245246283824,cam_3_1690272896_03-14-56.jpg
9,12,2419.3036559855436,470.58106048853136,2690.8918101806676,632.806319646912,cam_3_1690272896_03-14-56.jpg
9,21,1292.2967339869278,195.30555506156185,1463.6147088761854,404.6531232873407,cam_3_1690272896_03-14-56.jpg
10,1,1835.6838087766714,486.67313354434157,2655.626695145804,978.1531246965461,cam_3_1690273031_03-17-11.jpg
10,3,1608.6016843253979,461.2592402975712,2071.2113839796257,705.0085829743826,cam_3_1690273031_03-17-11.jpg
10,4,1542.5210817737102,432.18840332660864,1918.7751120060318,646.4140188576436,cam_3_1690273031_03-17-11.jpg
10,6,1711.7086336461907,505.0505989066941,2166.500477672347,760.8245271090309,cam_3_1690273031_03-17-11.jpg
10,7,474.31362780499876,499.4440337205515,970.2434444146654,866.3909736150767,cam_3_1690273031_03-17-11.jpg
10,10,438.5238170463954,452.11160352606703,912.6741304367993,758.8181560430401,cam_3_1690273031_03-17-11.jpg
10,11,1487.8698633184397,407.4239372257879,1808.6837910440745,599.6898272787248,cam_3_1690273031_03-17-11.jpg
10,21,1281.7968405925014,198.87796019840698,1448.7307055148042,400.53767451666306,cam_3_1690273031_03-17-11.jpg
10,22,317.5025030645101,408.90193620976174,1015.998166049791,653.9380358632643,cam_3_1690273031_03-17-11.jpg
11,1,1839.0484536330382,456.6031794367443,2640.184156024776,942.9865277523736,cam_3_1690273046_03-17-26.jpg
11,3,1598.9206952582026,455.68412383679635,2071.2783375369713,706.0798417552787,cam_3_1690273046_03-17-26.jpg
11,4,1539.8712916510196,430.58187929257593,1919.4707269088533,646.1280595596627,cam_3_1690273046_03-17-26.jpg
11,6,1662.7490518067452,528.3378617340074,2070.369728524792,765.3345455800464,cam_3_1690273046_03-17-26.jpg
11,7,547.0643614404464,507.5655606179644,1017.3380103971673,859.9080096015166,cam_3_1690273046_03-17-26.jpg
11,10,408.9568705838177,487.04785255369586,941.3132040619049,825.1374721864267,cam_3_1690273046_03-17-26.jpg
11,11,1488.632902497773,405.7134265198653,1811.4335400371112,599.5761889637631,cam_3_1690273046_03-17-26.jpg
11,21,1273.9772559820092,198.27267187962144,1444.534415787302,401.95305449477775,cam_3_1690273046_03-17-26.jpg
11,22,323.0573350068885,442.0161972216549,996.1189198117288,679.4499311398843,cam_3_1690273046_03-17-26.jpg
11,24,716.5473335476719,1265.259911540365,2297.4869457259238,2704.9679386609787,cam_3_1690273046_03-17-26.jpg
11,25,362.57720503680656,355.47823421364023,884.3664367387573,541.2262552393807,cam_3_1690273046_03-17-26.jpg
12,1,1851.832430263557,443.4207613175188,2633.7977272552976,924.037424348917,cam_3_1690273196_03-19-56.jpg
12,3,1598.164994608469,454.49106439903187,2070.8534475822853,706.5161930176073,cam_3_1690273196_03-19-56.jpg
12,4,1538.3271419770879,431.4089113920335,1917.688365758966,646.1754907224775,cam_3_1690273196_03-19-56.jpg
12,6,1648.9936095285677,535.6155291423098,2032.8709065739943,766.1718106646184,cam_3_1690273196_03-19-56.jpg
12,7,519.7981582087131,512.1493248493377,1010.3781266126371,877.6520167803553,cam_3_1690273196_03-19-56.jpg
12,10,450.35712401052035,485.6889527600522,934.8627811100744,789.4865802554564,cam_3_1690273196_03-19-56.jpg
12,11,1487.1220636410815,411.05545043706456,1799.0346547763202,598.9558602359725,cam_3_1690273196_03-19-56.jpg
12,22,344.9406182552903,432.4641586636746,932.3053010266076,639.4951299665562,cam_3_1690273196_03-19-56.jpg
12,25,356.48410496945473,351.0398926200245,841.363865163558,523.6326526308907,cam_3_1690273196_03-19-56.jpg
13,1,1860.4849534088771,439.17708144092546,2627.952362141128,916.6905114733606,cam_3_1690273271_03-21-11.jpg
13,3,1601.8810247013876,452.4423027690793,2075.889648128878,706.5825916035664,cam_3_1690273271_03-21-11.jpg
13,4,1538.6484734329936,430.9490501738445,1920.6207878845926,646.9554423423198,cam_3_1690273271_03-21-11.jpg
13,6,1647.2475928540248,536.295804233863,2017.9906059925288,765.9354753560598,cam_3_1690273271_03-21-11.jpg
13,7,519.7431981540371,505.51572922497945,1023.8523082818984,878.538659245746,cam_3_1690273271_03-21-11.jpg
13,10,482.0579259616498,487.88102240397177,937.3970707448632,769.9597260601702,cam_3_1690273271_03-21-11.jpg
13,11,1486.1595468165233,410.38433146943566,1800.6487233943883,600.2867040486977,cam_3_1690273271_03-21-11.jpg
13,22,337.56326057714307,433.17994330673645,922.8825330659716,639.604050935613,cam_3_1690273271_03-21-11.jpg
13,25,468.6805115793625,344.32982862835314,831.6935658558903,473.68146996435604,cam_3_1690273271_03-21-11.jpg
14,1,1867.0365819166439,439.73930596719237,2625.9809567430234,915.9591968394989,cam_3_1690273331_03-22-11.jpg
14,3,1596.026085704265,451.9596208260129,2068.810712674761,707.0658899804337,cam_3_1690273331_03-22-11.jpg
14,4,1539.2759085866646,431.40718237754095,1920.14703983933,646.4292436813407,cam_3_1690273331_03-22-11.jpg
14,6,1660.1623447401432,542.8653195895396,2005.4627669339477,762.8679078619391,cam_3_1690273331_03-22-11.jpg
14,7,492.89025423948783,497.7400188073318,1006.4004455636882,869.5013664636767,cam_3_1690273331_03-22-11.jpg
14,10,470.6072317413871,483.8512169477875,926.7304778594862,761.1772653507462,cam_3_1690273331_03-22-11.jpg
14,11,1484.009973870554,408.49220242327016,1798.7537262361018,599.2740717019137,cam_3_1690273331_03-22-11.jpg
14,22,358.7045176390309,432.9458763128483,966.3821744693896,650.1586919712994,cam_3_1690273331_03-22-11.jpg
14,25,484.4888318093719,333.5034642584309,812.2340413105405,450.90506771931956,cam_3_1690273331_03-22-11.jpg
15,1,1875.9766038541522,439.1848952048771,2630.831956842978,915.9909033434244,cam_3_1690273436_03-23-56.jpg
15,3,1597.750909567644,451.6299810581819,2070.482911432258,708.1864338064762,cam_3_1690273436_03-23-56.jpg
15,4,1538.7685108260903,430.2954639360574,1921.881833599938,646.4241188721877,cam_3_1690273436_03-23-56.jpg
15,6,1660.0333147120775,548.6439983637836,1996.6612726864032,769.2552386351844,cam_3_1690273436_03-23-56.jpg
15,7,457.6519605517433,491.0114958277925,991.4714284627762,866.6645476545687,cam_3_1690273436_03-23-56.jpg
15,11,1484.2167493579395,407.48470800615854,1794.3180938025923,595.8720776970974,cam_3_1690273436_03-23-56.jpg
15,22,331.4696538011424,429.85365445154105,935.0706862256734,646.2211336464148,cam_3_1690273436_03-23-56.jpg
15,25,506.5811982763894,339.85051639806784,806.8516450778523,447.3005056652677,cam_3_1690273436_03-23-56.jpg
16,1,1876.5498841304748,440.15265576121806,2623.221013907335,915.126807385431,cam_3_1690273541_03-25-41.jpg
16,3,1596.9025097990022,450.3936975974393,2066.2629471102505,706.4081728569686,cam_3_1690273541_03-25-41.jpg
16,4,1538.7342402826812,428.53341097810517,1923.2453984116023,645.3480788873492,cam_3_1690273541_03-25-41.jpg
16,6,1661.972053822641,546.2200975941032,1991.2173270461308,768.6504373754398,cam_3_1690273541_03-25-41.jpg
16,10,416.96464033684583,487.7563113296916,969.093453971594,819.5902189000609,cam_3_1690273541_03-25-41.jpg
16,11,1477.7876829690927,402.93993449327945,1792.647557014592,595.2226797296087,cam_3_1690273541_03-25-41.jpg
16,22,345.4392423806085,417.0604720958149,925.2422089715935,626.1037516511877,cam_3_1690273541_03-25-41.jpg
16,25,497.4140089466692,334.52789295535285,803.1823648839106,444.58493591186425,cam_3_1690273541_03-25-41.jpg
17,1,1883.278730332273,443.74183784485035,2617.6108696458523,913.1555701976022,cam_3_1690273826_03-30-26.jpg
17,3,1591.99277033897,451.2237605965334,2056.009463443088,705.7165635692236,cam_3_1690273826_03-30-26.jpg
17,4,1443.2995615732145,361.61840037257264,1922.7128112989328,635.0343704684997,cam_3_1690273826_03-30-26.jpg
17,6,1661.4424011849978,544.5421073713088,1984.9969864414013,769.1346247280137,cam_3_1690273826_03-30-26.jpg
17,10,446.29779567996155,487.0737359421809,967.7461117021287,801.5621070484838,cam_3_1690273826_03-30-26.jpg
17,22,315.8925632799623,410.9606065630196,982.8973825496287,659.386693623285,cam_3_1690273826_03-30-26.jpg
17,25,493.22701787195257,332.71471174058195,802.5583423117291,444.54417030085136,cam_3_1690273826_03-30-26.jpg
18,1,1884.3847308106356,446.5257723439122,2613.8668727675417,915.6510137855328,cam_3_1690273856_03-30-56.jpg
18,3,1595.4469890685405,453.5627898057641,2051.6671524437375,704.273466659852,cam_3_1690273856_03-30-56.jpg
18,4,1427.8615396717373,335.687505540285,1925.060960718602,622.4468766306536,cam_3_1690273856_03-30-56.jpg
18,6,1664.8335601550893,541.5672533065609,1983.0177323332218,768.7748626531493,cam_3_1690273856_03-30-56.jpg
18,10,440.9905594735141,483.42869437637574,982.1417110133145,815.1553878431966,cam_3_1690273856_03-30-56.jpg
18,22,327.8288847277879,436.5643162007775,958.2468243532603,673.4905573054298,cam_3_1690273856_03-30-56.jpg
18,25,498.4683305109262,333.4187103413267,796.2207091070352,440.81607554563504,cam_3_1690273856_03-30-56.jpg
19,1,1880.777611671083,446.48813666939077,2608.2856898494165,917.9039281021603,cam_3_1690273871_03-31-11.jpg
19,3,1598.7462288109475,455.50636931917256,2053.643572869653,706.6793125950039,cam_3_1690273871_03-31-11.jpg
19,4,1501.9886193157301,388.38470344282416,1924.226056319354,630.6025024601604,cam_3_1690273871_03-31-11.jpg
19,6,1672.2706322421072,546.6132477830447,1974.1583413075823,767.4965631155752,cam_3_1690273871_03-31-11.jpg
19,7,530.1713018278441,507.10376624275796,1067.3930700664241,877.6135563799437,cam_3_1690273871_03-31-11.jpg
19,11,1489.983380544088,405.6099897834663,1804.4901675964163,597.4251727218109,cam_3_1690273871_03-31-11.jpg
19,22,349.09140098577745,455.4924585200091,977.668156088836,694.6948762367288,cam_3_1690273871_03-31-11.jpg
19,28,441.0790059059208,406.1102025454553,828.6313015808903,603.5355183785235,cam_3_1690273871_03-31-11.jpg
19,30,2050.401361857595,248.74315810092128,2580.668886043327,463.51955771436883,cam_3_1690273871_03-31-11.jpg
20,1,1886.0642546920094,447.5139738151505,2610.925057562735,918.4538787695569,cam_3_1690274096_03-34-56.jpg
20,3,1595.7430345966568,452.9123415525704,2053.3881361863296,707.2266119354673,cam_3_1690274096_03-34-56.jpg
20,4,1531.6821991227453,414.257468593103,1920.0428289101653,636.5514495387789,cam_3_1690274096_03-34-56.jpg
20,6,1683.1870392667827,554.9506049256522,1968.2410865251675,767.7115611718854,cam_3_1690274096_03-34-56.jpg
20,7,498.37828206316203,496.36404146520545,1048.4566248909862,874.5494954209084,cam_3_1690274096_03-34-56.jpg
20,11,1489.9365417669767,406.12364720800196,1802.5208714297446,596.7001164381376,cam_3_1690274096_03-34-56.jpg
20,22,346.0688081850865,451.94578308208065,991.1760989130266,701.0710447653312,cam_3_1690274096_03-34-56.jpg
20,25,512.2491628266946,333.50227112127226,803.6163538619684,438.4957003253753,cam_3_1690274096_03-34-56.jpg
20,28,427.3248599389587,393.123969691482,820.2494785258459,591.790317523059,cam_3_1690274096_03-34-56.jpg
20,30,2103.799313990958,253.5744957917467,2637.506742506181,469.8010636814363,cam_3_1690274096_03-34-56.jpg
20,31,392.94577555717086,340.64815314620193,794.2687891303553,541.1237059277548,cam_3_1690274096_03-34-56.jpg
21,1,1887.7394425056887,442.5901512523608,2613.801918775449,916.8113278405995,cam_3_1690274126_03-35-26.jpg
21,3,1595.9683210574806,447.12367224231554,2050.046875946663,700.6306932209047,cam_3_1690274126_03-35-26.jpg
21,4,1535.647138435312,424.3420654471674,1911.9628930415831,639.9713133371363,cam_3_1690274126_03-35-26.jpg
21,6,1677.7369216715279,546.2449057542059,1960.9029025438529,761.5029156577705,cam_3_1690274126_03-35-26.jpg
21,7,492.6675642527892,491.1154897601964,1047.7370660306046,872.2387326387689,cam_3_1690274126_03-35-26.jpg
21,10,456.3785769601329,460.12641462376604,948.9031680397097,761.5303996361731,cam_3_1690274126_03-35-26.jpg
21,11,1489.9901345330502,404.7923890643255,1805.4158357831893,597.1741407706551,cam_3_1690274126_03-35-26.jpg
21,25,521.0546693127219,334.76639822125844,814.8498492850244,441.92374467814227,cam_3_1690274126_03-35-26.jpg
21,28,415.93872505174875,404.9112519602158,876.0786562735655,638.8293984814065,cam_3_1690274126_03-35-26.jpg
21,30,2114.696382253487,254.7575949832332,2629.2469922823466,463.24113510856375,cam_3_1690274126_03-35-26.jpg
22,1,1892.9686462856157,446.93211374173524,2609.060351920894,915.5441530786454,cam_3_1690274186_03-36-26.jpg
22,4,1535.203027296193,427.74899726517486,1907.4234780617003,641.4957075218606,cam_3_1690274186_03-36-26.jpg
22,7,475.90680413067673,480.0483792172756,1046.5278737262852,864.3258876333239,cam_3_1690274186_03-36-26.jpg
22,11,1493.6666384311807,402.89821602607867,1808.7055505185608,595.2291500798935,cam_3_1690274186_03-36-26.jpg
22,22,352.39250456848674,449.4683297943661,977.6086712696307,692.6149338553764,cam_3_1690274186_03-36-26.jpg
22,30,2141.8735368693074,252.00316281586237,2675.026469628179,468.8662978560183,cam_3_1690274186_03-36-26.jpg
23,1,1906.749973030469,448.32438779194246,2607.152370117584,906.6057144874871,cam_3_1690274336_03-38-56.jpg
23,4,1557.009969629937,424.8179903956183,1895.3405969906025,613.9167046897378,cam_3_1690274336_03-38-56.jpg
23,7,482.4635649181672,482.7736147762267,1054.8858847839606,866.9118993383493,cam_3_1690274336_03-38-56.jpg
23,11,1496.5867144262847,402.40042215736224,1817.6189834573663,598.3207392521415,cam_3_1690274336_03-38-56.jpg
23,22,370.63628016315596,436.9626938967888,933.0497027470717,656.677520631436,cam_3_1690274336_03-38-56.jpg
23,28,410.3803729583606,437.33835378493757,929.8421479122223,701.9191579694848,cam_3_1690274336_03-38-56.jpg
23,30,2149.066375991232,247.6911185906415,2720.931090838288,481.6476329109379,cam_3_1690274336_03-38-56.jpg
24,1,1906.2513060072379,451.1460216372308,2601.1965733048,905.7222228037665,cam_3_1690274456_03-40-56.jpg
24,3,1603.4458295038846,446.127715294039,2064.617996433451,704.0786330600447,cam_3_1690274456_03-40-56.jpg
24,4,1549.8459452090062,425.66719263818175,1915.2865489006658,629.6172135887471,cam_3_1690274456_03-40-56.jpg
24,7,492.8828201305696,571.8935898582495,1127.1413313899004,999.7792001794235,cam_3_1690274456_03-40-56.jpg
24,9,2198.815729838447,239.8715228204353,2704.38040019113,502.1130970174486,cam_3_1690274456_03-40-56.jpg
24,11,1493.3877262833585,401.85179015618263,1813.399936545987,597.3847325201475,cam_3_1690274456_03-40-56.jpg
24,28,425.05544620423353,471.4564694344896,952.2632036502403,733.9939612148642,cam_3_1690274456_03-40-56.jpg
24,33,1165.1109925491173,283.6930733607269,1636.7895191443827,596.1473057861731,cam_3_1690274456_03-40-56.jpg
25,1,1900.2061838125735,452.181740941941,2600.06923979579,910.1200626430793,cam_3_1690274501_03-41-41.jpg
25,2,1210.0639389749558,282.794403033967,1524.7437180351371,601.1772267693359,cam_3_1690274501_03-41-41.jpg
25,3,1601.5616112745995,446.60548116863515,2063.699164730445,706.0766833030416,cam_3_1690274501_03-41-41.jpg
25,4,1541.2920593789338,424.3471503028949,1917.9854327241444,635.2082013091862,cam_3_1690274501_03-41-41.jpg
25,7,508.5931989708318,605.2964514888918,1139.0101000075326,1029.25749612658,cam_3_1690274501_03-41-41.jpg
25,9,2230.6602426729432,239.5936347042116,2732.9751992892334,507.44353042150556,cam_3_1690274501_03-41-41.jpg
25,11,1494.0679247531093,402.83363095535526,1812.0230268986725,596.8646908450798,cam_3_1690274501_03-41-41.jpg
25,28,428.89524009296264,483.96353001258933,967.3278244704647,746.5210652330065,cam_3_1690274501_03-41-41.jpg
26,1,1906.1901363107024,451.9040621250605,2596.800010962672,903.4630666280054,cam_3_1690274546_03-42-26.jpg
26,3,1602.112001190541,446.37966517649113,2067.6327684264306,709.1700553099718,cam_3_1690274546_03-42-26.jpg
26,4,1546.466654761676,424.9372478715021,1925.27716838098,637.0066551804796,cam_3_1690274546_03-42-26.jpg
26,7,526.001469137263,620.4561379071138,1151.466841131113,1040.3232465357678,cam_3_1690274546_03-42-26.jpg
26,9,2231.15867821097,238.9211881070979,2724.632133211845,500.253814454025,cam_3_1690274546_03-42-26.jpg
26,11,1492.4739966564764,401.50320469199676,1814.28430485826,597.792520872704,cam_3_1690274546_03-42-26.jpg
26,28,426.826386053462,489.40279743618345,978.7287618794588,752.5012221714371,cam_3_1690274546_03-42-26.jpg
26,31,403.17591367947944,366.62106546711976,832.7403101939753,583.8711425703902,cam_3_1690274546_03-42-26.jpg
26,33,1161.643369976442,282.537307606322,1622.4282032524634,589.3385355888352,cam_3_1690274546_03-42-26.jpg
26,34,1726.0258829309005,527.1148612945296,1933.091897994109,771.161313393881,cam_3_1690274546_03-42-26.jpg
27,1,1891.411542995194,450.66450418186156,2590.3632737187186,908.9642616617487,cam_3_1690274606_03-43-26.jpg
27,3,1556.9602053145475,392.58125024376426,2164.7766720780883,744.9360970541723,cam_3_1690274606_03-43-26.jpg
27,7,526.3181701558499,618.1870677293728,1162.2346475353575,1044.7433085059447,cam_3_1690274606_03-43-26.jpg
27,9,2224.5011566319695,238.6341260317822,2729.355652465865,505.8453327616278,cam_3_1690274606_03-43-26.jpg
27,10,488.65886248951443,478.74751858380057,1034.7758858574816,813.1071571888149,cam_3_1690274606_03-43-26.jpg
27,11,1424.422437871337,344.02347588476056,1874.5810164071177,627.4926708682151,cam_3_1690274606_03-43-26.jpg
27,31,389.2292934724376,364.6540906470748,843.0853618921251,597.5867816319233,cam_3_1690274606_03-43-26.jpg
27,33,1155.367257011576,284.04950538783123,1618.271575476391,594.9134198345266,cam_3_1690274606_03-43-26.jpg
28,1,1892.03040828144,451.7551534543504,2593.749488692576,913.2072087827273,cam_3_1690274666_03-44-26.jpg
28,3,1528.4640452487135,373.95944441502036,2162.6565787903846,753.5943384989469,cam_3_1690274666_03-44-26.jpg
28,7,509.4981483823866,624.0836126852316,1200.5832851820937,1090.1134873252226,cam_3_1690274666_03-44-26.jpg
28,9,2227.0366724335067,239.26295023924663,2725.1874182099364,502.5727862481401,cam_3_1690274666_03-44-26.jpg
28,11,1401.8438500911323,329.62237988445065,1878.4524930077202,636.908771817169,cam_3_1690274666_03-44-26.jpg
28,28,419.0387345523253,484.28857225445626,1027.1698069692202,773.1244498758679,cam_3_1690274666_03-44-26.jpg
28,33,1157.2393386149383,282.2997976410152,1626.0983310528734,599.1882070674212,cam_3_1690274666_03-44-26.jpg
29,1,1897.9143133712569,453.1622538386098,2591.9302385687024,908.8300897724898,cam_3_1690274711_03-45-11.jpg
29,7,502.2570413157507,620.7721601089457,1238.1172876950463,1124.297480578552,cam_3_1690274711_03-45-11.jpg
29,9,2226.4547026019372,242.87249255644227,2734.280940789805,513.479914857872,cam_3_1690274711_03-45-11.jpg
29,11,1467.5723389650561,328.5412391095788,1848.5715870281692,558.1229222134621,cam_3_1690274711_03-45-11.jpg
29,22,336.4375962945027,475.0043355268937,1042.2636881051858,751.6664563913382,cam_3_1690274711_03-45-11.jpg
29,24,1322.251470466397,458.66969255867036,1848.9652058404495,916.7794816195263,cam_3_1690274711_03-45-11.jpg
29,33,1182.4315979884186,282.7857675586156,1605.5871581981485,567.0823479608442,cam_3_1690274711_03-45-11.jpg
29,38,2148.256999799406,198.4749252528438,2407.1304249473105,408.8101261022688,cam_3_1690274711_03-45-11.jpg
29,39,353.9454098153034,358.21716141666286,834.0669787152904,551.0883352259814,cam_3_1690274711_03-45-11.jpg
30,1,1904.2863333060395,457.65585080519566,2590.26352488062,905.7136769302912,cam_3_1690274726_03-45-26.jpg
30,7,495.23568266495147,618.3596543977399,1228.8567011768182,1123.6091566849968,cam_3_1690274726_03-45-26.jpg
30,9,2225.779623909506,243.58719262128875,2733.1375404496143,515.0619416842793,cam_3_1690274726_03-45-26.jpg
30,11,1508.0487855002905,329.15249970826994,1862.6758086624354,529.5548833621137,cam_3_1690274726_03-45-26.jpg
30,24,1311.6332378773077,454.0167769247677,1843.7608236825888,904.0977280625311,cam_3_1690274726_03-45-26.jpg
30,28,418.7548978435748,481.0214286566666,1057.2738145657604,785.8502171830307,cam_3_1690274726_03-45-26.jpg
30,33,1189.4343012579661,282.6498903702044,1592.9727281374899,552.5384355922442,cam_3_1690274726_03-45-26.jpg
30,38,2162.9636295594805,199.9093238793961,2430.751879340683,415.4415797914447,cam_3_1690274726_03-45-26.jpg
30,39,316.3417422219307,355.4601849895444,911.785132904382,598.7199206018213,cam_3_1690274726_03-45-26.jpg
31,1,1903.1404850646845,454.5093066839288,2598.797283148307,909.9838073531696,cam_3_1690274786_03-46-26.jpg
31,9,2352.1680554438994,208.34086147247268,2799.703435524822,451.25075177876204,cam_3_1690274786_03-46-26.jpg
31,11,1500.952960793541,342.822241024864,1797.2367646089058,507.3017483086048,cam_3_1690274786_03-46-26.jpg
31,15,2214.028711987439,264.2574654688332,2688.0342428336885,504.2979070601971,cam_3_1690274786_03-46-26.jpg
31,24,1288.8097619089804,458.985420859452,1827.479179640819,902.853723345265,cam_3_1690274786_03-46-26.jpg
31,28,359.9986186723124,488.6491236075167,1117.9907667920804,867.3706023514324,cam_3_1690274786_03-46-26.jpg
31,33,1188.372065543663,293.08228177361286,1583.2716053670465,556.533369623535,cam_3_1690274786_03-46-26.jpg
31,39,330.9930955942181,354.5197775426784,867.7327536272091,574.6156581824566,cam_3_1690274786_03-46-26.jpg
32,1,1901.0624276224135,451.13833211844417,2601.3140211641185,910.1588108748872,cam_3_1690274891_03-48-11.jpg
32,3,1602.48431314729,430.89969631084716,2094.0300201768314,723.9754003167227,cam_3_1690274891_03-48-11.jpg
32,4,1543.8710226531264,423.89920037690416,1941.5774526502034,647.5663883244249,cam_3_1690274891_03-48-11.jpg
32,10,470.6770282389733,478.16285337366423,1092.8736892525526,865.1032384612771,cam_3_1690274891_03-48-11.jpg
32,11,1487.0299232430953,384.49942305918927,1817.6247148457117,569.8616924486944,cam_3_1690274891_03-48-11.jpg
32,15,2211.391847694816,244.6810040859634,2744.921028823004,518.7694445717,cam_3_1690274891_03-48-11.jpg
32,33,1175.5845522351763,286.1866615100399,1617.6548765380564,582.430213172091,cam_3_1690274891_03-48-11.jpg
32,39,375.5288795093826,359.40860847262195,798.1459535552982,530.5486215180324,cam_3_1690274891_03-48-11.jpg
33,1,1897.4142573600334,450.91588878638584,2596.2329983198556,910.7036586394207,cam_3_1690274921_03-48-41.jpg
33,3,1616.6064174319288,442.691839808481,2075.459092182884,715.774552933136,cam_3_1690274921_03-48-41.jpg
33,4,1542.325903282737,425.38569601095185,1936.6699310743813,648.5751716261835,cam_3_1690274921_03-48-41.jpg
33,5,2177.4108376605527,221.5081488775785,2517.734161250429,410.16662029379086,cam_3_1690274921_03-48-41.jpg
33,10,441.59311539027385,475.1092111058825,1066.3284259995708,860.1282399610195,cam_3_1690274921_03-48-41.jpg
33,11,1484.2427869699786,398.6299118421688,1820.3105962666968,588.8520553727944,cam_3_1690274921_03-48-41.jpg
33,15,2219.3526393858374,246.40313131566714,2759.848161354188,526.9233164295271,cam_3_1690274921_03-48-41.jpg
33,31,417.0819121576697,399.65081904507406,851.2211401228101,626.4857496590175,cam_3_1690274921_03-48-41.jpg
33,33,1173.933012298494,284.1954395356913,1623.2643638031636,586.0480132681305,cam_3_1690274921_03-48-41.jpg
33,39,388.3748735394309,364.4260913980823,794.6850600111832,528.6207419275644,cam_3_1690274921_03-48-41.jpg
34,1,1884.040417550471,447.3128372306583,2594.5233681045192,916.2795462319398,cam_3_1690275056_03-50-56.jpg
34,3,1620.344295482783,456.45335348187155,2058.55437545381,716.4532771607694,cam_3_1690275056_03-50-56.jpg
34,4,1547.415010117682,430.2190615813354,1929.5832558145141,646.1969750389651,cam_3_1690275056_03-50-56.jpg
34,11,1483.4707259161871,401.6579282130337,1822.6111821084562,595.6220462844146,cam_3_1690275056_03-50-56.jpg
34,28,337.07514230287404,472.24876412180043,1090.7624391073887,849.727933961022,cam_3_1690275056_03-50-56.jpg
34,31,433.01671037909387,401.25576877520615,824.4385128170109,601.1752198054144,cam_3_1690275056_03-50-56.jpg
34,33,1187.7583468967582,290.67132462390873,1634.2595856035482,590.5291512870119,cam_3_1690275056_03-50-56.jpg
34,39,486.260908806763,352.8635075802572,768.9858610284302,464.9760057409426,cam_3_1690275056_03-50-56.jpg
35,1,1887.3379561136621,448.4652139957327,2595.018081099748,916.1324658480087,cam_3_1690275116_03-51-56.jpg
35,3,1625.0531928215817,462.4090713699757,2053.206049069013,714.9266936563315,cam_3_1690275116_03-51-56.jpg
35,4,1548.3166827195964,430.29269833320996,1929.6942574502552,645.7076942675471,cam_3_1690275116_03-51-56.jpg
35,10,437.14001748052516,466.4851304465444,1053.4466898455848,852.2699187450874,cam_3_1690275116_03-51-56.jpg
35,11,1487.9946516258308,401.202579709081,1828.619315749774,597.0698759809022,cam_3_1690275116_03-51-56.jpg
35,28,353.9893436697405,436.13004418595006,1023.756216070844,780.6072801322973,cam_3_1690275116_03-51-56.jpg
35,31,394.75967892930464,371.2783248518051,835.9473016900636,600.5186222708714,cam_3_1690275116_03-51-56.jpg
35,33,1198.9699276548245,290.94560439818565,1641.192202293788,588.3218484078357,cam_3_1690275116_03-51-56.jpg
36,1,1890.0083328133733,447.33925092773563,2599.8779526192347,917.2656615562469,cam_3_1690275131_03-52-11.jpg
36,3,1622.698751239632,461.50939052144327,2054.0948479394506,715.5364975603766,cam_3_1690275131_03-52-11.jpg
36,4,1549.9096354085677,429.6455634888441,1930.5291232974248,644.367005863681,cam_3_1690275131_03-52-11.jpg
36,10,447.01725058589204,431.53505245186204,931.1829919682666,723.9343070532686,cam_3_1690275131_03-52-11.jpg
36,11,1488.0422374304703,400.2197184113767,1827.2298354943744,596.8737747379737,cam_3_1690275131_03-52-11.jpg
36,28,346.91624617531625,459.6571296799615,1041.864089053852,818.2651228290919,cam_3_1690275131_03-52-11.jpg
36,31,458.4339383603491,389.8397486553869,877.5333883681373,601.810285435006,cam_3_1690275131_03-52-11.jpg
36,33,1196.1098950907383,287.5953506136421,1644.4569700224238,590.2083039667484,cam_3_1690275131_03-52-11.jpg
36,46,1762.2430040191696,223.64420725820818,2060.9903055128893,441.2431899236266,cam_3_1690275131_03-52-11.jpg
36,48,700.820820344426,1209.2708577058404,2077.7682247404364,2729.7642273384536,cam_3_1690275131_03-52-11.jpg
37,1,1890.2205258192953,448.99903197148717,2596.6484817643604,916.5803228656061,cam_3_1690275146_03-52-26.jpg
37,3,1623.9096375884856,464.48758170193,2052.351597695528,716.0025110687471,cam_3_1690275146_03-52-26.jpg
37,4,1550.7739361225085,430.7181121958483,1931.8267025619323,645.0822370837936,cam_3_1690275146_03-52-26.jpg
37,11,1487.592425061472,401.6531734473813,1821.3536235706747,596.4317194203549,cam_3_1690275146_03-52-26.jpg
37,28,377.13007102055957,460.68027102913015,1080.97000174206,829.0066560564853,cam_3_1690275146_03-52-26.jpg
37,31,461.75199382510465,407.29637913075663,890.3787173328892,620.9854598503482,cam_3_1690275146_03-52-26.jpg
37,33,1189.042234013525,289.15031097446763,1629.5166755185344,588.7434626060943,cam_3_1690275146_03-52-26.jpg
37,46,1759.7493210839552,224.47009596004398,2061.900196294967,442.3992060147083,cam_3_1690275146_03-52-26.jpg
37,48,725.2585511743578,1201.5410445179705,2093.021432005235,2716.4612544892057,cam_3_1690275146_03-52-26.jpg
38,1,1892.5461688363705,447.83000936962327,2591.7581219111858,909.4446087432873,cam_3_1690275266_03-54-26.jpg
38,3,1627.5900289555098,463.64640958107805,2061.2426565959217,716.1144771005528,cam_3_1690275266_03-54-26.jpg
38,4,1545.9992986071577,427.2693301343029,1926.4985761645148,641.6781606241002,cam_3_1690275266_03-54-26.jpg
38,11,1485.2673495737665,401.7260190179238,1819.412992200248,598.4014583178051,cam_3_1690275266_03-54-26.jpg
38,28,391.51600451554026,466.4861252068982,1055.8810319365157,821.2714344477295,cam_3_1690275266_03-54-26.jpg
38,31,428.1716528385991,401.22510789214687,862.9568148035714,611.504865465761,cam_3_1690275266_03-54-26.jpg
38,33,1191.5356083625484,285.3247169699598,1639.892192396865,590.7900918805938,cam_3_1690275266_03-54-26.jpg
38,46,1779.9340705215618,218.49219973204947,2099.6796503090904,447.292595532968,cam_3_1690275266_03-54-26.jpg
38,49,351.68922906590797,344.95075929342295,812.7186438282811,515.7483934685404,cam_3_1690275266_03-54-26.jpg
39,1,1891.953191651098,445.18272680967095,2589.9222617647483,907.5596954968453,cam_3_1690275296_03-54-56.jpg
39,3,1622.8194058745878,458.05380991456775,2064.578072652866,714.8260338407708,cam_3_1690275296_03-54-56.jpg
39,4,1543.9501444661523,428.11578080024367,1924.564146833604,642.9512975323261,cam_3_1690275296_03-54-56.jpg
39,10,463.38062604132216,446.05224031386257,922.925840229274,721.2718108566476,cam_3_1690275296_03-54-56.jpg
39,11,1485.3573831257772,399.8130382066147,1818.242777404578,597.3838987752385,cam_3_1690275296_03-54-56.jpg
39,31,404.9832485768477,378.47723950108275,835.1855487227865,590.480604554032,cam_3_1690275296_03-54-56.jpg
39,33,1201.3927868566304,288.1868284329946,1643.911783061434,589.7079247726833,cam_3_1690275296_03-54-56.jpg
39,46,1775.0865810573764,218.98002817227658,2104.438687471653,452.84168060079,cam_3_1690275296_03-54-56.jpg
40,1,1888.0136889137257,445.66383968868297,2583.49064527223,909.3361113255112,cam_3_1690275341_03-55-41.jpg
40,3,1620.5846804814087,459.3984083467027,2061.248459829834,714.8021347465556,cam_3_1690275341_03-55-41.jpg
40,4,1542.7295369576145,429.16827117974776,1920.1916278760489,642.8229853770465,cam_3_1690275341_03-55-41.jpg
40,7,467.3321780897011,501.6509501064175,1047.9683240227941,903.6781516339477,cam_3_1690275341_03-55-41.jpg
40,10,450.3476780717882,450.9125127807084,930.5723955262878,739.8818292662362,cam_3_1690275341_03-55-41.jpg
40,11,1487.0218828511286,399.9304173854556,1817.726835955056,597.4976756341761,cam_3_1690275341_03-55-41.jpg
40,31,413.905228521806,378.63821801441316,833.425272880359,588.1367509365874,cam_3_1690275341_03-55-41.jpg
40,33,1202.6029229112871,289.0730955165402,1646.1832631152647,591.59150462652,cam_3_1690275341_03-55-41.jpg
40,46,1752.9804030506698,222.60835311398625,2082.9708485558344,453.51162570645783,cam_3_1690275341_03-55-41.jpg
40,49,341.86044473035645,346.19731480616014,808.3080594472949,519.4542921971989,cam_3_1690275341_03-55-41.jpg
41,1,1894.7016928922355,446.5911687767519,2583.5132841839004,906.3931403537738,cam_3_1690275416_03-56-56.jpg
41,3,1619.6776884504804,459.3465342573081,2062.784133775701,715.8273405513407,cam_3_1690275416_03-56-56.jpg
41,4,1544.4221868675008,428.81033535960535,1921.4014234809492,642.5249015953581,cam_3_1690275416_03-56-56.jpg
41,7,464.18798727941686,490.03461873686166,1040.3411569393108,892.9110198172166,cam_3_1690275416_03-56-56.jpg
41,10,453.8266697657216,443.7803389358653,865.5660508801557,672.2040525876384,cam_3_1690275416_03-56-56.jpg
41,11,1487.4374878259794,399.74301321398394,1816.3256195724252,597.4258328470161,cam_3_1690275416_03-56-56.jpg
41,33,1194.031102312325,290.1932259655732,1635.7423269746553,592.2261823209202,cam_3_1690275416_03-56-56.jpg
41,46,1751.8751034754441,220.7041685591028,2082.4337034383607,449.4654481328761,cam_3_1690275416_03-56-56.jpg
41,49,359.03451212575135,348.5911299875428,812.933868569002,516.4905051845872,cam_3_1690275416_03-56-56.jpg
41,52,1222.3702569900356,214.943597905032,1468.0503997236328,333.2022628933013,cam_3_1690275416_03-56-56.jpg
42,1,1899.3586021233618,448.1502430456346,2582.6440689283822,903.0432398402061,cam_3_1690275446_03-57-26.jpg
42,3,1617.6460735391643,458.6707421913247,2059.2876807130624,713.2794674460421,cam_3_1690275446_03-57-26.jpg
42,4,1544.3659563668873,427.79250861863255,1920.2858701190091,641.0199359963303,cam_3_1690275446_03-57-26.jpg
42,7,461.6049373852973,478.89743860819306,1033.210194070816,879.0753331355091,cam_3_1690275446_03-57-26.jpg
42,10,421.12990749701294,442.44780650301277,924.9047995542367,727.9636859605914,cam_3_1690275446_03-57-26.jpg
42,11,1489.238403981204,400.5582424598667,1813.2863502085359,596.0408668076223,cam_3_1690275446_03-57-26.jpg
42,31,391.53735125522326,356.40212406343596,808.9730011229155,566.1477561746611,cam_3_1690275446_03-57-26.jpg
42,33,1192.3276032318481,291.55224504044617,1629.5594574081786,590.909959550148,cam_3_1690275446_03-57-26.jpg
42,46,1761.5279514683316,222.3778340768095,2086.1395491796284,442.8953043101894,cam_3_1690275446_03-57-26.jpg
42,49,325.9319451207852,361.03611453916733,901.7493277477251,579.1231152243322,cam_3_1690275446_03-57-26.jpg
42,52,1223.5435970293993,216.63120797202032,1467.8859877169382,332.990267931071,cam_3_1690275446_03-57-26.jpg
43,1,1904.0585086313329,448.6354180082468,2591.6190107116963,906.4686738990148,cam_3_1690275551_03-59-11.jpg
43,3,1614.8937874414123,458.2375581849874,2057.6500578362325,712.777317910258,cam_3_1690275551_03-59-11.jpg
43,4,1540.861810018611,428.3007547156366,1914.675618369648,640.760096439714,cam_3_1690275551_03-59-11.jpg
43,7,448.0820231055359,501.41530897341426,1067.740409779068,949.3458101135395,cam_3_1690275551_03-59-11.jpg
43,11,1489.7825442250746,401.7624372147006,1809.8773755490356,595.4490611413024,cam_3_1690275551_03-59-11.jpg
43,22,346.5873188812347,459.92554029907353,951.4687678468822,694.9017262831325,cam_3_1690275551_03-59-11.jpg
43,31,399.6095273825888,360.3143243230144,781.8309399869995,544.1626623916916,cam_3_1690275551_03-59-11.jpg
43,33,1198.132657466645,290.2981345005852,1634.3235494413334,589.4858779202502,cam_3_1690275551_03-59-11.jpg
43,46,1766.541372462958,221.08491639919112,2100.4545269316905,446.16340802219327,cam_3_1690275551_03-59-11.jpg
43,52,1254.983452339878,214.44730993245446,1504.4837082827848,331.0725033597629,cam_3_1690275551_03-59-11.jpg
44,1,1905.0502458618944,448.73397229563113,2592.999726007525,908.1473877222314,cam_3_1690275566_03-59-26.jpg
44,3,1616.074161674026,460.2368504794652,2060.110312813647,714.5602444524577,cam_3_1690275566_03-59-26.jpg
44,4,1542.2074355019447,430.11456352616807,1913.360951724947,641.177662188375,cam_3_1690275566_03-59-26.jpg
44,7,455.12382757238544,510.90409624406334,1096.0297332256955,983.7486284911308,cam_3_1690275566_03-59-26.jpg
44,10,439.9649005444445,408.788878996575,920.3371367367617,682.3988867924559,cam_3_1690275566_03-59-26.jpg
44,11,1490.9363740654467,401.3912531858136,1811.4891910327156,596.1063810729722,cam_3_1690275566_03-59-26.jpg
44,22,312.389087564152,457.61487662360594,1068.002892515817,776.1007129795402,cam_3_1690275566_03-59-26.jpg
44,25,358.23535182204233,350.6746660341646,837.4032722116581,524.8477013216652,cam_3_1690275566_03-59-26.jpg
44,31,445.8476745198341,381.3014446478884,851.2714948998448,574.8313128400162,cam_3_1690275566_03-59-26.jpg
44,33,1196.9852029808874,285.7361375636573,1640.439872408851,591.086963802722,cam_3_1690275566_03-59-26.jpg
44,46,1761.351145878475,217.9608299198989,2109.5106880202757,450.9986341699781,cam_3_1690275566_03-59-26.jpg
44,52,1237.6937340141485,216.65017205898172,1489.9745367142543,333.59936776178665,cam_3_1690275566_03-59-26.jpg
45,1,1913.156610262434,446.91875633151824,2592.3701366164532,899.7366043456908,cam_3_1690275611_04-00-11.jpg
45,3,1614.4900058691449,456.88486581716455,2057.5756903780675,710.2623395308575,cam_3_1690275611_04-00-11.jpg
45,4,1544.8627528844224,430.01482110456993,1914.2489994496302,639.8949928754143,cam_3_1690275611_04-00-11.jpg
45,7,469.29962181847833,510.75831897772696,1115.9945245919855,997.724537950598,cam_3_1690275611_04-00-11.jpg
45,11,1489.461721598925,400.72365561093494,1807.8278372664645,594.743285815515,cam_3_1690275611_04-00-11.jpg
45,22,331.3260388879953,461.90981729734494,1085.9484248460822,800.9470773021642,cam_3_1690275611_04-00-11.jpg
45,25,365.59815650270434,348.64621417152887,839.3606413311115,523.3799213773659,cam_3_1690275611_04-00-11.jpg
45,33,1195.3358943898115,285.968577346388,1635.9104584852707,590.4849922015733,cam_3_1690275611_04-00-11.jpg
45,46,1756.6198707012238,216.92223053616493,2107.109547691184,448.6729899840082,cam_3_1690275611_04-00-11.jpg
45,49,384.753561630192,422.1773307841785,920.8239838690449,624.4207541786137,cam_3_1690275611_04-00-11.jpg
45,52,1250.8582473992105,217.4570387895077,1507.7262166581083,333.397784823649,cam_3_1690275611_04-00-11.jpg
46,1,1906.6930368534024,446.5234932890785,2596.99188686965,907.4089426723319,cam_3_1690275626_04-00-26.jpg
46,3,1616.3219501045796,458.89602018050783,2056.7126080949747,709.8952425043456,cam_3_1690275626_04-00-26.jpg
46,4,1544.8723745281407,427.6233035390844,1916.8499922044557,639.0466765639046,cam_3_1690275626_04-00-26.jpg
46,7,476.5034980559732,512.8183827424019,1122.312865686829,1008.0767652113544,cam_3_1690275626_04-00-26.jpg
46,11,1490.573941520391,399.27198827933,1808.742348678551,594.062254096903,cam_3_1690275626_04-00-26.jpg
46,25,354.43257374911923,341.72761115439056,820.4841287895192,516.6248232428798,cam_3_1690275626_04-00-26.jpg
46,28,441.9394586632664,467.26274063308927,1010.271909364895,776.2568117119205,cam_3_1690275626_04-00-26.jpg
46,33,1198.5034681842862,284.1037895101796,1637.8454414792322,588.1300675771013,cam_3_1690275626_04-00-26.jpg
46,46,1753.137136105057,218.78702280280004,2107.810386534446,450.89887478437004,cam_3_1690275626_04-00-26.jpg
46,49,501.4716179789784,417.8569924202226,1034.2181863441713,622.389403023677,cam_3_1690275626_04-00-26.jpg
46,52,1254.622812981044,218.78897937731463,1515.9232323013312,333.7102962898327,cam_3_1690275626_04-00-26.jpg
47,1,1907.6847431397432,449.32732849190575,2593.1050773470292,905.6002468293395,cam_3_1690275656_04-00-56.jpg
47,3,1614.0731115596557,459.42905156261855,2059.5856347802373,712.6423595753901,cam_3_1690275656_04-00-56.jpg
47,4,1544.8383773930827,427.6743420773588,1917.1062145563496,639.2481510279716,cam_3_1690275656_04-00-56.jpg
47,7,479.1540064109505,509.5219536054926,1118.6677977852096,1005.8319139786668,cam_3_1690275656_04-00-56.jpg
47,11,1490.1731281380858,399.54039769064434,1807.2187246036808,594.3175294798302,cam_3_1690275656_04-00-56.jpg
47,25,348.6729552860513,340.83937388240133,822.4693625148677,521.7388763759991,cam_3_1690275656_04-00-56.jpg
47,28,443.6429941441588,470.1263545024581,941.991877535949,732.1370277449919,cam_3_1690275656_04-00-56.jpg
47,33,1195.0057301719778,286.92243060534514,1631.2992064571033,591.5333623064232,cam_3_1690275656_04-00-56.jpg
47,46,1771.3115980016541,217.32173654458714,2125.0130549586265,449.3312166833333,cam_3_1690275656_04-00-56.jpg
47,49,438.1667083649436,435.61881261434166,959.3317806963814,633.4065572650894,cam_3_1690275656_04-00-56.jpg
47,52,1271.3512287140522,220.71356826192581,1527.1190102447526,330.08798950238577,cam_3_1690275656_04-00-56.jpg
48,1,1906.5979615178162,450.05609000587873,2587.8395993240038,903.2475396206137,cam_3_1690275731_04-02-11.jpg
48,3,1611.193600100568,462.80914538352397,2054.1924206139247,714.1027337873942,cam_3_1690275731_04-02-11.jpg
48,4,1543.7865775817086,426.93584000452495,1920.9451445507527,641.3785379757951,cam_3_1690275731_04-02-11.jpg
48,7,481.8624365006252,510.4971776672642,1121.445371782594,1015.6331845652635,cam_3_1690275731_04-02-11.jpg
48,11,1490.235974520561,400.5868111521045,1805.1441741872904,594.1295974348209,cam_3_1690275731_04-02-11.jpg
48,28,443.06775410333194,443.85775866170513,932.431876794855,703.2827320556275,cam_3_1690275731_04-02-11.jpg
48,31,398.0204797767567,353.43332087098713,810.1911526107117,548.6021580723143,cam_3_1690275731_04-02-11.jpg
48,33,1191.9357527574466,286.5784704294559,1626.4245880422154,592.9625002937917,cam_3_1690275731_04-02-11.jpg
48,34,1095.187092936448,234.050939888349,1274.8226129111094,449.92137123789485,cam_3_1690275731_04-02-11.jpg
48,46,1760.923179039409,217.4376336533977,2116.247842075717,447.9112744751302,cam_3_1690275731_04-02-11.jpg
48,52,1282.704516290213,221.69001802817667,1543.3085287218776,330.1566232434421,cam_3_1690275731_04-02-11.jpg
49,1,1960.3757130115414,510.85808155127864,2584.2551897936046,932.9778994661012,cam_3_1690275896_04-04-56.jpg
49,3,1608.5137720126872,480.6626972190353,2015.9317164265683,711.7029724300932,cam_3_1690275896_04-04-56.jpg
49,4,1548.6238441418009,431.00950502795894,1921.935467337495,642.782948776537,cam_3_1690275896_04-04-56.jpg
49,11,1494.7107155378133,400.0371350124117,1809.68511660092,593.893391467374,cam_3_1690275896_04-04-56.jpg
49,24,503.0015731510301,471.5733130705511,968.0568318156693,839.4988113648471,cam_3_1690275896_04-04-56.jpg
49,25,344.9535214299804,344.3783527100533,830.7719744303156,531.3243178986227,cam_3_1690275896_04-04-56.jpg
49,28,457.96711215907203,430.75105627511374,918.3072006266391,675.7145656144826,cam_3_1690275896_04-04-56.jpg
49,33,1190.6653439605357,281.3400395289574,1622.7477696821993,588.1525398572107,cam_3_1690275896_04-04-56.jpg
49,34,1086.4744190866627,226.38957710000838,1263.4697900318763,445.1559270109516,cam_3_1690275896_04-04-56.jpg
49,46,1777.373417836407,216.95050114583472,2118.6739714604273,435.49650789530887,cam_3_1690275896_04-04-56.jpg
49,52,1275.6921599533762,223.36811056898483,1549.1489364623635,333.67776884987956,cam_3_1690275896_04-04-56.jpg
50,1,1984.6574857023643,534.3976119371798,2581.905110894966,944.6682388254917,cam_3_1690276031_04-07-11.jpg
50,3,1610.3926656162546,490.20013711199465,2000.723482741027,711.2073715529524,cam_3_1690276031_04-07-11.jpg
50,4,1548.5867604886346,429.22013836373264,1921.6939665747286,640.5884874344348,cam_3_1690276031_04-07-11.jpg
50,11,1497.0691165879712,399.97729381381293,1810.4882971159507,593.1928219073602,cam_3_1690276031_04-07-11.jpg
50,24,472.82668877767765,460.79548319749415,921.917500390856,805.432189958836,cam_3_1690276031_04-07-11.jpg
50,25,382.94235608490646,347.2873751545317,825.8433784770993,518.7303061632949,cam_3_1690276031_04-07-11.jpg
50,33,1199.0522669557838,283.7597381167418,1634.426197955152,593.3681156634351,cam_3_1690276031_04-07-11.jpg
50,46,1774.6250672728006,217.59557786966403,2107.627841302171,426.28433284423545,cam_3_1690276031_04-07-11.jpg
50,49,398.2096339282393,431.44880684505426,937.7239096305468,636.5924083933552,cam_3_1690276031_04-07-11.jpg
50,52,1258.1710880221094,211.35483342737226,1539.580231353459,325.76481991881417,cam_3_1690276031_04-07-11.jpg
51,1,2002.7043342338534,537.7645655697692,2596.36547436256,948.4620631036016,cam_3_1690276151_04-09-11.jpg
51,3,1608.2339855450066,492.23647263921407,1995.5380954768732,711.2428207042028,cam_3_1690276151_04-09-11.jpg
51,4,1547.670797444448,429.19438192294325,1921.2257554438004,640.9033734196298,cam_3_1690276151_04-09-11.jpg
51,10,370.9126287964123,439.9874307226103,949.2894673332348,767.802820948916,cam_3_1690276151_04-09-11.jpg
51,11,1494.6451170749247,399.6273898742817,1807.8165022915753,593.3376650619736,cam_3_1690276151_04-09-11.jpg
51,25,359.0622196854937,341.6431441386193,836.9438774623347,528.1197628008147,cam_3_1690276151_04-09-11.jpg
51,33,1187.584513593278,281.9690344894333,1625.8214773213303,598.3120409944672,cam_3_1690276151_04-09-11.jpg
51,38,2089.8639949241447,231.71265005943684,2484.745595814544,540.4288814525041,cam_3_1690276151_04-09-11.jpg
51,46,1749.6714690734352,217.9864851121876,2095.823587044477,431.9903708232468,cam_3_1690276151_04-09-11.jpg
51,49,441.2739559573753,408.06160297744304,1136.760456080443,686.6365305593167,cam_3_1690276151_04-09-11.jpg
51,52,1257.6907898610523,199.15131221710857,1541.299742773203,316.98863685695784,cam_3_1690276151_04-09-11.jpg
51,58,2297.8050218637786,466.1889131442615,2704.957130072565,649.5034320782138,cam_3_1690276151_04-09-11.jpg
52,1,2008.3355044094383,536.5389253049502,2604.515001243406,952.9885010255565,cam_3_1690276211_04-10-11.jpg
52,3,1608.1057562902538,492.52973128419615,1995.9583038954427,711.7399794174802,cam_3_1690276211_04-10-11.jpg
52,4,1545.9268416048915,427.9388607842926,1920.5940537182964,640.5468679874094,cam_3_1690276211_04-10-11.jpg
52,10,397.5117626637509,439.0345190750409,966.1262008957233,762.1523359836308,cam_3_1690276211_04-10-11.jpg
52,11,1492.216057955219,398.384652479515,1805.9782727820907,592.6699458097125,cam_3_1690276211_04-10-11.jpg
52,25,375.33066744207395,348.78423518560896,843.9724325156408,533.7516172966847,cam_3_1690276211_04-10-11.jpg
52,33,1190.1832943734432,283.0393064212465,1623.310313830936,599.4362599558272,cam_3_1690276211_04-10-11.jpg
52,38,2087.3409374808025,232.2169425841265,2492.857724753939,541.4273713075563,cam_3_1690276211_04-10-11.jpg
52,46,1737.0529531920781,218.5204043752372,2089.415861318119,433.49891321388174,cam_3_1690276211_04-10-11.jpg
52,52,1271.6452968894237,197.2167708645488,1540.8397850427798,312.6291737257893,cam_3_1690276211_04-10-11.jpg
52,58,2292.612566929167,464.4700581430151,2704.406177785203,649.4132508304361,cam_3_1690276211_04-10-11.jpg
52,59,1509.7816854283617,195.1226177534615,1897.848533260877,355.17951428409833,cam_3_1690276211_04-10-11.jpg
53,1,2011.6634747995995,538.5897079413766,2598.9687771120316,952.6788745342477,cam_3_1690276286_04-11-26.jpg
53,3,1607.721958869788,492.37007858291764,1997.8420012492095,713.102510141922,cam_3_1690276286_04-11-26.jpg
53,4,1546.3872629873451,430.8652273857401,1918.713936456401,642.2879088403786,cam_3_1690276286_04-11-26.jpg
53,10,400.1439492385622,431.07229805711916,967.1620297263718,758.9528149297371,cam_3_1690276286_04-11-26.jpg
53,11,1493.7113479362479,399.58535403198124,1809.3980656417925,594.5289063650665,cam_3_1690276286_04-11-26.jpg
53,25,375.18388361341124,345.91485296617975,817.5914027174933,518.6293437078184,cam_3_1690276286_04-11-26.jpg
53,33,1193.5948257247755,281.76217571173663,1622.171598857525,597.337143028704,cam_3_1690276286_04-11-26.jpg
53,38,2065.974582525714,235.7039536977716,2485.5924307409214,548.5872327583039,cam_3_1690276286_04-11-26.jpg
53,46,1729.1308493623342,218.55601017767526,2089.5263673090717,436.5916790431436,cam_3_1690276286_04-11-26.jpg
53,58,2290.578215557479,466.110406422299,2700.973528998045,649.6957839518523,cam_3_1690276286_04-11-26.jpg
53,59,1468.1421237755244,184.89120376222607,1852.0452460167955,343.73455888411434,cam_3_1690276286_04-11-26.jpg
54,1,2012.8552188791464,535.1598676386349,2600.0602252346853,952.3326651914226,cam_3_1690276316_04-11-56.jpg
54,3,1606.8947238358317,490.94308292388155,1998.8753021397097,712.9679207232084,cam_3_1690276316_04-11-56.jpg
54,4,1548.7556736109784,434.32040047123127,1915.7986598597602,642.4527859746668,cam_3_1690276316_04-11-56.jpg
54,10,418.05308676861665,425.1286391222311,971.9963435731904,750.4217994438843,cam_3_1690276316_04-11-56.jpg
54,11,1498.9330994417958,401.2699902912923,1814.6218349971891,596.360131266134,cam_3_1690276316_04-11-56.jpg
54,25,368.7484007826471,346.3061436161536,818.5692114950252,521.9188360660175,cam_3_1690276316_04-11-56.jpg
54,33,1194.2203147139935,277.5555363930921,1622.3033639462083,595.1016667842515,cam_3_1690276316_04-11-56.jpg
54,38,2056.4490922065374,239.19097505846293,2488.226239521148,554.7303038237849,cam_3_1690276316_04-11-56.jpg
54,46,1719.4926650268574,219.18306559871587,2088.3122731808203,440.0968140937164,cam_3_1690276316_04-11-56.jpg
54,58,2324.8471534238797,467.50291823255395,2731.1390445038555,650.3526115362398,cam_3_1690276316_04-11-56.jpg
54,59,1480.5130502450918,182.58020868266445,1834.7481327605035,329.3979846479117,cam_3_1690276316_04-11-56.jpg
55,1,2013.5618477081157,529.8784696824287,2599.8674931598985,949.3836792433939,cam_3_1690276421_04-13-41.jpg
55,2,2330.5712058268955,177.85104335754343,2586.2728571596435,441.8753396985991,cam_3_1690276421_04-13-41.jpg
55,3,1620.4409405213046,466.5783419025706,2058.510685321037,712.1009741161581,cam_3_1690276421_04-13-41.jpg
55,4,1545.091270607663,429.25365263327967,1919.759424213652,641.9817239603651,cam_3_1690276421_04-13-41.jpg
55,10,375.70701246074043,415.4074271178681,945.7346903558306,747.0309433777538,cam_3_1690276421_04-13-41.jpg
55,11,1497.0327433417172,399.1080195140291,1815.052215845378,596.0745191064514,cam_3_1690276421_04-13-41.jpg
55,25,379.2840556027231,343.8601830988029,814.8458584499358,511.5868763038368,cam_3_1690276421_04-13-41.jpg
55,33,1201.575784608226,279.1203042728423,1624.9681439475721,592.6517666839925,cam_3_1690276421_04-13-41.jpg
55,38,2048.320698946564,240.26678191405756,2465.3280657052933,555.7437793160865,cam_3_1690276421_04-13-41.jpg
55,46,1726.3102466520295,220.57929544308777,2084.7682542781336,433.61564931737246,cam_3_1690276421_04-13-41.jpg
55,58,2337.0924661973727,469.39315189755223,2746.6481523020702,655.1165646002811,cam_3_1690276421_04-13-41.jpg
56,1,2016.1211521101804,538.0125330529644,2580.805211809814,944.75668301713,cam_3_1690276466_04-14-26.jpg
56,3,1627.448271140487,463.29701214909073,2075.6639922617674,711.266521054056,cam_3_1690276466_04-14-26.jpg
56,4,1546.5912470734268,428.5600793510231,1920.9398380075736,641.1300143887073,cam_3_1690276466_04-14-26.jpg
56,10,399.475466093579,414.6337378410039,976.5801271779187,756.1833219947146,cam_3_1690276466_04-14-26.jpg
56,11,1498.1546429912858,398.27675852857345,1814.5562993060655,594.7077628280322,cam_3_1690276466_04-14-26.jpg
56,15,2360.777420839779,466.4688061612299,2740.0962073586124,670.4679650678663,cam_3_1690276466_04-14-26.jpg
56,31,393.35593824983766,340.97246444310844,820.6068107770359,539.9214074597238,cam_3_1690276466_04-14-26.jpg
56,33,1202.6534753696621,278.9928234478467,1623.8906985316826,591.3327162920508,cam_3_1690276466_04-14-26.jpg
56,38,2074.3097276847825,344.86967673327035,2374.140556581179,566.4487613783406,cam_3_1690276466_04-14-26.jpg
56,46,1720.4329659291104,220.82565872596035,2082.3928248501047,434.61379138195707,cam_3_1690276466_04-14-26.jpg
56,62,1424.6850740864375,202.15654586221007,1737.5328468914138,336.7309284848392,cam_3_1690276466_04-14-26.jpg
57,1,2014.966453862969,556.163304620206,2549.0982020254482,943.6850905677718,cam_3_1690276556_04-15-56.jpg
57,3,1629.8280645636587,465.1809379122136,2077.0796780868263,709.8454708147126,cam_3_1690276556_04-15-56.jpg
57,4,1548.6746127184708,430.9677143298119,1921.219704371245,642.00041094189,cam_3_1690276556_04-15-56.jpg
57,10,399.31963056424905,408.75833308436563,958.3448212166459,744.019095951377,cam_3_1690276556_04-15-56.jpg
57,11,1495.08143567271,398.99372293557343,1808.3864213113966,593.5523148349671,cam_3_1690276556_04-15-56.jpg
57,25,359.88167015486965,347.62378230184663,818.6372862357784,524.1169765203425,cam_3_1690276556_04-15-56.jpg
57,31,398.79240770852624,338.7894176028467,773.1259462835974,499.18086955380386,cam_3_1690276556_04-15-56.jpg
57,33,1195.3162766999903,277.7474684605676,1613.7828825726124,591.0517135668987,cam_3_1690276556_04-15-56.jpg
57,38,2078.637781212007,388.21397450903214,2327.7329700265627,569.0847973415337,cam_3_1690276556_04-15-56.jpg
57,46,1726.3793187557249,219.7401903128825,2093.3928820149604,436.69220660119265,cam_3_1690276556_04-15-56.jpg
57,62,1404.8933464116237,201.97924975389364,1772.9739178283985,360.4134043392778,cam_3_1690276556_04-15-56.jpg
58,1,2016.0585369402013,559.4797992165423,2538.6703696562595,940.9828547813769,cam_3_1690276616_04-16-56.jpg
58,3,1635.9851540069997,468.21342337422607,2084.888234308886,709.7024717373508,cam_3_1690276616_04-16-56.jpg
58,4,1553.0508377495516,436.3999859443513,1922.3276526380846,645.8125305178538,cam_3_1690276616_04-16-56.jpg
58,7,582.6770613945962,384.62073743708646,1036.3505054133607,733.6642446631424,cam_3_1690276616_04-16-56.jpg
58,11,1356.4427004482143,336.0586739341114,1838.0173998851271,641.4415296374555,cam_3_1690276616_04-16-56.jpg
58,25,359.98251336299455,344.52002020787137,818.4646405736341,520.2356444761056,cam_3_1690276616_04-16-56.jpg
58,33,1183.7436921448561,283.66278308818073,1581.3492032485622,588.6722548471807,cam_3_1690276616_04-16-56.jpg
58,38,2080.109621131126,398.1938662101081,2322.6375510719354,571.7941148205572,cam_3_1690276616_04-16-56.jpg
58,46,1716.1637669536701,219.91794977694406,2098.6849201617906,446.77586976994553,cam_3_1690276616_04-16-56.jpg
58,62,1440.120961522726,203.10677755655132,1738.021178027488,328.4815543964741,cam_3_1690276616_04-16-56.jpg
58,64,2439.7998617708563,273.79019193885637,2692.565607874132,608.630152917498,cam_3_1690276616_04-16-56.jpg
59,1,2014.6590550730327,551.9205582553161,2541.677706710152,939.0913569817856,cam_3_1690276676_04-17-56.jpg
59,3,1629.433349450484,460.2489930630428,2103.9078203567205,713.0969878683705,cam_3_1690276676_04-17-56.jpg
59,4,1550.817480461932,436.1675932473722,1923.3214793087031,648.2751423935806,cam_3_1690276676_04-17-56.jpg
59,10,391.5038621353201,418.7360851927133,968.6359801994254,772.5438207111029,cam_3_1690276676_04-17-56.jpg
59,11,1316.7424713117498,315.5257149416832,1842.013323670074,654.6744922540834,cam_3_1690276676_04-17-56.jpg
59,28,395.76397749940827,340.86853054730716,831.2793704997534,569.5025338002522,cam_3_1690276676_04-17-56.jpg
59,33,1164.3599442012408,283.5831277351761,1570.9732052642757,600.1547251385996,cam_3_1690276676_04-17-56.jpg
59,38,2078.832988575637,400.48107438335444,2322.406457571227,571.8877182893214,cam_3_1690276676_04-17-56.jpg
59,46,1715.218855556875,219.70918988032187,2093.369969892019,444.13630003384014,cam_3_1690276676_04-17-56.jpg
59,62,1443.9262817281829,202.34297614240978,1717.0366068075296,314.51352671008476,cam_3_1690276676_04-17-56.jpg
59,64,2418.231476852222,281.33109674948946,2672.533595737131,611.5426693919562,cam_3_1690276676_04-17-56.jpg
60,1,2025.040903788936,562.9403408528101,2536.363803740178,938.937921859855,cam_3_1690276721_04-18-41.jpg
60,3,1498.1018521022227,391.9557275473322,2142.057706651432,744.3426983298061,cam_3_1690276721_04-18-41.jpg
60,7,656.5160689276221,396.51000138015837,1076.7848758714426,722.075921319323,cam_3_1690276721_04-18-41.jpg
60,10,395.2318684091305,398.18787865645015,921.6395827294243,725.6274227102705,cam_3_1690276721_04-18-41.jpg
60,11,1292.8960451991934,313.82108224024523,1814.3856035649787,661.6283214029916,cam_3_1690276721_04-18-41.jpg
60,28,400.6845211108951,338.92364979249857,824.1717800784213,558.0722430446333,cam_3_1690276721_04-18-41.jpg
60,33,1154.3223885256757,288.0664635394196,1556.7392456945997,607.5872208651529,cam_3_1690276721_04-18-41.jpg
60,46,1742.6570705586846,221.78072416741725,2066.2774454653018,407.7551415918085,cam_3_1690276721_04-18-41.jpg
60,62,1431.4068383339581,205.8915315905981,1702.9796804684574,314.68506732746675,cam_3_1690276721_04-18-41.jpg
60,64,2410.633320742272,284.93924100693164,2669.177206386277,613.6906794135214,cam_3_1690276721_04-18-41.jpg
60,66,2779.956537954012,237.3805904228565,2997.8423828984014,600.21588012555,cam_3_1690276721_04-18-41.jpg
61,1,2068.0907163992924,587.175057440043,2557.0685641190526,937.5154125731669,cam_3_1690276736_04-18-56.jpg
61,3,1455.368781829226,366.84806752159625,2150.394069757126,755.9403854649684,cam_3_1690276736_04-18-56.jpg
61,7,661.71659977844,397.4435447859287,1081.3585495079958,724.3190045192312,cam_3_1690276736_04-18-56.jpg
61,9,2862.294112504671,268.2354239945944,3538.774608283741,649.3777337400995,cam_3_1690276736_04-18-56.jpg
61,10,384.30361065611004,381.39558997088477,894.9675127341122,701.0570924813036,cam_3_1690276736_04-18-56.jpg
61,25,365.3965227188,342.88086136366434,840.4803909436307,526.2417568805491,cam_3_1690276736_04-18-56.jpg
61,33,1154.4223963695601,290.2225255662153,1545.2634444324453,605.9474225590941,cam_3_1690276736_04-18-56.jpg
61,46,1758.9372417994582,222.48601282469485,2051.3003668553165,384.46771096632654,cam_3_1690276736_04-18-56.jpg
61,48,1378.5833641617608,321.0737924325475,1700.5251700454992,666.6599686217961,cam_3_1690276736_04-18-56.jpg
61,62,1432.3189265492917,206.16126170209688,1707.1882112811045,313.4560708189377,cam_3_1690276736_04-18-56.jpg
61,64,2404.162654308273,283.0027103312898,2672.0650829010106,615.5536225897923,cam_3_1690276736_04-18-56.jpg
62,1,2039.5827629011956,578.9382632086425,2539.9664984126193,938.6848486228498,cam_3_1690276841_04-20-41.jpg
62,3,1432.913318428074,357.27576231955794,2140.701039747757,761.8495253566284,cam_3_1690276841_04-20-41.jpg
62,10,402.8893760587258,379.00690403176,913.2982288316686,700.3090782843766,cam_3_1690276841_04-20-41.jpg
62,31,377.01474322531817,343.9162717193125,828.0580544295588,538.0699961849973,cam_3_1690276841_04-20-41.jpg
62,46,1764.4515638140936,221.6047192017583,2055.0724740230175,377.33125777517273,cam_3_1690276841_04-20-41.jpg
62,48,1374.3669217253282,320.27314838574034,1697.5809854237837,655.5647460102239,cam_3_1690276841_04-20-41.jpg
62,62,1404.8943338949107,207.97708326749884,1734.3287603739377,335.870709406001,cam_3_1690276841_04-20-41.jpg
62,64,2402.455992860083,282.1230103330132,2681.4608173674605,620.4881295613793,cam_3_1690276841_04-20-41.jpg
62,70,2176.5237319501766,381.7100638481817,2433.1915706324667,601.7190456602975,cam_3_1690276841_04-20-41.jpg
63,1,2030.874426094462,608.4519538287541,2493.0705946251273,940.8870729115333,cam_3_1690277111_04-25-11.jpg
63,3,1354.445638489773,374.72592382759615,2065.844025833513,787.7980827747946,cam_3_1690277111_04-25-11.jpg
63,10,409.1696134958487,401.2044470670355,894.6548478551751,710.1379632967776,cam_3_1690277111_04-25-11.jpg
63,31,367.4082476777269,346.1045116573118,830.2265199363335,546.848324990746,cam_3_1690277111_04-25-11.jpg
63,46,1723.6905012613424,221.35632403870886,2097.8110068105852,423.0603172469242,cam_3_1690277111_04-25-11.jpg
63,48,1426.2697263295781,324.72476899304,1628.2490957563093,483.05238146326093,cam_3_1690277111_04-25-11.jpg
63,58,2281.1914675393377,465.9799196923982,2710.4925517767947,658.5945510841932,cam_3_1690277111_04-25-11.jpg
63,62,1392.647746391666,208.0412629167953,1746.7187761841274,344.80595990942084,cam_3_1690277111_04-25-11.jpg
63,70,2224.038968348329,407.29806993003274,2445.2429689810865,591.640926652235,cam_3_1690277111_04-25-11.jpg
64,1,2025.7944625642765,616.6206432939596,2478.780457154242,942.535299739842,cam_3_1690277156_04-25-56.jpg
64,3,1333.934295288081,383.70592368503844,2031.106264378796,791.6564852596587,cam_3_1690277156_04-25-56.jpg
64,10,393.79538562962114,404.83089725920837,869.1488828603166,705.0040746350337,cam_3_1690277156_04-25-56.jpg
64,31,369.04763565782923,345.93450423589945,830.4145205968225,547.2251580035775,cam_3_1690277156_04-25-56.jpg
64,46,1716.8027217007889,221.47397752378663,2104.672763805015,430.7446130802706,cam_3_1690277156_04-25-56.jpg
64,58,2276.886204295271,465.19664712845463,2705.706337009036,655.7220098682886,cam_3_1690277156_04-25-56.jpg
64,62,1389.9072675454827,207.39159809530685,1759.7644267418534,350.4593643477155,cam_3_1690277156_04-25-56.jpg
64,70,2229.0816353290757,416.75312368631273,2454.206803050049,598.9168909080023,cam_3_1690277156_04-25-56.jpg
65,1,2025.6209550796275,619.0771394536556,2473.579936609116,941.160369895737,cam_3_1690277186_04-26-26.jpg
65,3,1322.6500813134448,391.06194026489976,2013.546774947785,798.5425711109694,cam_3_1690277186_04-26-26.jpg
65,10,402.9103131814752,406.97440125006005,902.7377603999478,726.5923656598561,cam_3_1690277186_04-26-26.jpg
65,28,413.46226663094046,350.4572590003423,820.7380383933152,560.9397885381761,cam_3_1690277186_04-26-26.jpg
65,31,396.9602966580166,348.21738727190575,802.6662446220894,519.2331981832782,cam_3_1690277186_04-26-26.jpg
65,46,1714.3839053725685,221.4466006796086,2111.750512154313,436.7130370598479,cam_3_1690277186_04-26-26.jpg
65,58,2274.6811274979946,465.88827276174874,2701.102040827416,653.5043002104919,cam_3_1690277186_04-26-26.jpg
65,62,1379.2686239384655,203.07908678488306,1764.791341802934,352.540536157215,cam_3_1690277186_04-26-26.jpg
65,70,2229.653956604517,417.17224497355596,2459.4045522085275,597.1450275631955,cam_3_1690277186_04-26-26.jpg
66,1,2028.830059391899,571.4374477999286,2549.285824126586,945.2422735098836,cam_3_1690277246_04-27-26.jpg
66,3,1301.8659409969064,392.4382859334704,1993.954756203888,802.3782235410187,cam_3_1690277246_04-27-26.jpg
66,10,409.7495935059873,408.4977455581602,913.1216050826547,733.7984220792298,cam_3_1690277246_04-27-26.jpg
66,31,383.52709246273344,351.2249373073256,796.3915831384886,525.2236597346593,cam_3_1690277246_04-27-26.jpg
66,33,1149.4875849845457,223.02719882129014,1445.8853619111992,459.97568412472936,cam_3_1690277246_04-27-26.jpg
66,46,1717.4301541515704,215.33474392775244,2112.273683593845,430.0578370459275,cam_3_1690277246_04-27-26.jpg
66,62,1393.097539012053,204.68614684209615,1749.8303402534307,342.02404366540077,cam_3_1690277246_04-27-26.jpg
66,73,1285.3361128995202,323.0145216854528,1722.8141361127962,473.1204587586478,cam_3_1690277246_04-27-26.jpg
67,3,1360.5075329464603,346.2370875207582,1941.6844724281204,692.4980018133267,cam_3_1690277336_04-28-56.jpg
67,33,1131.4056286758407,230.95096997277602,1427.6893103695643,470.67907180954325,cam_3_1690277336_04-28-56.jpg
67,62,1408.4701249838565,183.73015112045343,1799.8272132940638,338.7488132391618,cam_3_1690277336_04-28-56.jpg
83,4,1327.5228472436115,357.12609468495486,1769.4327076814254,599.3472014103689,cam_3_1690279436_05-03-56.jpg
83,7,1200.1660486643277,480.1501930073584,1670.626774059751,862.9273981066651,cam_3_1690279436_05-03-56.jpg
84,1,1771.5974705650628,448.8381822222208,2529.1608272101344,993.3823441395231,cam_3_1690279616_05-06-56.jpg
84,4,1258.0386414315235,342.5611439409624,1730.5218130489616,621.1282194235409,cam_3_1690279616_05-06-56.jpg
84,11,1310.5349265988802,354.79888723039386,1822.9456561099291,712.976685921984,cam_3_1690279616_05-06-56.jpg
84,31,497.8795318168836,312.06341142788585,954.8031587715877,509.4816106686439,cam_3_1690279616_05-06-56.jpg
84,73,1185.0078362477032,254.2653965137083,1445.3996116090352,342.84464156642014,cam_3_1690279616_05-06-56.jpg
85,1,1674.9397050581615,459.54878794396416,2423.527290591072,995.0011431446022,cam_3_1690279796_05-09-56.jpg
85,3,1478.488588477485,337.9777256413463,1819.221334432934,535.8237197719113,cam_3_1690279796_05-09-56.jpg
85,4,1205.864154638183,307.7003235094626,1633.2996301620515,554.584927183977,cam_3_1690279796_05-09-56.jpg
85,9,2722.7008351277736,566.6510843838846,3660.537238084366,1115.953894724938,cam_3_1690279796_05-09-56.jpg
85,10,570.9269507034129,328.3580074105303,864.8451093706949,520.1560469563651,cam_3_1690279796_05-09-56.jpg
85,73,1180.6210084326085,253.92713842520936,1497.9539494617143,359.7735592000571,cam_3_1690279796_05-09-56.jpg
85,82,686.2621021370179,562.9217868238431,1032.8819685576113,1079.1571057147646,cam_3_1690279796_05-09-56.jpg
86,1,1594.3645665056783,405.0658383081169,2271.5068230703664,891.5920809693582,cam_3_1690279856_05-10-56.jpg
86,4,1204.7633678117568,300.63130123488185,1608.279051098492,522.1528970855572,cam_3_1690279856_05-10-56.jpg
86,9,2787.062369412638,563.3910257703094,3655.8968792561336,1040.5756717848337,cam_3_1690279856_05-10-56.jpg
86,10,549.3935386288854,335.7222676280151,818.607288395605,518.3781495432014,cam_3_1690279856_05-10-56.jpg
86,73,1125.6220252687594,253.75849485036233,1499.6388565355276,383.27511317010885,cam_3_1690279856_05-10-56.jpg
86,84,628.5606975684375,375.0657987807922,974.1577095694264,669.2302233705423,cam_3_1690279856_05-10-56.jpg
86,87,1186.0826678022788,379.68572651382374,1452.0173159315273,619.9160844531709,cam_3_1690279856_05-10-56.jpg
86,88,1094.9141124696116,231.28348970082467,1503.7660755525892,369.31247545483654,cam_3_1690279856_05-10-56.jpg
86,89,1211.5717759154268,244.99835294556829,1495.5775993912175,336.00233891639755,cam_3_1690279856_05-10-56.jpg
87,1,1546.6710691822186,494.59385414724466,2174.417311128497,933.0678217277484,cam_3_1690279916_05-11-56.jpg
87,4,1210.4094973947629,296.5164705695453,1606.1767247175358,506.17300796611784,cam_3_1690279916_05-11-56.jpg
87,9,2940.3380426869944,503.96104304537846,3813.7436461381876,956.7409459047235,cam_3_1690279916_05-11-56.jpg
87,10,511.6987463019554,341.2523664696544,815.4789946340982,559.3996125731105,cam_3_1690279916_05-11-56.jpg
87,84,643.8876983996565,372.45174850380226,1009.9531935420966,683.4272633482933,cam_3_1690279916_05-11-56.jpg
87,87,1175.1297869596483,405.4834105280862,1501.4527491906358,701.5777985150903,cam_3_1690279916_05-11-56.jpg
87,88,1102.1948854627872,220.9003063759742,1514.0919707978278,361.26469654889024,cam_3_1690279916_05-11-56.jpg
87,89,1206.4583388221706,258.84509850060704,1475.9718942504553,344.5747069074107,cam_3_1690279916_05-11-56.jpg
87,90,1245.8659988051763,220.01886231066746,1467.6181909498696,308.97711744758357,cam_3_1690279916_05-11-56.jpg
87,91,868.1850135958931,283.054985212437,1182.1000409352966,534.8950576907628,cam_3_1690279916_05-11-56.jpg
88,1,1511.265568343029,413.41824978102807,2125.6289420617527,861.8065988761082,cam_3_1690280081_05-14-41.jpg
88,4,1149.5551496364649,289.3670820605918,1533.9483836449317,500.3102191931881,cam_3_1690280081_05-14-41.jpg
88,9,2979.2173444751324,479.8815704486243,3849.1880707958203,903.6107292100505,cam_3_1690280081_05-14-41.jpg
88,10,563.8366739969557,340.27355210532005,803.8605126787468,521.7401994185743,cam_3_1690280081_05-14-41.jpg
88,11,1208.3663598547146,303.77373476988475,1682.024620414708,633.5707258238871,cam_3_1690280081_05-14-41.jpg
88,33,1040.0691429177189,254.6634505184487,1336.564245246627,481.3208845082995,cam_3_1690280081_05-14-41.jpg
88,84,658.3879586843918,361.74060998622963,1033.073274264505,677.094494106607,cam_3_1690280081_05-14-41.jpg
88,89,1134.3836211320174,280.25750068069334,1530.454378120703,407.92041529119814,cam_3_1690280081_05-14-41.jpg
88,93,2827.661063225008,594.0090296000076,3843.844046117819,1246.5293226801855,cam_3_1690280081_05-14-41.jpg
89,1,1537.989889808523,386.8422233148144,2154.050371536474,839.9973523022497,cam_3_1690280141_05-15-41.jpg
89,4,1112.448577492875,289.9135169829215,1518.6453432593246,522.0760692783293,cam_3_1690280141_05-15-41.jpg
89,10,594.4136422683699,348.0060994959805,815.0169508073503,510.1723729957987,cam_3_1690280141_05-15-41.jpg
89,11,1202.7062960322046,298.2761329857286,1670.9160048556473,625.1908260781713,cam_3_1690280141_05-15-41.jpg
89,33,1037.477554483527,262.4881746663149,1340.19333481117,496.66932931613036,cam_3_1690280141_05-15-41.jpg
89,84,659.7918757047921,358.1146072336241,1040.377407155477,674.707704363354,cam_3_1690280141_05-15-41.jpg
89,93,2889.8617604501173,592.2840118867633,3839.29467193374,1198.3859585846494,cam_3_1690280141_05-15-41.jpg
90,1,1554.2028152097741,372.8214568642179,2171.4012375860984,835.5823890896579,cam_3_1690280336_05-18-56.jpg
90,11,1218.6369917130048,299.0618264933687,1667.5056898283635,618.125995589033,cam_3_1690280336_05-18-56.jpg
90,82,597.6886514195446,428.93911888843877,825.9810268175648,764.9632892199083,cam_3_1690280336_05-18-56.jpg
90,84,745.1076920709484,378.3596266115466,1107.5151657274123,683.2673492874333,cam_3_1690280336_05-18-56.jpg
90,90,1235.3173937057882,215.30942880194274,1414.3459555784284,286.8667028036616,cam_3_1690280336_05-18-56.jpg
90,95,904.4621310024569,275.063396793012,1084.4541911134386,421.7985577094779,cam_3_1690280336_05-18-56.jpg
90,96,1394.9321118074351,1326.2959132626575,1932.4842998473773,2752.649234859333,cam_3_1690280336_05-18-56.jpg
91,1,1568.4598460340771,368.179361407278,2183.801271136057,834.2420154122467,cam_3_1690280351_05-19-11.jpg
91,11,1228.9595960777365,301.4490540913066,1671.6692531025737,614.9973049603884,cam_3_1690280351_05-19-11.jpg
91,82,591.8932581889726,424.1233627107055,817.2526364527265,752.18720067038,cam_3_1690280351_05-19-11.jpg
91,84,776.6545120183528,386.2535635291425,1131.8554868078056,687.8819812835131,cam_3_1690280351_05-19-11.jpg
91,96,1392.0564105403082,1344.9164413973708,1926.672891945376,2750.0270833802297,cam_3_1690280351_05-19-11.jpg
91,98,1886.119365994425,510.6883204202088,2317.856784755864,839.3676094058342,cam_3_1690280351_05-19-11.jpg
92,1,1560.934055017294,369.3905699715675,2170.385587331578,836.1674877866201,cam_3_1690280366_05-19-26.jpg
92,11,1225.3445594239408,290.46975005903954,1684.5637271404548,615.8208674232517,cam_3_1690280366_05-19-26.jpg
92,82,617.3931863383311,430.550308743655,857.5246170206539,774.542794573993,cam_3_1690280366_05-19-26.jpg
92,84,789.346843537096,390.6052801758501,1138.904906659827,689.3223510225009,cam_3_1690280366_05-19-26.jpg
92,95,914.8023129113947,265.62995544472017,1103.1223874371365,420.16328303368914,cam_3_1690280366_05-19-26.jpg
92,96,1389.5237930242527,1339.1403273745377,1928.942949825681,2745.097050394174,cam_3_1690280366_05-19-26.jpg
92,98,1888.6949142770532,502.5020023206416,2326.0160215204723,833.7226914915348,cam_3_1690280366_05-19-26.jpg
92,101,1082.448586372945,354.2352316275252,1277.4346021487581,664.2672491375118,cam_3_1690280366_05-19-26.jpg
92,104,1182.0653675607464,279.83915136582493,1472.7312482393913,377.97876320188897,cam_3_1690280366_05-19-26.jpg
93,1,1577.8782996476707,372.997084717185,2107.167348730606,784.7354827781255,cam_3_1690280486_05-21-26.jpg
93,11,1229.6343457371743,294.069569473485,1683.7879928734346,613.8369861726349,cam_3_1690280486_05-21-26.jpg
93,82,588.0911503571696,455.42984261498566,868.607032844901,834.5256497029991,cam_3_1690280486_05-21-26.jpg
93,84,846.7172019543418,393.15760482241825,1201.0496014829225,693.7978660226142,cam_3_1690280486_05-21-26.jpg
93,95,906.2004986242832,278.67239061430166,1091.3077202804097,430.27058925070327,cam_3_1690280486_05-21-26.jpg
93,96,1378.8197008494228,1338.1055190800848,1924.6089509564358,2746.1486743913556,cam_3_1690280486_05-21-26.jpg
93,98,1821.8211215850715,434.0692076860424,2292.426898679819,787.4509469780778,cam_3_1690280486_05-21-26.jpg
93,101,1082.5407034711102,359.1499585096161,1268.4076798482786,655.2036790312757,cam_3_1690280486_05-21-26.jpg
93,104,1199.3558910941317,279.4327682982947,1492.2625316427388,378.3379700863961,cam_3_1690280486_05-21-26.jpg
93,106,1061.0487124625065,237.05811516851082,1359.696862843513,384.25917235437373,cam_3_1690280486_05-21-26.jpg
94,1,1602.2551459665622,366.2673790395326,2027.6096585246842,687.5827810941917,cam_3_1690280576_05-22-56.jpg
94,7,1619.2439718252754,439.802856753228,2160.7564375214733,860.5682077493241,cam_3_1690280576_05-22-56.jpg
94,11,1228.187822070767,293.9753566020481,1632.158356494616,566.8218415180003,cam_3_1690280576_05-22-56.jpg
94,82,582.3585064838733,457.65904166547006,897.0706336303032,864.8906429730494,cam_3_1690280576_05-22-56.jpg
94,84,954.6588736653287,397.56613966398606,1306.7411420009057,691.6724974169499,cam_3_1690280576_05-22-56.jpg
94,95,898.3570442608286,281.50074480516884,1104.6121456996962,450.8223307207285,cam_3_1690280576_05-22-56.jpg
94,96,1382.8267206521164,1346.927318885708,1933.3067751005312,2749.7375875846783,cam_3_1690280576_05-22-56.jpg
94,104,1207.8170172067757,278.79127110261356,1495.2900663537491,375.05321858451185,cam_3_1690280576_05-22-56.jpg
94,106,1095.4257215193845,231.31947605091597,1383.4780276958795,374.3837215741605,cam_3_1690280576_05-22-56.jpg
95,1,1666.9487514451903,367.73202325903617,2043.4081417640652,633.5814568271182,cam_3_1690280636_05-23-56.jpg
95,7,1631.7345336376638,438.8163370538976,2172.3484206715148,853.8104178588217,cam_3_1690280636_05-23-56.jpg
95,62,1181.7638784535204,294.60301206886277,1709.8961053864887,508.78520754751463,cam_3_1690280636_05-23-56.jpg
95,82,570.6877066305211,462.025598592768,905.0734310147345,875.2662236220792,cam_3_1690280636_05-23-56.jpg
95,84,1013.9784641604748,388.5958413659729,1385.2598526175088,687.127654047687,cam_3_1690280636_05-23-56.jpg
95,95,914.5699947336624,271.38154136667515,1091.2187213165687,409.5880688438835,cam_3_1690280636_05-23-56.jpg
95,96,1381.018870798578,1346.8326860308794,1942.415007336564,2758.1024002686518,cam_3_1690280636_05-23-56.jpg
95,104,1230.4402024725298,278.2162122747759,1499.5958401792545,367.23497041698664,cam_3_1690280636_05-23-56.jpg
95,110,1768.5730917635215,580.282873582199,2010.5712376170886,1129.3939213399035,cam_3_1690280636_05-23-56.jpg
95,111,2210.3057616241476,531.0634744356297,2801.141495294883,1053.6461402535097,cam_3_1690280636_05-23-56.jpg
96,1,1646.9143702650067,368.10122345319496,2053.8476019864556,651.4241270256441,cam_3_1690280756_05-25-56.jpg
96,3,1320.9642832823308,287.37246585733703,1686.258457028906,492.62821179122295,cam_3_1690280756_05-25-56.jpg
96,7,1832.502043090727,439.632205227127,2382.711468424476,853.7735232955786,cam_3_1690280756_05-25-56.jpg
96,33,1084.3311351474672,232.85464119997675,1358.782862376533,452.82396888428127,cam_3_1690280756_05-25-56.jpg
96,62,1125.17830968362,265.041315484018,1596.7372433098997,480.001376602624,cam_3_1690280756_05-25-56.jpg
96,82,557.5542381628848,462.8649265885237,866.607105720249,819.4541706443276,cam_3_1690280756_05-25-56.jpg
96,84,1119.9302869017579,384.8428496776147,1500.1071264241803,703.973991742055,cam_3_1690280756_05-25-56.jpg
96,96,1302.0023426251464,1338.7338677754879,1864.098777076848,2748.984387365249,cam_3_1690280756_05-25-56.jpg
96,110,1663.5892988442324,630.9888074482208,1896.3272713541262,1120.9773609813508,cam_3_1690280756_05-25-56.jpg
97,1,1615.724534898712,368.9276535554401,2024.1784296917904,652.0243243353259,cam_3_1690280786_05-26-26.jpg
97,3,1302.1516735522414,288.8444678427942,1693.010206848969,503.7092608842569,cam_3_1690280786_05-26-26.jpg
97,7,1968.5408869214023,506.63177662882396,2480.0412078953286,889.3390260140609,cam_3_1690280786_05-26-26.jpg
97,10,518.6317310472102,341.8964443605421,735.4219422460798,501.9012462015926,cam_3_1690280786_05-26-26.jpg
97,33,1078.1883616468365,230.95907091714275,1352.1295561228671,453.8783910709228,cam_3_1690280786_05-26-26.jpg
97,62,1124.0896561882853,256.09047174513813,1542.2215156731709,462.85368024102627,cam_3_1690280786_05-26-26.jpg
97,82,555.2202460663048,465.4740889444011,854.1050792482948,788.0324486743066,cam_3_1690280786_05-26-26.jpg
97,84,1166.0514420682139,379.4289489985569,1550.993920926875,717.0072269577156,cam_3_1690280786_05-26-26.jpg
97,96,1312.5457725041829,1332.2883337052172,1877.6026802737556,2750.047582832607,cam_3_1690280786_05-26-26.jpg
97,115,1775.5118119673227,415.434501062917,2228.675223474431,696.1390068820438,cam_3_1690280786_05-26-26.jpg
98,1,1625.4579630799021,367.3523065630161,2050.2646255838804,657.5201924059318,cam_3_1690280816_05-26-56.jpg
98,3,1272.9489429945238,290.1992568115189,1746.5493755768277,556.039690766143,cam_3_1690280816_05-26-56.jpg
98,4,1068.5442562362064,213.58433754277843,1368.9292169230453,389.1740874520153,cam_3_1690280816_05-26-56.jpg
98,7,2023.3056927901323,541.8472046353453,2510.9655767367576,904.035112813326,cam_3_1690280816_05-26-56.jpg
98,10,499.46521584631773,343.20366061695495,709.7271509145553,503.94639720735717,cam_3_1690280816_05-26-56.jpg
98,11,1187.9634158128451,244.3063302575501,1461.5782935598063,428.80946533156316,cam_3_1690280816_05-26-56.jpg
98,33,1079.7812977727929,225.52191419320047,1346.9276925811075,442.636928195079,cam_3_1690280816_05-26-56.jpg
98,82,552.5940858864642,463.04277520334244,856.4696340629507,767.851111145666,cam_3_1690280816_05-26-56.jpg
98,96,1391.1903944894216,1241.7286734535687,1945.8826319402165,2530.293989654523,cam_3_1690280816_05-26-56.jpg
98,98,1745.7931922771743,420.373686468826,2228.749871023446,778.1649794269638,cam_3_1690280816_05-26-56.jpg
98,101,1197.079997205408,362.17860783880747,1393.5399579478685,672.18023346416,cam_3_1690280816_05-26-56.jpg
99,1,1628.5902897496524,369.18236705629045,2080.486381981364,671.918753409813,cam_3_1690280921_05-28-41.jpg
99,3,1213.6929713216332,288.1163281513931,1741.0636404285503,591.9342820571239,cam_3_1690280921_05-28-41.jpg
99,7,2036.6290258830597,542.6562012934347,2529.406985597535,907.4856772225804,cam_3_1690280921_05-28-41.jpg
99,10,497.42050637624476,352.34842245417184,711.8684006855274,522.0627485823447,cam_3_1690280921_05-28-41.jpg
99,11,1225.3659458947025,264.37912168284066,1489.4983073993692,436.8614992078752,cam_3_1690280921_05-28-41.jpg
99,33,1088.124660774025,225.27620184305857,1360.5682046815643,450.8278501795746,cam_3_1690280921_05-28-41.jpg
99,82,589.7319106229045,472.0440468840688,901.9414003793307,782.5700283753295,cam_3_1690280921_05-28-41.jpg
99,87,1276.392827189174,629.9791568388249,1813.8002996434736,1110.1175585710284,cam_3_1690280921_05-28-41.jpg
99,96,1290.1146776752985,1314.4820118086323,1867.7012826716516,2656.251946613226,cam_3_1690280921_05-28-41.jpg
99,104,1221.9720834125947,271.94914981532554,1539.4931587320425,377.0403059315446,cam_3_1690280921_05-28-41.jpg
99,115,1855.4193007960296,508.8909654233948,2356.576861640232,820.246830271368,cam_3_1690280921_05-28-41.jpg
100,3,1240.1288720278976,291.205880279937,1741.263980802169,585.07613589008,cam_3_1690281011_05-30-11.jpg
100,7,2037.9719147788383,542.8628165380514,2533.3195381683427,908.8111922809121,cam_3_1690281011_05-30-11.jpg
100,10,513.7946510909738,361.7817183796146,722.0982107607086,524.5019816267306,cam_3_1690281011_05-30-11.jpg
100,11,1185.0068970730053,269.1463140136965,1517.5356003378215,490.4572546477316,cam_3_1690281011_05-30-11.jpg
100,33,1061.178688723557,231.7531013334774,1345.8379273676726,469.7423661194665,cam_3_1690281011_05-30-11.jpg
100,82,586.1708824191325,459.7495821125498,900.6787453436974,776.3892295517546,cam_3_1690281011_05-30-11.jpg
100,96,1284.2397006984756,1354.29311352669,1866.0612599219614,2705.1633416446175,cam_3_1690281011_05-30-11.jpg
100,111,1629.3031672231864,372.6600428357191,2158.885682987124,838.2204999702715,cam_3_1690281011_05-30-11.jpg
100,115,1865.8893469758445,518.1754889203481,2385.2908290725645,841.7358522802631,cam_3_1690281011_05-30-11.jpg
101,3,1208.4885006730967,289.5053320576128,1731.2608304106152,600.8811288210591,cam_3_1690281176_05-32-56.jpg
101,7,2028.0897971140944,536.5703445154643,2530.6452525714035,909.8640595680952,cam_3_1690281176_05-32-56.jpg
101,10,466.84811031572656,365.27100984110564,740.679767748057,579.9576930254807,cam_3_1690281176_05-32-56.jpg
101,11,1203.7182300795453,275.57767801818926,1497.9414075575176,467.5781870900797,cam_3_1690281176_05-32-56.jpg
101,84,1313.2202461700922,412.74371991364967,1669.2507212242695,730.8319062146435,cam_3_1690281176_05-32-56.jpg
101,111,1560.642630128854,362.7839125988252,2083.014328816684,822.6181654205725,cam_3_1690281176_05-32-56.jpg
101,115,1853.0941085710774,519.4172269981852,2376.329530599405,848.3120021551833,cam_3_1690281176_05-32-56.jpg
101,119,856.3839704717869,275.7195201594815,1017.4998566650717,508.83991344904206,cam_3_1690281176_05-32-56.jpg
101,121,1338.5723706126728,192.33913351361196,1536.2025751786991,278.4534988730268,cam_3_1690281176_05-32-56.jpg
102,3,1201.4271425332659,287.60121736550843,1720.7686932653244,600.2101454600727,cam_3_1690281236_05-33-56.jpg
102,7,2022.8481397065955,532.1920323001222,2527.6821961658648,908.7903013118272,cam_3_1690281236_05-33-56.jpg
102,10,455.10396967994825,366.0079712192486,753.6299992258271,598.0893984125324,cam_3_1690281236_05-33-56.jpg
102,62,1070.2286597116513,262.33275410531513,1359.3887536736636,407.201697908158,cam_3_1690281236_05-33-56.jpg
102,84,1307.4599074562163,416.0585119667223,1681.5500051228776,760.6783375568084,cam_3_1690281236_05-33-56.jpg
102,95,973.7780734499405,268.73574622073204,1156.612948142883,413.88829529273545,cam_3_1690281236_05-33-56.jpg
102,98,1565.4356908008467,369.366368724722,2171.9310251167576,826.1370288305568,cam_3_1690281236_05-33-56.jpg
102,106,1270.7408435203877,183.5238577643902,1472.5850094650903,282.8994582969209,cam_3_1690281236_05-33-56.jpg
102,115,1858.9814730509015,520.3111517110486,2378.5166565493164,848.576306319075,cam_3_1690281236_05-33-56.jpg
102,123,1014.191376747414,901.3270486455851,1611.7635429568527,1923.7715726448582,cam_3_1690281236_05-33-56.jpg
103,3,1189.4883565133641,288.7261194908283,1721.4913065637231,613.9785336943413,cam_3_1690281476_05-37-56.jpg
103,10,457.8819133478852,365.1271744934375,790.4067320270631,614.1628884676406,cam_3_1690281476_05-37-56.jpg
103,33,1057.282136432083,260.7034740067971,1343.7228836890279,497.6949963615683,cam_3_1690281476_05-37-56.jpg
103,88,1179.8231496980688,273.88955370235647,1481.842786669807,376.6365824563785,cam_3_1690281476_05-37-56.jpg
103,91,823.4151239471355,314.584329585591,1165.174152196699,582.7555313684873,cam_3_1690281476_05-37-56.jpg
103,98,1503.9866502431787,465.93240768880406,2063.0763257288613,884.4061080079985,cam_3_1690281476_05-37-56.jpg
103,115,1860.0038115587502,479.1271912396963,2489.0936330480995,891.1511119219113,cam_3_1690281476_05-37-56.jpg
104,3,1191.012774976891,290.43390235452046,1721.6531364784985,618.4209035847698,cam_3_1690281506_05-38-26.jpg
104,10,508.5059240352886,363.8116511953171,849.541047995004,615.2099767262671,cam_3_1690281506_05-38-26.jpg
104,33,1103.0956369050666,247.31273584107964,1310.8230115084884,400.0734856431301,cam_3_1690281506_05-38-26.jpg
104,88,1133.9769411440534,272.2204482996942,1524.580798434017,411.1068981352311,cam_3_1690281506_05-38-26.jpg
104,91,845.1825518815664,317.6557199138216,1178.3499880993454,574.2071512813632,cam_3_1690281506_05-38-26.jpg
104,98,1486.9372429657544,534.9405140649096,2061.582748927274,964.411046725161,cam_3_1690281506_05-38-26.jpg
104,115,1874.8604640075046,459.2455071371866,2536.9109462152237,906.8780713574729,cam_3_1690281506_05-38-26.jpg
105,3,1187.3610879687042,289.7013105045015,1719.1831478333834,622.038158615388,cam_3_1690281596_05-39-56.jpg
105,7,2016.155691819249,543.9599632864612,2521.0780415869167,924.5727575701677,cam_3_1690281596_05-39-56.jpg
105,10,522.225941005725,366.5924262734449,864.0324363407369,616.5045386406621,cam_3_1690281596_05-39-56.jpg
105,88,1177.416158892344,275.821905372559,1498.8232130637464,389.1294163778895,cam_3_1690281596_05-39-56.jpg
105,91,806.1650233391871,319.89487866543607,1144.9932030884383,577.5731549393415,cam_3_1690281596_05-39-56.jpg
105,96,1325.065718735643,1363.2319515662202,1909.5738439131437,2731.0960423514925,cam_3_1690281596_05-39-56.jpg
105,115,1737.39026085529,424.31155250056264,2453.6116804629196,921.2422243608532,cam_3_1690281596_05-39-56.jpg
105,128,1418.024173274125,199.39466801322834,1581.4494252932996,289.21292032127144,cam_3_1690281596_05-39-56.jpg
105,129,1365.886548241304,379.8355295289157,2286.1358707261325,776.5614612002491,cam_3_1690281596_05-39-56.jpg
106,3,1175.8816341866018,292.7210462277471,1704.6729955313428,625.9352393188635,cam_3_1690281641_05-40-41.jpg
106,7,2042.1749802743234,572.60072387834,2511.2694495641645,921.5118419959157,cam_3_1690281641_05-40-41.jpg
106,10,530.5640597169555,365.01802966569136,872.9608445931932,617.5392263413644,cam_3_1690281641_05-40-41.jpg
106,62,1057.8622299448432,243.9190565583293,1322.8311782984958,378.25347037883,cam_3_1690281641_05-40-41.jpg
106,88,1189.0239073954876,277.53088168427087,1502.8601062080782,387.566949876914,cam_3_1690281641_05-40-41.jpg
106,91,827.8476297088463,323.0720867899136,1159.741498396491,572.5090904028438,cam_3_1690281641_05-40-41.jpg
106,96,1343.2630440459004,1341.8102257709616,1942.932231616491,2740.3435901452904,cam_3_1690281641_05-40-41.jpg
106,115,1699.1141145375984,412.4664464158286,2427.5961375413344,928.9601656629861,cam_3_1690281641_05-40-41.jpg
106,121,1387.3996520725946,203.31578769888804,1580.2641513459735,287.76004856848965,cam_3_1690281641_05-40-41.jpg
106,129,1298.5973560176985,380.13985943357625,2335.588157320314,837.5723997591563,cam_3_1690281641_05-40-41.jpg
107,3,1176.0562702900897,301.49264311701916,1691.3877188008523,627.4770714506019,cam_3_1690281671_05-41-11.jpg
107,7,2051.482053031192,583.7406776060959,2511.8660337210003,921.7583333089307,cam_3_1690281671_05-41-11.jpg
107,10,530.9266033357152,365.791298177935,868.8501597974364,616.4306489428279,cam_3_1690281671_05-41-11.jpg
107,88,1183.0486451962624,279.12963081827144,1499.892372970504,390.1727852950957,cam_3_1690281671_05-41-11.jpg
107,91,831.9314226683618,322.0727288545686,1168.6274558700943,573.0635241759071,cam_3_1690281671_05-41-11.jpg
107,93,2723.9613046798827,621.6340331507231,3687.8622084243552,1224.6207903155612,cam_3_1690281671_05-41-11.jpg
107,96,1352.5793127654904,1333.3356245283526,1961.0822102668603,2741.9171485272673,cam_3_1690281671_05-41-11.jpg
107,115,1681.0973327341567,407.56516951883725,2406.615973537321,932.8687017871874,cam_3_1690281671_05-41-11.jpg
107,128,1407.8977271592873,205.45154225439228,1565.1913697892346,291.5953285575644,cam_3_1690281671_05-41-11.jpg
107,129,1283.5841317954041,374.3502042270451,2377.2174620555743,870.1795394570207,cam_3_1690281671_05-41-11.jpg
108,3,1217.9479353726758,307.659916956219,1604.4902417878588,532.0023794246466,cam_3_1690281896_05-44-56.jpg
108,7,2033.3020130772852,551.864938148995,2531.966142809115,919.5938665955989,cam_3_1690281896_05-44-56.jpg
108,10,560.3907193951615,367.51791706799696,903.3872399516528,619.4160734975839,cam_3_1690281896_05-44-56.jpg
108,84,1685.1001163467108,376.5708932723576,2031.1826468097977,696.0641336951878,cam_3_1690281896_05-44-56.jpg
108,88,1208.9615102415721,265.58018229305793,1480.7044870169186,358.01118461879435,cam_3_1690281896_05-44-56.jpg
108,91,801.9623639220829,306.4079388570831,1114.3320968419048,538.3302017304712,cam_3_1690281896_05-44-56.jpg
108,96,1420.0460035211659,1368.5504483049872,2053.631862691644,2756.046990279977,cam_3_1690281896_05-44-56.jpg
108,111,1061.4433229080187,236.0020652197941,1308.0075889978002,447.7468531296224,cam_3_1690281896_05-44-56.jpg
108,115,1686.6090163847637,409.13214338074107,2400.2761662833173,931.2909016912918,cam_3_1690281896_05-44-56.jpg
109,1,1502.129814469466,327.6130669649378,1889.085478499468,578.729616005063,cam_3_1690281986_05-46-26.jpg
109,3,1219.7568946189672,305.80647463928324,1556.0961634764055,491.8061045149681,cam_3_1690281986_05-46-26.jpg
109,7,2022.7213437284408,544.8190271276733,2525.6963181825595,918.3244137040772,cam_3_1690281986_05-46-26.jpg
109,10,609.6528568477727,365.66369760304997,985.304558698725,634.6281710704684,cam_3_1690281986_05-46-26.jpg
109,11,1014.8902158710231,229.11637541079617,1342.3861492386065,442.9117023939514,cam_3_1690281986_05-46-26.jpg
109,88,1202.0944161801262,268.86669113980736,1474.850323164936,360.36669356854696,cam_3_1690281986_05-46-26.jpg
109,96,1452.8250208574434,1389.7602366823653,2119.244064792587,2766.856111731728,cam_3_1690281986_05-46-26.jpg
109,115,1680.3849758636875,409.516735723377,2380.025503193837,929.8643728001384,cam_3_1690281986_05-46-26.jpg
110,1,1608.317064073113,396.0653246527283,1900.9831477285552,580.5478165728051,cam_3_1690282046_05-47-26.jpg
110,3,1199.005762049397,279.48091862450786,1514.9587155132238,452.5689571826845,cam_3_1690282046_05-47-26.jpg
110,7,2024.4782549539661,543.3324028118681,2529.2509552990423,918.8295540171466,cam_3_1690282046_05-47-26.jpg
110,10,601.0439425496054,366.4054694054186,1002.1241692393429,648.01809515685,cam_3_1690282046_05-47-26.jpg
110,11,1010.7135495856361,229.932622076165,1340.9005510057607,446.8768807515613,cam_3_1690282046_05-47-26.jpg
110,31,783.4448205716004,315.0917369994612,1067.1680456934316,441.23807848177034,cam_3_1690282046_05-47-26.jpg
110,88,1184.5923808322414,270.788596597038,1510.3157292501435,381.1907412226715,cam_3_1690282046_05-47-26.jpg
110,96,1459.234456414647,1390.197777067603,2159.1185149493313,2769.413731102002,cam_3_1690282046_05-47-26.jpg
110,101,1470.5324509240609,461.2619259058406,1719.5866962227724,831.8106027330737,cam_3_1690282046_05-47-26.jpg
110,115,1664.5604014306964,408.1006953111648,2346.881815189603,925.8246850711303,cam_3_1690282046_05-47-26.jpg
110,136,1214.5893650324251,208.63068531759853,1466.1802370940025,283.6514414176636,cam_3_1690282046_05-47-26.jpg
111,1,1570.819319514984,422.2743248992575,1899.6401999833652,626.4371339773317,cam_3_1690282211_05-50-11.jpg
111,7,2039.02853606721,532.5656671214676,2679.014397388797,1001.7440822872858,cam_3_1690282211_05-50-11.jpg
111,10,595.1280273556125,365.24457982405545,1023.6528300435414,662.1763787649865,cam_3_1690282211_05-50-11.jpg
111,11,991.32993769298,225.5201958940591,1337.4056216613722,454.35650582086754,cam_3_1690282211_05-50-11.jpg
111,73,774.5384591566946,323.35664372744964,1032.3345600475918,412.90856655830964,cam_3_1690282211_05-50-11.jpg
111,87,1697.2248437856035,719.2050400250224,2390.5836654210525,1343.688663529941,cam_3_1690282211_05-50-11.jpg
111,96,1457.1458279705041,1408.8661153625492,2184.0680351758338,2774.4940862451695,cam_3_1690282211_05-50-11.jpg
111,115,1744.5491713705894,415.35739841104464,2332.1988808644774,855.8469085256431,cam_3_1690282211_05-50-11.jpg
111,136,1249.8734935213395,200.61701388285687,1512.2061226131511,278.7689528166562,cam_3_1690282211_05-50-11.jpg
112,1,1574.7133580054274,424.2161088604443,1876.0799829066916,601.7821432154726,cam_3_1690282241_05-50-41.jpg
112,7,2028.7215248025982,559.8403024875114,2564.8663562517872,954.3221404782041,cam_3_1690282241_05-50-41.jpg
112,10,608.9756160824661,366.4544420490929,1044.808666563966,668.1011254202303,cam_3_1690282241_05-50-41.jpg
112,11,981.6688360531782,223.25627378232014,1342.5883080094916,466.6806807967066,cam_3_1690282241_05-50-41.jpg
112,31,775.5289736865668,322.7406764484897,1025.1284802621665,431.9925453471431,cam_3_1690282241_05-50-41.jpg
112,84,1845.3891699956798,434.14266511632275,2151.671957103525,719.0693160422131,cam_3_1690282241_05-50-41.jpg
112,96,1447.4598772474446,1418.7679599349754,2204.085115303757,2777.750772039025,cam_3_1690282241_05-50-41.jpg
112,123,1515.4006932230009,547.1114964598121,1852.2823693586374,1109.7051639348106,cam_3_1690282241_05-50-41.jpg
112,136,1299.1017985346605,195.73697956666675,1565.6848161840014,276.3088022123143,cam_3_1690282241_05-50-41.jpg
112,144,1396.7584709402663,350.8659184754629,1720.8018105413603,565.5652928784702,cam_3_1690282241_05-50-41.jpg
112,145,1188.3101098168736,274.7682696120541,1609.4865957812624,533.9385798616645,cam_3_1690282241_05-50-41.jpg
113,1,1564.144743737092,433.6765727560122,1908.0460625857304,634.8299032630771,cam_3_1690282466_05-54-26.jpg
113,7,2017.5033954215655,548.7342555095279,2530.6532567354493,929.4423355475733,cam_3_1690282466_05-54-26.jpg
113,11,991.1874990726398,224.26350770120848,1330.8506917204127,451.67368623795096,cam_3_1690282466_05-54-26.jpg
113,82,777.8168941910027,330.2461990175116,1036.143732798016,602.0425708891646,cam_3_1690282466_05-54-26.jpg
113,84,1826.5757611012043,444.54028426881666,2116.6800557912875,707.7348850337709,cam_3_1690282466_05-54-26.jpg
113,96,1438.4734540005502,1427.74358625467,2223.044272045653,2775.785747774763,cam_3_1690282466_05-54-26.jpg
113,98,1333.7447293663963,640.0082878608598,2002.786306708388,1148.7330169621566,cam_3_1690282466_05-54-26.jpg
113,106,1446.1720968927652,198.17328203920277,1668.0319026543384,308.489430633502,cam_3_1690282466_05-54-26.jpg
113,110,1203.0003229409988,358.0987133313537,1370.455906573309,691.3201550804733,cam_3_1690282466_05-54-26.jpg
113,115,1855.5174828616123,478.56970554402596,2323.3441564536674,829.1570228205389,cam_3_1690282466_05-54-26.jpg
113,119,597.5743654809781,425.4333549959158,819.3594099956036,745.8020153369405,cam_3_1690282466_05-54-26.jpg
113,144,1424.9066102350032,374.4370767275819,1714.4639756916677,565.1496515066299,cam_3_1690282466_05-54-26.jpg
113,145,1256.5988370950422,279.11495589069057,1595.82458854872,483.2316071867061,cam_3_1690282466_05-54-26.jpg
114,1,1610.685333394429,435.88242198775845,1900.7978719410532,601.2302379303453,cam_3_1690282646_05-57-26.jpg
114,7,2016.148807953983,546.8493346296486,2522.3868487674818,923.2282402066771,cam_3_1690282646_05-57-26.jpg
114,11,982.0615155667024,226.98102629716615,1336.93843881988,467.7804226313283,cam_3_1690282646_05-57-26.jpg
114,82,794.3089081796243,326.56812063547716,1044.817519006674,599.7996232781793,cam_3_1690282646_05-57-26.jpg
114,84,1808.1687067120642,454.6158144742568,2119.6744720979405,736.3990249675134,cam_3_1690282646_05-57-26.jpg
114,96,1460.6309434046552,1452.7960568289718,2264.9334927892405,2778.1874335987577,cam_3_1690282646_05-57-26.jpg
114,106,1464.1112149660091,196.14272922443692,1700.7849302940526,320.59691420477395,cam_3_1690282646_05-57-26.jpg
114,115,1861.3633011870088,488.5788670860511,2312.91847926877,827.2931004483708,cam_3_1690282646_05-57-26.jpg
114,119,569.634530778695,431.54757683384264,790.2094652141361,753.3573874998835,cam_3_1690282646_05-57-26.jpg
114,121,1431.2486555538055,210.2462772074848,1678.9883066113623,319.03160243796924,cam_3_1690282646_05-57-26.jpg
114,123,1529.6900850586694,475.6883290178905,1795.8876604286716,927.3955611005133,cam_3_1690282646_05-57-26.jpg
114,144,1422.543868660682,374.96163176052204,1715.7296555703365,567.3067161394554,cam_3_1690282646_05-57-26.jpg
114,145,1228.9087298153156,282.3809232543633,1642.8658987403855,530.950557499702,cam_3_1690282646_05-57-26.jpg
114,146,1783.845102212512,478.9240903648489,1953.0461452418615,658.2039084900912,cam_3_1690282646_05-57-26.jpg
115,1,1625.1032486453744,435.5318128339894,1900.8818197152957,589.2261376998002,cam_3_1690282661_05-57-41.jpg
115,7,2016.9142452156243,546.7015658121,2520.2343630428036,920.9865128568441,cam_3_1690282661_05-57-41.jpg
115,11,973.8940183611501,227.26076774660766,1340.2069409601756,480.02649927931793,cam_3_1690282661_05-57-41.jpg
115,82,800.386316455156,325.4948167834442,1044.676807317086,597.9749402527614,cam_3_1690282661_05-57-41.jpg
115,84,1796.3493002208158,453.1069652709102,2124.790864820041,751.0002532161689,cam_3_1690282661_05-57-41.jpg
115,96,1440.3849209327,1467.4091149322321,2273.496877377187,2780.4259585103855,cam_3_1690282661_05-57-41.jpg
115,115,1863.5098961666904,490.5259200764141,2311.880442330513,827.4069069764381,cam_3_1690282661_05-57-41.jpg
115,119,551.4162717725959,431.59973509070335,771.0298386675374,757.3222339482267,cam_3_1690282661_05-57-41.jpg
115,121,1435.5943651443633,207.45219250397048,1687.6283362073302,319.7102366035062,cam_3_1690282661_05-57-41.jpg
115,123,1527.3853158181794,471.15756584738824,1785.0369965628956,914.4684247152604,cam_3_1690282661_05-57-41.jpg
115,144,1422.983834113695,374.15086094925067,1717.3828516605984,566.2319669713415,cam_3_1690282661_05-57-41.jpg
115,145,1220.2653234709019,280.79478534015584,1654.2560822958917,540.983702118901,cam_3_1690282661_05-57-41.jpg
116,1,1628.0493933737898,437.7332326460212,1908.2262711837197,592.6463523920233,cam_3_1690282706_05-58-26.jpg
116,7,2022.3144793450592,550.0125871813825,2517.1708941458837,917.5432476654394,cam_3_1690282706_05-58-26.jpg
116,11,980.2196554331267,226.17009383037498,1344.6508127017878,480.1277866771834,cam_3_1690282706_05-58-26.jpg
116,82,810.185763835058,324.827474254628,1046.2890695170179,597.3616678463059,cam_3_1690282706_05-58-26.jpg
116,84,1791.9969352987594,453.9202486221852,2123.5166658058224,754.8332733769232,cam_3_1690282706_05-58-26.jpg
116,96,1361.025571650064,1484.5139789488135,2248.0621947523546,2785.570132332269,cam_3_1690282706_05-58-26.jpg
116,115,1864.3587522048922,489.77105520985765,2312.1546652302554,826.3370223925126,cam_3_1690282706_05-58-26.jpg
116,119,551.3901118505058,434.2486503799053,765.3923923846496,754.1079382685716,cam_3_1690282706_05-58-26.jpg
116,121,1444.6756431588892,200.6901598482698,1683.130319830456,309.2807718203982,cam_3_1690282706_05-58-26.jpg
116,123,1445.6755417007932,456.2180424678413,1702.8129242054515,876.1646024703639,cam_3_1690282706_05-58-26.jpg
116,144,1401.8539550877276,376.870149447439,1685.4011569569054,559.7386718032018,cam_3_1690282706_05-58-26.jpg
116,145,1223.3462429140177,278.9437636694736,1658.4973387875111,538.621901849626,cam_3_1690282706_05-58-26.jpg
116,150,1423.9420688350501,370.4124407037101,1733.6594476788641,542.9576042319229,cam_3_1690282706_05-58-26.jpg
117,1,1581.897536712679,440.3482970649666,1920.359724578885,626.4243093156658,cam_3_1690282976_06-02-56.jpg
117,7,2024.7720058403345,548.9609764306182,2524.7720164053117,919.2231796706333,cam_3_1690282976_06-02-56.jpg
117,82,817.4860075191535,328.94914374025893,1062.6410792144795,609.1919394184915,cam_3_1690282976_06-02-56.jpg
117,84,1785.845488711594,452.325670306998,2121.780936600312,756.5419003743609,cam_3_1690282976_06-02-56.jpg
117,96,1331.3191414121732,1274.1672270852532,2148.365123812498,2480.269609805716,cam_3_1690282976_06-02-56.jpg
117,115,1865.7044476341,494.0654033454134,2308.9103205547453,825.7705424618823,cam_3_1690282976_06-02-56.jpg
117,119,538.9945629420878,433.1377645683914,747.048433917003,748.5298737918037,cam_3_1690282976_06-02-56.jpg
117,144,1419.3173938782973,375.4456174286183,1710.0097164870406,561.2795132896928,cam_3_1690282976_06-02-56.jpg
117,145,1219.6923722932006,279.5822711873441,1654.5457078873956,537.7980908767385,cam_3_1690282976_06-02-56.jpg
117,151,1655.662139890649,467.1157806625475,2031.8937640492768,680.5030476837851,cam_3_1690282976_06-02-56.jpg
118,1,1559.5025989890773,440.341243893009,1920.0320030992134,637.2131450512287,cam_3_1690283186_06-06-26.jpg
118,7,2069.2766504754995,546.5527713555027,2546.390382968445,897.9509632270039,cam_3_1690283186_06-06-26.jpg
118,84,1809.409590330095,461.69153311293854,2099.4339617525447,713.8532140730987,cam_3_1690283186_06-06-26.jpg
118,115,1932.1626720062666,497.44903244742676,2305.1372052629636,770.067960280109,cam_3_1690283186_06-06-26.jpg
118,119,532.8458210035978,430.1279759973762,737.0947264724526,742.8450028774887,cam_3_1690283186_06-06-26.jpg
118,144,1305.952995500164,324.05532794729794,1774.6025051043696,627.4505178156444,cam_3_1690283186_06-06-26.jpg
118,145,1171.0970069157534,273.9151225676537,1598.726782031264,532.3345424672921,cam_3_1690283186_06-06-26.jpg
118,151,1650.1592456984595,463.85010165642456,2020.2258489209792,673.6911415674053,cam_3_1690283186_06-06-26.jpg
119,1,1552.2049677582033,440.41428866941715,1924.3890473835509,642.6874081362353,cam_3_1690283291_06-08-11.jpg
119,7,2037.67617038463,558.4248338728615,2510.105664915051,906.9203219071032,cam_3_1690283291_06-08-11.jpg
119,84,1785.3791695272946,454.35297415619533,2114.5932632070203,741.0955504491128,cam_3_1690283291_06-08-11.jpg
119,91,607.0609485737186,348.6993344638107,957.6776915842269,615.8673666262462,cam_3_1690283291_06-08-11.jpg
119,95,1199.255091572582,267.2816634284286,1526.273900382163,526.672959342709,cam_3_1690283291_06-08-11.jpg
119,115,1891.2645250227727,497.7002451200158,2319.126390782505,808.7906016750856,cam_3_1690283291_06-08-11.jpg
119,119,533.5928642322458,432.79031887465476,732.4453457269284,737.0440661712687,cam_3_1690283291_06-08-11.jpg
119,144,1289.0014669020625,310.90398788980207,1802.5659427649114,646.7695935170434,cam_3_1690283291_06-08-11.jpg
119,151,1640.448849015631,463.5659975549079,2019.8609730944072,679.6010669769603,cam_3_1690283291_06-08-11.jpg
120,1,1553.93365435196,439.86385102897805,1931.6348474032989,644.7247873372983,cam_3_1690283306_06-08-26.jpg
120,7,2026.8395403654047,560.477499630305,2501.759450212774,911.2859358538329,cam_3_1690283306_06-08-26.jpg
120,10,558.5006218746361,417.3521140689756,984.931657748707,711.3222641945601,cam_3_1690283306_06-08-26.jpg
120,84,1776.7858448329828,452.2887681357312,2119.4327308824463,751.8958545919729,cam_3_1690283306_06-08-26.jpg
120,91,639.1911227162188,349.9325186135765,912.4197246867059,540.4517802571069,cam_3_1690283306_06-08-26.jpg
120,95,1201.8332920202017,269.41412312329794,1534.718211211502,533.0750887986387,cam_3_1690283306_06-08-26.jpg
120,115,1878.1644367516994,498.2718510114714,2323.664081656899,820.72326279301,cam_3_1690283306_06-08-26.jpg
120,144,1275.207084222285,300.43291607629624,1818.044478559521,660.6322770038628,cam_3_1690283306_06-08-26.jpg
120,151,1635.8704139425847,461.78361836206955,2019.6010001495536,681.614398259363,cam_3_1690283306_06-08-26.jpg
120,161,2288.7997041680665,437.01592364850717,2746.338832696219,613.8687585805783,cam_3_1690283306_06-08-26.jpg
120,162,2108.0742885430654,225.78136344044475,2475.502026626773,439.0621187738378,cam_3_1690283306_06-08-26.jpg
121,1,1551.2692593060465,441.7146454918045,1928.1238238821877,645.0726400758533,cam_3_1690283321_06-08-41.jpg
121,7,2025.0494464268288,566.6161848528081,2495.499217449236,914.0510908204251,cam_3_1690283321_06-08-41.jpg
121,10,558.6733106792511,420.1408453381133,970.3407001894924,700.1374821002408,cam_3_1690283321_06-08-41.jpg
121,84,1772.5031595511073,452.0768774663694,2119.8156950681932,756.9356990323578,cam_3_1690283321_06-08-41.jpg
121,91,664.2202646074724,349.36974180140385,881.6654355498102,488.2009551165776,cam_3_1690283321_06-08-41.jpg
121,95,1201.3663046105669,269.9959336741589,1536.3817999758055,536.9951132759259,cam_3_1690283321_06-08-41.jpg
121,115,1867.706957000233,498.5249046646595,2320.220928163298,824.388117117164,cam_3_1690283321_06-08-41.jpg
121,144,1271.1322260050606,296.7796140478996,1822.0966440177829,667.5254721636134,cam_3_1690283321_06-08-41.jpg
121,151,1633.8943000914405,464.9997621325995,2019.4038020233259,686.9185943712084,cam_3_1690283321_06-08-41.jpg
121,161,2283.3471362609503,436.03332903622686,2747.6248661496525,616.1239779684213,cam_3_1690283321_06-08-41.jpg
121,162,2100.2408960622756,226.3297401272137,2465.4063310523384,439.80572650215595,cam_3_1690283321_06-08-41.jpg
121,163,1661.8132067165416,181.05298645068723,1983.100929087326,300.4059022721341,cam_3_1690283321_06-08-41.jpg
122,1,1547.3305156469075,438.98898736286674,1933.303244052006,647.4133708392319,cam_3_1690283591_06-13-11.jpg
122,7,2019.1077211867046,575.5700019943233,2481.205535387537,917.021666255269,cam_3_1690283591_06-13-11.jpg
122,10,531.9423486117255,377.7615636264983,935.4741289363958,658.5147799561843,cam_3_1690283591_06-13-11.jpg
122,84,1814.858502009597,489.53034412083036,2135.0896967648628,755.50628519038,cam_3_1690283591_06-13-11.jpg
122,115,1873.6741771599372,502.3735833382786,2325.1390900464876,826.7863843366226,cam_3_1690283591_06-13-11.jpg
122,144,1353.5285561328988,338.14494860288704,1761.8443155250468,609.8605010441279,cam_3_1690283591_06-13-11.jpg
122,145,1206.2176947083803,271.1077129194484,1646.9362810895934,535.3818106309129,cam_3_1690283591_06-13-11.jpg
122,151,1648.5975339619383,476.2728108788283,2016.6282048434311,687.9459527708664,cam_3_1690283591_06-13-11.jpg
122,161,2278.9781229042173,436.8362030109703,2736.01729930703,614.2097274632064,cam_3_1690283591_06-13-11.jpg
122,162,2129.494617718569,216.03782009834077,2456.3899632419957,409.5147750861799,cam_3_1690283591_06-13-11.jpg
122,163,1606.1016652005037,178.9866043712476,1948.0353788329876,306.6237478092447,cam_3_1690283591_06-13-11.jpg
123,1,1549.1250642202726,438.9307996814991,1933.8836414922473,646.5054851627406,cam_3_1690283681_06-14-41.jpg
123,7,2029.029034738694,578.6725746452262,2490.3866561404034,917.0783209726013,cam_3_1690283681_06-14-41.jpg
123,10,523.6787571079208,363.30586958555733,923.3887787047564,646.129478054726,cam_3_1690283681_06-14-41.jpg
123,82,826.0066071060594,305.2550103797422,1020.9493384345877,527.3488641998649,cam_3_1690283681_06-14-41.jpg
123,84,1782.5703872478298,473.0505909284499,2123.938179657369,757.7742423885666,cam_3_1690283681_06-14-41.jpg
123,115,1862.9337442995834,496.7367024504191,2325.98978502777,829.1226188120669,cam_3_1690283681_06-14-41.jpg
123,144,1393.5991801928951,358.78620629712793,1732.8842132254067,582.1528129019877,cam_3_1690283681_06-14-41.jpg
123,145,1212.6783820863332,273.95185393086,1651.0062932799704,534.1217619276485,cam_3_1690283681_06-14-41.jpg
123,151,1649.5497284126423,469.9840455315672,2019.521465189994,683.7310096860862,cam_3_1690283681_06-14-41.jpg
123,161,2286.848402206618,438.75110721573384,2728.5716508518667,610.1262895684001,cam_3_1690283681_06-14-41.jpg
123,162,2142.687317444123,229.33377836743213,2477.7463475178924,427.530224848496,cam_3_1690283681_06-14-41.jpg
123,163,1558.9066922596523,182.0034434894666,1904.7404057793287,311.4710931220393,cam_3_1690283681_06-14-41.jpg
124,1,1549.7180820143476,441.04302447968746,1933.0061806346785,647.9671131997841,cam_3_1690283696_06-14-56.jpg
124,7,2030.075069664826,573.1590741291843,2498.564643552718,915.6452149238374,cam_3_1690283696_06-14-56.jpg
124,10,520.9189331676422,351.85395006246955,921.8117365766931,640.418099705897,cam_3_1690283696_06-14-56.jpg
124,84,1766.330163042909,457.6753534297196,2123.9162531262414,759.5920590121231,cam_3_1690283696_06-14-56.jpg
124,115,1860.3675893423945,495.0588545331742,2324.703511570754,827.8935414779271,cam_3_1690283696_06-14-56.jpg
124,121,1489.5916163666602,190.52745858334399,1740.4894819310614,302.48322458713534,cam_3_1690283696_06-14-56.jpg
124,144,1402.4027256136346,366.74820482935235,1718.885963239242,574.0042032005525,cam_3_1690283696_06-14-56.jpg
124,145,1210.0091983302345,274.7413835808062,1652.151309427662,535.0327895727653,cam_3_1690283696_06-14-56.jpg
124,151,1641.1305986027016,464.0445084515355,2021.958966396273,685.6226197696077,cam_3_1690283696_06-14-56.jpg
124,161,2293.6526295439244,438.2808815219049,2728.9583044898704,607.2278094756981,cam_3_1690283696_06-14-56.jpg
124,164,1829.2225039013351,222.48209741422346,2147.659328783568,402.09382244716386,cam_3_1690283696_06-14-56.jpg
124,165,1231.343029026556,213.37836169549666,1428.5605183261728,299.769608802887,cam_3_1690283696_06-14-56.jpg
125,1,1547.9035226197882,438.16252174920504,1931.713741554984,645.3914425241423,cam_3_1690283816_06-16-56.jpg
125,7,2018.924844703464,571.5781980902213,2489.066878630013,916.3470201698208,cam_3_1690283816_06-16-56.jpg
125,10,528.1315668970616,352.2464787726014,918.1757137922401,640.8845275906942,cam_3_1690283816_06-16-56.jpg
125,84,1768.475340875639,457.76531322168876,2122.787293982021,757.6259704775312,cam_3_1690283816_06-16-56.jpg
125,115,1862.3953003027955,494.8199900729022,2328.0347859568674,828.4143273043247,cam_3_1690283816_06-16-56.jpg
125,121,1487.4650861482585,187.7053243999248,1727.1279670930462,303.417943071776,cam_3_1690283816_06-16-56.jpg
125,144,1408.5763025988256,369.3351640227314,1716.9241049559269,569.7155947262452,cam_3_1690283816_06-16-56.jpg
125,145,1208.4003110560411,269.96290733131843,1658.958420825946,533.8599625579454,cam_3_1690283816_06-16-56.jpg
125,151,1646.90924653791,462.1749082429706,2022.793513339219,681.8128091043241,cam_3_1690283816_06-16-56.jpg
125,161,2284.70765831836,436.47071217154536,2725.144957144402,607.1757714862975,cam_3_1690283816_06-16-56.jpg
125,164,1853.4167084947153,225.19109833144125,2173.2644703631495,405.162802226787,cam_3_1690283816_06-16-56.jpg
125,167,418.49835407953105,335.446229552966,799.0475251209966,573.7420739136492,cam_3_1690283816_06-16-56.jpg
126,1,1543.5703044359675,435.63146440751694,1932.5669032196347,646.1405722224514,cam_3_1690283846_06-17-26.jpg
126,7,2016.938844449032,572.4078761143055,2485.8980769046857,916.9313730226148,cam_3_1690283846_06-17-26.jpg
126,10,539.2167999825681,354.61649779097627,916.2135942280045,641.2221236207188,cam_3_1690283846_06-17-26.jpg
126,84,1769.3078137771527,461.23232024045177,2118.047727565636,756.6352162487626,cam_3_1690283846_06-17-26.jpg
126,106,1729.4130694962566,217.2486138125824,2030.3456875277202,377.78711604802487,cam_3_1690283846_06-17-26.jpg
126,115,1863.7648717710115,497.1459953800696,2327.3191059113437,828.2015396233633,cam_3_1690283846_06-17-26.jpg
126,121,1472.9562644901785,189.2718175881089,1703.821253597018,307.86155389922953,cam_3_1690283846_06-17-26.jpg
126,144,1407.2283763796468,368.85659310758865,1716.1000083089486,568.0400061475293,cam_3_1690283846_06-17-26.jpg
126,145,1201.7717305259991,266.7368228428455,1662.644330762637,536.6042997115217,cam_3_1690283846_06-17-26.jpg
126,151,1648.0087786812294,460.9735841707054,2023.750207227718,681.5019228493898,cam_3_1690283846_06-17-26.jpg
126,161,2287.242990528672,435.59148256536605,2728.4972604995346,606.6360250624082,cam_3_1690283846_06-17-26.jpg
126,164,1911.294845898165,215.07561119081765,2246.764425515699,404.54739939533863,cam_3_1690283846_06-17-26.jpg
126,167,379.5514530428631,335.4744389657519,797.896069111338,599.0341192035376,cam_3_1690283846_06-17-26.jpg
127,1,1544.2283589807776,435.0869590653858,1935.1614134127685,646.9040774675748,cam_3_1690283876_06-17-56.jpg
127,7,2018.383730084076,575.7430086058498,2482.431496131335,916.5498760471282,cam_3_1690283876_06-17-56.jpg
127,10,544.9200430844164,351.750218752062,913.4745192575709,639.1984017143723,cam_3_1690283876_06-17-56.jpg
127,84,1766.3117109790246,458.26598918505476,2116.7925803875355,756.3878639124722,cam_3_1690283876_06-17-56.jpg
127,106,1732.253035226348,216.63591244186784,2028.6190184968598,379.8598911132142,cam_3_1690283876_06-17-56.jpg
127,115,1862.647101557178,496.03770917290194,2328.5158303630274,828.2430005566737,cam_3_1690283876_06-17-56.jpg
127,121,1483.6182462738207,188.4448210812156,1709.842165297985,311.0610966200979,cam_3_1690283876_06-17-56.jpg
127,144,1408.7998672329077,370.92634113367103,1716.1183238723913,567.5794441561998,cam_3_1690283876_06-17-56.jpg
127,145,1201.4626237946152,265.81419334796504,1664.6976397092637,536.5536254075728,cam_3_1690283876_06-17-56.jpg
127,151,1647.0977059262927,459.73884076986326,2024.5641206893476,682.3426236163122,cam_3_1690283876_06-17-56.jpg
127,161,2291.7998428540836,435.15890162848495,2731.8828729512743,605.9919865153922,cam_3_1690283876_06-17-56.jpg
127,164,1881.699264035297,219.4052992642417,2209.2866513106374,404.40010737520424,cam_3_1690283876_06-17-56.jpg
127,167,363.0192904712593,334.303802738129,796.1922523942021,610.8039534083937,cam_3_1690283876_06-17-56.jpg
128,1,1542.392599314228,433.763808026314,1935.860527565029,647.5441849271249,cam_3_1690283921_06-18-41.jpg
128,7,2022.7661440749814,571.2307093674551,2494.0238275273864,916.6790956033711,cam_3_1690283921_06-18-41.jpg
128,10,552.6601969071573,353.5702431727486,910.763973215515,638.4470083876017,cam_3_1690283921_06-18-41.jpg
128,33,1109.338107363239,219.1948303850332,1365.2770103746807,417.72323202319785,cam_3_1690283921_06-18-41.jpg
128,84,1764.614978645188,448.4231245237961,2125.4928599905707,756.1580092699901,cam_3_1690283921_06-18-41.jpg
128,115,1863.1470830440387,494.1728701481511,2332.05277930641,828.0806739288969,cam_3_1690283921_06-18-41.jpg
128,121,1481.8626133858415,189.7000078835327,1705.218649693873,316.6931768909626,cam_3_1690283921_06-18-41.jpg
128,144,1405.6260416162722,368.50672969217555,1716.2236165800261,566.5877897308463,cam_3_1690283921_06-18-41.jpg
128,145,1204.7340504871263,266.6173166746106,1664.9330481436605,535.1296356905623,cam_3_1690283921_06-18-41.jpg
128,151,1648.0914596573507,462.19445182425295,2018.7780613055847,681.8280373278756,cam_3_1690283921_06-18-41.jpg
128,161,2296.419669632849,435.7500531473235,2731.0745433046422,604.604154659108,cam_3_1690283921_06-18-41.jpg
128,164,1851.643832263552,224.14972469980614,2177.4142680927034,409.9796052431227,cam_3_1690283921_06-18-41.jpg
128,167,377.16472381874155,338.2655074210235,812.1222273229587,619.7217971150753,cam_3_1690283921_06-18-41.jpg
129,1,1542.7960124500235,432.2998507286761,1937.8849936800261,647.1592864251782,cam_3_1690283951_06-19-11.jpg
129,7,2023.3284257839412,571.122759315023,2494.7824327115013,916.1015513213108,cam_3_1690283951_06-19-11.jpg
129,10,558.4174623676986,355.22111053923277,906.6732719226756,637.5585334182709,cam_3_1690283951_06-19-11.jpg
129,84,1769.4111824387778,455.6708025381291,2121.727172490753,755.4240839291755,cam_3_1690283951_06-19-11.jpg
129,115,1862.2150385726177,495.2474370751196,2330.1450704059985,828.1373906985527,cam_3_1690283951_06-19-11.jpg
129,121,1486.953729300036,185.10269646602035,1715.8756278407013,322.535567206431,cam_3_1690283951_06-19-11.jpg
129,144,1406.9226227320632,369.56296569267795,1717.2835722283205,566.8535494012294,cam_3_1690283951_06-19-11.jpg
129,145,1199.207921655904,268.83690226704385,1658.4831583742675,535.5995267873136,cam_3_1690283951_06-19-11.jpg
129,151,1651.1275413694573,461.7240450647481,2017.8066459716524,679.8558631476037,cam_3_1690283951_06-19-11.jpg
129,161,2291.8845102357454,435.0111005976154,2729.534447695403,605.0749920043022,cam_3_1690283951_06-19-11.jpg
129,164,1893.2620425873529,215.26860183337843,2219.5937723264524,402.144956709197,cam_3_1690283951_06-19-11.jpg
129,167,368.97462399895824,337.10282074760505,798.9829470100395,619.9190429787279,cam_3_1690283951_06-19-11.jpg
130,1,1544.8924570317165,432.1142991525625,1938.233010062974,646.1994557270366,cam_3_1690283981_06-19-41.jpg
130,7,2035.8657970547638,564.143239596608,2518.229943149411,913.675826078159,cam_3_1690283981_06-19-41.jpg
130,10,559.6263546983594,349.6786551764053,909.9881911888266,638.8327161670052,cam_3_1690283981_06-19-41.jpg
130,84,1767.2089699463481,457.66612184865943,2117.3930361719586,756.0225149917469,cam_3_1690283981_06-19-41.jpg
130,115,1860.1286583035312,494.87995547690315,2327.3306181858475,826.907622796417,cam_3_1690283981_06-19-41.jpg
130,121,1476.1678325023645,189.45319434789496,1686.6264030497482,317.71555595486404,cam_3_1690283981_06-19-41.jpg
130,144,1406.0070855235024,367.7318469620585,1721.9059063448105,567.9977850662648,cam_3_1690283981_06-19-41.jpg
130,145,1192.5809363617818,262.88243607318446,1659.5356986812874,533.8721081159006,cam_3_1690283981_06-19-41.jpg
130,151,1646.7608988600955,458.5732627385789,2015.314996334476,679.6132431934129,cam_3_1690283981_06-19-41.jpg
130,161,2298.424063393942,435.0976349128715,2730.669793295281,603.1923350506712,cam_3_1690283981_06-19-41.jpg
130,164,1919.4158752516923,213.3404041291812,2237.6678126197985,396.9744555124823,cam_3_1690283981_06-19-41.jpg
130,167,380.1257631443423,333.52451829989235,797.0504054548655,611.9906305550776,cam_3_1690283981_06-19-41.jpg
131,1,1547.5783060045892,436.39927358342226,1934.0501585164575,646.5739429562846,cam_3_1690283996_06-19-56.jpg
131,7,2041.0993004097543,563.8953658074088,2527.696910475439,912.7949429186982,cam_3_1690283996_06-19-56.jpg
131,10,555.2513631100146,348.66627303997734,900.5422087579944,636.2206842888859,cam_3_1690283996_06-19-56.jpg
131,84,1763.664545556053,455.97724822912693,2116.90137206642,758.3823086199204,cam_3_1690283996_06-19-56.jpg
131,88,1291.5283526819621,198.60485602078757,1560.8285222762643,292.2013037744546,cam_3_1690283996_06-19-56.jpg
131,115,1859.9488582317204,493.96958681927754,2329.8872257637745,827.7942519883268,cam_3_1690283996_06-19-56.jpg
131,144,1408.690836239388,370.3421366118587,1718.350647231982,565.0207167905367,cam_3_1690283996_06-19-56.jpg
131,145,1197.5674866530658,271.2473616803758,1654.357180062356,533.873377919467,cam_3_1690283996_06-19-56.jpg
131,151,1649.6311132065473,465.4203045914753,2006.4126317283685,680.425288571829,cam_3_1690283996_06-19-56.jpg
131,161,2300.9013751188695,434.92307040099894,2731.813400995331,602.5525900727625,cam_3_1690283996_06-19-56.jpg
131,164,1878.7868625622932,226.81835215096504,2187.555287480328,408.69378269859584,cam_3_1690283996_06-19-56.jpg
131,167,385.1387378958342,329.686864314702,770.5447571008094,584.9843297611333,cam_3_1690283996_06-19-56.jpg
132,1,1545.293083679188,435.1771670833661,1933.9770136966588,646.3678880770353,cam_3_1690284011_06-20-11.jpg
132,7,2041.2775348245466,563.2726803224665,2533.1559004574065,912.6797901891705,cam_3_1690284011_06-20-11.jpg
132,10,579.9200885399537,349.77506767928026,913.1887202225158,635.0564503624241,cam_3_1690284011_06-20-11.jpg
132,84,1762.5705473953578,454.85012055386653,2117.4005762873453,760.3268284482974,cam_3_1690284011_06-20-11.jpg
132,115,1861.4847235573513,492.80667894168397,2331.6534620533535,826.1794661839126,cam_3_1690284011_06-20-11.jpg
132,144,1407.728316039947,371.48091991395256,1721.6768382385596,568.6213231235506,cam_3_1690284011_06-20-11.jpg
132,145,1198.2384101820276,273.56307242121426,1655.5769498095874,534.3995566963722,cam_3_1690284011_06-20-11.jpg
132,151,1651.8512903403864,467.8904135607038,2003.8303006074404,680.6992739098932,cam_3_1690284011_06-20-11.jpg
132,161,2298.6607505023594,435.0127943335246,2729.9638472977776,602.7434908211202,cam_3_1690284011_06-20-11.jpg
132,165,1293.2670993530346,190.17013361735235,1533.5882875664038,295.02816429329994,cam_3_1690284011_06-20-11.jpg
132,167,404.93339744881985,331.4733526990024,762.7502573643201,571.024241350002,cam_3_1690284011_06-20-11.jpg
133,1,1546.9011635404322,435.98464967049927,1933.0658718181553,645.7377898562083,cam_3_1690284026_06-20-26.jpg
133,7,2037.4457031484892,567.6308415202309,2529.82803695784,914.9544502858138,cam_3_1690284026_06-20-26.jpg
133,10,588.4913481700007,350.2294144330134,912.7440359058099,634.3754060072347,cam_3_1690284026_06-20-26.jpg
133,84,1760.4945856642937,453.3211073729695,2115.498656516129,760.7674392419137,cam_3_1690284026_06-20-26.jpg
133,115,1859.6910504044365,491.5828331905631,2334.8201644734245,827.8054736734528,cam_3_1690284026_06-20-26.jpg
133,144,1406.4057529908437,373.3149769919356,1720.6650187535906,570.3933257774772,cam_3_1690284026_06-20-26.jpg
133,145,1194.1117207196842,274.9574905189663,1654.5024550811643,535.5780143194272,cam_3_1690284026_06-20-26.jpg
133,151,1651.8602278431863,469.4089816060014,2001.748997668992,681.4328647200945,cam_3_1690284026_06-20-26.jpg
133,161,2301.9494516411055,435.3732330208657,2729.4944363664754,601.4833754058723,cam_3_1690284026_06-20-26.jpg
133,165,1292.9843302034126,188.82759830745783,1535.8149938547024,294.4417607628743,cam_3_1690284026_06-20-26.jpg
133,167,397.21506252118223,330.8403647420162,743.3725720314064,564.2353728598529,cam_3_1690284026_06-20-26.jpg
133,171,1385.8959595124466,180.3554352899221,1583.9805997490223,287.21426197347307,cam_3_1690284026_06-20-26.jpg
134,1,1540.160999336143,432.5766744503983,1932.3174244671025,646.4309904635509,cam_3_1690284311_06-25-11.jpg
134,7,2032.3515163459813,568.8471563798967,2524.363925226877,914.0447704861638,cam_3_1690284311_06-25-11.jpg
134,10,579.3593320812729,355.2023305707387,895.4909223237603,636.8848885130617,cam_3_1690284311_06-25-11.jpg
134,84,1760.7192287859446,450.4666804849065,2114.704554430037,757.9640803449674,cam_3_1690284311_06-25-11.jpg
134,115,1853.1146249754886,490.79518373050644,2330.4173316899546,829.0883986076876,cam_3_1690284311_06-25-11.jpg
134,144,1407.7723324091698,371.74016612472036,1716.3850350769083,564.0014559258454,cam_3_1690284311_06-25-11.jpg
134,145,1186.3357533084836,269.2156200498571,1662.5149186679,538.834270610896,cam_3_1690284311_06-25-11.jpg
134,151,1646.2182175716746,457.8623593961287,2013.7612865946776,682.1846732418541,cam_3_1690284311_06-25-11.jpg
134,161,2285.533753171347,433.90099130835364,2728.2822099551054,605.7347815164508,cam_3_1690284311_06-25-11.jpg
134,162,2201.4450653708204,253.24636333747733,2578.2740657255,478.517618181752,cam_3_1690284311_06-25-11.jpg
134,164,1883.1480975388586,227.77147456291868,2177.8441576084415,402.67078362467794,cam_3_1690284311_06-25-11.jpg
134,167,389.9717978062621,335.7601556312388,747.8687299117189,577.5397852205573,cam_3_1690284311_06-25-11.jpg
135,1,1544.2449413965935,431.22295181852394,1935.2616208672923,643.7342599543354,cam_3_1690284341_06-25-41.jpg
135,7,2029.4443175280658,570.1901848040565,2525.1379286934744,916.2543331447196,cam_3_1690284341_06-25-41.jpg
135,10,563.0268123736241,354.8718943879137,879.6401196959439,639.0466054825047,cam_3_1690284341_06-25-41.jpg
135,84,1768.4240391618514,454.8510025868319,2112.2532159102866,753.024326178115,cam_3_1690284341_06-25-41.jpg
135,115,1856.4492758497045,490.80813604573734,2330.8193907847945,827.132662544025,cam_3_1690284341_06-25-41.jpg
135,144,1410.595731519649,371.45101175857144,1720.5734534101744,562.4839247420538,cam_3_1690284341_06-25-41.jpg
135,145,1173.416937277106,267.55436912783654,1646.498269031465,537.1755164201772,cam_3_1690284341_06-25-41.jpg
135,151,1647.3251853485126,457.8442059501559,2014.530832405077,683.0078524074074,cam_3_1690284341_06-25-41.jpg
135,161,2283.6340336989083,432.39456359989856,2730.9260467795625,606.0518554657029,cam_3_1690284341_06-25-41.jpg
135,162,2199.018038722627,261.28230985072577,2576.338518633187,484.0546182244429,cam_3_1690284341_06-25-41.jpg
135,164,1892.1138675962593,235.78764272068483,2150.8557970984584,391.43664640168015,cam_3_1690284341_06-25-41.jpg
135,167,397.2576417991295,339.1810491440174,752.6942604622402,580.2346532352151,cam_3_1690284341_06-25-41.jpg
136,1,1548.2845602855568,431.20977387282755,1939.3219192376098,644.1121011654311,cam_3_1690284461_06-27-41.jpg
136,7,2031.2124414977443,568.1518081097967,2529.932034849243,913.8804578727487,cam_3_1690284461_06-27-41.jpg
136,10,504.0690322414587,367.5650359762715,819.6167135602718,638.1304756090351,cam_3_1690284461_06-27-41.jpg
136,11,443.1702802103556,412.02046367665463,985.5950493836395,788.2509905115448,cam_3_1690284461_06-27-41.jpg
136,84,1762.3284719270096,447.013447224263,2115.910641130018,754.9759932764835,cam_3_1690284461_06-27-41.jpg
136,115,1859.9879125017312,495.6304085733258,2328.645933531041,827.6944151407669,cam_3_1690284461_06-27-41.jpg
136,144,1416.9521486741803,376.4573404069098,1725.2017518975726,564.0020470431041,cam_3_1690284461_06-27-41.jpg
136,151,1640.6337789359577,451.6945725667365,2014.2593995504396,683.1210589570971,cam_3_1690284461_06-27-41.jpg
136,161,2282.8817310127597,431.9614531692541,2726.7837733969773,603.8152032776115,cam_3_1690284461_06-27-41.jpg
136,162,2203.6849969197337,265.6062389592983,2574.6669493665627,478.0618952318735,cam_3_1690284461_06-27-41.jpg
137,1,1549.9506775027862,431.4254991360475,1938.5362649609283,643.298836437872,cam_3_1690284566_06-29-26.jpg
137,7,2028.7338033100991,573.0313002360651,2524.267312042912,914.7763505346617,cam_3_1690284566_06-29-26.jpg
137,10,461.91066857097354,371.1501325788564,802.2163598507286,656.6685288663529,cam_3_1690284566_06-29-26.jpg
137,11,412.26179472605224,415.08226077120264,974.1009858332285,805.655223340031,cam_3_1690284566_06-29-26.jpg
137,84,1762.3503348408813,447.5269779720199,2113.981694021788,754.6535467745664,cam_3_1690284566_06-29-26.jpg
137,115,1860.6170168909616,493.40663211842093,2331.797413492012,826.7441846287181,cam_3_1690284566_06-29-26.jpg
137,144,1415.160980495924,377.2233467195958,1726.1946551051099,564.2657284732582,cam_3_1690284566_06-29-26.jpg
137,151,1644.3696641881972,448.33633244695943,2017.5350625769497,681.2510562703653,cam_3_1690284566_06-29-26.jpg
137,161,2295.010518862967,433.34766517016,2729.9591773568586,601.81612901168,cam_3_1690284566_06-29-26.jpg
137,162,2193.571577322956,270.0576630237897,2568.046077606219,475.6354433238715,cam_3_1690284566_06-29-26.jpg
138,1,1549.0282161593527,432.62741472967286,1939.2946294098344,645.4107622249742,cam_3_1690284911_06-35-11.jpg
138,7,2029.6303638055458,567.3864728286276,2536.9691427861217,915.7541231489802,cam_3_1690284911_06-35-11.jpg
138,10,490.59925833736685,374.817880603017,780.3692315734879,601.4558598328317,cam_3_1690284911_06-35-11.jpg
138,11,376.98739813019205,416.26964805146144,956.580586328668,803.5063397589795,cam_3_1690284911_06-35-11.jpg
138,84,1801.9689347633196,486.5688646020051,2119.668668148974,752.1540963343493,cam_3_1690284911_06-35-11.jpg
138,115,1868.864799671813,501.68354722470144,2331.241814801559,827.0950403527333,cam_3_1690284911_06-35-11.jpg
138,144,1416.8300971310846,378.75996116393736,1729.6148054133212,564.6046887759758,cam_3_1690284911_06-35-11.jpg
138,151,1656.0749752642762,456.67544023290935,2015.7809531563757,680.8159438254696,cam_3_1690284911_06-35-11.jpg
138,161,2303.84521840851,433.0397021226008,2729.5001197170695,597.6894332243983,cam_3_1690284911_06-35-11.jpg
138,162,2194.3080271948356,267.9771903835873,2578.9309556266044,476.903957501391,cam_3_1690284911_06-35-11.jpg
138,175,512.0061865365013,338.3699624864558,765.9522622839212,414.2460433136696,cam_3_1690284911_06-35-11.jpg
139,1,1547.1162850127596,434.718214807675,1932.6306346314402,645.1756434118699,cam_3_1690285151_06-39-11.jpg
139,7,2021.0996473163336,565.2775263491405,2529.37810217751,914.1949702617943,cam_3_1690285151_06-39-11.jpg
139,10,488.3595546049921,381.1778232675582,771.0672493086834,590.5195889134303,cam_3_1690285151_06-39-11.jpg
139,11,374.9901758264577,420.06631139998115,963.5503628233639,804.6437460011341,cam_3_1690285151_06-39-11.jpg
139,84,1767.7321165786077,460.97332426386345,2113.9813759809545,752.9669172744094,cam_3_1690285151_06-39-11.jpg
139,115,1858.0802835497323,496.92344791723474,2329.3148556131255,827.9377944193723,cam_3_1690285151_06-39-11.jpg
139,144,1416.2266204075784,381.4542094758739,1727.9206769518746,564.5029955101471,cam_3_1690285151_06-39-11.jpg
139,151,1648.1040347038538,445.80941137206923,2027.0577962271875,684.001055275719,cam_3_1690285151_06-39-11.jpg
139,161,2284.779254536439,433.5613978381915,2724.80774307723,603.2203101347933,cam_3_1690285151_06-39-11.jpg
139,175,505.66962543815816,336.4623806730203,766.8937264748031,414.62143742537944,cam_3_1690285151_06-39-11.jpg
140,1,1545.6942067444954,436.80594467431564,1928.1716580216332,645.9678070260168,cam_3_1690285181_06-39-41.jpg
140,7,2020.9263127486415,567.026994315916,2529.396873841426,915.647278323821,cam_3_1690285181_06-39-41.jpg
140,10,485.2939993784522,380.82003200281713,766.0989208243453,577.4668860461902,cam_3_1690285181_06-39-41.jpg
140,11,359.88977077248654,421.1415423920017,959.1645704927673,802.9661898265908,cam_3_1690285181_06-39-41.jpg
140,84,1759.245832712693,452.4083915014462,2113.5525940272364,753.1912267605414,cam_3_1690285181_06-39-41.jpg
140,115,1857.3272489974106,496.0404492700641,2333.302355046205,829.5480482017731,cam_3_1690285181_06-39-41.jpg
140,144,1414.4680522334277,382.5631800069331,1725.3023541945736,563.3830829768615,cam_3_1690285181_06-39-41.jpg
140,151,1646.5363351913347,443.3455764255245,2026.216965073448,684.074729967221,cam_3_1690285181_06-39-41.jpg
140,161,2279.3613745609346,434.01434838825475,2721.1709672950033,603.4681157566774,cam_3_1690285181_06-39-41.jpg
140,175,501.4072847099281,336.8829456302686,762.7005441552092,415.13356225607225,cam_3_1690285181_06-39-41.jpg
141,1,1547.089395719221,433.03211270024536,1934.4419919297022,645.1410040683143,cam_3_1690285751_06-49-11.jpg
141,7,2020.9702375963734,571.7344959789442,2523.7999501957747,916.2688302040708,cam_3_1690285751_06-49-11.jpg
141,10,489.8258596266908,380.7572512613773,763.298013395688,560.6109952245122,cam_3_1690285751_06-49-11.jpg
141,11,358.45450508084,420.1248729081049,969.6256790374451,799.327361991767,cam_3_1690285751_06-49-11.jpg
141,84,1756.8881111452536,448.46454990115757,2113.419238360624,753.0588980605844,cam_3_1690285751_06-49-11.jpg
141,115,1866.3445413994284,507.403958825882,2333.063202108143,830.5184933727533,cam_3_1690285751_06-49-11.jpg
141,144,1414.7515369320201,385.44151290686904,1728.7239289087474,566.3787477078895,cam_3_1690285751_06-49-11.jpg
141,151,1647.931474202259,441.3983414318431,2026.5742777056594,683.1935984490666,cam_3_1690285751_06-49-11.jpg
141,161,2278.205703828215,434.12385612870395,2728.9189225365258,607.2684192640144,cam_3_1690285751_06-49-11.jpg
141,175,510.0141140404528,341.18983794643333,764.5960529957513,417.27006278773644,cam_3_1690285751_06-49-11.jpg
141,177,2134.42929842801,408.4885607044627,2531.715402265356,582.7647171905114,cam_3_1690285751_06-49-11.jpg
142,1,1550.166002843304,432.95236010381535,1936.0246754315328,644.1003643525747,cam_3_1690285901_06-51-41.jpg
142,7,2021.9456831010255,575.2808897489165,2520.0706828729444,916.2212259045506,cam_3_1690285901_06-51-41.jpg
142,10,467.3167026308286,382.2186422692758,777.1540114473391,577.1895974269778,cam_3_1690285901_06-51-41.jpg
142,11,384.0467604739906,420.33331883406134,999.2714122073301,799.0873333028794,cam_3_1690285901_06-51-41.jpg
142,98,1782.0654851741056,494.0480663442564,2151.321337054046,762.2906164433068,cam_3_1690285901_06-51-41.jpg
142,115,1872.1874822787065,515.0003404625417,2335.128424350274,832.7238774382222,cam_3_1690285901_06-51-41.jpg
142,144,1411.3692576475835,386.5623046912181,1726.1675956509964,566.9834851327455,cam_3_1690285901_06-51-41.jpg
142,151,1652.984939188912,445.30852108915514,2029.8239279457302,686.7220505066052,cam_3_1690285901_06-51-41.jpg
142,161,2275.208327931312,435.20103400635077,2729.676552082843,609.6012982773511,cam_3_1690285901_06-51-41.jpg
142,175,513.2687794279351,341.3656648912996,783.6438460843754,421.9959504218997,cam_3_1690285901_06-51-41.jpg
142,177,2144.653418537285,407.60817287020615,2531.894791496727,577.6189184438813,cam_3_1690285901_06-51-41.jpg
142,178,419.4444854497197,344.2768526948484,767.711646150769,515.7301352259868,cam_3_1690285901_06-51-41.jpg
143,1,1551.2953006694374,431.1076309936814,1943.133318938097,645.9729069383042,cam_3_1690286006_06-53-26.jpg
143,7,2016.6318128899302,573.0181343546908,2517.7563013052804,916.416211042497,cam_3_1690286006_06-53-26.jpg
143,10,467.79888693005967,381.2995240861444,777.1670010245816,567.8987879297636,cam_3_1690286006_06-53-26.jpg
143,11,373.21765244961574,419.54042855203966,997.7840843506756,799.4996488451004,cam_3_1690286006_06-53-26.jpg
143,98,1794.2779064365864,493.77643140890706,2169.2974513389345,755.2489495006928,cam_3_1690286006_06-53-26.jpg
143,115,1872.6684717474077,516.3405954351289,2336.249009993557,831.6220237446369,cam_3_1690286006_06-53-26.jpg
143,144,1407.2556857952427,387.0399838803323,1726.979993004896,569.1686122423125,cam_3_1690286006_06-53-26.jpg
143,151,1655.125692394024,444.97023003136974,2030.2098631592696,685.8251774669648,cam_3_1690286006_06-53-26.jpg
143,161,2274.9747598167046,434.76790668059965,2733.3065348019686,611.0032083748451,cam_3_1690286006_06-53-26.jpg
143,175,515.7019987384523,340.44830456305095,781.1900512860585,419.3651058827698,cam_3_1690286006_06-53-26.jpg
143,177,2164.2559978938298,407.7865220513626,2541.434180387559,573.5633003798312,cam_3_1690286006_06-53-26.jpg
143,178,419.8057695368881,347.4641714460576,766.1859684076348,516.8557777146659,cam_3_1690286006_06-53-26.jpg
143,179,1478.2392397572057,408.45315443945094,1848.3866850386614,596.1526176436848,cam_3_1690286006_06-53-26.jpg
144,1,1550.7950130798802,428.85111851414183,1953.1828133677086,650.4679553033394,cam_3_1690286081_06-54-41.jpg
144,7,2016.5863324797722,572.5106427768884,2517.1516353301586,915.8036010109533,cam_3_1690286081_06-54-41.jpg
144,10,474.3278680502367,379.8178899360919,797.3554161664626,570.0939016938128,cam_3_1690286081_06-54-41.jpg
144,11,391.6528889733871,419.8869371735103,1013.4242747392954,797.8322368063798,cam_3_1690286081_06-54-41.jpg
144,98,1803.7269060606939,495.7969912747233,2183.3647480081663,750.8870375313288,cam_3_1690286081_06-54-41.jpg
144,115,1872.230113384137,516.8358786705658,2337.0850984178683,830.3709230197752,cam_3_1690286081_06-54-41.jpg
144,144,1405.7880868306931,386.0953191952361,1731.0215783347899,570.5819195972892,cam_3_1690286081_06-54-41.jpg
144,151,1663.100182659708,447.77120191326856,2035.43480353896,685.7004299128436,cam_3_1690286081_06-54-41.jpg
144,161,2280.808833555685,434.5118716944803,2736.1653762230553,610.1616721983987,cam_3_1690286081_06-54-41.jpg
144,175,514.1108216771537,339.59159210183344,780.7789667755333,418.89503610627,cam_3_1690286081_06-54-41.jpg
144,177,2172.4140343869985,407.3632330284868,2540.2269999797822,569.1099384075964,cam_3_1690286081_06-54-41.jpg
145,1,1548.8555948439669,424.94346200582163,1954.9593747755482,649.2995680349886,cam_3_1690286126_06-55-26.jpg
145,7,2019.2699683259527,573.2364010715964,2521.3809492983182,916.6735884211472,cam_3_1690286126_06-55-26.jpg
145,10,460.4055101411235,376.63585538181724,798.6640677480267,570.9036575938567,cam_3_1690286126_06-55-26.jpg
145,11,399.46363414997575,421.9624235488965,1020.4582589402722,804.8620581175859,cam_3_1690286126_06-55-26.jpg
145,98,1771.625196535209,482.0899389349571,2171.4688552927582,755.4501178713548,cam_3_1690286126_06-55-26.jpg
145,115,1868.1319477404877,518.9534427666448,2335.459246973577,831.956174130784,cam_3_1690286126_06-55-26.jpg
145,144,1406.8069959854008,386.47993703885624,1733.6481570566893,570.8203540966826,cam_3_1690286126_06-55-26.jpg
145,151,1661.3770848123565,439.41913097265285,2044.7217727730292,684.6480094156572,cam_3_1690286126_06-55-26.jpg
145,161,2278.877575225498,434.7022747178422,2735.4212387016587,611.0478969583153,cam_3_1690286126_06-55-26.jpg
145,175,521.7344615455693,339.0470411182643,790.8700256518048,418.77048819944685,cam_3_1690286126_06-55-26.jpg
145,177,2120.081167338389,410.04054519670757,2507.66746676952,579.1131520590686,cam_3_1690286126_06-55-26.jpg
146,1,1548.2549231469477,428.07836458475776,1940.8393429377018,644.9968806519612,cam_3_1690286246_06-57-26.jpg
146,7,2017.4373465212034,568.9698583922266,2525.5214256140125,917.2204777224654,cam_3_1690286246_06-57-26.jpg
146,11,406.8312116565827,417.34638365928436,1018.6934358421471,794.430947641144,cam_3_1690286246_06-57-26.jpg
146,84,1748.5475338476142,437.1917091661845,2112.5133176713775,751.9597649613438,cam_3_1690286246_06-57-26.jpg
146,115,1855.5864088265193,508.6610908496576,2338.9033961453656,830.9271174362841,cam_3_1690286246_06-57-26.jpg
146,144,1408.1624243376582,388.1155736758943,1731.6282581243831,569.8068743342988,cam_3_1690286246_06-57-26.jpg
146,151,1648.18055650828,433.5013091397914,2037.878414157351,684.7055753278835,cam_3_1690286246_06-57-26.jpg
146,161,2286.1742617549125,435.48733427279467,2735.060362761723,609.2323337247456,cam_3_1690286246_06-57-26.jpg
146,175,518.377290249529,338.0085822659795,785.490381610688,416.76854811747927,cam_3_1690286246_06-57-26.jpg
146,177,2114.0643470429404,406.866770963338,2522.975055816519,585.1153421663612,cam_3_1690286246_06-57-26.jpg
146,178,434.23418402111906,375.23522571870524,834.8102471813015,570.8816523242278,cam_3_1690286246_06-57-26.jpg
147,1,1550.369864707413,430.47010423803965,1935.5320835976163,643.2822573317877,cam_3_1690286306_06-58-26.jpg
147,7,2011.173775761674,568.1519722326002,2514.475082648529,914.1287924389505,cam_3_1690286306_06-58-26.jpg
147,11,405.34833922595504,418.57236671376825,1025.3426689880703,803.8523207910762,cam_3_1690286306_06-58-26.jpg
147,84,1751.7198033195534,441.9542157088896,2107.9321311102863,751.9672333487167,cam_3_1690286306_06-58-26.jpg
147,115,1852.3581952491925,504.7931933324485,2340.7046491970477,829.820363111932,cam_3_1690286306_06-58-26.jpg
147,144,1410.7494906087638,389.1639971607858,1726.8689063587003,566.1457559052138,cam_3_1690286306_06-58-26.jpg
147,151,1645.603569962177,433.439266473336,2034.2118455221885,685.4382276427,cam_3_1690286306_06-58-26.jpg
147,161,2282.6432453990114,436.3989037432299,2735.7221669180576,612.3163703842946,cam_3_1690286306_06-58-26.jpg
147,167,428.4415540016974,382.27686155918684,829.9478987545235,654.060994039135,cam_3_1690286306_06-58-26.jpg
147,175,506.7214074698704,341.8971475066468,782.3581963450363,422.9268723214357,cam_3_1690286306_06-58-26.jpg
147,177,2109.270580607526,409.1578170560578,2531.6010502179524,593.1146835586738,cam_3_1690286306_06-58-26.jpg
147,179,1479.0547681026856,412.74829279705057,1856.147039590066,604.2679429247712,cam_3_1690286306_06-58-26.jpg
148,1,1549.8173472173441,430.3331376432478,1932.7824618405302,642.0581010796412,cam_3_1690286381_06-59-41.jpg
148,7,2007.583607780847,569.332440680586,2506.203770640231,913.2726290466821,cam_3_1690286381_06-59-41.jpg
148,11,410.12913832657244,417.23102556528966,1020.090330905367,796.3091086390009,cam_3_1690286381_06-59-41.jpg
148,84,1753.155852442111,444.80559958304025,2104.525927826687,752.160890451529,cam_3_1690286381_06-59-41.jpg
148,115,1851.3328012114828,503.76322355951413,2341.1638350559883,828.7333525141194,cam_3_1690286381_06-59-41.jpg
148,144,1407.2328719634627,386.750441203091,1728.674400560574,566.4821200803484,cam_3_1690286381_06-59-41.jpg
148,151,1644.1293887463878,434.0809823371007,2030.82486680346,686.368703761826,cam_3_1690286381_06-59-41.jpg
148,161,2284.2349193968053,437.334407142735,2737.572755117391,614.0423527168093,cam_3_1690286381_06-59-41.jpg
148,167,444.51405354565514,360.66540782866116,768.2033024468292,560.5315348340773,cam_3_1690286381_06-59-41.jpg
148,175,506.0055667640096,339.712561419578,779.7018532183002,420.0691896423483,cam_3_1690286381_06-59-41.jpg
148,177,2114.223360273617,411.7320896227075,2536.186273373725,595.4961197475764,cam_3_1690286381_06-59-41.jpg
148,178,430.4150789987136,383.36095236895596,835.9527725591911,581.3604079225004,cam_3_1690286381_06-59-41.jpg
148,179,1479.128957998356,411.53196783451153,1856.701252603188,603.6040503764125,cam_3_1690286381_06-59-41.jpg
149,1,1550.8406332428528,429.9715806424226,1935.8455986337115,642.9663767521477,cam_3_1690286501_07-01-41.jpg
149,7,2010.0740489046343,567.0768604916562,2510.8447806973845,912.8440641628824,cam_3_1690286501_07-01-41.jpg
149,11,409.9656752620631,426.31801458395614,1014.7571245215865,796.9960832722801,cam_3_1690286501_07-01-41.jpg
149,84,1754.383070254912,441.0542386998573,2107.4635482662247,752.5338189024426,cam_3_1690286501_07-01-41.jpg
149,115,1854.8657843077558,506.6446940613669,2344.2341096453097,829.3985206498003,cam_3_1690286501_07-01-41.jpg
149,144,1406.7086804737557,386.0097377190733,1728.7509760668856,565.6751041030643,cam_3_1690286501_07-01-41.jpg
149,151,1647.3010600665175,433.83091360228,2026.563404724532,682.6713850517136,cam_3_1690286501_07-01-41.jpg
149,161,2281.552859945129,435.22093081468927,2735.8983832373838,612.7519845834341,cam_3_1690286501_07-01-41.jpg
149,167,448.13039479388726,350.4139843196243,750.760583746759,524.4957233346936,cam_3_1690286501_07-01-41.jpg
149,175,512.423221843324,337.8347487530497,785.277065218917,417.76773411713117,cam_3_1690286501_07-01-41.jpg
149,177,2115.2724109260917,409.3093718119113,2538.0316988761538,593.596537222995,cam_3_1690286501_07-01-41.jpg
149,178,421.771954043747,383.25878998166945,833.6877674444993,582.0280167906545,cam_3_1690286501_07-01-41.jpg
149,179,1473.0648721454847,410.70578203938123,1848.451683658264,602.2978226937366,cam_3_1690286501_07-01-41.jpg
150,1,1555.5228861388641,434.7604257967961,1931.0895948123534,641.5633699772019,cam_3_1690286996_07-09-56.jpg
150,7,2006.2918109260763,566.8177110667827,2504.4721987987714,912.6611448015706,cam_3_1690286996_07-09-56.jpg
150,11,403.6468879069552,426.78846833715875,1012.1697450520385,798.0422203736923,cam_3_1690286996_07-09-56.jpg
150,84,1762.7677410168853,446.94454752416743,2107.319708081353,751.9987701688021,cam_3_1690286996_07-09-56.jpg
150,115,1850.794860776402,505.5924134675529,2341.6486770284264,830.0664266255728,cam_3_1690286996_07-09-56.jpg
150,144,1398.7195939867038,383.1246879217231,1735.0536648923653,570.1307309248161,cam_3_1690286996_07-09-56.jpg
150,151,1650.8309654734835,444.2986326682881,2013.15455597812,682.7491216472697,cam_3_1690286996_07-09-56.jpg
150,161,2282.2110770432855,435.2528248572438,2730.953084406408,610.1401810038855,cam_3_1690286996_07-09-56.jpg
150,164,1924.6646541615394,196.922094466658,2213.4246936639365,373.0549482477618,cam_3_1690286996_07-09-56.jpg
150,175,508.170859543957,347.1699026930175,796.0565510671006,431.74266295421995,cam_3_1690286996_07-09-56.jpg
150,177,2136.9553290849703,414.4779101710922,2538.766174188268,588.8561372960679,cam_3_1690286996_07-09-56.jpg
150,178,426.6949000618101,389.14940929289,834.5285887032182,582.8985757444174,cam_3_1690286996_07-09-56.jpg
151,1,1549.918316687633,434.4619785993821,1927.9134136184223,642.2396068015785,cam_3_1690287191_07-13-11.jpg
151,7,2008.6394754544167,567.5651705697599,2505.4078871858815,913.1947878391401,cam_3_1690287191_07-13-11.jpg
151,11,388.2758470344606,428.3961059611156,996.0112745759213,794.829747028833,cam_3_1690287191_07-13-11.jpg
151,84,1763.175159632417,448.35144746842826,2105.502148141502,751.6753754649537,cam_3_1690287191_07-13-11.jpg
151,115,1855.193087279641,511.2518960514785,2341.768162058326,831.7520717971706,cam_3_1690287191_07-13-11.jpg
151,144,1401.4234521595154,379.89975516547327,1745.5637125171884,570.8649138018149,cam_3_1690287191_07-13-11.jpg
151,151,1652.09374894301,443.54966808482175,2011.8278126111597,681.1059203565966,cam_3_1690287191_07-13-11.jpg
151,161,2269.2624575617538,434.79054709166905,2729.5275796066403,614.0901817990754,cam_3_1690287191_07-13-11.jpg
151,175,504.06229888199675,349.1686145079165,786.8419377107952,432.53083073135946,cam_3_1690287191_07-13-11.jpg
151,177,2128.62433927774,414.64761688804396,2528.774244644028,587.9544396861565,cam_3_1690287191_07-13-11.jpg
151,178,421.3079478386401,393.2551473255637,824.3204201836322,580.6983407051312,cam_3_1690287191_07-13-11.jpg
152,1,1542.4312954218467,441.6703957770417,1907.6854221904628,643.1291034828014,cam_3_1690287281_07-14-41.jpg
152,7,2007.6974041329386,569.0111176391673,2502.36916776773,915.0657568522338,cam_3_1690287281_07-14-41.jpg
152,11,373.73943105154376,425.7202703075051,988.0921991878231,790.3395599105504,cam_3_1690287281_07-14-41.jpg
152,84,1711.3517395903436,414.27967486225606,2211.476550048604,870.198334660819,cam_3_1690287281_07-14-41.jpg
152,144,1396.5624542466462,375.01993400478074,1747.6694403111824,570.6286073184032,cam_3_1690287281_07-14-41.jpg
152,161,2264.0394286022724,434.72373466387853,2723.529238334402,612.6882250244812,cam_3_1690287281_07-14-41.jpg
152,162,2172.307081198819,249.39171097003538,2596.915121749468,479.6898999336744,cam_3_1690287281_07-14-41.jpg
152,175,498.8374576517957,350.6888482728228,783.7737156480551,435.252367329345,cam_3_1690287281_07-14-41.jpg
152,178,436.259394598305,393.75354424355794,825.3585190790247,572.0238554309203,cam_3_1690287281_07-14-41.jpg
153,1,1589.8636087666796,439.079898451798,1926.6656849643177,624.3271817883805,cam_3_1690287326_07-15-26.jpg
153,7,2005.3896249449338,566.9075640508714,2501.2225074287912,915.8270573893816,cam_3_1690287326_07-15-26.jpg
153,11,383.46807895899803,426.166057039258,1004.5719835441993,793.3686242049341,cam_3_1690287326_07-15-26.jpg
153,98,1740.8837083867422,451.8920308355546,2176.751644806647,758.1455017492124,cam_3_1690287326_07-15-26.jpg
153,144,1438.9736519521257,364.38060076519463,1717.8828142195907,515.7033798494065,cam_3_1690287326_07-15-26.jpg
153,151,1660.6049885515392,454.82551421522965,2007.453684187152,682.5271893791618,cam_3_1690287326_07-15-26.jpg
153,161,2266.169503535681,434.33563230552454,2724.6390961791453,611.3191652310468,cam_3_1690287326_07-15-26.jpg
153,162,2173.625766801075,252.1028408383777,2595.2086639678196,482.05784837443105,cam_3_1690287326_07-15-26.jpg
153,178,432.2703728945197,391.1367208353727,827.8489714279859,569.5613197839201,cam_3_1690287326_07-15-26.jpg
154,7,2008.0402768788338,572.8143955240469,2497.549652968434,917.3692653498864,cam_3_1690287461_07-17-41.jpg
154,11,444.7014574087075,429.312789557694,957.0752207619187,724.4965879231661,cam_3_1690287461_07-17-41.jpg
154,98,1629.7870025696152,393.15441533547477,2145.336305728909,756.4509450786295,cam_3_1690287461_07-17-41.jpg
154,145,1382.841437431981,376.53614221782107,1720.1468630391507,572.7803612547696,cam_3_1690287461_07-17-41.jpg
154,161,2269.3566123117766,437.4092616498366,2728.4446345289284,614.4141551525302,cam_3_1690287461_07-17-41.jpg
154,162,2176.5246591347595,258.2326833513625,2592.0419094050308,482.4095278401251,cam_3_1690287461_07-17-41.jpg
154,178,452.91347114431846,393.2947517651675,842.9578958931127,566.5879176635574,cam_3_1690287461_07-17-41.jpg
155,7,2011.360020011171,575.8879166443302,2497.9032309839736,917.9967491415919,cam_3_1690287476_07-17-56.jpg
155,11,448.8637773262809,432.1597009736389,953.2775506460118,718.9487430809103,cam_3_1690287476_07-17-56.jpg
155,98,1591.0586505252363,368.9968374889757,2135.2525021564957,756.4278112348325,cam_3_1690287476_07-17-56.jpg
155,145,1388.1992166337272,376.48426684208516,1719.2388987037557,571.8221007045777,cam_3_1690287476_07-17-56.jpg
155,161,2266.395971980112,438.4202712631062,2727.573950194115,615.8072096518542,cam_3_1690287476_07-17-56.jpg
155,162,2186.5254006208165,260.04978223280636,2593.6118513132233,478.5684126502547,cam_3_1690287476_07-17-56.jpg
155,175,513.3147835130652,352.84640745837083,796.4637982804345,436.3490859884156,cam_3_1690287476_07-17-56.jpg
155,178,432.8992719364271,391.9069950137849,886.213244746313,593.0915488853105,cam_3_1690287476_07-17-56.jpg
156,7,2014.0246147497974,577.0072024151248,2499.151720063179,917.8167654886341,cam_3_1690287506_07-18-26.jpg
156,11,429.48892917503616,430.6285261267591,953.6157336253725,726.3836369141858,cam_3_1690287506_07-18-26.jpg
156,98,1593.870588765437,362.51249732789995,2151.99598602984,755.6527326472833,cam_3_1690287506_07-18-26.jpg
156,145,1389.4935444420985,378.53429753321495,1714.9703660180214,572.5642169305765,cam_3_1690287506_07-18-26.jpg
156,161,2269.4906629629513,438.975829761918,2727.5215037896514,614.7899417899985,cam_3_1690287506_07-18-26.jpg
156,162,2178.925379655623,260.3784828077995,2603.4583302842548,489.2799550730457,cam_3_1690287506_07-18-26.jpg
156,178,426.57601964942796,392.7787119061445,870.7901599119666,589.871148022765,cam_3_1690287506_07-18-26.jpg
156,181,456.08919088406753,517.0870490269429,1161.3759596420714,968.2268870854542,cam_3_1690287506_07-18-26.jpg
157,7,2011.741646245969,577.2969881537534,2496.0669864044344,917.7954276848197,cam_3_1690287581_07-19-41.jpg
157,11,505.2171234409289,427.75556685693823,927.1118262946732,655.8461480356998,cam_3_1690287581_07-19-41.jpg
157,98,1589.1315415166853,361.78865906446003,2150.401947190343,755.1742558570963,cam_3_1690287581_07-19-41.jpg
157,145,1390.1591153686486,377.0936282128,1714.175741090768,572.057082133189,cam_3_1690287581_07-19-41.jpg
157,161,2266.908907229671,438.08421581452046,2729.800805270098,615.6670464388038,cam_3_1690287581_07-19-41.jpg
157,162,2184.299415687628,261.24704476562823,2607.684551002043,488.0180018394594,cam_3_1690287581_07-19-41.jpg
157,175,505.79927035703054,343.22368488515826,800.2005420660994,430.2967204088974,cam_3_1690287581_07-19-41.jpg
157,178,427.7791239748578,386.174968949229,865.4183281682347,581.5777601994032,cam_3_1690287581_07-19-41.jpg
157,181,436.46345355458163,510.4213332980887,1046.0160067471415,898.9597162025589,cam_3_1690287581_07-19-41.jpg
158,7,2009.5191800469659,577.3814493803537,2493.3026844975234,918.0879088177458,cam_3_1690287611_07-20-11.jpg
158,11,539.8024054363142,427.0304526846765,918.1226929446359,624.6465149361788,cam_3_1690287611_07-20-11.jpg
158,98,1537.9286629209314,361.89222826185096,2153.7400886425976,800.324348621067,cam_3_1690287611_07-20-11.jpg
158,145,1394.1617071985263,370.55507787989836,1731.0773751408742,574.0017606618302,cam_3_1690287611_07-20-11.jpg
158,161,2267.455948584928,438.71178055810594,2726.3007557496894,614.237710340746,cam_3_1690287611_07-20-11.jpg
158,162,2184.5513100031053,260.73141954371135,2611.0006999944976,493.04888793550623,cam_3_1690287611_07-20-11.jpg
158,178,452.8677794704522,383.7566289528324,850.4574049200032,561.7604579662784,cam_3_1690287611_07-20-11.jpg
158,181,445.94947281692026,504.3492509344634,1014.1061351090855,865.085715317327,cam_3_1690287611_07-20-11.jpg
159,7,2008.7258216044809,575.2597198113866,2494.7382681492627,918.0557775934316,cam_3_1690287626_07-20-26.jpg
159,98,1521.5257397075595,361.6010201625636,2152.8089893805018,820.0798512287556,cam_3_1690287626_07-20-26.jpg
159,145,1397.647342983948,370.66609441157624,1735.5070005287855,574.9116169254253,cam_3_1690287626_07-20-26.jpg
159,161,2270.9709160122584,440.11248610148266,2728.4542450908493,614.8913133148151,cam_3_1690287626_07-20-26.jpg
159,162,2142.9546523123054,269.8780538734637,2596.90064628298,530.0844669999188,cam_3_1690287626_07-20-26.jpg
159,178,462.3219366998916,384.79662839825784,848.759419301977,558.1363328084374,cam_3_1690287626_07-20-26.jpg
159,181,452.85137047990264,500.18502286350486,1016.8952889518957,857.3730689498661,cam_3_1690287626_07-20-26.jpg
159,183,365.9599615234979,385.00496394124093,846.1746521159346,594.2545988223571,cam_3_1690287626_07-20-26.jpg
159,185,553.9140194866347,428.5321078621285,985.5588466303208,574.9736791589928,cam_3_1690287626_07-20-26.jpg
160,7,2011.311706351725,577.9096262004382,2493.9556497031895,918.9806945201436,cam_3_1690287671_07-21-11.jpg
160,10,434.2846159273088,380.32028428356375,838.2232223600042,606.7952694217678,cam_3_1690287671_07-21-11.jpg
160,98,1524.6010840222282,365.88333430935074,2154.695289922513,825.1277195426696,cam_3_1690287671_07-21-11.jpg
160,145,1401.588778416177,370.06540320058605,1743.5802935790084,575.0456535028911,cam_3_1690287671_07-21-11.jpg
160,161,2257.8617395095675,440.5342089627238,2724.296034464004,618.2033746619268,cam_3_1690287671_07-21-11.jpg
160,177,2105.1106668111815,421.83978300971955,2518.0297576541766,600.9043922287938,cam_3_1690287671_07-21-11.jpg
160,181,407.1943830370046,444.2041539091368,979.1140748333394,806.8662680056666,cam_3_1690287671_07-21-11.jpg
160,186,393.13080982115895,430.4280017167625,1117.3183978585378,770.048180625713,cam_3_1690287671_07-21-11.jpg
161,7,2012.4512308681917,576.7550282520137,2495.9776575861933,918.6232755533615,cam_3_1690287941_07-25-41.jpg
161,10,423.11744023998233,390.0398124615547,803.3996258364286,579.8844472299659,cam_3_1690287941_07-25-41.jpg
161,98,1523.4230620571275,367.23025773654444,2148.492299855405,830.84142222316,cam_3_1690287941_07-25-41.jpg
161,145,1401.3034534871153,369.8852924578258,1741.2478988111902,573.5077607247609,cam_3_1690287941_07-25-41.jpg
161,161,2258.3607479410034,441.0748885403601,2726.407484343593,619.2386618568636,cam_3_1690287941_07-25-41.jpg
161,177,2079.8097702359264,424.1401651139429,2502.0983497634093,609.0926630207346,cam_3_1690287941_07-25-41.jpg
161,181,423.3334652403948,435.1760300087235,993.7347182494509,794.617161320318,cam_3_1690287941_07-25-41.jpg
162,7,2005.237153010267,566.1216558788401,2484.7917658684705,906.8259012707564,cam_3_1690287956_07-25-56.jpg
162,10,421.99910805033704,392.92267189145224,807.0597666746385,576.2162911728404,cam_3_1690287956_07-25-56.jpg
162,98,1534.0811646554334,367.267183105197,2144.58655201904,825.4129827421214,cam_3_1690287956_07-25-56.jpg
162,145,1399.949078390933,370.58556268503736,1737.5931972053681,572.8368141945385,cam_3_1690287956_07-25-56.jpg
162,161,2256.1452787872413,440.56066032393187,2726.0394875222346,619.2122226887841,cam_3_1690287956_07-25-56.jpg
162,177,2090.2911434578473,424.38001036562565,2496.692137348359,600.2635098276849,cam_3_1690287956_07-25-56.jpg
162,181,420.55156151295125,432.52706488914043,998.0929489791866,793.6183334778804,cam_3_1690287956_07-25-56.jpg
163,7,1931.6713869338541,478.7238338423032,2495.174407591311,896.1483836186443,cam_3_1690287971_07-26-11.jpg
163,10,453.86327557453785,399.24053678849805,808.3935067097789,560.9538840987768,cam_3_1690287971_07-26-11.jpg
163,98,1543.345380420001,367.7294825310356,2159.1954657279557,833.280240503611,cam_3_1690287971_07-26-11.jpg
163,145,1398.5541144692013,369.9810058815334,1735.6736969193682,571.9002277296299,cam_3_1690287971_07-26-11.jpg
163,161,2281.153893060742,439.63002911122413,2755.879071590736,623.5918533988133,cam_3_1690287971_07-26-11.jpg
163,181,414.4129902916788,434.44355165144214,986.9475114814827,790.3311511318908,cam_3_1690287971_07-26-11.jpg
164,7,1819.40669236056,446.4407715542409,2504.7469916283544,974.4206621036026,cam_3_1690288196_07-29-56.jpg
164,10,434.2683305579429,387.84867514843575,824.4360656119941,562.3097726061003,cam_3_1690288196_07-29-56.jpg
164,84,1578.5157313514987,378.1466045920406,2084.390167324102,846.6304017715852,cam_3_1690288196_07-29-56.jpg
164,98,1467.8550989528107,359.3724341368555,2010.4401574513668,785.3595068342254,cam_3_1690288196_07-29-56.jpg
164,145,1460.6143778043527,359.95622798869977,1846.064117100024,597.6824044419,cam_3_1690288196_07-29-56.jpg
164,161,2201.2152918978013,337.86201954058373,2893.9996696771495,618.46176688632,cam_3_1690288196_07-29-56.jpg
164,181,397.11649498248113,422.6756978072102,994.5474302898449,791.4604012895458,cam_3_1690288196_07-29-56.jpg
165,84,1588.8405854186424,366.71903386863767,2099.248605150623,841.571378266668,cam_3_1690288436_07-33-56.jpg
165,98,1391.796730642159,366.71155618393254,1913.318847288157,786.5077667137998,cam_3_1690288436_07-33-56.jpg
165,115,2074.260753630072,415.1353664077327,2383.0138618499914,616.4479856066375,cam_3_1690288436_07-33-56.jpg
165,161,2169.2426426660595,298.65586560252086,2922.116223798641,616.416358831864,cam_3_1690288436_07-33-56.jpg
165,167,407.5214929728801,345.1216461462052,832.4804054357121,594.1266149461476,cam_3_1690288436_07-33-56.jpg
165,181,409.43798805519566,443.9384112204678,993.3177779141437,806.1454897840795,cam_3_1690288436_07-33-56.jpg
166,84,1600.598125914219,367.3672186047602,2109.1755169311073,838.811638751838,cam_3_1690288466_07-34-26.jpg
166,98,1356.3912892113567,366.9951302010114,1862.7485978358911,783.6866797478843,cam_3_1690288466_07-34-26.jpg
166,115,2088.9421950923634,417.1464226062978,2399.2489944985023,617.8160952843461,cam_3_1690288466_07-34-26.jpg
166,161,2160.066781134189,280.02475867386,2925.267929429417,615.6456009041881,cam_3_1690288466_07-34-26.jpg
166,167,414.4359891911189,368.23195196457675,852.7078815268437,627.2331360996565,cam_3_1690288466_07-34-26.jpg
166,175,511.25363966269595,337.90742333004994,810.5948804000752,426.285306732344,cam_3_1690288466_07-34-26.jpg
166,181,406.85089247881257,448.52501721964427,994.5450057264509,814.6521617865315,cam_3_1690288466_07-34-26.jpg
166,191,1194.3387585847763,292.08084189247484,1634.7894500698303,597.6639148100626,cam_3_1690288466_07-34-26.jpg
167,98,1329.0981412107344,375.9549509967252,1807.2595798796,772.7357802870597,cam_3_1690288541_07-35-41.jpg
167,115,2094.8056250161235,420.7998391733352,2396.9629614821765,613.8226010108217,cam_3_1690288541_07-35-41.jpg
167,151,1523.6700017338646,376.3670487448693,2118.9677007560745,775.6003029664961,cam_3_1690288541_07-35-41.jpg
167,161,2166.343440022744,272.61637546729344,2918.4331010957308,615.0260558005357,cam_3_1690288541_07-35-41.jpg
167,178,548.2455178001347,373.70645870913745,871.5873554307118,516.0336550967855,cam_3_1690288541_07-35-41.jpg
167,181,417.27381335259196,454.5368622371932,1000.199803859857,819.6462366402054,cam_3_1690288541_07-35-41.jpg
167,185,552.1060400090603,425.0993964272461,903.098046166575,543.6449795330636,cam_3_1690288541_07-35-41.jpg
167,191,1187.2250584055762,383.95432615862495,1718.5448115606641,757.1100259078771,cam_3_1690288541_07-35-41.jpg
167,192,442.41353727739573,736.1857183635038,1335.984953486348,1241.7437878773408,cam_3_1690288541_07-35-41.jpg
167,194,406.0859658787549,569.6119859996953,1227.3179625051196,1025.5034147716585,cam_3_1690288541_07-35-41.jpg
167,196,575.2402891668092,458.5503258827174,978.1465763288943,649.35928000581,cam_3_1690288541_07-35-41.jpg
167,197,632.6696781896339,519.5971340475809,999.6327639316817,715.6590814188714,cam_3_1690288541_07-35-41.jpg
167,199,621.9648621977667,575.3495846592551,1151.8819131085922,823.6795573946051,cam_3_1690288541_07-35-41.jpg
168,98,1372.114005897321,369.25243490192355,1881.8254191021772,789.429030742803,cam_3_1690288631_07-37-11.jpg
168,115,2093.41517546595,420.9540748091989,2400.880489462165,613.2089191575797,cam_3_1690288631_07-37-11.jpg
168,161,2171.797425583198,270.2790791469265,2900.640123743819,613.5278830631319,cam_3_1690288631_07-37-11.jpg
168,178,534.9511476132743,382.2372892838687,842.5546652148149,516.7695625933729,cam_3_1690288631_07-37-11.jpg
168,181,437.4167249729425,467.4659331940773,1016.0366969468867,830.4827054021118,cam_3_1690288631_07-37-11.jpg
168,185,546.5565545718796,438.21158192600586,891.3861881518446,555.4928019181248,cam_3_1690288631_07-37-11.jpg
168,191,1153.1406159336263,460.6402971780368,1654.063672020725,817.6344117690331,cam_3_1690288631_07-37-11.jpg
168,192,421.5598682122596,709.6640331946217,1321.9637840703576,1216.7959631095118,cam_3_1690288631_07-37-11.jpg
168,196,595.0314881897524,464.22482655619285,985.431100623544,648.588332607523,cam_3_1690288631_07-37-11.jpg
168,197,617.0110162948431,525.4938898987784,1040.6458569562403,752.66599910073,cam_3_1690288631_07-37-11.jpg
168,199,637.6282818548884,526.5295326125695,1227.5819698272385,803.4745393703762,cam_3_1690288631_07-37-11.jpg
169,10,455.27809074999504,381.43603888239903,839.9102209398907,555.2543591828671,cam_3_1690288766_07-39-26.jpg
169,98,1348.313549278666,377.2603521341511,1870.0758185871102,805.9017918241966,cam_3_1690288766_07-39-26.jpg
169,115,2079.6679041843677,422.0572133085062,2392.661356257629,613.7139679215725,cam_3_1690288766_07-39-26.jpg
169,161,2188.4833226011506,270.97826533673015,2889.664813038456,612.2097390423454,cam_3_1690288766_07-39-26.jpg
169,181,438.87954361531445,471.6272372928069,1013.4860947952756,832.2273763318401,cam_3_1690288766_07-39-26.jpg
169,185,565.1718636307057,433.12230195881517,912.6644480036435,551.7971161519511,cam_3_1690288766_07-39-26.jpg
169,191,1156.6678809172151,490.988276407742,1635.9972049200555,841.2763535912497,cam_3_1690288766_07-39-26.jpg
169,192,424.67148425590443,678.4127632570892,1379.3225176742765,1218.3199509329097,cam_3_1690288766_07-39-26.jpg
169,194,374.89428662145696,558.7137906436533,1209.1371282456425,1025.2834824170086,cam_3_1690288766_07-39-26.jpg
169,196,599.8955176982297,473.1469441747051,980.9273378818298,652.5251899934774,cam_3_1690288766_07-39-26.jpg
169,197,642.8678835510995,528.3427661368577,1016.5286631680245,726.5692596874151,cam_3_1690288766_07-39-26.jpg
169,199,645.1574147812343,542.1528591874314,1168.030952480608,787.773744537425,cam_3_1690288766_07-39-26.jpg
170,1,1552.5299583062458,433.22739120952747,1944.1975483131673,646.1694485405426,cam_3_1690289081_07-44-41.jpg
170,10,531.772449192307,394.76015697276046,823.0155805575224,519.4232054677386,cam_3_1690289081_07-44-41.jpg
170,161,2249.2112517476335,262.71777295940416,2907.4879050330746,592.125473984569,cam_3_1690289081_07-44-41.jpg
170,177,2036.192030096138,423.7752514108268,2492.4395316147993,624.736749157589,cam_3_1690289081_07-44-41.jpg
170,181,478.07311958504437,502.9293000175026,1077.9885629671703,885.8996960463323,cam_3_1690289081_07-44-41.jpg
170,185,554.2595383166899,433.4735333094111,892.226998461399,549.5366927989947,cam_3_1690289081_07-44-41.jpg
170,192,457.9090858160243,651.3200853589435,1389.391664069983,1182.5922693384018,cam_3_1690289081_07-44-41.jpg
170,194,375.95009069119413,542.8603195018848,1149.8524234339416,979.5510056647113,cam_3_1690289081_07-44-41.jpg
170,196,611.3139334238193,472.48909654776173,999.1602893783643,654.0205358113253,cam_3_1690289081_07-44-41.jpg
170,199,591.8950980537338,528.3877624695145,1120.0952323000588,778.6638134113125,cam_3_1690289081_07-44-41.jpg
170,204,848.2374860828064,313.50457042802924,994.5290861269845,494.598218356306,cam_3_1690289081_07-44-41.jpg
171,98,1354.558772610535,334.0785593236286,1841.5911804934412,731.55377491225,cam_3_1690289216_07-46-56.jpg
171,161,2301.175821402882,255.76617328673035,2942.6150071899847,582.9134951816185,cam_3_1690289216_07-46-56.jpg
171,177,2042.0086463880755,424.2254096882286,2498.357656197922,626.4665344120508,cam_3_1690289216_07-46-56.jpg
171,181,523.6238070149939,515.5951610297146,1043.3523714164508,839.2746260836738,cam_3_1690289216_07-46-56.jpg
171,185,542.3924720650728,430.0419451668127,898.4263249467074,552.4906890069512,cam_3_1690289216_07-46-56.jpg
171,192,505.6204471537862,707.7890126309566,1367.8033673543437,1194.007738695152,cam_3_1690289216_07-46-56.jpg
171,194,491.9951233613289,605.7730389295182,1183.5689953131116,986.6247446469505,cam_3_1690289216_07-46-56.jpg
171,196,600.67110507496,472.8997334549856,997.4226161883383,657.4163231365399,cam_3_1690289216_07-46-56.jpg
171,204,853.1798944671314,311.4360290864713,1003.6444117652482,496.7158872238507,cam_3_1690289216_07-46-56.jpg
172,98,1216.0216514706788,361.51117958025395,1676.6724466909202,738.7110371081055,cam_3_1690289261_07-47-41.jpg
172,161,2310.078226415492,253.65567135943394,2940.0103649244643,579.8821732831452,cam_3_1690289261_07-47-41.jpg
172,177,2053.2588871479807,428.11815497688394,2498.255618951636,626.6202223488804,cam_3_1690289261_07-47-41.jpg
172,181,587.5556674025529,529.0241638633947,1040.503460678777,808.9950217527594,cam_3_1690289261_07-47-41.jpg
172,185,546.9158584704217,429.67181485764183,892.1371158720298,548.3319217847409,cam_3_1690289261_07-47-41.jpg
172,192,362.48476695949444,721.5636088498685,1549.6910295960026,1405.7826692888866,cam_3_1690289261_07-47-41.jpg
172,194,541.2373962473891,641.7788446919469,1193.2441668908336,991.0096652699866,cam_3_1690289261_07-47-41.jpg
172,196,605.8606702652137,478.9338664646896,973.7864454076491,648.3106304217392,cam_3_1690289261_07-47-41.jpg
172,204,849.7658609357125,312.7569657660925,1014.271176807141,514.9179367078866,cam_3_1690289261_07-47-41.jpg
172,206,575.7296819651888,911.7375738314229,1683.835800389459,1701.3036554524642,cam_3_1690289261_07-47-41.jpg
172,209,509.43432098409323,372.2056191705942,843.0069976624582,481.2266867436082,cam_3_1690289261_07-47-41.jpg
173,98,1168.098152685269,387.63860935871946,1593.4226669165541,747.6501588603907,cam_3_1690289276_07-47-56.jpg
173,161,2332.557953840764,251.58829091219022,2950.3926627012816,579.0640933553505,cam_3_1690289276_07-47-56.jpg
173,177,2054.2692426741364,428.38995409566735,2499.934224680261,627.3621458264249,cam_3_1690289276_07-47-56.jpg
173,181,597.5465992159678,531.5709100057621,1043.8294310845074,805.0931652324838,cam_3_1690289276_07-47-56.jpg
173,185,541.9685937628873,435.95414944648735,879.2202044815909,551.3254330167612,cam_3_1690289276_07-47-56.jpg
173,186,638.5821927820832,646.5164433272305,1345.6923722041547,978.4405341389593,cam_3_1690289276_07-47-56.jpg
173,192,368.10504970299587,734.6030531050744,1577.3410910590924,1444.1505974214058,cam_3_1690289276_07-47-56.jpg
173,194,480.01885483514195,652.2096059723683,1336.9675325052017,1116.2226703350602,cam_3_1690289276_07-47-56.jpg
173,196,596.1519571731428,477.3874508059758,977.1556500418735,651.8196072364027,cam_3_1690289276_07-47-56.jpg
173,204,847.85754813183,313.9723586173966,1016.2631636779818,520.1143516763668,cam_3_1690289276_07-47-56.jpg
173,206,592.8126089343235,914.3880342954509,1698.3374775886605,1702.2686354235207,cam_3_1690289276_07-47-56.jpg
173,209,510.0067499392636,375.69429184014314,834.7326315412183,481.86429367510027,cam_3_1690289276_07-47-56.jpg
173,210,1232.481880141362,215.14256461948577,1404.8209405487517,421.6006211531432,cam_3_1690289276_07-47-56.jpg
174,161,2333.5668436623796,252.84697355590797,2941.097578597342,578.2862088172283,cam_3_1690289306_07-48-26.jpg
174,177,2042.522068986812,426.6471238350315,2495.3376062411,629.6802107583314,cam_3_1690289306_07-48-26.jpg
174,181,613.4998980612447,529.6663608669116,1046.7160644963647,793.7888978429081,cam_3_1690289306_07-48-26.jpg
174,185,551.411029172007,428.66263444075355,906.5392249580008,549.9304362288287,cam_3_1690289306_07-48-26.jpg
174,192,378.88029656170966,733.495918738626,1568.7224782993492,1446.2679681439463,cam_3_1690289306_07-48-26.jpg
174,194,445.27659909741726,654.1636628914117,1265.9558671255636,1087.6844556695514,cam_3_1690289306_07-48-26.jpg
174,196,594.8159501971281,480.8869777259383,980.7149347709844,656.7696465045256,cam_3_1690289306_07-48-26.jpg
174,204,847.3379288243984,345.011403260227,995.7973212484496,521.8623991509298,cam_3_1690289306_07-48-26.jpg
174,206,547.3488565476048,915.3507953006234,1708.6895060151157,1743.199123271686,cam_3_1690289306_07-48-26.jpg
174,209,507.2651296363805,376.44111676174475,842.2797334902043,486.4315422216571,cam_3_1690289306_07-48-26.jpg
174,210,1224.9482834759026,216.48867974127006,1408.1590119691643,435.2045569458983,cam_3_1690289306_07-48-26.jpg
174,211,357.44601015740966,491.7738055236356,1021.0595334017515,774.2824347713412,cam_3_1690289306_07-48-26.jpg
175,161,2372.3783276817594,249.6693163025234,2967.79754954173,575.7773768669126,cam_3_1690289366_07-49-26.jpg
175,177,2055.5077886971435,423.5248051255396,2514.6204289801435,629.7192570840414,cam_3_1690289366_07-49-26.jpg
175,185,541.1161277251056,428.2761042525931,898.8123180585925,551.1237250468354,cam_3_1690289366_07-49-26.jpg
175,186,647.8039366458034,654.8891795198087,1322.4221575748206,972.7149059046553,cam_3_1690289366_07-49-26.jpg
175,192,506.95185652482746,735.4797394593992,1475.5018793817428,1314.9940855426194,cam_3_1690289366_07-49-26.jpg
175,194,386.17156954744115,644.3499720506125,1362.2539318833506,1168.5622434168508,cam_3_1690289366_07-49-26.jpg
175,196,595.7850517277453,480.7495628473734,992.8758265916896,660.3646041540821,cam_3_1690289366_07-49-26.jpg
175,204,823.1097581010896,355.6054155096057,994.8746173269719,546.922340148136,cam_3_1690289366_07-49-26.jpg
175,206,490.8482123203639,911.3811721220986,1634.2925451971446,1718.9526496650456,cam_3_1690289366_07-49-26.jpg
175,209,505.33101729677537,375.4961658628921,830.1272152539466,482.48153568929416,cam_3_1690289366_07-49-26.jpg
175,210,1281.5672171703106,218.48413836635257,1468.8339478845505,435.49277620057455,cam_3_1690289366_07-49-26.jpg
175,211,308.713827850142,519.7821474920199,1100.9358521069214,858.7881163562103,cam_3_1690289366_07-49-26.jpg
176,164,1875.3409631450195,195.51893711456069,2166.9643278510616,378.7019533975598,cam_3_1690289396_07-49-56.jpg
176,177,2055.4689621823404,423.00278477915583,2514.7685755470975,628.1764312439491,cam_3_1690289396_07-49-56.jpg
176,181,629.2594136982775,533.1148219953601,1041.7618314114766,782.9843890539473,cam_3_1690289396_07-49-56.jpg
176,185,543.647941242501,432.7514182625472,891.5806129707812,552.1127437154951,cam_3_1690289396_07-49-56.jpg
176,192,583.7598863323244,699.1954977428529,1560.3029360075225,1293.1240019981742,cam_3_1690289396_07-49-56.jpg
176,194,392.4135933265719,642.342542040494,1365.981678921034,1170.1766263078612,cam_3_1690289396_07-49-56.jpg
176,196,601.437480250691,489.2268885093537,980.4924367764636,659.5062562331938,cam_3_1690289396_07-49-56.jpg
176,206,441.41189845470876,919.3535960340821,1812.6441875840167,1905.3056109293548,cam_3_1690289396_07-49-56.jpg
176,209,510.6387732854938,372.4534279617039,829.6407910181787,477.74060106453476,cam_3_1690289396_07-49-56.jpg
176,210,1275.1880913721266,217.2791653306262,1471.0405656444505,441.28260056310336,cam_3_1690289396_07-49-56.jpg
176,211,266.6285498919999,525.2538687822057,1206.2272204508417,935.1862365577981,cam_3_1690289396_07-49-56.jpg
177,177,2066.80308510577,423.2141292412146,2516.836371979984,623.639326847667,cam_3_1690289441_07-50-41.jpg
177,178,444.78286587122113,369.1876976599165,834.9019110969255,541.890821643638,cam_3_1690289441_07-50-41.jpg
177,181,642.9768361716899,528.9934227109995,987.8317259806109,723.7943319520317,cam_3_1690289441_07-50-41.jpg
177,183,384.44804966277366,372.9307470437493,851.8425227179821,579.9847270960413,cam_3_1690289441_07-50-41.jpg
177,185,541.0035508191132,430.86636283161687,900.6426956476364,554.75494250301,cam_3_1690289441_07-50-41.jpg
177,192,411.39909835915694,735.2894925866067,1615.7764374875474,1491.9823831649483,cam_3_1690289441_07-50-41.jpg
177,194,389.16815875315683,633.5594416552575,1399.3731988558757,1191.751541405255,cam_3_1690289441_07-50-41.jpg
177,196,609.4821043938134,483.98669136619463,979.183611060528,647.4822506672398,cam_3_1690289441_07-50-41.jpg
177,199,646.9658308334389,573.0024171915115,1100.8951434829291,787.657990183157,cam_3_1690289441_07-50-41.jpg
177,206,422.38754636784677,930.6260132812102,1861.3725690972733,1982.998705771442,cam_3_1690289441_07-50-41.jpg
177,209,359.8497190150142,351.81041419686994,874.0906302029423,524.6983978736,cam_3_1690289441_07-50-41.jpg
177,210,1283.9395182152925,217.86391959756708,1488.527134693582,442.5705285962728,cam_3_1690289441_07-50-41.jpg
178,167,385.80272352949197,391.9427877056952,847.28152986493,652.6283574081838,cam_3_1690289471_07-51-11.jpg
178,177,2071.815556913056,423.29002849586396,2515.5253699304585,619.9382214372558,cam_3_1690289471_07-51-11.jpg
178,183,359.29789841235566,367.6650062660184,857.1226956658227,593.5747874680383,cam_3_1690289471_07-51-11.jpg
178,192,349.6511828225532,749.1054662311083,1577.6883438116408,1535.6531236987303,cam_3_1690289471_07-51-11.jpg
178,197,637.3380266162262,531.2988569831239,1024.3895020037623,733.1323222432338,cam_3_1690289471_07-51-11.jpg
178,199,635.9399673230477,568.1902930173567,1095.5733051093823,785.7685154789218,cam_3_1690289471_07-51-11.jpg
178,206,429.9498851517285,943.4023131626467,1919.3960545359894,2058.1745741785076,cam_3_1690289471_07-51-11.jpg
178,210,1271.3554952131008,223.31832682186356,1478.856175062935,447.0881174647277,cam_3_1690289471_07-51-11.jpg
178,211,292.58285948921815,610.3491493593829,1316.5009363797683,1056.9937895009932,cam_3_1690289471_07-51-11.jpg
178,212,469.5352576111644,501.8854118904793,1000.7301010048535,843.4471571933216,cam_3_1690289471_07-51-11.jpg
178,214,312.3360130062911,439.0222888214322,997.1424565188909,682.810619505267,cam_3_1690289471_07-51-11.jpg
179,10,501.6417392688336,361.9924810483624,795.2252024499808,485.6858428312488,cam_3_1690289546_07-52-26.jpg
179,167,383.1125245119134,367.3691524447944,820.6046191828846,614.4876942990771,cam_3_1690289546_07-52-26.jpg
179,177,2075.163884066584,424.4681226001679,2514.325002383467,618.1750264397328,cam_3_1690289546_07-52-26.jpg
179,183,430.0340616326321,407.25902762153146,854.31517062023,591.1901125861675,cam_3_1690289546_07-52-26.jpg
179,185,519.0044347994321,432.3111229436967,891.2143359844871,561.1289269014643,cam_3_1690289546_07-52-26.jpg
179,192,376.0081811673633,766.2563809926748,1591.0171362461429,1563.1964719070452,cam_3_1690289546_07-52-26.jpg
179,197,653.3000132273288,535.1440663220394,1008.7450516116008,712.5527663612227,cam_3_1690289546_07-52-26.jpg
179,199,650.9891269826951,578.583227167925,1105.8701303374,793.2712559934131,cam_3_1690289546_07-52-26.jpg
179,206,373.5814457199002,950.3652660752383,1791.5714745946825,2012.229664609919,cam_3_1690289546_07-52-26.jpg
179,211,273.353799220454,637.4050781964166,1490.9485551515277,1183.429987700369,cam_3_1690289546_07-52-26.jpg
179,212,493.6477749638305,512.479247790405,1023.0115964081601,851.468283934187,cam_3_1690289546_07-52-26.jpg
179,214,295.24236885808233,461.68587263312133,1030.5233248964794,724.2266887989574,cam_3_1690289546_07-52-26.jpg
179,216,1013.5482607113236,350.6392390948989,1215.6075158573376,617.2779583699719,cam_3_1690289546_07-52-26.jpg
180,167,394.8766219988072,363.5746553723626,817.0300050137773,601.2202660068776,cam_3_1690289651_07-54-11.jpg
180,177,2076.6669008438053,425.2161953920071,2517.032357232889,618.7759932898231,cam_3_1690289651_07-54-11.jpg
180,185,515.8776461352231,432.0456451306647,889.9528047643537,563.413578431633,cam_3_1690289651_07-54-11.jpg
180,192,363.46647095392507,811.4508568431836,1687.6766873119996,1703.9891105575664,cam_3_1690289651_07-54-11.jpg
180,197,654.5351023178162,536.9266221497489,1015.1744632447974,711.1108199135667,cam_3_1690289651_07-54-11.jpg
180,199,662.3473078586252,585.7507659780799,1108.9536151179402,795.7540568305483,cam_3_1690289651_07-54-11.jpg
180,206,438.38008522638756,969.3226259620376,1894.5841461353434,2083.4362297085127,cam_3_1690289651_07-54-11.jpg
180,211,266.252980867083,653.0726094111449,1551.5076602606696,1246.9951324348738,cam_3_1690289651_07-54-11.jpg
180,212,475.4827982517812,541.6015363459146,1077.628288157658,927.0958800086757,cam_3_1690289651_07-54-11.jpg
180,214,288.74094636847514,478.3121546657304,1047.5355740924817,750.2684580373418,cam_3_1690289651_07-54-11.jpg
180,216,1045.1001918064317,411.6372764574959,1241.1616224759296,670.3113370633944,cam_3_1690289651_07-54-11.jpg
181,84,1107.5190165453582,722.5243194481434,1685.12885495815,1265.7473438882091,cam_3_1690289726_07-55-26.jpg
181,167,399.41204031375986,369.02339013303487,816.6181579909471,601.7064527081995,cam_3_1690289726_07-55-26.jpg
181,177,2077.633699242911,425.5377093084601,2516.8895601331405,617.8852322319128,cam_3_1690289726_07-55-26.jpg
181,185,391.5058917759615,424.0625592648406,951.0143057280325,626.6669809801649,cam_3_1690289726_07-55-26.jpg
181,194,365.4125126293299,647.6525257032766,1366.7586705313545,1204.6961929160693,cam_3_1690289726_07-55-26.jpg
181,197,644.583499101936,534.2057575105512,1019.5672405502622,711.2438468566527,cam_3_1690289726_07-55-26.jpg
181,199,679.5629587316658,583.8477193601684,1136.293530707385,796.8686709383662,cam_3_1690289726_07-55-26.jpg
181,206,505.0777284385756,990.2222740234099,1864.7826350705584,2038.7117046929254,cam_3_1690289726_07-55-26.jpg
181,214,267.5311836846858,488.9274683626926,1117.3778489131726,798.4092851657,cam_3_1690289726_07-55-26.jpg
182,167,394.493675395208,363.22273833441875,825.7647029857004,602.2613610794169,cam_3_1690289996_07-59-56.jpg
182,177,2086.499264392114,426.6853654307125,2523.406529110403,618.4478466035081,cam_3_1690289996_07-59-56.jpg
182,185,365.2643359189683,429.4588897039595,961.1522549256456,650.9262325242373,cam_3_1690289996_07-59-56.jpg
182,194,394.5249988176481,640.6695108277336,1393.5744560426635,1206.7582398538652,cam_3_1690289996_07-59-56.jpg
182,196,517.6947262098463,474.7790596206175,978.3497790174458,677.3544401660065,cam_3_1690289996_07-59-56.jpg
182,197,499.50879575556326,477.300921293912,991.8814116785744,709.300292576733,cam_3_1690289996_07-59-56.jpg
182,199,668.1553648728097,593.715136068962,1127.954355056143,806.9360277913702,cam_3_1690289996_07-59-56.jpg
182,206,489.12444257555353,983.5498251368308,1896.0473377972903,2092.3138351099487,cam_3_1690289996_07-59-56.jpg
182,210,1300.5331743446814,207.53155072449994,1487.111695286143,413.76897893449075,cam_3_1690289996_07-59-56.jpg
182,214,261.49390129610936,523.7100637105477,1147.4795756839962,848.6797602251257,cam_3_1690289996_07-59-56.jpg
183,167,386.16712305161514,356.5833306392059,816.458748594205,592.2016726857408,cam_3_1690290026_08-00-26.jpg
183,177,2077.6448148021304,430.3302700008064,2515.8818720910826,622.4660695050441,cam_3_1690290026_08-00-26.jpg
183,185,349.1333218352721,427.67961735329874,967.9914515353133,663.375827480191,cam_3_1690290026_08-00-26.jpg
183,194,419.78522500278723,643.3989942857634,1329.7108277137759,1154.373784334949,cam_3_1690290026_08-00-26.jpg
183,196,444.9486227688977,481.60205563053523,1023.2264883494258,739.8720577788959,cam_3_1690290026_08-00-26.jpg
183,197,453.3654523302632,459.5376369037417,993.6099011505889,714.8966780782321,cam_3_1690290026_08-00-26.jpg
183,199,660.6256638105713,590.1951807855494,1134.0432830198456,807.9235610747945,cam_3_1690290026_08-00-26.jpg
183,206,522.1474376155122,979.6702849148458,1833.167472263807,2017.4303117545503,cam_3_1690290026_08-00-26.jpg
183,210,1303.3057606510922,196.65898275541292,1491.5540324619321,409.0404788060256,cam_3_1690290026_08-00-26.jpg
183,214,288.0961815395123,530.4996807640293,1200.7171466598543,871.7837852402841,cam_3_1690290026_08-00-26.jpg
184,98,983.6358639165278,326.06358150386774,1265.4024220873885,565.43927813238,cam_3_1690290176_08-02-56.jpg
184,175,500.44052920417573,360.9122930771065,833.0144339981982,460.27526827403966,cam_3_1690290176_08-02-56.jpg
184,177,2081.369059145484,425.80449998160464,2518.1199398556532,616.9226378095777,cam_3_1690290176_08-02-56.jpg
184,186,644.8212357822567,655.0349111348453,1362.5804760801948,999.778123230708,cam_3_1690290176_08-02-56.jpg
184,191,914.1539838628738,870.507212190026,2068.0774668630365,1728.3553206936167,cam_3_1690290176_08-02-56.jpg
184,194,451.54114206817803,652.8514734152695,1359.334983857837,1168.1872415823946,cam_3_1690290176_08-02-56.jpg
184,196,412.23850068897656,475.47130167354095,1001.5068664908254,734.0444709510318,cam_3_1690290176_08-02-56.jpg
184,197,545.0432686545668,467.9613331160417,1003.4826739593473,676.7410028156819,cam_3_1690290176_08-02-56.jpg
184,199,649.0014582193768,596.4301701395235,1168.392754582293,836.54035181433,cam_3_1690290176_08-02-56.jpg
184,210,1313.441126260767,199.12793031867807,1453.5360523428126,355.6298072756729,cam_3_1690290176_08-02-56.jpg
184,212,434.56363579462476,627.2209427869009,1149.5173157369827,1084.5952783105236,cam_3_1690290176_08-02-56.jpg
184,214,318.3123098250803,535.2922122322468,1233.54367398507,884.2387168301501,cam_3_1690290176_08-02-56.jpg
184,219,661.6686132488119,808.495059713432,1421.8836425910758,1438.2067268071337,cam_3_1690290176_08-02-56.jpg
185,7,1256.1576538037211,287.36321713394693,1706.5656552470796,639.0828309795678,cam_3_1690290266_08-04-26.jpg
185,167,394.4907528267515,354.5097005978374,794.9354986705032,572.6937385994404,cam_3_1690290266_08-04-26.jpg
185,177,2082.902014755343,425.32767080827705,2510.566690234001,612.5427216532424,cam_3_1690290266_08-04-26.jpg
185,191,662.5119901520987,950.7465470597392,2029.263688415234,2052.8491249138615,cam_3_1690290266_08-04-26.jpg
185,194,398.87086745704994,640.7255553320307,1417.7476366958317,1227.1044803047175,cam_3_1690290266_08-04-26.jpg
185,196,409.99668126241363,475.18104643729123,1025.8344330648604,750.7306620790526,cam_3_1690290266_08-04-26.jpg
185,197,517.6774760560046,482.5443535710862,953.7028841254352,678.7128625217988,cam_3_1690290266_08-04-26.jpg
185,199,633.7447249300603,599.7760867313389,1171.7266569917856,851.2502560100598,cam_3_1690290266_08-04-26.jpg
185,210,1335.030458192516,195.08562932541213,1491.5208108266838,356.53779633074055,cam_3_1690290266_08-04-26.jpg
185,214,303.74302527642806,529.305101240826,1238.458753139519,896.089283709777,cam_3_1690290266_08-04-26.jpg
186,7,1246.2504603074933,278.97168961034293,1626.1413066517237,562.6674943680466,cam_3_1690290476_08-07-56.jpg
186,115,2000.4379299476398,373.445849799754,2282.4975176964304,542.8278850287948,cam_3_1690290476_08-07-56.jpg
186,191,591.9347483094069,972.752029243333,1906.3298627018967,2031.75503101472,cam_3_1690290476_08-07-56.jpg
186,214,196.59963705486985,532.5405484045469,1321.6691305055863,994.3715449525652,cam_3_1690290476_08-07-56.jpg
186,219,514.1063801808598,788.7283230865195,1441.7230144801588,1557.3939495033014,cam_3_1690290476_08-07-56.jpg
187,7,1184.730829768858,273.91325860214727,1573.0494527571175,565.6879287047307,cam_3_1690290671_08-11-11.jpg
187,151,1354.0255257760418,333.1000153904632,1908.2348204937596,724.5163618324347,cam_3_1690290671_08-11-11.jpg
187,162,2145.302433198424,251.4601006075717,2594.847104124892,519.162263297436,cam_3_1690290671_08-11-11.jpg
187,164,1720.92897600734,206.4554805358855,1970.1664139869479,358.7179334046323,cam_3_1690290671_08-11-11.jpg
187,191,611.3179076132473,1019.7064048253601,1918.5738460878697,2093.033634545341,cam_3_1690290671_08-11-11.jpg
187,214,214.5166363888684,549.6907225281236,1341.7319196452127,1030.6546594505792,cam_3_1690290671_08-11-11.jpg
188,1,1533.4832356308982,423.81645503771904,1950.9812665682962,643.8166277010397,cam_3_1690290716_08-11-56.jpg
188,7,1138.631607603064,275.4335631983736,1507.6276164971393,567.057032289978,cam_3_1690290716_08-11-56.jpg
188,115,1996.3477141369203,381.5593153219142,2288.598275031427,553.6050390937655,cam_3_1690290716_08-11-56.jpg
188,145,1298.1763121836414,289.38731354045257,1772.9025897044721,584.6907431078937,cam_3_1690290716_08-11-56.jpg
188,162,2189.4306219189266,253.32664192984845,2630.119109418255,522.984871691121,cam_3_1690290716_08-11-56.jpg
188,191,628.8123822833581,1033.6466304540472,1900.639174962199,2082.6044787822416,cam_3_1690290716_08-11-56.jpg
188,214,334.4333610649254,539.2469158898512,1423.968124844091,1025.7660079486404,cam_3_1690290716_08-11-56.jpg
188,227,764.7783262318319,1172.5118253517762,1956.8228706187472,2478.708930028691,cam_3_1690290716_08-11-56.jpg
189,1,1533.8929065661332,424.8252145643251,1960.933017458452,645.9711403267589,cam_3_1690290806_08-13-26.jpg
189,7,1132.8976526305944,276.0373724614497,1496.131909481869,575.6602888320126,cam_3_1690290806_08-13-26.jpg
189,115,1992.431077412681,378.8573484101227,2276.140507703919,547.6062374640245,cam_3_1690290806_08-13-26.jpg
189,145,1281.7440470598908,282.14315661972506,1763.0744871485606,584.6615801236928,cam_3_1690290806_08-13-26.jpg
189,162,2176.184595285653,255.94455977188963,2600.7262855318577,527.4965864009073,cam_3_1690290806_08-13-26.jpg
189,183,340.6817968397161,397.8096787676576,888.1363618941136,637.3769542092867,cam_3_1690290806_08-13-26.jpg
189,191,637.0635714796338,1025.8399256732928,1847.9741149554677,2006.277737082147,cam_3_1690290806_08-13-26.jpg
189,214,320.35208443638396,544.8663058592267,1380.4399481849869,1035.7470280586042,cam_3_1690290806_08-13-26.jpg
189,227,864.6151592629226,1166.8344611988646,1964.5681260016677,2363.9328740344836,cam_3_1690290806_08-13-26.jpg
189,231,933.6072559309277,220.08753964915763,1290.7325860452715,454.4895064931345,cam_3_1690290806_08-13-26.jpg
189,233,300.5173759567147,405.67939165657714,1013.1318691145448,678.9664266527723,cam_3_1690290806_08-13-26.jpg
189,235,467.38346327962864,469.0757918021729,967.6401043929118,830.0415585401968,cam_3_1690290806_08-13-26.jpg
189,237,2230.0620475252435,456.006194378825,2694.585678969839,652.849527879273,cam_3_1690290806_08-13-26.jpg
190,1,1534.4741627083843,426.9778651971904,1966.490389292424,646.7674786979154,cam_3_1690290926_08-15-26.jpg
190,115,1991.0392126280374,390.06897956832455,2276.746153027746,556.4335446827147,cam_3_1690290926_08-15-26.jpg
190,145,1213.7045070989325,284.48416936188096,1708.0760507552213,603.3514131428858,cam_3_1690290926_08-15-26.jpg
190,162,2133.453715029673,230.47556803516096,2613.6000440305565,551.5441831456103,cam_3_1690290926_08-15-26.jpg
190,183,335.7989585442396,408.817144837229,917.0115664799198,668.7595493970871,cam_3_1690290926_08-15-26.jpg
190,191,596.0307730978273,1030.8501381889394,1862.5383205005817,2060.647011228585,cam_3_1690290926_08-15-26.jpg
190,212,383.072112855268,557.1783732739406,1122.1437977070234,1026.9348659720033,cam_3_1690290926_08-15-26.jpg
190,227,814.0449166394544,1192.5671851650845,1896.327685336503,2360.116280220809,cam_3_1690290926_08-15-26.jpg
190,231,934.5650985794047,218.34676587701136,1300.3177418375235,458.8112585724784,cam_3_1690290926_08-15-26.jpg
190,235,459.6172608846533,451.46703904606295,934.6124775087145,794.0041060862709,cam_3_1690290926_08-15-26.jpg
190,237,2251.638341275412,456.69305406905255,2712.0059303203097,652.608110273125,cam_3_1690290926_08-15-26.jpg
191,1,1535.0253265311069,433.06026442980277,1961.2750584798844,647.3319664214416,cam_3_1690291226_08-20-26.jpg
191,145,1261.0349966772374,286.64660154726505,1734.457213592337,591.4034265012367,cam_3_1690291226_08-20-26.jpg
191,177,2089.193899252034,416.5379467926475,2507.9925395051437,603.0320659420963,cam_3_1690291226_08-20-26.jpg
191,178,397.84074616077066,382.8456319257066,878.271227022349,595.147745352399,cam_3_1690291226_08-20-26.jpg
191,192,424.91625498633607,995.9376862602272,1823.9594768810673,1919.4565956466909,cam_3_1690291226_08-20-26.jpg
191,197,418.6185161348995,424.64084864307887,949.9802035207067,668.2041655820667,cam_3_1690291226_08-20-26.jpg
191,212,377.1330642637018,544.5671132090487,1123.0058095011566,1012.9985229271134,cam_3_1690291226_08-20-26.jpg
191,227,898.7054476658562,1172.6521727462432,1928.1325763030218,2264.749342471815,cam_3_1690291226_08-20-26.jpg
191,231,934.2703978389658,221.86187126101618,1293.5424054154746,457.9601831947931,cam_3_1690291226_08-20-26.jpg
191,235,461.5582680123907,437.7715747630768,928.6629390941471,774.2956656029855,cam_3_1690291226_08-20-26.jpg
191,237,2232.283044139912,454.74168642772224,2695.2375006168186,651.5337957920749,cam_3_1690291226_08-20-26.jpg
192,1,1535.7359199836974,433.0383694711678,1964.0676709319662,646.6757050720505,cam_3_1690291661_08-27-41.jpg
192,145,1197.693192381651,273.5660328573532,1682.5688050138522,588.5143930007305,cam_3_1690291661_08-27-41.jpg
192,177,2097.499920093767,415.1256956371848,2495.1029950084453,593.1164003343386,cam_3_1690291661_08-27-41.jpg
192,178,371.0053385643638,373.7318062443933,853.9057186926475,587.4684005961292,cam_3_1690291661_08-27-41.jpg
192,191,483.8520838870147,966.2899579113621,1716.0546426320714,1982.8164520466798,cam_3_1690291661_08-27-41.jpg
192,192,502.5313719458351,1059.6910061349436,1939.3901606107997,2031.7646661860138,cam_3_1690291661_08-27-41.jpg
192,212,408.7434182719712,535.6906838354844,1141.2446981378928,996.291727368828,cam_3_1690291661_08-27-41.jpg
192,231,932.8935313574839,221.5527740450186,1297.538382498154,461.4306781389521,cam_3_1690291661_08-27-41.jpg
192,235,459.8116639391791,425.04904155248687,905.4485344448512,744.6002973232805,cam_3_1690291661_08-27-41.jpg
192,237,2227.0457106204653,458.1122174930156,2682.5150910129278,650.801812551917,cam_3_1690291661_08-27-41.jpg
193,1,1534.9907678576299,433.1641315556897,1965.176832137941,646.4481951812568,cam_3_1690291676_08-27-56.jpg
193,145,1174.5798402143864,269.1292904044486,1662.6162514239952,588.0957524278506,cam_3_1690291676_08-27-56.jpg
193,177,2101.815077802686,413.6573814857428,2490.59043224756,588.1049941836,cam_3_1690291676_08-27-56.jpg
193,178,355.87646354102924,373.71693891476036,849.0732214142719,590.7924141170269,cam_3_1690291676_08-27-56.jpg
193,191,506.2889186315939,954.8101152951995,1715.7718441464958,1974.6612073908136,cam_3_1690291676_08-27-56.jpg
193,212,426.0572768838516,534.1499180084879,1155.387065967022,996.0659501016852,cam_3_1690291676_08-27-56.jpg
193,227,787.2321847073779,1079.6793156642386,1820.664919688025,2157.630130946136,cam_3_1690291676_08-27-56.jpg
193,231,933.5138893676402,222.08938532100098,1299.8340248480795,463.54424211317627,cam_3_1690291676_08-27-56.jpg
193,235,442.1793834651246,422.7503586395047,903.1827705567384,752.8049445320675,cam_3_1690291676_08-27-56.jpg
193,237,2217.204500749215,456.8961372482207,2678.957532839717,651.1946851342734,cam_3_1690291676_08-27-56.jpg
194,1,1534.0388406787572,432.3719959655634,1968.6379741340347,647.0432187402696,cam_3_1690291871_08-31-11.jpg
194,145,1166.910969364055,266.4819106800336,1656.4299922512814,588.8302711169058,cam_3_1690291871_08-31-11.jpg
194,177,2110.735899448357,409.96777697820517,2491.637297499034,581.5674434608293,cam_3_1690291871_08-31-11.jpg
194,178,414.3950203397411,366.5677666053459,835.076780489252,545.3238201361262,cam_3_1690291871_08-31-11.jpg
194,191,499.94789839169823,945.9131980262185,1705.5109950025512,1986.560880743386,cam_3_1690291871_08-31-11.jpg
194,192,637.9942506566299,1060.3836037441502,2111.3538090135794,2079.618684619136,cam_3_1690291871_08-31-11.jpg
194,212,399.332469937894,531.4094974663951,1132.5704016571658,991.0768465426598,cam_3_1690291871_08-31-11.jpg
194,231,934.1218315898072,224.14063836265282,1297.975080844622,464.1707709795012,cam_3_1690291871_08-31-11.jpg
194,233,340.86459440057064,463.14412105712614,967.1938444826526,703.2667767883279,cam_3_1690291871_08-31-11.jpg
194,237,2215.0750556667954,451.55870195413405,2679.9890169995706,646.1527791604681,cam_3_1690291871_08-31-11.jpg
194,243,1378.0583298731653,366.09740809750485,1765.7091785816233,568.8858364426194,cam_3_1690291871_08-31-11.jpg
195,1,1532.9826710283749,431.7931491080682,1970.5286262717887,647.4046608957066,cam_3_1690291946_08-32-26.jpg
195,145,1162.7428982362728,265.0232710500293,1654.9715414286784,591.34879197051,cam_3_1690291946_08-32-26.jpg
195,177,2120.075531212579,409.09356344619965,2489.668790704585,575.4079286811275,cam_3_1690291946_08-32-26.jpg
195,191,510.0690506995254,939.5649113993592,1687.8012254756948,1968.5990146069807,cam_3_1690291946_08-32-26.jpg
195,192,680.9521720792677,1073.3331720499464,2069.9286281515333,2046.764585505679,cam_3_1690291946_08-32-26.jpg
195,197,424.6698889449278,421.46187049192247,914.5075970970231,646.6633623985942,cam_3_1690291946_08-32-26.jpg
195,209,324.45236559322746,354.6649855126859,883.532346621129,543.2304224930367,cam_3_1690291946_08-32-26.jpg
195,212,424.5477439976379,528.1659030781019,1143.8804549478828,978.9705605222507,cam_3_1690291946_08-32-26.jpg
195,231,931.5121224252646,220.82021861651856,1299.1474202538325,463.33699539070994,cam_3_1690291946_08-32-26.jpg
195,233,336.45381404859484,462.0152136615753,1022.9271438310683,731.6057035477388,cam_3_1690291946_08-32-26.jpg
195,237,2210.683540316575,448.831144931449,2679.360636114569,643.9370760275433,cam_3_1690291946_08-32-26.jpg
195,243,1375.209272772282,364.68814092505676,1765.1908284699098,568.7147424525718,cam_3_1690291946_08-32-26.jpg
196,1,1531.8213596042756,432.3669949175343,1969.9371748231013,647.8687894524943,cam_3_1690292021_08-33-41.jpg
196,145,1164.451033323926,264.5034386970429,1652.8142869404214,589.19126975169,cam_3_1690292021_08-33-41.jpg
196,167,393.7497350725731,386.7175475759549,850.2534915042563,633.4427662353113,cam_3_1690292021_08-33-41.jpg
196,177,2112.8873243814824,409.76018168185936,2492.2773427003553,581.3990652081364,cam_3_1690292021_08-33-41.jpg
196,192,630.067220438724,1076.4975811131794,2091.1928121954797,2119.456088715923,cam_3_1690292021_08-33-41.jpg
196,206,611.0137059178869,917.6963170248141,1566.1883264370863,1657.2830449567318,cam_3_1690292021_08-33-41.jpg
196,209,493.09297806677677,407.2270194164779,900.0689749384132,547.806684138633,cam_3_1690292021_08-33-41.jpg
196,212,448.7019539838193,532.1173761557395,1165.3697804816488,985.8056895406215,cam_3_1690292021_08-33-41.jpg
196,231,932.463528637076,219.14493315179664,1304.261870122555,464.70770750327733,cam_3_1690292021_08-33-41.jpg
196,235,450.74763364850423,454.31219890677426,919.8511786904835,787.7258875256182,cam_3_1690292021_08-33-41.jpg
196,237,2211.6819592628103,448.49066988258096,2679.8826297876603,642.4465777405269,cam_3_1690292021_08-33-41.jpg
196,243,1377.5914747929405,364.3505976902067,1769.1392077035493,569.0601886008137,cam_3_1690292021_08-33-41.jpg
197,1,1535.0794432001512,432.3392292365379,1974.7942903093308,647.8924557766168,cam_3_1690292111_08-35-11.jpg
197,145,1167.489174416436,264.1121047792962,1656.1028186775634,589.9853998678882,cam_3_1690292111_08-35-11.jpg
197,167,419.92238125060476,405.40224073678644,869.9796987533261,645.123885745537,cam_3_1690292111_08-35-11.jpg
197,177,2112.89248382178,408.9461911240479,2489.0291494436024,579.177573522698,cam_3_1690292111_08-35-11.jpg
197,191,543.844051399223,909.7324217573425,1665.7275378614574,1900.648085944962,cam_3_1690292111_08-35-11.jpg
197,192,560.4664305707998,1113.1770699922658,2025.14506595363,2173.908885788748,cam_3_1690292111_08-35-11.jpg
197,194,712.7836464905919,886.6592482373309,1663.0672723526927,1445.7560231793082,cam_3_1690292111_08-35-11.jpg
197,212,443.5261041716537,537.8875156048963,1156.0991517158473,990.7579694959851,cam_3_1690292111_08-35-11.jpg
197,231,929.8944726829725,219.6830098419968,1303.7564151247354,466.6535196390487,cam_3_1690292111_08-35-11.jpg
197,235,458.06468930601545,463.96815635500354,921.0716966440705,789.0754909362948,cam_3_1690292111_08-35-11.jpg
197,237,2215.3126293652676,450.66217400204835,2683.370051757685,643.7441393410664,cam_3_1690292111_08-35-11.jpg
197,243,1379.6548546355018,364.3166055883155,1773.770932775775,570.0497124030975,cam_3_1690292111_08-35-11.jpg
198,1,1531.3047891344993,431.702899833181,1973.20267486714,648.2096566755082,cam_3_1690292261_08-37-41.jpg
198,145,1168.251156971232,266.7280648037442,1654.321666718282,591.7831990357488,cam_3_1690292261_08-37-41.jpg
198,177,2117.6068264704227,410.30446175286477,2492.310308141385,581.3529794186585,cam_3_1690292261_08-37-41.jpg
198,191,514.2269532086284,906.8671131876013,1678.5943444362124,1933.629402499544,cam_3_1690292261_08-37-41.jpg
198,192,627.7004537362908,1104.341066591815,1989.5204826258823,2071.8002354325663,cam_3_1690292261_08-37-41.jpg
198,194,784.0598994720017,903.7273659060406,1678.9406442538752,1427.2419058671153,cam_3_1690292261_08-37-41.jpg
198,197,357.6794882798522,384.5696950565828,842.6720987984929,609.2863185987055,cam_3_1690292261_08-37-41.jpg
198,212,453.80143674461243,536.8535784126525,1154.1425610213225,980.1090438221312,cam_3_1690292261_08-37-41.jpg
198,231,935.0083824092562,223.6940913071116,1299.9491976254694,464.55511038648126,cam_3_1690292261_08-37-41.jpg
198,235,471.6356645485931,436.3249937947129,896.7278956228207,732.016700362247,cam_3_1690292261_08-37-41.jpg
198,237,2215.3808357861926,452.90046262943395,2680.6531681169236,643.6642247742197,cam_3_1690292261_08-37-41.jpg
198,243,1375.9773658793342,364.29352472275104,1772.0972296666152,571.1565151857313,cam_3_1690292261_08-37-41.jpg
199,1,1531.9669040119354,430.7190498141394,1975.9784632193364,647.8867173189789,cam_3_1690292396_08-39-56.jpg
199,145,1175.1528602275503,270.636357263867,1647.4737625120079,588.313557813045,cam_3_1690292396_08-39-56.jpg
199,177,2116.1489713950614,411.34388210403,2498.715623339119,588.3119869823897,cam_3_1690292396_08-39-56.jpg
199,197,357.6646920240114,371.2251917436998,818.4379613110689,581.8188905715871,cam_3_1690292396_08-39-56.jpg
199,231,927.9797340993816,222.73582370798383,1296.7551101795952,466.72279466526584,cam_3_1690292396_08-39-56.jpg
199,235,462.64043815541254,411.92400908798743,927.5828944252899,731.4674766379812,cam_3_1690292396_08-39-56.jpg
199,237,2223.535122135019,454.3868012272593,2694.8080949124833,648.1069185455876,cam_3_1690292396_08-39-56.jpg
199,243,1375.5225939551174,368.4683884427155,1769.217425730783,573.9864428575161,cam_3_1690292396_08-39-56.jpg
199,245,521.10785408066,369.0486488646439,839.5963962619173,477.09063182318863,cam_3_1690292396_08-39-56.jpg
200,1,1526.0129122318722,431.643104472687,1968.880484679635,647.6044996499652,cam_3_1690292456_08-40-56.jpg
200,7,817.5507351010021,328.6314675263334,1149.3380320905121,599.1258397907579,cam_3_1690292456_08-40-56.jpg
200,145,1175.8912604172685,267.67037956668,1649.8305525330422,587.6889531187612,cam_3_1690292456_08-40-56.jpg
200,177,2116.692726799718,414.7665714004971,2494.0245384340224,590.3366682357976,cam_3_1690292456_08-40-56.jpg
200,178,364.8645486252848,359.12974684627113,810.6439146351311,544.1219466807291,cam_3_1690292456_08-40-56.jpg
200,231,946.0120161861776,224.85017491653954,1272.1797853447667,437.5160319111535,cam_3_1690292456_08-40-56.jpg
200,235,429.20080252661876,401.71617008224547,937.0519579652987,748.6319903511601,cam_3_1690292456_08-40-56.jpg
200,237,2217.4128880842854,452.95906627770864,2689.844335605735,646.3933266595236,cam_3_1690292456_08-40-56.jpg
200,243,1377.3948497731049,369.2878176377363,1768.6280082419244,573.2723548504978,cam_3_1690292456_08-40-56.jpg
201,1,1522.4667796955337,431.55628651796087,1969.0914232906964,648.768860306644,cam_3_1690292471_08-41-11.jpg
201,7,793.3623581535472,332.4550396804934,1127.2519749490334,600.0373052677332,cam_3_1690292471_08-41-11.jpg
201,145,1177.2825001426968,269.4732226332714,1644.9074307448489,586.0020133473934,cam_3_1690292471_08-41-11.jpg
201,177,2113.9848135929524,416.0059700506967,2491.3343620154087,592.3535941665613,cam_3_1690292471_08-41-11.jpg
201,185,345.9251234742034,400.28387495228526,866.4179609164839,598.7728660875692,cam_3_1690292471_08-41-11.jpg
201,231,937.5190094314597,222.3822598022888,1284.901376103947,449.5268387308472,cam_3_1690292471_08-41-11.jpg
201,235,439.10073071234746,410.1843897117234,949.8706929030516,762.2588975751253,cam_3_1690292471_08-41-11.jpg
201,237,2216.423785930234,453.0111780205844,2689.335925188313,645.771718801064,cam_3_1690292471_08-41-11.jpg
201,243,1378.4961444326625,369.20883941854265,1767.9756286815023,571.9206939657781,cam_3_1690292471_08-41-11.jpg
201,245,533.191585660492,355.06096419941196,828.0805998710432,454.8186600015679,cam_3_1690292471_08-41-11.jpg
201,246,1271.4384660792216,195.67038822462473,1561.7777872475235,293.9851863999698,cam_3_1690292471_08-41-11.jpg
201,247,1724.5126230615392,211.0102640036651,2104.551472539667,383.4081166603572,cam_3_1690292471_08-41-11.jpg
202,1,1526.1791002790399,431.62611880322805,1977.334171795806,650.3716628835966,cam_3_1690292591_08-43-11.jpg
202,7,788.3332548468179,331.55159728701716,1127.6488292229942,603.0170583038348,cam_3_1690292591_08-43-11.jpg
202,145,1182.031656837352,271.41262447220777,1647.0149605480929,587.0903881967595,cam_3_1690292591_08-43-11.jpg
202,177,2112.7725465226613,413.0872513380877,2480.2471524722473,584.807326170968,cam_3_1690292591_08-43-11.jpg
202,185,359.9284267077869,363.3535255284644,799.0605715125885,529.8275231710584,cam_3_1690292591_08-43-11.jpg
202,197,358.10182014176866,383.61521591629776,851.0758523451541,608.671338399103,cam_3_1690292591_08-43-11.jpg
202,231,935.6488159907288,219.9697788106991,1295.4153908582803,455.5821200054136,cam_3_1690292591_08-43-11.jpg
202,235,442.3171275138449,413.2708388284877,940.8112770856703,757.6983017521075,cam_3_1690292591_08-43-11.jpg
202,237,2216.9316196669797,450.6813345367924,2688.27640259542,641.9293834589037,cam_3_1690292591_08-43-11.jpg
202,243,1379.035362460874,371.9556147833116,1767.6038001081542,573.9479564556776,cam_3_1690292591_08-43-11.jpg
202,246,1258.599763493472,197.5053021132527,1547.8343582453945,297.10443762968396,cam_3_1690292591_08-43-11.jpg
202,247,1734.0639362453567,207.648342781976,2133.9503981237503,390.0735998689863,cam_3_1690292591_08-43-11.jpg
203,1,1521.8579886662012,429.7750954025369,1976.8194405503477,649.8969906285997,cam_3_1690292711_08-45-11.jpg
203,7,800.3349607506809,328.7191727734491,1134.027958718429,595.2270112588415,cam_3_1690292711_08-45-11.jpg
203,145,1184.0624475221787,264.04383867237516,1658.0291214812557,587.2496300276455,cam_3_1690292711_08-45-11.jpg
203,177,2110.8979787477238,411.4741398909248,2480.1016841025917,584.3949901773783,cam_3_1690292711_08-45-11.jpg
203,185,369.56161171627195,359.46595317051816,787.7418859405439,515.8838230915128,cam_3_1690292711_08-45-11.jpg
203,197,360.78556692000234,367.5168467783923,828.5299017813306,578.2613159410466,cam_3_1690292711_08-45-11.jpg
203,231,935.2745299795762,219.781721309365,1292.778741172436,453.7901600447801,cam_3_1690292711_08-45-11.jpg
203,235,443.27712975817906,401.8942992174872,939.7727564032663,744.9737105748763,cam_3_1690292711_08-45-11.jpg
203,237,2214.6787435164283,448.52795184348076,2688.12909523909,639.7713263070106,cam_3_1690292711_08-45-11.jpg
203,243,1378.5390652116994,370.50911411952416,1768.4560600880397,573.00166218885,cam_3_1690292711_08-45-11.jpg
203,246,1233.1448820645073,201.31998916463675,1515.712393360233,301.04376062640915,cam_3_1690292711_08-45-11.jpg
203,247,1746.2002192242396,205.51015694277726,2138.849345954259,385.52258912339914,cam_3_1690292711_08-45-11.jpg
204,1,1551.0835747380452,430.7690721858274,1974.6576170177298,636.4976223600894,cam_3_1690292801_08-46-41.jpg
204,145,1192.3229889139707,271.0902840233266,1654.7541231705952,587.4593690239037,cam_3_1690292801_08-46-41.jpg
204,151,1256.2301482217101,410.3844622833543,1727.0627198144894,757.2787661256199,cam_3_1690292801_08-46-41.jpg
204,177,2119.3593511530985,412.65480926479916,2491.946643089759,588.9445258911458,cam_3_1690292801_08-46-41.jpg
204,197,333.2805975355717,369.5319681644231,860.6299713256896,617.7006115914323,cam_3_1690292801_08-46-41.jpg
204,204,1022.7726186823439,325.3989440647855,1271.18627722257,619.5892318445985,cam_3_1690292801_08-46-41.jpg
204,237,2222.454279529004,447.5214555059862,2698.9141564957263,640.5249728611574,cam_3_1690292801_08-46-41.jpg
204,243,1452.455839306473,363.85850736959594,1756.962060235785,519.7227865901077,cam_3_1690292801_08-46-41.jpg
204,246,1243.6592543952918,200.69231646442472,1530.7021637937555,303.79657776385136,cam_3_1690292801_08-46-41.jpg
204,247,1737.5919043288714,208.28313623802177,2125.80454691028,386.5994781958793,cam_3_1690292801_08-46-41.jpg
205,1,1530.1292120594744,429.1404263462787,1975.3018282827832,645.3908946275635,cam_3_1690292921_08-48-41.jpg
205,98,723.8600633449366,305.4679181929972,966.1516145994916,520.7967296294141,cam_3_1690292921_08-48-41.jpg
205,145,1194.1367735345684,273.82402146609076,1651.3902913405716,587.1931493738928,cam_3_1690292921_08-48-41.jpg
205,167,378.9863184713645,372.03383546311704,884.7291097384816,647.798797321982,cam_3_1690292921_08-48-41.jpg
205,177,2111.6385879627937,414.03453379106145,2489.6523969649434,593.2662186806922,cam_3_1690292921_08-48-41.jpg
205,181,590.2465898945657,310.473583029572,957.9715547771858,520.9912924975222,cam_3_1690292921_08-48-41.jpg
205,197,366.26648951760683,354.330405097774,796.3204466113448,558.0943168838979,cam_3_1690292921_08-48-41.jpg
205,204,1047.9710743771634,308.2748228345397,1287.3153996841415,594.2086788682311,cam_3_1690292921_08-48-41.jpg
205,237,2227.277735868943,448.62730987285073,2706.5551570954117,643.6545369505521,cam_3_1690292921_08-48-41.jpg
205,243,1394.8442644306347,368.13484499177866,1768.1499785970275,559.4198013283437,cam_3_1690292921_08-48-41.jpg
205,246,1252.681261451023,206.7597334720118,1534.783051714306,309.1894569433964,cam_3_1690292921_08-48-41.jpg
205,247,1744.6340626747594,209.35359150725733,2115.267615015851,380.4771448386018,cam_3_1690292921_08-48-41.jpg
206,1,1525.0674048558571,429.4199815995437,1975.754265306631,648.1924901737841,cam_3_1690292936_08-48-56.jpg
206,145,1196.4410553448656,272.55848067917043,1651.9897367432714,585.6238436203012,cam_3_1690292936_08-48-56.jpg
206,167,388.95512077047124,378.0512473664264,886.3383826518375,657.4418102131826,cam_3_1690292936_08-48-56.jpg
206,177,2108.841808309198,415.1963799189308,2489.434277970366,596.0171097960731,cam_3_1690292936_08-48-56.jpg
206,181,577.1414227380722,307.9985223081421,949.9191123246583,519.2024697604941,cam_3_1690292936_08-48-56.jpg
206,204,1058.9967356741206,299.7541379738728,1296.871304756887,583.7703465307609,cam_3_1690292936_08-48-56.jpg
206,237,2231.173333481785,447.61482012161105,2711.978946574869,644.3836843331333,cam_3_1690292936_08-48-56.jpg
206,243,1380.5915243503132,367.2527859030861,1770.7443519023361,567.4500524919301,cam_3_1690292936_08-48-56.jpg
206,246,1249.9986670862982,211.5206434727122,1512.4258641583287,307.6148058501076,cam_3_1690292936_08-48-56.jpg
206,247,1750.167770747957,211.44817694654552,2113.1063392562987,380.21230788922617,cam_3_1690292936_08-48-56.jpg
207,1,1522.9224520210873,430.11351028305234,1976.651659695456,650.1519393392092,cam_3_1690293041_08-50-41.jpg
207,145,1196.2729835655616,272.5079377757004,1651.1769859974459,585.6014908054585,cam_3_1690293041_08-50-41.jpg
207,167,370.6950419830165,375.2830097732985,863.0455658421827,651.8207558251638,cam_3_1690293041_08-50-41.jpg
207,177,2110.209389523496,417.74988967401555,2487.2454333526875,596.6964005633829,cam_3_1690293041_08-50-41.jpg
207,178,373.61915688287866,341.2372983950995,766.2593066628965,502.2203369917955,cam_3_1690293041_08-50-41.jpg
207,204,1064.6314649874957,297.2467566948605,1301.6588806433788,579.5422133406792,cam_3_1690293041_08-50-41.jpg
207,209,514.6944530660822,327.4606430150844,817.4206903318703,431.4684881964783,cam_3_1690293041_08-50-41.jpg
207,237,2216.855528916301,449.3632355830635,2703.3833118999273,648.5546132327896,cam_3_1690293041_08-50-41.jpg
207,243,1374.8961687728913,369.51976614306983,1771.1712963298971,572.7992041821354,cam_3_1690293041_08-50-41.jpg
207,246,1274.7029555940517,198.08147437106314,1532.2473613050097,293.8277331053059,cam_3_1690293041_08-50-41.jpg
207,247,1735.6115936979309,210.36928395190805,2109.2361952859546,384.6090427427889,cam_3_1690293041_08-50-41.jpg
208,1,1517.4380638037328,428.24632246979354,1975.8141840682138,650.2647190307146,cam_3_1690293131_08-52-11.jpg
208,145,1189.3812648861617,272.5986600955732,1642.3517111929846,586.1539645660952,cam_3_1690293131_08-52-11.jpg
208,167,384.49961824976776,374.1616752792414,863.6818263186537,643.3805737433955,cam_3_1690293131_08-52-11.jpg
208,175,523.6404482740065,337.05469151865816,815.2338300601266,423.90822314869627,cam_3_1690293131_08-52-11.jpg
208,177,2108.1765936500315,413.2976845501941,2479.763133871902,589.8346879748992,cam_3_1690293131_08-52-11.jpg
208,204,1059.6836339872386,298.33107431812215,1294.0146586217047,578.5784097527956,cam_3_1690293131_08-52-11.jpg
208,237,2211.7661224508593,448.69834338341275,2698.3799976800055,647.3222039085388,cam_3_1690293131_08-52-11.jpg
208,243,1372.5961608147609,369.91935995931,1770.730067608648,574.5096106650221,cam_3_1690293131_08-52-11.jpg
208,246,1275.2775837929787,194.0553289440299,1525.6563067128238,287.9265537495879,cam_3_1690293131_08-52-11.jpg
208,247,1735.6957599625034,211.87848648065577,2097.4365096272163,380.60535023564114,cam_3_1690293131_08-52-11.jpg
209,1,1520.045659950424,427.9556805759529,1976.9547544896805,649.3770982226907,cam_3_1690293146_08-52-26.jpg
209,84,553.0944296745324,430.3560790698789,855.5351709240958,726.8696911991324,cam_3_1690293146_08-52-26.jpg
209,145,1189.3328164165985,272.3648960205853,1639.5414683363451,585.6354108411629,cam_3_1690293146_08-52-26.jpg
209,177,2105.7925112587104,414.385439395214,2482.760731388324,593.92493741459,cam_3_1690293146_08-52-26.jpg
209,204,1028.6036689672378,304.4355429315772,1251.0590593118588,579.7928818146502,cam_3_1690293146_08-52-26.jpg
209,212,633.4302135761616,345.4194011230201,1041.8758280432974,602.9402459268504,cam_3_1690293146_08-52-26.jpg
209,237,2227.397450336791,449.5524410973749,2707.3076995440906,646.6137416305133,cam_3_1690293146_08-52-26.jpg
209,243,1372.199648558205,370.05299333667875,1773.0943720530086,576.339273304153,cam_3_1690293146_08-52-26.jpg
209,246,1270.805764669004,199.9391262130646,1517.9176102455215,293.2769590807452,cam_3_1690293146_08-52-26.jpg
209,247,1738.298842563352,209.77973393802654,2107.9545323995762,381.731957488769,cam_3_1690293146_08-52-26.jpg
210,1,1521.032478371177,429.4306489315576,1976.5710343323929,650.0625078953076,cam_3_1690293161_08-52-41.jpg
210,145,1191.3872736347007,274.549652510683,1634.1374346069288,583.5914434303793,cam_3_1690293161_08-52-41.jpg
210,177,2109.6869698406776,415.71426779339697,2482.6741138266298,593.198285353764,cam_3_1690293161_08-52-41.jpg
210,204,1022.0618068700755,307.0434363440578,1234.275156200416,578.201594910704,cam_3_1690293161_08-52-41.jpg
210,212,627.2043780362305,338.73859340824816,1053.1854683101562,611.7044214586365,cam_3_1690293161_08-52-41.jpg
210,227,802.6157000977026,638.9064800102817,1251.881428549646,1077.705262553156,cam_3_1690293161_08-52-41.jpg
210,237,2231.0521886640063,450.1822067657323,2705.9370933642313,645.7952199070021,cam_3_1690293161_08-52-41.jpg
210,243,1372.323959557656,371.2756267964668,1771.7528039672761,577.0163903749885,cam_3_1690293161_08-52-41.jpg
210,246,1262.6222289709772,204.5116145904152,1520.567838696259,302.99230818490355,cam_3_1690293161_08-52-41.jpg
210,247,1740.1043474316796,210.04011770655185,2111.8160250979354,382.3763670811071,cam_3_1690293161_08-52-41.jpg
210,252,1444.334769830671,191.90928633801778,1658.354363828428,293.42072951496675,cam_3_1690293161_08-52-41.jpg
211,1,1526.2832719350477,430.0765666986309,1981.0699681441981,649.8985616698828,cam_3_1690293206_08-53-26.jpg
211,145,1216.065128401594,267.91049771050353,1635.4272247099823,558.4644473951466,cam_3_1690293206_08-53-26.jpg
211,177,2107.7670978135525,415.3142580063178,2485.4233057283054,595.2951449643285,cam_3_1690293206_08-53-26.jpg
211,212,601.3323540178023,379.98664114680173,1024.3586559280657,669.8417898447256,cam_3_1690293206_08-53-26.jpg
211,231,848.4370534275841,286.7197871226035,1246.9532297747744,552.6846106637156,cam_3_1690293206_08-53-26.jpg
211,237,2231.4204379863886,449.44127381623355,2706.9139915222127,645.9428792517164,cam_3_1690293206_08-53-26.jpg
211,243,1372.2102311036656,371.5571288256732,1766.9789610205028,575.1256053425994,cam_3_1690293206_08-53-26.jpg
211,246,1266.121458756624,198.66059489715485,1477.4165355891614,277.86721384595467,cam_3_1690293206_08-53-26.jpg
211,247,1745.491455462913,208.90361134688015,2117.85695311185,381.2847824300339,cam_3_1690293206_08-53-26.jpg
211,252,1436.8059778576762,193.02051463541358,1647.382886625727,292.16109198258846,cam_3_1690293206_08-53-26.jpg
212,1,1527.0310204993689,428.4932393803214,1980.7825096287356,648.4454142788302,cam_3_1690293221_08-53-41.jpg
212,145,1223.0182730570357,263.64976796737346,1635.3056224454713,547.2433781327229,cam_3_1690293221_08-53-41.jpg
212,177,2106.7721710876963,412.29891349163915,2480.6196714406133,590.3728880557089,cam_3_1690293221_08-53-41.jpg
212,204,1000.259675538979,294.49498325844513,1207.3746204134973,547.5905729824331,cam_3_1690293221_08-53-41.jpg
212,237,2214.2415038052736,448.6631344864499,2691.7379860314063,645.2677938953864,cam_3_1690293221_08-53-41.jpg
212,243,1373.064866928397,368.3196798409477,1770.5611094084916,573.6400175142894,cam_3_1690293221_08-53-41.jpg
212,247,1749.6533088784668,208.83914036722535,2121.5856142184202,380.4825816045493,cam_3_1690293221_08-53-41.jpg
212,252,1437.2676107887687,195.36560955799138,1638.2516624729574,288.7424466291418,cam_3_1690293221_08-53-41.jpg
213,1,1524.8621929264305,431.10696848580113,1974.9189539514714,649.2506176253494,cam_3_1690293326_08-55-26.jpg
213,145,1202.4996335197498,271.8647719045705,1638.4306547559663,573.8362308364143,cam_3_1690293326_08-55-26.jpg
213,177,2106.1347136236304,413.3630689003356,2481.051731689369,592.2885844976498,cam_3_1690293326_08-55-26.jpg
213,204,1031.487752430627,324.77635839920464,1268.9976002499789,620.8951020106811,cam_3_1690293326_08-55-26.jpg
213,237,2211.2495852564975,449.17566781726475,2693.5601399205084,646.9114721545441,cam_3_1690293326_08-55-26.jpg
213,243,1373.3057443453613,368.3532991980263,1771.184991207317,574.2988172901778,cam_3_1690293326_08-55-26.jpg
213,247,1761.0302746098585,205.72827294852905,2138.177385093083,380.4875743202057,cam_3_1690293326_08-55-26.jpg
213,252,1431.9944196174922,193.0688547512195,1650.0305701773523,293.9905027990664,cam_3_1690293326_08-55-26.jpg
214,1,1521.3100795967202,429.95253966071783,1974.1225494690555,649.2003141907007,cam_3_1690293341_08-55-41.jpg
214,145,1200.8343783006248,276.1771495867516,1640.2961810585327,581.1670678093047,cam_3_1690293341_08-55-41.jpg
214,177,2105.195665432481,412.85671930224737,2481.3669272486486,592.5986059792967,cam_3_1690293341_08-55-41.jpg
214,204,1043.332779744276,334.8768312997663,1286.9972667111454,643.3353698364085,cam_3_1690293341_08-55-41.jpg
214,237,2207.094702655807,451.5790855170806,2693.386152525743,650.343399542169,cam_3_1690293341_08-55-41.jpg
214,243,1372.4198194849894,369.9693868860733,1769.0723134827813,575.5482761376368,cam_3_1690293341_08-55-41.jpg
214,247,1762.4029486859877,204.5860222555645,2145.3581167026823,383.27105034506997,cam_3_1690293341_08-55-41.jpg
214,252,1432.2575387912793,195.9365621713981,1642.9328630802565,292.69495253010405,cam_3_1690293341_08-55-41.jpg
214,255,635.3187074396822,467.7092011439987,866.6101550352272,817.2429804998706,cam_3_1690293341_08-55-41.jpg
215,1,1519.9131518174154,430.00164391092534,1973.030317082045,649.2927506645276,cam_3_1690293356_08-55-56.jpg
215,145,1191.744081256892,273.8023307304687,1640.8870247677949,587.1119355928591,cam_3_1690293356_08-55-56.jpg
215,177,2104.953708666749,410.70370409102134,2479.8302102864245,589.9731552778798,cam_3_1690293356_08-55-56.jpg
215,191,1095.9284063655427,1511.9509383145532,2487.679028461059,2773.3637160001854,cam_3_1690293356_08-55-56.jpg
215,204,1043.4336347943886,340.578116583025,1286.1723355013637,652.1865509946208,cam_3_1690293356_08-55-56.jpg
215,237,2201.812942938824,451.61056134789,2692.4734971949783,651.5174772085486,cam_3_1690293356_08-55-56.jpg
215,243,1374.1024104652643,369.4867697451568,1767.5024690150174,573.3677545397081,cam_3_1690293356_08-55-56.jpg
215,247,1765.6983162908214,204.33879058166303,2149.4351587775977,384.5289502830094,cam_3_1690293356_08-55-56.jpg
215,252,1415.0683885054066,191.96429208061036,1622.8348378428407,286.7764398790737,cam_3_1690293356_08-55-56.jpg
215,258,1356.5549374906973,202.94131927125983,1594.0941016219615,303.87043162944866,cam_3_1690293356_08-55-56.jpg
216,1,1524.7557327105444,429.01152768693595,1981.4800485215214,650.0766047580602,cam_3_1690293401_08-56-41.jpg
216,145,1191.4916487357125,273.6260927020851,1635.82430522892,584.3694121270466,cam_3_1690293401_08-56-41.jpg
216,177,2107.9980321277385,411.11071696986903,2475.26113826407,586.4188296656985,cam_3_1690293401_08-56-41.jpg
216,191,1172.1177833140384,1487.9893516941374,2556.6128928187236,2797.0885576735363,cam_3_1690293401_08-56-41.jpg
216,204,1055.52381624319,344.24150563663636,1294.7425600056063,655.4540006436825,cam_3_1690293401_08-56-41.jpg
216,237,2197.719236645952,450.8973028820811,2692.659640718602,651.9057498378424,cam_3_1690293401_08-56-41.jpg
216,243,1373.0569573257908,369.55505159014126,1765.405800697057,573.1217214351312,cam_3_1690293401_08-56-41.jpg
216,247,1764.6998690405908,203.68500027392943,2148.5255826270704,385.078672608858,cam_3_1690293401_08-56-41.jpg
216,252,1398.107336254171,193.37671392661287,1606.4076448418919,287.00801676125286,cam_3_1690293401_08-56-41.jpg
217,1,1521.1639907777294,428.6665267070597,1979.84630661098,650.6502632742439,cam_3_1690293566_08-59-26.jpg
217,145,1195.1552881866226,276.6891530729306,1640.8203471016673,588.8057328174134,cam_3_1690293566_08-59-26.jpg
217,162,2073.768772707138,239.1003603963866,2416.9133687240787,463.9431545599821,cam_3_1690293566_08-59-26.jpg
217,167,370.1581748040551,371.7065379129076,836.74364413849,641.0764946039299,cam_3_1690293566_08-59-26.jpg
217,177,2101.807905583966,413.383629770024,2478.7309889954545,593.7995901019087,cam_3_1690293566_08-59-26.jpg
217,237,2196.2052277953785,450.7782837358801,2698.5180625360945,654.7191268382379,cam_3_1690293566_08-59-26.jpg
217,243,1373.8639111826808,370.50790708118785,1766.9379580244529,574.5082009530349,cam_3_1690293566_08-59-26.jpg
217,247,1761.4973256980072,204.09962227412802,2139.829870833007,383.4375992571087,cam_3_1690293566_08-59-26.jpg
217,252,1341.3730151217915,214.0092821965361,1562.576561204056,310.25377841520617,cam_3_1690293566_08-59-26.jpg
217,258,1450.2973974464621,193.0662714198956,1680.4421566610847,290.50602304214453,cam_3_1690293566_08-59-26.jpg
218,1,1520.399823844179,428.2836212121239,1978.9619402646877,650.4635025417804,cam_3_1690293611_09-00-11.jpg
218,115,2004.3524707898266,384.16124601978174,2319.0566455587823,563.9224992137042,cam_3_1690293611_09-00-11.jpg
218,145,1179.4605887612338,277.6570492627551,1624.5543435553795,591.1785233239045,cam_3_1690293611_09-00-11.jpg
218,167,407.8530947780541,359.67056639294316,815.749727858866,595.7737257161918,cam_3_1690293611_09-00-11.jpg
218,175,499.44272705879655,355.54475246562447,806.548148057591,447.6746344757594,cam_3_1690293611_09-00-11.jpg
218,177,2101.1979961235597,414.6786751604654,2480.898912336956,597.0726660419841,cam_3_1690293611_09-00-11.jpg
218,212,420.96620067623263,396.06653236395226,874.4543162417319,704.7347869555999,cam_3_1690293611_09-00-11.jpg
218,237,2194.9944252160926,451.8918189691901,2698.8612103382175,655.9913313779855,cam_3_1690293611_09-00-11.jpg
218,243,1373.3598088060276,370.4782392282956,1767.9038966238174,575.3236762993967,cam_3_1690293611_09-00-11.jpg
218,247,1763.6998455341568,205.87282481766647,2136.364975578248,382.50753064833805,cam_3_1690293611_09-00-11.jpg
218,252,1263.3559804538975,217.50427639138206,1495.2492995203431,317.0733445741056,cam_3_1690293611_09-00-11.jpg
218,258,1468.0563188880094,190.399658145518,1718.761090483376,296.54221323136085,cam_3_1690293611_09-00-11.jpg
218,260,942.6606651212888,346.226542391374,1191.9283556204998,645.467968866712,cam_3_1690293611_09-00-11.jpg
219,1,1520.835048889902,426.61120816259256,1981.2487008535381,649.8186635077399,cam_3_1690293686_09-01-26.jpg
219,115,1983.1844974710798,388.45478906029797,2313.1097649685635,574.6209388869817,cam_3_1690293686_09-01-26.jpg
219,145,1264.8849578633105,270.13490299080684,1587.0081990542305,481.3822998800005,cam_3_1690293686_09-01-26.jpg
219,151,1008.0679433803629,355.8865399245818,1413.9449069570412,636.2470675173059,cam_3_1690293686_09-01-26.jpg
219,167,419.0896487771795,353.36117293733605,798.3862326745916,568.7594704646317,cam_3_1690293686_09-01-26.jpg
219,175,488.7622918160022,353.473107315039,804.7148462925923,448.97666633664426,cam_3_1690293686_09-01-26.jpg
219,177,2104.156687716702,415.7014319180115,2479.817980816327,596.5705607010417,cam_3_1690293686_09-01-26.jpg
219,212,410.8775507869269,399.0393228020484,856.3585763315621,694.7996226277432,cam_3_1690293686_09-01-26.jpg
219,237,2191.648426949464,452.4601997403556,2696.925752070846,656.6192010377301,cam_3_1690293686_09-01-26.jpg
219,243,1376.105072983536,373.20563396611016,1767.1242332516665,576.2769617538647,cam_3_1690293686_09-01-26.jpg
219,247,1760.8496292954785,206.30413326509586,2125.00621554338,378.36356972516944,cam_3_1690293686_09-01-26.jpg
219,258,1458.4865859295367,195.86947536721934,1707.0041464962144,300.2889534912937,cam_3_1690293686_09-01-26.jpg
220,1,1517.4014344003917,425.0827488127576,1983.5225805283465,652.0539541110724,cam_3_1690293881_09-04-41.jpg
220,115,1971.61646254238,387.38756090720324,2312.700166912935,578.0395553483853,cam_3_1690293881_09-04-41.jpg
220,167,414.48848849726664,346.0403397414762,788.9158198003936,556.4305445764177,cam_3_1690293881_09-04-41.jpg
220,175,491.5194461465561,347.23022938503095,810.2033074453511,446.4303872676272,cam_3_1690293881_09-04-41.jpg
220,177,2099.7769966835476,416.09499977050643,2478.658946501758,598.903689589457,cam_3_1690293881_09-04-41.jpg
220,192,1254.776898877527,308.4076190106484,1785.0074526553772,686.527956352149,cam_3_1690293881_09-04-41.jpg
220,206,1161.3822647983018,297.80456022543865,1526.4861747930813,600.9631424839766,cam_3_1690293881_09-04-41.jpg
220,212,432.4053882549882,397.8413079283713,877.0823908407272,693.0163460870344,cam_3_1690293881_09-04-41.jpg
220,237,2195.190106195601,452.2633436248725,2696.8011079840658,654.7631340579339,cam_3_1690293881_09-04-41.jpg
220,247,1721.1194337674137,208.69570028425812,2026.7505674988665,353.61774328426714,cam_3_1690293881_09-04-41.jpg
220,252,1198.5347770859732,216.36479633099614,1456.7907104908668,327.2985198278526,cam_3_1690293881_09-04-41.jpg
220,258,1418.6711843186713,198.39252548980448,1653.2289537268339,296.5265440928139,cam_3_1690293881_09-04-41.jpg
221,1,1517.7965192743293,427.43604800162495,1981.5457238268987,653.496610056301,cam_3_1690293911_09-05-11.jpg
221,115,1975.9461367451788,389.9467474123323,2314.4884424404436,578.9976623379436,cam_3_1690293911_09-05-11.jpg
221,167,395.95199321644145,347.12766273742454,782.4582432829573,560.4677644000899,cam_3_1690293911_09-05-11.jpg
221,177,2085.597761226716,425.09670556579385,2453.442096685031,603.4066702591385,cam_3_1690293911_09-05-11.jpg
221,185,516.1354923871929,343.8373090029977,791.8674506025627,446.2862180159935,cam_3_1690293911_09-05-11.jpg
221,192,1358.8500347482789,291.7369436252737,1829.7398925900416,624.5972483727985,cam_3_1690293911_09-05-11.jpg
221,206,1170.7340162666203,299.00464880104016,1534.0465378971583,615.6788941669586,cam_3_1690293911_09-05-11.jpg
221,212,426.1720114662757,395.9680812448836,878.0597629243225,693.1680493764786,cam_3_1690293911_09-05-11.jpg
221,237,2156.430185746943,458.3721212130817,2671.7247325838002,669.3153608871704,cam_3_1690293911_09-05-11.jpg
221,247,1702.180062786727,206.67743427930523,1982.2131189295592,338.9605645999502,cam_3_1690293911_09-05-11.jpg
221,252,1224.3746606391708,213.259279941683,1474.938297630524,322.2949448845022,cam_3_1690293911_09-05-11.jpg
221,258,1403.4562188780521,206.59925530745824,1635.009776571206,303.3743730726862,cam_3_1690293911_09-05-11.jpg
222,1,1519.5406955710098,427.2056594098225,1980.5083864998007,652.561795142152,cam_3_1690294001_09-06-41.jpg
222,115,1975.5391044615517,388.1093934021087,2313.1779194424516,575.4588265660618,cam_3_1690294001_09-06-41.jpg
222,167,403.1672166059203,343.721467330946,799.119050310135,562.9861717913459,cam_3_1690294001_09-06-41.jpg
222,177,2074.1183241456292,425.2543224297764,2429.0582709572077,599.9948728576936,cam_3_1690294001_09-06-41.jpg
222,185,518.1861858117657,341.5788174117463,795.8156608071093,442.3479296900713,cam_3_1690294001_09-06-41.jpg
222,192,1283.5502330117636,298.496067011042,1775.5872312142226,644.9882660945782,cam_3_1690294001_09-06-41.jpg
222,204,1152.3819104235768,300.30453872678487,1408.3123734563899,623.651218853285,cam_3_1690294001_09-06-41.jpg
222,212,420.63399193108967,392.51103847119055,857.1004583327481,678.6182768745866,cam_3_1690294001_09-06-41.jpg
222,247,1703.012614561632,206.30742188243175,1987.0623489433938,341.6416469419247,cam_3_1690294001_09-06-41.jpg
222,252,1149.329692024117,222.2208547318463,1411.0519298202848,338.14268086563317,cam_3_1690294001_09-06-41.jpg
222,258,1382.8348494480422,211.94878220107617,1612.4514971056744,307.6898057540624,cam_3_1690294001_09-06-41.jpg
223,1,1522.8524138812675,426.24970653725364,1985.0407365615033,652.7813598566473,cam_3_1690294151_09-09-11.jpg
223,115,1963.2717937867917,389.9994072389094,2304.0072419989065,578.6947795068861,cam_3_1690294151_09-09-11.jpg
223,177,2100.129003834359,417.40963361550575,2478.8449549777183,604.0675790588609,cam_3_1690294151_09-09-11.jpg
223,178,348.8323860703722,347.65461870775835,766.676776176819,517.3703722637052,cam_3_1690294151_09-09-11.jpg
223,192,1271.0101294339327,299.84262162601624,1770.3428330575305,653.4796341553756,cam_3_1690294151_09-09-11.jpg
223,204,1149.3880821703544,292.3955434824502,1417.6567326475226,618.0640517161153,cam_3_1690294151_09-09-11.jpg
223,212,409.31692430258386,396.5259860452513,839.9487658989246,673.7420781280841,cam_3_1690294151_09-09-11.jpg
223,247,1681.9959305756174,202.8522198342942,1998.38524976557,355.6183913791185,cam_3_1690294151_09-09-11.jpg
223,252,1033.718110515636,225.54940269686824,1355.15119983801,369.8434951378573,cam_3_1690294151_09-09-11.jpg
223,258,1321.3832075855041,213.1889196550261,1575.6893571360847,318.3913923908241,cam_3_1690294151_09-09-11.jpg
223,265,1489.8265710599267,193.3191802752608,1715.9454074168048,285.4789954797378,cam_3_1690294151_09-09-11.jpg
224,1,1523.7330104152684,428.43207677798443,1979.8372132899458,652.8043168750502,cam_3_1690294181_09-09-41.jpg
224,115,1961.202927082703,389.6423897171932,2305.9194111095953,580.0234901321246,cam_3_1690294181_09-09-41.jpg
224,167,424.34389952970815,339.1814320499906,783.6991503281954,537.0639005459489,cam_3_1690294181_09-09-41.jpg
224,177,2100.148832686701,414.4683945104573,2498.5756260441153,611.0576494036391,cam_3_1690294181_09-09-41.jpg
224,178,407.35074522197465,347.83037356275963,783.908089641674,500.29028041770056,cam_3_1690294181_09-09-41.jpg
224,185,505.29491767443255,345.24021210111925,792.7599466500344,449.75552301075163,cam_3_1690294181_09-09-41.jpg
224,192,1270.0966133095146,301.0143323993434,1770.0519661281255,655.8262568705445,cam_3_1690294181_09-09-41.jpg
224,204,1142.1748045764132,285.4590425698244,1421.4931235696931,614.733020494315,cam_3_1690294181_09-09-41.jpg
224,212,425.4783627283855,404.16261436864625,846.4179617745908,674.9197139049668,cam_3_1690294181_09-09-41.jpg
224,247,1681.838772765581,202.48691134663926,1976.845514488747,344.4304258645267,cam_3_1690294181_09-09-41.jpg
224,252,1008.5767406952824,226.07068185177826,1342.997513230677,377.26309324621394,cam_3_1690294181_09-09-41.jpg
224,258,1286.8678850984375,213.42987115063937,1545.3662301688466,320.2423325965777,cam_3_1690294181_09-09-41.jpg
224,265,1418.2790209185305,190.64648425688821,1656.5863043921909,288.4944463007694,cam_3_1690294181_09-09-41.jpg
225,1,1528.5514004098789,424.2990382794336,1985.826364618323,649.9371690585327,cam_3_1690294331_09-12-11.jpg
225,115,1957.979209697051,391.2059840118886,2309.1821003175646,583.4361875055876,cam_3_1690294331_09-12-11.jpg
225,167,418.4072669532095,342.35715812736817,784.9304761149535,541.179881944707,cam_3_1690294331_09-12-11.jpg
225,177,2101.199857416751,413.82110751398113,2507.815748771229,614.6932091275012,cam_3_1690294331_09-12-11.jpg
225,178,424.8401373649448,346.6849162863101,792.1137951504772,491.49504695684857,cam_3_1690294331_09-12-11.jpg
225,185,514.2782684209931,344.7426464153685,797.3438708748272,446.1785235526386,cam_3_1690294331_09-12-11.jpg
225,192,1266.0328873654698,300.5020557800324,1769.2530915002872,659.6812056601116,cam_3_1690294331_09-12-11.jpg
225,204,1146.3375447842309,285.4959583475743,1433.1530217520415,617.6667382415131,cam_3_1690294331_09-12-11.jpg
225,212,416.12211406875747,402.6478663816383,838.9339053948285,671.0384953490163,cam_3_1690294331_09-12-11.jpg
225,247,1678.462632895133,204.16325142808824,1984.709233194788,352.319668878246,cam_3_1690294331_09-12-11.jpg
225,252,984.9947331911629,223.78767478725425,1336.4243408571626,383.31795257565227,cam_3_1690294331_09-12-11.jpg
225,258,1282.918273022223,208.52765289143224,1552.7744610509549,320.30466525770237,cam_3_1690294331_09-12-11.jpg
225,265,1431.4626818558966,190.42628726102947,1690.601921184344,298.3796338914882,cam_3_1690294331_09-12-11.jpg
226,1,1522.8025386254228,424.3590613110452,1977.9370995535671,649.2701548889454,cam_3_1690294421_09-13-41.jpg
226,115,1956.6564447909589,390.6395676599716,2307.015697830522,583.8856607878126,cam_3_1690294421_09-13-41.jpg
226,167,419.2222656978406,342.1996344837674,784.384196772487,539.1279618535345,cam_3_1690294421_09-13-41.jpg
226,177,2107.814969792311,409.77423927758105,2508.337303565403,608.9955661453391,cam_3_1690294421_09-13-41.jpg
226,178,429.8705049234676,346.5831841050157,798.461538184182,490.5098684006501,cam_3_1690294421_09-13-41.jpg
226,185,518.0706655447758,345.8874998868076,803.6626214489891,447.7060224705194,cam_3_1690294421_09-13-41.jpg
226,192,1260.9602539939776,304.1331293813562,1762.5557408890488,666.6990755587185,cam_3_1690294421_09-13-41.jpg
226,204,1150.1732317389815,284.00953702776957,1441.8758527477487,613.3584406947521,cam_3_1690294421_09-13-41.jpg
226,212,435.2670534473543,402.03791627698274,857.5085208399587,670.4931768411452,cam_3_1690294421_09-13-41.jpg
226,247,1674.1460525791654,206.08777597714024,1982.9572547005691,356.45730458442335,cam_3_1690294421_09-13-41.jpg
226,252,974.7521561488152,226.83389035053295,1328.7770218437813,388.48289840762715,cam_3_1690294421_09-13-41.jpg
226,258,1289.052390174692,205.38180406327768,1567.8071612755186,320.64225079837604,cam_3_1690294421_09-13-41.jpg
226,265,1452.8307119340673,192.75638493819224,1691.723827001753,293.0123333958875,cam_3_1690294421_09-13-41.jpg
227,1,1526.4811543398234,425.0385157682358,1984.9529509582383,652.1265522432423,cam_3_1690294451_09-14-11.jpg
227,115,1956.0421933593946,391.3463549484503,2307.383689012698,585.0753372183084,cam_3_1690294451_09-14-11.jpg
227,177,2109.4964801071437,410.9301955315899,2511.568743427341,611.691227161753,cam_3_1690294451_09-14-11.jpg
227,185,518.8399596225393,345.2870134864013,804.9393463806675,446.42288121213517,cam_3_1690294451_09-14-11.jpg
227,192,1266.178423843415,308.4787301352562,1763.048725376471,669.5724295231329,cam_3_1690294451_09-14-11.jpg
227,197,381.11932107879534,346.4573403540767,787.4460274951898,535.8453669959146,cam_3_1690294451_09-14-11.jpg
227,204,1152.5794448917159,284.64680068906205,1447.866884180183,611.7555799131562,cam_3_1690294451_09-14-11.jpg
227,212,436.9377043700478,400.72587953547213,859.8676397320955,669.9342197136218,cam_3_1690294451_09-14-11.jpg
227,247,1673.6067845774537,206.8602954741694,1988.6151851167037,361.7249061232992,cam_3_1690294451_09-14-11.jpg
227,252,971.763471534756,224.55788697525296,1331.775669330398,389.98773086591905,cam_3_1690294451_09-14-11.jpg
227,258,1320.5780058678738,205.4094456550655,1593.2116687722491,318.64215119092773,cam_3_1690294451_09-14-11.jpg
227,265,1467.8187362084848,195.68170687757998,1685.0601710201054,286.96077338717123,cam_3_1690294451_09-14-11.jpg
228,1,1522.662364145602,423.9963336031797,1982.8238901262005,651.8950938703186,cam_3_1690294541_09-15-41.jpg
228,115,1960.3752156900605,391.96626454482646,2309.419575862395,584.384290118726,cam_3_1690294541_09-15-41.jpg
228,177,2113.3413779872326,412.0754943429537,2510.918558977559,610.8829617884745,cam_3_1690294541_09-15-41.jpg
228,185,518.5990818076298,342.1233656083371,804.7082520050176,442.8282487721922,cam_3_1690294541_09-15-41.jpg
228,192,1282.5370893771646,308.09891010617497,1775.689108917281,667.9001714063461,cam_3_1690294541_09-15-41.jpg
228,197,403.75299310448383,346.6287840588603,807.5250265817307,538.3904905407635,cam_3_1690294541_09-15-41.jpg
228,204,1145.31695567737,281.70802364189234,1451.9375277475474,619.0828053725556,cam_3_1690294541_09-15-41.jpg
228,212,441.34499237206654,402.92653738618,859.3317393126479,667.4979389838247,cam_3_1690294541_09-15-41.jpg
228,247,1681.0542970415,206.42922915716935,1985.8991017749488,356.3416180952563,cam_3_1690294541_09-15-41.jpg
228,252,980.2244020724418,224.55391587329217,1334.534052484272,386.85085120385236,cam_3_1690294541_09-15-41.jpg
228,265,1431.4734063623234,196.79711540996857,1695.4908680154047,307.61510308557405,cam_3_1690294541_09-15-41.jpg
229,1,1521.2001902965135,425.77847479432734,1979.6549394565748,652.8394347716838,cam_3_1690294556_09-15-56.jpg
229,115,1958.606122197891,393.598348207198,2303.4607740412885,583.4465771392388,cam_3_1690294556_09-15-56.jpg
229,177,2113.394963893785,411.25153658870346,2509.4648880609875,609.8310111614367,cam_3_1690294556_09-15-56.jpg
229,185,513.164224483198,340.0609843873059,805.0476298730428,442.7802035191764,cam_3_1690294556_09-15-56.jpg
229,192,1292.001737257222,304.9655365062465,1775.9046690830626,665.9412499665688,cam_3_1690294556_09-15-56.jpg
229,197,389.73924956379295,347.0579010095578,807.3970477476137,546.3579681051209,cam_3_1690294556_09-15-56.jpg
229,204,1145.2387258225801,281.28757468173893,1453.2140190943605,617.0307570203661,cam_3_1690294556_09-15-56.jpg
229,212,428.91100193358864,400.1742421697863,853.9931029103259,667.5978376059143,cam_3_1690294556_09-15-56.jpg
229,243,1469.161074927589,401.2912392304189,1842.5050410595395,596.2950767953082,cam_3_1690294556_09-15-56.jpg
229,247,1682.690311742077,205.40605581461546,1984.4535836437492,353.8103867024987,cam_3_1690294556_09-15-56.jpg
229,252,983.1974854649434,224.41132829960281,1338.8753535390983,386.92468861792656,cam_3_1690294556_09-15-56.jpg
229,265,1427.04238420635,195.7274398823323,1708.3541744808244,313.99716517539616,cam_3_1690294556_09-15-56.jpg
230,1,1517.7034897598924,425.22142212151834,1979.5647533103927,654.234650080981,cam_3_1690294631_09-17-11.jpg
230,115,1957.6354964465445,389.8890963336606,2310.5135464363766,583.9684238364214,cam_3_1690294631_09-17-11.jpg
230,177,2120.388894119527,411.5519357328463,2509.749316222461,607.110646163648,cam_3_1690294631_09-17-11.jpg
230,185,511.85577921846857,339.78262627406326,804.8129155930724,442.2546528435511,cam_3_1690294631_09-17-11.jpg
230,192,1286.841139687957,305.2628860962459,1770.2697107897568,669.0315609420104,cam_3_1690294631_09-17-11.jpg
230,197,379.1342963835272,346.0452026521357,798.9455967408501,542.7439382381972,cam_3_1690294631_09-17-11.jpg
230,204,1139.2172749049446,280.1494331187498,1449.671063075688,615.9149485176108,cam_3_1690294631_09-17-11.jpg
230,212,436.6399275412474,398.4036103451558,863.9732395245876,667.4904948692022,cam_3_1690294631_09-17-11.jpg
230,247,1685.531495541007,206.35171615792774,1979.6584069431838,350.5584370639625,cam_3_1690294631_09-17-11.jpg
230,252,975.4085002925103,223.01486738783575,1343.7112447295713,392.00509864503294,cam_3_1690294631_09-17-11.jpg
230,265,1427.7751202855518,194.46203991435735,1719.8703216061501,317.6490479269438,cam_3_1690294631_09-17-11.jpg
231,1,1523.8913812140536,427.81507230093575,1978.7651435257867,653.6197284058412,cam_3_1690294826_09-20-26.jpg
231,115,1956.313247861787,387.14555662404973,2312.5540224219026,582.5405234655415,cam_3_1690294826_09-20-26.jpg
231,162,1731.2947335493566,204.9618189058684,1978.1453115315712,360.3661311529553,cam_3_1690294826_09-20-26.jpg
231,167,432.603136528775,349.3405479195227,820.5642118815197,559.8976115629293,cam_3_1690294826_09-20-26.jpg
231,177,2124.1352226736103,410.339281599024,2509.3821566945753,603.6881425222236,cam_3_1690294826_09-20-26.jpg
231,185,517.3915418495468,334.6364207267391,803.5540273331171,433.95763753238583,cam_3_1690294826_09-20-26.jpg
231,192,1326.6925454926443,297.52463571581876,1772.7983830970797,631.0956308183306,cam_3_1690294826_09-20-26.jpg
231,204,1146.6970425456761,286.48378608363726,1450.0993287173314,609.985840769297,cam_3_1690294826_09-20-26.jpg
231,212,437.56064088497715,396.8325493618779,872.9866587292709,671.4572147864685,cam_3_1690294826_09-20-26.jpg
231,252,971.7812331977909,223.97341251239894,1336.2361151617754,391.24939645384154,cam_3_1690294826_09-20-26.jpg
231,265,1454.8670894176505,188.94436654730455,1719.7498391252943,301.95296855877916,cam_3_1690294826_09-20-26.jpg
232,1,1535.6267902199786,427.66676139228724,1988.6356935786234,653.1781386574858,cam_3_1690294841_09-20-41.jpg
232,115,1952.5987397067763,387.48586981917566,2312.8963359571258,585.0052134120016,cam_3_1690294841_09-20-41.jpg
232,145,1088.7104275014926,236.98022226332176,1370.6461756904362,417.6376243667195,cam_3_1690294841_09-20-41.jpg
232,162,1717.0290958489545,202.7406986046731,1965.7937798612063,357.41022358572206,cam_3_1690294841_09-20-41.jpg
232,177,2123.3636229363583,409.84416977176136,2511.798010761835,605.290639246612,cam_3_1690294841_09-20-41.jpg
232,185,516.4268768723512,333.4064475174492,801.1671716651119,431.41282409613564,cam_3_1690294841_09-20-41.jpg
232,192,1346.9598803272684,295.3197192216417,1786.344602894542,621.3406299974333,cam_3_1690294841_09-20-41.jpg
232,197,373.0790735083167,344.8411414206384,804.298811838014,546.5739498625018,cam_3_1690294841_09-20-41.jpg
232,204,1145.2708206175841,287.6851130253999,1449.6443388339578,608.5855484074584,cam_3_1690294841_09-20-41.jpg
232,212,424.8586865433988,393.52765783806336,870.3362475563281,672.7303957390545,cam_3_1690294841_09-20-41.jpg
232,252,973.3914448665523,223.9727816671456,1332.238886610775,388.52700273490734,cam_3_1690294841_09-20-41.jpg
232,265,1469.7555720287824,186.92160388511695,1736.943547249631,301.3602011173849,cam_3_1690294841_09-20-41.jpg
233,1,1536.3843802877088,428.9842715452711,1985.1643602258941,652.2847595790745,cam_3_1690294931_09-22-11.jpg
233,115,1978.3963140738033,387.2572693267882,2314.365758401481,571.3037843826285,cam_3_1690294931_09-22-11.jpg
233,177,2119.2059800163015,412.50787872666564,2511.9993934883705,610.278076921726,cam_3_1690294931_09-22-11.jpg
233,185,516.2220593600518,336.39265131246793,806.4617094884638,435.6672659280699,cam_3_1690294931_09-22-11.jpg
233,192,1396.643847612704,354.25605488048825,1720.7137294383185,586.3657624345683,cam_3_1690294931_09-22-11.jpg
233,197,362.9602242407602,344.7677033720334,808.9399384536789,553.4225820521841,cam_3_1690294931_09-22-11.jpg
233,206,1194.9000515579892,280.4762632581174,1565.166872919869,588.9467169670295,cam_3_1690294931_09-22-11.jpg
233,212,429.4336443104994,394.22662774309083,867.2636252780994,669.9692253840456,cam_3_1690294931_09-22-11.jpg
233,231,1003.7684336600626,230.32873626264947,1289.3505572166846,415.7100651212263,cam_3_1690294931_09-22-11.jpg
233,243,1472.4301448172366,401.6156402064545,1852.5227058998532,602.4304685761565,cam_3_1690294931_09-22-11.jpg
233,247,1670.1961397475811,207.41000644496992,2005.4862742323676,372.78621378985883,cam_3_1690294931_09-22-11.jpg
233,265,1420.8949712637207,182.32774810793353,1691.5601457408666,298.8395475821304,cam_3_1690294931_09-22-11.jpg
234,1,1531.9134561564344,428.68168648065915,1983.6830394348865,653.2859159096716,cam_3_1690294961_09-22-41.jpg
234,115,1968.3386796685445,383.87092492332494,2315.4027512068797,574.586973194758,cam_3_1690294961_09-22-41.jpg
234,151,1118.8558208202153,247.16291204428717,1375.4585682424597,432.0660223246347,cam_3_1690294961_09-22-41.jpg
234,177,2122.9242592373703,409.7025209510113,2510.7340137365163,604.9859109184572,cam_3_1690294961_09-22-41.jpg
234,185,517.4415047780032,342.0138985556363,804.5676682498934,439.79456063591135,cam_3_1690294961_09-22-41.jpg
234,192,1413.5752183815434,379.1638175304483,1695.7969613455584,575.9099678175679,cam_3_1690294961_09-22-41.jpg
234,206,1193.8780278296517,278.12205489248134,1573.7241463649016,587.7414220537373,cam_3_1690294961_09-22-41.jpg
234,212,420.77755087924663,394.5810434125442,859.8378023746598,670.6419811188716,cam_3_1690294961_09-22-41.jpg
234,231,1010.1462449014607,220.5314918417091,1306.1063997393967,404.1209767191066,cam_3_1690294961_09-22-41.jpg
234,243,1469.8014688483881,402.55716189614543,1844.3653844334165,602.8371310152088,cam_3_1690294961_09-22-41.jpg
234,247,1668.5261178330568,204.7031188751562,2013.7396406948883,375.5568007855991,cam_3_1690294961_09-22-41.jpg
234,265,1406.2348857014465,180.0366106359442,1672.9255373204214,294.30796957888276,cam_3_1690294961_09-22-41.jpg
235,1,1530.1283865214157,427.89723033029895,1981.9420494223584,652.885596911688,cam_3_1690295021_09-23-41.jpg
235,115,1960.3370835705289,383.804174042641,2316.2428823262007,579.4537081217104,cam_3_1690295021_09-23-41.jpg
235,177,2123.1984157481174,409.95075148138596,2509.802939145172,604.2741723167535,cam_3_1690295021_09-23-41.jpg
235,178,489.76722225840854,360.09441374328156,791.5781307095074,479.1769495847871,cam_3_1690295021_09-23-41.jpg
235,192,1413.3773225589246,384.9509728369149,1685.7476503789912,570.9049484239325,cam_3_1690295021_09-23-41.jpg
235,206,1195.5425057432644,274.9905966465759,1586.0741284735025,587.76121187555,cam_3_1690295021_09-23-41.jpg
235,212,408.187641421731,390.4855147467619,852.1295457250166,675.5219453593868,cam_3_1690295021_09-23-41.jpg
235,231,928.6947594703763,247.69296023398437,1339.9817718700021,514.7213097945323,cam_3_1690295021_09-23-41.jpg
235,243,1472.1188564585714,401.1797760073876,1846.95956709766,603.0125761086415,cam_3_1690295021_09-23-41.jpg
235,247,1690.2553560781507,199.4632111327047,2029.5151173593454,366.71401256593435,cam_3_1690295021_09-23-41.jpg
235,265,1405.4694742520073,183.21546554151348,1684.3232188822606,304.6847933825951,cam_3_1690295021_09-23-41.jpg
236,1,1525.4896459452677,428.8792263124864,1968.9144726830957,651.3320794593751,cam_3_1690295141_09-25-41.jpg
236,115,1963.8180919114811,383.00578123254564,2324.5282479390225,580.0773961739097,cam_3_1690295141_09-25-41.jpg
236,175,536.2536298395489,323.15091767017304,898.8980697406681,434.37264170817986,cam_3_1690295141_09-25-41.jpg
236,177,2150.102983933483,410.2372148822178,2523.061942043981,599.106738410227,cam_3_1690295141_09-25-41.jpg
236,192,1415.6919911082864,375.5316691488051,1702.0697356114767,567.2455896532663,cam_3_1690295141_09-25-41.jpg
236,206,1197.9285568968296,272.2208167664158,1601.5830009181523,592.4611968461488,cam_3_1690295141_09-25-41.jpg
236,212,396.7035764942826,375.39651809093004,835.7344620694494,663.0047291939834,cam_3_1690295141_09-25-41.jpg
236,243,1471.9395319546866,397.17218095570405,1845.9969535368991,600.1716792994923,cam_3_1690295141_09-25-41.jpg
236,265,1318.1553491950633,202.7809549169554,1608.5442660963793,326.37939426635756,cam_3_1690295141_09-25-41.jpg
237,1,1519.7641148359364,431.3739684959405,1951.8482428043826,650.3273984190903,cam_3_1690295306_09-28-26.jpg
237,115,1962.708337015237,384.5432609692588,2314.935507020995,577.3457002077851,cam_3_1690295306_09-28-26.jpg
237,175,552.5203352588942,316.49446263717107,972.3475706136023,448.47605459845914,cam_3_1690295306_09-28-26.jpg
237,192,1413.1380609781168,372.54403877880304,1708.6647720672563,567.1045920266912,cam_3_1690295306_09-28-26.jpg
237,204,1086.542508408632,318.62164120016774,1342.041053492937,588.073110186622,cam_3_1690295306_09-28-26.jpg
237,206,1198.2862303080758,274.67706059407607,1602.3923984324351,593.4264809831097,cam_3_1690295306_09-28-26.jpg
237,212,409.9107095088109,356.56815716787617,853.8904022062218,649.3923642778092,cam_3_1690295306_09-28-26.jpg
237,237,2012.1214828902814,415.04909120697687,2527.1143278270947,630.178983226601,cam_3_1690295306_09-28-26.jpg
237,243,1472.5704571999468,395.1714367801992,1846.7967715134569,599.3826779114349,cam_3_1690295306_09-28-26.jpg
237,258,1327.1020601769612,213.20524849563253,1610.2675863331476,328.76745584698324,cam_3_1690295306_09-28-26.jpg
237,260,1055.3834257883943,324.3886841847325,1268.6716926904332,589.6774772105448,cam_3_1690295306_09-28-26.jpg
237,265,1361.498035716861,202.79923604653848,1642.9318309570908,321.5075652516293,cam_3_1690295306_09-28-26.jpg
238,1,1534.9283095422302,431.669593934176,1961.8993856147326,648.5163552813485,cam_3_1690295381_09-29-41.jpg
238,115,1957.4106048790206,385.2348289452019,2300.388439175661,571.9589163120364,cam_3_1690295381_09-29-41.jpg
238,151,1103.455500971537,225.4950845874253,1392.5100752148896,430.4153802145744,cam_3_1690295381_09-29-41.jpg
238,175,561.6122643861213,313.01702325223306,986.3530393657709,449.1574535048404,cam_3_1690295381_09-29-41.jpg
238,192,1409.1607386045541,375.39269723669497,1710.4050402586456,571.2304921451756,cam_3_1690295381_09-29-41.jpg
238,206,1193.8852161183365,276.71377901544656,1597.2662888359318,593.613292600767,cam_3_1690295381_09-29-41.jpg
238,212,416.7500623519859,347.8342925889385,866.2966424925683,644.7992072855822,cam_3_1690295381_09-29-41.jpg
238,237,2010.723079693607,413.55718400924513,2518.218193005469,628.0265910144575,cam_3_1690295381_09-29-41.jpg
238,243,1474.0175923340146,394.63687710341674,1845.9069878859113,598.4798367184151,cam_3_1690295381_09-29-41.jpg
238,258,1325.435645280138,208.01484300508832,1613.4774130184649,327.5189646149513,cam_3_1690295381_09-29-41.jpg
239,1,1536.6259997276106,430.6121448543481,1968.6013183465784,650.0773104860582,cam_3_1690295726_09-35-26.jpg
239,115,1951.7637674924101,384.21684926053763,2310.139434008335,579.7375852145149,cam_3_1690295726_09-35-26.jpg
239,192,1407.1826290730996,386.05484622811326,1707.227552393285,577.9447732498719,cam_3_1690295726_09-35-26.jpg
239,212,420.628546041275,361.4153398265998,884.8846339299059,667.4380054705623,cam_3_1690295726_09-35-26.jpg
239,231,883.329864965224,240.49762624299927,1293.3073527459162,509.00112079635454,cam_3_1690295726_09-35-26.jpg
239,237,2038.9099126616572,416.84786436619527,2497.4406467339404,620.2730244853242,cam_3_1690295726_09-35-26.jpg
239,243,1481.84302987437,400.87500801580177,1833.7534929410044,594.2994283389878,cam_3_1690295726_09-35-26.jpg
239,258,1281.4064475375762,200.89648683510578,1692.115304311579,387.43613112693674,cam_3_1690295726_09-35-26.jpg
240,1,1538.1719862583623,429.0408795810722,1970.7640284696304,649.5975956878942,cam_3_1690295846_09-37-26.jpg
240,115,1954.099222242965,384.8593303708923,2312.46464920827,580.4058288175429,cam_3_1690295846_09-37-26.jpg
240,177,2127.5013724636797,417.54137645656556,2494.4578756406877,604.1254136416318,cam_3_1690295846_09-37-26.jpg
240,192,1405.9096327496318,388.58145725653435,1707.769065897427,578.682737699645,cam_3_1690295846_09-37-26.jpg
240,212,421.27677040186785,370.48810396211195,897.7078717341085,686.0465131829877,cam_3_1690295846_09-37-26.jpg
240,243,1481.670512770921,400.8005870730934,1835.643783605473,595.8507345988671,cam_3_1690295846_09-37-26.jpg
240,258,1287.381797610146,195.28302271859965,1709.5677637196259,404.6434816800362,cam_3_1690295846_09-37-26.jpg
241,1,1531.777635348355,430.8298889640136,1967.4321969241748,653.5011787988976,cam_3_1690295981_09-39-41.jpg
241,115,1953.4393872384,384.39404785789094,2316.1355473636654,582.3162971587075,cam_3_1690295981_09-39-41.jpg
241,167,404.4056422363361,333.28553444864474,808.9138195476992,555.7957324467798,cam_3_1690295981_09-39-41.jpg
241,177,2132.3167582962797,419.1082566442234,2495.0891038990762,603.6326847334074,cam_3_1690295981_09-39-41.jpg
241,192,1401.9339401859368,388.9932452509095,1707.8151509049267,579.3927899589581,cam_3_1690295981_09-39-41.jpg
241,197,485.5143015578417,403.31089276810235,862.816465043923,580.5574748735538,cam_3_1690295981_09-39-41.jpg
241,212,403.9881393198991,429.9850526442032,883.6790588187246,739.8194851801948,cam_3_1690295981_09-39-41.jpg
241,243,1477.6599858020384,402.2081902494478,1834.648253276193,599.6931264822683,cam_3_1690295981_09-39-41.jpg
241,258,1297.866636176148,195.09559488305987,1714.231364137078,416.2294101844293,cam_3_1690295981_09-39-41.jpg
241,276,469.23884988955587,579.1513327467126,1279.2739498341728,1126.3203492200582,cam_3_1690295981_09-39-41.jpg
241,277,2345.271089055957,452.1954015453546,2616.5530512465903,656.6244104030511,cam_3_1690295981_09-39-41.jpg
242,1,1532.953553534394,432.17472426661516,1969.6338416680762,655.6375503369959,cam_3_1690296026_09-40-26.jpg
242,115,1959.11837596924,384.8897689251904,2316.890634679488,580.610858124105,cam_3_1690296026_09-40-26.jpg
242,167,433.5648006102093,333.96973334620793,775.4476639299232,514.2008373672496,cam_3_1690296026_09-40-26.jpg
242,177,2119.7940641678183,417.86821888031886,2488.951710695719,605.2935140834436,cam_3_1690296026_09-40-26.jpg
242,192,1399.5331910540056,387.6361776359703,1710.5031416995346,579.0862013242768,cam_3_1690296026_09-40-26.jpg
242,197,393.12932184333386,398.5260828793503,869.9127478905204,623.5672943686359,cam_3_1690296026_09-40-26.jpg
242,212,422.95110235881504,442.62214064902105,939.367989267045,779.7080998174142,cam_3_1690296026_09-40-26.jpg
242,243,1477.11319907709,402.28741010251815,1836.3432807229722,601.9554098757601,cam_3_1690296026_09-40-26.jpg
242,258,1309.3389310346292,195.30025227509282,1702.5002234864733,417.74892426917506,cam_3_1690296026_09-40-26.jpg
242,276,415.70936215741614,580.2454987658439,1212.684448073242,1115.0981116306111,cam_3_1690296026_09-40-26.jpg
242,277,2342.815372274097,455.62894834846816,2617.716594988594,657.4588796541971,cam_3_1690296026_09-40-26.jpg
243,1,1531.0863283538165,431.6321441273643,1968.7059351890143,656.4883075906284,cam_3_1690296116_09-41-56.jpg
243,115,1954.3679111171427,385.3409374668763,2315.1569025650274,582.2471426899158,cam_3_1690296116_09-41-56.jpg
243,177,2121.8127888083086,418.1349088586536,2485.211344927042,602.3753780015386,cam_3_1690296116_09-41-56.jpg
243,178,453.90707832832936,337.99689250348274,785.9168540048927,468.3090366700618,cam_3_1690296116_09-41-56.jpg
243,192,1396.8396916383922,389.78467899689883,1711.064933020638,581.4334892455372,cam_3_1690296116_09-41-56.jpg
243,197,382.1965896173316,404.4586257337666,866.3072329120105,627.3051920987211,cam_3_1690296116_09-41-56.jpg
243,212,420.38742477094553,461.14025274650726,943.1099456158606,797.6078094268287,cam_3_1690296116_09-41-56.jpg
243,243,1477.7314263987655,401.97753576311743,1837.9395182915332,603.4002340761548,cam_3_1690296116_09-41-56.jpg
243,258,1321.1921535817344,194.86153988545027,1710.0133513011651,422.2504265945695,cam_3_1690296116_09-41-56.jpg
243,276,451.9226828986986,581.9198589655384,1255.4955337383087,1123.1478049383666,cam_3_1690296116_09-41-56.jpg
243,277,2339.4687401649694,454.35887808500246,2622.4496164100397,656.1004363336542,cam_3_1690296116_09-41-56.jpg
244,1,1526.3007848787734,434.5777033185246,1954.0648247025185,656.2275271000077,cam_3_1690296146_09-42-26.jpg
244,115,1969.8378120095574,383.0684409113863,2335.221384319011,583.8905845506811,cam_3_1690296146_09-42-26.jpg
244,167,457.9804207395972,337.614157373123,779.8712583056908,505.23112062617446,cam_3_1690296146_09-42-26.jpg
244,177,2124.308541655373,416.41621041221345,2486.6034229607653,599.7485313344218,cam_3_1690296146_09-42-26.jpg
244,178,387.7461795022896,336.8195207232864,835.4244763569448,524.8034601437555,cam_3_1690296146_09-42-26.jpg
244,192,1398.8900312655453,390.1567793291276,1715.3228254328187,580.8140374008733,cam_3_1690296146_09-42-26.jpg
244,197,433.53393616114727,410.6893906953141,895.7090357318239,626.118993749654,cam_3_1690296146_09-42-26.jpg
244,212,408.8359047647624,466.72787209912946,937.7708859764945,799.5942568657001,cam_3_1690296146_09-42-26.jpg
244,243,1478.4698292079138,402.5438299062637,1836.154176777134,603.2187623716977,cam_3_1690296146_09-42-26.jpg
244,258,1327.069370269392,195.43084440658507,1710.4800692847484,424.73666716958564,cam_3_1690296146_09-42-26.jpg
244,276,435.2501211319324,587.5060200628085,1231.2304982412054,1120.4048099820297,cam_3_1690296146_09-42-26.jpg
244,277,2337.7067629850335,452.69413140863736,2630.4226950396824,654.9695700938198,cam_3_1690296146_09-42-26.jpg
245,1,1630.75020183601,419.4551772933472,1974.800148190036,599.6093606655713,cam_3_1690296281_09-44-41.jpg
245,115,1972.71580590196,384.22935320811735,2328.592701886926,580.0988876694928,cam_3_1690296281_09-44-41.jpg
245,177,2134.786339828525,416.1206311718769,2495.9233713007125,599.2801640619211,cam_3_1690296281_09-44-41.jpg
245,178,365.5863415180043,334.32691983216995,856.0467091303717,552.6196322664282,cam_3_1690296281_09-44-41.jpg
245,197,402.8486564844891,395.06074065997296,910.3009173434439,639.2242387490605,cam_3_1690296281_09-44-41.jpg
245,212,421.67429817577005,439.90344155141895,971.893523316244,788.9496098212294,cam_3_1690296281_09-44-41.jpg
245,243,1511.0519161649754,377.5121164980276,1790.848471542787,529.8799635261942,cam_3_1690296281_09-44-41.jpg
245,258,1327.5191532734511,197.70413753083986,1706.6793120944326,427.85129907924704,cam_3_1690296281_09-44-41.jpg
245,276,515.919256825674,580.7235497203175,1226.10335403609,1054.1570862112378,cam_3_1690296281_09-44-41.jpg
245,277,2337.3188297178485,452.0033059487755,2641.3748174747357,656.1288033323071,cam_3_1690296281_09-44-41.jpg
246,115,2013.6480135956433,385.25374568644605,2337.5011466349056,566.0347223766514,cam_3_1690296326_09-45-26.jpg
246,177,2126.4684234810093,417.55867710493544,2494.8739559521846,603.7611617884423,cam_3_1690296326_09-45-26.jpg
246,185,476.09123351453457,335.8076423552617,805.159984657723,449.8101780026557,cam_3_1690296326_09-45-26.jpg
246,191,1584.6088507066088,387.72995499534943,2093.890033121771,853.9055421980621,cam_3_1690296326_09-45-26.jpg
246,192,1391.2504129753377,389.85788404223365,1714.6712169885807,583.6821306514919,cam_3_1690296326_09-45-26.jpg
246,197,382.9887963209187,390.9723949195072,879.7517208980923,629.0160338346022,cam_3_1690296326_09-45-26.jpg
246,212,428.6383580412585,433.19410220319253,977.678903634463,783.7148858224232,cam_3_1690296326_09-45-26.jpg
246,243,1471.3742023312448,395.1465793678828,1802.401247184328,578.1440275135753,cam_3_1690296326_09-45-26.jpg
246,258,1336.5376710526857,199.26603350015841,1704.7189972269557,426.71683931109703,cam_3_1690296326_09-45-26.jpg
246,276,512.0472225577189,580.8042183146504,1189.4262630215226,1026.6325760959612,cam_3_1690296326_09-45-26.jpg
246,277,2333.8371108190113,452.1023194804678,2647.977187783682,656.7850306450074,cam_3_1690296326_09-45-26.jpg
247,115,2039.6725972141555,386.30366757171674,2337.462912226548,554.0660648716728,cam_3_1690296356_09-45-56.jpg
247,167,476.36600943474883,336.29550713173614,786.3097096428698,494.63048827529906,cam_3_1690296356_09-45-56.jpg
247,177,2138.7670804060012,417.1636101725536,2493.617282261917,596.3586961843951,cam_3_1690296356_09-45-56.jpg
247,191,1589.919671366753,376.43851780236355,2101.3040174494663,838.3800806482993,cam_3_1690296356_09-45-56.jpg
247,192,1387.7180259322176,387.9110707889295,1714.3197147116132,582.8854483524083,cam_3_1690296356_09-45-56.jpg
247,197,378.8037366242962,353.57001746990045,862.2842509912474,591.9826216498914,cam_3_1690296356_09-45-56.jpg
247,212,422.0278993721877,429.91835865373656,975.107883204937,784.855888523894,cam_3_1690296356_09-45-56.jpg
247,243,1460.6864191773755,398.5496609828011,1808.7997523082074,593.7935290107032,cam_3_1690296356_09-45-56.jpg
247,258,1345.7662501423686,199.30860877940577,1704.171987016316,423.2557841232908,cam_3_1690296356_09-45-56.jpg
247,276,531.4204759907985,578.732412530429,1211.6592883106682,1024.922177779701,cam_3_1690296356_09-45-56.jpg
247,277,2327.1092058173085,452.37173544519885,2651.8832330366004,657.7632673774353,cam_3_1690296356_09-45-56.jpg
248,115,2040.1474686673814,378.18242201025663,2353.98204862823,558.0661942650919,cam_3_1690296551_09-49-11.jpg
248,167,398.91067139470323,333.2854587557845,840.680423140524,568.7701002273786,cam_3_1690296551_09-49-11.jpg
248,177,2159.239329278704,412.9038683070954,2503.151628910612,587.8529078849202,cam_3_1690296551_09-49-11.jpg
248,191,1729.944934312955,431.0485988491421,2105.5077066955664,759.4561644629609,cam_3_1690296551_09-49-11.jpg
248,192,1388.7308211327015,383.8581069859546,1716.5373416087427,578.6259511620515,cam_3_1690296551_09-49-11.jpg
248,197,396.66531920655274,366.44246828925793,879.7071905136427,608.3697502751914,cam_3_1690296551_09-49-11.jpg
248,212,433.4428846316441,425.09243640799855,985.0283653145448,782.059248255888,cam_3_1690296551_09-49-11.jpg
248,243,1470.7533602135868,398.33755142911485,1824.746207375706,597.6802710642761,cam_3_1690296551_09-49-11.jpg
248,247,1691.2878442584304,183.54205059186728,2092.546716206881,386.02593788818706,cam_3_1690296551_09-49-11.jpg
248,258,1371.3777491881333,200.16566862861086,1704.308771276913,409.7612205084671,cam_3_1690296551_09-49-11.jpg
248,260,1238.3281131775689,212.8946718264312,1414.7447066718912,433.4365211270736,cam_3_1690296551_09-49-11.jpg
248,277,2326.3821150877243,449.2420141504252,2659.049690478077,653.975593671221,cam_3_1690296551_09-49-11.jpg
249,115,2043.5931826950152,376.13943678480234,2357.6950326295805,557.8112515491098,cam_3_1690296626_09-50-26.jpg
249,151,1209.6864071263801,205.651430620621,1418.745036870708,357.1969432797231,cam_3_1690296626_09-50-26.jpg
249,167,402.489427923883,335.5974296682945,814.8114680911056,555.7481876303286,cam_3_1690296626_09-50-26.jpg
249,177,2168.59191861865,411.54593757527044,2508.064477506577,585.2810054563565,cam_3_1690296626_09-50-26.jpg
249,191,1763.0636410611646,453.86105906526,2112.7749168176397,752.410823451866,cam_3_1690296626_09-50-26.jpg
249,197,363.14682421524196,381.5604636431284,883.4650331584859,644.7172251287021,cam_3_1690296626_09-50-26.jpg
249,204,1266.8103258467625,202.71717287139637,1409.1066042640748,353.0740155306099,cam_3_1690296626_09-50-26.jpg
249,206,1244.5234914873686,296.0410220145229,1667.7792921436826,619.7692035579703,cam_3_1690296626_09-50-26.jpg
249,212,434.72680745332764,422.6936818961784,993.7253490661838,786.8683742744317,cam_3_1690296626_09-50-26.jpg
249,243,1473.727987302685,397.1686658122739,1827.819329170977,596.1241926360909,cam_3_1690296626_09-50-26.jpg
249,247,1689.8686541031661,182.71931996417877,2088.4088136711434,387.4009266839746,cam_3_1690296626_09-50-26.jpg
249,258,1403.0219555352655,200.1964884892879,1669.733154070973,361.90917038577516,cam_3_1690296626_09-50-26.jpg
249,277,2325.8815713335925,447.55167436293095,2667.3934592613805,652.5840235138048,cam_3_1690296626_09-50-26.jpg
250,115,2041.5115601031753,374.180826634568,2354.00338504487,556.9496704499098,cam_3_1690296656_09-50-56.jpg
250,151,1202.2446029450743,205.51583289652962,1404.4950012664285,358.45437169747146,cam_3_1690296656_09-50-56.jpg
250,167,380.2491493063944,339.6958184940771,833.1181796199194,588.8324968707691,cam_3_1690296656_09-50-56.jpg
250,177,2172.001823801734,412.18155562454433,2511.125826480544,586.8939042119878,cam_3_1690296656_09-50-56.jpg
250,191,1766.9620307220048,455.9074189955468,2116.93337388854,749.770162215842,cam_3_1690296656_09-50-56.jpg
250,197,376.8313745381373,382.78761773036933,883.463709271883,645.2451396325785,cam_3_1690296656_09-50-56.jpg
250,206,1245.476968775881,298.35561030991096,1674.7241067202494,621.6001700520487,cam_3_1690296656_09-50-56.jpg
250,212,427.15291772234843,423.9253545023978,992.3594025711042,794.504716859449,cam_3_1690296656_09-50-56.jpg
250,243,1472.9491573335918,396.2289175709886,1828.6798367723006,596.0152365550894,cam_3_1690296656_09-50-56.jpg
250,247,1688.860982773556,182.34744674160763,2085.524367739261,389.27188830271814,cam_3_1690296656_09-50-56.jpg
250,258,1413.4894851924876,200.99729949861114,1650.5862266618253,339.66430290221433,cam_3_1690296656_09-50-56.jpg
250,277,2321.1739665159926,448.0462828651991,2671.2823298882204,653.433292167269,cam_3_1690296656_09-50-56.jpg
250,282,1535.430683607566,425.9017628696856,1983.906674006391,647.637098094551,cam_3_1690296656_09-50-56.jpg
251,115,2003.9241563869384,375.4801635994149,2329.3736154876847,564.8618252780042,cam_3_1690296716_09-51-56.jpg
251,167,389.0863463183787,340.8785806212119,832.4154140103951,589.0788501009598,cam_3_1690296716_09-51-56.jpg
251,177,2173.948553267488,411.44313818377697,2514.1512126318803,588.2100380193974,cam_3_1690296716_09-51-56.jpg
251,191,1772.2879506389945,476.3524815767433,2107.9666208563754,752.479849515817,cam_3_1690296716_09-51-56.jpg
251,197,378.7799807060876,380.8050671319219,901.5551342296876,657.6771739994001,cam_3_1690296716_09-51-56.jpg
251,204,1258.2246810034223,210.46871653377326,1392.333175730221,353.6659745979849,cam_3_1690296716_09-51-56.jpg
251,206,1254.9423302154678,297.0204512916455,1690.558333021252,622.6921302144556,cam_3_1690296716_09-51-56.jpg
251,212,436.1375475986432,421.65646038321313,996.2648743663207,791.5453288852158,cam_3_1690296716_09-51-56.jpg
251,243,1470.5075060064087,394.40835471444257,1832.356074072705,598.1154520821983,cam_3_1690296716_09-51-56.jpg
251,247,1693.1910041672754,183.42426498143269,2083.4045086319275,389.6307775638861,cam_3_1690296716_09-51-56.jpg
251,258,1415.114881779278,201.44390868206176,1653.9756897701495,336.95823490886653,cam_3_1690296716_09-51-56.jpg
251,277,2320.030886241004,446.9314047189947,2678.6291286735473,653.0541573713582,cam_3_1690296716_09-51-56.jpg
251,282,1533.4972996701163,425.2428874306023,1984.3280065302708,648.1562798259231,cam_3_1690296716_09-51-56.jpg
252,115,1991.9012847825907,374.92223698884084,2322.2826661001463,566.1644773116939,cam_3_1690296776_09-52-56.jpg
252,167,401.2437455163898,339.48819923116116,831.8581947700854,584.7068766383143,cam_3_1690296776_09-52-56.jpg
252,177,2177.68386078549,411.3411207177749,2514.078371192984,586.6086411552327,cam_3_1690296776_09-52-56.jpg
252,191,1771.3327448268578,486.5708794001956,2105.030406843834,755.7804239235162,cam_3_1690296776_09-52-56.jpg
252,197,393.78677576384064,376.17573024107264,886.182554580299,642.3489293900716,cam_3_1690296776_09-52-56.jpg
252,204,1253.6077853147779,211.29369560338182,1386.5766402469176,356.6976798467283,cam_3_1690296776_09-52-56.jpg
252,206,1260.2785327271167,298.6011775401498,1695.7687657180752,621.9883213674618,cam_3_1690296776_09-52-56.jpg
252,212,429.23166870193006,421.0465480339162,988.3028962734462,791.6373591750605,cam_3_1690296776_09-52-56.jpg
252,243,1473.7128867860845,395.4416551597176,1834.4558702413321,598.4288684002554,cam_3_1690296776_09-52-56.jpg
252,247,1697.7292208760546,180.5070313925995,2087.0609912318046,388.2631926390309,cam_3_1690296776_09-52-56.jpg
252,258,1409.4937758223766,201.47023802126384,1656.7783677255854,338.24139003003256,cam_3_1690296776_09-52-56.jpg
252,277,2315.8446234290395,445.64074222948324,2681.5660526741135,651.5827731712136,cam_3_1690296776_09-52-56.jpg
252,282,1536.1028085725584,426.2781024833848,1984.4103068961165,647.9890702304197,cam_3_1690296776_09-52-56.jpg
253,115,1987.5013284990684,373.82372582093615,2319.0684725411184,564.2971929033035,cam_3_1690296881_09-54-41.jpg
253,167,396.05622141318906,338.92319290826356,836.2867899046432,595.8997382978948,cam_3_1690296881_09-54-41.jpg
253,177,2177.6081753287463,412.6895271697828,2514.2680817608702,588.7188212878211,cam_3_1690296881_09-54-41.jpg
253,191,1759.5790551321543,471.62991823950847,2115.8626421628487,756.9402634787461,cam_3_1690296881_09-54-41.jpg
253,197,412.62234284713713,379.60846597714976,868.08712239683,628.8211664567153,cam_3_1690296881_09-54-41.jpg
253,206,1253.809663095632,301.6687283785045,1688.100822879942,622.60931924283,cam_3_1690296881_09-54-41.jpg
253,212,435.67595174714734,420.3127023781536,978.9475608998266,780.640498479358,cam_3_1690296881_09-54-41.jpg
253,231,977.0897138285378,221.89773906152604,1328.158091355726,455.0586218283405,cam_3_1690296881_09-54-41.jpg
253,243,1472.0811680243203,394.4854778517092,1833.3626461563656,598.1813474478563,cam_3_1690296881_09-54-41.jpg
253,247,1701.7688805134255,183.7040639886004,2079.7899413814353,385.5492044239568,cam_3_1690296881_09-54-41.jpg
253,258,1410.1032162903352,201.11863794171902,1664.7784472069252,339.0193623207939,cam_3_1690296881_09-54-41.jpg
253,277,2313.5506332669993,444.8232821624686,2684.9052978055383,650.3028277136805,cam_3_1690296881_09-54-41.jpg
253,282,1534.7699684681943,423.44451664628593,1989.3949432340235,648.963969466406,cam_3_1690296881_09-54-41.jpg
254,115,1990.351150294551,373.9448272173839,2316.7866625922675,560.6946662210494,cam_3_1690296926_09-55-26.jpg
254,167,393.329396752305,344.51015154475533,851.7216791497531,618.9915679483473,cam_3_1690296926_09-55-26.jpg
254,177,2175.3464165286287,411.4935176456018,2512.242135402503,588.0550870710517,cam_3_1690296926_09-55-26.jpg
254,191,1757.4501515977295,468.15241252843475,2120.744791246503,757.0318057558918,cam_3_1690296926_09-55-26.jpg
254,197,395.43958494983065,398.046221678101,912.7881597997228,689.9020182369449,cam_3_1690296926_09-55-26.jpg
254,206,1252.753199103512,298.772536133327,1686.2013634268733,617.7379831137125,cam_3_1690296926_09-55-26.jpg
254,212,449.56619853133776,417.08049939176215,1008.601640319102,789.962014600455,cam_3_1690296926_09-55-26.jpg
254,231,883.3510544385153,239.60681789326793,1249.7981809628382,488.9372163813691,cam_3_1690296926_09-55-26.jpg
254,243,1470.3374897113733,393.4247595504328,1832.6532006557773,598.2394610577308,cam_3_1690296926_09-55-26.jpg
254,247,1706.475833242258,183.48815567792846,2081.5820747465878,384.6806477794954,cam_3_1690296926_09-55-26.jpg
254,258,1413.9892302899827,200.52527879027065,1667.774732787112,335.8098511730659,cam_3_1690296926_09-55-26.jpg
254,277,2311.584507953748,445.3236799665233,2687.9245549778557,650.2167523648798,cam_3_1690296926_09-55-26.jpg
254,282,1533.3195186721962,425.2327241317309,1980.959055444063,647.212583271654,cam_3_1690296926_09-55-26.jpg
255,115,1984.954497199237,375.79310320167843,2317.8947197626967,565.5238550104024,cam_3_1690296971_09-56-11.jpg
255,167,416.7081449068483,341.609347972574,822.1542275838437,582.3737798879351,cam_3_1690296971_09-56-11.jpg
255,177,2178.872116993268,411.5063193690689,2509.0948913008388,585.3087924485313,cam_3_1690296971_09-56-11.jpg
255,191,1764.3248364024978,486.4324309004277,2111.3684597548495,758.5574301127613,cam_3_1690296971_09-56-11.jpg
255,206,1255.237640070575,302.41949728794185,1689.59398373357,622.4842099097864,cam_3_1690296971_09-56-11.jpg
255,212,406.8885503460709,408.50370578240756,965.9004152194743,779.5964239685954,cam_3_1690296971_09-56-11.jpg
255,243,1471.1234727226015,392.3882185918344,1833.5400107781818,597.7040057153158,cam_3_1690296971_09-56-11.jpg
255,247,1706.3734186361933,182.86338284136312,2078.679603271403,383.01175592134393,cam_3_1690296971_09-56-11.jpg
255,258,1406.9739862987572,198.82254885502994,1669.548340308265,336.8730217661421,cam_3_1690296971_09-56-11.jpg
255,277,2310.034741340152,445.50231441595105,2691.3858034526547,650.16500899559,cam_3_1690296971_09-56-11.jpg
255,282,1536.0102126286547,424.66787199479586,1986.0675800307604,647.9269366566546,cam_3_1690296971_09-56-11.jpg
256,167,429.5123345892231,341.55088472077955,798.3940721652273,561.176562414067,cam_3_1690297256_10-00-56.jpg
256,177,2160.371750448287,410.8437610206801,2504.3589378859106,592.3016436491712,cam_3_1690297256_10-00-56.jpg
256,191,1753.4262376814204,468.0186104792616,2125.3405816512272,759.0927955091219,cam_3_1690297256_10-00-56.jpg
256,206,1255.149678803101,305.6089835466017,1687.6165991829557,623.5169062016723,cam_3_1690297256_10-00-56.jpg
256,212,390.3677397319588,404.35164707697527,951.505487395453,772.8894167895198,cam_3_1690297256_10-00-56.jpg
256,243,1477.2253210712229,391.1785639493008,1844.8915194741205,599.3809022940267,cam_3_1690297256_10-00-56.jpg
256,247,1726.9368984351615,196.33200952192772,2085.6269059278843,388.7671911268843,cam_3_1690297256_10-00-56.jpg
256,258,1408.9024662832114,202.64332330953076,1683.1387143002842,344.3972336767032,cam_3_1690297256_10-00-56.jpg
256,277,2303.754654953972,449.00109717450874,2691.1544863007452,654.0597400610218,cam_3_1690297256_10-00-56.jpg
256,282,1535.3582212614756,425.86969593400323,1983.0977246280054,648.2406257066717,cam_3_1690297256_10-00-56.jpg
257,115,1967.1174418307744,377.926741416131,2287.914137666181,558.1812566224467,cam_3_1690297331_10-02-11.jpg
257,167,404.99594868539333,341.72855063892405,778.012249579713,561.1890582468736,cam_3_1690297331_10-02-11.jpg
257,177,2146.81947787984,412.5186491148362,2496.4394697018874,596.7417394405168,cam_3_1690297331_10-02-11.jpg
257,191,1752.5590023850052,462.10262712257276,2134.636865435824,759.4613146970842,cam_3_1690297331_10-02-11.jpg
257,206,1251.5810829457425,307.1914332746595,1681.5716165166668,623.1527072006613,cam_3_1690297331_10-02-11.jpg
257,212,388.7023594019071,412.49042195149826,1001.8504532480962,822.7213804826858,cam_3_1690297331_10-02-11.jpg
257,243,1480.3073513322047,390.32614670470093,1844.5924365874444,596.683475640158,cam_3_1690297331_10-02-11.jpg
257,247,1737.189032124923,200.2596444337697,2093.40717625786,390.2179384810239,cam_3_1690297331_10-02-11.jpg
257,258,1398.5048077373872,205.21672001177058,1677.4932217284809,347.30566672856355,cam_3_1690297331_10-02-11.jpg
257,277,2291.53821504858,448.72200827268443,2685.179411388009,653.3701983488074,cam_3_1690297331_10-02-11.jpg
257,282,1532.43149733803,426.627356280698,1975.963622241308,647.4815302890759,cam_3_1690297331_10-02-11.jpg
258,115,1979.036280657685,375.533341632318,2293.714125528252,550.897686238412,cam_3_1690297376_10-02-56.jpg
258,167,482.3421798197992,346.09213057153914,793.6090208987748,532.7415667002425,cam_3_1690297376_10-02-56.jpg
258,177,2138.785406619911,416.163085279,2492.6692469861664,601.7054449506221,cam_3_1690297376_10-02-56.jpg
258,191,1751.6104328015022,456.36337674734864,2141.273617706706,758.6037287657482,cam_3_1690297376_10-02-56.jpg
258,206,1250.8157303772737,306.4189485385008,1682.2452091273276,623.3367071482162,cam_3_1690297376_10-02-56.jpg
258,212,365.9194330395738,414.8009044230065,969.2529515223048,813.0043253648937,cam_3_1690297376_10-02-56.jpg
258,243,1477.0432823123704,390.23098011691184,1837.4574548407509,595.0257787839435,cam_3_1690297376_10-02-56.jpg
258,247,1770.940204549182,200.05490205700409,2119.7814099797633,387.05413511248173,cam_3_1690297376_10-02-56.jpg
258,258,1404.1534332989265,203.56145592494298,1679.6300850689831,342.40203062884893,cam_3_1690297376_10-02-56.jpg
258,277,2303.4256873029926,448.88799445381915,2694.6884153707924,650.3733631931943,cam_3_1690297376_10-02-56.jpg
258,282,1539.7169010478315,428.8985310413692,1978.5325608431417,647.4194715758678,cam_3_1690297376_10-02-56.jpg
258,284,2072.1880141633796,203.96595994255983,2259.837968168188,434.21183744457005,cam_3_1690297376_10-02-56.jpg
259,115,1971.1301031838957,377.5811162935496,2278.2589326841935,546.3683384624655,cam_3_1690297421_10-03-41.jpg
259,145,550.0447332184178,351.49692607703196,784.5868330137939,508.26986981369737,cam_3_1690297421_10-03-41.jpg
259,177,2141.0853476883053,413.6015830181002,2473.530606580921,586.6195926573589,cam_3_1690297421_10-03-41.jpg
259,191,1744.7788232824523,450.3047907306132,2142.1971636914395,758.8315443290323,cam_3_1690297421_10-03-41.jpg
259,206,1251.1598206961419,303.26432394405697,1686.8888892406658,622.881331971879,cam_3_1690297421_10-03-41.jpg
259,212,379.53670216335627,418.5649897467521,986.6775765917141,821.4318233879411,cam_3_1690297421_10-03-41.jpg
259,243,1473.8070486728163,392.52085917298893,1835.2416053569245,598.5039278579435,cam_3_1690297421_10-03-41.jpg
259,247,1770.7347191071117,200.26134951279565,2119.923374956272,385.8639532889489,cam_3_1690297421_10-03-41.jpg
259,258,1411.8291268111627,204.02319256056475,1687.8652753568126,341.4492687611429,cam_3_1690297421_10-03-41.jpg
259,277,2291.021142449351,449.4113163961509,2689.244521937213,651.0520005389426,cam_3_1690297421_10-03-41.jpg
259,282,1533.9541686190528,426.7855068065779,1977.782777422139,647.8106571303367,cam_3_1690297421_10-03-41.jpg
260,115,1961.3550510863688,379.69922640890866,2286.5791019210264,558.1117673558912,cam_3_1690297556_10-05-56.jpg
260,177,2146.68148057721,411.50099700126856,2481.9954705752557,585.4454109100778,cam_3_1690297556_10-05-56.jpg
260,191,1752.5530396254287,469.1883195007259,2129.251096089156,759.6164028265797,cam_3_1690297556_10-05-56.jpg
260,206,1255.3072394352869,307.18183858059183,1679.388272109333,622.6122850464155,cam_3_1690297556_10-05-56.jpg
260,243,1471.0851504749844,393.06388829717076,1830.579138052639,599.4188261453817,cam_3_1690297556_10-05-56.jpg
260,247,1791.528590045692,196.62324226938838,2144.1429456505366,385.1916673811088,cam_3_1690297556_10-05-56.jpg
260,258,1426.5955085114297,202.27919980931625,1709.192703312778,341.9026903169819,cam_3_1690297556_10-05-56.jpg
260,276,914.2190103186033,372.1544366480862,1344.7545270589594,654.2531264725067,cam_3_1690297556_10-05-56.jpg
260,277,2283.893322797089,449.6330430491737,2691.114387307535,653.0285589954328,cam_3_1690297556_10-05-56.jpg
260,282,1534.666411828613,426.4670312803397,1979.119097694298,647.721194359434,cam_3_1690297556_10-05-56.jpg
261,115,1958.633464606262,380.56367252901686,2288.415928016621,561.0866257126754,cam_3_1690297601_10-06-41.jpg
261,177,2147.7205466082896,410.6719589522328,2483.6796489372446,583.997380844838,cam_3_1690297601_10-06-41.jpg
261,191,1751.4586860816498,471.43775919096686,2128.475870699411,760.4450675110625,cam_3_1690297601_10-06-41.jpg
261,206,1262.7212885239455,304.69645759197925,1689.402101171043,624.6926974599244,cam_3_1690297601_10-06-41.jpg
261,243,1472.4526588606,391.55001754217756,1833.7798557872316,600.6130671412147,cam_3_1690297601_10-06-41.jpg
261,247,1794.1346200494834,196.46534695387882,2144.1476087334336,384.49342082863325,cam_3_1690297601_10-06-41.jpg
261,258,1428.206079923607,202.04263374554097,1712.0697373549478,340.65411221505406,cam_3_1690297601_10-06-41.jpg
261,276,922.8399758029841,363.7756888690892,1349.9301236750102,645.0002433925602,cam_3_1690297601_10-06-41.jpg
261,277,2284.4293530490327,450.2247467478186,2696.822693713069,654.1469272606022,cam_3_1690297601_10-06-41.jpg
261,282,1532.5971838065348,424.8512487579111,1982.4700485165588,648.5525530821275,cam_3_1690297601_10-06-41.jpg
262,1,1713.222575029134,163.12976702953782,2004.243781702308,315.9359130810632,cam_3_1690297646_10-07-26.jpg
262,115,1968.8939838528545,378.37358057367715,2299.7176008794754,558.7357844041869,cam_3_1690297646_10-07-26.jpg
262,177,2142.8581697231975,408.7230000566294,2483.3098087912426,583.083383421283,cam_3_1690297646_10-07-26.jpg
262,191,1748.5853218938007,470.80282016899605,2126.4165183745527,759.9369449845035,cam_3_1690297646_10-07-26.jpg
262,206,1268.0368304193948,306.8692057172055,1690.5319339537791,626.1721855499425,cam_3_1690297646_10-07-26.jpg
262,243,1479.6416329041053,394.17146788700273,1839.8678528821572,602.9181267349661,cam_3_1690297646_10-07-26.jpg
262,247,1795.804325880469,194.8191071296666,2146.8417187275613,383.8905149780643,cam_3_1690297646_10-07-26.jpg
262,258,1418.9798201070143,200.10597496104822,1718.0284053762803,345.3423348648305,cam_3_1690297646_10-07-26.jpg
262,276,928.6499340240144,364.5596700994182,1349.0536467846848,640.5251040232536,cam_3_1690297646_10-07-26.jpg
262,277,2278.709896855955,449.93289366547424,2698.5479857336577,655.0961583816506,cam_3_1690297646_10-07-26.jpg
262,282,1532.7904553520766,425.4694945442313,1982.82644014471,649.3430690868414,cam_3_1690297646_10-07-26.jpg
262,287,1015.9881221106219,222.90870772360955,1313.6131501551868,397.47433918375583,cam_3_1690297646_10-07-26.jpg
263,115,1978.6396190958412,377.85954892059135,2298.5519154053554,550.6487466776465,cam_3_1690297736_10-08-56.jpg
263,177,2143.1310818700363,407.16397775014104,2483.3878406218328,580.5230771764001,cam_3_1690297736_10-08-56.jpg
263,191,1745.4193500409096,453.94629801526935,2144.4509850241757,759.531699447494,cam_3_1690297736_10-08-56.jpg
263,206,1266.9021545086628,308.52833190239426,1684.14145876795,627.5012116804237,cam_3_1690297736_10-08-56.jpg
263,243,1477.6777040941345,392.57463673249833,1838.366565048112,602.295341549693,cam_3_1690297736_10-08-56.jpg
263,247,1792.636398929752,196.2967237189937,2145.1973010776965,386.2779018480405,cam_3_1690297736_10-08-56.jpg
263,258,1373.5931286699931,205.21624342378263,1678.246438483449,351.2389962287813,cam_3_1690297736_10-08-56.jpg
263,276,922.8105581401137,362.6728812554232,1346.9899145222357,642.1485071308189,cam_3_1690297736_10-08-56.jpg
263,277,2278.1287957869745,451.44151489264755,2697.2584676433244,654.1706313706836,cam_3_1690297736_10-08-56.jpg
263,282,1530.6537906313858,425.9922207178356,1978.604027249243,649.0840169517683,cam_3_1690297736_10-08-56.jpg
263,287,1012.7931315287312,217.62269761203197,1310.3660601064144,391.83150583468307,cam_3_1690297736_10-08-56.jpg
264,115,1978.0140028516294,379.7628020385748,2307.667406176846,556.1010408429111,cam_3_1690297796_10-09-56.jpg
264,177,2146.185287381239,410.4902034086663,2491.9660909091567,586.849508653538,cam_3_1690297796_10-09-56.jpg
264,191,1745.336024170223,450.48093079819716,2149.2850750137077,759.474435054352,cam_3_1690297796_10-09-56.jpg
264,206,1266.898981767442,306.5660846024427,1681.7075463382807,627.772469504717,cam_3_1690297796_10-09-56.jpg
264,243,1472.4352570488154,389.93537619528723,1835.639452966809,602.7311009661236,cam_3_1690297796_10-09-56.jpg
264,247,1786.3741502113216,196.54611551054649,2113.5847885855355,373.22250205336655,cam_3_1690297796_10-09-56.jpg
264,258,1355.9397383615742,202.17788614075602,1674.2427529764216,354.25308110501317,cam_3_1690297796_10-09-56.jpg
264,276,922.2233863105824,363.59919524189496,1345.7759584370701,643.1983256766634,cam_3_1690297796_10-09-56.jpg
264,277,2277.7603793837225,452.185521158812,2697.5253542745554,653.3021059946122,cam_3_1690297796_10-09-56.jpg
264,282,1529.5573377476348,423.6857489211724,1982.0896950286874,649.1771150149776,cam_3_1690297796_10-09-56.jpg
264,284,2117.9164905440834,181.7978361986339,2285.3482144507616,384.635331822823,cam_3_1690297796_10-09-56.jpg
265,115,1973.7334612744362,379.1041043087571,2312.5094422896973,559.4642584234135,cam_3_1690297886_10-11-26.jpg
265,177,2147.055926552345,414.4893439218479,2498.3554948146743,594.8225597462288,cam_3_1690297886_10-11-26.jpg
265,191,1745.3237489553744,452.81337296293253,2146.027309669731,759.1390117985075,cam_3_1690297886_10-11-26.jpg
265,206,1265.670054675576,305.82365135452295,1677.635820591995,628.2868473803414,cam_3_1690297886_10-11-26.jpg
265,243,1474.0025366703635,390.1268625395912,1832.4309680563808,601.3078718792452,cam_3_1690297886_10-11-26.jpg
265,247,1755.112586032553,198.8925820094782,2080.4786854185377,375.3043901081372,cam_3_1690297886_10-11-26.jpg
265,258,1344.5854142077956,203.92838318587934,1656.0235539294622,351.56021308647996,cam_3_1690297886_10-11-26.jpg
265,276,917.2477433587449,364.0588141218785,1339.780485639104,644.1324549186127,cam_3_1690297886_10-11-26.jpg
265,277,2280.696239739879,450.1384586163969,2701.414333995766,650.5220514207481,cam_3_1690297886_10-11-26.jpg
265,282,1531.6859975095995,425.8852925187499,1979.4112972900266,648.8365747998354,cam_3_1690297886_10-11-26.jpg
265,284,2088.312444364933,183.32848879320466,2261.5464231931264,385.2631584950333,cam_3_1690297886_10-11-26.jpg
266,115,1962.0236620499677,379.20263935047626,2306.266886168633,561.6668844624949,cam_3_1690297931_10-12-11.jpg
266,177,2139.780288659331,412.4907471477233,2495.3675285671757,595.3280589239848,cam_3_1690297931_10-12-11.jpg
266,191,1747.7675235707848,454.68937226470814,2145.8119655856635,758.3734751299106,cam_3_1690297931_10-12-11.jpg
266,206,1273.8547795813497,304.55088469926727,1685.4959012907323,627.542945933719,cam_3_1690297931_10-12-11.jpg
266,243,1473.922466740223,390.7296216409348,1830.9317477064574,601.0005311070505,cam_3_1690297931_10-12-11.jpg
266,247,1745.3180550419531,204.87565402883547,2064.2077006558857,377.04635358035193,cam_3_1690297931_10-12-11.jpg
266,258,1368.5707670424943,202.6588585459653,1662.0877112820012,340.317993387581,cam_3_1690297931_10-12-11.jpg
266,276,911.5252742536479,361.2065573168509,1340.689063959756,646.4408014480613,cam_3_1690297931_10-12-11.jpg
266,277,2271.482504383023,449.13297483668646,2701.454767520161,652.2848168317399,cam_3_1690297931_10-12-11.jpg
266,282,1536.2739349767492,425.02544742759653,1981.2285929244704,647.3114705289988,cam_3_1690297931_10-12-11.jpg
267,115,1957.0229222170988,378.5447575380347,2297.5481947494495,556.8129157698706,cam_3_1690297991_10-13-11.jpg
267,177,2140.334383764356,409.95778774425173,2490.7072066540313,589.6157011438876,cam_3_1690297991_10-13-11.jpg
267,191,1740.0287801200827,446.8929683240989,2147.7725186021557,759.1358945267561,cam_3_1690297991_10-13-11.jpg
267,192,1338.8692017709247,204.75220413735684,1619.4203782584905,366.0279031050984,cam_3_1690297991_10-13-11.jpg
267,206,1253.190512687832,311.0744159913646,1656.5986627680525,631.8840632348276,cam_3_1690297991_10-13-11.jpg
267,243,1474.4403715469361,392.2862034832467,1829.8482441151218,601.6735789490631,cam_3_1690297991_10-13-11.jpg
267,247,1739.4070286530125,204.73163308641654,2061.554388770698,375.9743236545645,cam_3_1690297991_10-13-11.jpg
267,276,899.1802218127202,361.2573055959398,1323.4766930145518,646.0566793097896,cam_3_1690297991_10-13-11.jpg
267,277,2269.041545222667,449.018240969492,2702.866029350608,652.4122618447758,cam_3_1690297991_10-13-11.jpg
267,282,1530.5235134661552,425.01599280078256,1977.4685611231555,648.8573428568274,cam_3_1690297991_10-13-11.jpg
268,115,1955.971788474818,378.5796205329177,2312.7957775413024,565.4601730987031,cam_3_1690298111_10-15-11.jpg
268,177,2159.997565835264,410.9491439928099,2505.7474787457295,590.1201522915815,cam_3_1690298111_10-15-11.jpg
268,191,1742.5406838756107,451.9493434578269,2145.0083927861165,759.8960375631311,cam_3_1690298111_10-15-11.jpg
268,206,1238.2130617810826,308.54479048597136,1640.1181066468748,633.8813890760603,cam_3_1690298111_10-15-11.jpg
268,212,419.12647634811503,337.47423613756024,857.0491681128182,633.5107714513481,cam_3_1690298111_10-15-11.jpg
268,237,1761.9754490616672,200.23007447554974,2130.7635836114,369.18566595866594,cam_3_1690298111_10-15-11.jpg
268,243,1478.2153941782635,393.1194499826653,1832.5331725721883,602.2083238878653,cam_3_1690298111_10-15-11.jpg
268,258,1353.7189863057633,201.68056509313246,1683.8898502326078,357.4682865966713,cam_3_1690298111_10-15-11.jpg
268,276,899.2072918266904,357.900349693219,1324.24587278652,646.3394433520073,cam_3_1690298111_10-15-11.jpg
268,277,2271.74570855633,449.68441796297486,2706.8939071843197,652.8478587532139,cam_3_1690298111_10-15-11.jpg
268,282,1536.5812249138462,424.2771673866524,1985.544348141257,650.2943440147441,cam_3_1690298111_10-15-11.jpg
269,115,1957.8690348189516,378.2888551782799,2318.021272248487,567.2022598892158,cam_3_1690298126_10-15-26.jpg
269,177,2169.8293500377195,411.224742769072,2511.497220319859,589.5588911360526,cam_3_1690298126_10-15-26.jpg
269,191,1744.214411991536,452.3947552457445,2146.04867650815,759.7826805515788,cam_3_1690298126_10-15-26.jpg
269,206,1238.9295192897043,309.5019472407985,1633.7117797973633,633.8082600057073,cam_3_1690298126_10-15-26.jpg
269,212,385.1965362815612,332.8386247557326,807.9954557648211,612.2675675363578,cam_3_1690298126_10-15-26.jpg
269,237,1775.4286317582723,198.22552876390745,2135.8963875552245,371.58326956631925,cam_3_1690298126_10-15-26.jpg
269,243,1476.6541844462472,393.00276314506436,1833.201864105742,603.6873332705887,cam_3_1690298126_10-15-26.jpg
269,258,1355.3669368016167,202.2664336829189,1692.564756092589,361.62218946135215,cam_3_1690298126_10-15-26.jpg
269,276,899.4493834915467,359.1262097552079,1319.0387675268005,646.8767879777399,cam_3_1690298126_10-15-26.jpg
269,277,2279.195056609212,448.43121469218124,2717.2432845145995,653.2862520803012,cam_3_1690298126_10-15-26.jpg
269,282,1532.9806842656994,424.120699079469,1982.8101558480562,650.6526168997163,cam_3_1690298126_10-15-26.jpg
270,115,1964.6333082788587,378.79984572278255,2311.7975020419653,560.3847537076498,cam_3_1690298171_10-16-11.jpg
270,177,2154.914004120017,410.7972414410277,2508.382116556695,596.5174873991997,cam_3_1690298171_10-16-11.jpg
270,191,1746.5987274352415,452.9678859250705,2148.961586707126,760.12007411693,cam_3_1690298171_10-16-11.jpg
270,206,1238.776593226867,310.68054013831113,1630.2810717215561,636.3518777217016,cam_3_1690298171_10-16-11.jpg
270,212,404.69001128316575,332.15248108175535,832.51772916088,619.7139434026916,cam_3_1690298171_10-16-11.jpg
270,237,1758.7531367762676,196.3651991563762,2124.549135197581,372.82612516105337,cam_3_1690298171_10-16-11.jpg
270,243,1474.5044658681845,394.8108453018125,1824.0245595858496,601.3133805617049,cam_3_1690298171_10-16-11.jpg
270,258,1346.8529846028991,202.45390902723187,1681.0773926332097,362.43922765873106,cam_3_1690298171_10-16-11.jpg
270,276,896.0612861979887,357.84296497718134,1314.3022410965148,647.5273714071366,cam_3_1690298171_10-16-11.jpg
270,277,2276.8127622951624,448.3692052815262,2715.9720346652593,653.5460568542029,cam_3_1690298171_10-16-11.jpg
270,282,1533.3106272422667,424.88630533201734,1978.8445978038862,649.2562283351382,cam_3_1690298171_10-16-11.jpg
271,115,1963.0212922660892,380.9029617306115,2305.344922144471,558.4318876463462,cam_3_1690298321_10-18-41.jpg
271,177,2143.570632390946,412.2467526067045,2495.2571552530044,596.0700988225703,cam_3_1690298321_10-18-41.jpg
271,191,1746.849647842751,456.32450300768835,2145.720730999429,760.1956317843692,cam_3_1690298321_10-18-41.jpg
271,206,1240.9376780365692,306.64529190768144,1631.4481014260004,636.9853944742151,cam_3_1690298321_10-18-41.jpg
271,212,431.00595616701105,337.6951000512521,843.7122916354921,621.6545306965315,cam_3_1690298321_10-18-41.jpg
271,243,1476.5084807475357,395.1024884300664,1827.2426711509167,601.8436609418818,cam_3_1690298321_10-18-41.jpg
271,258,1387.0647217582007,201.6569733794104,1710.9363921090483,356.11606410755826,cam_3_1690298321_10-18-41.jpg
271,276,906.0323097151838,357.9207938426706,1319.7554092244143,646.8008417069466,cam_3_1690298321_10-18-41.jpg
271,277,2271.5675283788423,450.5240498964167,2709.464852986713,654.0116991910684,cam_3_1690298321_10-18-41.jpg
271,282,1533.808475377937,426.5576828974546,1975.2708114833133,648.7204798866184,cam_3_1690298321_10-18-41.jpg
271,284,2019.2679416095527,187.65856627295386,2186.2077259362036,375.2293242942667,cam_3_1690298321_10-18-41.jpg
272,115,2028.6409521808066,377.5217778691368,2363.0760802384907,554.0207314743477,cam_3_1690298351_10-19-11.jpg
272,177,2143.720388045402,408.1231411042551,2495.4986822341784,592.016039023356,cam_3_1690298351_10-19-11.jpg
272,191,1745.832789088023,453.32655847223344,2145.712464245504,757.712857418021,cam_3_1690298351_10-19-11.jpg
272,206,1165.1041574075173,315.77812513244146,1557.6425640558318,655.764024731066,cam_3_1690298351_10-19-11.jpg
272,212,422.88590425354073,340.0754474971727,841.2570606751954,633.2491446184647,cam_3_1690298351_10-19-11.jpg
272,243,1482.276794280689,395.0798162803587,1828.1751813779458,598.5653655720746,cam_3_1690298351_10-19-11.jpg
272,258,1401.2634405019558,199.74623960703136,1726.4658742776505,355.07663543715944,cam_3_1690298351_10-19-11.jpg
272,276,885.6556660349189,355.9405290676983,1292.5847211161881,647.9997769716681,cam_3_1690298351_10-19-11.jpg
272,277,2272.8274204489253,449.82184315263004,2710.661534567929,652.8218101171883,cam_3_1690298351_10-19-11.jpg
272,282,1536.2374026402888,425.2937691296786,1979.7383245138851,648.4334530211986,cam_3_1690298351_10-19-11.jpg
272,284,1919.755452636236,207.6133475597677,2102.1430721006236,384.7154579404271,cam_3_1690298351_10-19-11.jpg
273,115,1991.395833908015,381.3279634123741,2328.5049330560582,558.0011153003769,cam_3_1690298666_10-24-26.jpg
273,177,2134.3461782323307,412.0580671816614,2498.972732861658,602.8625250873484,cam_3_1690298666_10-24-26.jpg
273,191,1740.7666766638424,453.5391091230132,2139.762253467272,757.7769953584194,cam_3_1690298666_10-24-26.jpg
273,206,1217.5166175768559,306.83562065063103,1596.0937430437098,633.8118829308919,cam_3_1690298666_10-24-26.jpg
273,212,414.0557886104401,334.3447738911343,832.9277283811603,622.5674777314866,cam_3_1690298666_10-24-26.jpg
273,231,492.7417236234163,533.4941370269528,1149.8671319611967,983.1119093109477,cam_3_1690298666_10-24-26.jpg
273,243,1484.408854770045,397.5508370825779,1824.440741414153,597.4545323726713,cam_3_1690298666_10-24-26.jpg
273,258,1420.223186818322,200.15774722017653,1727.3464032698937,345.91315326569395,cam_3_1690298666_10-24-26.jpg
273,277,2271.111581125372,451.55622738871443,2706.569039073436,652.3026161470741,cam_3_1690298666_10-24-26.jpg
273,282,1536.8025295774544,425.18008191559056,1975.9682986244109,646.4943197310224,cam_3_1690298666_10-24-26.jpg
273,284,1918.9871877662024,214.0726501721112,2102.5260840030087,374.68887685863007,cam_3_1690298666_10-24-26.jpg
274,115,1977.9369877736542,383.11529354749104,2314.633776970471,558.1260494513236,cam_3_1690298681_10-24-41.jpg
274,177,2139.279754682727,413.36829805373384,2495.2541925431224,598.7464982298096,cam_3_1690298681_10-24-41.jpg
274,191,1740.6901329775565,453.6168265113895,2140.0396850814027,758.5082564965153,cam_3_1690298681_10-24-41.jpg
274,206,1263.724344622764,307.0681028558796,1638.4881163432021,625.9547365938643,cam_3_1690298681_10-24-41.jpg
274,212,485.94410242095665,335.76043162144526,885.5054930809392,618.3806927773592,cam_3_1690298681_10-24-41.jpg
274,231,478.72006620128906,545.1863315960627,1130.7653913377385,995.7859812083618,cam_3_1690298681_10-24-41.jpg
274,243,1489.4186934256727,401.22286501203064,1822.1984712282454,596.4214484193749,cam_3_1690298681_10-24-41.jpg
274,258,1435.2994067689692,201.78701214651161,1725.3937266300354,338.2962131040948,cam_3_1690298681_10-24-41.jpg
274,277,2265.368302307668,451.63684903700397,2702.9831881917776,651.9391363940969,cam_3_1690298681_10-24-41.jpg
274,282,1542.716583585239,424.137070448728,1980.0423035581357,644.9198733777355,cam_3_1690298681_10-24-41.jpg
274,284,1912.4149148930162,217.6943361149605,2105.9590797755473,373.11373366863666,cam_3_1690298681_10-24-41.jpg
275,167,392.92153823161914,352.0148373210883,839.6179172619474,616.5540114012817,cam_3_1690298891_10-28-11.jpg
275,177,2172.799372494286,414.99870219925015,2501.6672325864647,585.790976382819,cam_3_1690298891_10-28-11.jpg
275,191,1741.9786303150831,453.65834563452734,2139.2286752933323,756.8333394564035,cam_3_1690298891_10-28-11.jpg
275,206,1307.360929919893,336.5403659912566,1588.8824620555963,565.1785527504464,cam_3_1690298891_10-28-11.jpg
275,231,472.3614646384124,543.3023049130903,1138.882726800098,1007.7509055088459,cam_3_1690298891_10-28-11.jpg
275,243,1491.6348781992967,400.8256280777654,1828.0018191604167,597.1384067721096,cam_3_1690298891_10-28-11.jpg
275,258,1440.3424199369033,197.0001481898257,1743.5494292314747,340.08156366525077,cam_3_1690298891_10-28-11.jpg
275,277,2267.3517842729,451.53972400004267,2706.657906286183,651.9444876578843,cam_3_1690298891_10-28-11.jpg
275,282,1552.5485168745222,432.93503516547435,1976.1063484392737,646.2254145503082,cam_3_1690298891_10-28-11.jpg
275,284,1886.9196489362666,218.36019281686254,2098.123773989483,376.31646911665916,cam_3_1690298891_10-28-11.jpg
275,288,511.3329743648362,983.4289943299316,1634.014120460815,1775.9889834770884,cam_3_1690298891_10-28-11.jpg
276,177,2183.7440357041933,414.5233270646858,2507.3098238609255,582.3780318704778,cam_3_1690299071_10-31-11.jpg
276,191,1744.1001895499687,455.4425497938421,2138.9443835558486,756.3187264974017,cam_3_1690299071_10-31-11.jpg
276,206,1326.6921462874766,352.5398035305834,1571.7081316671201,542.6342163199961,cam_3_1690299071_10-31-11.jpg
276,212,479.7551456716057,356.58385428815166,854.8048238261431,621.8802311408232,cam_3_1690299071_10-31-11.jpg
276,231,460.0815317643884,541.5432653688881,1145.1059844123934,1027.2736224049077,cam_3_1690299071_10-31-11.jpg
276,243,1490.606998765716,401.48328845771357,1829.7796575210111,598.8872013922605,cam_3_1690299071_10-31-11.jpg
276,247,1845.5507001173874,221.0979918187454,2140.9696940063604,376.469661350309,cam_3_1690299071_10-31-11.jpg
276,258,1460.200284267482,196.02692493562003,1758.3922979979968,336.978456111043,cam_3_1690299071_10-31-11.jpg
276,277,2266.5311197706374,451.9946584908465,2706.004280167697,651.5647217765656,cam_3_1690299071_10-31-11.jpg
276,282,1549.058777458228,431.46415407517856,1978.212716688758,646.9561948567092,cam_3_1690299071_10-31-11.jpg
276,288,549.4329014956305,910.874760941949,1741.8485237110017,1754.8968019060885,cam_3_1690299071_10-31-11.jpg
277,177,2165.96465542873,413.23769357960424,2499.305595972686,584.4785554630636,cam_3_1690299176_10-32-56.jpg
277,191,1743.3438842009884,451.398461322556,2144.309968429652,757.3701244523713,cam_3_1690299176_10-32-56.jpg
277,197,366.0264848775172,522.4857465296994,1158.0986572639313,970.2579780786189,cam_3_1690299176_10-32-56.jpg
277,206,1334.5675982099206,352.03667748151804,1560.7561189982812,520.003232165371,cam_3_1690299176_10-32-56.jpg
277,212,455.11569627372734,368.1643695847556,848.9712349262315,649.6368297084266,cam_3_1690299176_10-32-56.jpg
277,243,1487.9955767504885,400.18587144890876,1828.6114090519231,598.1634966505309,cam_3_1690299176_10-32-56.jpg
277,247,1854.7136299692602,221.38018753780017,2147.07513351242,375.2768137240025,cam_3_1690299176_10-32-56.jpg
277,258,1468.3075303177857,195.82697343586972,1759.2991629315864,333.5297809801334,cam_3_1690299176_10-32-56.jpg
277,277,2272.0088020299177,450.2941060723776,2710.6561166475585,649.2798435353036,cam_3_1690299176_10-32-56.jpg
277,282,1546.4500404413961,430.89235047964144,1976.7628865023757,646.2777645900521,cam_3_1690299176_10-32-56.jpg
277,288,439.4180653301265,992.5105357169638,2029.9737558244706,2143.6135996401745,cam_3_1690299176_10-32-56.jpg
277,289,1369.66082962184,379.77417393450486,1733.9542226962276,575.6945815414642,cam_3_1690299176_10-32-56.jpg
277,290,2025.8101906602524,243.94500847517259,2430.365065552952,444.01866256037124,cam_3_1690299176_10-32-56.jpg
278,115,2008.5968711154787,371.65700923063844,2312.751043008479,527.7205366836938,cam_3_1690299506_10-38-26.jpg
278,177,2162.0844887002745,412.39935219060874,2497.6638250969277,584.4952103378296,cam_3_1690299506_10-38-26.jpg
278,191,1744.1854438974335,451.0145335362318,2146.3922319036146,758.1846894721477,cam_3_1690299506_10-38-26.jpg
278,197,383.0369098068699,524.3397261133528,1119.5458772099728,926.3327190317605,cam_3_1690299506_10-38-26.jpg
278,206,1349.0284917235826,311.7518973272224,1605.138749740766,496.2220068696178,cam_3_1690299506_10-38-26.jpg
278,212,429.60888757553016,345.9611867183478,817.003089469543,619.3121445673913,cam_3_1690299506_10-38-26.jpg
278,243,1500.625748082882,399.16023807353963,1830.9238334937947,591.7582195080845,cam_3_1690299506_10-38-26.jpg
278,258,1460.0936692818113,198.99813625559415,1749.800288561181,335.1005280811146,cam_3_1690299506_10-38-26.jpg
278,277,2280.004448939124,448.7698031882265,2718.888202002994,648.2359292187916,cam_3_1690299506_10-38-26.jpg
278,282,1540.84685242078,426.982175494167,1981.4976799306041,647.7575992186187,cam_3_1690299506_10-38-26.jpg
278,289,1447.834364641044,372.8281484077143,1761.7429279827984,542.266764678166,cam_3_1690299506_10-38-26.jpg
279,115,2006.0513353295794,375.11558943444135,2317.0472162859746,534.3159242316319,cam_3_1690299581_10-39-41.jpg
279,177,2160.0371921174274,413.44197586961656,2499.456508843122,587.4962356983428,cam_3_1690299581_10-39-41.jpg
279,191,1740.9114641847343,450.56094982785316,2145.1991783164913,759.1365377136044,cam_3_1690299581_10-39-41.jpg
279,197,388.4559964191644,525.4082295092762,1120.5229360136075,915.1703926139598,cam_3_1690299581_10-39-41.jpg
279,212,417.81715273750234,338.03803324802095,817.0408207523985,620.5605628796515,cam_3_1690299581_10-39-41.jpg
279,258,1472.2096033567807,192.08337802859228,1787.0482802203776,342.12533157605924,cam_3_1690299581_10-39-41.jpg
279,277,2281.569506512007,448.07241464690225,2718.3553561738454,646.9655190970166,cam_3_1690299581_10-39-41.jpg
279,282,1360.2258515340766,396.9048711129446,2020.0167192716012,734.2686937771709,cam_3_1690299581_10-39-41.jpg
280,115,2001.645386732612,378.3306201626008,2315.853646952968,538.2403483099812,cam_3_1690299731_10-42-11.jpg
280,167,372.23661009747104,340.30379140930825,824.399647248794,605.1502654846296,cam_3_1690299731_10-42-11.jpg
280,177,2155.302586964819,415.8743337030626,2497.5425002826123,591.3032791882865,cam_3_1690299731_10-42-11.jpg
280,191,1743.7126308728195,453.06613616443906,2146.29182900478,760.0800696729666,cam_3_1690299731_10-42-11.jpg
280,197,395.23311809967987,522.491512424146,1177.0002984586345,947.6835828219301,cam_3_1690299731_10-42-11.jpg
280,204,1143.5644415798554,223.08798329780458,1366.5250471894954,460.455858047574,cam_3_1690299731_10-42-11.jpg
280,277,2275.67862868321,448.8018136420914,2714.818466784554,648.2933517564043,cam_3_1690299731_10-42-11.jpg
280,282,1319.5410286104727,375.9781963900813,2060.429535646707,765.2870797658621,cam_3_1690299731_10-42-11.jpg
280,292,637.6877992345596,749.6027493493996,1757.7327236899675,1369.3876384462617,cam_3_1690299731_10-42-11.jpg
281,115,2003.0870777672417,379.9847422277933,2319.9189192833446,541.1182485461568,cam_3_1690299746_10-42-26.jpg
281,177,2157.341748926147,414.64860244955787,2496.6373714765837,588.079347039203,cam_3_1690299746_10-42-26.jpg
281,191,1798.350273578425,454.8227314013749,2137.8250132053704,713.2565411583456,cam_3_1690299746_10-42-26.jpg
281,197,517.7789825581478,532.2681336098659,1234.9856077970094,931.681461090732,cam_3_1690299746_10-42-26.jpg
281,204,1135.23210773877,223.11393685514074,1355.1896663157634,462.2542068735165,cam_3_1690299746_10-42-26.jpg
281,212,406.150919961525,335.84325383589083,820.0350136986317,629.3993644579541,cam_3_1690299746_10-42-26.jpg
281,277,2272.288107958053,448.66612612776106,2713.816085776782,648.8749872942444,cam_3_1690299746_10-42-26.jpg
281,282,1364.9645772371828,363.0732799743353,2032.2170432275705,715.1759122582016,cam_3_1690299746_10-42-26.jpg
282,115,1999.600039070001,380.1519851928797,2322.3142609568195,544.5362381542889,cam_3_1690299776_10-42-56.jpg
282,177,2150.2076891139704,414.34593847439174,2504.201722905996,596.370089169937,cam_3_1690299776_10-42-56.jpg
282,204,1124.775140088675,220.91598509624848,1338.488774017243,458.2677570386327,cam_3_1690299776_10-42-56.jpg
282,212,393.3419785030266,335.65355192020013,803.995437779517,620.8251483139003,cam_3_1690299776_10-42-56.jpg
282,277,2273.095118302008,448.3436457364508,2716.5374778046153,649.3940468391852,cam_3_1690299776_10-42-56.jpg
282,282,1379.8656211119,358.2997116038067,2036.4856269081806,707.8133528904453,cam_3_1690299776_10-42-56.jpg
282,294,1896.6645019294756,168.74944871068294,2066.6997993428986,350.5653991804668,cam_3_1690299776_10-42-56.jpg
283,115,1986.8572807507617,375.8973106720393,2330.3492304604333,551.4388361307178,cam_3_1690299911_10-45-11.jpg
283,177,2144.5592628251206,412.97705932506733,2499.636597727055,596.3318431620211,cam_3_1690299911_10-45-11.jpg
283,191,1749.518486323994,451.32721131495504,2141.5253050850824,750.4922687522717,cam_3_1690299911_10-45-11.jpg
283,204,1076.6034993773624,230.94891101257886,1282.0695912934543,437.42869105731677,cam_3_1690299911_10-45-11.jpg
283,212,404.118182085968,342.0846863803731,819.3570932802096,632.7213555161753,cam_3_1690299911_10-45-11.jpg
283,247,1922.7973641478482,180.68919935379853,2283.1900516801943,371.26808525450303,cam_3_1690299911_10-45-11.jpg
283,277,2285.535033113388,448.24798048159994,2724.2018304806775,648.0368989601362,cam_3_1690299911_10-45-11.jpg
283,282,1331.954025563465,361.08954466891987,2059.0822464893986,758.8007957350944,cam_3_1690299911_10-45-11.jpg
284,115,1985.139347890557,374.4428066142206,2325.036522046978,547.8504523026525,cam_3_1690299941_10-45-41.jpg
284,177,2145.430764615824,411.57225588103404,2499.5671485529524,594.9135683392376,cam_3_1690299941_10-45-41.jpg
284,191,1744.1855723431752,453.49987711159747,2142.0432360497725,757.049484986519,cam_3_1690299941_10-45-41.jpg
284,204,1037.2840273397815,231.43927331180777,1266.243502246647,451.1260272304162,cam_3_1690299941_10-45-41.jpg
284,212,413.6683198621558,346.8999605208653,830.0599968159815,637.098591955642,cam_3_1690299941_10-45-41.jpg
284,247,1924.7133957283622,175.06099965975213,2293.4711032176037,370.67271444032065,cam_3_1690299941_10-45-41.jpg
284,277,2289.4789890078328,447.47891914189637,2726.6160704533845,647.3707376575975,cam_3_1690299941_10-45-41.jpg
284,282,1319.4951774082588,361.0856931410573,2072.5615770577297,783.1600729144789,cam_3_1690299941_10-45-41.jpg
284,287,1233.5248437168457,284.43679403732165,1641.9867598913381,529.8915244634584,cam_3_1690299941_10-45-41.jpg
285,115,1987.499655153437,373.5494733148643,2329.680440661195,547.9702146681352,cam_3_1690299956_10-45-56.jpg
285,177,2145.3712397159356,412.6928163907013,2497.9070168894727,595.6049650170918,cam_3_1690299956_10-45-56.jpg
285,191,1740.6250364685227,454.9467627144255,2140.0766604037444,760.2183924369433,cam_3_1690299956_10-45-56.jpg
285,204,1044.8713346474744,233.93055903750104,1281.131825229604,458.4271012948931,cam_3_1690299956_10-45-56.jpg
285,212,409.25313284070927,347.7476798370984,831.7460547702021,642.1660917808779,cam_3_1690299956_10-45-56.jpg
285,247,1924.8836026386766,172.81949286230093,2296.029359568589,370.3917247005685,cam_3_1690299956_10-45-56.jpg
285,277,2291.0577392394844,447.93376294724897,2726.535003376148,647.4187271244303,cam_3_1690299956_10-45-56.jpg
285,282,1321.2993462854813,359.9577695313225,2074.739327479347,791.9701880380417,cam_3_1690299956_10-45-56.jpg
285,287,1301.8046510831712,329.19067582565026,1624.5179252915264,525.1604010180304,cam_3_1690299956_10-45-56.jpg
285,299,1337.6914782025965,197.31774340521108,1509.2532884353807,376.6759717850465,cam_3_1690299956_10-45-56.jpg
285,300,1360.1029327376266,366.82022577986487,1648.2963867379876,544.6682028992262,cam_3_1690299956_10-45-56.jpg
286,115,1982.9553303552855,375.38145836424536,2323.328071522973,548.3448767701104,cam_3_1690299986_10-46-26.jpg
286,177,2140.383083881247,412.0824152737982,2501.407763613902,600.75145016689,cam_3_1690299986_10-46-26.jpg
286,191,1740.6394742731106,455.72699264860546,2140.1208647858157,761.1049121033411,cam_3_1690299986_10-46-26.jpg
286,212,393.0658298525808,342.87078941110667,823.0024607139143,638.8848641839704,cam_3_1690299986_10-46-26.jpg
286,277,2295.3859187593757,447.31976045945356,2728.389256073372,646.420629854429,cam_3_1690299986_10-46-26.jpg
286,282,1331.6126424502527,358.4738806284094,2072.3268011130735,792.970770633071,cam_3_1690299986_10-46-26.jpg
286,287,1325.2914677440997,344.0364668285981,1611.7371829859994,520.5224296029253,cam_3_1690299986_10-46-26.jpg
286,290,1788.8602954484809,177.18657414628893,2141.42240226801,352.4105493838769,cam_3_1690299986_10-46-26.jpg
286,299,1322.116019419638,200.3786272330072,1504.3056240893932,390.44704781859593,cam_3_1690299986_10-46-26.jpg
286,300,1362.3918377379034,365.74356682157395,1659.2236707579918,548.882130948432,cam_3_1690299986_10-46-26.jpg
287,115,1988.3738739096827,377.79500623672163,2315.143070746308,542.9374352401967,cam_3_1690300061_10-47-41.jpg
287,177,2144.8014292797106,412.7900004640532,2499.3323915322876,598.5705735733972,cam_3_1690300061_10-47-41.jpg
287,191,1740.663297377408,456.0584456230705,2139.595162541838,761.1370503439668,cam_3_1690300061_10-47-41.jpg
287,212,400.6417397709772,346.49198478215976,829.8525762872569,643.0746777031143,cam_3_1690300061_10-47-41.jpg
287,237,1380.7581507430418,200.76989462427872,1731.1471914633346,371.24093637500823,cam_3_1690300061_10-47-41.jpg
287,277,2294.7360315772867,447.36007342264844,2727.142276794473,646.5805800813276,cam_3_1690300061_10-47-41.jpg
287,282,1346.1331083603432,360.0595004428201,2065.0869686379115,790.8265771690797,cam_3_1690300061_10-47-41.jpg
287,287,1333.5992522582997,353.6479301285855,1602.08103198116,521.3347629459685,cam_3_1690300061_10-47-41.jpg
287,299,1331.084762037474,202.85794006357526,1517.663747772588,396.2153761935434,cam_3_1690300061_10-47-41.jpg
287,300,1360.8454786243851,368.8741054537437,1657.820380503351,552.4191185011459,cam_3_1690300061_10-47-41.jpg
288,115,1984.8820481882788,378.7108394898189,2316.8537204054014,545.6564991339275,cam_3_1690300166_10-49-26.jpg
288,177,2134.94459616404,412.73912100071146,2495.7825463905756,602.5530338529917,cam_3_1690300166_10-49-26.jpg
288,191,1740.0392484489767,455.0493588866633,2140.536949841385,761.5237509830719,cam_3_1690300166_10-49-26.jpg
288,212,386.2237030514665,346.4936147721265,819.0396900144472,642.7962256076926,cam_3_1690300166_10-49-26.jpg
288,276,789.7799583756553,334.32416462125195,1202.8850316305766,633.2544664706438,cam_3_1690300166_10-49-26.jpg
288,277,2309.7827756340093,445.9632772807258,2740.240924120553,646.4377800044757,cam_3_1690300166_10-49-26.jpg
288,282,1360.1735211497407,352.4528830299146,2075.158349471573,790.3087142170339,cam_3_1690300166_10-49-26.jpg
288,287,1338.6790038111242,353.0384761427706,1605.8876218851988,520.2867570813355,cam_3_1690300166_10-49-26.jpg
288,299,1319.9926104249976,200.57691772681457,1507.102471132042,393.01512010269323,cam_3_1690300166_10-49-26.jpg
288,300,1367.381573848877,364.4787988922173,1683.990138686896,560.8257682717507,cam_3_1690300166_10-49-26.jpg
289,115,1985.5157780747147,378.2892688919089,2323.160844449575,548.0265432296678,cam_3_1690300226_10-50-26.jpg
289,177,2143.6932829898305,412.6394516693724,2496.07828431228,597.8794493598409,cam_3_1690300226_10-50-26.jpg
289,191,1741.7960925021325,451.20488467125665,2146.6269957247505,761.3345568136674,cam_3_1690300226_10-50-26.jpg
289,212,391.9719211642205,348.7605312023246,817.9454166617895,642.0767480364266,cam_3_1690300226_10-50-26.jpg
289,231,414.39591998805656,462.2421341558493,977.4058260938247,867.0699626673613,cam_3_1690300226_10-50-26.jpg
289,277,2294.0313170526533,447.0387335470169,2723.7535769217925,646.9006602514746,cam_3_1690300226_10-50-26.jpg
289,282,1377.2088658343184,354.93134093745414,2074.298358315895,790.0638804364662,cam_3_1690300226_10-50-26.jpg
289,287,1335.8854233169159,353.2929625857757,1602.7160106718197,521.7306536864323,cam_3_1690300226_10-50-26.jpg
289,299,1304.252165191739,202.24193196050484,1492.9364179487586,394.3047937195761,cam_3_1690300226_10-50-26.jpg
289,300,1370.0985558283387,367.4749711617146,1697.052678049945,570.3439235428523,cam_3_1690300226_10-50-26.jpg
290,115,2016.5043065602397,378.9869878965343,2337.766690345466,542.1058954547332,cam_3_1690300301_10-51-41.jpg
290,177,2150.124791177168,413.11055704799423,2497.944644746278,595.69275811083,cam_3_1690300301_10-51-41.jpg
290,191,1738.617346677856,444.43345631522305,2148.987496261671,759.6194821888187,cam_3_1690300301_10-51-41.jpg
290,212,394.83561393780064,347.78341552558913,821.2623537761403,643.3662262408318,cam_3_1690300301_10-51-41.jpg
290,231,451.01872585600273,460.471576614618,992.7623344687634,859.1393684464988,cam_3_1690300301_10-51-41.jpg
290,277,2291.2117442242247,448.1288212128588,2717.561814541445,646.0095639019921,cam_3_1690300301_10-51-41.jpg
290,282,1395.5367414137256,354.13381015298046,2074.6486205023007,786.7200362390217,cam_3_1690300301_10-51-41.jpg
290,287,1336.2001202380807,349.5558777198866,1603.0039446411383,519.1867754100609,cam_3_1690300301_10-51-41.jpg
290,299,1304.6963259055779,201.9813770867413,1492.1101454104846,390.7898895962875,cam_3_1690300301_10-51-41.jpg
290,300,1376.9563045723478,369.32842086315475,1701.1289175654033,570.0859504060395,cam_3_1690300301_10-51-41.jpg
291,115,2004.0431416036336,376.35846857149414,2327.0625823065493,540.45722912268,cam_3_1690300421_10-53-41.jpg
291,177,2155.670347661412,412.9661643135089,2496.8882463185764,591.6403905408228,cam_3_1690300421_10-53-41.jpg
291,191,1738.1006186533987,447.988074267854,2144.447857580606,760.3945643207144,cam_3_1690300421_10-53-41.jpg
291,212,412.90282329462394,348.03257897187245,814.567835746589,626.1474017070241,cam_3_1690300421_10-53-41.jpg
291,231,419.7194216449466,455.34641233185675,960.3715181581624,842.7806036520301,cam_3_1690300421_10-53-41.jpg
291,277,2283.6450149880366,449.84644760720306,2711.3435872375153,647.6100466195287,cam_3_1690300421_10-53-41.jpg
291,282,1418.0534583460783,357.1413980491042,2075.4410733751984,783.4723312477727,cam_3_1690300421_10-53-41.jpg
291,287,1336.94429052245,349.1925070737291,1607.1629009863968,521.7368754437931,cam_3_1690300421_10-53-41.jpg
291,299,1294.2798045313975,203.14219496964566,1484.9974925061604,391.57618614142734,cam_3_1690300421_10-53-41.jpg
291,300,1383.4571756011896,373.3819098374907,1703.5182238064342,570.5745296381205,cam_3_1690300421_10-53-41.jpg
292,115,2007.1410776370687,377.0070699036068,2326.815776498489,538.8172220252834,cam_3_1690300451_10-54-11.jpg
292,177,2147.7540664908856,413.14346559740744,2498.945934271655,597.0962785242727,cam_3_1690300451_10-54-11.jpg
292,191,1742.3381718364833,454.5947224672964,2140.6644792542575,759.933842040874,cam_3_1690300451_10-54-11.jpg
292,212,409.6839439337492,348.5918114261641,825.473732268108,638.106687943078,cam_3_1690300451_10-54-11.jpg
292,231,445.0179676117826,459.2293978707667,987.2968883745609,859.2412830740443,cam_3_1690300451_10-54-11.jpg
292,277,2276.018788419389,448.9474957515242,2708.6245984231623,648.1845173368156,cam_3_1690300451_10-54-11.jpg
292,282,1431.2338750664824,360.7627973222095,2069.552883257484,781.5047313923435,cam_3_1690300451_10-54-11.jpg
292,287,1339.2304409050598,350.16658887707536,1605.3037442183913,521.4956182472478,cam_3_1690300451_10-54-11.jpg
292,299,1294.5820902658052,200.32371764251013,1491.0338609208557,391.0635640451752,cam_3_1690300451_10-54-11.jpg
292,300,1385.6393204710473,375.0460446845019,1702.3236231775768,569.5181250581122,cam_3_1690300451_10-54-11.jpg
293,115,2028.0713513040673,376.3568573084087,2335.5567617355136,532.7257938469506,cam_3_1690300481_10-54-41.jpg
293,167,406.4769348252447,347.6497238002092,792.6182869803167,568.5726130331811,cam_3_1690300481_10-54-41.jpg
293,177,2151.7111415268305,414.30593327473514,2501.8118542023667,597.8103638620973,cam_3_1690300481_10-54-41.jpg
293,191,1741.0135105693323,452.8388235240458,2141.5693189964913,758.3999702885319,cam_3_1690300481_10-54-41.jpg
293,231,413.94393256492873,459.1768425453424,946.258453552042,841.480361489924,cam_3_1690300481_10-54-41.jpg
293,277,2278.015726871338,449.59320904374357,2710.5539076720115,648.4607411817938,cam_3_1690300481_10-54-41.jpg
293,282,1433.9702588897808,361.31595117078643,2058.572099487089,779.6566367474153,cam_3_1690300481_10-54-41.jpg
293,287,1328.1288455520503,353.5090696281525,1579.0398367897649,516.8132226431334,cam_3_1690300481_10-54-41.jpg
293,299,1283.245944312317,198.32229842657495,1486.809315317809,392.2437899928474,cam_3_1690300481_10-54-41.jpg
293,300,1378.8877557081998,381.9811754711829,1682.1412718775082,569.1354408733865,cam_3_1690300481_10-54-41.jpg
294,115,2016.6112476479789,377.27205563725596,2331.0252062196278,537.5236728174832,cam_3_1690300526_10-55-26.jpg
294,167,410.9939185333068,345.97724343712906,828.7657720776223,584.5841345203402,cam_3_1690300526_10-55-26.jpg
294,177,2151.1018309508854,414.01379735307995,2503.690371064344,599.080918553689,cam_3_1690300526_10-55-26.jpg
294,191,1742.6841022674928,454.4203766455931,2144.5442185608754,760.3997230830275,cam_3_1690300526_10-55-26.jpg
294,204,872.3661836186693,272.41798670460054,1082.9401461008197,473.78458231656884,cam_3_1690300526_10-55-26.jpg
294,231,438.31851268293485,459.57244598740124,972.6037125772318,844.4216449991785,cam_3_1690300526_10-55-26.jpg
294,277,2277.541937183505,450.2836932875066,2709.389906807752,648.1963476295066,cam_3_1690300526_10-55-26.jpg
294,282,1447.9977451536247,356.36448127672395,2068.9901492796976,776.8506678658234,cam_3_1690300526_10-55-26.jpg
294,287,1325.5413400576394,356.60977536148323,1568.8013631411202,516.6166723019846,cam_3_1690300526_10-55-26.jpg
294,299,1267.1668951776026,199.87888018739625,1478.6296382308517,396.860294025067,cam_3_1690300526_10-55-26.jpg
294,300,1376.6561577204213,392.6638514080707,1668.6438076101836,573.8863617722876,cam_3_1690300526_10-55-26.jpg
295,115,2017.3174191860226,376.9017735150032,2333.529466535161,537.5321762084949,cam_3_1690300706_10-58-26.jpg
295,167,402.0707798738704,349.3855527307774,832.5164982332776,596.2505315865019,cam_3_1690300706_10-58-26.jpg
295,177,2140.8762338759816,415.95364551515974,2498.969393420631,603.1611159333492,cam_3_1690300706_10-58-26.jpg
295,191,1742.6247955772308,459.16144095024396,2139.558395163375,760.4351285791199,cam_3_1690300706_10-58-26.jpg
295,204,808.0098791125419,303.63959767085447,991.4463773874899,478.2254342496982,cam_3_1690300706_10-58-26.jpg
295,231,419.75465444158414,460.34070712693324,962.823956673169,844.9658923521445,cam_3_1690300706_10-58-26.jpg
295,277,2278.2237777623523,449.2297321818423,2713.034571954789,648.2519488530878,cam_3_1690300706_10-58-26.jpg
295,282,1441.3831231307915,354.12456800083066,2061.1106665017537,777.481838793863,cam_3_1690300706_10-58-26.jpg
295,287,1325.6298230601128,353.9020204569724,1571.8529677396295,517.7987638370546,cam_3_1690300706_10-58-26.jpg
295,290,1597.9236889470321,173.07362142159414,1866.146926129584,305.867298124973,cam_3_1690300706_10-58-26.jpg
295,299,1285.5902363722346,199.97329637275845,1491.4709243018892,393.4153973159314,cam_3_1690300706_10-58-26.jpg
295,300,1369.7443915628123,373.00642102664705,1686.1733791503566,570.5777206112725,cam_3_1690300706_10-58-26.jpg
296,115,2015.4896070265008,375.575233883152,2343.6586026522295,542.7373965084164,cam_3_1690300826_11-00-26.jpg
296,167,393.95235618344367,348.04050746338277,804.0541712711383,573.1607689336963,cam_3_1690300826_11-00-26.jpg
296,177,2141.918172433059,415.68830266195096,2493.2356740819246,598.4640704533449,cam_3_1690300826_11-00-26.jpg
296,191,1738.6810227810527,451.61873720424313,2143.405156118666,759.5944607132178,cam_3_1690300826_11-00-26.jpg
296,204,766.6035219546676,310.1068140512429,949.376306355344,481.8300272878481,cam_3_1690300826_11-00-26.jpg
296,231,421.2200482305535,460.69277689646884,978.6313649944362,851.6490982214057,cam_3_1690300826_11-00-26.jpg
296,277,2272.5426878128974,449.76217758719406,2712.9526617260535,651.030792335026,cam_3_1690300826_11-00-26.jpg
296,282,1444.6287638848962,355.1960182062413,2056.9889675683526,776.8649992125495,cam_3_1690300826_11-00-26.jpg
296,287,1335.5096305043817,355.2314397862502,1583.0197375030943,519.5415724615783,cam_3_1690300826_11-00-26.jpg
296,299,1299.329535113294,199.7278518681445,1504.4446981327058,392.12423060731226,cam_3_1690300826_11-00-26.jpg
296,300,1378.2365099164085,374.24636712291147,1694.1921221605044,570.8957764059583,cam_3_1690300826_11-00-26.jpg
297,115,2016.2347214923302,375.75503578635005,2333.9184425762605,536.6210403489348,cam_3_1690300856_11-00-56.jpg
297,177,2140.0434451396104,414.6713266582368,2491.6320477844165,597.1016974174597,cam_3_1690300856_11-00-56.jpg
297,191,1741.5054716297232,453.9880916030651,2141.418037871755,757.7311578359164,cam_3_1690300856_11-00-56.jpg
297,204,746.2769058129559,313.9149476121132,927.7255913815843,484.21416310665984,cam_3_1690300856_11-00-56.jpg
297,212,426.301229922848,346.40216707761766,829.1869805650888,626.5392363241447,cam_3_1690300856_11-00-56.jpg
297,231,425.9840072935719,459.6482125599067,1001.2283845661639,867.2774668526617,cam_3_1690300856_11-00-56.jpg
297,258,1611.7141670234578,184.65498244888448,1880.638968223087,313.2907397934853,cam_3_1690300856_11-00-56.jpg
297,277,2270.117081019953,450.19722398542143,2713.5436085016436,652.6778885627127,cam_3_1690300856_11-00-56.jpg
297,282,1444.3897802473705,361.50694794025185,2041.1212136783793,776.7567619609663,cam_3_1690300856_11-00-56.jpg
297,287,1338.8125086228983,354.29093202687545,1587.4221843533824,518.9196085351793,cam_3_1690300856_11-00-56.jpg
297,299,1315.251948262818,202.6969855804414,1516.9668920178647,394.00525777885116,cam_3_1690300856_11-00-56.jpg
297,300,1381.2876488000074,375.0292680323781,1698.1189266870394,571.5665499594108,cam_3_1690300856_11-00-56.jpg
298,115,2005.654046844772,378.05694509977593,2334.1375408473987,544.2562816104867,cam_3_1690300871_11-01-11.jpg
298,177,2142.64877323277,416.04962977368507,2493.5601668753397,597.6905511704994,cam_3_1690300871_11-01-11.jpg
298,191,1744.4272822800044,462.0708950462286,2137.4721220376778,759.1535285406037,cam_3_1690300871_11-01-11.jpg
298,212,521.9549106271219,344.36525357707694,845.6035711573509,566.3861786085799,cam_3_1690300871_11-01-11.jpg
298,231,424.8947407803233,465.65010262532894,992.2760224095364,871.1950281341886,cam_3_1690300871_11-01-11.jpg
298,276,711.5739400380199,315.9462743613936,943.969448521743,480.8812001399504,cam_3_1690300871_11-01-11.jpg
298,277,2269.7127585506487,450.85499006955183,2713.505956239995,653.1785518142412,cam_3_1690300871_11-01-11.jpg
298,282,1503.8678229983625,351.44884543477315,2042.5336165839133,727.8020333061577,cam_3_1690300871_11-01-11.jpg
298,284,1374.793623021987,387.04476282181696,1615.1840562094608,567.1839796029597,cam_3_1690300871_11-01-11.jpg
298,287,1343.777102142813,350.8542209242822,1597.4892571966625,517.8014893547145,cam_3_1690300871_11-01-11.jpg
298,299,1306.7695610925912,202.29954915563934,1509.266975275443,394.27976427872176,cam_3_1690300871_11-01-11.jpg
299,177,2142.7510928458664,413.0317776617295,2497.4037342208653,597.1472256625507,cam_3_1690300976_11-02-56.jpg
299,191,1739.0067274530988,458.3174451488779,2139.4465621001373,760.757763418231,cam_3_1690300976_11-02-56.jpg
299,212,446.1606853688561,352.0261753907272,823.1848892137068,613.5597373338514,cam_3_1690300976_11-02-56.jpg
299,231,528.6056572463708,447.2101911158493,1067.41789510029,832.4294394134276,cam_3_1690300976_11-02-56.jpg
299,243,1460.1853577641775,393.33603985511087,1824.5039698075777,607.3178120470848,cam_3_1690300976_11-02-56.jpg
299,277,2266.548731483788,450.4719203824201,2712.083920953444,653.498594768068,cam_3_1690300976_11-02-56.jpg
299,282,1607.2637970625065,422.8462526097147,2027.0956082440962,712.1529561381524,cam_3_1690300976_11-02-56.jpg
299,287,1349.870061908811,352.0986666071826,1599.8868371618137,514.5656906989125,cam_3_1690300976_11-02-56.jpg
299,289,1536.7568299740274,421.3951282025788,1955.7355589608428,646.3768957278968,cam_3_1690300976_11-02-56.jpg
299,299,1309.2122746018024,198.73183518050686,1509.2798152093783,387.3499482964429,cam_3_1690300976_11-02-56.jpg
299,300,1387.9242271748547,376.1333776355323,1706.9329867270724,571.5036591053924,cam_3_1690300976_11-02-56.jpg
299,303,1380.2312168410638,195.26315206273318,1506.5878038052742,382.56712285336846,cam_3_1690300976_11-02-56.jpg
300,167,394.8818658816944,336.13228054561694,801.1774851137106,554.6374946969011,cam_3_1690301156_11-05-56.jpg
300,177,2146.342268466911,412.1833729358999,2501.6148744398056,597.5189361387876,cam_3_1690301156_11-05-56.jpg
300,191,1737.0206127202093,455.1135542460013,2142.6210339621803,761.3713956052691,cam_3_1690301156_11-05-56.jpg
300,231,471.412878106653,454.7310869092544,1018.3007904670811,845.8059828654675,cam_3_1690301156_11-05-56.jpg
300,243,1441.50218248342,396.2665702820279,1802.9307377987802,613.057681212797,cam_3_1690301156_11-05-56.jpg
300,277,2272.501748008294,448.67269609217055,2714.7425537372665,650.3353063184447,cam_3_1690301156_11-05-56.jpg
300,282,1643.4050232513152,453.5411677825123,2018.7593054686972,708.7371852512995,cam_3_1690301156_11-05-56.jpg
300,287,1333.8023319827848,353.8603530441171,1573.088844419925,510.5952354104442,cam_3_1690301156_11-05-56.jpg
300,289,1536.7738298382708,423.9966054560746,1958.686419055768,648.1561165114879,cam_3_1690301156_11-05-56.jpg
300,299,1269.7808528869182,199.01929633965588,1475.8237471811824,391.1925568842514,cam_3_1690301156_11-05-56.jpg
300,300,1401.5529650297249,372.10489804472246,1736.7683297063654,578.0028943992813,cam_3_1690301156_11-05-56.jpg
301,115,1999.6557294148192,375.0855813770849,2333.7537425978544,545.8463078749705,cam_3_1690301726_11-15-26.jpg
301,177,2141.816639779193,413.7602857868225,2490.0164805626473,597.3485148159456,cam_3_1690301726_11-15-26.jpg
301,191,1743.2918772160924,455.19235826820443,2146.654894288519,759.7402888742929,cam_3_1690301726_11-15-26.jpg
301,212,429.52437056393734,347.55058134089734,830.0887222879612,624.7222544156264,cam_3_1690301726_11-15-26.jpg
301,277,2265.303923822692,440.66500465590383,2709.0724892846183,646.1905171020217,cam_3_1690301726_11-15-26.jpg
301,282,1643.0008166764812,457.8986217421475,2011.208588093584,706.9287018927655,cam_3_1690301726_11-15-26.jpg
301,287,1343.3449440974077,354.2440487964848,1592.9643064272682,516.1875717918576,cam_3_1690301726_11-15-26.jpg
301,289,1538.5722427790395,423.2431131198474,1956.6323103708387,646.4308243783279,cam_3_1690301726_11-15-26.jpg
301,292,2689.8651515611414,596.3837125755931,3828.954179803748,1232.7461259713532,cam_3_1690301726_11-15-26.jpg
301,300,1403.7262452348884,380.893256091233,1735.118180129621,580.8596118207436,cam_3_1690301726_11-15-26.jpg
301,303,1340.4007133694674,199.4541741882129,1468.3389689274504,390.128887840232,cam_3_1690301726_11-15-26.jpg
302,115,1990.178162863929,373.06125375109076,2316.3089347847954,538.8925965480668,cam_3_1690301906_11-18-26.jpg
302,177,2141.753620200104,412.4249127901648,2485.8853643034595,595.1316511814719,cam_3_1690301906_11-18-26.jpg
302,191,1740.3808657290442,450.5700498636263,2149.5478657974236,760.6906594665938,cam_3_1690301906_11-18-26.jpg
302,243,1490.2174833268643,392.48181689509823,1825.5467948031242,596.8817139514811,cam_3_1690301906_11-18-26.jpg
302,277,2263.1990743610413,437.6513053004601,2705.735495813894,645.0997332548518,cam_3_1690301906_11-18-26.jpg
302,282,1642.2023228714893,469.39047731850167,1996.3108509774956,706.9885399990358,cam_3_1690301906_11-18-26.jpg
302,287,1350.7938340037883,354.7380345670877,1605.5343361049531,517.9779857206721,cam_3_1690301906_11-18-26.jpg
302,288,531.3990107100184,1106.2605846118176,1708.1537982806335,1944.0989822607226,cam_3_1690301906_11-18-26.jpg
302,289,1542.4939618737312,423.238460555813,1958.9187924980506,646.1544341528449,cam_3_1690301906_11-18-26.jpg
302,300,1396.2984010453442,381.33610591809617,1734.9106556375914,583.1364041286816,cam_3_1690301906_11-18-26.jpg
303,115,1984.14916153017,374.5371549927488,2314.6132608031717,542.0657546998073,cam_3_1690301921_11-18-41.jpg
303,177,2135.9399929997135,411.54243607022875,2482.6920004039403,597.5630860497411,cam_3_1690301921_11-18-41.jpg
303,191,1737.4807486158122,450.33327658279404,2145.377032398887,760.6942853754917,cam_3_1690301921_11-18-41.jpg
303,197,753.9407990782698,376.36053210403685,1264.2415327304238,665.3354683480939,cam_3_1690301921_11-18-41.jpg
303,277,2261.4879780288747,436.4306182657458,2701.6069763615274,645.2098118291583,cam_3_1690301921_11-18-41.jpg
303,282,1639.1113603349218,469.4943746238446,1994.1171845590684,706.7340470625584,cam_3_1690301921_11-18-41.jpg
303,287,1352.2991211538344,354.77858840633314,1614.8962098760123,521.0528269717463,cam_3_1690301921_11-18-41.jpg
303,288,500.603593066568,1097.6642632344747,1623.2014784809526,1880.3803374623758,cam_3_1690301921_11-18-41.jpg
303,289,1549.8072384840507,422.93058489327075,1963.0823235176492,644.2555453096993,cam_3_1690301921_11-18-41.jpg
303,300,1395.1761122398336,381.7306212062174,1737.7555100225165,583.2046187969859,cam_3_1690301921_11-18-41.jpg
303,308,1771.3962729460475,210.66038367309105,2078.3615208046813,380.2085006533009,cam_3_1690301921_11-18-41.jpg
304,115,1986.066152285508,374.7507597702925,2323.1866734345367,547.0675569466097,cam_3_1690302011_11-20-11.jpg
304,177,2132.6894801305903,409.5027941458768,2482.870816912999,599.0894888527832,cam_3_1690302011_11-20-11.jpg
304,191,1741.9875899501762,451.38670841166356,2146.2739306688914,759.8005731460486,cam_3_1690302011_11-20-11.jpg
304,197,890.8987222811721,358.46086120807183,1380.7227665037606,639.5587262096792,cam_3_1690302011_11-20-11.jpg
304,277,2258.1334568835,436.8653680404437,2700.8910114413147,649.1481517147162,cam_3_1690302011_11-20-11.jpg
304,282,1635.4268646509233,467.16372754444507,1996.4215286872877,707.2555360686722,cam_3_1690302011_11-20-11.jpg
304,287,1336.6552567577337,311.6668893661607,1625.6422124061771,490.269524615019,cam_3_1690302011_11-20-11.jpg
304,288,531.2170604546727,1107.515030889298,1650.2725791790226,1881.3447679814687,cam_3_1690302011_11-20-11.jpg
304,289,1550.2065680497528,421.32110602851594,1968.978178575668,645.4555627463769,cam_3_1690302011_11-20-11.jpg
304,300,1391.127877884384,379.20098696012263,1739.1999729790762,581.8400856923139,cam_3_1690302011_11-20-11.jpg
304,308,1752.3196933999905,213.34161735770942,2062.582010439353,384.74736227705125,cam_3_1690302011_11-20-11.jpg
304,310,1328.3920886005035,225.13209245675202,1546.7910717254906,363.7712679948411,cam_3_1690302011_11-20-11.jpg
305,115,1989.2630774063778,371.6193420521496,2324.1692441211617,543.6427047311165,cam_3_1690302086_11-21-26.jpg
305,177,2138.0677344469123,413.68646690989726,2472.8529365530985,595.9576693651246,cam_3_1690302086_11-21-26.jpg
305,191,1740.7894015844013,449.94971342397,2146.383765819297,760.2190957133294,cam_3_1690302086_11-21-26.jpg
305,197,925.8748223713641,352.7679471991403,1397.1129976012367,631.4809129952159,cam_3_1690302086_11-21-26.jpg
305,277,2259.7270008978285,438.36514774564466,2695.4750505172105,649.185531063918,cam_3_1690302086_11-21-26.jpg
305,282,1632.7544608049989,463.2285353185955,2003.1026482420962,709.0853320151011,cam_3_1690302086_11-21-26.jpg
305,287,1283.088723533623,283.15956348995917,1573.9748031457843,454.5437613992201,cam_3_1690302086_11-21-26.jpg
305,289,1548.2560455645075,420.3562700484864,1968.731630024822,645.2100893250392,cam_3_1690302086_11-21-26.jpg
305,300,1387.3625117429367,376.424842195241,1739.9289812060977,580.1795104439168,cam_3_1690302086_11-21-26.jpg
305,308,1732.7395665874865,210.31951690088755,2058.7704804332548,390.46258688594367,cam_3_1690302086_11-21-26.jpg
306,115,1998.7591819790014,372.8082226865971,2336.0352210124047,547.1987926636605,cam_3_1690302116_11-21-56.jpg
306,177,2152.3848556517564,414.90412605652466,2473.1704358023644,590.7903707173722,cam_3_1690302116_11-21-56.jpg
306,191,1739.2027005874527,449.32747154226405,2143.808944358604,759.6800897967546,cam_3_1690302116_11-21-56.jpg
306,197,1049.2343611010474,321.23274782890667,1517.7992085346334,608.4706270286615,cam_3_1690302116_11-21-56.jpg
306,231,491.5854758382933,607.9232712666505,1055.1699178953013,1011.5776521324742,cam_3_1690302116_11-21-56.jpg
306,277,2257.31537251324,439.2030896509684,2690.568567210154,650.1467266211278,cam_3_1690302116_11-21-56.jpg
306,282,1633.857333511442,464.25052921449765,2006.3559799221896,710.4544338146018,cam_3_1690302116_11-21-56.jpg
306,289,1553.5901231929051,420.26099215471595,1976.4762892818444,646.8890839947035,cam_3_1690302116_11-21-56.jpg
306,300,1382.3295517715453,378.6692853147982,1732.6232482538433,580.0449130550896,cam_3_1690302116_11-21-56.jpg
306,308,1726.0040520531386,209.9220961624345,2066.98191855652,398.80156338792403,cam_3_1690302116_11-21-56.jpg
306,311,1238.2408931801945,219.87980881106805,1653.0501251934131,354.75754956716366,cam_3_1690302116_11-21-56.jpg
307,115,1998.3765755924746,372.8009292085982,2341.7928333039767,551.6229969675189,cam_3_1690302161_11-22-41.jpg
307,177,2152.287815599268,414.1233379668207,2474.8256901180434,592.7377150495499,cam_3_1690302161_11-22-41.jpg
307,191,1738.208987530731,449.89657016716603,2141.846145020739,759.6584230747287,cam_3_1690302161_11-22-41.jpg
307,197,1181.8569941065377,296.1027075931651,1597.893801933037,555.8895603027008,cam_3_1690302161_11-22-41.jpg
307,231,496.71981600573486,620.4698069606202,1059.3247976683172,1025.2515887436875,cam_3_1690302161_11-22-41.jpg
307,277,2252.3013711100057,435.97679066637676,2689.8560768000357,650.6178679313108,cam_3_1690302161_11-22-41.jpg
307,282,1634.2298330540639,462.64718896055376,2010.2383304314744,710.2282077593939,cam_3_1690302161_11-22-41.jpg
307,289,1551.5457980557578,419.45378560572505,1975.4005849058615,646.2927330009175,cam_3_1690302161_11-22-41.jpg
307,300,1383.9723442397776,379.70183387533825,1737.9952396495762,581.5146292795657,cam_3_1690302161_11-22-41.jpg
307,311,1244.248769861231,218.06178431367857,1637.629068420658,346.12805699061835,cam_3_1690302161_11-22-41.jpg
308,115,2001.302362975389,374.96999548417625,2341.4476903626587,553.0162378561545,cam_3_1690302176_11-22-56.jpg
308,177,2153.5410517370015,414.3783623047673,2479.5421771328,596.2280659388468,cam_3_1690302176_11-22-56.jpg
308,191,1743.330708123772,457.53039940152445,2138.7797628994376,760.4315478367794,cam_3_1690302176_11-22-56.jpg
308,197,1285.754964480662,334.28685579523693,1617.6520412037262,537.3567321782485,cam_3_1690302176_11-22-56.jpg
308,231,456.60222188622157,615.339724613753,1045.467624922423,1030.1358309191717,cam_3_1690302176_11-22-56.jpg
308,277,2259.8291521335946,436.1740224562502,2691.88134562616,650.2049411485434,cam_3_1690302176_11-22-56.jpg
308,282,1638.4552499302438,464.4112401120854,2013.7737982677847,710.0086547351709,cam_3_1690302176_11-22-56.jpg
308,289,1556.4345969357512,420.28779523657363,1977.2578424715298,645.8292473457086,cam_3_1690302176_11-22-56.jpg
308,300,1384.1811625043508,379.5630928871338,1743.3856463806683,582.6541002723022,cam_3_1690302176_11-22-56.jpg
308,311,1232.3749788146858,218.44730850156282,1671.7756656412546,362.78339492356224,cam_3_1690302176_11-22-56.jpg
308,314,1060.5522254754487,277.91126071622307,1313.344960085102,572.4598645292474,cam_3_1690302176_11-22-56.jpg
309,177,2138.1408987236273,415.3468236552505,2463.716211901631,596.2357164405719,cam_3_1690302221_11-23-41.jpg
309,191,1743.1778361278105,454.0000588207761,2143.560894237595,761.5351838849297,cam_3_1690302221_11-23-41.jpg
309,197,1307.2468546932867,350.0578381580472,1617.2493308447092,537.2295555512101,cam_3_1690302221_11-23-41.jpg
309,231,471.8466744569391,612.5699276373955,1065.543664820764,1030.0567669632833,cam_3_1690302221_11-23-41.jpg
309,277,2267.338267823411,437.02281004777626,2691.511281318991,648.786517364859,cam_3_1690302221_11-23-41.jpg
309,282,1640.824260169894,466.02287840205264,2019.2700109772022,711.7975512630435,cam_3_1690302221_11-23-41.jpg
309,289,1572.7485434662096,416.2453798015223,2007.6350729151766,650.5927740771899,cam_3_1690302221_11-23-41.jpg
309,300,1381.1771787614925,379.14353254954983,1743.328320728335,583.4952583743932,cam_3_1690302221_11-23-41.jpg
309,311,1235.486042598032,214.05097494253295,1678.3801463252587,361.54552689210186,cam_3_1690302221_11-23-41.jpg
309,314,1064.2444969153871,272.5760401378308,1328.109070434323,578.913520247607,cam_3_1690302221_11-23-41.jpg
310,115,1993.7511159459377,375.55007934521274,2323.3401502174393,547.6165604577103,cam_3_1690302281_11-24-41.jpg
310,177,2140.1919057965115,410.4128995014299,2473.3964179139753,597.4313436397936,cam_3_1690302281_11-24-41.jpg
310,191,1742.3616707452309,454.6620078211488,2142.2488798771487,762.0900366043422,cam_3_1690302281_11-24-41.jpg
310,197,1299.9422413412458,360.3861171492129,1594.0339823660781,538.3848337249733,cam_3_1690302281_11-24-41.jpg
310,231,450.2463324169324,551.5775882088382,999.5663322652686,932.863629282004,cam_3_1690302281_11-24-41.jpg
310,277,2270.4029531118995,435.9752381197546,2693.1620455992306,648.66550802143,cam_3_1690302281_11-24-41.jpg
310,282,1631.1275522798312,470.438974518082,2000.8264003400038,710.2435465843052,cam_3_1690302281_11-24-41.jpg
310,289,1424.3719828896815,364.77222619808424,2004.1921230361502,685.4556247267694,cam_3_1690302281_11-24-41.jpg
310,311,1220.0561780982994,217.38807900373274,1750.2923925155078,397.34966728389304,cam_3_1690302281_11-24-41.jpg
310,314,1036.6338627185833,285.1578324718045,1297.1560202328158,584.9868253165282,cam_3_1690302281_11-24-41.jpg
311,115,2006.5591322083458,374.8265575568592,2318.7677138177364,537.8364287543943,cam_3_1690302311_11-25-11.jpg
311,177,2141.6967143707543,411.2677673761621,2476.571098447583,600.9605229813762,cam_3_1690302311_11-25-11.jpg
311,191,1746.1002168536547,455.32240327537176,2144.933307207142,761.583774651996,cam_3_1690302311_11-25-11.jpg
311,197,1300.3796372361442,366.24984593177163,1585.8909050092648,538.8067428180764,cam_3_1690302311_11-25-11.jpg
311,231,462.8299558742954,526.6462753522139,997.1160052407147,897.2528116372298,cam_3_1690302311_11-25-11.jpg
311,277,2274.256372003025,436.1162469221248,2691.2329960425614,647.1582340908516,cam_3_1690302311_11-25-11.jpg
311,282,1628.7048558518488,471.6220165602384,1995.422551025474,708.995507079837,cam_3_1690302311_11-25-11.jpg
311,289,1378.6937010425106,346.13622159927274,2001.1731934011323,697.9843406418527,cam_3_1690302311_11-25-11.jpg
311,311,1226.796067963506,221.00930540936054,1733.5012657004281,395.3911406153179,cam_3_1690302311_11-25-11.jpg
311,314,1035.5420291842981,285.133456740212,1297.7844502204916,582.5285517606362,cam_3_1690302311_11-25-11.jpg
312,177,2161.442736272768,414.7268014265002,2479.6940453651155,595.5458966965853,cam_3_1690303001_11-36-41.jpg
312,191,1735.4541631359914,452.637156920239,2134.928474246279,760.2025739440796,cam_3_1690303001_11-36-41.jpg
312,212,439.6515153472786,352.77039313777243,860.2511277772539,641.7332936272926,cam_3_1690303001_11-36-41.jpg
312,243,1592.0398113923598,414.6280606008888,1963.5560851518294,641.0379501793857,cam_3_1690303001_11-36-41.jpg
312,277,2271.62956326842,437.2901905848351,2688.56552149642,648.6787653259233,cam_3_1690303001_11-36-41.jpg
312,282,1636.6338016610111,466.7459467323674,2019.9787371457014,713.6380860992056,cam_3_1690303001_11-36-41.jpg
312,287,1259.13082309326,231.5117143166696,1613.7071428101472,436.0645565390103,cam_3_1690303001_11-36-41.jpg
312,288,1275.155376809972,353.8048833671624,1819.4332670415279,733.6166691135147,cam_3_1690303001_11-36-41.jpg
312,303,1153.6063624328103,219.61382080220864,1310.426754018934,444.44884943823706,cam_3_1690303001_11-36-41.jpg
313,177,2140.5723598306977,418.3178905054469,2489.924787588916,616.5973613322275,cam_3_1690303211_11-40-11.jpg
313,197,1349.8011694493118,352.429419848013,1610.8341676591588,507.19855770088515,cam_3_1690303211_11-40-11.jpg
313,212,437.11886033474343,350.73900797064624,856.6708922830026,631.5899489259089,cam_3_1690303211_11-40-11.jpg
313,247,2052.611764134821,238.62379348527605,2461.4849242054643,446.9751815782556,cam_3_1690303211_11-40-11.jpg
313,277,2278.013974613483,440.38088871750153,2689.374244856049,649.2243438953083,cam_3_1690303211_11-40-11.jpg
313,282,1649.6196669775322,468.63938222421206,2033.2504194918524,712.0720844199396,cam_3_1690303211_11-40-11.jpg
313,287,1261.5267402446752,225.91915819884744,1581.060041594794,401.2397216375325,cam_3_1690303211_11-40-11.jpg
313,288,1496.975765224229,373.64864673417304,1834.1143687335202,596.9214830762332,cam_3_1690303211_11-40-11.jpg
313,299,1139.2700110117592,211.30079043485216,1323.016054419673,375.9138951684562,cam_3_1690303211_11-40-11.jpg
313,300,1378.8424208448284,376.4439330504189,1733.9982965408954,575.6243507414928,cam_3_1690303211_11-40-11.jpg
314,177,2140.8830934506104,416.98015711374416,2489.9815361662554,613.684080982923,cam_3_1690303226_11-40-26.jpg
314,197,1355.6296481324473,349.70532938999423,1615.719856215762,500.8786816058812,cam_3_1690303226_11-40-26.jpg
314,212,444.4253324653632,351.42804393815777,867.0696152016067,633.7010102502486,cam_3_1690303226_11-40-26.jpg
314,247,2047.6190540374955,239.72908020893448,2466.500330431564,448.89628059089864,cam_3_1690303226_11-40-26.jpg
314,277,2280.0771913282792,441.26373498752133,2689.587862978467,649.3101945286119,cam_3_1690303226_11-40-26.jpg
314,282,1656.3571709057367,470.0339402167272,2043.3034216532992,711.6760539534812,cam_3_1690303226_11-40-26.jpg
314,287,1257.1669239577595,225.91909580206226,1566.6224128091271,387.72738415634797,cam_3_1690303226_11-40-26.jpg
314,299,1139.313912637623,210.7205215924605,1328.7090640432828,374.4380913383852,cam_3_1690303226_11-40-26.jpg
314,300,1377.4905606115742,375.4595124418155,1734.0384079913283,573.99587688679,cam_3_1690303226_11-40-26.jpg
315,177,2138.500584683286,417.37597988372977,2485.937878737412,611.7213466477181,cam_3_1690303256_11-40-56.jpg
315,197,1352.330542754754,351.5475064017357,1619.8801298961848,505.675343285487,cam_3_1690303256_11-40-56.jpg
315,212,509.3163983385512,343.5086248598038,932.8645061035252,623.9680390047947,cam_3_1690303256_11-40-56.jpg
315,247,2032.9897895388347,243.841093267197,2470.147081441835,462.4412622614004,cam_3_1690303256_11-40-56.jpg
315,277,2273.078477154394,441.18997058658215,2685.8598243091324,651.3594656950249,cam_3_1690303256_11-40-56.jpg
315,282,1646.391172124528,469.8292213853489,2034.8130949039742,711.0065863229606,cam_3_1690303256_11-40-56.jpg
315,287,1254.9416354297346,225.8151309638322,1569.5984225150582,385.0644477778318,cam_3_1690303256_11-40-56.jpg
315,299,1142.7753145611582,210.76512547303975,1332.2820996087362,369.70002494403406,cam_3_1690303256_11-40-56.jpg
315,300,1376.6173954755652,376.78619046375536,1732.7134550135258,574.0649119382458,cam_3_1690303256_11-40-56.jpg
315,314,1088.1919199043118,349.36569803800484,1366.8627020508854,666.6495503380095,cam_3_1690303256_11-40-56.jpg
315,317,567.4116030664725,923.1112178619375,1545.245005335488,1518.4987519965562,cam_3_1690303256_11-40-56.jpg
316,177,2131.4670075273916,415.2396377730625,2470.240261725631,603.170547446095,cam_3_1690303346_11-42-26.jpg
316,247,2031.0793488951163,242.4118456326613,2456.148071133833,453.80600212025695,cam_3_1690303346_11-42-26.jpg
316,277,2275.569164034925,440.07374658996554,2683.7209229654627,648.6513529343191,cam_3_1690303346_11-42-26.jpg
316,282,1645.8451050105998,473.95185344475635,2032.3055761927485,711.2412810702674,cam_3_1690303346_11-42-26.jpg
316,287,1250.481632466574,233.3797422475713,1596.8337077291353,411.91902280759405,cam_3_1690303346_11-42-26.jpg
316,289,1399.6030250223978,317.477791386542,1959.836064587189,637.4835529851273,cam_3_1690303346_11-42-26.jpg
316,299,1133.7653189523082,210.41572629737686,1310.0075570552065,349.7499379420136,cam_3_1690303346_11-42-26.jpg
316,314,1089.9802591647183,309.7665149043402,1338.201842699947,600.8250866443227,cam_3_1690303346_11-42-26.jpg
316,317,512.7462783651958,925.0665227800874,1487.4864416373532,1515.810217998771,cam_3_1690303346_11-42-26.jpg
317,177,2134.480216437722,414.72017474220087,2470.4660734069366,600.2073799311065,cam_3_1690303361_11-42-41.jpg
317,247,2026.2612455816654,244.45651806777195,2474.9484108173883,474.33698920819575,cam_3_1690303361_11-42-41.jpg
317,277,2276.7863847733925,439.92834809608144,2681.986433403059,647.5508000016873,cam_3_1690303361_11-42-41.jpg
317,282,1642.3315377536173,471.1982833316843,2036.4921544420586,711.3837551259041,cam_3_1690303361_11-42-41.jpg
317,287,1282.5567326054957,229.25771250755656,1638.043482969691,409.94182551437314,cam_3_1690303361_11-42-41.jpg
317,289,1420.484726807996,319.1141777488499,1958.5626676057273,626.3526364071563,cam_3_1690303361_11-42-41.jpg
317,299,1124.8256685983977,213.95563662634513,1303.954054674945,349.85593726491857,cam_3_1690303361_11-42-41.jpg
317,314,1091.4349005750626,298.35285269493147,1324.3850718576966,579.5605400201966,cam_3_1690303361_11-42-41.jpg
317,317,508.1259316951422,925.4620530959119,1490.4173555675516,1518.1077602794307,cam_3_1690303361_11-42-41.jpg
318,247,2034.1117525944305,245.37583163455815,2430.0223176844934,447.6461698396108,cam_3_1690303496_11-44-56.jpg
318,277,2269.6571575727407,439.9905945826548,2668.1750773900962,642.9051667456515,cam_3_1690303496_11-44-56.jpg
318,282,1647.4012835819726,467.891893477317,2048.7038950050946,709.6022162291006,cam_3_1690303496_11-44-56.jpg
318,287,1230.5453660470891,220.23754625907225,1587.566845048878,408.3306381048935,cam_3_1690303496_11-44-56.jpg
318,289,1424.750634192484,314.69084726330067,1964.2726738661527,627.3060988799427,cam_3_1690303496_11-44-56.jpg
318,303,1126.678514754408,217.37296757603065,1284.7324946017186,451.88338087682644,cam_3_1690303496_11-44-56.jpg
318,317,531.3544796852469,927.6265919200916,1534.1880429244575,1533.9270009796555,cam_3_1690303496_11-44-56.jpg
318,319,1279.706606942585,377.0254789325639,1482.901494197214,539.6177479783282,cam_3_1690303496_11-44-56.jpg
319,247,2038.4989435097211,240.936515022732,2447.118255250074,458.4755938902224,cam_3_1690303511_11-45-11.jpg
319,277,2271.366852992611,439.3263245540343,2669.459359128405,642.0401546607861,cam_3_1690303511_11-45-11.jpg
319,282,1649.4843172956066,468.27711640918125,2054.927730476118,709.5653889139279,cam_3_1690303511_11-45-11.jpg
319,287,1214.8156658611688,214.95114612234377,1572.2727345512633,408.8244555891671,cam_3_1690303511_11-45-11.jpg
319,289,1411.6738304214805,320.30578596246886,1958.9640183212289,640.741007986753,cam_3_1690303511_11-45-11.jpg
319,303,1129.6744223398282,216.19920120835138,1284.2546739733762,450.1795793255475,cam_3_1690303511_11-45-11.jpg
319,317,484.9692202438587,930.7889322005599,1493.9514010870018,1536.4263976450002,cam_3_1690303511_11-45-11.jpg
319,319,1271.1087450575744,386.61580468524016,1463.9014109159766,541.6361266077752,cam_3_1690303511_11-45-11.jpg
320,277,2283.565358911107,439.71502879353466,2680.591977222104,643.1372014032027,cam_3_1690303571_11-46-11.jpg
320,282,1642.0057191131734,465.1102210029958,2053.6958229931734,708.8610817183048,cam_3_1690303571_11-46-11.jpg
320,287,1242.742155941498,217.88136951311196,1557.9105194434778,399.93284086389076,cam_3_1690303571_11-46-11.jpg
320,289,1405.9158288946344,322.0821257617844,1947.6845531985382,643.1001683279242,cam_3_1690303571_11-46-11.jpg
320,303,1127.9233595612568,215.63697794151386,1282.7106434477787,454.0301017808117,cam_3_1690303571_11-46-11.jpg
320,317,520.0532583201111,931.8974166946999,1523.3194732840439,1534.490432811755,cam_3_1690303571_11-46-11.jpg
320,319,1270.748983968918,383.7394481317025,1466.6043936828573,542.2020731209848,cam_3_1690303571_11-46-11.jpg
320,320,2089.619200564793,218.8872515607605,2591.4886790300798,516.7502233983155,cam_3_1690303571_11-46-11.jpg
320,321,1514.3555521085696,198.74493629947375,1802.6647610323532,335.94209493053495,cam_3_1690303571_11-46-11.jpg
321,247,2018.5124616435132,242.31542194537315,2423.01061068161,461.35193638653686,cam_3_1690303616_11-46-56.jpg
321,277,2283.96276864259,441.9391555029428,2676.937439649086,643.7277631466444,cam_3_1690303616_11-46-56.jpg
321,282,1641.953892463459,466.05951048830195,2049.67071042892,706.0539119629653,cam_3_1690303616_11-46-56.jpg
321,287,1246.811863266951,216.97763757962318,1551.236704913207,404.5631523285665,cam_3_1690303616_11-46-56.jpg
321,289,1492.9507619282247,385.71888279562705,1939.6912977950233,646.7061690409209,cam_3_1690303616_11-46-56.jpg
321,300,1375.726566292285,381.08924758640285,1734.7361967458914,578.9444860301251,cam_3_1690303616_11-46-56.jpg
321,303,1129.8582769846441,216.11536359504672,1282.69726213368,453.33766101652895,cam_3_1690303616_11-46-56.jpg
321,317,492.0828532936585,932.9494353926493,1499.261883406148,1529.578016982186,cam_3_1690303616_11-46-56.jpg
321,319,1312.561276796017,364.7242617750276,1534.5465322955922,539.1178336860437,cam_3_1690303616_11-46-56.jpg
321,320,2110.340487625923,219.68827181069335,2592.3705688058267,505.85408204426324,cam_3_1690303616_11-46-56.jpg
321,321,1552.1386928211425,189.6607100258044,1859.3561889407622,334.99326613463495,cam_3_1690303616_11-46-56.jpg
322,277,2285.2825338434723,442.1093785821445,2677.7711600158973,643.9627535824727,cam_3_1690303751_11-49-11.jpg
322,282,1644.7567721142266,466.83252770098227,2056.1163846797017,707.0847607485633,cam_3_1690303751_11-49-11.jpg
322,287,1203.673594452222,225.59345485624266,1521.1299870959822,429.2785162937285,cam_3_1690303751_11-49-11.jpg
322,289,1528.7237633409327,411.071065207318,1941.7731255247372,649.7904976730636,cam_3_1690303751_11-49-11.jpg
322,300,1374.0604572599318,378.87727027177004,1733.8710401725812,576.2336792894255,cam_3_1690303751_11-49-11.jpg
322,303,1132.7695592605105,217.37524203031336,1282.8059782943503,449.5311583534218,cam_3_1690303751_11-49-11.jpg
322,317,537.555207805927,912.1875231843017,1595.4612460989663,1541.0698371273756,cam_3_1690303751_11-49-11.jpg
322,319,1320.1565405140434,359.15579398859325,1555.5681215337383,539.1572909957572,cam_3_1690303751_11-49-11.jpg
322,320,2102.5560145148615,218.24175375812132,2599.1248769099275,513.0463118642735,cam_3_1690303751_11-49-11.jpg
323,277,2285.1012834955422,439.0778774839955,2679.729601586019,642.8096610362477,cam_3_1690303811_11-50-11.jpg
323,282,1644.4272397923899,463.948186385108,2058.916391698699,704.6197859016407,cam_3_1690303811_11-50-11.jpg
323,287,1167.0264415234335,236.8763869475788,1501.1373102955727,457.6967750431688,cam_3_1690303811_11-50-11.jpg
323,289,1537.658369207577,417.1165486702463,1939.063305504837,647.1652677047338,cam_3_1690303811_11-50-11.jpg
323,300,1373.5556192964834,377.8154769459385,1733.754682066952,574.445129290641,cam_3_1690303811_11-50-11.jpg
323,303,1132.538142558043,218.79508635196098,1287.3430295100798,452.60833786581213,cam_3_1690303811_11-50-11.jpg
323,308,1864.773385057024,184.0651088497493,2183.0653829681505,362.97208210896997,cam_3_1690303811_11-50-11.jpg
323,317,476.7845120343943,909.5235125858526,1572.1290362179432,1554.5392608059365,cam_3_1690303811_11-50-11.jpg
323,319,1323.6826340673065,355.2494737094372,1569.6423286520137,538.6456381229261,cam_3_1690303811_11-50-11.jpg
323,320,2089.3458099045324,220.0054174793744,2597.6472037937697,522.0289210560583,cam_3_1690303811_11-50-11.jpg
323,322,1482.8103769900617,391.5111623006738,1821.5552866845755,589.0992022079702,cam_3_1690303811_11-50-11.jpg
324,258,1678.359091214346,184.58697453439285,2027.4451034480396,348.6435092338188,cam_3_1690303976_11-52-56.jpg
324,277,2273.0604949562608,438.4914433000596,2670.037993906455,643.8363253617373,cam_3_1690303976_11-52-56.jpg
324,282,1640.5895410110552,469.8188231759687,2048.6680576247018,705.7414527293233,cam_3_1690303976_11-52-56.jpg
324,287,1177.2935984502124,233.53521371599373,1494.6654752040545,450.55162443494953,cam_3_1690303976_11-52-56.jpg
324,289,1538.6029509324662,420.31313182620954,1940.9669094911235,649.7898656661163,cam_3_1690303976_11-52-56.jpg
324,300,1375.2997631117196,378.31407619457326,1740.6496828864335,576.4183654543236,cam_3_1690303976_11-52-56.jpg
324,303,1142.282221206489,217.10552454262654,1288.5327943867217,441.5858335501165,cam_3_1690303976_11-52-56.jpg
324,308,1916.7317670836997,169.1502781868782,2224.9545492421375,349.85867832118413,cam_3_1690303976_11-52-56.jpg
324,317,502.3793087206004,893.4000711113854,1612.879827891882,1551.4202157297073,cam_3_1690303976_11-52-56.jpg
324,319,1319.1080008242752,354.7464938856915,1572.29101062164,538.3906861300716,cam_3_1690303976_11-52-56.jpg
324,320,2128.1346826910312,218.4739276337162,2609.4369851014208,506.0284010642138,cam_3_1690303976_11-52-56.jpg
324,322,1483.2112510178113,392.3811940696677,1821.3113557012884,589.432922686392,cam_3_1690303976_11-52-56.jpg
325,115,1985.6739985549993,379.1377115195173,2353.0133406931573,568.318234579132,cam_3_1690304036_11-53-56.jpg
325,258,1700.1755676803425,186.145079913406,2047.6501786421159,357.5862173270764,cam_3_1690304036_11-53-56.jpg
325,277,2273.5487334113286,430.37827396781233,2681.907479006087,644.1314140480895,cam_3_1690304036_11-53-56.jpg
325,282,1632.6712815665883,469.1740665199049,2041.8728313851168,706.0737279081889,cam_3_1690304036_11-53-56.jpg
325,287,1179.1257836669652,236.09663993667462,1480.050288430055,447.1088524735561,cam_3_1690304036_11-53-56.jpg
325,289,1538.4088931312087,423.3668009621397,1940.4806776665005,651.4307380067189,cam_3_1690304036_11-53-56.jpg
325,300,1373.070221231695,379.66692120641625,1738.9430849828154,577.0689742255429,cam_3_1690304036_11-53-56.jpg
325,308,1902.0995305851106,159.42747393910338,2205.406841652037,346.68057855478844,cam_3_1690304036_11-53-56.jpg
325,317,515.8403440411852,890.6215695214053,1640.3528153648886,1562.0558083944613,cam_3_1690304036_11-53-56.jpg
325,319,1316.486556763747,355.2870093215556,1573.4119681005577,536.4417086122468,cam_3_1690304036_11-53-56.jpg
325,322,1482.636543948049,394.60465451672343,1819.4607697475453,590.6017398278316,cam_3_1690304036_11-53-56.jpg
326,115,1990.3738062597738,380.7386141674488,2361.741028329908,571.4025321469223,cam_3_1690304156_11-55-56.jpg
326,277,2277.3669739315756,432.5365872061337,2678.3504230785184,643.6693549369737,cam_3_1690304156_11-55-56.jpg
326,282,1625.4779382667086,470.6896940429013,2033.133985283609,707.6470364236524,cam_3_1690304156_11-55-56.jpg
326,287,1188.164016335905,234.14763267382662,1485.2619984769497,448.07433279766224,cam_3_1690304156_11-55-56.jpg
326,289,1538.3019580206824,420.7415852876977,1947.9912856288238,652.0760607772504,cam_3_1690304156_11-55-56.jpg
326,300,1370.62098116927,378.93229073855497,1737.749105068593,576.6301957660202,cam_3_1690304156_11-55-56.jpg
326,317,506.385911487664,891.0155878861173,1656.4314468929051,1584.9925326613043,cam_3_1690304156_11-55-56.jpg
326,319,1311.148215469654,355.6064497451223,1574.931509562609,537.0137157260804,cam_3_1690304156_11-55-56.jpg
326,321,1624.15880677197,175.30959331283992,1971.7432002887622,339.3664254863985,cam_3_1690304156_11-55-56.jpg
326,322,1482.993910314445,394.185215843581,1822.163449020715,591.2056910267279,cam_3_1690304156_11-55-56.jpg
327,115,1980.1428917026544,382.80964653869137,2361.4227380599336,577.4549096801189,cam_3_1690304201_11-56-41.jpg
327,277,2280.386945873093,434.2812595742075,2676.228012541423,643.7101399326564,cam_3_1690304201_11-56-41.jpg
327,282,1624.1341795156757,474.6969202687217,2026.3733225246674,709.6743860112049,cam_3_1690304201_11-56-41.jpg
327,287,1167.697767613522,240.09801832970723,1467.2474852380915,449.86517449785197,cam_3_1690304201_11-56-41.jpg
327,289,1534.052028502634,417.59512410426976,1949.3678894424052,651.4029171448491,cam_3_1690304201_11-56-41.jpg
327,300,1370.439332734391,377.5150419706075,1740.3105940978583,576.2990019075736,cam_3_1690304201_11-56-41.jpg
327,317,505.8436142881865,896.7459599743786,1662.4814640863606,1601.7789288721133,cam_3_1690304201_11-56-41.jpg
327,319,1311.685614507679,355.6036441131619,1583.648084569737,537.8177074457842,cam_3_1690304201_11-56-41.jpg
327,322,1483.966802374392,391.24729512845147,1825.2168710061205,589.1503094438605,cam_3_1690304201_11-56-41.jpg
328,115,1972.5170476390824,383.6010284917558,2360.241270025834,579.7198657405813,cam_3_1690304366_11-59-26.jpg
328,167,424.39719892725134,384.8123781766085,859.8357593870869,616.2032486250816,cam_3_1690304366_11-59-26.jpg
328,231,508.03281712614114,605.8518584665783,1105.0019578346623,1007.9460671258652,cam_3_1690304366_11-59-26.jpg
328,277,2281.214955805597,433.2078450318213,2677.271240025997,643.8398282185915,cam_3_1690304366_11-59-26.jpg
328,282,1619.860185740025,477.1880045443914,2021.8677851438497,713.0097922136331,cam_3_1690304366_11-59-26.jpg
328,289,1532.6658405752396,420.864903547587,1949.5337926939783,655.0709407113368,cam_3_1690304366_11-59-26.jpg
328,300,1366.2358395089277,377.61592906652174,1737.8643877081877,576.9509558658287,cam_3_1690304366_11-59-26.jpg
328,319,1309.0307334646925,352.79140389181737,1592.7055275412142,539.017088216532,cam_3_1690304366_11-59-26.jpg
328,322,1484.3180372179806,390.4168469900942,1831.8312925484818,591.6147666422066,cam_3_1690304366_11-59-26.jpg
329,115,1972.3860872920288,383.56539376141416,2359.504128436127,578.3736269091369,cam_3_1690304501_12-01-41.jpg
329,212,411.82447052451437,384.32881154774486,877.3242816185474,695.9991435840659,cam_3_1690304501_12-01-41.jpg
329,231,457.86104925589325,531.6968178540894,1058.7873304096959,949.634249967069,cam_3_1690304501_12-01-41.jpg
329,277,2284.332680083678,433.4015694051756,2679.9272882870277,644.8327252730071,cam_3_1690304501_12-01-41.jpg
329,282,1622.3856081622093,478.32309336473884,2022.352621672375,714.2959196481735,cam_3_1690304501_12-01-41.jpg
329,289,1532.3850978876233,420.81719012303176,1953.1874577150895,657.0127200044678,cam_3_1690304501_12-01-41.jpg
329,300,1365.01834349886,377.2549654798982,1737.2658152082631,576.9754429028973,cam_3_1690304501_12-01-41.jpg
329,319,1307.4980455573343,352.60718918215036,1595.4608415517116,538.0953454476968,cam_3_1690304501_12-01-41.jpg
329,322,1482.031531958431,393.0294496262552,1829.341821124918,593.7807940496137,cam_3_1690304501_12-01-41.jpg
330,115,1981.4072836066493,383.5776723931707,2370.0458117659095,578.5805657134937,cam_3_1690304651_12-04-11.jpg
330,212,413.49412433597314,386.42974878068384,852.3644383608178,694.082856126244,cam_3_1690304651_12-04-11.jpg
330,231,459.9590335091162,511.95029952934414,1107.3596602547502,965.3687823351527,cam_3_1690304651_12-04-11.jpg
330,277,2288.195658495297,435.15986482595235,2679.412403696163,644.5294527136984,cam_3_1690304651_12-04-11.jpg
330,282,1623.2692218595828,476.6215457187338,2026.3917976547086,715.4761793071791,cam_3_1690304651_12-04-11.jpg
330,289,1530.00812117066,418.5406510299406,1955.7053545354122,657.4247078065398,cam_3_1690304651_12-04-11.jpg
330,300,1367.0692356462387,376.55154635693265,1744.4145924360375,578.5046530555812,cam_3_1690304651_12-04-11.jpg
330,317,540.0190484630439,918.7249344807915,1511.1047119470895,1513.038995469568,cam_3_1690304651_12-04-11.jpg
330,319,1304.272623051316,352.40789063498363,1596.3949925544057,537.6401498223149,cam_3_1690304651_12-04-11.jpg
330,322,1481.9752038246465,390.6162164657254,1833.4453093456564,593.5151469969431,cam_3_1690304651_12-04-11.jpg
330,330,1526.8510902394448,186.86594190466533,1823.224100124442,358.0218773955977,cam_3_1690304651_12-04-11.jpg
331,115,1980.4775313465614,384.82458740810347,2369.620213646561,579.0876509244789,cam_3_1690304771_12-06-11.jpg
331,212,421.80778743492704,390.4370150390854,862.10702893377,707.9433312359934,cam_3_1690304771_12-06-11.jpg
331,231,399.9215656397484,503.44992051729406,1074.8044395424579,957.5587192926612,cam_3_1690304771_12-06-11.jpg
331,277,2289.316804745552,433.82421326069016,2680.9966006226477,644.0825563843548,cam_3_1690304771_12-06-11.jpg
331,282,1628.9847078359246,476.69181366021854,2028.5952386933018,714.756229969998,cam_3_1690304771_12-06-11.jpg
331,289,1527.5184268858895,418.2145196592943,1947.2135408433242,653.5803443796526,cam_3_1690304771_12-06-11.jpg
331,300,1362.5036889219637,376.3882474798208,1740.1667537916583,578.4797251991974,cam_3_1690304771_12-06-11.jpg
331,317,534.6682998556585,922.6017887908536,1478.9017857893757,1502.6905267754764,cam_3_1690304771_12-06-11.jpg
331,319,1303.8656248934008,354.41343814972606,1600.9800441783686,539.2432751714375,cam_3_1690304771_12-06-11.jpg
331,322,1477.5034944272584,390.81881419706417,1829.2589561413706,593.5671130594214,cam_3_1690304771_12-06-11.jpg
331,330,1584.179376742755,179.20098393320814,1869.9705929826773,343.1094017798748,cam_3_1690304771_12-06-11.jpg
332,115,1982.8693991375192,384.09717782453845,2369.8161339242624,576.7455707103352,cam_3_1690304801_12-06-41.jpg
332,212,427.7627723219427,383.9045143807227,857.6241046519172,691.1989173515926,cam_3_1690304801_12-06-41.jpg
332,231,371.8718794436064,499.75285822472836,1062.8563755070027,949.2980910948017,cam_3_1690304801_12-06-41.jpg
332,277,2283.257534904648,435.7048113741788,2673.771992780244,645.8365311519195,cam_3_1690304801_12-06-41.jpg
332,282,1628.836072104934,476.6534946247966,2025.1483341248738,713.3346351485532,cam_3_1690304801_12-06-41.jpg
332,289,1527.5812480171235,419.06888488909397,1943.6953856767288,652.5677150558846,cam_3_1690304801_12-06-41.jpg
332,300,1362.4079811538604,376.2075989417865,1738.325692616977,577.1575863401061,cam_3_1690304801_12-06-41.jpg
332,317,495.3266425905637,924.5029554554641,1446.8374081167872,1504.7080018452143,cam_3_1690304801_12-06-41.jpg
332,319,1301.031541141824,353.78548395111005,1603.9937132660243,539.3006298351925,cam_3_1690304801_12-06-41.jpg
332,322,1475.9949296203176,392.39321306868135,1824.756860997497,592.9330489632023,cam_3_1690304801_12-06-41.jpg
332,330,1596.3465095670113,179.22634648071022,1890.303363352698,346.7473054016459,cam_3_1690304801_12-06-41.jpg
333,115,1978.4538818521528,384.5725292635087,2367.261469053234,577.102105573423,cam_3_1690304861_12-07-41.jpg
333,167,531.853672504553,449.51576230186913,913.2330811337962,653.5632132206802,cam_3_1690304861_12-07-41.jpg
333,212,420.98124774230735,382.2945284304065,831.7505457230185,663.3004595692223,cam_3_1690304861_12-07-41.jpg
333,231,369.5980235544021,497.19293914179804,1068.198092557551,940.4037640428596,cam_3_1690304861_12-07-41.jpg
333,277,2284.872958856881,434.745374572684,2675.5839556182696,645.5247142416775,cam_3_1690304861_12-07-41.jpg
333,282,1624.45545204468,475.1316832927139,2023.9414006530105,714.7041612149255,cam_3_1690304861_12-07-41.jpg
333,289,1524.5999487681956,417.62520637600994,1948.9800228274728,655.8641631377685,cam_3_1690304861_12-07-41.jpg
333,300,1363.8967358290347,376.3440859442089,1738.2252709533595,576.1709120249703,cam_3_1690304861_12-07-41.jpg
333,317,501.57725290183373,896.848419351903,1459.0805259908634,1484.7855889303382,cam_3_1690304861_12-07-41.jpg
333,319,1298.9747270188059,353.8857973170252,1606.7239172547745,539.4792360988922,cam_3_1690304861_12-07-41.jpg
333,322,1475.8691587814342,390.6506890246589,1828.2400504214595,592.9587593257905,cam_3_1690304861_12-07-41.jpg
333,330,1593.1841887949458,179.54837315141185,1885.0408567936347,344.2036744194577,cam_3_1690304861_12-07-41.jpg
333,332,614.7446173614287,468.05886554138493,914.6214318464256,639.9543441154257,cam_3_1690304861_12-07-41.jpg
334,115,1981.241901390697,386.7043212384448,2366.822254175618,576.877334419218,cam_3_1690305101_12-11-41.jpg
334,167,398.54450831042317,462.07592647724823,1009.9773232419554,818.5338281430402,cam_3_1690305101_12-11-41.jpg
334,212,417.69608615415285,378.5083854806818,795.7967185585069,616.791560345412,cam_3_1690305101_12-11-41.jpg
334,231,405.7589048068794,507.8200792514061,1136.8345422357716,986.0777170950574,cam_3_1690305101_12-11-41.jpg
334,277,2284.986129198273,434.8472187937229,2674.806611043569,645.3516048164959,cam_3_1690305101_12-11-41.jpg
334,282,1624.6915541034023,476.6156186480908,2019.362138737178,713.6711687656796,cam_3_1690305101_12-11-41.jpg
334,289,1529.4048049465905,419.14446935253255,1955.4080932829775,657.836338640897,cam_3_1690305101_12-11-41.jpg
334,300,1368.7008642998226,378.1292051761709,1743.6280005906526,577.4205946125496,cam_3_1690305101_12-11-41.jpg
334,317,513.0964854789806,797.2133403142561,1345.2545337799338,1309.5652722190725,cam_3_1690305101_12-11-41.jpg
334,319,1302.2059313312045,354.46094116798366,1612.3910469243813,537.9607083083458,cam_3_1690305101_12-11-41.jpg
334,322,1477.892077251815,392.1737617372844,1832.2890815937274,595.9384467851853,cam_3_1690305101_12-11-41.jpg
334,330,1604.1646528851063,176.45231439707158,1891.8300629507255,337.41728069223285,cam_3_1690305101_12-11-41.jpg
335,115,1984.6220748742712,385.70224454412937,2373.6622771101247,577.6030094802422,cam_3_1690305221_12-13-41.jpg
335,167,423.58083870558204,465.61655553147665,1010.4065136652739,820.2368210882335,cam_3_1690305221_12-13-41.jpg
335,212,420.6014048891373,399.86408156648554,881.8743846224945,695.3913626562796,cam_3_1690305221_12-13-41.jpg
335,231,405.8818475797218,530.8197134564841,1158.4412303979564,1022.8652112130395,cam_3_1690305221_12-13-41.jpg
335,277,2288.6267553110565,435.603536599093,2675.0921353716935,644.1793122352435,cam_3_1690305221_12-13-41.jpg
335,282,1630.2660554112467,478.56975121436005,2019.056653248121,712.389365086698,cam_3_1690305221_12-13-41.jpg
335,287,1019.5312285442478,264.0365403406614,1385.3495056893948,522.4788718120362,cam_3_1690305221_12-13-41.jpg
335,289,1533.31764730766,420.40075883582864,1955.670867949233,656.5049850259657,cam_3_1690305221_12-13-41.jpg
335,300,1367.9759984957245,380.7424268831146,1740.4369938773366,578.1413453456428,cam_3_1690305221_12-13-41.jpg
335,319,1296.6737098824542,358.29912585800366,1601.859272252715,536.0306816693876,cam_3_1690305221_12-13-41.jpg
335,322,1481.1229835903066,392.9572667523855,1832.5647657525872,594.8643014744815,cam_3_1690305221_12-13-41.jpg
336,115,1985.6584540111471,387.99105943385496,2373.3067334676107,578.5097373582703,cam_3_1690305236_12-13-56.jpg
336,167,483.5284974038219,472.99273616190203,992.6549052191898,781.3587680745613,cam_3_1690305236_12-13-56.jpg
336,212,422.9715212188765,407.9262483870361,901.9881718700046,718.5615913641052,cam_3_1690305236_12-13-56.jpg
336,231,393.35138517297133,536.1274759033964,1146.0353879742102,1022.4702191690467,cam_3_1690305236_12-13-56.jpg
336,277,2282.693143455721,436.3003485654021,2672.6000406879216,646.6591450400301,cam_3_1690305236_12-13-56.jpg
336,282,1630.111268822121,480.257780268901,2017.552730898878,713.6350045294571,cam_3_1690305236_12-13-56.jpg
336,287,1017.3546877680087,269.41440137049074,1378.0934018523908,524.733948478558,cam_3_1690305236_12-13-56.jpg
336,289,1535.4087256795935,420.34286788456296,1957.7708713817688,656.1233178946802,cam_3_1690305236_12-13-56.jpg
336,300,1368.4038377803681,381.0132180451417,1742.6161238430168,578.9593956479596,cam_3_1690305236_12-13-56.jpg
336,319,1287.7129342479277,355.4830942397578,1601.3072095480293,536.3297950046895,cam_3_1690305236_12-13-56.jpg
336,322,1480.931087658001,392.55849546061677,1833.94760217694,595.4151042213784,cam_3_1690305236_12-13-56.jpg
336,332,589.1611658774609,471.7864655870543,978.5992358367081,696.0360929402904,cam_3_1690305236_12-13-56.jpg
337,115,1987.5097414865827,386.54418139959023,2373.5595246918633,576.6780354995933,cam_3_1690305341_12-15-41.jpg
337,167,432.81495384100634,476.0397043672798,1026.3221129331614,848.9959248384788,cam_3_1690305341_12-15-41.jpg
337,212,415.1993883389348,409.0828430235533,908.7354984655092,735.1186246601649,cam_3_1690305341_12-15-41.jpg
337,231,424.1800843187715,540.705010074686,1211.943987900398,1059.944970363524,cam_3_1690305341_12-15-41.jpg
337,277,2287.0053040213884,436.165279361017,2672.7547484662236,643.7764648576166,cam_3_1690305341_12-15-41.jpg
337,282,1630.39297661757,478.1206505278127,2020.685039421312,713.2834109431187,cam_3_1690305341_12-15-41.jpg
337,289,1535.5669287801365,420.25716068093374,1960.2193642651173,657.127857017158,cam_3_1690305341_12-15-41.jpg
337,300,1368.9236803170206,380.02736607438254,1746.7203826895372,580.0310588813875,cam_3_1690305341_12-15-41.jpg
337,308,1991.6405621593499,222.64952972015868,2291.96651021177,405.0903984775452,cam_3_1690305341_12-15-41.jpg
337,319,1286.1813565137877,355.9997570311391,1608.335395109926,540.0064758536357,cam_3_1690305341_12-15-41.jpg
337,321,1760.3270695724423,180.27588777233333,2125.552003313119,355.36704779568265,cam_3_1690305341_12-15-41.jpg
337,322,1477.9050274307149,389.9806943814976,1840.2524383431378,598.5179015010121,cam_3_1690305341_12-15-41.jpg
337,332,588.9835429978043,472.8521428258192,991.0337781110533,705.3148927572057,cam_3_1690305341_12-15-41.jpg
338,115,1987.0230444918925,387.2828721134144,2374.95746470995,577.9643356662966,cam_3_1690305446_12-17-26.jpg
338,167,445.1143743646201,476.3520517452628,971.326657737503,796.9873911058801,cam_3_1690305446_12-17-26.jpg
338,212,451.770948885984,411.34891578091754,858.2301641666147,665.3488758347007,cam_3_1690305446_12-17-26.jpg
338,231,395.4039018046516,540.7382528522195,1166.095588441186,1041.2683005789333,cam_3_1690305446_12-17-26.jpg
338,277,2289.542468916254,434.10759846148966,2672.2243456766023,640.8052072904076,cam_3_1690305446_12-17-26.jpg
338,282,1628.0402822962508,477.31386762250037,2020.0931978517656,713.6935152245612,cam_3_1690305446_12-17-26.jpg
338,289,1534.0142554591803,419.31524103407,1959.881094955176,657.112188521922,cam_3_1690305446_12-17-26.jpg
338,300,1364.0595791631044,380.06587308613075,1742.8438980804463,580.5955928320832,cam_3_1690305446_12-17-26.jpg
338,319,1281.0984828771034,354.55858045129446,1609.675684263204,541.5523075437679,cam_3_1690305446_12-17-26.jpg
338,322,1479.4679127889704,389.61348525252464,1836.368315743063,594.7793827591299,cam_3_1690305446_12-17-26.jpg
338,332,595.9546450479914,474.44866529821377,982.8614030307012,699.165729978332,cam_3_1690305446_12-17-26.jpg
339,115,1986.5522056910934,387.64086979369847,2372.8594621157426,577.2804388647709,cam_3_1690305476_12-17-56.jpg
339,167,450.9532328050561,473.4307716701883,946.396765808804,770.0113079291825,cam_3_1690305476_12-17-56.jpg
339,191,1411.697512418532,179.32229198159092,1652.3987328879957,356.8153911994177,cam_3_1690305476_12-17-56.jpg
339,212,452.24465234180377,410.8891654467818,856.5911395257591,660.6030209449225,cam_3_1690305476_12-17-56.jpg
339,231,381.2308527991097,538.939078669578,1145.016279666663,1026.1719171500001,cam_3_1690305476_12-17-56.jpg
339,277,2277.731203271665,432.33968847845506,2666.0707708840787,641.7374586165294,cam_3_1690305476_12-17-56.jpg
339,282,1628.2930362867,478.6491393842252,2018.3644594520617,713.945681888837,cam_3_1690305476_12-17-56.jpg
339,289,1527.1447819886826,422.2362965223436,1950.1136715973241,659.3424402758062,cam_3_1690305476_12-17-56.jpg
339,300,1366.5599261269467,380.738679723572,1746.040351642334,581.7006203986841,cam_3_1690305476_12-17-56.jpg
339,303,1365.7614279005466,198.19724833587298,1493.1554838197094,391.8691646225288,cam_3_1690305476_12-17-56.jpg
339,319,1276.7397466480204,355.7767963293064,1607.539161312677,543.3384356032884,cam_3_1690305476_12-17-56.jpg
339,322,1477.4920668792142,390.27208112456856,1838.63571087741,598.2765119570056,cam_3_1690305476_12-17-56.jpg
340,115,1984.2429956060128,390.75104116197696,2362.7158171493124,575.7521758054083,cam_3_1690305506_12-18-26.jpg
340,167,420.8899841080393,481.56957936599275,949.066898993302,799.9232057712784,cam_3_1690305506_12-18-26.jpg
340,212,451.3629898908596,411.05996403348024,836.160632842892,637.3353935276956,cam_3_1690305506_12-18-26.jpg
340,231,360.18655880915423,544.5310613373545,1134.6424982168542,1032.8758737558044,cam_3_1690305506_12-18-26.jpg
340,277,2283.523464285962,433.390746668657,2670.38263364754,642.5425634099242,cam_3_1690305506_12-18-26.jpg
340,282,1629.4238327014557,478.65247753123435,2018.9609595244667,713.5680662636016,cam_3_1690305506_12-18-26.jpg
340,289,1529.0436174270017,421.71885137501636,1951.269151168664,658.3679246211773,cam_3_1690305506_12-18-26.jpg
340,300,1366.240764729144,380.693415893396,1741.118379960103,579.2412262182704,cam_3_1690305506_12-18-26.jpg
340,303,1381.2888793945472,197.29922114942968,1517.125034475263,389.86334501459714,cam_3_1690305506_12-18-26.jpg
340,319,1279.3709688178276,357.00533651709156,1606.1390057077529,541.1766185464855,cam_3_1690305506_12-18-26.jpg
340,322,1475.6795775112387,391.32242694230774,1834.8124862523723,598.3120947440189,cam_3_1690305506_12-18-26.jpg
341,115,1978.786969447085,388.2593554192819,2363.096512436417,575.3936562332916,cam_3_1690305611_12-20-11.jpg
341,167,447.09327912430916,470.30730365690596,907.475088552397,731.8758081339504,cam_3_1690305611_12-20-11.jpg
341,231,392.67357096509255,548.4006695877564,1176.5598509085244,1044.0265729054508,cam_3_1690305611_12-20-11.jpg
341,277,2283.6906766357674,433.65523218810733,2669.9555011009443,642.4094102589725,cam_3_1690305611_12-20-11.jpg
341,282,1627.635569963025,477.6067179403759,2019.9831446479352,714.2974903904723,cam_3_1690305611_12-20-11.jpg
341,289,1529.812042681368,420.8130636610522,1955.609406778834,659.6187676979453,cam_3_1690305611_12-20-11.jpg
341,300,1367.5817316667112,381.31007112989266,1741.9695217002202,579.364507432781,cam_3_1690305611_12-20-11.jpg
341,303,1383.2030036853753,198.60486994890292,1532.285738432907,388.58696274844056,cam_3_1690305611_12-20-11.jpg
341,319,1279.513105943707,356.69445429651967,1605.47978221837,539.396666495488,cam_3_1690305611_12-20-11.jpg
341,322,1477.0933154224058,391.80007501058464,1833.6553981774568,597.6812631521764,cam_3_1690305611_12-20-11.jpg
342,115,1975.546775135293,386.6761847091986,2364.0210499179316,575.4020351241192,cam_3_1690305626_12-20-26.jpg
342,167,432.51829976722985,465.2419545711939,922.08239262446,745.0310021581743,cam_3_1690305626_12-20-26.jpg
342,212,450.9354280816682,421.21694255425746,854.9088870273858,654.8336660674779,cam_3_1690305626_12-20-26.jpg
342,231,407.260285316102,550.6473326517912,1223.4770812581837,1075.6984906838952,cam_3_1690305626_12-20-26.jpg
342,277,2284.6689568640177,433.5414771175905,2670.1447295263647,642.1238576567067,cam_3_1690305626_12-20-26.jpg
342,282,1626.5644812229827,478.62504737088966,2018.1550108233032,715.1090070728442,cam_3_1690305626_12-20-26.jpg
342,289,1527.8992936649336,421.6130924357798,1952.1567930795916,659.9519972299696,cam_3_1690305626_12-20-26.jpg
342,300,1365.4567004989615,380.5350130740769,1742.6297532150766,579.9678281081199,cam_3_1690305626_12-20-26.jpg
342,303,1383.2629990079035,196.2162446113178,1542.2862411800534,391.1254931968145,cam_3_1690305626_12-20-26.jpg
342,319,1281.0100389085517,356.24089050486407,1611.9895879578355,540.7978406825225,cam_3_1690305626_12-20-26.jpg
342,322,1477.6877470817383,390.7374730527014,1836.9112967457327,598.4385330733463,cam_3_1690305626_12-20-26.jpg
343,115,1978.139429575471,387.56648666498455,2364.653930779998,574.7987523859654,cam_3_1690305806_12-23-26.jpg
343,167,408.31104609189396,465.43675320163504,933.8454305962457,770.5032727920891,cam_3_1690305806_12-23-26.jpg
343,277,2289.224637270734,434.61264962321206,2675.9830218522934,645.0785526144869,cam_3_1690305806_12-23-26.jpg
343,282,1627.847733278572,476.3284980864168,2019.8422525436606,713.0446479279772,cam_3_1690305806_12-23-26.jpg
343,289,1527.8205320753075,421.3829865229088,1950.0350767849768,658.9577444658473,cam_3_1690305806_12-23-26.jpg
343,300,1366.5361863846545,380.4364723560982,1741.624102356301,579.0457674156589,cam_3_1690305806_12-23-26.jpg
343,303,1358.2905175898454,207.63750291010575,1509.4464186276207,396.8634457820135,cam_3_1690305806_12-23-26.jpg
343,317,367.9971559195691,548.9835694164627,1163.3740212285056,1029.3651615012918,cam_3_1690305806_12-23-26.jpg
343,319,1278.6808848468518,353.65874917273806,1614.2440938980753,540.0293402760177,cam_3_1690305806_12-23-26.jpg
343,322,1479.321414442203,390.2449928916209,1837.1434339272964,597.1931156865103,cam_3_1690305806_12-23-26.jpg
344,115,1980.8024213913932,388.11372760281705,2365.089091417689,574.3009339526932,cam_3_1690305956_12-25-56.jpg
344,277,2292.0928331235655,434.2487438899994,2674.9534998141953,643.742026586335,cam_3_1690305956_12-25-56.jpg
344,282,1628.28993881433,476.9457925582396,2019.609346208429,713.6546910014274,cam_3_1690305956_12-25-56.jpg
344,289,1527.5003605921443,420.34847852509074,1948.5344513867615,657.8765478981393,cam_3_1690305956_12-25-56.jpg
344,300,1366.5360795118554,380.9437488963547,1740.0891887800306,578.6462552440227,cam_3_1690305956_12-25-56.jpg
344,303,1343.4597890599043,210.31185581128568,1496.3805725859695,403.8646439114689,cam_3_1690305956_12-25-56.jpg
344,314,1161.2017103892822,212.5677089366143,1345.5295515703897,434.9378644481411,cam_3_1690305956_12-25-56.jpg
344,317,399.9989372276223,542.2458872160623,1242.315173440757,1070.9714993004286,cam_3_1690305956_12-25-56.jpg
344,319,1276.616731419719,355.8557174525672,1608.1062727239623,539.4747014818533,cam_3_1690305956_12-25-56.jpg
344,322,1481.80569618319,391.75630690860504,1834.5878090620604,595.5184751545321,cam_3_1690305956_12-25-56.jpg
344,332,566.7073427426609,459.559076264493,929.710284896121,669.6553433592992,cam_3_1690305956_12-25-56.jpg
345,115,1980.558273423814,387.6699531416706,2364.57085708039,573.4426911908655,cam_3_1690305971_12-26-11.jpg
345,277,2295.147638095945,433.46400155038856,2673.160730040883,641.194190156196,cam_3_1690305971_12-26-11.jpg
345,282,1630.0036939911597,478.0044659787032,2019.9682660481603,714.1105339933822,cam_3_1690305971_12-26-11.jpg
345,289,1530.2069174849978,420.31663109016233,1952.5151348852892,658.647763682408,cam_3_1690305971_12-26-11.jpg
345,300,1363.242538097918,381.3448272715331,1736.2125328524505,578.6239718760214,cam_3_1690305971_12-26-11.jpg
345,303,1338.245276031328,214.31191042990156,1489.3856073686036,408.8884569541856,cam_3_1690305971_12-26-11.jpg
345,314,1166.5808966167065,213.7053447996832,1345.7505986882024,432.62926131247104,cam_3_1690305971_12-26-11.jpg
345,317,372.1687080370857,535.5628241881839,1187.7592177194495,1038.9842422374431,cam_3_1690305971_12-26-11.jpg
345,319,1276.6192043204223,356.7695437141508,1603.8442778224046,537.6473828950948,cam_3_1690305971_12-26-11.jpg
345,322,1479.3172935651949,391.7295505243742,1833.5586019567315,596.113313663577,cam_3_1690305971_12-26-11.jpg
345,332,574.8465863879871,453.88293444017376,938.8741159994247,665.7550089484089,cam_3_1690305971_12-26-11.jpg
346,115,1985.4395483490046,385.0057591390704,2370.095867957614,571.8858498822221,cam_3_1690306106_12-28-26.jpg
346,167,412.51864836866037,460.71808396512193,949.12570975552,776.5873337891278,cam_3_1690306106_12-28-26.jpg
346,231,432.9182129792459,562.0647523283255,1258.4361819282724,1104.2970936808174,cam_3_1690306106_12-28-26.jpg
346,277,2226.945590992894,333.427671880209,2746.6890999087145,629.3700831659567,cam_3_1690306106_12-28-26.jpg
346,282,1626.1154624382084,474.87331978300904,2017.9152581410467,712.265565602879,cam_3_1690306106_12-28-26.jpg
346,287,970.4772899252029,231.60030726471902,1284.8643089176585,454.58763554065877,cam_3_1690306106_12-28-26.jpg
346,289,1529.726085587452,420.40969901861,1949.3948918131196,657.7890016719015,cam_3_1690306106_12-28-26.jpg
346,300,1369.1845562334947,383.6515296053087,1736.8560409347767,578.1195282864617,cam_3_1690306106_12-28-26.jpg
346,303,1336.2105329237545,216.91587742866244,1482.2387391598504,406.1613344778377,cam_3_1690306106_12-28-26.jpg
346,319,1274.6593362724825,360.2074572325593,1597.5184762258532,538.3961444338149,cam_3_1690306106_12-28-26.jpg
346,322,1478.7124701917394,396.1469035580519,1829.9797402749919,598.5257922186695,cam_3_1690306106_12-28-26.jpg
347,115,1986.6604401959798,382.91537836918735,2370.3254679025863,569.8567149781809,cam_3_1690306151_12-29-11.jpg
347,167,415.39412990983783,462.29692343112583,951.2720175820002,781.0400637592466,cam_3_1690306151_12-29-11.jpg
347,277,2222.998510925914,305.76425408578075,2759.854331838059,621.7372500015035,cam_3_1690306151_12-29-11.jpg
347,282,1625.619620701671,475.17668971328317,2016.5852145394826,711.9655745711807,cam_3_1690306151_12-29-11.jpg
347,287,966.8660499306703,226.62689726908962,1281.6022733654854,449.9039161938791,cam_3_1690306151_12-29-11.jpg
347,289,1527.4941513843364,421.0622116791273,1945.7833169414298,657.9820217008137,cam_3_1690306151_12-29-11.jpg
347,300,1373.014473129741,385.36328856123595,1734.7684480610296,576.3219554148847,cam_3_1690306151_12-29-11.jpg
347,303,1333.4527804973773,216.46720191697608,1485.0350806140445,408.45695459967123,cam_3_1690306151_12-29-11.jpg
347,317,371.54894689070926,528.6728606279752,1188.694370720498,1026.0351436167648,cam_3_1690306151_12-29-11.jpg
347,319,1272.8472955263574,358.2872099587772,1603.9239933983652,541.4153651844927,cam_3_1690306151_12-29-11.jpg
347,322,1477.5892530246015,398.37986076865747,1824.8413550531927,598.3972132550506,cam_3_1690306151_12-29-11.jpg
348,115,1988.2668716878254,384.5484857704195,2374.86367319351,573.3011552411037,cam_3_1690306406_12-33-26.jpg
348,277,2264.6047347416034,393.45472155344896,2699.8638226613266,641.8834546165135,cam_3_1690306406_12-33-26.jpg
348,282,1626.8518821543564,477.0366337531807,2014.2549865807891,712.0136022051859,cam_3_1690306406_12-33-26.jpg
348,289,1530.1237903172464,421.6830341620283,1939.1565370015412,653.2666237610847,cam_3_1690306406_12-33-26.jpg
348,300,1369.2572520897795,382.0780988685656,1738.322359890726,576.9916958127799,cam_3_1690306406_12-33-26.jpg
348,317,389.8163449367012,546.4260139528374,1230.4281760484148,1062.6565455499908,cam_3_1690306406_12-33-26.jpg
348,319,1276.8169609696015,355.7668861590355,1612.0145024946542,540.6493062789916,cam_3_1690306406_12-33-26.jpg
348,322,1479.651544324591,394.38836798579257,1826.1214907799858,593.5787003195858,cam_3_1690306406_12-33-26.jpg
349,258,1958.1855119642569,398.7243587149658,2299.1900555334196,570.2490248848746,cam_3_1690306421_12-33-41.jpg
349,277,2282.5828757941426,436.07522108380647,2670.712864640368,650.6996913206082,cam_3_1690306421_12-33-41.jpg
349,282,1636.5244361123284,479.30688630495683,2015.9775175625548,708.860840607703,cam_3_1690306421_12-33-41.jpg
349,289,1534.02753347501,422.6290694671685,1939.9698291406953,651.7602295300262,cam_3_1690306421_12-33-41.jpg
349,300,1367.9396968996698,381.2863525197148,1734.2487448017673,574.6962420370646,cam_3_1690306421_12-33-41.jpg
349,317,609.8550016433187,515.4819744824135,1420.8361812111393,1039.5918813342105,cam_3_1690306421_12-33-41.jpg
349,319,1282.1027726252494,354.77445522641915,1606.8005846701997,532.7153565828696,cam_3_1690306421_12-33-41.jpg
349,320,2187.2495767577516,255.32100799013875,2602.85098132,497.0198222846797,cam_3_1690306421_12-33-41.jpg
349,322,1481.9305649857647,394.8161207134914,1826.0989432105575,592.0270008456907,cam_3_1690306421_12-33-41.jpg
350,247,2120.0839358314233,413.92106777177526,2471.4632718318403,599.8228566208444,cam_3_1690306586_12-36-26.jpg
350,277,2283.225444977791,447.5081580035717,2669.1714247735795,656.9845369176717,cam_3_1690306586_12-36-26.jpg
350,282,1644.003523091184,473.5131483051154,2041.721351077791,712.2292688212658,cam_3_1690306586_12-36-26.jpg
350,289,1532.661815944406,420.9510899086059,1942.8661950591106,652.0121563173897,cam_3_1690306586_12-36-26.jpg
350,300,1364.0687892806397,379.0283468787061,1734.4715148452353,575.2372389023899,cam_3_1690306586_12-36-26.jpg
350,319,1276.33459358808,357.19541252944555,1604.8498515494477,538.3086751447211,cam_3_1690306586_12-36-26.jpg
350,322,1482.1320175467363,393.67375786385634,1826.68489989945,590.6112795892832,cam_3_1690306586_12-36-26.jpg
350,343,657.5671762238318,342.48901346520853,1028.9419573846985,647.3220826245802,cam_3_1690306586_12-36-26.jpg
351,247,2110.864578719371,416.9497889481622,2471.051833890558,604.4217632224614,cam_3_1690306661_12-37-41.jpg
351,258,1986.3598986737406,386.0939350436752,2351.1261116163905,571.9503380069222,cam_3_1690306661_12-37-41.jpg
351,277,2280.8264233108325,451.8175151380374,2669.8019730190567,659.1280202105334,cam_3_1690306661_12-37-41.jpg
351,282,1629.0562846865027,470.30999460004654,2031.5734366814047,713.1469636494172,cam_3_1690306661_12-37-41.jpg
351,289,1532.3684879088532,422.0497858267845,1944.0009491402748,653.109465089437,cam_3_1690306661_12-37-41.jpg
351,300,1367.454230104262,379.74329551193995,1738.1570352479396,575.8267179719068,cam_3_1690306661_12-37-41.jpg
351,319,1277.7240044930184,359.2751428976291,1602.5602630747308,537.514734139018,cam_3_1690306661_12-37-41.jpg
351,322,1484.3803736238724,392.76740056476444,1833.1897681802357,591.7706650066536,cam_3_1690306661_12-37-41.jpg
351,343,552.8434179346636,332.7153481045526,904.6854550188414,621.5645803585287,cam_3_1690306661_12-37-41.jpg
352,212,375.2916626945067,341.03254330894845,843.8880854608667,613.6871432162245,cam_3_1690306691_12-38-11.jpg
352,247,2104.4299077862524,418.152261241052,2464.946430490432,604.6210070201378,cam_3_1690306691_12-38-11.jpg
352,258,1990.7881937460847,388.9378302462557,2344.4540550195907,568.156476046941,cam_3_1690306691_12-38-11.jpg
352,277,2284.1188625395175,455.31784912629604,2674.773136062289,660.6208517188525,cam_3_1690306691_12-38-11.jpg
352,282,1625.4781964235056,471.628471039164,2026.0512987993723,713.6741637273051,cam_3_1690306691_12-38-11.jpg
352,289,1531.68744021256,421.5181846642786,1948.825018306136,655.1349951255208,cam_3_1690306691_12-38-11.jpg
352,300,1367.435466852797,379.59901398978366,1739.180491005955,576.1965303837605,cam_3_1690306691_12-38-11.jpg
352,319,1280.429905666555,358.84874522193564,1603.7372203675272,535.9930496150757,cam_3_1690306691_12-38-11.jpg
352,322,1482.3269414597958,392.5913584014664,1831.6936352846867,591.5078237108427,cam_3_1690306691_12-38-11.jpg
352,344,1104.9068580480136,261.89738127117255,1488.914620380389,547.3283182823463,cam_3_1690306691_12-38-11.jpg
353,247,2093.526170254276,417.0416999292105,2464.916945822519,607.3766678824002,cam_3_1690306781_12-39-41.jpg
353,258,1982.0954054187403,390.45945477970577,2337.1500970537354,567.8152113815643,cam_3_1690306781_12-39-41.jpg
353,277,2282.271725576227,455.578466447815,2677.6020365617765,660.8104172339965,cam_3_1690306781_12-39-41.jpg
353,282,1625.333540182179,474.43960699430374,2021.0327789819096,713.9900934511916,cam_3_1690306781_12-39-41.jpg
353,289,1532.8754554731847,423.1234493855055,1948.7826423435,655.3236509957128,cam_3_1690306781_12-39-41.jpg
353,300,1368.4134780853021,379.62270284711144,1739.5977329378084,576.1763535676164,cam_3_1690306781_12-39-41.jpg
353,319,1279.977985561696,363.073813655883,1599.8604560131894,537.8968645981108,cam_3_1690306781_12-39-41.jpg
353,322,1488.3861819852573,395.48033471389,1835.7057499651976,591.9425032044255,cam_3_1690306781_12-39-41.jpg
353,343,457.8919706103843,332.5576380129901,826.6989350471129,633.4017639231972,cam_3_1690306781_12-39-41.jpg
353,344,1104.2121381848654,261.45005570562114,1487.405214972832,546.1414619780021,cam_3_1690306781_12-39-41.jpg
353,345,939.6342333022848,222.94355729991918,1312.839975366166,385.6398275367725,cam_3_1690306781_12-39-41.jpg
354,247,2091.040806920101,416.2931043438756,2464.3721488316555,606.7492114916726,cam_3_1690306841_12-40-41.jpg
354,258,1984.9151839254137,390.4374397961984,2347.970890520609,571.7386290526274,cam_3_1690306841_12-40-41.jpg
354,277,2278.8102935460774,454.72812945871294,2682.3952972270704,661.9259598019069,cam_3_1690306841_12-40-41.jpg
354,282,1626.0121419699744,473.35315623682106,2021.4196107199873,713.1507764645881,cam_3_1690306841_12-40-41.jpg
354,289,1533.8054527458357,422.32127459056005,1945.5220789458228,651.3631828892617,cam_3_1690306841_12-40-41.jpg
354,300,1371.2853001684884,379.25719267548305,1740.4936528598014,574.8540487392091,cam_3_1690306841_12-40-41.jpg
354,319,1278.9633259346908,361.6129977547083,1598.1638205664196,535.9225707932886,cam_3_1690306841_12-40-41.jpg
354,322,1485.4716976391305,394.68541991430783,1833.229338474901,590.6222730617776,cam_3_1690306841_12-40-41.jpg
354,343,445.4103042071472,333.96768657242546,819.7718331821434,637.863548860036,cam_3_1690306841_12-40-41.jpg
354,344,1102.959598675574,259.4503364954611,1488.31551811804,545.6538973111384,cam_3_1690306841_12-40-41.jpg
354,345,926.0138865261936,224.79026416262053,1304.7208199706054,390.3525056179516,cam_3_1690306841_12-40-41.jpg
355,247,2089.080673025482,421.7754983983473,2473.5908012390073,618.1470566498172,cam_3_1690306976_12-42-56.jpg
355,258,1978.4081623758966,390.87663365935015,2340.288714507924,570.3730552021418,cam_3_1690306976_12-42-56.jpg
355,277,2276.8803249387024,455.5522587060617,2680.823353747745,660.7016477038073,cam_3_1690306976_12-42-56.jpg
355,282,1627.4857150872053,475.76382282748114,2017.8316119852932,712.6248780931076,cam_3_1690306976_12-42-56.jpg
355,289,1525.3791970970349,423.7051734962443,1939.0674547904018,653.5998912466291,cam_3_1690306976_12-42-56.jpg
355,300,1368.941381184111,379.5211988222287,1740.1844451722939,576.2280853301374,cam_3_1690306976_12-42-56.jpg
355,319,1277.2402681992564,361.18365462112905,1597.7343522492747,536.2939730544194,cam_3_1690306976_12-42-56.jpg
355,322,1480.314690189578,394.08841068106057,1829.4197394080338,590.6963974411196,cam_3_1690306976_12-42-56.jpg
355,343,435.42776545914,334.90619995314466,813.9790183217415,642.0036213279946,cam_3_1690306976_12-42-56.jpg
355,344,1105.8990016690923,260.57080457792785,1490.4339989257749,545.8402933021955,cam_3_1690306976_12-42-56.jpg
355,345,898.3463949754546,223.04819701870034,1333.5746679865797,414.92826764847314,cam_3_1690306976_12-42-56.jpg
356,247,2092.5235244565433,423.4845340572819,2480.6759849911164,621.1970737738013,cam_3_1690307036_12-43-56.jpg
356,258,1975.492000381826,389.9287091594305,2334.5665153652963,566.2230556369125,cam_3_1690307036_12-43-56.jpg
356,277,2284.368286682495,455.5329333309525,2687.2639797028733,658.9107992611857,cam_3_1690307036_12-43-56.jpg
356,282,1625.828048742203,477.4245768136144,2013.9044209532417,713.2813798435017,cam_3_1690307036_12-43-56.jpg
356,287,936.7618757919329,223.33092680532928,1263.9335308531465,456.43323867749865,cam_3_1690307036_12-43-56.jpg
356,289,1524.5136941244928,423.5639306226752,1937.6086207275753,653.4607898672557,cam_3_1690307036_12-43-56.jpg
356,300,1371.617361849829,379.86183888707154,1739.0010629368044,574.7598886587361,cam_3_1690307036_12-43-56.jpg
356,319,1273.903809133251,363.3775885626962,1598.7241677738477,540.79639194135,cam_3_1690307036_12-43-56.jpg
356,322,1477.0116746228914,393.1023456446511,1827.1686638999054,590.4085934198978,cam_3_1690307036_12-43-56.jpg
356,343,436.2380119956324,333.56855599961375,818.7579205294585,642.4877232103076,cam_3_1690307036_12-43-56.jpg
356,344,1102.9894651702627,261.6650527196342,1483.5793079728535,543.5217659489572,cam_3_1690307036_12-43-56.jpg
357,247,2087.255813636246,423.04251316968305,2479.365368936616,623.3315654323611,cam_3_1690307156_12-45-56.jpg
357,258,1977.6422810019553,390.43287706006765,2336.2916832149835,565.9443539863432,cam_3_1690307156_12-45-56.jpg
357,277,2269.612910712008,453.23211107932593,2685.5536540128883,661.7831246562187,cam_3_1690307156_12-45-56.jpg
357,282,1628.3106611948722,474.7739357439777,2018.6396590859206,712.1343017348828,cam_3_1690307156_12-45-56.jpg
357,289,1523.288776486578,422.70714256640196,1934.6804405044827,650.9351466745997,cam_3_1690307156_12-45-56.jpg
357,300,1363.365308646951,379.35852175964897,1735.6051963764205,577.2650308919566,cam_3_1690307156_12-45-56.jpg
357,319,1276.1444185281514,361.8273938224444,1599.4569813058038,537.959136844356,cam_3_1690307156_12-45-56.jpg
357,322,1475.028822869864,391.8201566759108,1822.4744685888381,587.9561685997875,cam_3_1690307156_12-45-56.jpg
357,343,439.24201884936974,337.1849467720291,816.8986262941903,641.0420112337207,cam_3_1690307156_12-45-56.jpg
357,344,1095.776128144507,263.9655100045491,1478.3284969177707,547.983965190884,cam_3_1690307156_12-45-56.jpg
357,345,907.3588747121089,228.44143280282285,1311.0718841523426,407.0940823875417,cam_3_1690307156_12-45-56.jpg
358,247,2093.453742086087,423.76196085168357,2484.574707961785,624.0475939682954,cam_3_1690307351_12-49-11.jpg
358,258,1974.1506651498296,388.8971065994925,2333.5033363829452,562.9893602540093,cam_3_1690307351_12-49-11.jpg
358,277,2281.8506499136206,457.12313521625134,2689.367036400713,660.3198921690664,cam_3_1690307351_12-49-11.jpg
358,282,1624.422423119443,476.2541377070549,2012.2882590411668,712.3781384557113,cam_3_1690307351_12-49-11.jpg
358,287,937.922456833573,226.24926673957785,1271.6100522130132,459.217476217078,cam_3_1690307351_12-49-11.jpg
358,289,1519.2397208571783,420.9261400774899,1934.664034382173,651.3067530302849,cam_3_1690307351_12-49-11.jpg
358,300,1360.5261220899333,380.3443991404271,1731.8315389268666,578.2042755160289,cam_3_1690307351_12-49-11.jpg
358,303,1291.895809485562,205.38431633153547,1434.361954387339,392.74627697502274,cam_3_1690307351_12-49-11.jpg
358,319,1274.1463856675205,356.6002783569851,1604.1730628264613,536.6275501142072,cam_3_1690307351_12-49-11.jpg
358,322,1474.7111547276493,390.4633671250307,1826.573795339597,589.1886248651007,cam_3_1690307351_12-49-11.jpg
358,343,410.6180531617373,367.9792457364367,802.013492185366,689.4833734638303,cam_3_1690307351_12-49-11.jpg
359,247,2096.573811873279,424.0923523949301,2484.882385240135,623.0032415826724,cam_3_1690307381_12-49-41.jpg
359,258,1972.5738617454906,386.8654604279501,2328.0541054756095,557.4771915811442,cam_3_1690307381_12-49-41.jpg
359,277,2282.947118381338,459.0821515779014,2688.7995411367397,660.0445631593357,cam_3_1690307381_12-49-41.jpg
359,282,1623.472443686955,475.23212915413063,2013.5547867297194,713.1037711561561,cam_3_1690307381_12-49-41.jpg
359,287,933.6248871845714,225.3058564839455,1271.9151483356,458.33524932320995,cam_3_1690307381_12-49-41.jpg
359,289,1518.6237935124766,419.69059159647577,1936.7726318253715,651.6903378890584,cam_3_1690307381_12-49-41.jpg
359,300,1364.8592422307854,379.7860751880981,1735.4711720029457,577.950654343656,cam_3_1690307381_12-49-41.jpg
359,319,1277.0309093784995,356.95532638656647,1608.01450897117,537.4500728764342,cam_3_1690307381_12-49-41.jpg
359,322,1475.8379153761186,389.6030059241339,1830.810810923622,590.3160476746523,cam_3_1690307381_12-49-41.jpg
359,343,457.29327109780627,373.4884349772224,824.5354515487213,687.2541408591203,cam_3_1690307381_12-49-41.jpg
360,247,2092.6553936111964,423.8242514575642,2480.264517671563,621.9718933518776,cam_3_1690307396_12-49-56.jpg
360,258,1969.2521288973783,385.80454939203366,2329.1687604488816,558.5246182406613,cam_3_1690307396_12-49-56.jpg
360,277,2287.693212572039,460.1801077558412,2692.652323140558,659.7499172862963,cam_3_1690307396_12-49-56.jpg
360,282,1617.9874995781101,468.87888198294775,2018.0426488451867,713.8922895052075,cam_3_1690307396_12-49-56.jpg
360,287,939.2359267171264,225.03187974827725,1275.9341915854134,455.95876032685135,cam_3_1690307396_12-49-56.jpg
360,289,1522.0276481327455,418.91415242134354,1941.643724711087,651.5087791508099,cam_3_1690307396_12-49-56.jpg
360,300,1366.9880284727171,380.5919613925737,1734.6007118696248,577.3997924859524,cam_3_1690307396_12-49-56.jpg
360,303,1297.0739200223798,204.37737889432063,1434.4624684578193,388.30059605233464,cam_3_1690307396_12-49-56.jpg
360,319,1274.600573287761,358.6963099808101,1611.4226908899984,541.4553765815097,cam_3_1690307396_12-49-56.jpg
360,322,1479.5369543817353,391.55019670522535,1833.611485844472,591.8283618347009,cam_3_1690307396_12-49-56.jpg
360,330,1699.8301173457946,204.33833669417524,2028.341115461182,392.7691332710805,cam_3_1690307396_12-49-56.jpg
360,343,471.30200222813113,380.0702632991397,828.4866246547142,696.8558199711554,cam_3_1690307396_12-49-56.jpg
360,346,1374.6312572087315,211.3907359173014,1731.9346212307369,394.4500040246745,cam_3_1690307396_12-49-56.jpg
361,247,2095.0718058812367,420.5121077125746,2470.2336700940828,611.1515859560918,cam_3_1690307651_12-54-11.jpg
361,258,1978.0486783235087,385.605106155785,2340.645086260158,560.6788390741314,cam_3_1690307651_12-54-11.jpg
361,277,2282.1103911280215,459.162574290278,2690.7851355066496,659.285157273266,cam_3_1690307651_12-54-11.jpg
361,282,1614.111844197511,457.6388094549787,2027.7729279362575,712.8623105695682,cam_3_1690307651_12-54-11.jpg
361,287,928.1811009430303,227.27165792596963,1266.4687194895132,457.85577796778375,cam_3_1690307651_12-54-11.jpg
361,289,1515.4163733032465,417.590151482339,1938.1728759133068,652.4097520592895,cam_3_1690307651_12-54-11.jpg
361,317,1206.8031382753863,297.2470183079707,1708.3680675351732,627.8176874110977,cam_3_1690307651_12-54-11.jpg
361,322,1467.3330401429052,393.24875598429674,1822.0498341019897,595.2847516556034,cam_3_1690307651_12-54-11.jpg
361,330,1712.3124322096976,209.4580215548654,2041.5797351992494,391.58668840960377,cam_3_1690307651_12-54-11.jpg
361,343,460.038246355155,376.1838207942931,852.5611713954233,725.9768542416323,cam_3_1690307651_12-54-11.jpg
361,346,1430.8051900578794,206.68095567022164,1698.8863773581875,341.1558589860985,cam_3_1690307651_12-54-11.jpg
362,247,2098.682216964228,419.59585111903107,2467.7851713570094,606.2586641358439,cam_3_1690307921_12-58-41.jpg
362,258,1979.2853695910148,388.46681122116934,2345.5481302869043,565.6257216497083,cam_3_1690307921_12-58-41.jpg
362,277,2285.0567459027634,458.937771763834,2693.4750400615076,658.311076708244,cam_3_1690307921_12-58-41.jpg
362,282,1617.5346605316965,459.54213804959056,2024.142997697496,711.1847891593286,cam_3_1690307921_12-58-41.jpg
362,287,943.3713118389986,227.0660056386204,1252.2417033222407,430.4222177568822,cam_3_1690307921_12-58-41.jpg
362,289,1517.8816439506581,417.70841876702275,1938.3598205093658,651.3220696231388,cam_3_1690307921_12-58-41.jpg
362,303,1326.0541115469357,209.90448193951767,1456.421986424132,379.80578850831205,cam_3_1690307921_12-58-41.jpg
362,319,1293.7536860583277,351.09973932039316,1644.3225528320158,541.7086759891622,cam_3_1690307921_12-58-41.jpg
362,322,1465.6601729467966,388.6822494000212,1820.9166057441375,591.7197853063434,cam_3_1690307921_12-58-41.jpg
362,330,1714.2312631971993,212.9960998203112,2046.1226563381135,390.51005642197833,cam_3_1690307921_12-58-41.jpg
362,343,462.0414191679748,376.3908578901528,868.8003471550926,738.1704264366426,cam_3_1690307921_12-58-41.jpg
362,346,1454.8161629520496,206.6948839222722,1737.2137910549875,346.6560016430062,cam_3_1690307921_12-58-41.jpg
363,247,2103.9445239338697,419.3861773210982,2470.3081117208917,603.3287452123807,cam_3_1690308101_13-01-41.jpg
363,258,1992.3974632512336,389.7630749023492,2361.5670234902464,569.9695376144609,cam_3_1690308101_13-01-41.jpg
363,277,2288.236282318483,462.26011789048994,2691.8696871510933,658.2497115594247,cam_3_1690308101_13-01-41.jpg
363,282,1618.1031947363383,461.4586410772813,2019.799150709911,711.0852113754786,cam_3_1690308101_13-01-41.jpg
363,289,1457.32277595732,354.26069717798805,1947.8625468551472,627.493351298828,cam_3_1690308101_13-01-41.jpg
363,319,1251.8638899547448,374.5711939714487,1557.211882949153,547.6427771264487,cam_3_1690308101_13-01-41.jpg
363,330,1754.6367238188907,212.53638747442977,2048.497670526688,365.68256540961056,cam_3_1690308101_13-01-41.jpg
363,343,465.4103933793799,373.03218248780775,878.6364621423677,739.9037895478269,cam_3_1690308101_13-01-41.jpg
363,344,1046.3466448467743,271.0235747257019,1441.8098550699247,568.6011658257355,cam_3_1690308101_13-01-41.jpg
363,345,896.8078720398341,230.07611148224032,1278.4851292424219,400.89253352089224,cam_3_1690308101_13-01-41.jpg
363,346,1467.0235563732667,208.1394148747188,1730.8850963534446,336.5530009034645,cam_3_1690308101_13-01-41.jpg
364,167,799.5647304585259,386.0911111962152,1326.6840236885614,696.9610212727823,cam_3_1690308176_13-02-56.jpg
364,191,1230.4766747606052,201.52495388954952,1449.5677663449444,357.2581755540339,cam_3_1690308176_13-02-56.jpg
364,247,2096.8480484652573,421.175549877607,2481.3921954124517,614.4240118642028,cam_3_1690308176_13-02-56.jpg
364,258,1991.4686420162952,388.5477721926876,2346.8777415633294,562.3190143899607,cam_3_1690308176_13-02-56.jpg
364,277,2286.980266460599,461.8135876841278,2693.275166655413,658.0246783273773,cam_3_1690308176_13-02-56.jpg
364,282,1620.0537435567257,462.8774657965174,2016.1438064226304,709.8687668673224,cam_3_1690308176_13-02-56.jpg
364,289,1434.557029225106,331.0213975803108,1955.5402135454583,622.1271811456315,cam_3_1690308176_13-02-56.jpg
364,319,1218.992096886806,386.1959451064284,1499.5049480122007,548.8852577568706,cam_3_1690308176_13-02-56.jpg
364,330,1777.75416328344,209.20507574955718,2061.682938169679,353.9651583229239,cam_3_1690308176_13-02-56.jpg
364,344,1087.6435768818094,270.5843534057857,1379.58229830058,477.84094481904987,cam_3_1690308176_13-02-56.jpg
364,345,901.0725882287798,231.35814262184914,1258.929135219793,392.9316911496224,cam_3_1690308176_13-02-56.jpg
364,346,1482.0932944738988,210.582141542597,1745.336080339791,335.6606587309833,cam_3_1690308176_13-02-56.jpg
365,247,2093.6955205379095,421.89640949482725,2481.7801635380174,617.4104186631995,cam_3_1690308191_13-03-11.jpg
365,258,1990.032588240911,389.668018048812,2337.164265377442,559.0028093164674,cam_3_1690308191_13-03-11.jpg
365,277,2272.8448258138374,460.0851397829758,2691.229285734143,661.4463046008174,cam_3_1690308191_13-03-11.jpg
365,282,1620.3770328357878,464.0215299200815,2013.1853616663668,709.8160627075086,cam_3_1690308191_13-03-11.jpg
365,289,1437.0091522348137,327.247461988473,1956.3820526534892,618.0552032106057,cam_3_1690308191_13-03-11.jpg
365,314,1204.3518797464494,306.2946460914042,1492.291077361266,633.6804915390721,cam_3_1690308191_13-03-11.jpg
365,330,1789.6225077149845,209.7364023444338,2070.730320182394,351.6866276843293,cam_3_1690308191_13-03-11.jpg
365,344,1034.8605891454652,276.2554403169789,1405.601115717236,546.3032766142521,cam_3_1690308191_13-03-11.jpg
365,345,908.4427161654767,230.8545148950681,1261.3497770476297,390.09758651089624,cam_3_1690308191_13-03-11.jpg
365,346,1484.1463984838406,207.74495688985132,1757.2677113287416,335.0102324702974,cam_3_1690308191_13-03-11.jpg
366,247,2097.592293642988,423.197978075079,2481.577908955971,616.9582093099212,cam_3_1690308461_13-07-41.jpg
366,258,2015.8540920473688,390.8469786169055,2361.880138947763,561.0781303564418,cam_3_1690308461_13-07-41.jpg
366,277,2265.382285374327,461.18195650616906,2684.180022234718,661.0358895874012,cam_3_1690308461_13-07-41.jpg
366,282,1621.3083599665465,461.2132131408842,2018.5707974676372,710.8156550318503,cam_3_1690308461_13-07-41.jpg
366,289,1426.79640520894,327.13151794291707,1958.626007444722,626.7917705982868,cam_3_1690308461_13-07-41.jpg
366,314,1230.9885183184056,310.45546597969616,1525.901516956761,633.5922433860592,cam_3_1690308461_13-07-41.jpg
366,330,1757.971564965167,192.76130909463512,2068.6258171977856,349.4522446054559,cam_3_1690308461_13-07-41.jpg
366,344,1059.1481237211988,270.4528170997215,1444.7181096895226,555.7326395196263,cam_3_1690308461_13-07-41.jpg
366,345,913.5706952406408,227.27574041834143,1274.5429267546842,390.9268940903952,cam_3_1690308461_13-07-41.jpg
366,346,1473.8239166170472,207.1357911174112,1756.8175185303944,337.04955814064925,cam_3_1690308461_13-07-41.jpg
367,247,2097.909648112277,422.994693964977,2480.5420234893895,616.2125066819933,cam_3_1690308521_13-08-41.jpg
367,258,1998.8758388984245,389.99300935875067,2348.3899915544785,561.4275737475937,cam_3_1690308521_13-08-41.jpg
367,277,2272.5295352427465,461.40568019342936,2688.641785053594,658.7858642740623,cam_3_1690308521_13-08-41.jpg
367,282,1624.8404028638788,463.8582241442263,2017.139896780993,710.7134889151773,cam_3_1690308521_13-08-41.jpg
367,289,1422.6345584013975,326.42486093057994,1951.9958145593919,627.0679211041681,cam_3_1690308521_13-08-41.jpg
367,314,1194.5896682276425,310.00785931805274,1507.5050193039415,638.6600755108022,cam_3_1690308521_13-08-41.jpg
367,330,1750.7693821479443,186.24045998991673,2072.113893374277,348.34552195865444,cam_3_1690308521_13-08-41.jpg
367,344,1047.6907786305096,270.8505592404168,1422.8453184147352,550.8018899162366,cam_3_1690308521_13-08-41.jpg
367,345,926.2541002685912,225.4266455934329,1272.7062726543818,381.1933727338918,cam_3_1690308521_13-08-41.jpg
367,346,1465.759830300924,206.42485202310957,1757.3080705137163,337.9697637586487,cam_3_1690308521_13-08-41.jpg
368,115,1837.8408193433238,212.69617402944513,2187.9634600738705,381.7765047928036,cam_3_1690308731_13-12-11.jpg
368,231,1313.9834781302961,331.64805236884996,1863.8594792116105,705.5388506966194,cam_3_1690308731_13-12-11.jpg
368,247,2103.66809396386,417.082798446326,2473.1385757932085,602.2164147392766,cam_3_1690308731_13-12-11.jpg
368,258,1982.1583230138015,384.2176977224251,2346.6591536753413,563.3945849304575,cam_3_1690308731_13-12-11.jpg
368,277,2277.463565056294,458.64665740364,2697.497404924597,658.0563204372523,cam_3_1690308731_13-12-11.jpg
368,282,1613.9007822460283,452.0674587387463,2021.0690438461706,710.7386984197387,cam_3_1690308731_13-12-11.jpg
368,314,1181.490984787825,309.59374633796165,1509.3982703940794,638.5052761794368,cam_3_1690308731_13-12-11.jpg
368,330,1759.4621743600521,183.4540694352677,2069.241768035841,340.05091865635995,cam_3_1690308731_13-12-11.jpg
368,344,966.9316875305449,246.88150752628553,1349.8544921815537,536.1877199597742,cam_3_1690308731_13-12-11.jpg
368,346,1465.0403362170564,203.69969065940325,1759.5440868317223,333.77433859361315,cam_3_1690308731_13-12-11.jpg
369,115,1830.1638569450079,212.60161190740823,2184.2645132206167,382.00041924512345,cam_3_1690308776_13-12-56.jpg
369,231,1312.8698619833158,319.9380168315105,1846.9719740838225,699.1040743502465,cam_3_1690308776_13-12-56.jpg
369,247,2103.4497101454813,416.97818575800306,2470.581854497704,599.52040387092,cam_3_1690308776_13-12-56.jpg
369,258,1986.6845338378737,384.6459342186314,2345.357505266388,561.0791686513988,cam_3_1690308776_13-12-56.jpg
369,277,2275.4583015463354,458.33219081309477,2696.5373267718114,657.5870756253743,cam_3_1690308776_13-12-56.jpg
369,282,1616.3549672252936,453.5610189566454,2021.9528605511928,712.0672722506101,cam_3_1690308776_13-12-56.jpg
369,303,1318.6973233040796,201.68484637337355,1448.2030046021762,376.56843332618797,cam_3_1690308776_13-12-56.jpg
369,330,1749.0099536687358,195.86647124782803,2054.347065938664,352.245112174146,cam_3_1690308776_13-12-56.jpg
369,344,913.8683236584767,245.820708238699,1284.4709064041012,536.7134919549687,cam_3_1690308776_13-12-56.jpg
369,346,1456.3404067230672,203.76783776579074,1770.2168383654239,340.60751250770727,cam_3_1690308776_13-12-56.jpg
370,115,1831.8844395037993,212.6873194520549,2181.2740760674114,378.5286156849278,cam_3_1690308791_13-13-11.jpg
370,231,1320.208459681229,323.63908942126443,1852.1371500739447,699.8035815283681,cam_3_1690308791_13-13-11.jpg
370,247,2126.5578341239316,417.4284450991218,2481.594594339022,594.5545090162029,cam_3_1690308791_13-13-11.jpg
370,258,1991.3343814700465,385.1652152823281,2354.909041628135,564.4478224662116,cam_3_1690308791_13-13-11.jpg
370,277,2273.432573212041,457.9049722959175,2696.6571808253225,657.491524751069,cam_3_1690308791_13-13-11.jpg
370,282,1615.9803286158087,453.98895460244523,2017.6978829172467,711.4564166353857,cam_3_1690308791_13-13-11.jpg
370,303,1323.65853360358,199.77913705837983,1446.9058067169601,370.91924692481666,cam_3_1690308791_13-13-11.jpg
370,344,907.8798799860856,248.32531399664714,1261.9574017470495,537.4176425137305,cam_3_1690308791_13-13-11.jpg
370,346,1450.3033130129695,204.97626799590512,1777.401812132475,346.18722573967875,cam_3_1690308791_13-13-11.jpg
371,115,1830.0026258537634,213.72335134816203,2182.046326436066,380.02961599060575,cam_3_1690308806_13-13-26.jpg
371,231,1323.8626665770958,327.6520925410891,1851.1471997179153,699.8759128301758,cam_3_1690308806_13-13-26.jpg
371,247,2114.637021586817,415.89023601096716,2471.8254073715593,592.3727491545329,cam_3_1690308806_13-13-26.jpg
371,258,1991.2177154763099,383.1202575148668,2346.8865707834407,558.7812988938128,cam_3_1690308806_13-13-26.jpg
371,277,2271.211468445036,458.3939138302089,2693.853081136357,656.741290375705,cam_3_1690308806_13-13-26.jpg
371,282,1617.1931743593218,454.611540471608,2017.9479084543848,712.4026869979643,cam_3_1690308806_13-13-26.jpg
371,287,1048.8227634863476,213.9648543283645,1327.014714810945,401.71848482496534,cam_3_1690308806_13-13-26.jpg
371,303,1318.7301127912124,197.76390466798028,1438.642781387353,368.50149367423955,cam_3_1690308806_13-13-26.jpg
371,330,1757.0470626160554,205.1643100053463,2053.5334008304453,355.72365988895325,cam_3_1690308806_13-13-26.jpg
371,344,923.4591444033142,250.2864717696385,1262.173523896135,538.1007393929423,cam_3_1690308806_13-13-26.jpg
371,346,1447.12631638256,204.5961915237462,1780.2000824163383,346.95305635109906,cam_3_1690308806_13-13-26.jpg
372,115,1832.7185359079563,209.3178924018698,2189.458794954361,379.4894346286801,cam_3_1690308911_13-15-11.jpg
372,231,1280.712260878543,328.2238728165929,1824.335033757117,710.8624598577477,cam_3_1690308911_13-15-11.jpg
372,247,2107.686188473017,417.7118688622769,2470.5597194216944,596.1223140482274,cam_3_1690308911_13-15-11.jpg
372,258,1999.469333953331,384.05751501652117,2354.50195349082,560.1647438879031,cam_3_1690308911_13-15-11.jpg
372,277,2271.7246038700673,461.8504521102427,2692.6176939376687,658.4733603510376,cam_3_1690308911_13-15-11.jpg
372,282,1626.7137720072317,449.6096047987919,2027.1921339387334,704.6378669183543,cam_3_1690308911_13-15-11.jpg
372,303,1308.4986286840276,191.06186263965236,1428.0311991513759,358.69751562156677,cam_3_1690308911_13-15-11.jpg
372,330,1747.748606844942,206.9952060839714,2037.7077430685488,354.26559094999766,cam_3_1690308911_13-15-11.jpg
372,332,961.921601005801,228.10320937924203,1273.6822593614988,404.8565881942088,cam_3_1690308911_13-15-11.jpg
372,344,919.0473273413003,296.45351387535334,1250.4663136327813,590.1538649599313,cam_3_1690308911_13-15-11.jpg
372,346,1447.8450865567956,203.95795097011202,1767.8280038618684,338.64936742681255,cam_3_1690308911_13-15-11.jpg
373,115,1826.6718621524872,207.50074750631813,2186.8765511578003,381.27669672460695,cam_3_1690308941_13-15-41.jpg
373,231,1261.2916806842723,329.86880614982124,1805.2664918405094,714.3390650378983,cam_3_1690308941_13-15-41.jpg
373,247,2101.1765864417584,418.3092383088247,2470.4095125873305,599.0900812930402,cam_3_1690308941_13-15-41.jpg
373,258,1989.8090653007969,383.7268645118999,2350.0911395547373,563.2128797166836,cam_3_1690308941_13-15-41.jpg
373,277,2270.603445957726,462.46595429375094,2693.04594628104,659.144423149369,cam_3_1690308941_13-15-41.jpg
373,282,1632.4454105219493,450.02345998300655,2031.4200815174681,701.481963934747,cam_3_1690308941_13-15-41.jpg
373,303,1304.638428564086,194.9940225795673,1424.0662450310056,357.6706230192382,cam_3_1690308941_13-15-41.jpg
373,330,1748.6200038231536,205.36565417422105,2039.1889948908936,355.08369296461103,cam_3_1690308941_13-15-41.jpg
373,344,952.4327114215985,322.5899970943975,1272.110043908759,611.5619285270486,cam_3_1690308941_13-15-41.jpg
373,345,907.3062958065616,228.53031412786754,1277.8598580293801,394.587184787292,cam_3_1690308941_13-15-41.jpg
373,346,1448.108803749975,201.29965397346268,1773.1961383527891,336.5255490178607,cam_3_1690308941_13-15-41.jpg
374,115,1828.9869963415065,208.4440549033358,2186.8557958544875,382.04022748209377,cam_3_1690308986_13-16-26.jpg
374,167,906.5649686273832,222.4854009380623,1310.8021572720313,466.8778904666689,cam_3_1690308986_13-16-26.jpg
374,247,2097.711811985045,417.9130814632009,2475.6502512251027,602.1162183406782,cam_3_1690308986_13-16-26.jpg
374,258,1990.419308284702,382.38273515272476,2350.557991266379,562.2144584554668,cam_3_1690308986_13-16-26.jpg
374,277,2267.6789132131544,459.22760834725335,2695.5983823233937,658.5568870849328,cam_3_1690308986_13-16-26.jpg
374,282,1625.860007550606,447.6560924693155,2025.8583161659512,699.5031022903795,cam_3_1690308986_13-16-26.jpg
374,289,1363.9725207291672,307.1274361935009,1788.5206341948099,545.5524959747745,cam_3_1690308986_13-16-26.jpg
374,303,1305.61355720277,192.89119387657843,1428.3486317858062,359.3844594004603,cam_3_1690308986_13-16-26.jpg
374,314,1244.695573455687,404.2776866827765,1590.968093388467,766.2034976961138,cam_3_1690308986_13-16-26.jpg
374,330,1766.7336232527637,208.02926819699735,2061.93853198343,358.74510740853066,cam_3_1690308986_13-16-26.jpg
374,346,1447.876758094449,201.43708324938981,1769.252429942576,332.9562167121196,cam_3_1690308986_13-16-26.jpg
375,167,915.4974356411622,219.5398315893176,1302.7503132116203,454.76906726550715,cam_3_1690309136_13-18-56.jpg
375,247,2101.162572525067,418.6538736681057,2488.364928354874,606.3649984343228,cam_3_1690309136_13-18-56.jpg
375,277,2269.713950678175,455.7913802209288,2694.9999341527955,654.0248477718544,cam_3_1690309136_13-18-56.jpg
375,282,1575.0060830582916,392.9081362184643,2111.026967994452,738.514941799883,cam_3_1690309136_13-18-56.jpg
375,289,1400.510744993713,364.79170987291263,1765.0963769930736,569.588921247692,cam_3_1690309136_13-18-56.jpg
375,303,1307.6444829274114,194.33033969471012,1445.3916352876433,373.8949457059398,cam_3_1690309136_13-18-56.jpg
375,317,1913.6099434225268,210.4781785073069,2181.723892912891,380.3768417053029,cam_3_1690309136_13-18-56.jpg
375,322,1295.014964547389,356.83256652603416,1627.2346783211779,545.1866489194138,cam_3_1690309136_13-18-56.jpg
375,330,1795.1752053807636,202.6935655461893,2093.5674394595317,353.27174022842445,cam_3_1690309136_13-18-56.jpg
375,346,1452.5578773388686,196.46152387762936,1804.7731030133616,341.9587863321898,cam_3_1690309136_13-18-56.jpg
376,167,954.1639686457564,219.3414272142569,1322.3106293726569,448.82298346673315,cam_3_1690309151_13-19-11.jpg
376,247,2125.4351035439245,415.86054995321194,2501.0244200096063,597.3060015610117,cam_3_1690309151_13-19-11.jpg
376,277,2269.969495283299,452.46730835170325,2696.0851837273544,651.2408482223956,cam_3_1690309151_13-19-11.jpg
376,282,1583.5988943629316,377.3202499483345,2167.6549954732873,754.4577787419123,cam_3_1690309151_13-19-11.jpg
376,289,1401.7493027947935,381.9264416193572,1745.9494308141,575.6491221555696,cam_3_1690309151_13-19-11.jpg
376,303,1299.9398639703113,194.40923325339864,1447.2258252449085,378.2473944258918,cam_3_1690309151_13-19-11.jpg
376,317,1949.4697981795487,204.05283596622726,2223.1923391907467,372.37463085714626,cam_3_1690309151_13-19-11.jpg
376,320,2058.1256108626976,240.65666700124285,2418.3462844913765,449.71879511447514,cam_3_1690309151_13-19-11.jpg
376,322,1287.0517412256404,357.13595772208373,1619.7777105289492,544.3754303611763,cam_3_1690309151_13-19-11.jpg
376,330,1805.7595986814845,201.16821385460958,2109.916026154623,353.6967758188989,cam_3_1690309151_13-19-11.jpg
376,346,1456.9830427370327,195.97603788660615,1813.8601024071634,344.51858062268855,cam_3_1690309151_13-19-11.jpg
376,351,2658.328286368113,583.6616871805504,3766.331963959409,1234.0897286140905,cam_3_1690309151_13-19-11.jpg
377,247,2132.226051077017,419.75635145785395,2498.2554671975113,598.0862140960633,cam_3_1690309301_13-21-41.jpg
377,277,2273.21478262486,459.9572731977229,2697.3393268498608,656.8313286740157,cam_3_1690309301_13-21-41.jpg
377,282,1668.481974862866,434.22611160434127,2183.909297695481,762.0384037612357,cam_3_1690309301_13-21-41.jpg
377,287,1155.8153322614733,210.80897150309272,1464.8332804945233,423.37858070252037,cam_3_1690309301_13-21-41.jpg
377,289,1402.9058340671731,379.9841580652096,1743.667500716522,572.4682937890091,cam_3_1690309301_13-21-41.jpg
377,300,1491.783704250126,398.49232765234177,1869.0785564778807,601.7067213230466,cam_3_1690309301_13-21-41.jpg
377,317,1951.2923724729485,202.63887504801997,2236.3344414847375,372.37444948332575,cam_3_1690309301_13-21-41.jpg
377,320,2090.626442991417,241.24368333312157,2429.3666491868667,446.08875532991806,cam_3_1690309301_13-21-41.jpg
377,322,1284.3041971469208,355.63818837407825,1627.4096755197288,546.6922666780666,cam_3_1690309301_13-21-41.jpg
377,330,1819.7468419251086,201.2116690229917,2141.221433783575,363.09049784591286,cam_3_1690309301_13-21-41.jpg
377,346,1452.668043182039,197.23936270637296,1815.3635002416522,350.87083169458583,cam_3_1690309301_13-21-41.jpg
378,247,2148.3438832089028,422.76920361326734,2505.983207355657,598.1298980558458,cam_3_1690309316_13-21-56.jpg
378,277,2277.5717799126546,461.9058595051383,2701.2420718294175,658.0216816984355,cam_3_1690309316_13-21-56.jpg
378,282,1706.822311836944,458.44849109748816,2192.2981179138565,762.5129208407375,cam_3_1690309316_13-21-56.jpg
378,287,1165.3718150531945,211.43879985383631,1471.3915947705486,423.92638119551066,cam_3_1690309316_13-21-56.jpg
378,289,1402.796621203945,379.34760377673973,1740.6443729249045,570.6299677396828,cam_3_1690309316_13-21-56.jpg
378,300,1496.8838521308433,400.3183230698249,1872.1796759959275,602.7851833407084,cam_3_1690309316_13-21-56.jpg
378,317,1941.7039887770482,207.0920259610537,2238.0157994298324,378.5597509746935,cam_3_1690309316_13-21-56.jpg
378,320,2130.5671370977607,233.39496056773072,2471.4603174994027,443.85540419066245,cam_3_1690309316_13-21-56.jpg
378,322,1282.1891206446492,356.95602257387634,1626.7644675088654,547.2683128139095,cam_3_1690309316_13-21-56.jpg
378,330,1803.2525662586495,199.6826829539581,2141.5054207351614,370.73517866367445,cam_3_1690309316_13-21-56.jpg
378,346,1458.2034441154708,196.22793535930396,1816.030630326032,350.0165853125809,cam_3_1690309316_13-21-56.jpg
379,115,1822.4116483205928,182.83253383349626,2135.3955822675853,338.0648307878056,cam_3_1690309571_13-26-11.jpg
379,212,386.9691835360174,334.8394252291182,795.1119824159773,578.4050076404399,cam_3_1690309571_13-26-11.jpg
379,247,2150.190745770565,419.99390331475576,2492.707386815766,587.8905093902488,cam_3_1690309571_13-26-11.jpg
379,277,2268.239868002968,460.63630003547684,2693.809310388525,657.0344891535393,cam_3_1690309571_13-26-11.jpg
379,282,1720.6958902336225,468.8259258136321,2194.7411044496544,761.1156327870581,cam_3_1690309571_13-26-11.jpg
379,289,1402.8049353626488,377.2963142503651,1739.4205440146243,568.4341431888475,cam_3_1690309571_13-26-11.jpg
379,300,1499.5966239699792,401.2477107720501,1857.052798991871,593.8417704515037,cam_3_1690309571_13-26-11.jpg
379,317,1936.6351410704658,200.19857712231607,2258.345422601667,384.0971176915986,cam_3_1690309571_13-26-11.jpg
379,322,1281.6945560879542,356.81302464097166,1628.8999523502982,547.1701863385816,cam_3_1690309571_13-26-11.jpg
379,354,1626.195515389759,453.57504339690286,2066.7900041298494,690.3974824450443,cam_3_1690309571_13-26-11.jpg
380,212,497.26784746540557,337.8647141538144,813.8634975511093,532.9928029510155,cam_3_1690309616_13-26-56.jpg
380,247,2151.4008909462677,423.40556266910926,2478.4377132392497,584.4831743778923,cam_3_1690309616_13-26-56.jpg
380,277,2264.3646579745855,460.997546586346,2686.373016929767,654.8388431233833,cam_3_1690309616_13-26-56.jpg
380,282,1722.1562898295572,474.29481886678144,2198.256157737307,764.9107462552538,cam_3_1690309616_13-26-56.jpg
380,289,1406.48176346426,380.163292331371,1736.983634503129,567.8327911230258,cam_3_1690309616_13-26-56.jpg
380,300,1497.564539507061,401.2061321403011,1857.5476135262072,595.5352024272686,cam_3_1690309616_13-26-56.jpg
380,317,1924.493584017569,200.94426081415725,2248.5209769175167,382.9170550913715,cam_3_1690309616_13-26-56.jpg
380,322,1288.6085701113548,357.2575138836051,1634.0431828818344,545.0948110647417,cam_3_1690309616_13-26-56.jpg
380,354,1626.1082348766338,453.2896130303001,2071.099585915279,692.417458494231,cam_3_1690309616_13-26-56.jpg
381,212,456.79463459787075,342.6011378800424,796.6686130149444,555.83339664668,cam_3_1690309691_13-28-11.jpg
381,247,2147.1351141207238,422.7201883032593,2491.496051066208,593.0134903177377,cam_3_1690309691_13-28-11.jpg
381,277,2271.4502108110855,460.18127227576963,2694.196441266768,654.912907030102,cam_3_1690309691_13-28-11.jpg
381,282,1724.093452137162,478.1626734356711,2200.4629040275204,765.5390666048955,cam_3_1690309691_13-28-11.jpg
381,289,1408.466094601154,378.2925678824887,1741.6005101454807,567.5386324419549,cam_3_1690309691_13-28-11.jpg
381,300,1497.5586693656749,398.70133207068494,1859.2737751570417,593.7200175692517,cam_3_1690309691_13-28-11.jpg
381,317,1913.2428992806704,201.32263206131296,2247.406502761312,384.62372022004365,cam_3_1690309691_13-28-11.jpg
381,322,1289.974101219583,358.9402968751248,1636.1661180522851,545.8884643547219,cam_3_1690309691_13-28-11.jpg
381,354,1626.3995834764166,452.08849778824606,2068.5829906411436,689.4882957753496,cam_3_1690309691_13-28-11.jpg
381,355,395.5212357251227,461.4613943847968,985.0137914030931,807.5092386771481,cam_3_1690309691_13-28-11.jpg
381,356,350.9033147164272,735.8017544622776,1541.7193374983476,1493.1341752462995,cam_3_1690309691_13-28-11.jpg
381,357,3140.896645029414,441.16523091040324,3880.446463176986,1075.719488007428,cam_3_1690309691_13-28-11.jpg
382,212,507.20684982503064,360.25681267656995,818.7285213194575,551.9599377426086,cam_3_1690309736_13-28-56.jpg
382,247,2148.6647183359655,421.8371176013168,2485.964546166647,588.4840386055017,cam_3_1690309736_13-28-56.jpg
382,277,2267.482859616839,461.85394761037435,2691.798939662779,657.4180442760488,cam_3_1690309736_13-28-56.jpg
382,282,1726.094314974333,482.6396543679807,2200.104064646316,765.6517178154868,cam_3_1690309736_13-28-56.jpg
382,289,1409.063236241154,379.6469065834509,1740.9156191057275,567.9708569363196,cam_3_1690309736_13-28-56.jpg
382,300,1498.0453667969714,401.7584619672923,1860.78866307537,597.5635947371161,cam_3_1690309736_13-28-56.jpg
382,317,1917.3770063028285,201.06136831910743,2260.5108983781734,386.8643525167467,cam_3_1690309736_13-28-56.jpg
382,322,1290.188999598005,359.72816543634497,1633.0773341234212,543.311027418551,cam_3_1690309736_13-28-56.jpg
382,354,1629.7791622910809,456.1523412671957,2066.5935441912284,690.1055241866817,cam_3_1690309736_13-28-56.jpg
382,356,278.9889947219243,756.6067106897813,1624.452232302469,1627.7958687834007,cam_3_1690309736_13-28-56.jpg
383,231,1342.2110217720822,189.68100444841633,1610.7257363373692,383.4142263433313,cam_3_1690309841_13-30-41.jpg
383,247,2146.972318114092,422.2648338392991,2484.944359416063,588.1975598235123,cam_3_1690309841_13-30-41.jpg
383,277,2274.069216639269,464.4324168899123,2696.152279915619,658.5703770007242,cam_3_1690309841_13-30-41.jpg
383,282,1726.9857732615071,483.6027791939066,2198.5910269522446,761.98486109689,cam_3_1690309841_13-30-41.jpg
383,289,1406.819695777047,378.22001374824504,1741.06159911181,568.2064461677189,cam_3_1690309841_13-30-41.jpg
383,300,1497.3983351505406,400.36988175143165,1861.0480523197932,596.4587880706435,cam_3_1690309841_13-30-41.jpg
383,322,1289.5193715532687,361.4403075476804,1633.5536947391054,544.5490673455406,cam_3_1690309841_13-30-41.jpg
383,354,1632.4247985856803,457.11103031188816,2068.927933307478,690.1326784944455,cam_3_1690309841_13-30-41.jpg
383,355,410.43076499566615,462.8937641183655,953.8957970893678,783.2679317360034,cam_3_1690309841_13-30-41.jpg
383,356,324.7197525752605,765.9537766893229,1624.0713006478022,1623.8807366797605,cam_3_1690309841_13-30-41.jpg
384,167,1031.6283733580433,219.99694394326454,1381.7781276153794,444.6217769398552,cam_3_1690310051_13-34-11.jpg
384,247,2149.539965105903,421.7667132764169,2490.4951773063663,589.0566274744277,cam_3_1690310051_13-34-11.jpg
384,277,2279.492699916568,463.52151919549857,2698.6901912956923,656.323610593349,cam_3_1690310051_13-34-11.jpg
384,282,1721.5714742228752,481.966563299451,2204.330135856978,764.4981028984541,cam_3_1690310051_13-34-11.jpg
384,289,1406.5965768425735,377.56127012295,1747.5262834424839,571.2176522960426,cam_3_1690310051_13-34-11.jpg
384,300,1498.2410547619272,400.5080377661086,1860.2514190056893,595.6965360788672,cam_3_1690310051_13-34-11.jpg
384,322,1288.6009845754577,361.5534496282429,1636.268640867424,545.6760243935221,cam_3_1690310051_13-34-11.jpg
384,343,491.8425164262538,524.4631903773668,989.7125073464979,952.7508640311431,cam_3_1690310051_13-34-11.jpg
384,354,1632.8463513852462,457.2045212579333,2071.8106031021152,690.8687267438595,cam_3_1690310051_13-34-11.jpg
384,355,403.7629177931451,457.3814772656707,940.016025579969,776.4500793487366,cam_3_1690310051_13-34-11.jpg
384,356,361.0090470630287,805.3488777148344,1700.1502999695456,1712.1497270737418,cam_3_1690310051_13-34-11.jpg
384,366,646.3384429653177,1273.2295456282582,1991.592093078498,2255.776380281638,cam_3_1690310051_13-34-11.jpg
384,367,413.34139132013917,563.3372067261947,1204.5020244177238,1016.5673680932928,cam_3_1690310051_13-34-11.jpg
385,247,2149.2852315851605,419.8107225055952,2493.4000023490526,589.5102742421849,cam_3_1690310096_13-34-56.jpg
385,277,2281.104794138168,460.6112313767933,2705.6668168247097,657.3121533983463,cam_3_1690310096_13-34-56.jpg
385,282,1718.9241722874622,480.79185376283954,2204.944647875988,763.3865522418239,cam_3_1690310096_13-34-56.jpg
385,289,1403.559295934001,378.5516457139551,1746.55862424121,573.456732224848,cam_3_1690310096_13-34-56.jpg
385,300,1500.7965096377116,402.462931441182,1863.2869911630555,598.0600447065675,cam_3_1690310096_13-34-56.jpg
385,322,1284.2099881058314,361.9342070033387,1635.4257828926075,547.0177680501424,cam_3_1690310096_13-34-56.jpg
385,343,518.622445943609,521.7952659676685,997.1665005731836,920.0586785177289,cam_3_1690310096_13-34-56.jpg
385,354,1631.4886280615156,455.0081607815083,2074.1795048855624,690.2528822710558,cam_3_1690310096_13-34-56.jpg
385,355,427.56096757786617,455.80805080514284,927.2832144843717,753.1016676293978,cam_3_1690310096_13-34-56.jpg
385,356,366.2901289116884,859.3076815617455,1762.63285785867,1834.8928870745503,cam_3_1690310096_13-34-56.jpg
385,366,688.7510306386569,1278.165799135802,1881.9623641754063,2147.9569325940756,cam_3_1690310096_13-34-56.jpg
385,367,410.56134907468504,566.593476015687,1249.933706534442,1051.2442045659368,cam_3_1690310096_13-34-56.jpg
386,247,2153.090946605408,421.24784519648557,2497.469080807148,591.7552556634439,cam_3_1690310156_13-35-56.jpg
386,277,2286.394702508342,460.24202877788883,2706.4473830535912,655.9371765813587,cam_3_1690310156_13-35-56.jpg
386,282,1716.8193382265877,480.33328549060394,2208.023562806336,763.8103906632286,cam_3_1690310156_13-35-56.jpg
386,289,1402.0494267077836,378.2773054142333,1741.4924408053391,571.0782584591391,cam_3_1690310156_13-35-56.jpg
386,300,1500.9949244236423,403.06400797705834,1858.2625678281138,595.8645485147833,cam_3_1690310156_13-35-56.jpg
386,322,1288.281367583069,361.35346048537656,1635.986115637181,544.0489485299054,cam_3_1690310156_13-35-56.jpg
386,343,503.0240561571914,524.7342718950497,1041.3177646737993,973.7434442901391,cam_3_1690310156_13-35-56.jpg
386,344,729.6436286795347,530.0138290742127,1288.440358020694,1027.402095948099,cam_3_1690310156_13-35-56.jpg
386,354,1632.5406836830057,455.2150689634892,2077.546275280202,691.3091805578476,cam_3_1690310156_13-35-56.jpg
386,355,423.10719805027895,448.04151236592594,949.4831285210702,764.1112867556487,cam_3_1690310156_13-35-56.jpg
386,356,377.0466812743632,881.3662144433281,1770.3290459425705,1884.4618641855652,cam_3_1690310156_13-35-56.jpg
386,366,770.0935131768953,1277.9052356382044,1850.4482184212711,2059.264072890579,cam_3_1690310156_13-35-56.jpg
386,368,423.6948848451857,336.140257716326,756.6673232812816,532.3501596890708,cam_3_1690310156_13-35-56.jpg
387,247,2146.110685028161,421.1483518823545,2490.463972334699,591.0584624548055,cam_3_1690310396_13-39-56.jpg
387,277,2278.640024769637,461.1455820899171,2696.261896153586,655.286063605185,cam_3_1690310396_13-39-56.jpg
387,282,1713.746878178716,476.8349860125684,2213.282404287815,764.2391768731293,cam_3_1690310396_13-39-56.jpg
387,289,1361.5722124977294,328.0415666679008,1830.9302226157008,601.6348081162726,cam_3_1690310396_13-39-56.jpg
387,314,1220.7352207392112,295.20886883501726,1518.1381919609653,595.0607395832914,cam_3_1690310396_13-39-56.jpg
387,343,495.84209355477924,494.89360617294426,977.9105492962403,886.7028564342656,cam_3_1690310396_13-39-56.jpg
387,354,1627.1277984559642,454.0789215969987,2069.9719031918917,688.5182188098618,cam_3_1690310396_13-39-56.jpg
387,355,412.0663595262887,428.8059834209054,913.8132025599093,727.8814189297805,cam_3_1690310396_13-39-56.jpg
387,356,371.50264416813025,912.2153253261891,1824.791067023215,1988.9168415542863,cam_3_1690310396_13-39-56.jpg
387,366,676.511657405242,1245.257034493739,1930.9909155435764,2156.6071823930843,cam_3_1690310396_13-39-56.jpg
387,367,368.29488858463355,605.532884653679,1258.6750240718177,1121.1020824884495,cam_3_1690310396_13-39-56.jpg
388,247,2140.451348984842,416.5135305394703,2487.35861509036,587.2307086147914,cam_3_1690310561_13-42-41.jpg
388,277,2276.0547379893837,458.7342815856889,2694.319802768113,654.2156926612597,cam_3_1690310561_13-42-41.jpg
388,282,1714.255985634474,479.3377753373391,2212.1285973193644,764.270875709432,cam_3_1690310561_13-42-41.jpg
388,289,1382.6795768531972,355.5410660080628,1783.5213984431646,588.8548544518094,cam_3_1690310561_13-42-41.jpg
388,300,1499.508751351721,402.5279316771342,1863.0915255938535,598.6053844705222,cam_3_1690310561_13-42-41.jpg
388,314,1228.485051338776,294.08297004701274,1544.716468168305,594.0192359156249,cam_3_1690310561_13-42-41.jpg
388,343,456.10024424595775,465.17446140848915,935.8129095832726,847.4492126516166,cam_3_1690310561_13-42-41.jpg
388,354,1627.3296350552737,452.99354995216316,2073.247461185129,688.5002057126029,cam_3_1690310561_13-42-41.jpg
388,355,445.65824004537075,391.82746707385735,840.9582567748228,623.4267591868677,cam_3_1690310561_13-42-41.jpg
388,356,398.2219668289109,937.94489005807,1792.5615229038776,1994.01489626101,cam_3_1690310561_13-42-41.jpg
388,366,666.0076885633684,1243.6717989790006,1919.537657988003,2153.7958844549275,cam_3_1690310561_13-42-41.jpg
388,367,371.18223254899124,629.904553533178,1340.2574796945,1199.1880794434633,cam_3_1690310561_13-42-41.jpg
389,212,524.430533970792,378.12046197896416,809.7940030400496,547.4678269905743,cam_3_1690310591_13-43-11.jpg
389,277,2233.652421375893,335.73573506586814,2831.886840354016,631.0966495200378,cam_3_1690310591_13-43-11.jpg
389,282,1712.0150741735704,478.5567288854023,2211.7593280236993,763.1132362794388,cam_3_1690310591_13-43-11.jpg
389,289,1395.3023594894707,370.7358109231159,1755.5135759498446,580.4367809162811,cam_3_1690310591_13-43-11.jpg
389,300,1494.102237235881,401.1851550672035,1855.6386282964181,596.379259412327,cam_3_1690310591_13-43-11.jpg
389,314,1227.5349667897078,295.07954377257295,1554.8916501403467,593.1047521523045,cam_3_1690310591_13-43-11.jpg
389,343,458.8413944482208,461.79971005728294,947.8320950226084,853.3639001289196,cam_3_1690310591_13-43-11.jpg
389,354,1627.3091162021187,455.1100260205573,2070.9889339920505,688.846788522218,cam_3_1690310591_13-43-11.jpg
389,355,425.7127001779065,420.5155795058824,861.184731187549,670.1321370700286,cam_3_1690310591_13-43-11.jpg
389,356,484.68121804661314,932.8086357316245,1745.4271091095338,1907.9537089462685,cam_3_1690310591_13-43-11.jpg
389,366,635.1910011094386,1234.5735464823483,1851.025181574767,2104.3259459919086,cam_3_1690310591_13-43-11.jpg
389,367,413.8459654927862,641.4459807146212,1353.3388150826768,1199.7096105126234,cam_3_1690310591_13-43-11.jpg
389,372,720.4205160216374,583.302236984343,1009.5026315560964,806.638507485508,cam_3_1690310591_13-43-11.jpg
390,247,2142.929302406726,421.2540324571836,2488.412938091029,593.8910815393237,cam_3_1690310636_13-43-56.jpg
390,277,2241.9313337600174,294.56847395784484,2865.16966000776,618.9307501782139,cam_3_1690310636_13-43-56.jpg
390,282,1711.6568947709443,479.3154175939661,2211.3748941784893,762.8795816082952,cam_3_1690310636_13-43-56.jpg
390,289,1399.3586399256192,379.70397929998717,1736.954806169235,576.1141341027559,cam_3_1690310636_13-43-56.jpg
390,300,1495.5023227814802,402.5144334654708,1851.5793728726314,594.446896286837,cam_3_1690310636_13-43-56.jpg
390,314,1185.2718016993692,295.4768645078751,1528.1429543176926,598.8749136100503,cam_3_1690310636_13-43-56.jpg
390,343,455.9335310603205,452.0861394176825,936.749853033501,837.1868485652935,cam_3_1690310636_13-43-56.jpg
390,344,576.7515711101212,639.7661321196425,1237.216973032164,1208.7400089478128,cam_3_1690310636_13-43-56.jpg
390,354,1628.147954882058,456.07916571017216,2071.2121736483955,688.6597014241247,cam_3_1690310636_13-43-56.jpg
390,355,401.95515978593517,390.3419550673416,865.852719689841,661.2181189317107,cam_3_1690310636_13-43-56.jpg
390,356,454.3304378015125,930.4032788319481,1784.6829727088127,1989.787797428301,cam_3_1690310636_13-43-56.jpg
390,366,572.1748081161196,1199.0632523900736,2105.4710097193074,2314.578280129992,cam_3_1690310636_13-43-56.jpg
390,372,717.6755485271121,583.1763732881772,1018.0602591547365,810.3561365730579,cam_3_1690310636_13-43-56.jpg
390,373,547.840768035481,580.682428842784,1050.435140681046,951.1983655236116,cam_3_1690310636_13-43-56.jpg
391,277,2244.2314231117575,291.0906111425861,2853.210298116705,614.0588338835719,cam_3_1690310756_13-45-56.jpg
391,282,1711.1404206492116,480.372766317121,2214.627426749078,764.3967831261848,cam_3_1690310756_13-45-56.jpg
391,289,1400.8413421406792,379.81271684963525,1738.620413628498,575.8088131068976,cam_3_1690310756_13-45-56.jpg
391,300,1497.0996614349797,402.08761412167644,1853.0919955835163,593.9807313775823,cam_3_1690310756_13-45-56.jpg
391,314,1154.5527121754094,300.5756776677786,1515.1015453643986,608.9388560362092,cam_3_1690310756_13-45-56.jpg
391,343,453.7277425879315,446.1644345116013,893.9212998673063,775.6052319548314,cam_3_1690310756_13-45-56.jpg
391,354,1626.4965619640136,457.4253883841364,2070.2932714714384,690.0351605166397,cam_3_1690310756_13-45-56.jpg
391,355,492.54995614084874,376.82505930349515,822.739087427721,565.7692360859826,cam_3_1690310756_13-45-56.jpg
391,356,456.01695939758565,954.5692454552267,1821.184118437478,2078.280463862977,cam_3_1690310756_13-45-56.jpg
391,366,550.4644284667643,1191.6425148368178,2173.1561672834946,2394.43000381598,cam_3_1690310756_13-45-56.jpg
391,367,456.25396781802755,649.0381625982757,1337.8430056448783,1177.1095011805469,cam_3_1690310756_13-45-56.jpg
391,372,733.0921720128741,586.3772781299155,1026.488992452183,801.9446281812105,cam_3_1690310756_13-45-56.jpg
392,282,1709.561974604097,480.274320181347,2213.1444191453697,762.8582330553622,cam_3_1690310846_13-47-26.jpg
392,289,1400.781627331661,381.5933038197371,1734.4656518638283,574.874967741489,cam_3_1690310846_13-47-26.jpg
392,300,1494.7858327260178,400.7357324588364,1849.871022078894,592.3143306383138,cam_3_1690310846_13-47-26.jpg
392,314,1153.3645854665872,298.52289567467596,1526.849195018547,611.4182260366642,cam_3_1690310846_13-47-26.jpg
392,320,2205.033380979284,224.76375765664267,2554.8722556248367,439.92273613294674,cam_3_1690310846_13-47-26.jpg
392,343,466.37697547538903,446.413481112315,885.1846134235791,742.3568110299891,cam_3_1690310846_13-47-26.jpg
392,354,1631.2126947738204,456.50911905415836,2073.2907301763958,688.3272903928132,cam_3_1690310846_13-47-26.jpg
392,355,488.3989708150641,374.716555802721,823.6265931418973,567.3610858062416,cam_3_1690310846_13-47-26.jpg
392,356,574.249558206194,926.4959713214762,1680.594103645992,1828.4010462521705,cam_3_1690310846_13-47-26.jpg
392,366,495.6266992982436,1198.7698087683907,2325.8807888136075,2598.822537424117,cam_3_1690310846_13-47-26.jpg
392,367,465.1421708193743,649.6770655560603,1327.6147076670625,1169.9145348931174,cam_3_1690310846_13-47-26.jpg
392,372,738.5416573213399,590.5233961160211,1035.7730486203386,801.7415572305158,cam_3_1690310846_13-47-26.jpg
392,375,450.62941173028736,384.51308979536986,824.7181307610429,637.9684629374955,cam_3_1690310846_13-47-26.jpg
393,282,1715.1042708090363,480.72942668116093,2215.7633564193966,760.3475435815824,cam_3_1690310891_13-48-11.jpg
393,289,1398.4887510055503,380.4170607967986,1730.3461388096985,572.5439036168053,cam_3_1690310891_13-48-11.jpg
393,300,1497.6391132595459,400.97783021195266,1851.7575501027868,591.8121267849748,cam_3_1690310891_13-48-11.jpg
393,314,1147.9308682649207,298.9204061769883,1525.301086530381,607.6591343595949,cam_3_1690310891_13-48-11.jpg
393,320,2175.6007397562043,245.13123258214378,2608.4294760810362,513.0774525718999,cam_3_1690310891_13-48-11.jpg
393,343,442.3375342773171,448.63575185229047,885.3485370954184,747.9767950960934,cam_3_1690310891_13-48-11.jpg
393,344,515.5774467382618,661.4071101674697,1224.470850883461,1264.9471267505855,cam_3_1690310891_13-48-11.jpg
393,354,1627.4422399848695,455.98962055677356,2073.4544807873413,689.5264657657078,cam_3_1690310891_13-48-11.jpg
393,355,507.6328111439808,373.1833530779393,815.3852480125345,548.9523181496419,cam_3_1690310891_13-48-11.jpg
393,356,596.456652439565,906.0311264683637,1588.231070648837,1700.304766108964,cam_3_1690310891_13-48-11.jpg
393,366,584.212833969494,1202.5828864665866,2278.3594388955075,2524.6521855351193,cam_3_1690310891_13-48-11.jpg
393,375,450.6795686329252,411.54989703725136,829.3174502219432,662.9158721515469,cam_3_1690310891_13-48-11.jpg
394,282,1710.1746695720356,476.8267357381013,2221.167132021743,761.4089046546472,cam_3_1690310921_13-48-41.jpg
394,289,1406.984580858698,382.60772627112493,1738.563485646832,573.4463276162342,cam_3_1690310921_13-48-41.jpg
394,300,1503.1061463562696,403.75634643642456,1854.0612425964343,592.585874098301,cam_3_1690310921_13-48-41.jpg
394,314,1143.1247604012094,299.88589425327416,1531.6147763243962,610.0569137063638,cam_3_1690310921_13-48-41.jpg
394,320,2167.8400104482344,251.89924445188143,2625.275781889203,535.8821283102127,cam_3_1690310921_13-48-41.jpg
394,343,540.9002966654646,458.59936913450275,962.7411516254485,748.146665618541,cam_3_1690310921_13-48-41.jpg
394,344,494.2512091525645,659.1033576359083,1162.2950979413072,1163.1721267026562,cam_3_1690310921_13-48-41.jpg
394,354,1625.4613439937268,454.4718650442803,2073.5570088138525,688.8733914382947,cam_3_1690310921_13-48-41.jpg
394,355,541.7869638175957,373.6040512414665,801.7250100120852,517.9519452535988,cam_3_1690310921_13-48-41.jpg
394,356,630.7831717112351,908.6625377527135,1590.4154236296197,1670.5576381378437,cam_3_1690310921_13-48-41.jpg
394,366,522.5559941004627,1201.559408605562,2364.397185097147,2684.937609103666,cam_3_1690310921_13-48-41.jpg
394,373,455.0654494016775,466.5079039282936,978.2538130061574,852.9321537702956,cam_3_1690310921_13-48-41.jpg
394,375,462.3410802332785,432.25468299185155,850.98066940947,683.5208174344359,cam_3_1690310921_13-48-41.jpg
394,378,657.1404945006399,584.9595565823938,1114.1030825201196,798.9342782326498,cam_3_1690310921_13-48-41.jpg
395,282,1705.8494252427586,473.1999586212917,2223.2516095467818,761.7123204709865,cam_3_1690311146_13-52-26.jpg
395,289,1400.7819356898594,380.1985113864015,1737.8224694136466,573.9895875548817,cam_3_1690311146_13-52-26.jpg
395,300,1496.311883183899,402.22530899043704,1850.4899792815302,593.1227157567403,cam_3_1690311146_13-52-26.jpg
395,314,1126.5252206821876,302.6496098270495,1518.0783681124249,610.4652500187053,cam_3_1690311146_13-52-26.jpg
395,320,2173.8275177176756,250.80457816514826,2645.6582147302242,542.6500240114847,cam_3_1690311146_13-52-26.jpg
395,344,507.2793117731027,669.4085932376804,1201.84786149431,1185.4022518976126,cam_3_1690311146_13-52-26.jpg
395,354,1624.459188077689,452.46197597364585,2071.7357659276804,686.3154651372006,cam_3_1690311146_13-52-26.jpg
395,366,527.2512038295229,1214.533123832867,2376.739856987114,2751.0960071501377,cam_3_1690311146_13-52-26.jpg
395,367,472.35090510012435,817.6570170092172,1358.1795566403662,1348.412115454404,cam_3_1690311146_13-52-26.jpg
395,373,456.2044318920684,456.5313692047512,963.4866678992744,828.4973122012366,cam_3_1690311146_13-52-26.jpg
395,375,439.5139844475377,390.25340850293117,844.1333538151182,652.1792501917038,cam_3_1690311146_13-52-26.jpg
395,378,662.589878370895,591.3290337561,1111.6729155727699,801.2375056349766,cam_3_1690311146_13-52-26.jpg
396,282,1712.7795903012009,475.6608544664527,2223.575194309319,759.6326905924402,cam_3_1690311176_13-52-56.jpg
396,289,1397.1935982914188,380.3953251192679,1732.987028756556,573.6328385377385,cam_3_1690311176_13-52-56.jpg
396,300,1491.8603675936974,400.156901786388,1847.6477820328014,592.4830789799488,cam_3_1690311176_13-52-56.jpg
396,314,1121.7520977126796,305.2302421527721,1515.6224358673494,609.2158521446172,cam_3_1690311176_13-52-56.jpg
396,320,2180.9314993756525,256.68067315986747,2657.4261671385198,547.9717548466356,cam_3_1690311176_13-52-56.jpg
396,344,500.43976573661473,669.0955304120382,1158.8293314101866,1115.8681978692944,cam_3_1690311176_13-52-56.jpg
396,354,1625.7376820820148,451.5856710733809,2074.32403587378,685.7136966783198,cam_3_1690311176_13-52-56.jpg
396,366,514.1424033844253,1239.4749793450208,2333.6622573047325,2788.2589696280147,cam_3_1690311176_13-52-56.jpg
396,367,626.2959121822344,837.8313379123774,1504.535266791543,1369.6853621258692,cam_3_1690311176_13-52-56.jpg
396,373,435.33528909226527,454.4217187633981,901.1845370952614,783.0462692941801,cam_3_1690311176_13-52-56.jpg
396,375,424.9148027255237,380.58424163500547,787.9314360319624,608.8199849508444,cam_3_1690311176_13-52-56.jpg
396,378,672.5908275308823,593.6646514275851,1104.725190884281,794.6295121879169,cam_3_1690311176_13-52-56.jpg
397,282,1704.5967397479528,477.4941912350628,2212.6764681352133,758.8100949890245,cam_3_1690311416_13-56-56.jpg
397,289,1393.1677814789414,378.89287124556756,1727.2215322516142,572.4155890444682,cam_3_1690311416_13-56-56.jpg
397,300,1487.5351166094117,399.08385863655326,1844.4058637904293,593.0275848611891,cam_3_1690311416_13-56-56.jpg
397,303,1242.9966373969123,226.8970356115109,1410.5285684954786,442.5347404808142,cam_3_1690311416_13-56-56.jpg
397,314,1052.3997305979406,293.4181086638357,1430.783428859745,600.8885790104925,cam_3_1690311416_13-56-56.jpg
397,344,487.4488988886923,666.4144821818727,1156.3371399984558,1094.157121303758,cam_3_1690311416_13-56-56.jpg
397,354,1622.7873690438537,452.0359539613587,2072.0998989944446,686.4636533751116,cam_3_1690311416_13-56-56.jpg
397,356,810.5541550292321,1053.3486704635238,1811.095355177236,1855.5415348950205,cam_3_1690311416_13-56-56.jpg
397,367,772.0793699572475,822.7709093231285,1551.6066492662856,1286.2823977220876,cam_3_1690311416_13-56-56.jpg
397,373,440.55639388807606,434.15041865925207,854.4204096303537,711.8705141639514,cam_3_1690311416_13-56-56.jpg
397,375,468.15142847675884,358.53772949764544,745.2515571617225,525.2700917769113,cam_3_1690311416_13-56-56.jpg
398,282,1694.5756331405937,476.1806725833866,2206.154086253851,759.0952084031248,cam_3_1690311476_13-57-56.jpg
398,289,1390.447699256436,378.4913700502598,1719.737265309337,570.720801721855,cam_3_1690311476_13-57-56.jpg
398,300,1482.8637846849472,398.44566221793025,1837.7127127220156,592.4052127245775,cam_3_1690311476_13-57-56.jpg
398,314,1082.9378625056459,268.92625987428937,1405.8772690876774,544.0936515628595,cam_3_1690311476_13-57-56.jpg
398,344,495.17201956232253,693.7342204388287,1227.1307315704084,1169.0418291447495,cam_3_1690311476_13-57-56.jpg
398,354,1615.95502439243,455.33442668256396,2062.2949355557193,689.0086075774751,cam_3_1690311476_13-57-56.jpg
398,367,596.3055987631404,795.6107929444464,1442.6522837723255,1302.2296000844854,cam_3_1690311476_13-57-56.jpg
398,373,437.05692612105895,432.1280445245598,833.123024374489,683.7511189886839,cam_3_1690311476_13-57-56.jpg
398,375,552.672296596063,374.43442898718433,782.3259790914932,508.59908273813744,cam_3_1690311476_13-57-56.jpg
399,167,973.032151869048,229.4408600796194,1328.4545281762162,461.73427315442325,cam_3_1690311566_13-59-26.jpg
399,282,1704.5373114853742,478.9623608854222,2215.868702707802,760.7996671876397,cam_3_1690311566_13-59-26.jpg
399,289,1393.7858408692082,380.95413171494994,1716.9975368799073,570.3884210116503,cam_3_1690311566_13-59-26.jpg
399,300,1483.1729477783829,402.29648205593577,1834.2088824967805,595.6478011673074,cam_3_1690311566_13-59-26.jpg
399,303,1279.1219844126736,213.00120293718578,1436.4090096074806,427.0925870159516,cam_3_1690311566_13-59-26.jpg
399,344,468.75032817424875,724.2646452780717,1223.96586921774,1206.2360300301757,cam_3_1690311566_13-59-26.jpg
399,354,1614.1859867682297,453.6356430990272,2065.0177700213912,690.7479025679645,cam_3_1690311566_13-59-26.jpg
399,373,436.81689028269244,423.46481624681576,804.3512940028895,643.0491573491139,cam_3_1690311566_13-59-26.jpg
399,381,464.7477212175412,478.8956338054039,974.6590647387479,834.4439739296279,cam_3_1690311566_13-59-26.jpg
400,167,976.0511888291112,230.4619946736025,1323.6216373418424,461.16192468819384,cam_3_1690311581_13-59-41.jpg
400,282,1687.6700827667075,484.5149104979713,2185.15825292798,762.4194334926061,cam_3_1690311581_13-59-41.jpg
400,289,1394.9154125929974,378.0055467001638,1720.203270540031,569.4477431999719,cam_3_1690311581_13-59-41.jpg
400,300,1484.8666744359148,399.8714258029396,1832.197813809816,592.4533761973612,cam_3_1690311581_13-59-41.jpg
400,303,1296.9927151795323,208.16210412751144,1450.6607075267511,423.7951444994792,cam_3_1690311581_13-59-41.jpg
400,344,496.67529945097607,734.3059494804786,1252.94719907044,1212.9742078289696,cam_3_1690311581_13-59-41.jpg
400,354,1612.2566592988205,451.7750232705454,2067.679584000576,692.3690719064845,cam_3_1690311581_13-59-41.jpg
400,368,394.42135085203955,391.09329393086864,823.9082614664067,640.2639469937917,cam_3_1690311581_13-59-41.jpg
400,381,460.9998980533509,471.3025746647927,934.9058547435538,797.6775435990878,cam_3_1690311581_13-59-41.jpg
401,167,983.765886919594,229.14694151191205,1327.2307478857706,458.8916861403102,cam_3_1690311611_14-00-11.jpg
401,282,1704.8049744297173,482.815000012189,2209.0974883981085,763.2237539208103,cam_3_1690311611_14-00-11.jpg
401,289,1395.7278333069946,378.1012258137541,1719.1192251722468,569.2619616320235,cam_3_1690311611_14-00-11.jpg
401,300,1485.0398617197716,402.17522606528837,1833.194784192846,596.1190827329751,cam_3_1690311611_14-00-11.jpg
401,303,1315.0097077500782,204.6065036047165,1462.6354265216467,414.69180180801504,cam_3_1690311611_14-00-11.jpg
401,344,495.3106872976339,737.5760466454382,1266.11264237229,1227.7607193558704,cam_3_1690311611_14-00-11.jpg
401,354,1611.9420364855823,451.4873878115115,2064.864769827468,691.6221958325489,cam_3_1690311611_14-00-11.jpg
401,381,455.6213633597648,457.780001456793,900.4690622248786,757.440637904405,cam_3_1690311611_14-00-11.jpg
401,386,876.504163489277,297.11183139123136,1014.9200087544154,493.8429488249406,cam_3_1690311611_14-00-11.jpg
401,388,216.4375881322611,627.9581629875852,1440.767884160201,1055.9123492484107,cam_3_1690311611_14-00-11.jpg
402,167,989.9995442669751,233.92947194869083,1321.3917286727083,457.2043782498146,cam_3_1690311716_14-01-56.jpg
402,282,1708.4646906291418,483.4048074103223,2212.55477440348,762.2592961156488,cam_3_1690311716_14-01-56.jpg
402,289,1393.7239061585458,380.03501382048546,1710.0036077038499,568.4685208246741,cam_3_1690311716_14-01-56.jpg
402,300,1487.179377664245,403.5108859591817,1830.371458226215,595.7985821949756,cam_3_1690311716_14-01-56.jpg
402,303,1309.3424977947345,200.89664222665968,1454.6577452144795,410.322841939717,cam_3_1690311716_14-01-56.jpg
402,354,1612.6594490375583,455.74415279915434,2053.486830721913,690.0983630444737,cam_3_1690311716_14-01-56.jpg
402,381,486.64361947457485,462.7055521572398,900.6890144255665,734.7286713204608,cam_3_1690311716_14-01-56.jpg
402,386,877.9977891154667,306.04272732488516,1023.1134093831482,511.7359516763638,cam_3_1690311716_14-01-56.jpg
402,388,194.8517019861572,598.9645096359504,1454.1609301263084,1046.2853615163672,cam_3_1690311716_14-01-56.jpg
402,391,1916.4121969067287,370.777606130524,2224.977631061569,489.1727182775353,cam_3_1690311716_14-01-56.jpg
403,167,991.8288828463401,232.27601827715733,1327.6935269839582,458.1220321473983,cam_3_1690311791_14-03-11.jpg
403,282,1705.604364080829,480.46888426850563,2215.984997309587,761.9405035012323,cam_3_1690311791_14-03-11.jpg
403,289,1396.2290819669656,382.37230221342213,1704.872093576472,567.2181237631305,cam_3_1690311791_14-03-11.jpg
403,300,1489.6928601038298,406.1956015400223,1825.6915087979332,595.0879924562807,cam_3_1690311791_14-03-11.jpg
403,303,1313.5532695882955,200.26166972489045,1456.9280565740498,408.9311561081047,cam_3_1690311791_14-03-11.jpg
403,343,486.169451393778,470.16383188988635,986.9336907564382,812.2447896619942,cam_3_1690311791_14-03-11.jpg
403,351,493.2075593097198,579.8452643548344,1225.7218278560786,1014.6432050556282,cam_3_1690311791_14-03-11.jpg
403,354,1612.3553978629777,455.62302604475167,2053.0322066630883,690.9506257156784,cam_3_1690311791_14-03-11.jpg
403,381,451.4141070638941,412.19642661797957,872.2632751087851,689.0456331531952,cam_3_1690311791_14-03-11.jpg
403,386,875.3474421851082,303.72429290011496,1031.299307294146,524.2937154177888,cam_3_1690311791_14-03-11.jpg
403,391,1914.401082432946,370.8022728079793,2220.929607913971,488.3991766772548,cam_3_1690311791_14-03-11.jpg
404,282,1704.212395700248,480.34165677647326,2215.5032078542304,761.1697292801628,cam_3_1690311881_14-04-41.jpg
404,289,1395.3088143481693,381.7279257367548,1704.3453072340574,567.8887705541508,cam_3_1690311881_14-04-41.jpg
404,300,1491.4944195763296,407.417570934319,1823.3270634401217,594.8145103288759,cam_3_1690311881_14-04-41.jpg
404,303,1328.8990318915285,197.5151269795021,1473.9528251891015,410.07846466695327,cam_3_1690311881_14-04-41.jpg
404,314,1007.7011461752015,223.48830388704576,1313.3978424959935,492.50273413270736,cam_3_1690311881_14-04-41.jpg
404,343,449.9315990343699,469.0685143971617,1003.3076021402022,852.453640136127,cam_3_1690311881_14-04-41.jpg
404,351,465.1948119992503,583.7927765227845,1191.72244011108,1020.1627599280803,cam_3_1690311881_14-04-41.jpg
404,354,1616.1268220092281,459.65836845498404,2050.7100289585396,691.8732657831545,cam_3_1690311881_14-04-41.jpg
404,381,439.5362097772621,414.8407265624804,823.205137404309,656.3498368871052,cam_3_1690311881_14-04-41.jpg
404,391,1913.2940268022794,371.2505025327681,2218.2044030058833,488.21362329682097,cam_3_1690311881_14-04-41.jpg
404,394,394.26457107451677,456.4904839826986,1040.8341565382343,707.2827762506524,cam_3_1690311881_14-04-41.jpg
404,395,1455.6961314108228,180.3710326979599,1566.5842068602553,363.40192437136193,cam_3_1690311881_14-04-41.jpg
405,212,627.6539105108886,473.8964741090373,995.1224712278062,687.2499833319042,cam_3_1690311911_14-05-11.jpg
405,282,1704.3408393237748,479.82374494457156,2217.2477338586436,760.5064736227444,cam_3_1690311911_14-05-11.jpg
405,287,1384.5085369211952,197.27915470595735,1652.8029531439724,396.77510615033157,cam_3_1690311911_14-05-11.jpg
405,289,1397.262233063564,381.98145493979786,1707.5282354529754,569.5785090631462,cam_3_1690311911_14-05-11.jpg
405,300,1494.243396904117,406.3605509020488,1826.788830558727,594.3992048284857,cam_3_1690311911_14-05-11.jpg
405,303,1292.5193088089516,197.9131775948527,1438.5503813953042,407.58058989544736,cam_3_1690311911_14-05-11.jpg
405,314,1004.0874924643734,218.73232833982328,1302.9202437104511,489.10361496211124,cam_3_1690311911_14-05-11.jpg
405,343,488.6027262234063,471.67504902741916,968.5429102796495,787.991156255624,cam_3_1690311911_14-05-11.jpg
405,351,422.5104739561496,575.6750576367832,1154.0970052396126,1006.8062380813594,cam_3_1690311911_14-05-11.jpg
405,354,1622.3642167534601,457.45429175371703,2056.504166134523,689.6839944615062,cam_3_1690311911_14-05-11.jpg
405,381,434.8598906032332,413.74987582081894,823.5510639584243,653.1887245281687,cam_3_1690311911_14-05-11.jpg
405,391,1915.1530686596657,372.96290519045334,2218.8885992920204,489.5380454218538,cam_3_1690311911_14-05-11.jpg
405,394,390.5596017263992,455.1205813257727,1007.2273702899356,694.4932808403164,cam_3_1690311911_14-05-11.jpg
406,282,1703.5997876859833,479.04872446902687,2219.6292416263504,760.6877631733792,cam_3_1690311926_14-05-26.jpg
406,287,1374.9724090244067,197.2610989082596,1636.6523578485428,402.5465393820656,cam_3_1690311926_14-05-26.jpg
406,289,1399.2862375889404,380.54491258941607,1708.420132140305,568.0555387670202,cam_3_1690311926_14-05-26.jpg
406,300,1495.505333163723,404.7072525452553,1828.3437832424383,593.2234651442591,cam_3_1690311926_14-05-26.jpg
406,303,1293.7479686919662,196.11660659613145,1444.3938525019753,397.2660301494609,cam_3_1690311926_14-05-26.jpg
406,314,999.8004285863664,218.6343807925576,1289.5445792997432,486.7397968868016,cam_3_1690311926_14-05-26.jpg
406,343,455.7487038908366,468.96660585102086,961.0075584086062,790.8894007763613,cam_3_1690311926_14-05-26.jpg
406,351,431.67696026824905,575.4762714306318,1176.185702664536,1017.7072960070614,cam_3_1690311926_14-05-26.jpg
406,354,1621.9811908148047,456.60137890786393,2059.754357621684,691.006003960768,cam_3_1690311926_14-05-26.jpg
406,381,434.0027362920175,404.404745223913,801.2305384148874,620.5866382613071,cam_3_1690311926_14-05-26.jpg
406,391,1909.1367612709582,368.771621156293,2215.864212874373,486.5034824603146,cam_3_1690311926_14-05-26.jpg
406,394,395.7714603385852,447.59483624489235,937.7775250143723,656.4635404753624,cam_3_1690311926_14-05-26.jpg
406,397,1244.9322626481776,219.1612650401343,1375.4052979915978,438.0336449847747,cam_3_1690311926_14-05-26.jpg
407,231,1379.296375046557,174.5815195926456,1575.9246850638342,319.6161313194758,cam_3_1690312091_14-08-11.jpg
407,282,1709.7035961370811,481.31204922722236,2220.2969279027307,759.3331388592055,cam_3_1690312091_14-08-11.jpg
407,289,1400.422663799094,378.90390007436275,1715.0591533614315,569.410927543482,cam_3_1690312091_14-08-11.jpg
407,300,1500.1193512222765,405.01111062716967,1836.7491405143453,595.3552111770337,cam_3_1690312091_14-08-11.jpg
407,314,1003.5021629503593,224.34153838722847,1283.2136624447521,487.00428035045246,cam_3_1690312091_14-08-11.jpg
407,351,409.23903104994935,572.1636467181095,1154.1662424085291,1009.6939511223743,cam_3_1690312091_14-08-11.jpg
407,354,1618.006325845486,457.68373857703637,2052.4910223030843,690.4748361113436,cam_3_1690312091_14-08-11.jpg
407,381,412.80063715631843,371.14575027008385,770.0629032268956,577.4659411336739,cam_3_1690312091_14-08-11.jpg
407,391,1826.028500658466,274.4841873441049,2348.5582211532064,480.87178951631284,cam_3_1690312091_14-08-11.jpg
407,394,525.6455927133343,464.57541456777267,1032.3107556367513,660.1386981555759,cam_3_1690312091_14-08-11.jpg
408,282,1710.975920085406,484.8916305545378,2214.6335652631806,759.0599916720546,cam_3_1690312226_14-10-26.jpg
408,289,1404.105201327785,378.8281696568996,1719.5218549722508,569.6732141859356,cam_3_1690312226_14-10-26.jpg
408,300,1499.2282215599757,402.1722378198818,1839.9786740350578,594.5253064955172,cam_3_1690312226_14-10-26.jpg
408,314,1003.6997094210183,230.03398730963622,1275.858235356271,486.62950597442546,cam_3_1690312226_14-10-26.jpg
408,343,467.16032070338025,456.44222608619964,980.4309366463144,783.0253058560651,cam_3_1690312226_14-10-26.jpg
408,354,1614.965679962694,454.0292540291628,2056.188590158529,691.1699331541699,cam_3_1690312226_14-10-26.jpg
408,381,404.91916147609135,357.93717482905873,750.3486366227778,550.399048476397,cam_3_1690312226_14-10-26.jpg
408,391,1828.1743873055893,248.12050703503633,2391.2981813821725,476.5092055076592,cam_3_1690312226_14-10-26.jpg
408,394,412.70747556278354,434.39350962506813,937.0836864907741,635.4039658709144,cam_3_1690312226_14-10-26.jpg
409,115,1463.343357693668,195.9863884199146,1734.6159030922463,331.07495272832153,cam_3_1690312256_14-10-56.jpg
409,282,1709.1724779620865,487.1493095835907,2213.4879505597623,760.8841022506447,cam_3_1690312256_14-10-56.jpg
409,289,1397.354441769592,377.63126256693715,1712.467380058028,567.7897634481607,cam_3_1690312256_14-10-56.jpg
409,300,1503.8313302203755,404.49398277975985,1846.6160114362676,596.6426696516754,cam_3_1690312256_14-10-56.jpg
409,314,996.8952392634716,233.0944388321025,1261.707581057513,489.2694637048039,cam_3_1690312256_14-10-56.jpg
409,343,441.71623818239345,452.73274965340573,972.2764997811973,782.7640234173182,cam_3_1690312256_14-10-56.jpg
409,354,1614.7447719933239,454.7224413302411,2054.8533696871386,691.4608726108563,cam_3_1690312256_14-10-56.jpg
409,391,1830.1794538825588,236.52772184833702,2399.1445519503623,473.8831115306125,cam_3_1690312256_14-10-56.jpg
409,394,423.85408466024217,422.2341981891961,896.8959766308117,602.1571226018141,cam_3_1690312256_14-10-56.jpg
409,400,1184.9292800114006,284.1970556366716,1535.7996725965554,597.2697047747263,cam_3_1690312256_14-10-56.jpg
410,115,1464.9494698581962,193.20838762151288,1734.5573446597723,328.1493600979577,cam_3_1690312496_14-14-56.jpg
410,167,1072.0425710768266,247.3619577272952,1403.2817365882515,469.5187722531042,cam_3_1690312496_14-14-56.jpg
410,282,1714.2293713356805,477.6515715210628,2231.683891846222,757.970063660922,cam_3_1690312496_14-14-56.jpg
410,289,1401.4107510279175,376.9856910014018,1718.5009444419823,568.3722954470012,cam_3_1690312496_14-14-56.jpg
410,300,1503.0123891120286,403.04672124490435,1853.1877954552679,598.8276363441402,cam_3_1690312496_14-14-56.jpg
410,314,1010.6945503337464,229.83468918713515,1261.2919167543569,467.91135001399755,cam_3_1690312496_14-14-56.jpg
410,354,1617.1570377706291,452.0032339010073,2056.9953333933927,688.6487951214293,cam_3_1690312496_14-14-56.jpg
410,394,387.2459568989472,407.75876006901143,1031.0841210110332,665.763214424931,cam_3_1690312496_14-14-56.jpg
410,400,1197.5019424056038,275.5933253225169,1552.8686235902653,590.3139180713254,cam_3_1690312496_14-14-56.jpg
411,282,1697.2946759322706,490.1336113375297,2188.628266230965,759.2076904625012,cam_3_1690312616_14-16-56.jpg
411,289,1358.7900652519638,338.2647933882389,1728.8502886103868,563.2203459693908,cam_3_1690312616_14-16-56.jpg
411,300,1501.5658037221065,408.0417662319803,1848.4262053704365,600.8653401417068,cam_3_1690312616_14-16-56.jpg
411,314,970.2046511833677,247.49412592970063,1268.1252507649751,532.1968708062043,cam_3_1690312616_14-16-56.jpg
411,343,376.5965027959108,460.3659292467108,978.6036749457407,832.5561799791319,cam_3_1690312616_14-16-56.jpg
411,354,1615.6179107391922,456.7993883370076,2047.4706596782298,688.9897910212393,cam_3_1690312616_14-16-56.jpg
411,394,361.5061786401715,392.99041004363113,951.2272203036564,630.0867278747473,cam_3_1690312616_14-16-56.jpg
411,400,1196.8726154785684,277.80610327114056,1537.6750259560577,579.3403896393288,cam_3_1690312616_14-16-56.jpg
412,282,1700.7903791620197,484.1184298228338,2204.1958028183976,758.1458343510055,cam_3_1690312661_14-17-41.jpg
412,289,1264.0441223480598,308.78597742412296,1730.9722670143342,597.6931168787123,cam_3_1690312661_14-17-41.jpg
412,300,1501.4885317786443,406.8179750893385,1855.4758012018724,602.8924302685969,cam_3_1690312661_14-17-41.jpg
412,314,928.3021807651163,290.1011404175824,1220.876342158464,568.2090027250053,cam_3_1690312661_14-17-41.jpg
412,343,392.359415626354,471.5093531713145,1004.260742382122,856.9437381087268,cam_3_1690312661_14-17-41.jpg
412,354,1610.238620768834,454.65472036961023,2038.5580703147682,685.2030447659502,cam_3_1690312661_14-17-41.jpg
412,368,374.8247360715232,398.3630497911788,872.8452780280963,688.6644708538379,cam_3_1690312661_14-17-41.jpg
412,400,1162.9073933872755,280.9928808218609,1492.6536684054474,573.8221084115207,cam_3_1690312661_14-17-41.jpg
412,404,1766.473530846982,205.83111515708617,2070.9141881586165,417.23559305872755,cam_3_1690312661_14-17-41.jpg
413,282,1701.9602722841146,480.64383399083897,2214.155525613123,758.6300266551552,cam_3_1690312676_14-17-56.jpg
413,289,1226.7702041340312,296.95719956151237,1724.8600744121568,610.2657031552599,cam_3_1690312676_14-17-56.jpg
413,300,1503.8980608166862,408.9543805242567,1856.8353682346842,603.2523422037718,cam_3_1690312676_14-17-56.jpg
413,314,909.8725715688017,308.01148635527204,1205.6402833371683,587.4354642992726,cam_3_1690312676_14-17-56.jpg
413,343,374.7535699045652,469.943366764654,990.4853946735823,853.1681243996966,cam_3_1690312676_14-17-56.jpg
413,354,1615.5165119419605,458.0395770002889,2039.2756459994846,686.1518978401169,cam_3_1690312676_14-17-56.jpg
413,368,452.5170824922063,394.00260808265534,861.9696133599602,627.8285927275306,cam_3_1690312676_14-17-56.jpg
413,400,1150.80281660024,285.09758315962864,1465.352836012611,565.98743542991,cam_3_1690312676_14-17-56.jpg
413,404,1758.2653655180372,208.90152901068763,2060.855565795027,418.0644938330559,cam_3_1690312676_14-17-56.jpg
414,282,1565.2353044355443,405.08107662784283,2281.4294081449634,806.3884905937161,cam_3_1690312826_14-20-26.jpg
414,289,1220.2916927633448,294.0139624501951,1726.3309408721686,616.1256386613089,cam_3_1690312826_14-20-26.jpg
414,300,1495.9143255896602,404.0214420796327,1851.4442657548739,600.1579904726727,cam_3_1690312826_14-20-26.jpg
414,314,906.3554046064546,315.3688453802754,1204.4664629714366,596.5678720026865,cam_3_1690312826_14-20-26.jpg
414,343,395.1994004739993,477.30981545676264,1020.2227723483156,871.3997156695991,cam_3_1690312826_14-20-26.jpg
414,372,431.1531705492607,382.4322138204045,837.1588472205678,667.6116208613855,cam_3_1690312826_14-20-26.jpg
414,400,1160.1982612657716,287.6110641232069,1478.9445289401433,571.8435088463348,cam_3_1690312826_14-20-26.jpg
414,404,1795.7503521524109,206.53144466551646,2057.851558126993,385.8184774458689,cam_3_1690312826_14-20-26.jpg
415,115,1413.662738076704,201.67503843695872,1673.183004113853,330.91679274260173,cam_3_1690313096_14-24-56.jpg
415,282,1555.359757523718,378.6411761795058,2277.6082322995308,793.2676610660268,cam_3_1690313096_14-24-56.jpg
415,289,1179.2036020144753,295.3708712237593,1693.727100231925,628.3463896006531,cam_3_1690313096_14-24-56.jpg
415,343,418.0193206184478,471.1402411077087,1018.1072874342353,858.8188390884792,cam_3_1690313096_14-24-56.jpg
415,372,424.5682140817743,382.6085935136357,825.9981388143561,659.5639292783235,cam_3_1690313096_14-24-56.jpg
415,386,899.4560730201395,398.4047947226628,1128.1041038773142,710.2956217740493,cam_3_1690313096_14-24-56.jpg
415,400,1114.5946679850704,290.1206647007633,1415.810290800309,557.4300453398967,cam_3_1690313096_14-24-56.jpg
415,404,1740.1637216154218,189.29662791246142,1998.5271798032206,362.1857881607607,cam_3_1690313096_14-24-56.jpg
416,115,1412.410303208065,198.27111307274672,1673.519119839986,327.68638482312656,cam_3_1690313171_14-26-11.jpg
416,282,1555.356190948121,366.4992052121373,2265.388972544768,783.4765258904733,cam_3_1690313171_14-26-11.jpg
416,289,1173.1666798060023,293.91637972814726,1690.3289013550802,631.4781474427477,cam_3_1690313171_14-26-11.jpg
416,343,392.10093025749507,461.43628184902707,994.0715499201358,850.7305672185887,cam_3_1690313171_14-26-11.jpg
416,368,447.1507457088254,385.69797645301367,845.1283701447393,609.4043569158894,cam_3_1690313171_14-26-11.jpg
416,386,902.7216545796921,406.1839794997315,1136.904087926459,718.8639527873042,cam_3_1690313171_14-26-11.jpg
416,400,1133.422718436431,283.2769679148996,1449.8120730808291,565.8236904664079,cam_3_1690313171_14-26-11.jpg
416,404,1745.8034436099224,185.20030880280973,2002.4025693283397,353.2145543997702,cam_3_1690313171_14-26-11.jpg
417,115,1423.5244516133814,193.27747712468923,1679.0366996805271,321.2717432982689,cam_3_1690313201_14-26-41.jpg
417,282,1563.760305600674,362.2951119293531,2257.951276368959,777.8448966178762,cam_3_1690313201_14-26-41.jpg
417,289,1175.026120652707,295.22946398007434,1687.2475002337228,631.7469878144068,cam_3_1690313201_14-26-41.jpg
417,343,412.023023053021,460.62303596809045,1020.234995433635,862.699599086732,cam_3_1690313201_14-26-41.jpg
417,368,442.89228316250524,388.94893195321833,841.9607985022469,607.4317289042954,cam_3_1690313201_14-26-41.jpg
417,394,388.87739627263204,337.83495508498737,834.1849299224107,517.6578883577661,cam_3_1690313201_14-26-41.jpg
417,400,1087.8470279249489,278.6519082421039,1420.847573807383,575.0820766862957,cam_3_1690313201_14-26-41.jpg
417,404,1738.4295475656427,184.88018455212753,1998.3090720108235,350.8348190538487,cam_3_1690313201_14-26-41.jpg
418,115,1429.9989968688644,191.6518166561591,1681.6589499108666,318.188899263334,cam_3_1690313216_14-26-56.jpg
418,167,1025.0196053600016,246.51536280112146,1307.6681655009388,434.0815828152183,cam_3_1690313216_14-26-56.jpg
418,282,1573.5534287575717,360.60208264969583,2253.9365211701715,775.161246506611,cam_3_1690313216_14-26-56.jpg
418,289,1172.3641095577439,293.8627753093903,1684.8507795635735,633.5730864589934,cam_3_1690313216_14-26-56.jpg
418,343,429.7195459554141,463.0432375905183,1026.3781308917319,865.1862539102488,cam_3_1690313216_14-26-56.jpg
418,372,429.1527926043089,398.38002179601835,839.9765563814481,678.5589400529573,cam_3_1690313216_14-26-56.jpg
418,394,384.68737276951276,346.23036376922516,790.3712666623712,506.2618168299092,cam_3_1690313216_14-26-56.jpg
418,400,1058.3709581896715,274.74731657129337,1396.3083243927404,577.0375863986219,cam_3_1690313216_14-26-56.jpg
418,404,1732.5366754746851,185.75152932503642,1997.8161607199409,350.66046092273245,cam_3_1690313216_14-26-56.jpg
419,115,1447.4772953107204,189.88385692197554,1698.3398316074142,316.232380347078,cam_3_1690313291_14-28-11.jpg
419,282,1572.9085841638155,359.9993965621827,2244.766742538439,776.9669169737213,cam_3_1690313291_14-28-11.jpg
419,289,1165.6817734775855,293.22866667196917,1676.2470247827318,634.0688762051257,cam_3_1690313291_14-28-11.jpg
419,343,417.0119080769301,465.8879694055971,991.6341474966081,854.4481824605564,cam_3_1690313291_14-28-11.jpg
419,372,428.8804653471481,399.36261945959063,796.1875406711679,617.0466834215149,cam_3_1690313291_14-28-11.jpg
419,394,385.3098868089287,346.65938448023115,778.777223025296,498.35024779433365,cam_3_1690313291_14-28-11.jpg
419,400,1033.0066579609475,266.8458654955907,1379.9352203444141,579.6445467597298,cam_3_1690313291_14-28-11.jpg
419,404,1724.7306356153617,187.89538124619008,1987.334990722901,347.11317036257634,cam_3_1690313291_14-28-11.jpg
420,115,1454.2512845645515,192.89136630600603,1698.6054261660581,316.19059024688096,cam_3_1690313351_14-29-11.jpg
420,282,1555.3723834198354,361.2279481432945,2214.739868480051,777.5506189288903,cam_3_1690313351_14-29-11.jpg
420,289,1167.9462672188602,294.8702733421553,1676.10372173601,636.169598480755,cam_3_1690313351_14-29-11.jpg
420,343,418.00691265231904,467.72262716147895,991.3174764472519,861.7928933221748,cam_3_1690313351_14-29-11.jpg
420,366,1005.5714599013793,254.59304522506432,1361.938655737102,561.0335816237518,cam_3_1690313351_14-29-11.jpg
420,372,423.1494699336614,399.5613192609319,785.3143623912663,596.9251400570971,cam_3_1690313351_14-29-11.jpg
420,394,391.58944616933223,342.04231978252506,775.6333654074015,486.25905571287456,cam_3_1690313351_14-29-11.jpg
420,400,1058.3464080429385,272.14013886143545,1396.6956624475392,574.2853853433292,cam_3_1690313351_14-29-11.jpg
420,404,1715.0464670373706,191.40003503951726,1987.8667433749786,353.52015599311756,cam_3_1690313351_14-29-11.jpg
421,115,1444.421591912487,190.151967917225,1702.807859338194,320.7354082230753,cam_3_1690313411_14-30-11.jpg
421,289,1156.614852285512,296.6011870005066,1664.5997424662887,639.188375033285,cam_3_1690313411_14-30-11.jpg
421,343,414.7744792287967,465.69909859879067,995.9272335342382,871.5471850185506,cam_3_1690313411_14-30-11.jpg
421,356,1612.0308502595974,369.00134595895827,2117.9686512137396,785.4815253753908,cam_3_1690313411_14-30-11.jpg
421,366,1048.4292657721526,280.420704172352,1381.0970208117633,570.1851596759393,cam_3_1690313411_14-30-11.jpg
421,372,422.3747154744401,403.86828648216823,789.2175259387591,589.3974507142758,cam_3_1690313411_14-30-11.jpg
421,394,389.73921388944734,343.31079084021815,774.179287251907,484.6932614486454,cam_3_1690313411_14-30-11.jpg
421,400,1085.3826625535644,277.2861918331454,1421.532544558982,575.5016436291667,cam_3_1690313411_14-30-11.jpg
421,404,1729.828632629669,187.71655074053285,2014.8182428063492,352.55239611413856,cam_3_1690313411_14-30-11.jpg
422,287,1442.1529354296085,294.0481995452134,1784.025889500807,573.8442055914236,cam_3_1690313921_14-38-41.jpg
422,289,1132.2812225961416,298.6863382428056,1623.961086991571,638.9664602362409,cam_3_1690313921_14-38-41.jpg
422,343,432.11205070269597,468.1392427654872,1000.6909562742192,872.7266218553718,cam_3_1690313921_14-38-41.jpg
422,354,1620.8842144294297,452.7808949133644,2076.3879766652317,697.5921222778472,cam_3_1690313921_14-38-41.jpg
422,366,980.5350086323238,284.8567992162889,1329.8838272423818,590.106888137482,cam_3_1690313921_14-38-41.jpg
422,368,438.4863555564664,394.81121874022585,879.5018927831866,642.856376745089,cam_3_1690313921_14-38-41.jpg
422,378,374.3558471924062,369.5015897951073,803.5387699768073,565.3151889800317,cam_3_1690313921_14-38-41.jpg
422,404,1704.938234844212,190.20554652759148,1990.0864064376815,355.60064992018295,cam_3_1690313921_14-38-41.jpg
423,287,1424.483790986354,297.50830522594975,1785.2122462152656,586.8951041310438,cam_3_1690313981_14-39-41.jpg
423,289,1139.7608152265716,296.9627094257115,1610.816958608369,630.1905431608121,cam_3_1690313981_14-39-41.jpg
423,320,2162.133547579633,406.3961422415328,2508.7860167851504,614.045146080405,cam_3_1690313981_14-39-41.jpg
423,343,447.3557033718027,467.9997127876706,1003.0664691224845,870.7974492940255,cam_3_1690313981_14-39-41.jpg
423,344,503.7300336940382,1069.7033551688419,1690.124447668559,1787.4492584349152,cam_3_1690313981_14-39-41.jpg
423,354,1622.7161828864664,453.6055250787833,2080.373976161788,699.3273345493117,cam_3_1690313981_14-39-41.jpg
423,366,965.8211166443716,286.0178852432035,1321.9502315847208,595.4395683772125,cam_3_1690313981_14-39-41.jpg
423,368,407.7579715609371,388.0038833341588,870.9521170544157,649.788494556502,cam_3_1690313981_14-39-41.jpg
423,404,1701.7977256630982,189.68884596628317,1979.1812642954233,350.65300136541407,cam_3_1690313981_14-39-41.jpg
424,287,1423.3088604321194,301.6308053320206,1792.3512361664662,592.2376433793031,cam_3_1690313996_14-39-56.jpg
424,289,1164.1997966947147,298.5205899979136,1608.7281458142768,617.7112361437455,cam_3_1690313996_14-39-56.jpg
424,320,2159.3379816955667,404.080338777703,2510.417600670464,613.2381384615426,cam_3_1690313996_14-39-56.jpg
424,343,457.83867412747645,468.0747940250982,999.4310715379349,866.7248324408522,cam_3_1690313996_14-39-56.jpg
424,344,591.4849884134185,1080.8074155634142,1754.3235396184525,1789.552646110173,cam_3_1690313996_14-39-56.jpg
424,354,1619.2311322384005,451.1000190295857,2082.9914891593753,699.8475872077408,cam_3_1690313996_14-39-56.jpg
424,366,963.2843507878583,285.41862189836536,1321.3112482178508,597.4887499230247,cam_3_1690313996_14-39-56.jpg
424,368,413.074808876926,383.6386621598351,889.0778923243583,659.8705783203161,cam_3_1690313996_14-39-56.jpg
424,372,375.70529206593403,362.69862323155735,818.619430602359,587.1214580346274,cam_3_1690313996_14-39-56.jpg
424,404,1705.2442743282518,191.79751818208314,1979.107647766407,351.6362146700895,cam_3_1690313996_14-39-56.jpg
425,287,1413.6956587811899,300.80857297178454,1789.4464797624125,595.8983160196703,cam_3_1690314026_14-40-26.jpg
425,289,1149.8317776797826,296.59515508674406,1598.844708327042,625.5196719881674,cam_3_1690314026_14-40-26.jpg
425,320,2158.4116614829313,406.8284624178461,2512.3175410034187,616.1698819804434,cam_3_1690314026_14-40-26.jpg
425,343,463.4717617745719,471.64467347035054,996.7036809806066,868.2530445972014,cam_3_1690314026_14-40-26.jpg
425,344,617.5972288963422,1079.5735004952253,1773.4026689704951,1783.893867879223,cam_3_1690314026_14-40-26.jpg
425,354,1618.7633053362383,450.65339354141804,2084.1921860644006,700.3509475985085,cam_3_1690314026_14-40-26.jpg
425,366,984.8022071031273,280.61645770854994,1339.2625858120036,591.8621854370194,cam_3_1690314026_14-40-26.jpg
425,368,415.71776734281065,384.83248029016096,879.8217894782792,659.0408187948269,cam_3_1690314026_14-40-26.jpg
425,372,403.3277386837943,348.98171860473445,795.2305856164282,548.0492066361653,cam_3_1690314026_14-40-26.jpg
425,404,1708.444318911551,197.07350042630458,1972.9533603582604,352.48968824196356,cam_3_1690314026_14-40-26.jpg
426,287,1385.3060176491688,300.5315026462416,1777.9554430164715,608.5735462520147,cam_3_1690314176_14-42-56.jpg
426,289,1147.5961871058073,281.686252639474,1559.9529280569818,586.8763602228912,cam_3_1690314176_14-42-56.jpg
426,314,889.4283216416572,321.3773249189127,1196.5604902205528,605.5572691802088,cam_3_1690314176_14-42-56.jpg
426,320,2124.0188548785227,409.31382818435577,2493.8969499783934,620.3843501840504,cam_3_1690314176_14-42-56.jpg
426,344,554.3434355599983,1007.7586712884995,1771.4204747030453,1749.1752413923596,cam_3_1690314176_14-42-56.jpg
426,354,1614.9695604137235,450.62234914885994,2084.5883945158625,702.1767897263142,cam_3_1690314176_14-42-56.jpg
426,367,365.8212844953038,466.57802092325244,1002.6227819951498,850.1923328987293,cam_3_1690314176_14-42-56.jpg
426,368,394.35034065169515,370.9733188550491,843.260698462688,647.456727941036,cam_3_1690314176_14-42-56.jpg
426,372,392.92382283871126,341.60690930133904,785.773703634399,545.2144564912355,cam_3_1690314176_14-42-56.jpg
426,404,1696.2128102248016,193.01796839354063,1964.4889148001964,348.06229465624006,cam_3_1690314176_14-42-56.jpg
427,287,1383.077817047712,306.27729538235315,1776.8962373594954,610.3968701918342,cam_3_1690314221_14-43-41.jpg
427,289,1149.3563861122227,277.23743256708644,1556.0055569953493,580.2672994931136,cam_3_1690314221_14-43-41.jpg
427,314,883.2803941752818,319.5976025980127,1196.816793026589,605.8304339211231,cam_3_1690314221_14-43-41.jpg
427,320,2112.5363510848297,412.03445518713147,2488.119992421987,619.7789062599575,cam_3_1690314221_14-43-41.jpg
427,344,450.316690501145,988.7601530376824,1730.0267683705679,1748.92032456668,cam_3_1690314221_14-43-41.jpg
427,354,1617.2231839112133,447.3387889169591,2091.587210208487,700.7540646013122,cam_3_1690314221_14-43-41.jpg
427,367,352.33900229787326,461.72125864854877,991.4245560169986,844.6464416573363,cam_3_1690314221_14-43-41.jpg
427,368,402.0052104021091,364.61415490111705,831.5013468007937,633.9090979960456,cam_3_1690314221_14-43-41.jpg
427,372,410.3235326803758,346.34667958555605,790.3198213866865,543.1583513746175,cam_3_1690314221_14-43-41.jpg
427,404,1706.4601442058972,192.08953174675713,1969.4966889635375,342.4658411083609,cam_3_1690314221_14-43-41.jpg
428,287,1398.6032200157877,346.3548305942279,1723.2097103215997,585.5383636335227,cam_3_1690314281_14-44-41.jpg
428,289,1218.6824501704637,276.6121611080254,1602.8144742031322,556.3263171570754,cam_3_1690314281_14-44-41.jpg
428,300,1440.9329338697203,390.946394795186,1822.8385674024062,601.1229427428585,cam_3_1690314281_14-44-41.jpg
428,320,2108.267430732324,411.31416923830653,2495.0490103741226,621.9310975978595,cam_3_1690314281_14-44-41.jpg
428,344,395.62460307713286,974.4175870135326,1709.6147296256165,1742.0542539330322,cam_3_1690314281_14-44-41.jpg
428,354,1614.3835434977775,446.1617470250478,2090.966898844962,700.7102609387848,cam_3_1690314281_14-44-41.jpg
428,366,1018.0748788004887,262.06136445410874,1350.2302619940544,563.0671903627738,cam_3_1690314281_14-44-41.jpg
428,367,351.87401740912634,462.5328372456032,1001.126125765395,846.6843850566966,cam_3_1690314281_14-44-41.jpg
428,368,416.6620377100352,360.0293719102823,813.1965859802726,605.9689691885276,cam_3_1690314281_14-44-41.jpg
428,404,1692.3648896032696,191.11068876333684,1966.0590909881,345.5193543323471,cam_3_1690314281_14-44-41.jpg
429,282,1591.3316984090047,438.61405421936325,2012.2708348794542,705.6212690815248,cam_3_1690314341_14-45-41.jpg
429,287,1409.1098781350877,365.56617037022255,1703.935828905975,574.5795021126825,cam_3_1690314341_14-45-41.jpg
429,289,1178.0215267789704,268.54213907300306,1596.128454069763,574.1544062236344,cam_3_1690314341_14-45-41.jpg
429,300,1443.7025069679682,392.6879254364645,1818.77730178964,599.0216392902649,cam_3_1690314341_14-45-41.jpg
429,320,2117.7122621033586,411.2188105699357,2504.7667305364,620.5050752420482,cam_3_1690314341_14-45-41.jpg
429,344,394.0349610625699,967.381966163214,1717.9720633889692,1730.5087209516091,cam_3_1690314341_14-45-41.jpg
429,366,1034.4959111616017,262.3708663121563,1351.699552361106,555.5071163754324,cam_3_1690314341_14-45-41.jpg
429,367,354.1265943050577,469.6110233976792,1006.9169738645851,849.0711915622492,cam_3_1690314341_14-45-41.jpg
429,368,441.1336788896955,366.1501336553739,785.5197571135515,577.4559767499549,cam_3_1690314341_14-45-41.jpg
429,404,1676.9969384061167,190.19455454468516,1964.2851131373643,350.83369540991373,cam_3_1690314341_14-45-41.jpg
430,282,1620.9568819516562,451.2691226030049,2023.006367331422,701.967200511134,cam_3_1690314476_14-47-56.jpg
430,287,1409.8255771529593,371.07944750456323,1699.8643643955277,570.2772792488931,cam_3_1690314476_14-47-56.jpg
430,289,1168.4784230001324,269.35621146723577,1594.6630448167537,581.231247606177,cam_3_1690314476_14-47-56.jpg
430,300,1442.726854783756,393.1619525479681,1816.4002827899783,598.8206353454415,cam_3_1690314476_14-47-56.jpg
430,320,2109.325541497134,411.63405427973316,2501.2669185219647,621.0759235197268,cam_3_1690314476_14-47-56.jpg
430,344,385.51708632828274,965.9655269849809,1719.9279994804688,1729.0474546563082,cam_3_1690314476_14-47-56.jpg
430,366,1068.5888119520835,236.9251425788254,1359.898940106351,510.25486539765114,cam_3_1690314476_14-47-56.jpg
430,367,362.67907932194703,456.83731823019525,982.7718960728291,846.7981085124532,cam_3_1690314476_14-47-56.jpg
430,400,1010.815391058316,222.93926349395952,1245.5872064089613,425.8669914962468,cam_3_1690314476_14-47-56.jpg
430,404,1673.8395138059318,191.1869450096508,1963.9913743491043,351.8468804138323,cam_3_1690314476_14-47-56.jpg
430,415,1877.7412160205042,376.53524746898813,2201.560078510723,513.051366886978,cam_3_1690314476_14-47-56.jpg
431,167,1030.164781501694,222.50933284272892,1307.8703421329005,403.6313969127724,cam_3_1690314491_14-48-11.jpg
431,282,1621.9083432841,455.25377236564503,2022.864421703129,701.5961893127135,cam_3_1690314491_14-48-11.jpg
431,287,1407.1303731384296,373.44072581731496,1699.8661676967358,569.029937391027,cam_3_1690314491_14-48-11.jpg
431,289,1168.424794615779,275.9576367520964,1592.507603979336,585.6769872103273,cam_3_1690314491_14-48-11.jpg
431,300,1442.1138962951186,393.6268296508018,1815.8304802460646,599.7122897506031,cam_3_1690314491_14-48-11.jpg
431,320,2109.4074232666903,412.02242387744207,2504.466086942804,621.6388155281753,cam_3_1690314491_14-48-11.jpg
431,344,355.07994419763656,969.7121344921811,1695.8967103131877,1726.291825789997,cam_3_1690314491_14-48-11.jpg
431,366,1097.6933361665551,231.67079577554205,1356.650538326207,479.0463456250334,cam_3_1690314491_14-48-11.jpg
431,367,379.41824267992155,453.0742548028576,963.0214652207512,845.4650014244645,cam_3_1690314491_14-48-11.jpg
431,404,1671.0423450002268,191.63248805099857,1963.9872313834912,352.30960829100036,cam_3_1690314491_14-48-11.jpg
431,415,1877.2945301171665,378.16628061954424,2203.3134692293693,515.4308466110549,cam_3_1690314491_14-48-11.jpg
432,282,1628.0366955571094,454.28765044284626,2031.4542596168906,701.0092276201981,cam_3_1690314671_14-51-11.jpg
432,287,1404.4991181647554,372.72885608193326,1703.673813294792,568.1611906316062,cam_3_1690314671_14-51-11.jpg
432,289,1178.5958341153114,277.2399404221692,1602.1390514986535,585.4829288560854,cam_3_1690314671_14-51-11.jpg
432,300,1439.6305790720896,392.5349067343937,1817.662062904742,601.7663889375802,cam_3_1690314671_14-51-11.jpg
432,320,2105.927189393851,410.90363332173087,2504.6071686559785,620.5026239122734,cam_3_1690314671_14-51-11.jpg
432,343,446.1362444373611,510.9387850239548,1003.2983953755934,934.5095186090996,cam_3_1690314671_14-51-11.jpg
432,344,397.1984562216302,987.1950254555836,1707.3877212831198,1741.6666352913644,cam_3_1690314671_14-51-11.jpg
432,404,1670.6033725403163,191.99894741507597,1964.9424673958883,352.67445029581194,cam_3_1690314671_14-51-11.jpg
432,415,1878.5085091109868,375.8395152162831,2210.431287534774,515.530960511577,cam_3_1690314671_14-51-11.jpg
433,282,1636.359745389117,447.7921760776223,2058.1418687451414,700.9454548553098,cam_3_1690314731_14-52-11.jpg
433,287,1402.822223120012,370.59800533891644,1710.174776246515,567.3438085682427,cam_3_1690314731_14-52-11.jpg
433,289,1180.7238914566033,273.89406936592076,1604.6126528126417,581.938988953947,cam_3_1690314731_14-52-11.jpg
433,300,1439.9561696414926,391.8992056037712,1819.8244323537033,602.6488185651422,cam_3_1690314731_14-52-11.jpg
433,320,2104.9058378167642,411.79580187498095,2502.435758130572,619.0661947760757,cam_3_1690314731_14-52-11.jpg
433,343,425.5334601058795,509.77938989213885,988.5426559425749,934.8624836588542,cam_3_1690314731_14-52-11.jpg
433,344,436.23717262484365,954.8256144521549,1632.2660147242543,1629.2519656403774,cam_3_1690314731_14-52-11.jpg
433,368,403.3290176315712,352.1995389700243,828.9528898078684,615.9753340140364,cam_3_1690314731_14-52-11.jpg
433,404,1672.3271918650123,191.44045929105266,1965.3079174889442,350.36118779631624,cam_3_1690314731_14-52-11.jpg
433,415,1881.9313402427754,377.84049994088036,2202.985287321263,512.6662121129073,cam_3_1690314731_14-52-11.jpg
434,282,1625.6020352680978,447.7364926900103,2049.5369255474893,701.3330985028742,cam_3_1690315061_14-57-41.jpg
434,287,1396.791079061984,373.9262132439904,1703.3046473305485,566.5194536520269,cam_3_1690315061_14-57-41.jpg
434,289,1256.5500969533744,273.7631626845405,1598.777275936447,517.8892542111595,cam_3_1690315061_14-57-41.jpg
434,300,1441.3451554673725,393.52764911711114,1815.7662846704754,601.4617365707336,cam_3_1690315061_14-57-41.jpg
434,320,2103.1861507169133,410.9310560929328,2504.7112807542294,619.0741970518469,cam_3_1690315061_14-57-41.jpg
434,343,451.1502838749908,507.0246585009613,1025.4186377301858,941.4248507244538,cam_3_1690315061_14-57-41.jpg
434,368,405.1135773338889,372.1054609576664,854.1975745645989,662.1835888721541,cam_3_1690315061_14-57-41.jpg
434,372,384.1530566229287,329.1763811233651,757.5108691182688,519.4950930568399,cam_3_1690315061_14-57-41.jpg
434,386,1122.406574938383,355.53753334156283,1346.4472923538497,667.2213277577487,cam_3_1690315061_14-57-41.jpg
434,404,1677.1911145584197,195.40617192246592,1968.2347647162821,352.6565566284431,cam_3_1690315061_14-57-41.jpg
434,415,1883.928967300118,375.45652285855954,2202.930465014814,509.13565459392856,cam_3_1690315061_14-57-41.jpg
435,212,546.0287414052812,386.14064021443824,890.5178804885302,585.880860110224,cam_3_1690315331_15-02-11.jpg
435,282,1630.9412636471086,452.9971239752852,2045.5888252938921,699.1209842521928,cam_3_1690315331_15-02-11.jpg
435,289,1171.9646101989176,275.62084994436395,1572.7627227038192,564.7668994005535,cam_3_1690315331_15-02-11.jpg
435,320,2104.675528898615,412.04411193813235,2507.808515350032,619.8787926067876,cam_3_1690315331_15-02-11.jpg
435,343,445.5467331968642,486.83057614268256,982.7637887080443,903.7202022780134,cam_3_1690315331_15-02-11.jpg
435,356,1400.9816211105904,298.8311892175773,1787.6412481894213,609.6441755410791,cam_3_1690315331_15-02-11.jpg
435,404,1687.4279862083224,194.26793355465222,1964.3025817010239,342.7441245551797,cam_3_1690315331_15-02-11.jpg
435,415,1877.5285409131975,372.8683320108085,2200.007515485092,507.1372000691282,cam_3_1690315331_15-02-11.jpg
436,212,562.2983015216794,383.57810476807896,882.9723278957711,568.8745052050126,cam_3_1690315346_15-02-26.jpg
436,282,1636.597185176987,454.1975308799189,2054.965193777684,699.6152684285044,cam_3_1690315346_15-02-26.jpg
436,289,1159.239917958166,278.0093149304731,1568.3457039285267,576.263165600229,cam_3_1690315346_15-02-26.jpg
436,320,2103.4929299046885,411.47555696772497,2509.5454201208795,619.5688650348654,cam_3_1690315346_15-02-26.jpg
436,356,1392.538617729299,301.1479868625295,1776.4969611872216,606.300866534533,cam_3_1690315346_15-02-26.jpg
436,367,382.58324441557437,473.52075153947067,915.3639546415745,827.25946141447,cam_3_1690315346_15-02-26.jpg
436,404,1696.3167301715291,194.25248874826568,1965.083314574346,337.7114022674258,cam_3_1690315346_15-02-26.jpg
436,415,1875.5235591356684,375.10021214707143,2195.1170041921428,507.2059914113784,cam_3_1690315346_15-02-26.jpg
437,282,1627.273743140385,457.3822659613627,2042.370654513501,699.8284006211074,cam_3_1690315376_15-02-56.jpg
437,289,1150.5679572926117,279.995527495516,1562.7074311235729,583.7992579198906,cam_3_1690315376_15-02-56.jpg
437,320,2097.9600046496303,411.7224403199342,2507.9205735381724,620.4366516554295,cam_3_1690315376_15-02-56.jpg
437,343,448.13467624205134,473.79388300912825,967.4054148247343,884.7690761100325,cam_3_1690315376_15-02-56.jpg
437,356,1390.2173264374696,302.9158206106473,1776.7554606263,607.1634406367884,cam_3_1690315376_15-02-56.jpg
437,367,420.24811112319946,430.36274708537394,915.7891407419951,768.4817979561446,cam_3_1690315376_15-02-56.jpg
437,404,1699.8084258267513,194.13005190092616,1967.146506724909,336.6509105432882,cam_3_1690315376_15-02-56.jpg
437,415,1874.8459331859278,374.9783643401372,2200.2488960282217,508.86152312249595,cam_3_1690315376_15-02-56.jpg
437,421,493.953713336555,705.4450615499618,1410.3523575876548,1385.4065584492419,cam_3_1690315376_15-02-56.jpg
437,422,1397.658024903002,201.71552077824833,1694.500797730992,312.905963124387,cam_3_1690315376_15-02-56.jpg
438,115,1412.1934409652958,203.00681524291772,1668.8268326743691,328.0478459656384,cam_3_1690315436_15-03-56.jpg
438,282,1632.418127036524,455.1567847053972,2056.3858807928823,700.9643350881584,cam_3_1690315436_15-03-56.jpg
438,289,1163.3405181543121,285.42155811566727,1518.712160549161,545.4177798217431,cam_3_1690315436_15-03-56.jpg
438,320,2107.3401509747373,411.9644425062321,2515.754570204831,619.8583730655992,cam_3_1690315436_15-03-56.jpg
438,343,468.9734438954481,480.6797467378493,952.1246881309999,866.8339298299853,cam_3_1690315436_15-03-56.jpg
438,356,1283.9877546318019,311.1230997973164,1715.513847781781,649.7242521776734,cam_3_1690315436_15-03-56.jpg
438,367,432.68460110582953,414.2949045364654,925.4432552482142,758.4919364130029,cam_3_1690315436_15-03-56.jpg
438,404,1688.3060624677032,194.38663454345962,1967.5539833594116,342.78960430268626,cam_3_1690315436_15-03-56.jpg
438,415,1875.8795032269713,376.77038400981365,2202.6565509204984,510.57877802804023,cam_3_1690315436_15-03-56.jpg
438,421,527.924391544922,719.5381106480438,1410.9448399729501,1373.6199421224876,cam_3_1690315436_15-03-56.jpg
439,115,1410.0932113893698,202.06373868411154,1666.7990714652965,324.3130369741185,cam_3_1690315451_15-04-11.jpg
439,282,1611.3691099179616,459.0397632750981,2023.4148949754806,700.1642428907955,cam_3_1690315451_15-04-11.jpg
439,287,1402.6702252157868,375.5309269041301,1732.8217504658323,577.9053477063242,cam_3_1690315451_15-04-11.jpg
439,289,1207.2397792189577,280.7758591192014,1534.331014492127,508.9825440823121,cam_3_1690315451_15-04-11.jpg
439,314,923.6450034156453,444.3191193444076,1323.0745118676855,794.2720383906983,cam_3_1690315451_15-04-11.jpg
439,320,2106.4969042038183,410.49148556879163,2517.2378707064613,619.128972073082,cam_3_1690315451_15-04-11.jpg
439,343,465.18272122688666,474.66481084326614,950.6177854265277,868.5351379019157,cam_3_1690315451_15-04-11.jpg
439,367,437.6186017330974,412.4313209669408,919.780229671466,756.0063855357166,cam_3_1690315451_15-04-11.jpg
439,404,1680.067819112623,193.98922691023063,1964.4752821935172,343.65968804891406,cam_3_1690315451_15-04-11.jpg
439,415,1865.2499018893645,376.3169710673757,2211.715416762704,518.3483698206774,cam_3_1690315451_15-04-11.jpg
439,421,519.9377965485385,710.725464553992,1417.8507540688547,1377.8972679059966,cam_3_1690315451_15-04-11.jpg
440,115,1403.0149219517302,203.6927866611028,1659.7983208530516,323.88143342038995,cam_3_1690315466_15-04-26.jpg
440,282,1604.9275619683822,462.0335623266702,2010.7067290902007,700.7564732240135,cam_3_1690315466_15-04-26.jpg
440,287,1399.1077049126409,377.1325127578485,1738.0977427355815,580.6158290349126,cam_3_1690315466_15-04-26.jpg
440,320,2104.6932147720354,410.74619512216515,2514.6471580341413,618.1652702185487,cam_3_1690315466_15-04-26.jpg
440,343,470.36490948907357,468.2551150725725,937.3588304491464,853.0589787800667,cam_3_1690315466_15-04-26.jpg
440,356,1197.9780476392614,284.1720597231453,1603.5673092195943,598.2103752597961,cam_3_1690315466_15-04-26.jpg
440,367,431.5292562010736,409.65239237803485,916.0003948013473,760.508090334117,cam_3_1690315466_15-04-26.jpg
440,404,1670.659773066763,194.0096513518552,1960.4705996081302,344.77159619271487,cam_3_1690315466_15-04-26.jpg
440,415,1861.9092295864866,374.80324522707826,2213.7884644188503,519.3207346565008,cam_3_1690315466_15-04-26.jpg
440,421,488.67883291799643,706.6018434043228,1366.8313246438254,1354.7976806467877,cam_3_1690315466_15-04-26.jpg
441,115,1416.358423721448,194.711249491388,1692.5820551554348,327.15119830803485,cam_3_1690315661_15-07-41.jpg
441,300,1393.509813605216,376.95058936460646,1756.1409069627248,574.7552935116312,cam_3_1690315661_15-07-41.jpg
441,320,2105.712541785342,413.0936371111587,2510.2562962867637,616.2574854119298,cam_3_1690315661_15-07-41.jpg
441,343,479.5682778298786,455.55603660768156,931.2186599230158,832.4130427788448,cam_3_1690315661_15-07-41.jpg
441,344,405.65134199683246,710.0210254326362,1388.1472975742176,1262.271281161149,cam_3_1690315661_15-07-41.jpg
441,354,1624.6220492891996,447.4673736358568,2096.238416134513,700.0607518562933,cam_3_1690315661_15-07-41.jpg
441,356,1176.532467086189,275.23967803655773,1581.0141509269845,586.0787318020115,cam_3_1690315661_15-07-41.jpg
441,367,487.54749332985955,476.8716126097372,953.6388001656583,819.147749159757,cam_3_1690315661_15-07-41.jpg
441,404,1675.483934460017,193.63241513993603,1965.6423236320668,344.04504060886825,cam_3_1690315661_15-07-41.jpg
441,415,1871.4261089983515,376.67597447760465,2203.8826164408233,512.2769097818016,cam_3_1690315661_15-07-41.jpg
442,115,1418.8798763303232,192.07735848900063,1697.166867545222,327.6322021482922,cam_3_1690315676_15-07-56.jpg
442,300,1385.4839680506618,374.58658714668786,1757.2022306597207,575.4162300148948,cam_3_1690315676_15-07-56.jpg
442,320,2115.949208306629,413.1147931006285,2526.042209635874,620.0090513148184,cam_3_1690315676_15-07-56.jpg
442,343,464.31207860569543,464.51614908462517,870.1521546672559,782.2141939675146,cam_3_1690315676_15-07-56.jpg
442,344,428.7420060897272,703.5715496989504,1389.3839839761508,1245.2301478807735,cam_3_1690315676_15-07-56.jpg
442,354,1617.160671438116,449.6945209932882,2085.2271818217705,700.8542803939606,cam_3_1690315676_15-07-56.jpg
442,356,1169.6992285923038,267.7406647775593,1580.161259190129,581.2728568169223,cam_3_1690315676_15-07-56.jpg
442,404,1672.9443832614159,193.02532753899152,1967.4145453845917,345.13238761575406,cam_3_1690315676_15-07-56.jpg
442,415,1877.0204161356814,376.39920974176823,2209.951588117532,511.5315343146382,cam_3_1690315676_15-07-56.jpg
442,423,747.7781787855994,609.9077235427114,1023.6919698373777,830.6936256450346,cam_3_1690315676_15-07-56.jpg
443,115,1427.8741689236751,195.61923564718614,1703.3618874345618,330.8892979728554,cam_3_1690315751_15-09-11.jpg
443,289,1242.6669304894338,285.8848650911313,1602.0410606641683,533.3816001820271,cam_3_1690315751_15-09-11.jpg
443,300,1377.1708477020006,375.70166921682284,1749.4326622939466,576.1187732829868,cam_3_1690315751_15-09-11.jpg
443,320,2103.715550004412,414.2354932804399,2515.757454931537,621.0372701658235,cam_3_1690315751_15-09-11.jpg
443,343,449.36995445871673,455.74757275419813,928.355316573735,835.7879302933931,cam_3_1690315751_15-09-11.jpg
443,344,389.5691145511329,740.6529796334177,1628.8560199117637,1484.8320979814625,cam_3_1690315751_15-09-11.jpg
443,354,1599.7744201875662,457.8197983387771,2042.3698540442097,699.8589934518964,cam_3_1690315751_15-09-11.jpg
443,404,1673.8778242962278,191.14427051540144,1969.4637743083515,343.70730274536413,cam_3_1690315751_15-09-11.jpg
443,415,1870.1179232142683,375.4777749899835,2214.306493706527,515.1727342104148,cam_3_1690315751_15-09-11.jpg
443,421,535.9542092047922,702.1076223600176,1347.2780082168424,1305.58895742311,cam_3_1690315751_15-09-11.jpg
444,300,1375.8292267324134,374.93661165936874,1752.0093916222568,576.8177736771843,cam_3_1690315901_15-11-41.jpg
444,320,2107.471118951067,412.5540769235908,2516.264028374745,617.2635405156141,cam_3_1690315901_15-11-41.jpg
444,343,474.2867201384033,453.14028970206925,896.0781200256392,770.5393274063488,cam_3_1690315901_15-11-41.jpg
444,344,415.61943333299143,762.6704760606876,1679.733583156154,1558.3629257546563,cam_3_1690315901_15-11-41.jpg
444,354,1616.9289346312348,456.2182330320364,2061.3439377009827,698.48416688052,cam_3_1690315901_15-11-41.jpg
444,356,1167.3365908716144,274.36454793558494,1575.1843630789253,582.2225387740561,cam_3_1690315901_15-11-41.jpg
444,368,411.7877561983181,525.6523203557257,985.9009003261664,892.3512596525695,cam_3_1690315901_15-11-41.jpg
444,404,1674.5826979217927,195.20694710836688,1972.4290940290061,349.3396411282714,cam_3_1690315901_15-11-41.jpg
444,415,1873.1162078348857,375.1164791293635,2212.9198861697046,512.497518772597,cam_3_1690315901_15-11-41.jpg
444,421,534.3859949600926,693.1221238664792,1365.976792406946,1316.5112908124743,cam_3_1690315901_15-11-41.jpg
445,300,1378.5708309151562,374.80939163139203,1755.4508029714568,575.7374769108841,cam_3_1690316066_15-14-26.jpg
445,320,2107.950351913744,413.58404846540645,2515.022317241781,616.7419550665095,cam_3_1690316066_15-14-26.jpg
445,344,392.6700213955843,765.8287101214826,1611.6783782783823,1543.0042840316114,cam_3_1690316066_15-14-26.jpg
445,354,1616.530584970916,449.5805791539007,2074.679920809809,698.902045785245,cam_3_1690316066_15-14-26.jpg
445,356,1172.8763252757162,273.082845015226,1582.9340926492387,580.7538552879407,cam_3_1690316066_15-14-26.jpg
445,368,410.05037118024666,522.9331887237553,1042.9402335860418,957.3385624263904,cam_3_1690316066_15-14-26.jpg
445,404,1671.427482364239,193.72569996732454,1965.4727512803256,345.0106718096172,cam_3_1690316066_15-14-26.jpg
445,415,1874.2232187102745,376.0219362272552,2210.280932310007,511.5781194788781,cam_3_1690316066_15-14-26.jpg
445,421,641.9969224033969,701.4287603292594,1280.6033190817134,1173.238123085841,cam_3_1690316066_15-14-26.jpg
446,300,1383.4507054678793,377.0269975957606,1758.9762978707795,575.1118714111791,cam_3_1690316171_15-16-11.jpg
446,320,2120.122669941252,414.4656872655282,2520.9060591786683,614.7837915363814,cam_3_1690316171_15-16-11.jpg
446,344,394.1104163558922,774.0008573375503,1584.4748948478427,1540.4080957885258,cam_3_1690316171_15-16-11.jpg
446,354,1619.39940803703,447.99772658811753,2078.2683769123887,697.7261925442167,cam_3_1690316171_15-16-11.jpg
446,356,1153.3627788624453,275.29316633971007,1574.1566598674362,586.6233878821361,cam_3_1690316171_15-16-11.jpg
446,367,533.4577834350978,519.2031707439802,985.1780622612059,858.053993506895,cam_3_1690316171_15-16-11.jpg
446,368,459.47947271004347,581.8763561089663,1096.6994165605183,1039.209825470523,cam_3_1690316171_15-16-11.jpg
446,404,1663.5578485420353,193.7245688567234,1958.207265863206,343.8285384229897,cam_3_1690316171_15-16-11.jpg
446,415,1874.9575933510844,377.0761382344296,2212.0864582383147,512.6347934014175,cam_3_1690316171_15-16-11.jpg
446,421,632.2226195446665,695.299545855552,1275.8542106043853,1161.7352565977317,cam_3_1690316171_15-16-11.jpg
446,429,341.1402190910755,410.44803647902245,1006.3538275621731,707.0438720882166,cam_3_1690316171_15-16-11.jpg
447,300,1381.5853769883638,379.1013634829301,1759.9950890109735,576.5874560636671,cam_3_1690316276_15-17-56.jpg
447,320,2117.7649821250457,413.5569961384092,2523.1582041104634,616.508773011092,cam_3_1690316276_15-17-56.jpg
447,343,492.1167313511104,417.2295815941952,921.3321193739242,735.902519813395,cam_3_1690316276_15-17-56.jpg
447,344,443.3649708901653,779.2058188128746,1640.437247441685,1573.677742167817,cam_3_1690316276_15-17-56.jpg
447,354,1624.2377882439912,448.31449354809575,2079.108774483401,696.0068192324188,cam_3_1690316276_15-17-56.jpg
447,366,1050.1809588259061,313.29999941797024,1343.2941792416784,589.6266357319146,cam_3_1690316276_15-17-56.jpg
447,367,484.2282869264846,515.2891011015593,994.9240431131816,896.5875034437529,cam_3_1690316276_15-17-56.jpg
447,386,1264.708099547183,222.9597946448808,1406.2830349550823,415.69479601538325,cam_3_1690316276_15-17-56.jpg
447,404,1662.0651071210264,195.61283808254183,1959.1651824712364,345.9318362170643,cam_3_1690316276_15-17-56.jpg
447,415,1877.6940766053367,378.14641454676064,2214.762029202187,513.6325333550534,cam_3_1690316276_15-17-56.jpg
447,421,515.8721350812524,696.9858280239832,1382.1898410987874,1338.5103953230132,cam_3_1690316276_15-17-56.jpg
447,431,565.8398882617769,619.6343931541635,1068.9310494399695,1168.8623957217806,cam_3_1690316276_15-17-56.jpg
447,432,1464.762854948333,192.165079232015,1697.2156120012935,354.1620261398263,cam_3_1690316276_15-17-56.jpg
448,115,1413.630814318248,192.5416078259329,1737.8713568981698,354.93844900934494,cam_3_1690316366_15-19-26.jpg
448,300,1386.304051823676,379.95361046345363,1764.442912982785,577.0919368782498,cam_3_1690316366_15-19-26.jpg
448,314,1027.3284739248636,433.40863764206273,1430.429621135888,780.3118191249348,cam_3_1690316366_15-19-26.jpg
448,320,2115.1301600405927,412.521443838899,2524.5386325945356,617.53833199394,cam_3_1690316366_15-19-26.jpg
448,343,488.6931323461422,413.596510349381,935.6603616195462,743.4690999166107,cam_3_1690316366_15-19-26.jpg
448,354,1624.08786314867,450.4534297448722,2073.5986633641705,695.1612154464221,cam_3_1690316366_15-19-26.jpg
448,367,478.8167992483126,537.1653926211466,1037.186101518183,948.61834833848,cam_3_1690316366_15-19-26.jpg
448,386,1221.6613833037109,240.49961963274643,1377.1497600820967,441.88652286204876,cam_3_1690316366_15-19-26.jpg
448,404,1665.948852765664,195.67027551950036,1961.602188509731,344.35228430574864,cam_3_1690316366_15-19-26.jpg
448,415,1873.4244006824167,377.5545195285093,2213.370251003752,514.3287119044135,cam_3_1690316366_15-19-26.jpg
448,421,490.4409579147076,696.894911105797,1422.1735903281606,1398.0026872419799,cam_3_1690316366_15-19-26.jpg
448,431,589.6072818292823,608.527790155594,1101.702463461681,1164.2491886442763,cam_3_1690316366_15-19-26.jpg
449,115,1463.160578105554,187.88881478639098,1756.7244203493437,335.0376057125907,cam_3_1690316501_15-21-41.jpg
449,212,497.19451877402685,417.86049297892293,926.3378455470959,665.1520670966866,cam_3_1690316501_15-21-41.jpg
449,289,1277.529432681425,299.7296658002778,1731.9961527583428,610.2873343224871,cam_3_1690316501_15-21-41.jpg
449,320,2111.2705161778485,413.13928969281454,2521.894945365318,618.7290774573069,cam_3_1690316501_15-21-41.jpg
449,343,517.2571389361294,445.71502308926824,904.4777576365175,715.1748482973653,cam_3_1690316501_15-21-41.jpg
449,344,500.27902440036473,825.3058884974796,1685.2496811513117,1630.0157891823899,cam_3_1690316501_15-21-41.jpg
449,354,1627.9738864751746,449.6447620274389,2078.4754610506848,694.2355538872678,cam_3_1690316501_15-21-41.jpg
449,404,1679.7970403895838,192.78363525871862,1968.9536321128642,337.99409080963676,cam_3_1690316501_15-21-41.jpg
449,415,1870.201840474804,377.1154949370614,2212.001624259375,514.112483050822,cam_3_1690316501_15-21-41.jpg
449,421,527.656138428619,701.074092426645,1330.8851713322479,1289.8718470347858,cam_3_1690316501_15-21-41.jpg
449,429,372.67507413195835,543.1287950370015,1014.3264843239156,830.0622203094143,cam_3_1690316501_15-21-41.jpg
449,431,721.1748954146027,619.6809679680274,1084.6470375009264,992.9340174630511,cam_3_1690316501_15-21-41.jpg
450,115,1473.4733933484986,191.29369200443432,1785.0657384033057,346.9779309048705,cam_3_1690316801_15-26-41.jpg
450,212,423.57711774343596,418.0400173413078,899.7674061334137,662.4471146185743,cam_3_1690316801_15-26-41.jpg
450,289,1332.1693637827625,336.6773694838398,1689.7428397695487,567.6408126723254,cam_3_1690316801_15-26-41.jpg
450,320,2105.1637783777014,413.70348908066137,2520.472745936812,621.532215191622,cam_3_1690316801_15-26-41.jpg
450,344,448.274429314661,766.0578236267363,1622.318173641991,1587.6204883160515,cam_3_1690316801_15-26-41.jpg
450,354,1621.870386069073,450.3001002206858,2074.242828057191,697.1842474850341,cam_3_1690316801_15-26-41.jpg
450,368,458.0153713758258,603.7467411401233,1163.5072650637194,1123.7877403570556,cam_3_1690316801_15-26-41.jpg
450,404,1681.984966510666,194.31440838602379,1971.577816129586,339.8632016886172,cam_3_1690316801_15-26-41.jpg
450,415,1867.3426118477753,374.4030733427745,2209.5834068232157,511.1331788084663,cam_3_1690316801_15-26-41.jpg
450,421,475.5948337550251,670.470349230026,1325.9147368762838,1305.1521454305712,cam_3_1690316801_15-26-41.jpg
450,429,396.59897943999596,552.3483199820879,1063.8996933763124,850.5568167408064,cam_3_1690316801_15-26-41.jpg
450,431,749.6374247375849,601.0246147988789,1029.1275569582695,876.4130780744576,cam_3_1690316801_15-26-41.jpg
451,115,1475.3268023960823,191.03358201217458,1797.0361642312384,352.1815310681227,cam_3_1690316816_15-26-56.jpg
451,300,1343.2922907414504,361.061930595435,1696.5778227086544,543.9898483670149,cam_3_1690316816_15-26-56.jpg
451,320,2121.347013182167,409.0202968331864,2530.1571759027024,615.4642094788514,cam_3_1690316816_15-26-56.jpg
451,343,499.10488425644775,428.64818025548965,913.9483636443044,714.4611160969885,cam_3_1690316816_15-26-56.jpg
451,344,446.7720753145426,753.1635621849647,1566.4250006344619,1550.6547312870734,cam_3_1690316816_15-26-56.jpg
451,354,1630.0385972822658,449.92960742019943,2083.1846493157623,697.6102733625859,cam_3_1690316816_15-26-56.jpg
451,367,545.2995615172028,544.7000753080123,1062.10319285356,920.6812737424736,cam_3_1690316816_15-26-56.jpg
451,368,447.38460455283354,638.8858610762923,1168.4801964447054,1155.8360044523786,cam_3_1690316816_15-26-56.jpg
451,404,1674.7739752390166,194.11169924106855,1971.293680040289,343.4539617148581,cam_3_1690316816_15-26-56.jpg
451,415,1864.910687685265,375.80614010711645,2208.133429016614,512.7640212206741,cam_3_1690316816_15-26-56.jpg
451,429,543.9910333370112,588.062128822002,1142.5896636338894,858.8947695227965,cam_3_1690316816_15-26-56.jpg
451,431,744.9072210738673,550.6762460656123,971.1602474285322,758.6209670899797,cam_3_1690316816_15-26-56.jpg
452,115,1484.2306115079703,190.96575966195257,1806.4807628498759,351.98639317103687,cam_3_1690316846_15-27-26.jpg
452,300,1333.2630521533138,359.1397716644559,1684.1764968484783,539.5212872540377,cam_3_1690316846_15-27-26.jpg
452,320,2111.4436372588643,410.03902800955757,2523.6860225243713,617.8580240450356,cam_3_1690316846_15-27-26.jpg
452,343,455.70383453955395,422.87628245344683,944.0216872418871,763.0469707450006,cam_3_1690316846_15-27-26.jpg
452,344,424.5305989780967,746.49837883364,1537.498963357763,1553.334300067118,cam_3_1690316846_15-27-26.jpg
452,354,1628.5355490177783,448.9680573392849,2082.532515213333,697.6626242419457,cam_3_1690316846_15-27-26.jpg
452,367,533.7596684849452,552.2046633109001,1078.3761849433354,948.4020642788746,cam_3_1690316846_15-27-26.jpg
452,368,462.87321395107745,604.7489938610966,1171.7100960259131,1126.1542794883874,cam_3_1690316846_15-27-26.jpg
452,404,1678.234007265688,192.7171143581177,1971.8284885100993,340.59926916710435,cam_3_1690316846_15-27-26.jpg
452,415,1864.318524540778,374.6777035372919,2211.1266602027445,513.3183199677809,cam_3_1690316846_15-27-26.jpg
452,421,469.0177372375726,655.255994449919,1283.5286275487206,1274.9434283360133,cam_3_1690316846_15-27-26.jpg
452,429,529.2447604101496,556.8969089248278,1107.5824914904802,819.4582873765963,cam_3_1690316846_15-27-26.jpg
452,440,2487.0538380418834,646.622816590339,3715.3583674377637,1430.4588491855602,cam_3_1690316846_15-27-26.jpg
452,441,3190.4799985641803,386.3523695051638,3611.325198912891,863.9164776536795,cam_3_1690316846_15-27-26.jpg
453,115,1487.7665048239705,189.34030243975644,1813.529484452106,351.81839769265764,cam_3_1690316876_15-27-56.jpg
453,300,1335.6924097921874,358.2682011411255,1684.5450262765773,536.3228713414894,cam_3_1690316876_15-27-56.jpg
453,320,2111.1946938753013,410.1353078368926,2522.500063273642,617.4413285449735,cam_3_1690316876_15-27-56.jpg
453,344,434.6448543567725,742.7554302762044,1526.9070393543702,1547.1601275856488,cam_3_1690316876_15-27-56.jpg
453,354,1629.7127742590155,448.887077682178,2079.6454973705704,695.3118826002501,cam_3_1690316876_15-27-56.jpg
453,367,537.0050710917001,596.7498927883898,1056.455742660422,961.1831000396853,cam_3_1690316876_15-27-56.jpg
453,368,475.459485464313,642.3921059754209,1193.795994679219,1169.8408815474809,cam_3_1690316876_15-27-56.jpg
453,404,1680.506288759314,193.20152203071927,1971.1089677733928,339.7852377366879,cam_3_1690316876_15-27-56.jpg
453,415,1864.7698712633696,373.5461298268047,2209.2368051482354,511.09080725027457,cam_3_1690316876_15-27-56.jpg
453,429,598.5583665232082,586.5651945726339,1156.3623613609402,843.3366929403637,cam_3_1690316876_15-27-56.jpg
453,440,2521.878391310487,659.6730313160551,3732.6388723680834,1433.0926247226703,cam_3_1690316876_15-27-56.jpg
454,212,340.8773495520661,415.0410878664994,939.8396504557643,720.4994339322219,cam_3_1690316996_15-29-56.jpg
454,287,1313.9245782514413,349.68156419955113,1558.3480978066202,494.44741698160203,cam_3_1690316996_15-29-56.jpg
454,300,1330.490577401397,360.1128768016157,1673.8593180019654,534.7249296724813,cam_3_1690316996_15-29-56.jpg
454,320,2112.1009217876053,312.6470842676396,2620.682583680623,572.679190199611,cam_3_1690316996_15-29-56.jpg
454,354,1632.63655027146,452.2530022354051,2078.605328559963,695.01431699417,cam_3_1690316996_15-29-56.jpg
454,386,1197.098959796665,241.30026864766393,1375.4852798063384,473.5293791147249,cam_3_1690316996_15-29-56.jpg
480,287,1147.9053409737598,208.5451627600175,1494.1918418530297,421.2841474783084,cam_3_1690319291_16-08-11.jpg
480,289,1667.386906684568,194.8352299942383,1995.1227204386805,414.1043616883585,cam_3_1690319291_16-08-11.jpg
480,344,1429.7771628368248,185.3894660295092,1673.0776991603366,367.22848605037746,cam_3_1690319291_16-08-11.jpg
480,367,615.2364444315817,343.88751828546907,1001.5786319243787,605.0827706917273,cam_3_1690319291_16-08-11.jpg
481,212,372.0014782878502,440.1047980979861,877.4655086690736,695.3803903922908,cam_3_1690319381_16-09-41.jpg
481,287,1118.8690119508606,209.2834546183015,1461.7765259149548,415.32583519672835,cam_3_1690319381_16-09-41.jpg
481,289,1681.0772573079303,182.09516181123436,1985.8535451455498,390.1908750652166,cam_3_1690319381_16-09-41.jpg
481,343,1230.4078480035314,295.9967644319942,1686.5497572383297,614.9039358158584,cam_3_1690319381_16-09-41.jpg
481,368,460.9229271254436,477.2155994537456,989.8249922253873,858.0814016415438,cam_3_1690319381_16-09-41.jpg
481,386,881.1357611108807,320.3256263652088,1083.0440020353547,592.5511423953023,cam_3_1690319381_16-09-41.jpg
482,212,373.8213588527952,402.7508494082987,872.6108546084274,665.1000760963437,cam_3_1690319531_16-12-11.jpg
482,287,1140.8903088207262,218.3440736923725,1475.773044524283,432.7733217278802,cam_3_1690319531_16-12-11.jpg
482,289,1668.8648410353976,181.38098704964256,1965.3069502695118,383.0589718371265,cam_3_1690319531_16-12-11.jpg
482,343,1293.5421893080231,303.2074425269327,1617.4590098642132,506.41638673824025,cam_3_1690319531_16-12-11.jpg
482,368,458.3194346609505,462.89320423755464,975.7675266050692,837.0362764221784,cam_3_1690319531_16-12-11.jpg
482,421,474.13906233831943,515.0235532928234,1079.5908037940665,980.3816046878317,cam_3_1690319531_16-12-11.jpg
482,440,1255.3687200380805,439.686654506832,1751.3045436276689,764.3828917432093,cam_3_1690319531_16-12-11.jpg
482,441,1136.5306145346365,221.79367030493904,1344.7379386472762,449.49081614412967,cam_3_1690319531_16-12-11.jpg
483,289,1679.3684860733797,164.37861065608627,1960.774629967074,351.9832527422906,cam_3_1690319621_16-13-41.jpg
483,300,1282.716163297173,213.69472887093207,1606.8912903277107,379.97033477137643,cam_3_1690319621_16-13-41.jpg
483,344,1582.8259683689073,156.66621409653817,1778.6881355326823,305.8554338434984,cam_3_1690319621_16-13-41.jpg
483,368,435.53379978231203,430.2907705203901,900.5829645707006,770.2080022234045,cam_3_1690319621_16-13-41.jpg
483,421,573.729136528821,665.8615114822901,1135.3681894619217,1004.9638572636278,cam_3_1690319621_16-13-41.jpg
483,440,1239.7282421895452,328.57928318148856,1709.3504893253628,643.0597809832349,cam_3_1690319621_16-13-41.jpg
483,450,2698.0895208377074,520.7847585884183,3954.063099041443,1129.9277650578688,cam_3_1690319621_16-13-41.jpg
483,451,351.89741044875126,358.26170124399476,877.2724035499825,583.6032118897124,cam_3_1690319621_16-13-41.jpg
483,453,1791.906522860837,203.68281703239353,2083.027709982497,397.73473731744053,cam_3_1690319621_16-13-41.jpg
484,289,1681.9086709108992,165.57428206643303,1949.6313897405266,346.5265548682253,cam_3_1690319996_16-19-56.jpg
484,320,1914.4639870236679,183.53430119768498,2325.6824276745983,398.2849168728734,cam_3_1690319996_16-19-56.jpg
484,354,1655.88322741512,462.00465408601235,2091.3501958969505,698.1207695780354,cam_3_1690319996_16-19-56.jpg
484,368,453.6711196243634,430.0754087230887,870.2796406403015,729.7093611118974,cam_3_1690319996_16-19-56.jpg
484,421,466.4336840140948,626.0260617537966,1126.8623310750436,1008.6401116140004,cam_3_1690319996_16-19-56.jpg
484,440,1250.5018145014546,307.6460000332277,1718.4630135557843,624.526779548343,cam_3_1690319996_16-19-56.jpg
484,450,2534.151926298656,585.5223981572663,3805.115495272013,1208.7512278831164,cam_3_1690319996_16-19-56.jpg
484,457,524.629395787399,512.2584329132159,977.3933452184739,821.5187729008436,cam_3_1690319996_16-19-56.jpg
485,212,356.66887675643375,411.5308552745746,901.0638073600057,696.2199782277869,cam_3_1690320221_16-23-41.jpg
485,289,1689.039288121442,164.25908380645419,1960.6612699254993,348.69333274109067,cam_3_1690320221_16-23-41.jpg
485,320,1897.3347214142132,220.07362614241828,2358.388458843777,484.1011854517166,cam_3_1690320221_16-23-41.jpg
485,354,1490.6592215932942,387.68505042585116,2098.5377320170383,741.9696618190962,cam_3_1690320221_16-23-41.jpg
485,368,460.93901351789583,355.068815597137,802.2968486789766,587.6474859548405,cam_3_1690320221_16-23-41.jpg
485,421,533.7816413029475,555.9717717566872,1188.111454292161,973.8576844424681,cam_3_1690320221_16-23-41.jpg
485,440,1245.1934063108326,315.95448338750356,1733.3363174266688,660.4438928948912,cam_3_1690320221_16-23-41.jpg
485,457,479.90770604717414,509.52671536311186,964.4761878175209,840.3707656101269,cam_3_1690320221_16-23-41.jpg
486,212,364.0226090186022,410.91512282083806,913.8915829807815,717.8406153188257,cam_3_1690320446_16-27-26.jpg
486,289,1674.454542176252,163.40769351739527,1952.7450881335158,350.2380279190587,cam_3_1690320446_16-27-26.jpg
486,354,1409.0186071504204,364.2156849139909,2052.348367456645,767.6617883761487,cam_3_1690320446_16-27-26.jpg
486,421,458.7653245262382,550.3257134259393,1189.1818292243784,1037.9177334561919,cam_3_1690320446_16-27-26.jpg
486,457,417.6077219595028,482.59884930039766,913.677612416345,822.6896297715473,cam_3_1690320446_16-27-26.jpg
486,460,1441.1033657766827,190.04490361909473,1705.5112772472612,347.65037275297914,cam_3_1690320446_16-27-26.jpg
487,212,393.03373523364445,402.8585938386999,934.554371435933,713.7517827552861,cam_3_1690320626_16-30-26.jpg
487,289,1666.6065200923365,161.87904042378318,1953.034170278248,351.8352710978053,cam_3_1690320626_16-30-26.jpg
487,354,1378.2635399517592,357.7947805564516,2025.652108124697,787.4389751701644,cam_3_1690320626_16-30-26.jpg
487,421,462.1162143338057,560.271604178366,1185.3017536607886,1054.4399824191473,cam_3_1690320626_16-30-26.jpg
487,457,439.75233455919863,467.23954412302845,924.4607573219001,798.559251409182,cam_3_1690320626_16-30-26.jpg
487,460,1415.959790858962,191.17010433011768,1705.806311396831,365.06019548702903,cam_3_1690320626_16-30-26.jpg
487,464,563.5672548607242,511.7868770411168,1018.985735223165,713.8856838928374,cam_3_1690320626_16-30-26.jpg
488,212,401.48215908625934,400.89190285462155,951.4771655611603,726.3281684248084,cam_3_1690320641_16-30-41.jpg
488,289,1668.9369947456532,160.05855767972363,1959.5051289475439,350.6665506920805,cam_3_1690320641_16-30-41.jpg
488,354,1370.242625893388,355.87671934181077,2003.8502833911612,795.9384179612807,cam_3_1690320641_16-30-41.jpg
488,421,519.4119265968015,566.471336108094,1162.4094952613982,1003.8804200026369,cam_3_1690320641_16-30-41.jpg
488,457,440.502407081123,459.58359492518787,932.1932629982593,794.7162296895392,cam_3_1690320641_16-30-41.jpg
488,460,1417.8342789682008,194.18132365839998,1713.1961102311923,372.59470086023987,cam_3_1690320641_16-30-41.jpg
488,466,1960.0689343900847,363.391596384537,2178.940001101801,488.5511053401738,cam_3_1690320641_16-30-41.jpg
488,467,569.3905356789579,810.5644082394346,1480.7642637279741,1756.035694795844,cam_3_1690320641_16-30-41.jpg
488,468,561.1941849140971,691.0011636366029,1183.73596369071,1255.9132065912886,cam_3_1690320641_16-30-41.jpg
489,212,403.3060807511069,439.50113473647167,948.2408694575142,757.1853990636032,cam_3_1690320716_16-31-56.jpg
489,289,1654.836770592579,163.3381766327641,1944.6957094719328,350.08044633880456,cam_3_1690320716_16-31-56.jpg
489,354,1369.5032463571697,361.53717509788214,1978.2391022820411,797.8231454024088,cam_3_1690320716_16-31-56.jpg
489,421,523.1277446473333,572.5728535294379,1161.1319091840905,1006.3423340317423,cam_3_1690320716_16-31-56.jpg
489,457,572.5736637558468,498.96692434429696,940.3277181754581,745.0584491255379,cam_3_1690320716_16-31-56.jpg
489,460,1410.5534462129315,190.87743775752273,1709.3089165803917,372.92561893740105,cam_3_1690320716_16-31-56.jpg
489,466,1961.697310239088,365.3423754109199,2178.041389554913,487.0926125779705,cam_3_1690320716_16-31-56.jpg
489,467,575.7707969863951,820.9604192292827,1487.709507939399,1774.39818513725,cam_3_1690320716_16-31-56.jpg
489,468,573.4189452169783,692.2130337937391,1162.59955687014,1215.2860569205068,cam_3_1690320716_16-31-56.jpg
489,469,406.3178352821036,525.7179579956647,990.2066106192409,839.0105260592159,cam_3_1690320716_16-31-56.jpg
489,470,1714.8170678634917,482.17358748117925,2257.180766030047,754.581638331447,cam_3_1690320716_16-31-56.jpg
490,212,393.15213286662873,418.1682509543037,962.2486510016556,759.0132749599359,cam_3_1690320746_16-32-26.jpg
490,289,1649.3596705425603,158.59961197599557,1945.1145282776101,345.03466083381386,cam_3_1690320746_16-32-26.jpg
490,354,1370.5866914539247,359.1293961021344,1972.4574890258364,801.5731795178058,cam_3_1690320746_16-32-26.jpg
490,421,494.08464317588897,576.4851473948372,1191.582428422481,1056.9577494761736,cam_3_1690320746_16-32-26.jpg
490,457,611.4722830051536,509.67390155757073,954.700747424503,736.3046238112648,cam_3_1690320746_16-32-26.jpg
490,460,1414.5381537698431,190.90748897506717,1714.472668216672,375.6583816740498,cam_3_1690320746_16-32-26.jpg
490,466,1960.0248775754383,364.7780915841609,2180.7156040623554,486.84080630806443,cam_3_1690320746_16-32-26.jpg
490,467,747.768386012381,809.3127251152289,1528.0123772255665,1641.983782686461,cam_3_1690320746_16-32-26.jpg
490,468,563.4989230914784,700.689943153311,1288.9703932381012,1347.8369008022241,cam_3_1690320746_16-32-26.jpg
490,469,355.29731754625624,470.33010972340713,1035.6078216854899,839.3603339249187,cam_3_1690320746_16-32-26.jpg
490,470,1717.506261554138,481.85076357111393,2255.5956083292012,752.4891780130724,cam_3_1690320746_16-32-26.jpg
491,212,388.218252881959,414.9200314588576,975.4909649313265,775.7732026269708,cam_3_1690320971_16-36-11.jpg
491,289,1650.7658122412315,160.30836700344153,1950.2144333775784,345.06564294506006,cam_3_1690320971_16-36-11.jpg
491,354,1384.1740451042187,359.08045574370226,1961.0964480423568,788.6752087274638,cam_3_1690320971_16-36-11.jpg
491,421,519.3731017477497,584.64476403451,1145.975708543097,1010.3716691451818,cam_3_1690320971_16-36-11.jpg
491,460,1410.2616347296582,195.38964682741056,1680.9992443223157,365.054192382078,cam_3_1690320971_16-36-11.jpg
491,466,1961.8481383869118,365.9382237161856,2181.7085881922576,485.21719535505747,cam_3_1690320971_16-36-11.jpg
491,467,583.1230669493787,899.828803092855,1464.1870608152522,1825.8594987578388,cam_3_1690320971_16-36-11.jpg
491,468,565.6439551393123,702.1669811076781,1247.9540206082897,1295.9319413837802,cam_3_1690320971_16-36-11.jpg
491,470,1716.8712367330018,483.520281728114,2251.1857259196768,752.6432859160032,cam_3_1690320971_16-36-11.jpg
492,212,398.5425781049506,409.1300617910686,966.9803435881239,763.7321473463571,cam_3_1690321001_16-36-41.jpg
492,289,1645.3762074427395,161.50554004411703,1949.4379902992246,344.56509879864007,cam_3_1690321001_16-36-41.jpg
492,354,1383.3283448860082,363.7444496631838,1946.9020623359393,789.0450192533258,cam_3_1690321001_16-36-41.jpg
492,421,641.9412665897855,562.4519723114083,1216.2665997192205,940.8526539855526,cam_3_1690321001_16-36-41.jpg
492,460,1422.6048363531647,192.308825933214,1684.5905947329516,358.6768505102398,cam_3_1690321001_16-36-41.jpg
492,466,1956.2112113030867,364.82968699972315,2184.469655702793,486.39113062830586,cam_3_1690321001_16-36-41.jpg
492,467,579.1371954178935,928.3488076832801,1501.609418517753,1887.7764550533998,cam_3_1690321001_16-36-41.jpg
492,468,603.6367474234728,721.212354876025,1298.0817595385595,1319.691279700764,cam_3_1690321001_16-36-41.jpg
492,470,1717.5094194247874,485.49647520592487,2248.6078968981196,753.3800245350828,cam_3_1690321001_16-36-41.jpg
492,471,484.66473034603825,473.55118950009904,931.8584673909372,843.101168145573,cam_3_1690321001_16-36-41.jpg
493,212,387.2918810323287,435.920206642524,963.1675827898321,791.4758686960947,cam_3_1690321271_16-41-11.jpg
493,289,1645.1641768043148,162.78999071832396,1965.9994232678846,357.82697473468113,cam_3_1690321271_16-41-11.jpg
493,354,1443.2673747081683,381.93418258587224,1851.508568636615,677.1018460089431,cam_3_1690321271_16-41-11.jpg
493,421,646.6299502647212,550.9624222899615,1230.690257485623,934.4410209663686,cam_3_1690321271_16-41-11.jpg
493,440,1220.110778893472,195.47591047441054,1513.7886765224832,399.47446994113284,cam_3_1690321271_16-41-11.jpg
493,464,379.9559991630107,385.5546101194523,910.4704126394792,622.1204330193125,cam_3_1690321271_16-41-11.jpg
493,466,1948.8787205746637,366.5539362434097,2189.2693442590717,491.8949039988945,cam_3_1690321271_16-41-11.jpg
493,467,663.9836874374791,937.5486006442163,1557.936808554527,1844.7197616848382,cam_3_1690321271_16-41-11.jpg
493,468,613.1091985912494,758.3970520512742,1366.7655978191274,1404.044803016126,cam_3_1690321271_16-41-11.jpg
493,470,1714.0303461650503,483.6120775719518,2261.3349130269935,760.2530197652445,cam_3_1690321271_16-41-11.jpg
493,472,1335.121789318559,355.6408852991942,1637.72170728415,527.3219938323687,cam_3_1690321271_16-41-11.jpg
494,212,383.6757358693988,443.5607436795337,981.6655283621615,815.3131234552297,cam_3_1690321451_16-44-11.jpg
494,289,1645.9442369719532,162.99612544580162,1970.190459837035,362.81347034437044,cam_3_1690321451_16-44-11.jpg
494,354,1466.0611283590083,387.9326755931141,1809.2630506674047,627.177576370706,cam_3_1690321451_16-44-11.jpg
494,421,556.6494317244241,547.5973716058948,1138.4319166443006,926.6245380796784,cam_3_1690321451_16-44-11.jpg
494,464,369.2939771653373,381.30552731695707,892.219954277062,613.8252031606082,cam_3_1690321451_16-44-11.jpg
494,466,1945.7962587634127,365.3976336115938,2190.6090442475406,490.32103939592304,cam_3_1690321451_16-44-11.jpg
494,467,663.9557061580501,933.3066812745365,1563.6334747973829,1812.3717302372588,cam_3_1690321451_16-44-11.jpg
494,468,761.8993868344514,823.7340514962611,1400.6979340670746,1352.5328517166977,cam_3_1690321451_16-44-11.jpg
494,470,1715.6408988027456,484.03733522917884,2253.4981538475686,756.2558208809185,cam_3_1690321451_16-44-11.jpg
494,472,1337.331950401575,358.7737875596956,1634.1775486257698,526.7867373898994,cam_3_1690321451_16-44-11.jpg
495,289,1651.6401381069445,163.67859750944984,1972.603996356379,363.5403710169338,cam_3_1690321466_16-44-26.jpg
495,354,1473.7132332928718,391.00784813124704,1807.9497687255632,616.5605165605454,cam_3_1690321466_16-44-26.jpg
495,367,452.85676738579934,376.0157696996672,828.7416610057749,616.9312080122609,cam_3_1690321466_16-44-26.jpg
495,421,534.9894907555899,549.9673511074739,1077.865962837367,895.6701236513629,cam_3_1690321466_16-44-26.jpg
495,451,487.9969007000343,335.45420304178197,819.3261565665509,477.82182041445117,cam_3_1690321466_16-44-26.jpg
495,466,1940.9656277850754,366.64801829904604,2189.615829252636,490.8568375277769,cam_3_1690321466_16-44-26.jpg
495,467,670.0841080903988,930.1324924774126,1588.8251165368074,1800.3565387321828,cam_3_1690321466_16-44-26.jpg
495,468,640.8850365403089,851.4983084424523,1331.1100873012597,1393.1497122859064,cam_3_1690321466_16-44-26.jpg
495,469,365.929219983664,440.0195015513833,963.7119119938733,761.8166566314375,cam_3_1690321466_16-44-26.jpg
495,470,1718.2347253838757,484.9801907840397,2251.323812942133,755.271830388529,cam_3_1690321466_16-44-26.jpg
495,472,1335.8749053151748,360.16946032492365,1632.558814349633,527.7477905419651,cam_3_1690321466_16-44-26.jpg
495,475,1385.361308681291,379.0261927612979,1716.6524311113587,570.7568821054119,cam_3_1690321466_16-44-26.jpg
496,289,1648.5957342115466,162.7889305179384,1970.300017281455,365.3564040054142,cam_3_1690321481_16-44-41.jpg
496,354,1472.9971992874011,391.36456851486344,1809.9981570970258,612.8646361161353,cam_3_1690321481_16-44-41.jpg
496,367,424.6050277189428,352.0165128376642,789.3903919393258,562.8218459221328,cam_3_1690321481_16-44-41.jpg
496,421,529.7490510230634,549.7256922264701,1068.9437029504875,885.7756928018401,cam_3_1690321481_16-44-41.jpg
496,464,361.10173307886214,376.477301574403,877.9764252234392,607.4252865890201,cam_3_1690321481_16-44-41.jpg
496,466,1934.3558039073644,365.6312971004265,2193.309506233195,492.572859381395,cam_3_1690321481_16-44-41.jpg
496,467,702.5376256680313,934.3858522973323,1687.9572095577528,1862.4482296799943,cam_3_1690321481_16-44-41.jpg
496,468,614.7884426210214,862.3790895213887,1471.9638330550913,1537.3319521897379,cam_3_1690321481_16-44-41.jpg
496,469,377.8437237828462,442.48849698622007,957.3830098961109,751.3635743242316,cam_3_1690321481_16-44-41.jpg
496,470,1721.5980381360184,488.805373490776,2245.8791537486336,754.4613011943945,cam_3_1690321481_16-44-41.jpg
496,472,1337.1236883039105,359.38900086481243,1635.8298197601289,527.7997060601397,cam_3_1690321481_16-44-41.jpg
496,475,1390.3947406844638,376.8685710953107,1716.8003697758677,565.9113096466277,cam_3_1690321481_16-44-41.jpg
496,476,449.4723892781104,729.0433754096384,1241.362741217782,1079.0859531857664,cam_3_1690321481_16-44-41.jpg
497,212,418.03373027577175,449.45496021108875,1020.9937122481616,824.5944686595619,cam_3_1690321601_16-46-41.jpg
497,320,1650.9145589113805,451.2640465879213,2057.6475095003984,685.21200487959,cam_3_1690321601_16-46-41.jpg
497,354,1469.4008461675357,399.8285679054854,1793.7422492735886,607.4057853302595,cam_3_1690321601_16-46-41.jpg
497,451,482.8087767812549,335.09625021911415,820.6078115206508,481.98828435194906,cam_3_1690321601_16-46-41.jpg
497,453,1641.2588530772846,160.9692353594977,1967.244264533516,383.36023284257874,cam_3_1690321601_16-46-41.jpg
497,466,1933.9610045503227,366.05222546400495,2191.4296476313407,489.8295470642614,cam_3_1690321601_16-46-41.jpg
497,468,659.7508931306936,823.9624232349374,1405.93203548239,1414.2332544322971,cam_3_1690321601_16-46-41.jpg
497,469,392.2028412080547,400.70707237625027,938.3985131920772,696.7074082493359,cam_3_1690321601_16-46-41.jpg
497,470,1720.1564682132475,482.5071043294022,2255.378672409827,754.7740656742801,cam_3_1690321601_16-46-41.jpg
497,471,476.4920190100317,337.96821173650517,794.7815454120157,598.7894859966211,cam_3_1690321601_16-46-41.jpg
497,472,1333.97373102733,361.43801796229565,1628.7460774269648,527.3895126216682,cam_3_1690321601_16-46-41.jpg
497,475,1386.4046590205587,381.74702329012007,1717.2869200198702,573.7241007625361,cam_3_1690321601_16-46-41.jpg
498,212,411.286177328824,450.588092198796,1002.0832854217248,811.9557722010679,cam_3_1690321811_16-50-11.jpg
498,320,1648.085846243253,463.0955607582522,2058.697775960804,696.378219905667,cam_3_1690321811_16-50-11.jpg
498,453,1657.0889187608132,161.6405911641794,1960.3135238140126,368.8961580496979,cam_3_1690321811_16-50-11.jpg
498,460,1448.6683493696949,194.0570175292462,1697.4551912035786,350.60700441819745,cam_3_1690321811_16-50-11.jpg
498,466,1937.052826216218,366.8633259496013,2198.379686545517,490.9350585172341,cam_3_1690321811_16-50-11.jpg
498,468,573.2764854905586,700.2267483214334,1315.0467344235346,1296.8229821347368,cam_3_1690321811_16-50-11.jpg
498,469,379.20558597360304,391.8138782120367,901.9931264317518,677.7444798184821,cam_3_1690321811_16-50-11.jpg
498,470,1716.6926402150964,483.6565434601758,2250.8548447501375,755.8669687540439,cam_3_1690321811_16-50-11.jpg
498,475,1313.5720708310753,348.91534651272605,1864.7328896933213,672.4049222226413,cam_3_1690321811_16-50-11.jpg
499,212,404.0925039719175,442.8116179071625,974.6392245558911,785.0846059096573,cam_3_1690322111_16-55-11.jpg
499,320,1646.1777125897993,470.85653129667395,2056.2129301370323,701.4032513139301,cam_3_1690322111_16-55-11.jpg
499,343,1825.8629724174325,192.95925512191394,2120.9170332869635,376.15085182773987,cam_3_1690322111_16-55-11.jpg
499,453,1656.380656607073,164.10702830245503,1947.3820264453555,353.0092721783194,cam_3_1690322111_16-55-11.jpg
499,466,1944.7200872321123,371.43111198015487,2201.9551045389376,491.65278469059916,cam_3_1690322111_16-55-11.jpg
499,468,475.9752023658621,652.1943903966151,1221.7323706588986,1248.4844716901653,cam_3_1690322111_16-55-11.jpg
499,469,382.18136060316044,387.3559446167205,865.2483322683181,650.2368944530429,cam_3_1690322111_16-55-11.jpg
499,470,1719.2565266057122,485.5220738681934,2249.645169426125,756.1393925507361,cam_3_1690322111_16-55-11.jpg
499,475,1317.4011331933416,339.678687620934,1926.3239497332804,701.3070704839654,cam_3_1690322111_16-55-11.jpg
500,212,400.4099468343782,442.05809706407774,1030.5742725930997,830.1370723533091,cam_3_1690322126_16-55-26.jpg
500,320,1645.1551915359507,472.57548052414984,2057.65349961048,703.0175499245247,cam_3_1690322126_16-55-26.jpg
500,343,1848.5856006928457,190.509157703504,2140.4991853397332,372.69445775652036,cam_3_1690322126_16-55-26.jpg
500,453,1651.4453199681718,165.91742102528457,1946.9769298003548,351.25877827525426,cam_3_1690322126_16-55-26.jpg
500,466,1939.4907541888556,369.1619399593251,2202.2523357861405,490.1404464175318,cam_3_1690322126_16-55-26.jpg
500,468,477.203134742498,645.0483842562996,1256.1673242684476,1281.9980928229625,cam_3_1690322126_16-55-26.jpg
500,469,378.8204072113479,383.1142428275136,904.5340973046002,676.4036921226655,cam_3_1690322126_16-55-26.jpg
500,470,1722.508136707706,485.79399979863933,2250.2090732987645,755.4366088858849,cam_3_1690322126_16-55-26.jpg
500,475,1296.353598473368,331.13999596239404,1929.538668475328,714.3518341474764,cam_3_1690322126_16-55-26.jpg
501,212,393.8728471067135,444.99884371855853,985.3744187612982,802.1884207657318,cam_3_1690322141_16-55-41.jpg
501,320,1644.470696640561,469.02574962100573,2060.6033071382544,700.8896698272091,cam_3_1690322141_16-55-41.jpg
501,343,1848.542524800143,186.84000423547212,2148.6427832013715,376.5012577762566,cam_3_1690322141_16-55-41.jpg
501,354,1411.0921576146459,382.60153779658486,1708.6190547699402,570.7176853141547,cam_3_1690322141_16-55-41.jpg
501,453,1630.311612732485,165.081281808813,1949.3390332246931,360.7408781347452,cam_3_1690322141_16-55-41.jpg
501,466,1939.0495541050643,369.75723023278806,2205.5183581951424,491.00336427369433,cam_3_1690322141_16-55-41.jpg
501,468,436.16380807373116,639.8267757725773,1184.784857842525,1244.4562883053363,cam_3_1690322141_16-55-41.jpg
501,469,418.82036364554585,381.8220290741691,881.6441347373595,641.7587899082387,cam_3_1690322141_16-55-41.jpg
501,470,1724.7993482260908,489.53066891244924,2244.852138118923,755.3505699777097,cam_3_1690322141_16-55-41.jpg
501,472,1337.9151596377965,364.22541878351103,1625.8859090836645,525.5167376716204,cam_3_1690322141_16-55-41.jpg
501,475,1439.521334040916,382.9203289937542,1935.746615555672,682.2543344811442,cam_3_1690322141_16-55-41.jpg
501,479,2399.101507262308,262.51790835663894,2836.117276603096,568.0402059861165,cam_3_1690322141_16-55-41.jpg
502,212,379.78011323594075,441.5476187011079,970.9598458907612,793.9946623306848,cam_3_1690322171_16-56-11.jpg
502,289,1668.384008528866,158.2054272170958,1996.389969755121,363.4208652913966,cam_3_1690322171_16-56-11.jpg
502,320,1645.0218609922688,465.79864121228474,2065.895281097705,700.06245870977,cam_3_1690322171_16-56-11.jpg
502,343,1846.2120150378307,190.04220311017846,2151.3961800944335,377.4794195967487,cam_3_1690322171_16-56-11.jpg
502,354,1403.161857620539,380.3812359164654,1699.9034086170693,566.3645868341713,cam_3_1690322171_16-56-11.jpg
502,466,1951.7162017712867,370.0689747153106,2218.6914113686657,491.5132360725312,cam_3_1690322171_16-56-11.jpg
502,468,461.7978806833606,637.6690468008582,1230.1615644337978,1269.0831589396726,cam_3_1690322171_16-56-11.jpg
502,469,407.74248371439614,380.8558298024553,840.7875501654539,620.6202648381734,cam_3_1690322171_16-56-11.jpg
502,470,1723.3404843349656,488.5113977474148,2243.9107066370198,755.2389194311206,cam_3_1690322171_16-56-11.jpg
502,472,1337.5498721161036,362.14387717563864,1629.7408917477494,525.0994674572913,cam_3_1690322171_16-56-11.jpg
502,475,1505.9532779563367,408.4309024634111,1929.4063766765953,662.9446886368567,cam_3_1690322171_16-56-11.jpg
502,479,2229.492984003856,264.6507561878793,2633.90498358454,546.5167640569732,cam_3_1690322171_16-56-11.jpg
503,212,376.7880364433437,440.53977021878273,967.8337080439836,787.741178262871,cam_3_1690322246_16-57-26.jpg
503,289,1642.4742683597442,165.91074540192173,1971.9352289477647,365.464886537212,cam_3_1690322246_16-57-26.jpg
503,320,1641.9815540344302,463.5288148298989,2063.673462008982,698.8328796326739,cam_3_1690322246_16-57-26.jpg
503,354,1402.2113315560232,379.3342561630153,1701.241616952426,565.471441556042,cam_3_1690322246_16-57-26.jpg
503,421,431.3998000417756,389.9443046848841,867.4335508484487,663.468212563328,cam_3_1690322246_16-57-26.jpg
503,451,515.6789916462714,378.96141762318376,852.2793637256757,525.4752255220731,cam_3_1690322246_16-57-26.jpg
503,466,1943.0602229471394,367.1324816861194,2200.865771190889,482.8307917117719,cam_3_1690322246_16-57-26.jpg
503,468,447.6929677552655,635.3701619023095,1200.626840673646,1250.1540608063792,cam_3_1690322246_16-57-26.jpg
503,470,1723.2277492465166,486.2189362386149,2246.528231462847,754.4658364179712,cam_3_1690322246_16-57-26.jpg
503,472,1334.5962683483083,363.4386231917246,1627.2757431346367,526.0940253853872,cam_3_1690322246_16-57-26.jpg
503,475,1524.5156211696237,416.9390361974221,1924.907676627371,656.4105901560935,cam_3_1690322246_16-57-26.jpg
503,479,2201.255530504386,260.9024699506839,2600.7067407667105,536.9507764284605,cam_3_1690322246_16-57-26.jpg
503,480,1443.3380561165986,402.22455363673447,1815.1981623432077,604.6966718402496,cam_3_1690322246_16-57-26.jpg
504,212,397.2070613989131,438.91566417315886,1031.4634376744843,820.7083528781106,cam_3_1690322261_16-57-41.jpg
504,289,1635.6263368549933,163.19353384449872,1974.7455763865755,365.95599063174313,cam_3_1690322261_16-57-41.jpg
504,320,1647.2391739264121,464.7045982893262,2071.6746411584963,699.7125823035981,cam_3_1690322261_16-57-41.jpg
504,354,1401.6051546894294,378.3016045417158,1707.413689884255,567.0482866891034,cam_3_1690322261_16-57-41.jpg
504,421,424.09574289032815,393.1878631929502,880.664817292452,685.180165011549,cam_3_1690322261_16-57-41.jpg
504,466,1934.323553432578,366.11855241828283,2204.539570080362,486.1635383913375,cam_3_1690322261_16-57-41.jpg
504,468,438.3175733973819,639.6872185865783,1165.0958871094617,1228.9419088393488,cam_3_1690322261_16-57-41.jpg
504,469,384.7610924169709,380.20148380960774,836.8795352091403,628.3732386901096,cam_3_1690322261_16-57-41.jpg
504,470,1725.1951217274566,487.01635612650796,2247.9963170794067,754.9521600296057,cam_3_1690322261_16-57-41.jpg
504,472,1334.8995428196033,364.46013309709275,1629.4203896773288,527.4676034472261,cam_3_1690322261_16-57-41.jpg
504,475,1530.5942887758338,420.09036152210774,1923.0907202069031,654.3122445435024,cam_3_1690322261_16-57-41.jpg
504,479,2213.7037423973943,253.7288006390894,2628.033096547216,538.4877448881708,cam_3_1690322261_16-57-41.jpg
504,480,1447.95120840109,405.14113408491625,1822.869889628339,609.2589163645947,cam_3_1690322261_16-57-41.jpg
505,289,1643.5460908694554,169.2543913861853,1972.839987945657,366.8459699738745,cam_3_1690322411_17-00-11.jpg
505,320,1642.8182750659598,458.2177087819615,2074.859288344367,698.0958865747708,cam_3_1690322411_17-00-11.jpg
505,421,446.6477616491966,386.3050531592494,887.135147633074,687.8979662712384,cam_3_1690322411_17-00-11.jpg
505,460,1507.149154911624,177.25515960363998,1747.3449671210203,328.2437471101319,cam_3_1690322411_17-00-11.jpg
505,466,1928.3702829753952,364.8368872954605,2215.2241058111854,491.5084301092047,cam_3_1690322411_17-00-11.jpg
505,470,1737.7745936087276,470.1584504803043,2221.7406112804833,715.0202458527242,cam_3_1690322411_17-00-11.jpg
505,475,1531.5452947431245,423.11249901945126,1923.3206473403427,655.0081742799789,cam_3_1690322411_17-00-11.jpg
506,289,1639.3714130396145,167.40794746423046,1975.471643349383,368.93454464042236,cam_3_1690322501_17-01-41.jpg
506,300,1426.622393052988,169.13988753078536,1718.1817984159936,326.158167664786,cam_3_1690322501_17-01-41.jpg
506,320,1646.1620957089751,460.7587508125097,2075.1457543815286,697.9781175821448,cam_3_1690322501_17-01-41.jpg
506,354,1395.5547453047702,378.19715215583557,1694.029379845178,562.0693911419471,cam_3_1690322501_17-01-41.jpg
506,421,436.743175457939,397.03031534498325,903.0256488769294,725.3625565821226,cam_3_1690322501_17-01-41.jpg
506,466,1928.6045003480615,368.56327934422734,2213.899971921178,493.65508583980704,cam_3_1690322501_17-01-41.jpg
506,470,1730.5727675816406,482.3522666051259,2245.6738283647574,742.7302961242973,cam_3_1690322501_17-01-41.jpg
506,475,1537.156897808422,423.6920303246404,1924.6938998382764,651.7593263986694,cam_3_1690322501_17-01-41.jpg
506,480,1442.1845566041052,402.8875426390494,1820.324841289575,609.0552332114103,cam_3_1690322501_17-01-41.jpg
507,289,1656.3449898353297,171.4539974651442,1967.7869044375843,357.8533322163753,cam_3_1690322516_17-01-56.jpg
507,300,1442.060960187985,169.66119768753225,1711.7899789258222,316.10501385793486,cam_3_1690322516_17-01-56.jpg
507,320,1646.905773253123,459.44952535360653,2080.511233272792,698.7561757690592,cam_3_1690322516_17-01-56.jpg
507,354,1257.5605367843173,321.76854775771733,1719.9888932134297,614.265971714005,cam_3_1690322516_17-01-56.jpg
507,386,1049.9597857556028,357.40927828214717,1273.1417875082857,672.8100034898746,cam_3_1690322516_17-01-56.jpg
507,421,412.2177024450102,400.6695856674483,875.8414653973969,727.9714724550859,cam_3_1690322516_17-01-56.jpg
507,466,1929.216358784355,370.2895323735692,2211.24392409947,492.787680746176,cam_3_1690322516_17-01-56.jpg
507,467,922.8235651076888,1394.9639157363833,2279.629361091064,2640.1448682945884,cam_3_1690322516_17-01-56.jpg
507,470,1725.6114402069184,484.8809737817842,2252.584498403511,751.732605151258,cam_3_1690322516_17-01-56.jpg
507,475,1538.3333748238058,422.0811446052562,1927.2391251705806,650.4028330965975,cam_3_1690322516_17-01-56.jpg
507,480,1441.3732388377618,402.49273790071993,1821.495705793252,609.419323894406,cam_3_1690322516_17-01-56.jpg
507,484,1741.273151028481,211.06256874603093,2088.3857233600706,387.02958292723736,cam_3_1690322516_17-01-56.jpg
508,287,1323.1124951286383,322.8947922719624,1691.4766704991155,561.9630589299662,cam_3_1690322561_17-02-41.jpg
508,289,1645.4745691877026,161.35049929635062,1976.8296279075557,361.4660852563667,cam_3_1690322561_17-02-41.jpg
508,320,1647.9677441266408,459.2102066036073,2078.660461606637,696.6531145254839,cam_3_1690322561_17-02-41.jpg
508,386,1066.2652401083496,362.1665993060176,1295.2794302778386,674.469390586331,cam_3_1690322561_17-02-41.jpg
508,421,403.60112999314396,406.8621807203826,862.6637192948695,728.5620062098849,cam_3_1690322561_17-02-41.jpg
508,440,1066.2686576023896,225.6211736955139,1331.9360129375937,409.7943878510538,cam_3_1690322561_17-02-41.jpg
508,466,1932.8414001064957,370.4673058888925,2211.948914039187,490.9876825934142,cam_3_1690322561_17-02-41.jpg
508,470,1724.3453638879973,484.36080987613684,2257.351747599947,754.8572067941221,cam_3_1690322561_17-02-41.jpg
508,475,1542.4138847956272,421.05901629814844,1931.79350235571,649.1151702531149,cam_3_1690322561_17-02-41.jpg
508,480,1440.4164570049754,401.4565209686692,1822.0578361317723,608.9824632562849,cam_3_1690322561_17-02-41.jpg
508,484,1736.9682662403538,210.24538316638512,2091.2151759233957,390.67219095457517,cam_3_1690322561_17-02-41.jpg
508,490,2734.102107801826,539.4202038079609,3787.052696738457,1079.4159765659201,cam_3_1690322561_17-02-41.jpg
509,287,1371.7789264204046,366.84433052728525,1694.505391214696,568.4615605467698,cam_3_1690322606_17-03-26.jpg
509,289,1645.107350341888,162.99433630223842,1969.9590269196922,363.04584225961423,cam_3_1690322606_17-03-26.jpg
509,300,1455.8422908913371,189.69023084580607,1736.5879410970474,345.3936790638604,cam_3_1690322606_17-03-26.jpg
509,320,1645.0564912017037,458.8672418621479,2074.6908280159364,696.0133624888074,cam_3_1690322606_17-03-26.jpg
509,386,1081.1684071920354,360.9106515392401,1315.48346092827,674.9520745304969,cam_3_1690322606_17-03-26.jpg
509,421,413.437122384378,407.64112653724135,908.686146311047,763.2907489292048,cam_3_1690322606_17-03-26.jpg
509,440,1066.9581262437737,224.97960869663677,1324.7872991932893,403.15904740009944,cam_3_1690322606_17-03-26.jpg
509,466,1932.592708978082,371.33289820529285,2213.0955146775245,491.8421009067438,cam_3_1690322606_17-03-26.jpg
509,470,1723.553198573934,484.23450037763337,2255.2550121505533,754.2564223359768,cam_3_1690322606_17-03-26.jpg
509,472,1331.0852142839033,361.2202171967961,1613.49767450711,517.6029800793061,cam_3_1690322606_17-03-26.jpg
509,475,1537.666245072237,421.3975273431216,1927.495600367288,648.907033335525,cam_3_1690322606_17-03-26.jpg
509,480,1434.1751449661751,399.17566258365014,1821.7386051088795,609.9933351148561,cam_3_1690322606_17-03-26.jpg
509,484,1737.101186213562,209.95238626758305,2087.849792998205,389.1086994467297,cam_3_1690322606_17-03-26.jpg
510,287,1376.5847708580295,382.5192007766967,1686.6828867238169,570.4636987085408,cam_3_1690322741_17-05-41.jpg
510,289,1637.8770775854955,158.8940758754939,1980.9573180132077,373.8846759333016,cam_3_1690322741_17-05-41.jpg
510,320,1644.3711354699153,457.8893987734862,2073.509920617691,694.683894183383,cam_3_1690322741_17-05-41.jpg
510,386,1104.7494743447464,313.5623560798581,1323.3758061432277,610.3562188255148,cam_3_1690322741_17-05-41.jpg
510,421,424.15665483413716,407.59386582646005,911.8504830941557,758.1676228434965,cam_3_1690322741_17-05-41.jpg
510,440,1074.2514938822735,223.00958925766636,1325.0720831465558,395.43693099173606,cam_3_1690322741_17-05-41.jpg
510,466,1935.0480248060908,371.9290132162011,2217.4287389261012,492.789786107111,cam_3_1690322741_17-05-41.jpg
510,468,543.4226422509832,756.3891534622093,1200.12941646528,1277.6319658823559,cam_3_1690322741_17-05-41.jpg
510,470,1724.7336738063677,487.6349885030829,2251.896856425545,754.7729222672615,cam_3_1690322741_17-05-41.jpg
510,472,1325.5983413486351,363.8531584291909,1604.0815079818267,518.4747964816679,cam_3_1690322741_17-05-41.jpg
510,475,1532.761725865894,421.5374227488207,1924.7331661686085,649.2949516076094,cam_3_1690322741_17-05-41.jpg
510,480,1428.1457620263889,400.17326510630573,1816.774417114224,611.5394221001693,cam_3_1690322741_17-05-41.jpg
510,484,1741.0001973792275,208.45381175281142,2096.0634459147213,390.84369333864765,cam_3_1690322741_17-05-41.jpg
511,287,1385.3054292791405,383.9990397265973,1692.9353151389562,567.4146277703658,cam_3_1690322831_17-07-11.jpg
511,320,1646.729774694294,457.2595571552872,2075.103818944455,693.2025071349594,cam_3_1690322831_17-07-11.jpg
511,386,1100.5310921951786,287.00445276811564,1304.01767476645,576.4798673029334,cam_3_1690322831_17-07-11.jpg
511,421,446.3163155368774,407.6557589378255,930.3123086200653,760.7831202606935,cam_3_1690322831_17-07-11.jpg
511,440,1058.552429651262,223.87994619996755,1336.2738544830736,416.5565170185042,cam_3_1690322831_17-07-11.jpg
511,466,1935.3905939421406,374.9108489368386,2212.943747123271,493.0162690394207,cam_3_1690322831_17-07-11.jpg
511,468,506.82910012976714,755.9185241696599,1176.4892062020774,1265.1043639980016,cam_3_1690322831_17-07-11.jpg
511,469,390.69457157542854,397.8175283278812,843.8852739680294,646.9779418782074,cam_3_1690322831_17-07-11.jpg
511,470,1721.0121696584556,486.4630313161063,2250.6841209299587,755.5620475110697,cam_3_1690322831_17-07-11.jpg
511,472,1327.2759792883776,362.1254138550721,1609.9252772981765,519.2030522113774,cam_3_1690322831_17-07-11.jpg
511,475,1531.0560534836513,419.669604069501,1925.6797823256873,648.2569555543953,cam_3_1690322831_17-07-11.jpg
511,480,1433.545175387783,398.8046482665605,1817.6218773262153,607.054212401441,cam_3_1690322831_17-07-11.jpg
511,484,1731.474041489499,214.1641063617343,2077.593861998722,391.11943308850596,cam_3_1690322831_17-07-11.jpg
512,287,1381.8852510867482,385.6550452434968,1694.762938203863,569.819146903712,cam_3_1690322906_17-08-26.jpg
512,320,1643.4802505461296,453.55885415862497,2082.8512212590404,695.9353002960935,cam_3_1690322906_17-08-26.jpg
512,344,2042.6784025234306,151.94185391964072,2316.333014450571,362.4876991168411,cam_3_1690322906_17-08-26.jpg
512,386,1103.647150523303,282.5920005300897,1305.041389519278,567.520553910346,cam_3_1690322906_17-08-26.jpg
512,421,446.49057954918726,413.6777083141818,933.2066199479636,776.5396272446017,cam_3_1690322906_17-08-26.jpg
512,466,1941.8010214985661,372.4482573915569,2222.718567527606,492.0371844285217,cam_3_1690322906_17-08-26.jpg
512,469,427.1670602403168,378.69264222024594,790.1715735536121,568.4561046986946,cam_3_1690322906_17-08-26.jpg
512,470,1719.9891503158458,484.97178963836575,2254.3853148040344,756.9705958621757,cam_3_1690322906_17-08-26.jpg
512,472,1326.1992239229098,364.3698791738019,1605.786899085566,520.4965006204422,cam_3_1690322906_17-08-26.jpg
512,475,1529.162563103517,418.81820316227777,1928.4348369543711,649.410232030508,cam_3_1690322906_17-08-26.jpg
512,480,1434.5042954846913,397.4842270681379,1819.9215202669172,605.9540148164004,cam_3_1690322906_17-08-26.jpg
512,484,1726.950637086794,214.3821675247562,2071.7971993767596,389.7978102660073,cam_3_1690322906_17-08-26.jpg
513,287,1378.0933712096862,381.89701545634875,1694.9861411188592,566.1354323149504,cam_3_1690322996_17-09-56.jpg
513,300,1444.4731570998033,194.58446299790884,1727.0038147775554,351.0113928387324,cam_3_1690322996_17-09-56.jpg
513,320,1641.8272697656391,453.3336484904919,2081.594016514771,695.9004648787579,cam_3_1690322996_17-09-56.jpg
513,386,1143.7508745298817,299.5813126516159,1299.3488505835091,503.87860408620946,cam_3_1690322996_17-09-56.jpg
513,421,553.0780720322769,410.35443525131654,970.5890216146067,733.7545264405699,cam_3_1690322996_17-09-56.jpg
513,466,1933.173852411698,370.2676594807382,2222.763712442694,493.74040724181907,cam_3_1690322996_17-09-56.jpg
513,469,420.10754333457623,382.81473911154836,878.4356479762997,640.4397055864231,cam_3_1690322996_17-09-56.jpg
513,470,1724.9245574872457,486.84495505905863,2255.1667630305183,756.2981325847568,cam_3_1690322996_17-09-56.jpg
513,472,1320.977348913752,359.5867587572508,1608.9539566146943,521.1689184317904,cam_3_1690322996_17-09-56.jpg
513,475,1530.5255555277938,418.1366128870758,1928.8400603624452,647.7614484877723,cam_3_1690322996_17-09-56.jpg
513,480,1426.7845615463862,395.26407616742574,1820.0766689867971,607.7818971235052,cam_3_1690322996_17-09-56.jpg
513,484,1719.1779305978278,214.21400009594544,2062.356358867804,387.45770654805244,cam_3_1690322996_17-09-56.jpg
514,287,1431.9316099676096,375.00419851810034,1709.9692694888174,533.722102681917,cam_3_1690323041_17-10-41.jpg
514,320,1644.9849044968355,454.15636100891663,2076.2328861311853,692.0328053892711,cam_3_1690323041_17-10-41.jpg
514,354,1175.6432066054053,243.61401547745808,1563.5210402336986,492.3771478254479,cam_3_1690323041_17-10-41.jpg
514,421,576.5623016415822,447.0455265953261,973.1781804689928,760.3801240514317,cam_3_1690323041_17-10-41.jpg
514,466,1931.0277768197166,372.855386909827,2219.6512664115617,495.20440179725745,cam_3_1690323041_17-10-41.jpg
514,470,1722.204142438872,485.158429321492,2252.126227731745,755.0534384817342,cam_3_1690323041_17-10-41.jpg
514,472,1333.150403014718,349.0265202399221,1599.0282918594064,496.9854438090514,cam_3_1690323041_17-10-41.jpg
514,475,1534.0874343312541,417.61262091325864,1926.9200322571678,643.7361255055573,cam_3_1690323041_17-10-41.jpg
514,480,1462.6855073898923,384.5069472409136,1788.7043453212714,557.8880032629613,cam_3_1690323041_17-10-41.jpg
514,484,1713.7659064340835,214.11082301762553,2057.2286480342896,386.1332351074757,cam_3_1690323041_17-10-41.jpg
515,287,1448.453841955011,372.3117293114928,1740.3564417650427,538.759928009065,cam_3_1690323056_17-10-56.jpg
515,300,1443.8434748187462,202.64683992287002,1723.2206951432565,353.8498610007822,cam_3_1690323056_17-10-56.jpg
515,320,1643.1435927113653,456.6509292295159,2073.143993466396,693.6785007716533,cam_3_1690323056_17-10-56.jpg
515,421,591.0669098225122,462.1785260095701,970.597286200133,769.7655658420947,cam_3_1690323056_17-10-56.jpg
515,457,1016.0201524473287,443.2183540773355,1549.349048460756,803.4758097860197,cam_3_1690323056_17-10-56.jpg
515,466,1939.2523458543108,374.8086932767707,2223.4198162382645,495.2225373300886,cam_3_1690323056_17-10-56.jpg
515,468,428.32765514668705,676.6755148403264,1188.8382754728548,1237.5920989416586,cam_3_1690323056_17-10-56.jpg
515,470,1722.4221476987673,490.6782993120272,2239.346479919506,754.1923141738259,cam_3_1690323056_17-10-56.jpg
515,472,1348.4827398667173,351.56614451328187,1595.4593018588482,486.0987517776063,cam_3_1690323056_17-10-56.jpg
515,475,1529.8133098376834,419.2755080404727,1928.4538949197322,648.5269223762264,cam_3_1690323056_17-10-56.jpg
515,480,1464.3036788859226,392.171213689139,1824.7514370467122,585.3572782842455,cam_3_1690323056_17-10-56.jpg
515,484,1719.7209821462884,214.4848224906812,2066.8161673929258,388.0660935387372,cam_3_1690323056_17-10-56.jpg
516,287,1442.9914495321616,373.6077252302351,1740.6071262792957,543.8177665470844,cam_3_1690323116_17-11-56.jpg
516,300,1449.1318887794139,197.3240077731067,1716.738180452694,343.54694728905326,cam_3_1690323116_17-11-56.jpg
516,320,1640.416511798493,456.8375555715919,2070.0524979654433,693.8219087091355,cam_3_1690323116_17-11-56.jpg
516,466,1930.317972159575,372.14838515303614,2221.5722930757706,495.5026937738554,cam_3_1690323116_17-11-56.jpg
516,468,646.9501652120766,687.5336221003072,1283.1214107585588,1186.1740493521634,cam_3_1690323116_17-11-56.jpg
516,470,1726.3905448837838,487.064539948729,2249.312180570749,753.4128915290504,cam_3_1690323116_17-11-56.jpg
516,475,1525.5188376357944,421.35652592470103,1922.7094214848466,648.8490895598377,cam_3_1690323116_17-11-56.jpg
516,480,1447.940196880604,393.94709247895435,1822.5042310566682,595.2195479601037,cam_3_1690323116_17-11-56.jpg
516,484,1717.0343402803055,214.00902466869854,2067.9040036465235,388.58324539222383,cam_3_1690323116_17-11-56.jpg
516,500,1305.6055836240348,1242.5449136862524,1949.0921831838466,2767.2413936926278,cam_3_1690323116_17-11-56.jpg
516,502,515.8033787876225,853.6841754985239,1462.8413515729758,1677.3289938279208,cam_3_1690323116_17-11-56.jpg
517,287,1412.133030743304,368.8973643121198,1730.297219618719,551.134727850281,cam_3_1690323371_17-16-11.jpg
517,320,1644.7878184147778,458.78630510486045,2076.4097260675458,696.2401987982515,cam_3_1690323371_17-16-11.jpg
517,460,1461.644302080047,197.7797409875766,1688.5418271970002,342.64067739642087,cam_3_1690323371_17-16-11.jpg
517,466,1927.568379836537,373.7347122546038,2219.659127204733,497.14024594935955,cam_3_1690323371_17-16-11.jpg
517,470,1714.0131862616834,483.6252105450352,2246.439340686984,756.5319319315475,cam_3_1690323371_17-16-11.jpg
517,475,1529.0538320062121,418.8286133884872,1931.1946802329803,649.6882507451113,cam_3_1690323371_17-16-11.jpg
517,480,1437.8675210703625,393.2542662716074,1830.2190665186665,604.628521945756,cam_3_1690323371_17-16-11.jpg
517,484,1727.5877546710476,213.08093214967943,2065.4653798351915,379.36450232226775,cam_3_1690323371_17-16-11.jpg
517,502,595.2487349324391,957.8236676699771,1763.1693422203984,1975.2185252140284,cam_3_1690323371_17-16-11.jpg
518,287,1399.9582603284643,368.8965749583221,1719.1072679797726,552.1026740731849,cam_3_1690323416_17-16-56.jpg
518,320,1645.5006418353678,459.2360022576694,2076.4626668953233,695.737968873871,cam_3_1690323416_17-16-56.jpg
518,460,1486.2856095979885,198.8086802887192,1701.3268314571503,334.1468773800551,cam_3_1690323416_17-16-56.jpg
518,466,1925.052495703457,373.268405916718,2218.5680714774976,496.98727389819635,cam_3_1690323416_17-16-56.jpg
518,470,1707.279727955234,480.7815624523158,2240.40805661337,756.168530429179,cam_3_1690323416_17-16-56.jpg
518,475,1527.35984073881,418.74347493711275,1926.9892905445236,648.1356016600282,cam_3_1690323416_17-16-56.jpg
518,480,1437.4720009688945,391.88103158845354,1833.0379565127048,605.7011254198524,cam_3_1690323416_17-16-56.jpg
518,484,1732.65069703215,214.46347329014668,2065.3468344506787,376.62211578338747,cam_3_1690323416_17-16-56.jpg
518,502,603.4978727700941,991.769549262476,1860.7257945276715,2089.619507766545,cam_3_1690323416_17-16-56.jpg
518,505,1223.486784216638,353.3703981936619,1396.2831450244396,676.4983835560652,cam_3_1690323416_17-16-56.jpg
519,287,1382.5820169781591,365.1813603540362,1718.898534808577,558.9728026347151,cam_3_1690323476_17-17-56.jpg
519,320,1648.4615387375516,460.56579014834796,2078.737256119687,696.2805524278873,cam_3_1690323476_17-17-56.jpg
519,466,1925.4378972839925,374.30112555709064,2220.425470913472,498.3140595690113,cam_3_1690323476_17-17-56.jpg
519,470,1709.6100834169217,479.57106064800473,2244.3381953747826,757.091862260241,cam_3_1690323476_17-17-56.jpg
519,475,1530.0554801978262,417.52825734522395,1929.8785913105194,647.4620851989171,cam_3_1690323476_17-17-56.jpg
519,480,1431.4233899752214,392.70702817373706,1829.8832313024695,608.323245155565,cam_3_1690323476_17-17-56.jpg
519,484,1744.926982818364,215.85734501419253,2073.490098724858,375.014852554106,cam_3_1690323476_17-17-56.jpg
519,502,617.3093794346162,1014.8985951486504,1980.0194765611784,2220.808164886099,cam_3_1690323476_17-17-56.jpg
519,505,1144.3841817069592,363.309596649397,1311.0117656774262,658.1888076123023,cam_3_1690323476_17-17-56.jpg
519,508,1276.8182828455542,228.26772444818084,1649.0884923710075,387.9223175023661,cam_3_1690323476_17-17-56.jpg
519,509,2014.7292559161447,549.7703708693739,2577.907657189674,914.095872566612,cam_3_1690323476_17-17-56.jpg
519,510,2257.0987712820283,444.08438943932913,2712.111539260432,609.7203793194064,cam_3_1690323476_17-17-56.jpg
520,287,1391.5209929957834,370.627952168763,1725.4911772120029,562.4687787674759,cam_3_1690323641_17-20-41.jpg
520,320,1647.3061200494442,458.2833302489365,2081.205314829285,696.2356908560186,cam_3_1690323641_17-20-41.jpg
520,466,1926.8908060560161,373.508656770245,2215.622708037825,493.8331385749277,cam_3_1690323641_17-20-41.jpg
520,469,421.1821771638369,397.61886973105,977.9085364915522,718.6910523243159,cam_3_1690323641_17-20-41.jpg
520,470,1699.9916652622164,492.19435996538414,2204.3215490723646,757.3268980289972,cam_3_1690323641_17-20-41.jpg
520,472,1321.2905924257313,347.2869130664762,1640.204363111062,522.6451600976774,cam_3_1690323641_17-20-41.jpg
520,475,1531.91082830379,416.9369087662002,1932.6319178543758,647.8164576223016,cam_3_1690323641_17-20-41.jpg
520,480,1438.4685978060252,395.6929861433017,1836.7449023584281,611.2877729755173,cam_3_1690323641_17-20-41.jpg
520,484,1733.5102632711626,213.92510100349674,2065.6567544197633,372.8072288990394,cam_3_1690323641_17-20-41.jpg
520,502,571.9889297396151,1008.47732566921,2020.5110951830882,2307.229542827036,cam_3_1690323641_17-20-41.jpg
520,505,1117.7248864504218,374.77728979078586,1296.492898908211,681.0741462975175,cam_3_1690323641_17-20-41.jpg
520,509,2011.2245504014838,545.1803084020992,2584.6432979036176,915.6475203719837,cam_3_1690323641_17-20-41.jpg
520,510,2265.2615095667425,438.7742216771728,2712.9272263169087,601.7558498823366,cam_3_1690323641_17-20-41.jpg
521,287,1389.719615679749,373.36471689461337,1724.3271096339238,565.2112498322205,cam_3_1690323746_17-22-26.jpg
521,320,1647.2975824835987,460.636868079471,2081.2431002167614,698.5652947814299,cam_3_1690323746_17-22-26.jpg
521,466,1933.6205298979573,376.5864970475438,2219.1809179874263,495.0569045478203,cam_3_1690323746_17-22-26.jpg
521,469,440.85040945247704,401.1505517598351,955.7008670548163,703.5481190045725,cam_3_1690323746_17-22-26.jpg
521,470,1710.8176902899472,491.78822801057066,2217.2604948197436,758.7946358976158,cam_3_1690323746_17-22-26.jpg
521,472,1326.5164241808561,345.0172511214055,1640.878453213087,518.7303197496076,cam_3_1690323746_17-22-26.jpg
521,475,1530.6032288235028,417.27239907868943,1931.1292320429902,648.1871089705965,cam_3_1690323746_17-22-26.jpg
521,480,1433.2975490508213,393.84857455258646,1835.8742381135203,611.9195218044124,cam_3_1690323746_17-22-26.jpg
521,484,1731.1204428461924,214.14312056542525,2066.175592956357,372.99613916516404,cam_3_1690323746_17-22-26.jpg
521,502,546.7452768846866,1114.7928100774661,2123.2420863632897,2526.454716848897,cam_3_1690323746_17-22-26.jpg
521,505,1085.670246351553,375.7191663296176,1272.269355231798,689.7463003275082,cam_3_1690323746_17-22-26.jpg
521,509,2017.957512777631,548.9603945379471,2589.7309108161135,917.2869299397919,cam_3_1690323746_17-22-26.jpg
521,510,2267.3686463391637,439.5679992681261,2708.255720998879,599.9173769327289,cam_3_1690323746_17-22-26.jpg
522,212,434.89196794897305,394.972780584892,887.1797890482587,674.3512969707781,cam_3_1690323851_17-24-11.jpg
522,287,1387.1844957856888,376.9679482480054,1719.394025343967,567.8426444796271,cam_3_1690323851_17-24-11.jpg
522,468,505.60320410267025,515.7099339500116,1102.5711779210706,984.1836269799014,cam_3_1690323851_17-24-11.jpg
522,470,1576.5344357055665,452.9466253830171,2332.132558520514,865.3650206743355,cam_3_1690323851_17-24-11.jpg
522,472,1327.0132482993447,355.3870267799955,1628.4289902451974,522.5218706345473,cam_3_1690323851_17-24-11.jpg
522,475,1522.2885917546555,419.1456176450013,1910.5634757540747,643.341152837953,cam_3_1690323851_17-24-11.jpg
522,480,1435.4100593792482,396.4866568551572,1835.2347516988023,613.566930897851,cam_3_1690323851_17-24-11.jpg
522,484,1723.7225070287361,214.2123246587422,2066.02063862132,375.6254368663082,cam_3_1690323851_17-24-11.jpg
522,509,2017.8759793118923,549.7123911470587,2590.117611926055,917.6530863088326,cam_3_1690323851_17-24-11.jpg
522,510,2292.775232724479,443.08383022781834,2727.1097436432237,602.2165183537995,cam_3_1690323851_17-24-11.jpg
522,512,2171.4921140742476,418.688262531665,2545.710577310745,544.2577877154522,cam_3_1690323851_17-24-11.jpg
523,212,527.6408324957517,393.1381134076804,887.695214825121,617.236376543445,cam_3_1690323881_17-24-41.jpg
523,287,1381.2234870467507,376.37609264333867,1716.0915259076246,569.6387414031758,cam_3_1690323881_17-24-41.jpg
523,468,466.1565109314634,506.042820833822,1060.071686893279,961.354331276445,cam_3_1690323881_17-24-41.jpg
523,470,1598.861677111583,415.439327277207,2356.3502300768127,845.1416778257856,cam_3_1690323881_17-24-41.jpg
523,472,1328.2204971275678,358.5076573254933,1625.439848616486,523.5572786590074,cam_3_1690323881_17-24-41.jpg
523,475,1511.9361776550984,429.93559995963625,1883.5012953218804,646.4743306773331,cam_3_1690323881_17-24-41.jpg
523,480,1439.639896091749,397.022647626938,1827.1674101137571,607.0200184777766,cam_3_1690323881_17-24-41.jpg
523,484,1712.1677695684423,214.7034599504625,2063.337848070851,379.9793969654405,cam_3_1690323881_17-24-41.jpg
523,509,2018.6183479072147,550.9785331937728,2588.334182976155,916.5326483953302,cam_3_1690323881_17-24-41.jpg
523,510,2280.3625797761333,442.1346065419704,2720.197881400968,603.7346126411657,cam_3_1690323881_17-24-41.jpg
523,512,2206.0977046906196,417.5658148111678,2550.2375749329663,533.6659265874908,cam_3_1690323881_17-24-41.jpg
524,212,463.61094906436256,389.1946010307279,849.973667466732,631.793173702974,cam_3_1690323941_17-25-41.jpg
524,287,1382.4435784281713,377.26986137915196,1713.8259478871873,568.6278201290646,cam_3_1690323941_17-25-41.jpg
524,468,470.8129521863052,501.0054807973409,1079.8900258911608,971.3076629558589,cam_3_1690323941_17-25-41.jpg
524,470,1625.718785832733,405.39409204318656,2362.438612251562,836.907312765326,cam_3_1690323941_17-25-41.jpg
524,472,1326.341464660823,360.75517582243185,1617.869068854926,523.1532013172057,cam_3_1690323941_17-25-41.jpg
524,475,1511.9305099637695,436.91479589098003,1872.7216041775623,648.0451202033655,cam_3_1690323941_17-25-41.jpg
524,480,1440.929004083614,397.7036283197965,1826.2086750113835,606.1298692673516,cam_3_1690323941_17-25-41.jpg
524,484,1714.5094045806836,214.847774472905,2069.498456510683,380.52216828368773,cam_3_1690323941_17-25-41.jpg
524,509,2012.0445024242326,547.452504552307,2588.5500352405525,917.518462644548,cam_3_1690323941_17-25-41.jpg
524,510,2314.3018073180024,438.48020147497516,2756.4237252013636,601.2884282702051,cam_3_1690323941_17-25-41.jpg
524,512,2222.5364561839515,418.8439662095638,2560.717202414101,533.7332798878039,cam_3_1690323941_17-25-41.jpg
525,212,453.6080849604772,380.5324484006424,869.1344551567347,641.0310642341587,cam_3_1690324091_17-28-11.jpg
525,287,1381.1584718422223,378.3482627352947,1714.3586375426169,570.7869037905381,cam_3_1690324091_17-28-11.jpg
525,468,471.3759062588091,502.7150221449136,1093.4737471927438,984.9198577785421,cam_3_1690324091_17-28-11.jpg
525,470,1534.4483659054931,389.1347008095479,2292.176453234805,844.8607651398158,cam_3_1690324091_17-28-11.jpg
525,472,1318.8653170352788,361.69817406891195,1610.802245615935,525.7220386331805,cam_3_1690324091_17-28-11.jpg
525,480,1441.5698419702726,408.46637756374656,1820.0058159249838,613.1819099364285,cam_3_1690324091_17-28-11.jpg
525,484,1721.0779247423159,213.7527105100935,2062.94401639639,371.13098950969413,cam_3_1690324091_17-28-11.jpg
525,509,2013.927506657841,544.4738594047831,2593.088409495084,916.5590583074819,cam_3_1690324091_17-28-11.jpg
525,510,2312.454628863884,440.3085091440678,2739.723599933068,599.254353096589,cam_3_1690324091_17-28-11.jpg
525,512,2148.2335690341392,410.4016233218099,2509.9873203811994,532.3597878630956,cam_3_1690324091_17-28-11.jpg
526,287,1385.236242629372,379.20511924557087,1715.9147100070918,569.9156758156713,cam_3_1690324241_17-30-41.jpg
526,421,449.4244943793002,382.2325749677593,871.5147745615551,718.4922443885514,cam_3_1690324241_17-30-41.jpg
526,468,471.6235157574099,504.6030955878719,1100.461449153669,994.0181395299551,cam_3_1690324241_17-30-41.jpg
526,470,1509.5782818417515,385.96375590411765,2257.517633723817,842.5315146250638,cam_3_1690324241_17-30-41.jpg
526,472,1320.3779234923381,362.30385986238,1609.3619766714696,525.7419916216138,cam_3_1690324241_17-30-41.jpg
526,480,1432.9686297772596,406.6206830421131,1815.1054766415052,614.1203369327006,cam_3_1690324241_17-30-41.jpg
526,484,1724.787277880381,213.00422973486337,2074.9547501687366,373.6138027525231,cam_3_1690324241_17-30-41.jpg
526,509,2015.8516528367059,547.0945677829537,2593.433633718395,917.7227869527195,cam_3_1690324241_17-30-41.jpg
526,510,2311.4553000616984,439.1026332630305,2732.3286625004985,596.9249928515794,cam_3_1690324241_17-30-41.jpg
526,512,2160.8857102318416,412.79950458231554,2520.432722620435,533.8850745829095,cam_3_1690324241_17-30-41.jpg
527,287,1383.313558830998,381.4536664622861,1705.3819506585326,567.0711306254216,cam_3_1690324331_17-32-11.jpg
527,320,1645.8546277076316,468.29351374590215,2072.9144361522885,702.9902478709573,cam_3_1690324331_17-32-11.jpg
527,421,466.7446487902962,379.9866888471345,866.3458840907781,691.0449718116056,cam_3_1690324331_17-32-11.jpg
527,466,1933.824375497328,378.29185868126854,2211.8996403317965,493.33042525436645,cam_3_1690324331_17-32-11.jpg
527,468,466.19041054693866,509.2351880410622,1111.705437252902,1015.1519772725655,cam_3_1690324331_17-32-11.jpg
527,472,1329.351382512666,361.60368617803636,1618.9939428651037,524.8705373357914,cam_3_1690324331_17-32-11.jpg
527,475,1524.2225838580969,424.143880573539,1909.516101449515,648.8062160756076,cam_3_1690324331_17-32-11.jpg
527,480,1438.6172992972324,402.9010516979967,1818.5663748059073,608.5000477316728,cam_3_1690324331_17-32-11.jpg
527,484,1718.3222659445346,215.03789364383658,2069.9459251048343,375.54798375365135,cam_3_1690324331_17-32-11.jpg
527,509,2007.5192643662515,547.775253043678,2583.928831703075,918.5117187374778,cam_3_1690324331_17-32-11.jpg
527,510,2287.303701234988,439.90454939488814,2712.981701103535,599.4437825149741,cam_3_1690324331_17-32-11.jpg
527,512,2126.520258530374,414.72432564637336,2507.6946476140774,542.334762369214,cam_3_1690324331_17-32-11.jpg
527,513,1807.896197811264,499.03288614693383,2308.4013375700115,829.1943116177913,cam_3_1690324331_17-32-11.jpg
528,320,1648.5403834064723,468.1473757432289,2077.4082529176703,704.0622475780599,cam_3_1690324481_17-34-41.jpg
528,421,465.11224686071796,377.3540037153423,874.3840128155348,690.6985020557242,cam_3_1690324481_17-34-41.jpg
528,457,1317.7169513853557,319.0284517455503,1827.056978347257,666.7495543439929,cam_3_1690324481_17-34-41.jpg
528,466,1941.4100735550614,378.5333742412846,2219.7678352445414,493.2212592819439,cam_3_1690324481_17-34-41.jpg
528,468,454.14265664220716,504.32254970319815,1073.025852733042,976.9706926110582,cam_3_1690324481_17-34-41.jpg
528,475,1528.3497138190608,421.0038532625216,1924.908861282412,651.3366620130445,cam_3_1690324481_17-34-41.jpg
528,484,1718.6051873155668,213.36214439397992,2069.377514028087,373.2613818289052,cam_3_1690324481_17-34-41.jpg
528,509,2011.7824984540373,547.8410339216823,2586.3629068683326,917.5426213961459,cam_3_1690324481_17-34-41.jpg
528,510,2322.126603002283,440.0480323648387,2737.435133174422,598.5315007635272,cam_3_1690324481_17-34-41.jpg
528,512,2107.608766798526,413.03583187446577,2489.0236233151854,538.8376178724159,cam_3_1690324481_17-34-41.jpg
528,513,1820.934257322424,497.09439385314755,2318.868012406704,825.622950745644,cam_3_1690324481_17-34-41.jpg
529,320,1647.3026312402328,468.01480616176957,2076.924478603371,704.9931348900952,cam_3_1690324616_17-36-56.jpg
529,457,1325.0460790949705,314.2562819888467,1826.5392153034159,662.3756021401128,cam_3_1690324616_17-36-56.jpg
529,466,1941.4522793846008,374.92937565815106,2216.467574168606,487.92590153895793,cam_3_1690324616_17-36-56.jpg
529,469,377.90818604399254,523.596045531539,1101.7825716641812,945.9436005603831,cam_3_1690324616_17-36-56.jpg
529,475,1525.3296866704898,418.48396205438496,1928.8663307696743,652.0105869305148,cam_3_1690324616_17-36-56.jpg
529,484,1714.3303330023298,212.92670965641412,2067.922401575155,373.3229857494962,cam_3_1690324616_17-36-56.jpg
529,509,2016.053076538005,552.8357814175331,2583.387096175448,917.5009021547462,cam_3_1690324616_17-36-56.jpg
529,510,2317.6677562267023,440.1884807791937,2733.2229530394698,600.5188556421233,cam_3_1690324616_17-36-56.jpg
529,512,2105.2469917644567,415.9852650474125,2493.6424026397767,542.0046118974888,cam_3_1690324616_17-36-56.jpg
529,513,1838.38380980026,501.4929265052026,2333.009005974378,826.6767733009399,cam_3_1690324616_17-36-56.jpg
529,514,1734.2525166165153,503.6682337304347,2145.9739588212155,750.4549562223494,cam_3_1690324616_17-36-56.jpg
530,320,1645.4067647854781,468.6084078109089,2073.9977584817125,705.8522693061905,cam_3_1690324631_17-37-11.jpg
530,354,842.263425170027,382.7358183252944,1294.9865311237772,672.6167351977524,cam_3_1690324631_17-37-11.jpg
530,457,1328.0452601156317,313.6786593302918,1818.1859701518395,658.4255911301445,cam_3_1690324631_17-37-11.jpg
530,466,1943.2781989473601,376.5210571342613,2218.1423898377984,489.37678915577783,cam_3_1690324631_17-37-11.jpg
530,468,448.43846747504756,511.0896417024379,1108.4532942196279,1018.956959339726,cam_3_1690324631_17-37-11.jpg
530,475,1525.6723067707742,419.0738049565883,1929.0477915762042,651.5904080552998,cam_3_1690324631_17-37-11.jpg
530,484,1709.3593517234222,212.56041484816737,2066.656201000951,373.8778485085179,cam_3_1690324631_17-37-11.jpg
530,509,2015.0912924360366,553.7874132816133,2581.144068186014,917.2711494790005,cam_3_1690324631_17-37-11.jpg
530,510,2313.735000199253,440.374719933976,2728.453414597614,601.6215287701608,cam_3_1690324631_17-37-11.jpg
530,512,2104.1868594397242,418.85580130329527,2505.0483939680953,547.8424784476945,cam_3_1690324631_17-37-11.jpg
530,513,1827.2725939172672,499.09091393314725,2324.9544290491026,826.1260899402082,cam_3_1690324631_17-37-11.jpg
530,514,1735.4240707583328,509.384727961225,2135.576205419077,749.4460082975384,cam_3_1690324631_17-37-11.jpg
531,320,1644.9268351712578,466.7941587397435,2074.877758884109,705.3863443657992,cam_3_1690324646_17-37-26.jpg
531,457,1363.1886616455686,314.0958833010042,1739.5161908883429,562.5303698515622,cam_3_1690324646_17-37-26.jpg
531,466,1941.831477884851,374.1889973301175,2215.7101354458314,486.6089738480498,cam_3_1690324646_17-37-26.jpg
531,469,364.0974225508355,516.1671761278255,1120.6277138648782,956.6735273962317,cam_3_1690324646_17-37-26.jpg
531,475,1532.8175899524635,417.9497105120991,1934.1478404179827,648.9907188308304,cam_3_1690324646_17-37-26.jpg
531,484,1706.2058519321,212.9002042197254,2069.167139981235,376.08082649105825,cam_3_1690324646_17-37-26.jpg
531,509,2013.986682531905,555.5518055874289,2578.2989964967837,917.8369309963182,cam_3_1690324646_17-37-26.jpg
531,510,2302.13107649861,440.0965430831871,2720.7166276143903,603.4185053064193,cam_3_1690324646_17-37-26.jpg
531,512,2102.998099032272,415.925349182556,2496.2979900308464,540.8503140737373,cam_3_1690324646_17-37-26.jpg
531,513,1828.1580890167272,500.4003605690773,2325.5726818529793,827.0335652109281,cam_3_1690324646_17-37-26.jpg
531,514,1740.4812934334605,510.0435037682399,2139.013557090243,748.8014872815735,cam_3_1690324646_17-37-26.jpg
532,457,1325.5311436393906,315.38670929013307,1796.2955117450747,634.7115861872396,cam_3_1690324871_17-41-11.jpg
532,466,1943.8598583879293,367.5484984778669,2227.0498652067045,484.6486661800037,cam_3_1690324871_17-41-11.jpg
532,469,359.5141133871665,514.4960167059149,1121.8328155005665,961.5305003533047,cam_3_1690324871_17-41-11.jpg
532,475,1456.7635218888463,403.77075554544336,2074.343666401627,771.0623734315473,cam_3_1690324871_17-41-11.jpg
532,484,1704.0712337828093,213.53969448601484,2065.756655622856,376.16748764263025,cam_3_1690324871_17-41-11.jpg
532,509,2011.235356099739,554.2556068944747,2579.4273837394885,918.6983228344135,cam_3_1690324871_17-41-11.jpg
532,510,2332.750733499726,441.095931239114,2733.528951391376,600.1775050153283,cam_3_1690324871_17-41-11.jpg
532,512,2095.2821352792753,414.80903625244173,2494.3267012601336,539.8072220445531,cam_3_1690324871_17-41-11.jpg
532,513,1826.5024371246163,490.8187161871448,2339.5049715494006,827.567546261925,cam_3_1690324871_17-41-11.jpg
533,320,1642.4297799425447,464.7374384455063,2057.7945276920873,696.2714027742113,cam_3_1690324901_17-41-41.jpg
533,457,1320.063575689628,309.5719192542453,1815.4464214294485,652.9859311284617,cam_3_1690324901_17-41-41.jpg
533,466,1945.5328978059392,372.0175934988672,2218.2539332492443,483.8747151981382,cam_3_1690324901_17-41-41.jpg
533,469,382.61751622111797,514.8117367482246,1113.1897469506782,945.8482636003649,cam_3_1690324901_17-41-41.jpg
533,480,1508.4379504599724,418.73375846136764,1931.1056314625632,649.3998881646714,cam_3_1690324901_17-41-41.jpg
533,484,1711.9778187060695,214.12736038041754,2070.2666085299243,375.10328627196236,cam_3_1690324901_17-41-41.jpg
533,509,2012.068301260614,555.1370163697178,2579.8063151890833,919.0827366589937,cam_3_1690324901_17-41-41.jpg
533,510,2338.7432962214607,441.1236622749176,2733.008660446341,599.6490872538124,cam_3_1690324901_17-41-41.jpg
533,512,2093.6872243649746,414.7114376747097,2493.2101242932354,538.0792577932723,cam_3_1690324901_17-41-41.jpg
533,513,1829.9026489388355,497.85565943016945,2329.259563832256,825.1518151661317,cam_3_1690324901_17-41-41.jpg
533,514,1723.0925572180377,515.2288029946225,2103.227055225937,742.3712925264826,cam_3_1690324901_17-41-41.jpg
534,320,1642.1737058813676,467.99539341944956,2048.7227272848777,695.5860854176137,cam_3_1690325126_17-45-26.jpg
534,457,1342.454069332192,314.1757416580921,1834.1759714430088,660.453920527576,cam_3_1690325126_17-45-26.jpg
534,466,1943.6846768789876,374.2227747264429,2216.526671382233,485.4206966900217,cam_3_1690325126_17-45-26.jpg
534,468,480.7074609794084,530.5773645347035,1081.1142620072803,990.5586809657839,cam_3_1690325126_17-45-26.jpg
534,480,1512.2139358196803,420.06438077650614,1934.622580274222,652.367510551182,cam_3_1690325126_17-45-26.jpg
534,484,1715.960113570021,213.6610374143325,2078.1091493492745,375.43602908050127,cam_3_1690325126_17-45-26.jpg
534,509,2013.5621226573576,550.0210983553038,2592.3611305313952,920.0675385300474,cam_3_1690325126_17-45-26.jpg
534,510,2347.617505424809,439.48809826628616,2732.547488081303,596.2540136348352,cam_3_1690325126_17-45-26.jpg
534,512,2084.98770434917,413.14384931735464,2491.408648738802,536.8274577056821,cam_3_1690325126_17-45-26.jpg
534,513,1824.32858812727,498.7879420132957,2326.817542137887,828.3516220986824,cam_3_1690325126_17-45-26.jpg
534,514,1718.212584167456,515.9529461893293,2099.7251231445634,743.5529723309072,cam_3_1690325126_17-45-26.jpg
534,517,498.65876877052114,763.2131698518986,1388.731116403745,1497.9612433243615,cam_3_1690325126_17-45-26.jpg
535,320,1643.348057711302,466.2311132475647,2048.243595131973,693.707830580076,cam_3_1690325171_17-46-11.jpg
535,457,1335.717842479056,311.30476219015173,1829.469657849139,665.261568181043,cam_3_1690325171_17-46-11.jpg
535,466,1941.7763685471468,376.62740097484243,2218.864269724157,489.29639125759985,cam_3_1690325171_17-46-11.jpg
535,468,577.2608571478937,562.5099138241012,1080.4040983996313,951.437199453234,cam_3_1690325171_17-46-11.jpg
535,480,1516.5345480810283,419.9794606139719,1939.041150433407,653.9198612783193,cam_3_1690325171_17-46-11.jpg
535,484,1718.5544498593845,214.43161266169062,2073.766597384856,371.96889303847985,cam_3_1690325171_17-46-11.jpg
535,500,881.8998440141545,661.7643475217621,1151.8154866820162,1280.705575481964,cam_3_1690325171_17-46-11.jpg
535,509,2015.2635324306389,549.3259746412177,2594.520805251524,918.20512913649,cam_3_1690325171_17-46-11.jpg
535,510,2345.484455429977,440.0056774776935,2728.001714636522,597.1019974101428,cam_3_1690325171_17-46-11.jpg
535,512,2081.5009315175826,415.71929745906743,2486.2770280676905,537.4490387585382,cam_3_1690325171_17-46-11.jpg
535,513,1822.7843210710273,493.05899288740676,2328.880883327433,824.8145455909773,cam_3_1690325171_17-46-11.jpg
535,514,1713.3786641982294,519.2257620129708,2092.629418918584,745.5886504486973,cam_3_1690325171_17-46-11.jpg
536,320,1643.9665590131951,468.2374729230213,2043.5625339384665,693.2511606086215,cam_3_1690325216_17-46-56.jpg
536,457,1334.439656854061,310.28133581338,1820.96313932451,663.462366821957,cam_3_1690325216_17-46-56.jpg
536,466,1934.755559957514,376.9390841577076,2220.449554851882,492.7078707657455,cam_3_1690325216_17-46-56.jpg
536,468,526.2731615711247,544.4205774774479,1031.3033468335805,909.5086115101003,cam_3_1690325216_17-46-56.jpg
536,480,1517.8206953506979,420.55885366223225,1936.845862440148,653.9081109894815,cam_3_1690325216_17-46-56.jpg
536,484,1718.078499923968,214.65139186524112,2075.8511252908747,372.17962076736046,cam_3_1690325216_17-46-56.jpg
536,509,2014.4500314473216,548.5993724552385,2595.1138717392505,917.3491764729049,cam_3_1690325216_17-46-56.jpg
536,510,2343.5724637054473,439.6876786053669,2725.9985826446086,598.1101295943863,cam_3_1690325216_17-46-56.jpg
536,512,2079.608018279722,413.9535878219082,2500.0538316996244,539.2086746896367,cam_3_1690325216_17-46-56.jpg
536,513,1819.037797253614,497.81646482583307,2318.25594414471,825.423955857259,cam_3_1690325216_17-46-56.jpg
536,514,1715.760692528353,519.9202801182071,2091.7133207959387,743.5789005882765,cam_3_1690325216_17-46-56.jpg
536,517,385.0918766428463,719.451044133637,1199.7667376959564,1390.500621181318,cam_3_1690325216_17-46-56.jpg
537,320,1647.2455535369713,470.1785545475544,2043.7058476407374,693.5410871097969,cam_3_1690325336_17-48-56.jpg
537,457,1339.253388254751,309.6448204602862,1827.29921593775,664.8692311902139,cam_3_1690325336_17-48-56.jpg
537,466,1932.724716447778,375.6202354485222,2221.6263190314053,492.61471067437157,cam_3_1690325336_17-48-56.jpg
537,468,507.7763678825885,540.2975087190918,974.1036010587437,845.0975600054703,cam_3_1690325336_17-48-56.jpg
537,469,361.01703716343593,565.9374431963502,1205.54252534629,1059.3952568643676,cam_3_1690325336_17-48-56.jpg
537,480,1521.9297900358026,422.5352968384085,1940.9404370508967,656.5088854335652,cam_3_1690325336_17-48-56.jpg
537,484,1716.9211412651302,213.59719667111682,2078.5848084421077,372.66281284007107,cam_3_1690325336_17-48-56.jpg
537,509,2009.7625652911875,547.2726135567079,2591.33945722156,917.2156060897446,cam_3_1690325336_17-48-56.jpg
537,510,2327.957218213097,435.9501514849551,2727.383717112177,601.8910062954992,cam_3_1690325336_17-48-56.jpg
537,512,2071.504435479902,413.5157163535432,2502.8647782248763,541.2418528380531,cam_3_1690325336_17-48-56.jpg
537,513,1825.252430918853,504.7069785614703,2310.4218866017136,822.6914093184023,cam_3_1690325336_17-48-56.jpg
537,514,1711.6305187020753,520.6246423984795,2093.233515215198,747.5101448664828,cam_3_1690325336_17-48-56.jpg
537,520,631.5012549604326,1221.3965437678796,2712.853087061613,2750.802401424765,cam_3_1690325336_17-48-56.jpg
538,300,1643.9935809465983,155.49027515826893,1971.0413694614258,334.9147356607068,cam_3_1690325831_17-57-11.jpg
538,320,1645.8282037516292,471.6669256939149,2043.7656656727904,696.0940825033883,cam_3_1690325831_17-57-11.jpg
538,457,1340.8539041391243,308.50662625807297,1829.463383063302,664.9708881239017,cam_3_1690325831_17-57-11.jpg
538,466,1927.8624130033572,372.49861583451576,2222.588640606454,491.5879398799143,cam_3_1690325831_17-57-11.jpg
538,469,420.06996404693325,602.164184210721,1246.8536384948925,1083.9778612383411,cam_3_1690325831_17-57-11.jpg
538,480,1522.176336003789,423.1025725519619,1937.2645861715757,655.2385906428667,cam_3_1690325831_17-57-11.jpg
538,509,2022.7933410049102,548.8997528427591,2605.7746816422114,918.1694074126614,cam_3_1690325831_17-57-11.jpg
538,510,2342.5609285834616,441.3214933231352,2719.4515898939,597.7877281493163,cam_3_1690325831_17-57-11.jpg
538,512,2074.089259651819,414.06609915830416,2503.047567386044,539.7872675204959,cam_3_1690325831_17-57-11.jpg
538,513,1823.9845162503477,499.7908944167715,2322.673640432631,826.5954580062951,cam_3_1690325831_17-57-11.jpg
538,514,1710.5472852174157,521.676956449213,2092.16143574961,749.4120061546491,cam_3_1690325831_17-57-11.jpg
539,300,1661.3231895734862,155.14454437776106,1980.8692717260906,333.49345761095503,cam_3_1690325951_17-59-11.jpg
539,320,1654.2073356642427,474.007765408861,2048.0331734309575,695.454399015736,cam_3_1690325951_17-59-11.jpg
539,457,1334.7901941762575,307.31293203058675,1822.6179637091634,664.8433853443951,cam_3_1690325951_17-59-11.jpg
539,466,1920.428030940098,369.1172228346702,2221.6196998731566,490.8989464680453,cam_3_1690325951_17-59-11.jpg
539,469,441.79859927825424,587.7147512860287,1158.2266813091453,984.2899143172353,cam_3_1690325951_17-59-11.jpg
539,480,1521.7827859830657,423.30517774748205,1935.552211721744,654.945269268803,cam_3_1690325951_17-59-11.jpg
539,509,2008.8943850662681,544.8105916507723,2594.6181453051113,917.9567869952059,cam_3_1690325951_17-59-11.jpg
539,510,2336.7921036736234,439.9104683382868,2716.3851945406163,597.0920433953222,cam_3_1690325951_17-59-11.jpg
539,512,2074.4373915641336,414.8873013750514,2503.300265689248,539.502595451766,cam_3_1690325951_17-59-11.jpg
539,513,1823.7553439908463,500.2233570882367,2325.9350128318806,829.4382184822739,cam_3_1690325951_17-59-11.jpg
539,514,1711.4920139830308,524.2191490718875,2090.0795871681303,750.6748844325637,cam_3_1690325951_17-59-11.jpg
539,517,469.02994620172257,631.7605214037894,1218.6664687357422,1249.3017229271222,cam_3_1690325951_17-59-11.jpg
540,300,1660.102876356826,158.62048477454357,1978.4233413911331,334.5295642041259,cam_3_1690326011_18-00-11.jpg
540,320,1650.35479674533,474.11006184113853,2045.900807063716,696.8768836604338,cam_3_1690326011_18-00-11.jpg
540,457,1336.4098326766796,307.34644172823755,1823.6826647979362,665.4811793655783,cam_3_1690326011_18-00-11.jpg
540,466,1923.2192641921172,369.26020447134044,2221.372131671358,489.9542620059909,cam_3_1690326011_18-00-11.jpg
540,469,399.2313381968934,610.1059807402901,1220.2441288071898,1062.0210253884418,cam_3_1690326011_18-00-11.jpg
540,480,1525.3296402400586,424.22898321224363,1939.9044863740849,656.6737021965419,cam_3_1690326011_18-00-11.jpg
540,509,2010.3749985598406,544.936887511204,2595.572082676883,918.3466732429745,cam_3_1690326011_18-00-11.jpg
540,510,2326.999996340443,438.83476475487214,2715.8873206609665,599.5408754110958,cam_3_1690326011_18-00-11.jpg
540,512,2076.4193059590116,415.14646117554025,2506.21388479997,539.3004037566599,cam_3_1690326011_18-00-11.jpg
540,513,1824.985749423283,500.0972652766717,2330.2894639812052,831.4913499039376,cam_3_1690326011_18-00-11.jpg
540,514,1713.9696858610973,526.1840039564748,2088.354828505252,750.7276028807985,cam_3_1690326011_18-00-11.jpg
540,521,579.4760159679112,757.8246722783833,1455.0086130046898,1615.9872557134217,cam_3_1690326011_18-00-11.jpg
541,300,1665.8257902270673,157.83402719455023,1983.3345216952084,334.3115328826965,cam_3_1690326086_18-01-26.jpg
541,320,1646.1334942738927,470.2277419915979,2048.330841942666,697.1348530369314,cam_3_1690326086_18-01-26.jpg
541,457,1340.8089834128614,308.21739950416156,1828.973514395192,666.2351891869067,cam_3_1690326086_18-01-26.jpg
541,466,1929.7518311047697,367.9744841015692,2219.300214696552,484.9293719857804,cam_3_1690326086_18-01-26.jpg
541,469,525.0450644578942,584.8787960093381,1180.9483821670315,930.9799682293253,cam_3_1690326086_18-01-26.jpg
541,480,1522.5250789913307,422.6759639251197,1938.2792964237287,656.2023512891981,cam_3_1690326086_18-01-26.jpg
541,509,2010.4439070154672,543.7014218134259,2598.488678091394,919.4958150314831,cam_3_1690326086_18-01-26.jpg
541,510,2332.4989079141537,438.1448255436383,2713.5118358652157,595.2960932666779,cam_3_1690326086_18-01-26.jpg
541,512,2071.9040120516397,412.59795660958616,2509.4783842240804,538.3143849757322,cam_3_1690326086_18-01-26.jpg
541,513,1826.8066283192204,501.028851976829,2325.7899960993345,828.376149106434,cam_3_1690326086_18-01-26.jpg
541,514,1711.5670218188575,523.9425336669955,2089.856750523928,751.5904780503814,cam_3_1690326086_18-01-26.jpg
541,517,494.36752684843066,638.2737177989478,1236.2213774934871,1252.1332730316071,cam_3_1690326086_18-01-26.jpg
541,521,528.5993977896626,755.1739421072748,1359.2820931572737,1560.9150505633775,cam_3_1690326086_18-01-26.jpg
542,300,1669.1732326270997,155.35895542364827,1987.728622392976,334.2537440387873,cam_3_1690326116_18-01-56.jpg
542,320,1645.7486748666777,465.8355581450596,2049.4081197243513,693.8999025628361,cam_3_1690326116_18-01-56.jpg
542,457,1344.1727888762362,305.6126119035581,1838.590277520059,668.1267688203309,cam_3_1690326116_18-01-56.jpg
542,466,1928.5783284235358,368.29223784102794,2219.3248810666246,485.76508213468117,cam_3_1690326116_18-01-56.jpg
542,469,480.57624538269437,570.4425217811189,1084.5808789864493,874.9631613838094,cam_3_1690326116_18-01-56.jpg
542,480,1522.8151363220884,420.9338567757966,1941.8056223829024,656.1954421474259,cam_3_1690326116_18-01-56.jpg
542,509,2018.863804428068,547.0334740245225,2602.3541416670314,919.0025409255953,cam_3_1690326116_18-01-56.jpg
542,510,2343.5129862255517,438.63133554092195,2725.333112279587,596.5797146153959,cam_3_1690326116_18-01-56.jpg
542,512,2066.9553135595934,413.233613349167,2511.5950804708245,540.6993738352187,cam_3_1690326116_18-01-56.jpg
542,513,1827.6633776922988,499.6202875570365,2328.4534739292644,828.2751486884024,cam_3_1690326116_18-01-56.jpg
542,514,1714.1682859276611,524.1046612582309,2088.468883354865,749.3797566386971,cam_3_1690326116_18-01-56.jpg
542,517,494.0821161076686,635.8024397668108,1267.6691023976334,1280.3729581460998,cam_3_1690326116_18-01-56.jpg
543,320,1652.2307855308495,469.9710211097802,2050.483738246795,694.3822111329587,cam_3_1690326296_18-04-56.jpg
543,354,482.2250350183983,548.843660851108,1124.7381554440205,970.6612700692457,cam_3_1690326296_18-04-56.jpg
543,457,1327.7862221984126,309.35418164810704,1817.0713041269003,668.8911542165913,cam_3_1690326296_18-04-56.jpg
543,460,1313.5850958979408,183.38849096479655,1589.5468071821613,358.24668073441137,cam_3_1690326296_18-04-56.jpg
543,466,1934.9562658087634,372.7484699794167,2232.1795648950456,493.45740838985625,cam_3_1690326296_18-04-56.jpg
543,480,1524.9641506431494,421.77119215370556,1938.9140420470465,654.3851707939964,cam_3_1690326296_18-04-56.jpg
543,508,2371.5372982237463,437.2747677676869,2741.3154195183774,598.990238365239,cam_3_1690326296_18-04-56.jpg
543,509,2019.3312722201765,546.3063698149081,2602.583433793411,917.7665749799812,cam_3_1690326296_18-04-56.jpg
543,512,2063.364030994279,414.002061700488,2510.2386513360952,541.6806747101374,cam_3_1690326296_18-04-56.jpg
543,513,1828.3113820452013,499.673337139135,2328.1140415124505,827.6706503182127,cam_3_1690326296_18-04-56.jpg
543,514,1711.8128599562806,521.959923749902,2089.799030123503,749.7805771632977,cam_3_1690326296_18-04-56.jpg
543,517,498.1130108493922,631.477979196826,1294.7813646882726,1299.9528724694521,cam_3_1690326296_18-04-56.jpg
544,320,1654.6648733603222,470.6582399780418,2052.408331379952,694.4153041704578,cam_3_1690326371_18-06-11.jpg
544,354,472.4393203535841,548.6243565886399,1123.111127223739,974.8228856376797,cam_3_1690326371_18-06-11.jpg
544,457,1326.7308483739557,309.01461479517775,1814.873364321512,668.5295988637536,cam_3_1690326371_18-06-11.jpg
544,460,1288.9631328097541,181.5303468884183,1575.4257485542469,359.7420781015046,cam_3_1690326371_18-06-11.jpg
544,466,1929.5768295607768,372.6072717501762,2230.2284724692117,495.12002648367684,cam_3_1690326371_18-06-11.jpg
544,480,1527.0864420913958,422.34066329550683,1938.3961891319939,653.9010261716426,cam_3_1690326371_18-06-11.jpg
544,508,2403.329390288626,447.81250879521986,2759.6981974905275,608.8850995711857,cam_3_1690326371_18-06-11.jpg
544,509,2019.510137202489,554.3166270625977,2591.8043268085385,918.3129472728323,cam_3_1690326371_18-06-11.jpg
544,512,2057.04635465192,416.5060636152907,2505.132725251279,544.5033450861353,cam_3_1690326371_18-06-11.jpg
544,513,1828.7656817239,501.57551426392575,2329.9057237079383,830.4411940332777,cam_3_1690326371_18-06-11.jpg
544,514,1711.207059955858,521.6485472390425,2090.241673055448,750.3694271896577,cam_3_1690326371_18-06-11.jpg
544,517,511.3735782119725,641.3035443379872,1309.5684931580538,1314.2152425351728,cam_3_1690326371_18-06-11.jpg
545,212,762.4701613509402,382.26744181093716,1131.7504639772606,610.5036081163165,cam_3_1690326461_18-07-41.jpg
545,320,1637.6396688159934,463.9604201935773,2056.8129081657553,701.0811490051544,cam_3_1690326461_18-07-41.jpg
545,457,1349.5769946258038,314.5959460579761,1861.0990158253167,691.7499063125935,cam_3_1690326461_18-07-41.jpg
545,466,1924.7331896815722,367.5943507196615,2236.6214056989,496.5900179949355,cam_3_1690326461_18-07-41.jpg
545,469,429.65734786506454,546.2086136993196,1136.661243233973,905.0100890470056,cam_3_1690326461_18-07-41.jpg
545,470,1837.0682580186453,446.48486680482165,2598.5982536562883,918.7858228778844,cam_3_1690326461_18-07-41.jpg
545,508,2423.0535082601177,443.34643489098727,2796.002284528381,619.6603362941216,cam_3_1690326461_18-07-41.jpg
545,517,527.5093095461755,665.9666740936609,1371.8461390747034,1387.2641467720478,cam_3_1690326461_18-07-41.jpg
545,523,2582.730363750735,603.4144474819624,3731.739143982457,1194.910151528868,cam_3_1690326461_18-07-41.jpg
546,320,1641.2490892172489,470.60511279469785,2048.057052738543,700.2949083973848,cam_3_1690326596_18-09-56.jpg
546,457,1334.9570549362109,319.7869006582961,1863.0778558621914,706.1909954400828,cam_3_1690326596_18-09-56.jpg
546,466,1913.229109073134,367.9558078720135,2229.152005438214,499.0811191984716,cam_3_1690326596_18-09-56.jpg
546,469,399.1671319652779,538.6017521139861,1120.5511887638227,903.0722196928997,cam_3_1690326596_18-09-56.jpg
546,470,1859.9277098290008,448.421107297438,2616.634610138094,920.8924044835553,cam_3_1690326596_18-09-56.jpg
546,508,2410.1024932827054,440.1480367652892,2791.737641011345,628.3859691069243,cam_3_1690326596_18-09-56.jpg
546,517,529.1296961233497,676.0129997977359,1358.5485386232863,1383.1317602283302,cam_3_1690326596_18-09-56.jpg
547,320,1642.8769794195118,474.36757559956163,2044.4766654234186,701.0694899067216,cam_3_1690326836_18-13-56.jpg
547,354,463.9034529117506,555.364553502206,1174.432337155948,1033.9868236967955,cam_3_1690326836_18-13-56.jpg
547,421,489.28829742127783,443.0123028034309,1018.1047687566786,851.8619260306295,cam_3_1690326836_18-13-56.jpg
547,457,1311.235413582244,322.6405279148978,1862.0970202381732,724.2957440094185,cam_3_1690326836_18-13-56.jpg
547,466,1915.3248563756524,371.22765659517427,2233.1693460050565,503.92337747190646,cam_3_1690326836_18-13-56.jpg
547,470,1798.388731860466,459.1986840491489,2604.750799515524,988.9268187280004,cam_3_1690326836_18-13-56.jpg
547,508,2389.895310958194,441.38586928225027,2786.7346405892404,643.7969873907614,cam_3_1690326836_18-13-56.jpg
547,514,1713.221992254721,527.8759444166667,2089.8592852943193,756.8332742123359,cam_3_1690326836_18-13-56.jpg
547,521,571.5554447736397,748.6189325066908,1447.968853160798,1612.3359520180688,cam_3_1690326836_18-13-56.jpg
548,320,1656.1841144332057,475.930975543418,2053.744930245288,699.232143127809,cam_3_1690326881_18-14-41.jpg
548,354,582.3329855152847,529.2004460074945,1250.1205762533712,974.1645853779559,cam_3_1690326881_18-14-41.jpg
548,421,433.08334539514357,443.17900220344757,965.7713765107635,813.4001272976185,cam_3_1690326881_18-14-41.jpg
548,457,1300.630527307396,323.83762248728385,1854.4773338140967,726.5246654256675,cam_3_1690326881_18-14-41.jpg
548,466,1914.4656249245168,371.22836999126025,2230.4646460312483,503.77296630303556,cam_3_1690326881_18-14-41.jpg
548,470,1778.0674710808335,458.4658686604917,2579.5301367926204,1010.1378011621691,cam_3_1690326881_18-14-41.jpg
548,508,2377.5818906327618,442.65587801811466,2783.154547688352,655.638601692189,cam_3_1690326881_18-14-41.jpg
548,514,1715.3546447614426,522.4719867739233,2098.6110599588537,756.8838424528769,cam_3_1690326881_18-14-41.jpg
548,521,561.3726160833112,751.4953031018912,1439.27100690102,1617.5183487129243,cam_3_1690326881_18-14-41.jpg
548,526,1360.874360070967,1325.8507156302662,2380.409298963761,2699.49199585152,cam_3_1690326881_18-14-41.jpg
549,320,1661.553948826981,476.66928269570013,2058.387654928709,698.0517634935363,cam_3_1690326896_18-14-56.jpg
549,354,521.2337351276165,553.7198328407931,1213.5159831741944,1022.2084194318777,cam_3_1690326896_18-14-56.jpg
549,421,430.8373296920965,450.9988729571505,1016.8372458962472,868.0958239932563,cam_3_1690326896_18-14-56.jpg
549,457,1294.279809913161,324.09471630267456,1848.7025419445927,727.0270555945483,cam_3_1690326896_18-14-56.jpg
549,466,1914.1035155522775,370.4076994277919,2230.2435752715373,503.7141982732397,cam_3_1690326896_18-14-56.jpg
549,470,1780.8310208683142,460.5481015496288,2562.8421690648893,1019.0695231433717,cam_3_1690326896_18-14-56.jpg
549,508,2373.338166706092,440.7471572013981,2775.1033398100594,657.3469290223843,cam_3_1690326896_18-14-56.jpg
549,512,2091.9791745109515,414.5172978084272,2513.263521147355,533.9617094456744,cam_3_1690326896_18-14-56.jpg
549,514,1716.6567508442022,517.4640665562665,2107.7480165407987,757.7305981967077,cam_3_1690326896_18-14-56.jpg
549,521,575.6360727248465,754.944339496267,1453.1162567789415,1626.6041321003197,cam_3_1690326896_18-14-56.jpg
549,526,1349.2334414966942,1314.7584579305694,2371.398665963968,2695.20245471022,cam_3_1690326896_18-14-56.jpg
550,320,1658.9156495481693,477.8161986072698,2054.1499201979873,698.0215170048007,cam_3_1690326941_18-15-41.jpg
550,354,452.8209477593164,570.5710237793356,1176.517087279255,1052.6888323113553,cam_3_1690326941_18-15-41.jpg
550,421,425.4882329204061,445.07645906526716,966.4538780658627,794.51677334327,cam_3_1690326941_18-15-41.jpg
550,457,1291.4773368276974,325.2477350562433,1845.2119869124972,729.5756211116864,cam_3_1690326941_18-15-41.jpg
550,466,1913.1037539106362,371.72973407805955,2227.824042206434,505.05619244092185,cam_3_1690326941_18-15-41.jpg
550,470,1768.0857885962243,457.8137542090134,2546.3425666258604,1028.994295739983,cam_3_1690326941_18-15-41.jpg
550,508,2369.7017666403926,438.9685058400629,2769.240780829601,659.2497631474287,cam_3_1690326941_18-15-41.jpg
550,512,2091.5443419876538,412.49231305437047,2510.532638565637,530.4659793956903,cam_3_1690326941_18-15-41.jpg
550,514,1717.1023872650294,514.6664280061741,2106.621886316131,754.5714692891412,cam_3_1690326941_18-15-41.jpg
550,521,587.3945772509138,755.0534279621418,1464.0050955011557,1633.6862101809834,cam_3_1690326941_18-15-41.jpg
550,526,1328.8079141324085,1316.591415248761,2352.1695820999685,2700.878330255461,cam_3_1690326941_18-15-41.jpg
551,320,1656.919786099717,476.43998973492324,2055.921883440704,698.4884424974477,cam_3_1690326956_18-15-56.jpg
551,421,422.25168544661545,448.70819960189226,1004.2356661870535,828.0263529045787,cam_3_1690326956_18-15-56.jpg
551,457,1293.442785831113,325.71490442823585,1844.7590638058539,729.9409198308886,cam_3_1690326956_18-15-56.jpg
551,466,1917.0777113996733,373.05927520881124,2226.709457167385,504.50361021569324,cam_3_1690326956_18-15-56.jpg
551,469,375.2629191267158,562.5649788318635,1199.7622644836597,980.854167740775,cam_3_1690326956_18-15-56.jpg
551,470,1778.7445467266205,459.26865272934765,2541.734266937321,1030.1292209796954,cam_3_1690326956_18-15-56.jpg
551,508,2376.086720330932,439.903504166647,2761.384189596897,656.2286619394897,cam_3_1690326956_18-15-56.jpg
551,512,2078.105649815776,409.616340646591,2511.6246741630166,531.1331018130259,cam_3_1690326956_18-15-56.jpg
551,514,1719.6720127802753,516.2781611090521,2103.899474813309,753.257745462397,cam_3_1690326956_18-15-56.jpg
551,517,476.23072328466395,730.986914871611,1383.5234159097336,1491.4128184253736,cam_3_1690326956_18-15-56.jpg
551,526,1319.0614351311233,1313.921791434058,2362.1640524308023,2731.471074626278,cam_3_1690326956_18-15-56.jpg
552,320,1655.0021564405229,477.4979986509498,2050.181512664428,697.4176520001593,cam_3_1690327076_18-17-56.jpg
552,421,554.8227591574343,477.2740325306863,1014.9692238429594,766.0938758434595,cam_3_1690327076_18-17-56.jpg
552,457,1286.4207144768593,326.4827118838531,1841.3351275633404,732.8645164950005,cam_3_1690327076_18-17-56.jpg
552,466,1903.5746073001408,372.61116777339697,2219.6848976808515,506.22929707866746,cam_3_1690327076_18-17-56.jpg
552,469,344.2922244503136,573.0117659970371,1225.9028555051023,1022.0313026111087,cam_3_1690327076_18-17-56.jpg
552,470,1777.182504504086,461.8247098786539,2525.0568283664024,1033.0193935448615,cam_3_1690327076_18-17-56.jpg
552,500,961.6386717000964,722.3832706658147,1304.988928592325,1417.1667007012031,cam_3_1690327076_18-17-56.jpg
552,508,2376.1471660844663,438.2873624412169,2757.4605922700634,655.8470024847425,cam_3_1690327076_18-17-56.jpg
552,512,2060.134384779015,407.44889799179805,2509.139972623957,533.2857729053151,cam_3_1690327076_18-17-56.jpg
552,514,1720.464183459003,516.7949796334003,2103.314617679361,753.3257850797467,cam_3_1690327076_18-17-56.jpg
552,526,1373.7613978091367,1213.885675261848,2489.1745675780194,2747.627738277657,cam_3_1690327076_18-17-56.jpg
553,320,1652.4905765801436,478.7507577194242,2045.6884647974941,697.8530736397977,cam_3_1690327106_18-18-26.jpg
553,354,427.38729896994374,590.6628305384247,1214.931710634094,1116.7014281827685,cam_3_1690327106_18-18-26.jpg
553,421,610.5773162941399,495.29630489299166,1034.9884285979208,753.9212740077821,cam_3_1690327106_18-18-26.jpg
553,457,1281.676779778041,329.0385371784859,1840.8586829012033,738.410141019287,cam_3_1690327106_18-18-26.jpg
553,466,1903.8441260820432,371.2060493781266,2224.849308188104,507.3308154098859,cam_3_1690327106_18-18-26.jpg
553,469,308.26765304867087,525.3051304139982,1280.5193430134536,1053.471859663296,cam_3_1690327106_18-18-26.jpg
553,470,1779.2302211669821,468.2648409896798,2506.639320004044,1034.398647395014,cam_3_1690327106_18-18-26.jpg
553,508,2371.9649057391616,438.17570764611673,2748.5804458613484,654.5742021408023,cam_3_1690327106_18-18-26.jpg
553,512,2051.1165021166476,408.46008214125635,2511.2135736190476,537.7958527675123,cam_3_1690327106_18-18-26.jpg
553,514,1717.5497250841777,517.0964696526801,2103.3074218409715,756.0029961444039,cam_3_1690327106_18-18-26.jpg
553,526,1358.0914039623704,1180.5790824906928,2486.386797251726,2740.441081626889,cam_3_1690327106_18-18-26.jpg
554,320,1654.8516825852178,477.5466858991638,2051.7939200913693,698.1496725118755,cam_3_1690327121_18-18-41.jpg
554,354,407.8827241188385,546.3213414631159,1097.0390388813578,984.8075608342231,cam_3_1690327121_18-18-41.jpg
554,457,1254.93292933249,326.44839309593874,1818.7773957730255,745.0663576927071,cam_3_1690327121_18-18-41.jpg
554,466,1906.0044413532935,371.91641055799295,2224.7663921513276,507.1711387197635,cam_3_1690327121_18-18-41.jpg
554,469,316.21438740749807,556.2878685442531,1252.7509772799908,1064.0966747857624,cam_3_1690327121_18-18-41.jpg
554,470,1790.2313079564897,473.3306165508608,2498.5534604340337,1033.317242917592,cam_3_1690327121_18-18-41.jpg
554,508,2378.0252363954082,437.1345529789712,2747.8991928616542,650.9188765493363,cam_3_1690327121_18-18-41.jpg
554,512,2047.4906800407127,408.2206537927542,2510.7564079196686,538.288695492179,cam_3_1690327121_18-18-41.jpg
554,514,1720.6614742469524,519.8628228823005,2103.14272741428,756.7097666508619,cam_3_1690327121_18-18-41.jpg
554,526,1368.73061046077,1256.1189557161597,2422.71286982939,2715.7347992856367,cam_3_1690327121_18-18-41.jpg
555,320,1647.1310462409692,477.60443560767504,2048.224120852278,701.1115127233053,cam_3_1690327181_18-19-41.jpg
555,354,395.48243704644887,520.8231479578665,1043.453839039814,913.366124067338,cam_3_1690327181_18-19-41.jpg
555,457,1263.4646940262578,328.17459076237975,1823.35295715736,745.4348071282604,cam_3_1690327181_18-19-41.jpg
555,469,315.16501990649306,580.5132778551222,1292.0345562657003,1113.9064074820271,cam_3_1690327181_18-19-41.jpg
555,470,1795.2890347906098,467.26623998720913,2501.696205720233,1032.8807600529326,cam_3_1690327181_18-19-41.jpg
555,475,1919.8108275851132,233.57220506327155,2308.5023163909304,460.1066321717103,cam_3_1690327181_18-19-41.jpg
555,508,2380.1272700600484,436.3046514225188,2753.058178855779,654.5423640100141,cam_3_1690327181_18-19-41.jpg
555,512,2070.6013722312528,416.0953938547392,2517.9104200646143,541.4166029864414,cam_3_1690327181_18-19-41.jpg
555,514,1718.3551555151566,520.8468918221508,2104.1340620300225,760.4801712709273,cam_3_1690327181_18-19-41.jpg
555,526,1339.6773342806528,1274.6246344430401,2398.194168359387,2744.7475233065534,cam_3_1690327181_18-19-41.jpg
555,528,2684.982517728254,668.1512525359985,3694.638754096989,1481.022966038936,cam_3_1690327181_18-19-41.jpg
556,320,1657.7475840286347,482.56467676595815,2049.956048580305,700.6207911552211,cam_3_1690327196_18-19-56.jpg
556,354,406.80171447254514,511.1640378338295,1040.941998946046,878.9334742016015,cam_3_1690327196_18-19-56.jpg
556,457,1261.5093593828942,326.93915030338184,1812.69637298562,743.3762303577248,cam_3_1690327196_18-19-56.jpg
556,469,347.4305991618455,591.43770577598,1320.3868118607354,1129.9891421474722,cam_3_1690327196_18-19-56.jpg
556,470,1811.5089601441719,463.9723618424668,2521.325494218481,1035.8022047060986,cam_3_1690327196_18-19-56.jpg
556,475,1930.4950484429205,219.49693885412796,2310.6239247234994,434.53013599651035,cam_3_1690327196_18-19-56.jpg
556,508,2380.3267630798505,436.47165311936743,2749.0516558935346,654.1278257849256,cam_3_1690327196_18-19-56.jpg
556,512,2131.528076727391,420.6518609286021,2551.6188957214213,540.68976914836,cam_3_1690327196_18-19-56.jpg
556,514,1720.283349247223,523.5901379851555,2105.9724977995525,764.7489552432834,cam_3_1690327196_18-19-56.jpg
556,526,1224.7927646127891,1264.563514069432,2322.392325400101,2761.589343339232,cam_3_1690327196_18-19-56.jpg
556,528,2639.7667418325736,675.5424770833397,3628.3088582783685,1472.8491752378127,cam_3_1690327196_18-19-56.jpg
557,320,1649.5547701518708,473.74023516507714,2057.317626857125,701.0449274740215,cam_3_1690327241_18-20-41.jpg
557,354,453.4885254637994,509.7736778465617,1079.1406019488854,871.6343061917728,cam_3_1690327241_18-20-41.jpg
557,457,1287.8665047030815,326.6860158706457,1831.3989046899728,739.260971815022,cam_3_1690327241_18-20-41.jpg
557,469,558.957145787657,587.5963418465373,1408.0318581823487,1066.0565643984353,cam_3_1690327241_18-20-41.jpg
557,475,1938.4813851482038,226.6227153071896,2305.3304081620845,429.8393075510594,cam_3_1690327241_18-20-41.jpg
557,508,2419.2740392387013,435.96924407356096,2745.1005240356317,630.0257544885319,cam_3_1690327241_18-20-41.jpg
557,509,1890.8872001404407,457.18363736629897,2608.835709399522,910.9821657002333,cam_3_1690327241_18-20-41.jpg
557,514,1709.7331833849037,503.49637607956043,2113.2943201432877,757.3579316012372,cam_3_1690327241_18-20-41.jpg
557,521,632.7322030209916,722.8712124801209,1193.0999703854968,1294.4915825875987,cam_3_1690327241_18-20-41.jpg
558,320,1643.898099286762,469.10386077957116,2053.9560181892984,698.5807030612467,cam_3_1690327256_18-20-56.jpg
558,354,395.1034334534954,515.1876013875969,1142.7475178723855,956.6852236183433,cam_3_1690327256_18-20-56.jpg
558,457,1284.7253675649877,325.549409538477,1827.3535651848845,742.7168755484986,cam_3_1690327256_18-20-56.jpg
558,484,1910.0754796393505,232.48361337865998,2315.729032874782,411.6629177967845,cam_3_1690327256_18-20-56.jpg
558,500,828.8274015860351,724.5784047399679,1142.7330415934855,1312.7204126910656,cam_3_1690327256_18-20-56.jpg
558,509,1994.7776273870015,515.3597023185505,2617.953919447483,906.6448701509239,cam_3_1690327256_18-20-56.jpg
558,510,2334.9598420798657,440.82845831352864,2734.831856445537,610.0945533370472,cam_3_1690327256_18-20-56.jpg
558,513,1846.1110804626792,511.7898852518565,2330.2062508260897,824.8498249962772,cam_3_1690327256_18-20-56.jpg
558,514,1721.4717658546488,504.3638415889048,2123.7676472611183,756.3876153384019,cam_3_1690327256_18-20-56.jpg
559,300,1701.975842948549,167.97754811070757,2007.922327949518,338.08047751885647,cam_3_1690327376_18-22-56.jpg
559,320,1653.3640257750906,471.66295409037474,2059.991632408238,698.9932679075795,cam_3_1690327376_18-22-56.jpg
559,354,351.72194538388686,515.2419663080245,1141.126156869675,978.4958643369126,cam_3_1690327376_18-22-56.jpg
559,475,1945.910944003655,223.31573353067392,2304.084368014574,419.77713843518677,cam_3_1690327376_18-22-56.jpg
559,480,1492.414883217674,408.83016476338486,1832.8158882220403,603.4662355586836,cam_3_1690327376_18-22-56.jpg
559,508,2426.2896365268607,440.92788409765853,2726.053070144576,618.6215948035101,cam_3_1690327376_18-22-56.jpg
559,509,2007.0590743770317,528.409690064995,2593.4621199061958,903.8683438357268,cam_3_1690327376_18-22-56.jpg
559,513,1840.1302345806555,506.8297521178272,2342.284957729034,827.9905868393676,cam_3_1690327376_18-22-56.jpg
559,514,1731.3731494248013,506.1058343712583,2127.71626949482,752.3106353047518,cam_3_1690327376_18-22-56.jpg
559,523,2536.26256658699,675.7194431180737,3768.445929587349,1313.5915805190725,cam_3_1690327376_18-22-56.jpg
559,531,2167.5274530397346,260.50540564405856,2622.460706857946,490.209934079908,cam_3_1690327376_18-22-56.jpg
560,320,1652.7223337388841,469.563174503724,2060.766981965664,698.7874422231484,cam_3_1690327406_18-23-26.jpg
560,354,351.14380240923356,516.823831446924,1154.7233711072888,986.1184490705143,cam_3_1690327406_18-23-26.jpg
560,460,1257.241318551274,185.55141352846118,1557.1048617415054,382.47342924038145,cam_3_1690327406_18-23-26.jpg
560,468,429.9402154651495,334.3224145605802,849.2870815527117,599.8366797638275,cam_3_1690327406_18-23-26.jpg
560,480,1486.2015264476922,414.42755710317107,1808.1844826399943,600.5345434517262,cam_3_1690327406_18-23-26.jpg
560,484,1904.8035372651857,229.89064974390755,2324.105216606643,416.12387547564646,cam_3_1690327406_18-23-26.jpg
560,508,2424.7116666270936,443.50512203828777,2723.098269358458,619.7525365384124,cam_3_1690327406_18-23-26.jpg
560,509,2014.900423738166,535.9055520304613,2580.1390404432095,903.1584117720361,cam_3_1690327406_18-23-26.jpg
560,513,1840.997841869084,509.5526660276371,2345.970357467771,828.6999591842107,cam_3_1690327406_18-23-26.jpg
560,514,1736.4468452905244,508.5177591438901,2129.3968065850304,750.2064138549406,cam_3_1690327406_18-23-26.jpg
560,523,2539.562740754716,677.3010095207078,3766.9200361649864,1315.2755022665838,cam_3_1690327406_18-23-26.jpg
560,531,2160.5648855153986,262.6241080407678,2615.6136871429817,492.9073878851897,cam_3_1690327406_18-23-26.jpg
561,320,1648.8044349316128,474.4778102963695,2047.5558205635389,698.6427630083971,cam_3_1690327421_18-23-41.jpg
561,354,373.74340063825525,520.6487439846167,1171.9874849905373,987.9486265945594,cam_3_1690327421_18-23-41.jpg
561,460,1250.1095229210312,188.4653278232529,1541.8166562883382,387.71545487736614,cam_3_1690327421_18-23-41.jpg
561,468,412.55760343969723,330.6276163377393,846.1705139341202,599.8594634997946,cam_3_1690327421_18-23-41.jpg
561,480,1483.3133778914905,411.5732252255809,1807.5494620413322,601.8167241692347,cam_3_1690327421_18-23-41.jpg
561,484,1909.4034193489424,228.30645032636534,2315.7736234968042,407.60026915535275,cam_3_1690327421_18-23-41.jpg
561,508,2421.2401086710997,442.1066988653972,2726.274710060965,620.9934506989136,cam_3_1690327421_18-23-41.jpg
561,509,2020.5429832998027,542.9997573726312,2569.933471405292,905.1920406620771,cam_3_1690327421_18-23-41.jpg
561,513,1837.049759778205,511.2148712258697,2345.155447860813,830.1411346646003,cam_3_1690327421_18-23-41.jpg
561,514,1736.3351010113656,507.1369958927213,2133.5316064048875,750.1059580561282,cam_3_1690327421_18-23-41.jpg
561,523,2549.7390279234205,659.7739087264999,3759.047311448191,1289.5782875773086,cam_3_1690327421_18-23-41.jpg
561,531,2173.957544572373,262.6193027140408,2616.4312633675213,486.70008547169897,cam_3_1690327421_18-23-41.jpg
561,534,1379.7803119584642,386.5125358432036,1708.6089566659393,569.3040767501064,cam_3_1690327421_18-23-41.jpg
561,535,1308.7907944711023,351.40853077394064,1635.4772569805223,534.1866025486952,cam_3_1690327421_18-23-41.jpg
562,320,1643.1169318192156,474.97962445623693,2041.5673893786275,699.8721182301285,cam_3_1690327436_18-23-56.jpg
562,354,388.9522639695513,521.6969068252835,1181.9146524334603,986.9528141808798,cam_3_1690327436_18-23-56.jpg
562,460,1245.370928287078,188.91085923231745,1531.6567635750969,390.2830373503125,cam_3_1690327436_18-23-56.jpg
562,468,422.22175870625506,331.19185005052015,855.2301856423292,601.5029370847328,cam_3_1690327436_18-23-56.jpg
562,480,1479.1983031475772,410.30780442194725,1804.4711071835,603.8952779140368,cam_3_1690327436_18-23-56.jpg
562,484,1907.162407924228,226.15405088002547,2316.8441706456715,407.02797258519365,cam_3_1690327436_18-23-56.jpg
562,508,2416.114383426567,442.7814277734525,2725.0476915102317,623.5379994618693,cam_3_1690327436_18-23-56.jpg
562,509,2021.9863518777006,542.0669058323526,2565.695654450433,904.9098553382007,cam_3_1690327436_18-23-56.jpg
562,513,1834.773998736893,509.45061050207096,2350.2572653895886,831.6763323874152,cam_3_1690327436_18-23-56.jpg
562,514,1732.964662916213,504.1253919424416,2137.0490915312876,750.527265356614,cam_3_1690327436_18-23-56.jpg
562,523,2571.4539240066833,648.2602171478842,3760.3402403984433,1266.806377243081,cam_3_1690327436_18-23-56.jpg
562,531,2174.423833611383,263.7597196872715,2614.7444684886173,487.59683667218235,cam_3_1690327436_18-23-56.jpg
562,534,1377.727792633072,391.3678144412262,1705.0124362980798,573.5006893836953,cam_3_1690327436_18-23-56.jpg
562,535,1309.456927740977,347.93362318297864,1644.9828212771056,536.0192446360152,cam_3_1690327436_18-23-56.jpg
563,320,1654.516085666188,472.7778692961527,2055.455901953502,698.7293948352393,cam_3_1690327511_18-25-11.jpg
563,354,351.0817556853681,519.8731700183818,1156.546036916344,987.8736520998433,cam_3_1690327511_18-25-11.jpg
563,460,1290.9372740336355,184.14206393171887,1562.6897304866195,375.9458472977019,cam_3_1690327511_18-25-11.jpg
563,468,388.82272730187526,336.7420399769429,826.0557522376319,602.5746818287234,cam_3_1690327511_18-25-11.jpg
563,475,2000.8330700448723,210.4997591664744,2347.915506653205,395.5796412517341,cam_3_1690327511_18-25-11.jpg
563,480,1479.781432488769,406.3023422283111,1807.330087406515,603.4977756967057,cam_3_1690327511_18-25-11.jpg
563,508,2416.993797131682,443.6614935086426,2725.9585747120027,622.9147761952929,cam_3_1690327511_18-25-11.jpg
563,509,2023.0141676968203,543.5384226180612,2556.7378487641686,904.506918501053,cam_3_1690327511_18-25-11.jpg
563,513,1833.6780225910109,509.23942818474563,2349.5518597133896,830.7565985698938,cam_3_1690327511_18-25-11.jpg
563,514,1736.0187912068186,508.1459294092789,2138.15606668508,751.7821929908977,cam_3_1690327511_18-25-11.jpg
563,523,2565.976279909586,643.7636678101792,3740.953386442479,1257.3791080542824,cam_3_1690327511_18-25-11.jpg
563,531,2181.891330358093,263.0515465293558,2621.3335528215744,488.7024399470229,cam_3_1690327511_18-25-11.jpg
563,534,1373.8338508660613,388.3440697608105,1702.560891937111,571.5558642659321,cam_3_1690327511_18-25-11.jpg
563,535,1309.439839634945,348.7113471519867,1644.3849909835258,536.9099310421375,cam_3_1690327511_18-25-11.jpg
564,320,1643.1944873684492,465.1326635825136,2054.1027080070717,698.4143406396602,cam_3_1690327586_18-26-26.jpg
564,354,402.8653575318685,530.1712821246755,1176.3030720956028,984.3112402493449,cam_3_1690327586_18-26-26.jpg
564,460,1304.5410279630905,181.64485926547647,1576.8362089607717,375.3637193870874,cam_3_1690327586_18-26-26.jpg
564,468,405.3238676645286,336.71371029592814,847.6666775223546,607.6366598298373,cam_3_1690327586_18-26-26.jpg
564,475,2007.1501020313972,201.91388828235512,2378.3367030117906,402.87401995889644,cam_3_1690327586_18-26-26.jpg
564,480,1484.2525982356528,408.2909893344198,1805.798553859528,602.9171952036702,cam_3_1690327586_18-26-26.jpg
564,509,2030.6205011246875,549.0613144843364,2552.8534085644487,904.2874052587858,cam_3_1690327586_18-26-26.jpg
564,513,1832.5672745825846,507.1334103664915,2352.455518693966,830.7151442891045,cam_3_1690327586_18-26-26.jpg
564,514,1729.670563499839,508.3832291067961,2132.8548695345853,753.4912867889739,cam_3_1690327586_18-26-26.jpg
564,520,728.2436880013485,1330.7374651393807,2233.0808148929436,2420.017492659306,cam_3_1690327586_18-26-26.jpg
564,531,2164.7679520615798,258.82645807520635,2620.060956322356,496.27762734362216,cam_3_1690327586_18-26-26.jpg
564,534,1375.2408304083908,388.3292013570482,1700.5585652934258,570.1194659947586,cam_3_1690327586_18-26-26.jpg
564,535,1309.6827922141097,348.2193510948679,1645.0668543011543,537.2510045369016,cam_3_1690327586_18-26-26.jpg
565,320,1646.4128326925627,464.01400586840595,2051.5271058421986,694.2621495608562,cam_3_1690327721_18-28-41.jpg
565,354,387.8651696848952,528.2128441203618,1200.0065595798192,1004.6791239747456,cam_3_1690327721_18-28-41.jpg
565,460,1333.037620756194,180.60045814109745,1598.3815715346807,375.34721917655327,cam_3_1690327721_18-28-41.jpg
565,468,377.39815439445755,343.24233327695265,836.7427417616445,624.669352389345,cam_3_1690327721_18-28-41.jpg
565,475,2016.4149874905647,204.4165760752653,2370.462955082228,396.2687430857641,cam_3_1690327721_18-28-41.jpg
565,480,1483.3367783170922,410.44715537571426,1799.0296266056523,602.7481223800789,cam_3_1690327721_18-28-41.jpg
565,509,2033.4497252002009,544.3161382645164,2557.814499686362,902.1805428636118,cam_3_1690327721_18-28-41.jpg
565,513,1830.799623451356,506.1828512871509,2351.536933169824,829.7440584585925,cam_3_1690327721_18-28-41.jpg
565,514,1730.9479275626236,491.8314361793898,2148.9537041676936,745.2876393443353,cam_3_1690327721_18-28-41.jpg
565,520,811.4089379622148,1297.3643810998274,2200.078208880005,2277.897060025868,cam_3_1690327721_18-28-41.jpg
565,531,2140.05507185415,253.76884848480327,2626.7648422502198,511.4550490861719,cam_3_1690327721_18-28-41.jpg
565,534,1373.024368197045,390.2309757276652,1697.4208539731123,572.0188108610607,cam_3_1690327721_18-28-41.jpg
565,535,1312.6572202644084,348.19547763118516,1643.3698391105045,534.6387824785488,cam_3_1690327721_18-28-41.jpg
566,212,1386.007777552468,178.5445313690488,1678.612023611871,363.1478700351073,cam_3_1690327841_18-30-41.jpg
566,320,1644.3287359672383,460.10994263192526,2055.7992790895773,695.4332649333011,cam_3_1690327841_18-30-41.jpg
566,354,362.89863307608005,537.1637906055379,1187.571772989454,1015.7354048788287,cam_3_1690327841_18-30-41.jpg
566,468,440.9689134045657,392.32039644701524,859.9146218851929,642.7526077627391,cam_3_1690327841_18-30-41.jpg
566,475,2013.3401084563875,213.8810855376145,2391.079751106764,423.9503341471748,cam_3_1690327841_18-30-41.jpg
566,480,1487.4997808233875,414.32338977509085,1797.9490603887125,603.648436411726,cam_3_1690327841_18-30-41.jpg
566,509,2031.5636624921003,545.4244197389389,2552.701914094846,902.6831053563764,cam_3_1690327841_18-30-41.jpg
566,513,1827.6184731148674,505.5152206149896,2350.471703370773,829.9701399752762,cam_3_1690327841_18-30-41.jpg
566,514,1730.9293080222387,479.4728777948376,2162.5422936849095,740.8814580509531,cam_3_1690327841_18-30-41.jpg
566,520,859.1573466748393,1323.5809397856065,2220.883707969133,2269.4193089229257,cam_3_1690327841_18-30-41.jpg
566,531,2199.4778239507204,245.32911345290577,2673.0923856482523,503.59515110653274,cam_3_1690327841_18-30-41.jpg
566,534,1369.5758618737113,388.1774020704321,1699.7099837714184,574.3519942618545,cam_3_1690327841_18-30-41.jpg
566,535,1311.740991245223,347.3767314783713,1644.3909851445235,535.3756810223566,cam_3_1690327841_18-30-41.jpg
566,537,2488.0314095484864,261.5190696671533,2700.6213127778406,576.2917708336702,cam_3_1690327841_18-30-41.jpg
566,538,1746.67373823455,355.1368275706672,2105.633594893467,480.5320290074836,cam_3_1690327841_18-30-41.jpg
567,320,1643.9388288316661,460.7702075820019,2048.548380821795,692.8212132148102,cam_3_1690327946_18-32-26.jpg
567,354,358.35417495553145,547.1567933506784,1160.151868310169,1008.005967212773,cam_3_1690327946_18-32-26.jpg
567,468,431.834407201802,398.8479270059913,893.6884834632363,675.5589899558242,cam_3_1690327946_18-32-26.jpg
567,475,1990.5255105141,212.0600101615637,2395.1494045055906,440.86655155054166,cam_3_1690327946_18-32-26.jpg
567,480,1488.861508610627,413.27866440398446,1800.2611044781672,603.3602507524434,cam_3_1690327946_18-32-26.jpg
567,509,2034.2921476731794,544.8054270221525,2554.1766815414917,902.5346251782621,cam_3_1690327946_18-32-26.jpg
567,513,1829.3050037138976,506.89087672971147,2351.6736947421714,829.9155700453243,cam_3_1690327946_18-32-26.jpg
567,514,1728.6725274463583,474.78382397900714,2168.264557461303,741.3712913829952,cam_3_1690327946_18-32-26.jpg
567,520,827.0578940397439,1312.104052955067,2221.0458708226442,2272.5205399859337,cam_3_1690327946_18-32-26.jpg
567,534,1377.8041056257211,387.7043253333202,1703.1160100970774,570.9061199899818,cam_3_1690327946_18-32-26.jpg
567,535,1318.7903321936892,351.1546914659041,1641.9885628014633,533.4024765991987,cam_3_1690327946_18-32-26.jpg
567,537,2483.652936289081,240.81021815438734,2691.9079055155894,547.3935946933058,cam_3_1690327946_18-32-26.jpg
567,538,1765.773283965799,370.31198113098867,2116.917268205279,492.76392241817,cam_3_1690327946_18-32-26.jpg
568,320,1642.991549855447,456.8586800519058,2054.894629507364,694.1734381407016,cam_3_1690328081_18-34-41.jpg
568,468,410.51947632601923,369.22804286625615,836.6199614716086,627.738978882747,cam_3_1690328081_18-34-41.jpg
568,475,1985.3654881113314,214.95874208617295,2383.394093219115,441.36373268845955,cam_3_1690328081_18-34-41.jpg
568,480,1487.9111690594536,409.34839942127905,1804.5200344878963,603.3276984113518,cam_3_1690328081_18-34-41.jpg
568,509,2038.2875135336815,542.3832236797286,2561.7118230519245,902.7509317592752,cam_3_1690328081_18-34-41.jpg
568,513,1814.0258392532342,502.85218559159887,2336.285501651236,827.9275069597865,cam_3_1690328081_18-34-41.jpg
568,514,1729.377311462019,475.57834493328824,2168.483079023879,742.1343907773553,cam_3_1690328081_18-34-41.jpg
568,521,917.582725668892,362.5028579096962,1240.0381076975564,698.2308875141628,cam_3_1690328081_18-34-41.jpg
568,534,1380.9170258819347,385.9591059041786,1710.1165458628502,571.1052015704261,cam_3_1690328081_18-34-41.jpg
568,535,1319.559536596076,356.04560481207204,1634.9150747284996,533.9811670646586,cam_3_1690328081_18-34-41.jpg
569,320,1644.0938676551195,454.0553247409424,2053.980373261188,691.4709443017138,cam_3_1690328141_18-35-41.jpg
569,468,409.82438280947747,356.2012256366587,831.4090462507306,614.5441201081035,cam_3_1690328141_18-35-41.jpg
569,475,2048.22250111192,211.45786519472193,2485.811882659837,464.05603816592736,cam_3_1690328141_18-35-41.jpg
569,480,1489.0135005448103,404.7110104305534,1810.9695791864656,602.8217716402607,cam_3_1690328141_18-35-41.jpg
569,509,2040.2582941236137,546.3653441630511,2557.477498926543,902.7241402675147,cam_3_1690328141_18-35-41.jpg
569,513,1836.8225264641205,523.4052892830017,2332.638012812795,828.5112635584879,cam_3_1690328141_18-35-41.jpg
569,514,1734.2323776434093,475.85498977561053,2172.7289287438853,741.109094195562,cam_3_1690328141_18-35-41.jpg
569,534,1380.9890880512646,378.5390001223731,1724.4960486935993,571.4818256016536,cam_3_1690328141_18-35-41.jpg
569,535,1315.2194715158744,354.29854505110006,1634.0179915516749,534.9481147507576,cam_3_1690328141_18-35-41.jpg
569,540,1894.9539799158006,218.38968322465442,2085.0726716435315,431.2128750757041,cam_3_1690328141_18-35-41.jpg
569,541,2480.9707266792166,272.9522198632232,2677.422155297326,568.1373665419383,cam_3_1690328141_18-35-41.jpg
570,320,1646.4027362980587,455.21267256121905,2059.091415366378,694.8109250777163,cam_3_1690328216_18-36-56.jpg
570,460,1304.9823537700508,180.63953309529685,1576.3405075660748,376.11211705668256,cam_3_1690328216_18-36-56.jpg
570,466,1792.8504077795199,355.95295882355276,2081.610447631244,477.0742901700314,cam_3_1690328216_18-36-56.jpg
570,468,408.6557125215864,334.4117689246897,838.190065747913,593.8624816017748,cam_3_1690328216_18-36-56.jpg
570,470,2235.535537813879,262.7736754555134,2585.0218945254833,538.2739362571688,cam_3_1690328216_18-36-56.jpg
570,475,2064.784609574069,207.50650875922958,2462.8448723525744,441.1686839703213,cam_3_1690328216_18-36-56.jpg
570,480,1485.10117215555,401.41411158669627,1807.2477022263602,601.442626155545,cam_3_1690328216_18-36-56.jpg
570,509,2039.540057606188,542.9086233095146,2560.8468934798107,903.0580905424755,cam_3_1690328216_18-36-56.jpg
570,513,1834.1042911359473,525.6314091118944,2328.931186124033,829.1015361560918,cam_3_1690328216_18-36-56.jpg
570,514,1737.7328031642755,484.35344832937545,2158.5607807384145,738.7576875751192,cam_3_1690328216_18-36-56.jpg
570,521,935.1811817795729,331.7600975981068,1232.4067380947258,635.2132892499194,cam_3_1690328216_18-36-56.jpg
570,528,2767.1982392670247,297.132857765205,3212.570237171611,659.9676169955885,cam_3_1690328216_18-36-56.jpg
570,534,1386.0242572721747,377.38729792135075,1729.98234927946,569.5182256906403,cam_3_1690328216_18-36-56.jpg
570,535,1311.5938429216142,350.5098899892318,1630.4030757689302,531.7813271952216,cam_3_1690328216_18-36-56.jpg
570,543,3180.334762431803,430.8224557625994,3749.325616049439,1064.6779185426938,cam_3_1690328216_18-36-56.jpg
571,320,1644.135775256869,455.3511656432473,2058.9343399234026,697.3423830676904,cam_3_1690328231_18-37-11.jpg
571,460,1310.7097859303406,180.7257533880542,1576.5376534636314,369.6532341912689,cam_3_1690328231_18-37-11.jpg
571,468,403.5310919013622,350.469881708539,843.8330072361849,630.4268570468853,cam_3_1690328231_18-37-11.jpg
571,470,2235.43473933981,258.850602429775,2560.6335009843215,511.56507320239564,cam_3_1690328231_18-37-11.jpg
571,475,1977.7418860076384,211.76804296349246,2342.6394439304013,429.00627812083906,cam_3_1690328231_18-37-11.jpg
571,480,1483.5175925805547,404.31120796150987,1796.8267537874046,600.3905727575421,cam_3_1690328231_18-37-11.jpg
571,509,2039.9810226234313,542.7683527807264,2561.389455187743,903.5514223640456,cam_3_1690328231_18-37-11.jpg
571,513,1825.8993272113153,521.3391722663087,2326.1902067610663,828.883498186545,cam_3_1690328231_18-37-11.jpg
571,514,1741.7990573002978,486.1716509675925,2160.9442926585207,739.0168067793243,cam_3_1690328231_18-37-11.jpg
571,521,938.8056588419266,332.0203763879433,1239.1049924633821,644.8722949908765,cam_3_1690328231_18-37-11.jpg
571,534,1385.0245249378145,379.1511321228786,1726.206654379156,569.5368129783348,cam_3_1690328231_18-37-11.jpg
571,535,1308.5031828571578,349.7292342836935,1629.2515400890356,533.0921666029991,cam_3_1690328231_18-37-11.jpg
571,543,3251.9982898861626,415.090751183078,3849.9117940203837,1079.4252255511938,cam_3_1690328231_18-37-11.jpg
572,300,1806.1355631181646,192.90780516766833,2098.0736164719156,363.54666969775633,cam_3_1690328246_18-37-26.jpg
572,320,1649.7028963901182,453.4024096569839,2070.7534729180693,698.4419605794596,cam_3_1690328246_18-37-26.jpg
572,460,1299.861453363023,180.4296574767319,1576.5119893779563,375.4425483768342,cam_3_1690328246_18-37-26.jpg
572,468,383.85585798359216,362.959663876085,826.8850103416089,656.9234770569924,cam_3_1690328246_18-37-26.jpg
572,480,1484.2077277130393,401.72908041706336,1804.1192261789704,603.0031530418918,cam_3_1690328246_18-37-26.jpg
572,509,2041.3550417716258,542.5925530790424,2560.038169208645,901.7133440426725,cam_3_1690328246_18-37-26.jpg
572,513,1834.540873450106,526.5714013997194,2327.1956202587094,827.5278195020387,cam_3_1690328246_18-37-26.jpg
572,514,1733.5939857882174,479.26152955961913,2165.4694085947767,740.8910979012445,cam_3_1690328246_18-37-26.jpg
572,517,489.6508791947999,421.4011047555358,985.3745213905538,817.1825103577646,cam_3_1690328246_18-37-26.jpg
572,534,1385.1133379642192,380.79773532740256,1724.864563190099,570.6179030510891,cam_3_1690328246_18-37-26.jpg
572,535,1312.4121468843014,350.47628625877104,1633.8149407148821,534.4935881360873,cam_3_1690328246_18-37-26.jpg
572,538,1791.9701222313897,364.9151611599831,2138.700701272296,485.66338599279044,cam_3_1690328246_18-37-26.jpg
572,543,3289.3870729064733,408.2705480720562,3922.643629971014,1112.3917088273474,cam_3_1690328246_18-37-26.jpg
573,320,1641.5239898672814,445.92621628394994,2065.7967085405044,695.0947961635727,cam_3_1690328321_18-38-41.jpg
573,421,1152.0311650287283,201.21109515403754,1482.1724917587026,404.7151457451077,cam_3_1690328321_18-38-41.jpg
573,468,381.85759022859725,363.3607024960626,828.8261912316198,671.2288366927061,cam_3_1690328321_18-38-41.jpg
573,480,1488.1327693665817,401.06047016871406,1805.5125112400524,601.7237812489908,cam_3_1690328321_18-38-41.jpg
573,509,2040.7895338840544,542.0792258536884,2560.6284653203393,902.1800149716152,cam_3_1690328321_18-38-41.jpg
573,510,2156.7428686505423,409.2893375709116,2555.534642530209,577.2132652023022,cam_3_1690328321_18-38-41.jpg
573,513,1828.3959044590438,527.1240898712356,2322.361658492443,828.5149061693473,cam_3_1690328321_18-38-41.jpg
573,514,1729.613622333333,475.2838025336281,2168.7039249964637,742.0279206610054,cam_3_1690328321_18-38-41.jpg
573,517,477.01491963503906,412.0695507896004,988.0596240959912,812.7138193168807,cam_3_1690328321_18-38-41.jpg
573,534,1386.5544730604825,379.8045946022844,1729.3066152651643,571.0932152931193,cam_3_1690328321_18-38-41.jpg
573,535,1315.0287862766284,349.5649662214178,1640.645317632228,536.2130597723399,cam_3_1690328321_18-38-41.jpg
573,545,3193.0365676719753,357.5156824225904,4015.9626032754213,890.6785632327567,cam_3_1690328321_18-38-41.jpg
574,354,320.51898459400576,426.0733848038418,1006.5483544530559,817.5880958729124,cam_3_1690328441_18-40-41.jpg
574,421,1092.3111816679198,205.33303316262558,1438.2018792747563,416.35725854578095,cam_3_1690328441_18-40-41.jpg
574,457,1548.4295518259814,343.9803098182738,2012.5125860000626,698.9355401096655,cam_3_1690328441_18-40-41.jpg
574,468,428.7608290851067,362.0794333741951,809.9195103517554,615.9295927100891,cam_3_1690328441_18-40-41.jpg
574,509,2040.6639691217363,543.4539842993821,2559.0102757878662,903.0875033580596,cam_3_1690328441_18-40-41.jpg
574,510,2147.907484116833,408.76927249231505,2543.6599398364815,570.9517746880914,cam_3_1690328441_18-40-41.jpg
574,513,1824.386280980424,527.2590002815421,2323.199915782994,831.5201320955641,cam_3_1690328441_18-40-41.jpg
574,514,1721.0699230706623,471.22530439298157,2164.0474246386275,742.9083006762669,cam_3_1690328441_18-40-41.jpg
574,520,623.9698815394883,1046.1384195437709,1679.4014485890716,1751.4545461583625,cam_3_1690328441_18-40-41.jpg
574,535,1307.965222350104,351.18938951441584,1630.8291075470484,537.646497077738,cam_3_1690328441_18-40-41.jpg
575,354,352.66808540705796,413.6563638715002,1021.1141270584706,798.1766076793915,cam_3_1690328546_18-42-26.jpg
575,457,1542.2230625975828,342.295253046356,2013.7451594878041,701.2045748604182,cam_3_1690328546_18-42-26.jpg
575,468,441.50214202480856,364.8236651515596,817.101791472983,609.5774988002704,cam_3_1690328546_18-42-26.jpg
575,509,2041.7973155336933,544.6603277686191,2561.010614221539,904.859651653632,cam_3_1690328546_18-42-26.jpg
575,510,2137.4817036805916,409.9408872751121,2540.283000930922,571.1059670013121,cam_3_1690328546_18-42-26.jpg
575,513,1823.4024428741482,530.6883248831341,2315.6610524711864,830.9015118231113,cam_3_1690328546_18-42-26.jpg
575,514,1703.734993725664,483.1748192287751,2118.007243297551,741.8993291296981,cam_3_1690328546_18-42-26.jpg
575,520,628.9475249926998,974.4105080278055,1587.3965194477641,1598.0973852130423,cam_3_1690328546_18-42-26.jpg
575,535,1310.2006196353664,348.3929479302457,1631.4444159439593,534.7218255721828,cam_3_1690328546_18-42-26.jpg
576,354,369.64920215870796,375.71266572052383,957.744457963194,725.878336129789,cam_3_1690328591_18-43-11.jpg
576,457,1491.170284290797,351.19678778099876,1996.3370669676635,731.8744305178119,cam_3_1690328591_18-43-11.jpg
576,468,429.41797930936343,359.31619967747645,824.717312342073,611.3232601835307,cam_3_1690328591_18-43-11.jpg
576,509,2042.4919276545743,544.5915854834477,2560.343038850857,903.827040905264,cam_3_1690328591_18-43-11.jpg
576,510,2131.724028448908,407.41956168376146,2534.350515733756,563.6994885531029,cam_3_1690328591_18-43-11.jpg
576,513,1826.693910122396,520.60101475833,2333.536876835807,829.0550674107097,cam_3_1690328591_18-43-11.jpg
576,514,1698.1648377900779,486.02033723602824,2101.5261786959427,741.5836230881442,cam_3_1690328591_18-43-11.jpg
576,517,468.1886202136577,411.3578014855117,982.898696907698,807.3054132852684,cam_3_1690328591_18-43-11.jpg
576,520,595.7118283330688,949.5839071996875,1550.7736235457069,1563.2706296771962,cam_3_1690328591_18-43-11.jpg
576,535,1300.4415687639691,350.7848048401951,1621.878679061083,539.5743311208986,cam_3_1690328591_18-43-11.jpg
576,549,499.2051004595238,777.9638220597207,1431.409820906746,1435.0911465430167,cam_3_1690328591_18-43-11.jpg
577,354,387.6774876177968,369.6288524580284,904.1838339188029,681.4651902747307,cam_3_1690328681_18-44-41.jpg
577,469,393.1307098907604,742.4471209111408,1406.9173904971008,1311.672416771472,cam_3_1690328681_18-44-41.jpg
577,480,1494.3444628442862,400.6844042330632,1808.033071956198,598.4491936787012,cam_3_1690328681_18-44-41.jpg
577,509,2042.9858748463494,541.8438649761105,2566.6759616932777,905.2410065131509,cam_3_1690328681_18-44-41.jpg
577,510,2156.586816562625,407.52954601959874,2554.2923651703527,562.6736458908798,cam_3_1690328681_18-44-41.jpg
577,513,1825.8276282867994,515.8090434211574,2342.393397248302,830.1837078360257,cam_3_1690328681_18-44-41.jpg
577,514,1722.9325427793856,477.35989467258435,2139.9635037640073,740.188929377073,cam_3_1690328681_18-44-41.jpg
577,517,464.92915688309455,413.5491127052502,989.520966655255,814.9599704523325,cam_3_1690328681_18-44-41.jpg
577,520,594.5538577450417,925.711857333316,1593.7008903467913,1576.0181313625308,cam_3_1690328681_18-44-41.jpg
577,523,2623.366495879929,618.8945402380153,3736.736128566626,1202.3410367496804,cam_3_1690328681_18-44-41.jpg
577,534,1382.3123912486874,378.1589614708975,1732.78098279879,573.3359044115815,cam_3_1690328681_18-44-41.jpg
577,535,1313.1089121376162,349.64109284478667,1629.1412301775913,534.9586764175687,cam_3_1690328681_18-44-41.jpg
578,354,438.249113443546,368.0377980045641,845.1341349786437,606.2700670179149,cam_3_1690328696_18-44-56.jpg
578,480,1491.917136630329,401.1966479347358,1805.4308941104741,599.1270302213611,cam_3_1690328696_18-44-56.jpg
578,509,2042.7764699317827,540.097488069542,2569.1994712487317,905.2761473237861,cam_3_1690328696_18-44-56.jpg
578,510,2169.3930214680927,407.66989143515286,2559.983396873219,560.5890715237856,cam_3_1690328696_18-44-56.jpg
578,513,1825.765946394621,516.6013330869355,2342.7044232442595,830.5958474296128,cam_3_1690328696_18-44-56.jpg
578,514,1723.7856283689105,478.12487796828316,2137.8064559156005,739.6327076627599,cam_3_1690328696_18-44-56.jpg
578,517,434.9855939767953,414.32264038802856,962.7622409203695,798.307051940634,cam_3_1690328696_18-44-56.jpg
578,520,557.718151352721,920.9404303108798,1541.5218350207647,1540.6721385764895,cam_3_1690328696_18-44-56.jpg
578,523,2627.7346085208183,619.9047907403935,3734.2189832147324,1200.2962836565498,cam_3_1690328696_18-44-56.jpg
578,534,1376.840994693931,374.8485128565251,1727.6700697787917,570.4769064580568,cam_3_1690328696_18-44-56.jpg
578,535,1316.0946040013605,349.35095450201925,1628.6706213335538,532.2686965552044,cam_3_1690328696_18-44-56.jpg
578,549,511.2477866169293,740.7704529034726,1490.4469771781953,1436.9331141362668,cam_3_1690328696_18-44-56.jpg
579,354,405.6249191140612,364.0794991137964,776.6465406995228,574.5285813380447,cam_3_1690328756_18-45-56.jpg
579,468,410.5370723901523,372.526853145786,868.0035781654717,666.5242019481284,cam_3_1690328756_18-45-56.jpg
579,480,1495.0757676144594,401.202355898342,1806.4200823674205,598.7977809071278,cam_3_1690328756_18-45-56.jpg
579,509,2040.3581958650145,541.0464108717845,2562.502039015845,903.7452057580904,cam_3_1690328756_18-45-56.jpg
579,510,2172.3799525296763,407.9896102916918,2561.6493741326403,560.1993020829897,cam_3_1690328756_18-45-56.jpg
579,513,1830.56637161348,510.25877851226863,2355.4788265784964,829.3057936971438,cam_3_1690328756_18-45-56.jpg
579,514,1732.6370111358751,477.09064647225466,2147.0361531111575,738.1979315651865,cam_3_1690328756_18-45-56.jpg
579,517,442.3189263464826,418.7594042870186,978.7397207276385,803.4429586888174,cam_3_1690328756_18-45-56.jpg
579,520,562.7051800844345,903.6932114796842,1499.419240097271,1497.3822191983468,cam_3_1690328756_18-45-56.jpg
579,526,1423.531227154892,1401.9269368974997,2464.9475464642974,2759.617589142479,cam_3_1690328756_18-45-56.jpg
579,534,1377.2912657226939,374.6814387439749,1732.1439538308725,572.6970095305503,cam_3_1690328756_18-45-56.jpg
579,535,1321.9418363275372,346.65078435297755,1640.6209439167171,532.6241806864774,cam_3_1690328756_18-45-56.jpg
579,549,561.2685466618041,732.7931304781462,1438.647699728401,1357.8170260995607,cam_3_1690328756_18-45-56.jpg
579,550,1758.4155406591278,333.3659408649947,2012.9805875662091,474.8957826313509,cam_3_1690328756_18-45-56.jpg
580,354,389.0027395032827,346.2837174393527,801.8953250422521,585.2693765154277,cam_3_1690328861_18-47-41.jpg
580,480,1489.7125661406453,399.1016546095758,1803.3873883356941,599.5573047835294,cam_3_1690328861_18-47-41.jpg
580,509,2044.564398584296,543.7105592530776,2562.580430136338,903.0023542007046,cam_3_1690328861_18-47-41.jpg
580,510,2171.0664899132116,407.58744264287907,2557.5483950480934,557.8910620432947,cam_3_1690328861_18-47-41.jpg
580,513,1835.221815902787,515.7864763150064,2353.896907530605,830.3560380469536,cam_3_1690328861_18-47-41.jpg
580,514,1733.6973111725033,474.46646230704806,2154.9625735626214,739.551805578757,cam_3_1690328861_18-47-41.jpg
580,517,421.16578627845814,409.73064631913996,925.8992365039412,776.641566601641,cam_3_1690328861_18-47-41.jpg
580,520,564.8826733658286,896.4501295576555,1475.5780698615363,1472.9665926409348,cam_3_1690328861_18-47-41.jpg
580,526,1421.2910645837076,1425.7446820180808,2473.318763954241,2762.675065108188,cam_3_1690328861_18-47-41.jpg
580,534,1377.3367263189475,374.23059434150633,1730.3870178691561,571.645124358997,cam_3_1690328861_18-47-41.jpg
580,535,1323.9485556061627,347.7445238854192,1643.6628417946529,533.7200363120955,cam_3_1690328861_18-47-41.jpg
580,549,562.9881235283458,734.3542312481693,1396.665608130238,1327.501873882208,cam_3_1690328861_18-47-41.jpg
580,550,1758.6769952963016,333.37984476042766,2006.2993290359298,470.3720505579109,cam_3_1690328861_18-47-41.jpg
581,354,372.64467720438296,345.4390183090702,817.8612946739781,608.8829490409707,cam_3_1690328966_18-49-26.jpg
581,468,422.95668666345694,379.2227147130724,869.8361068495748,664.7486767640743,cam_3_1690328966_18-49-26.jpg
581,480,1401.6808491801257,365.90733947675113,1907.6530588604357,702.5887956190024,cam_3_1690328966_18-49-26.jpg
581,509,2038.8240327902322,563.2314097930424,2535.1618542860797,905.450487044176,cam_3_1690328966_18-49-26.jpg
581,513,1774.0487645288742,425.0866402104659,2429.2525156792617,825.616616878847,cam_3_1690328966_18-49-26.jpg
581,517,437.8697331194614,430.8342962623341,976.5270160075806,820.0083236173799,cam_3_1690328966_18-49-26.jpg
581,520,552.17999734871,891.6604235779905,1476.4514238941779,1474.8755685537717,cam_3_1690328966_18-49-26.jpg
581,526,1068.2236280495185,1421.255250891662,2146.0463478966153,2565.6645415932026,cam_3_1690328966_18-49-26.jpg
581,534,1349.9626045275968,364.9281327460089,1703.1607390133174,563.87657327151,cam_3_1690328966_18-49-26.jpg
581,535,1311.1705176299176,345.6773212114885,1631.151081050154,533.3064229747422,cam_3_1690328966_18-49-26.jpg
581,549,509.26159671994645,727.246650767376,1398.1435362617383,1360.411768446922,cam_3_1690328966_18-49-26.jpg
582,354,398.13146070123923,351.447944750047,793.8999798416932,571.827468294284,cam_3_1690329071_18-51-11.jpg
582,480,1462.402041257349,387.7500463053127,1869.5040777161153,653.21309378569,cam_3_1690329071_18-51-11.jpg
582,509,2039.167867882327,556.8164119874341,2547.4615871030505,905.7164044530862,cam_3_1690329071_18-51-11.jpg
582,513,1748.3675484776281,403.95800473521945,2439.246531723517,826.1120007009852,cam_3_1690329071_18-51-11.jpg
582,517,456.66807772653516,435.17214831425804,979.915008892991,806.0090675138783,cam_3_1690329071_18-51-11.jpg
582,520,515.2379985706957,896.2776437199923,1442.4651370948905,1475.0475399352144,cam_3_1690329071_18-51-11.jpg
582,526,1023.1367141380499,1417.2860683541235,2152.652895643123,2538.651821643397,cam_3_1690329071_18-51-11.jpg
582,535,1239.3361887757428,317.3955009784544,1687.7348246233216,586.5676357951902,cam_3_1690329071_18-51-11.jpg
582,549,519.0671434498153,719.5593445025307,1403.7322253409097,1354.2288629652344,cam_3_1690329071_18-51-11.jpg
583,320,1513.988933849552,407.829501791957,1856.6057296698607,606.9373805253862,cam_3_1690329101_18-51-41.jpg
583,468,429.269364421583,386.16684673771306,858.0564727554301,659.0283596403722,cam_3_1690329101_18-51-41.jpg
583,509,2033.6619361304702,554.3507348609082,2548.1012238443527,906.8007451162239,cam_3_1690329101_18-51-41.jpg
583,513,1736.4773920942616,394.6632183794308,2442.3792749887198,825.5012939444855,cam_3_1690329101_18-51-41.jpg
583,517,447.27435642237646,438.6168166649078,995.9521878943117,826.101850316275,cam_3_1690329101_18-51-41.jpg
583,520,500.64308992862,874.9316275376282,1437.0636906826358,1448.0441311632758,cam_3_1690329101_18-51-41.jpg
583,526,990.5458461965546,1388.6126697406403,2219.3681768174024,2563.03499131827,cam_3_1690329101_18-51-41.jpg
583,535,1219.9582695277297,308.6635056910153,1703.8586127941626,605.9362968890432,cam_3_1690329101_18-51-41.jpg
583,549,535.254830744,719.4433003651965,1403.1221843074925,1348.463663262541,cam_3_1690329101_18-51-41.jpg
584,320,1499.9936790680258,406.1449996075393,1833.9339277017384,600.5260186901197,cam_3_1690329146_18-52-26.jpg
584,468,439.3284673119564,369.54339073429344,812.3224291707209,587.9646908993664,cam_3_1690329146_18-52-26.jpg
584,469,403.1950008668422,864.3984344597482,1478.5742225760546,1451.392456174473,cam_3_1690329146_18-52-26.jpg
584,509,2036.0952715918747,556.0825145540408,2548.896637248903,906.280349682858,cam_3_1690329146_18-52-26.jpg
584,510,2222.4177015959717,403.4373962655684,2564.5402791291363,537.1276771852423,cam_3_1690329146_18-52-26.jpg
584,513,1739.3849369442519,382.302055486627,2449.6906686156863,818.6480117502817,cam_3_1690329146_18-52-26.jpg
584,517,456.6170829674928,435.8311775080392,979.8467319719201,794.7922203573924,cam_3_1690329146_18-52-26.jpg
584,526,914.3105381714372,1368.8937157658943,2228.767060152961,2610.1325689477894,cam_3_1690329146_18-52-26.jpg
584,535,1209.9355410165135,305.86603991478034,1698.0337159529406,613.8502192711537,cam_3_1690329146_18-52-26.jpg
584,549,480.1500502172087,723.1425214135606,1343.5382595958822,1342.5039664544793,cam_3_1690329146_18-52-26.jpg
585,320,1501.0838327281372,410.30451769175704,1831.4608517152133,601.4985993732214,cam_3_1690329266_18-54-26.jpg
585,466,1742.2635467814168,336.25419295379027,2009.1404521520951,445.1881573950505,cam_3_1690329266_18-54-26.jpg
585,468,390.63186484382396,377.52818929718177,899.2893365167361,680.5447762850581,cam_3_1690329266_18-54-26.jpg
585,469,450.8887420524584,836.6735063559363,1545.3177885652644,1427.3518694238965,cam_3_1690329266_18-54-26.jpg
585,509,2031.6875250570697,549.5473770018431,2556.1209293841302,906.9144708235328,cam_3_1690329266_18-54-26.jpg
585,510,2211.4393758217093,407.2960101126463,2565.820540628365,546.5406083553713,cam_3_1690329266_18-54-26.jpg
585,513,1631.6082976942278,406.4533547911158,2379.5950965700004,866.6087823094483,cam_3_1690329266_18-54-26.jpg
585,517,450.45451767763643,432.56233486990754,957.5507131614031,773.6467192817729,cam_3_1690329266_18-54-26.jpg
585,526,808.2868491122101,1290.8272599960935,1934.5979378070172,2272.592864579665,cam_3_1690329266_18-54-26.jpg
585,535,1214.744424459674,303.5679336345148,1708.498394031855,619.6155575134852,cam_3_1690329266_18-54-26.jpg
585,549,564.2727682235765,714.6174318354975,1298.1352843347395,1223.6608455704372,cam_3_1690329266_18-54-26.jpg
586,320,1484.866933840831,411.1875760770003,1801.9142822418876,597.6019795704333,cam_3_1690329356_18-55-56.jpg
586,466,1726.4569545662548,333.6856976950467,2012.687107725073,451.43863517550716,cam_3_1690329356_18-55-56.jpg
586,468,375.2435766027737,377.4349372472283,896.0101651707397,687.67432492131,cam_3_1690329356_18-55-56.jpg
586,469,412.3203264066831,814.0570797370502,1658.1646988411019,1525.5250202629277,cam_3_1690329356_18-55-56.jpg
586,484,2167.1836482171993,411.85691222227433,2554.2873286387776,578.2301597997816,cam_3_1690329356_18-55-56.jpg
586,509,2032.6704848501083,545.3035168831228,2563.8104067498716,906.2453906765631,cam_3_1690329356_18-55-56.jpg
586,513,1626.9954323380123,416.1722166655945,2179.323052203845,755.3994005926459,cam_3_1690329356_18-55-56.jpg
586,514,1744.3211453133267,469.1499101351571,2201.67950248936,754.8369840498606,cam_3_1690329356_18-55-56.jpg
586,517,440.8348903707091,430.07743469554424,949.1214619719982,763.4889232003047,cam_3_1690329356_18-55-56.jpg
586,523,2626.8586056591507,577.3847716896635,3793.5504836722967,1193.2893760329334,cam_3_1690329356_18-55-56.jpg
586,526,768.521735559518,1275.462977221492,1830.816596072382,2146.721079549743,cam_3_1690329356_18-55-56.jpg
586,535,1181.9075556985895,305.0450133999531,1694.271524552919,634.8604394937547,cam_3_1690329356_18-55-56.jpg
586,549,543.6861038573605,708.7997648360272,1401.4205210402224,1311.9756626868527,cam_3_1690329356_18-55-56.jpg
587,320,1485.2960921150338,413.13246775329617,1795.0552961043418,596.7290326438924,cam_3_1690329371_18-56-11.jpg
587,466,1721.9490713977182,331.5567925573356,2010.7425608065303,449.2392343090113,cam_3_1690329371_18-56-11.jpg
587,468,379.06492630747067,392.810874222099,893.8157876490825,695.9543497717318,cam_3_1690329371_18-56-11.jpg
587,469,385.1209764018714,811.2180795686305,1701.8119267547631,1607.662673039361,cam_3_1690329371_18-56-11.jpg
587,484,2163.9050144429834,413.82397595946946,2556.6244943591523,579.5044030794281,cam_3_1690329371_18-56-11.jpg
587,509,2033.4405330546442,543.9710069466199,2566.8413527802577,905.5047605752168,cam_3_1690329371_18-56-11.jpg
587,513,1626.59631330834,421.92206624229505,2091.4013778984704,706.640145578241,cam_3_1690329371_18-56-11.jpg
587,514,1742.1298710246429,469.8007122677782,2203.784039096241,756.3874911375203,cam_3_1690329371_18-56-11.jpg
587,517,434.0171959608947,427.09710103508354,953.5479661148715,762.0266679808847,cam_3_1690329371_18-56-11.jpg
587,523,2619.4823410215736,574.0506795936624,3788.0582580473556,1193.9293531760918,cam_3_1690329371_18-56-11.jpg
587,526,812.7989499486891,1260.3707009627246,1858.1202816824832,2097.704330669708,cam_3_1690329371_18-56-11.jpg
587,535,1167.3589850162787,307.5853118972907,1678.342796279381,639.6784514800764,cam_3_1690329371_18-56-11.jpg
587,549,548.7240265837088,706.4103934536471,1429.2159169005106,1333.4740085739618,cam_3_1690329371_18-56-11.jpg
588,320,1482.2382614426942,411.7179408693414,1788.0352654908365,594.2785865153141,cam_3_1690329416_18-56-56.jpg
588,466,1719.8930883367218,330.82586029988596,2020.0466969329973,454.30457474804723,cam_3_1690329416_18-56-56.jpg
588,468,377.9340514531392,393.43147043602085,923.1785029307974,719.1324802303402,cam_3_1690329416_18-56-56.jpg
588,469,404.30669808334324,819.4766748335464,1731.8158099653797,1666.3320162008781,cam_3_1690329416_18-56-56.jpg
588,484,2166.977424704647,413.51487307149097,2563.25036101641,579.8870974852452,cam_3_1690329416_18-56-56.jpg
588,509,2031.192269893827,543.6081454018429,2564.350180004468,904.934987842935,cam_3_1690329416_18-56-56.jpg
588,513,1625.156118082743,426.65497316725623,2060.0148430281065,692.9948604360723,cam_3_1690329416_18-56-56.jpg
588,514,1736.7244976228603,465.57762942110475,2205.3746778727677,755.8255977899021,cam_3_1690329416_18-56-56.jpg
588,517,425.5427220062313,426.70867320788625,981.1299264906606,786.2189518247781,cam_3_1690329416_18-56-56.jpg
588,520,497.33121298105414,670.4683589208792,1383.8876907330628,1204.9160577920923,cam_3_1690329416_18-56-56.jpg
588,526,745.0059900206902,1175.1513233015553,1750.2103809911814,1969.2726821132767,cam_3_1690329416_18-56-56.jpg
588,535,1120.5178986074493,310.5289336307992,1631.5006709880338,643.7788543976728,cam_3_1690329416_18-56-56.jpg
589,320,1488.113177104383,413.9909776498682,1793.0268700021663,596.4437071599314,cam_3_1690329431_18-57-11.jpg
589,466,1720.3246420087178,327.66766217382315,2012.6108663416048,445.80347328136787,cam_3_1690329431_18-57-11.jpg
589,468,382.63619652960216,415.1032367218304,950.0954119745372,749.7790553017844,cam_3_1690329431_18-57-11.jpg
589,469,405.1287749835227,806.9488779095409,1655.4211607917746,1616.2496273435204,cam_3_1690329431_18-57-11.jpg
589,484,2161.9859370884647,413.00521940685235,2565.841052632022,582.0087898866556,cam_3_1690329431_18-57-11.jpg
589,509,2030.480374176839,544.4108226064286,2562.2685062280707,904.5386046308263,cam_3_1690329431_18-57-11.jpg
589,513,1629.193983797639,432.1305860462389,2051.576051032143,690.1161827832354,cam_3_1690329431_18-57-11.jpg
589,514,1730.8344355563827,461.95127565248134,2203.7990043850978,755.5111450881084,cam_3_1690329431_18-57-11.jpg
589,520,517.3398605859516,667.8146133937714,1413.2135429753012,1205.1777587052438,cam_3_1690329431_18-57-11.jpg
589,526,762.7277924988823,1145.9640663244695,1754.4356288837105,1913.9511137230684,cam_3_1690329431_18-57-11.jpg
589,534,1404.5524009895444,381.7963984326302,1719.720016350457,560.7966437759,cam_3_1690329431_18-57-11.jpg
589,535,1085.4070194240694,310.356022936811,1593.9844574106737,647.0408731561272,cam_3_1690329431_18-57-11.jpg
590,320,1486.930147737234,415.7286411815568,1783.865756063776,594.8606314844495,cam_3_1690329461_18-57-41.jpg
590,466,1711.5560242911895,326.35381439664656,2017.712796797191,451.03444330805416,cam_3_1690329461_18-57-41.jpg
590,468,403.38753332248245,427.2820824912352,973.5802542390837,762.8262372071075,cam_3_1690329461_18-57-41.jpg
590,469,420.5557150530442,804.949812066656,1690.3176644682774,1664.7099372979899,cam_3_1690329461_18-57-41.jpg
590,484,2167.094942407095,411.01624747194165,2564.797721360911,576.6027475023147,cam_3_1690329461_18-57-41.jpg
590,509,2034.3083958244472,548.1467257766453,2561.9551943135407,904.4650888860942,cam_3_1690329461_18-57-41.jpg
590,513,1621.947475692195,427.5316523056564,2051.606678253516,690.9543947260782,cam_3_1690329461_18-57-41.jpg
590,514,1730.9252585707789,458.2616044655244,2208.50876637077,754.8362686749902,cam_3_1690329461_18-57-41.jpg
590,526,731.7569006723315,1141.0889888495235,1741.9944651172395,1914.1177884912836,cam_3_1690329461_18-57-41.jpg
590,534,1400.4358546005856,365.1297319567557,1686.2727621820268,526.4877002798195,cam_3_1690329461_18-57-41.jpg
590,535,1053.6127513657211,328.687099535288,1529.5711118153567,645.1272501116146,cam_3_1690329461_18-57-41.jpg
590,549,402.36055708900085,711.9719891556919,1343.1457896641662,1382.7819601314645,cam_3_1690329461_18-57-41.jpg
590,553,1002.9126100216658,1340.217989696551,2331.2981275970474,2442.5610353763723,cam_3_1690329461_18-57-41.jpg
591,320,1487.0706555183665,419.27760780120394,1780.28383101772,596.7501319933058,cam_3_1690329476_18-57-56.jpg
591,466,1706.9827262712763,327.52247707071547,2019.1982881368021,455.6688163096597,cam_3_1690329476_18-57-56.jpg
591,468,400.3479755516617,431.91696076600147,974.3612744232153,766.2711982876103,cam_3_1690329476_18-57-56.jpg
591,469,452.68741788431134,791.1954872209751,1594.4692300739216,1555.6294810135485,cam_3_1690329476_18-57-56.jpg
591,484,2165.739079447494,410.4103467500772,2563.596646149633,575.3260156297385,cam_3_1690329476_18-57-56.jpg
591,509,2030.2188167539132,545.7815307056495,2561.365818825527,904.4928211473396,cam_3_1690329476_18-57-56.jpg
591,513,1621.1747613296732,425.14513967402576,2053.4086129865073,690.8837604036792,cam_3_1690329476_18-57-56.jpg
591,514,1732.002583836544,457.9919408428613,2210.8153794105715,755.0052893834963,cam_3_1690329476_18-57-56.jpg
591,526,724.9387743750394,1127.265563199279,1588.0819923484905,1727.2089963312023,cam_3_1690329476_18-57-56.jpg
591,535,1031.6313554782805,338.27614791337487,1498.244036843736,647.2725365806955,cam_3_1690329476_18-57-56.jpg
591,549,644.1447358300484,714.8442294039342,1294.1503461785633,1166.9807027671634,cam_3_1690329476_18-57-56.jpg
591,553,785.709884205029,1363.1470377370606,1999.7239853236106,2352.13936899515,cam_3_1690329476_18-57-56.jpg
592,320,1489.088196164527,421.8823384665263,1779.808813209765,598.1072174277888,cam_3_1690329626_19-00-26.jpg
592,460,1324.373867261279,346.63642537148075,1601.5409012418322,537.2362950205277,cam_3_1690329626_19-00-26.jpg
592,466,1706.3789303460935,328.5012473198842,2023.26436957187,459.2788894139155,cam_3_1690329626_19-00-26.jpg
592,468,393.0781038769185,429.73709245518376,975.492860813571,766.3101276472141,cam_3_1690329626_19-00-26.jpg
592,469,432.6324002532001,798.4094926614889,1570.0108352902723,1564.3582434770583,cam_3_1690329626_19-00-26.jpg
592,484,2168.0591482360933,414.0607946557298,2563.649659985349,577.4465184725013,cam_3_1690329626_19-00-26.jpg
592,509,2031.7705066318358,545.0366043710625,2565.751441204873,904.7984616504747,cam_3_1690329626_19-00-26.jpg
592,513,1628.0717593667491,430.68769135861646,2044.4758644953174,686.0257932119694,cam_3_1690329626_19-00-26.jpg
592,514,1736.804621910094,462.1893542886495,2209.5884014018143,754.515915427107,cam_3_1690329626_19-00-26.jpg
592,523,2717.235437129546,548.9219634093724,3793.803095999361,1115.4074424387318,cam_3_1690329626_19-00-26.jpg
592,549,625.0822905883875,722.9593454786007,1372.2608884148126,1253.3287882039772,cam_3_1690329626_19-00-26.jpg
592,553,622.5455273840068,1292.39866122175,2305.2439471686293,2674.7902820642357,cam_3_1690329626_19-00-26.jpg
593,320,1489.022478206393,422.6546283002464,1776.332097972875,597.1079428076397,cam_3_1690329641_19-00-41.jpg
593,460,1324.7608314109943,348.1824730386873,1607.3940705690588,539.4273526896227,cam_3_1690329641_19-00-41.jpg
593,466,1706.5530537476573,326.65905005680077,2022.1297334318622,457.46969110302626,cam_3_1690329641_19-00-41.jpg
593,468,404.24212981049305,432.52315527232025,981.5439577953416,766.0854873642008,cam_3_1690329641_19-00-41.jpg
593,469,469.0441316191602,796.6514963441807,1576.7956769350103,1549.6596686904468,cam_3_1690329641_19-00-41.jpg
593,484,2169.838961924251,415.4002608328634,2561.9801233070425,576.6871312524072,cam_3_1690329641_19-00-41.jpg
593,509,2029.332956666777,543.7534513473715,2566.2749812260486,905.6698610368268,cam_3_1690329641_19-00-41.jpg
593,513,1629.7260032597812,433.8076949931508,2049.069538769164,690.9091321391195,cam_3_1690329641_19-00-41.jpg
593,514,1737.7472318057125,463.6661235886008,2210.2841655423435,755.7507317644679,cam_3_1690329641_19-00-41.jpg
593,523,2708.695856072151,546.0206847851368,3784.5280279850977,1111.8755368107873,cam_3_1690329641_19-00-41.jpg
593,549,595.9395863181837,694.515799228544,1325.548758566939,1208.1343439893444,cam_3_1690329641_19-00-41.jpg
593,553,586.9652618787364,1278.537598197532,2361.6342416975867,2752.935813724006,cam_3_1690329641_19-00-41.jpg
594,320,1492.0657080712106,421.5508338099371,1781.146604233913,597.8117592573456,cam_3_1690329701_19-01-41.jpg
594,457,1208.0895365520307,286.4215115910979,1649.1350198535324,630.1118690759749,cam_3_1690329701_19-01-41.jpg
594,466,1711.4085833065012,328.69539166919935,2018.428146543562,455.83702109737897,cam_3_1690329701_19-01-41.jpg
594,468,403.28240876062057,429.8820818204217,990.133467884281,776.1998405025745,cam_3_1690329701_19-01-41.jpg
594,469,491.54070497433986,776.2878514121942,1588.3470836091783,1527.2214347015617,cam_3_1690329701_19-01-41.jpg
594,484,2176.415371928513,413.8739400115486,2561.6559723606365,571.4024590629676,cam_3_1690329701_19-01-41.jpg
594,509,2025.5695768451012,545.4201996530664,2558.684451867262,904.8467012462775,cam_3_1690329701_19-01-41.jpg
594,513,1624.9499196464585,438.51337192786974,2031.3294110925856,687.5426439220116,cam_3_1690329701_19-01-41.jpg
594,514,1741.849752088735,468.1888891828942,2209.359289991585,754.9257175564071,cam_3_1690329701_19-01-41.jpg
594,517,442.26326640954454,463.47467668511183,1011.2982120320348,834.6781127925219,cam_3_1690329701_19-01-41.jpg
594,549,571.6855344100603,681.2656401819258,1343.3114001815457,1226.7958304054496,cam_3_1690329701_19-01-41.jpg
594,553,672.4761220042977,1306.635632511025,2443.395859927899,2794.703407808858,cam_3_1690329701_19-01-41.jpg
595,320,1498.0736153382682,420.7384666634542,1785.3106295055784,597.5345648016257,cam_3_1690329821_19-03-41.jpg
595,457,1197.6598424420927,294.62926912221997,1651.9832093287166,635.9960866248622,cam_3_1690329821_19-03-41.jpg
595,466,1713.9680616401545,324.6052596993605,2013.1173938335755,448.47213491177433,cam_3_1690329821_19-03-41.jpg
595,469,491.5644728616244,799.8695977708891,1642.932009880532,1608.3706086396205,cam_3_1690329821_19-03-41.jpg
595,484,2163.604248831697,411.2876085931986,2558.533443442425,571.9518826646338,cam_3_1690329821_19-03-41.jpg
595,509,2029.519350552586,545.7725127637864,2554.8760768809543,899.2592159784355,cam_3_1690329821_19-03-41.jpg
595,513,1624.665683037589,429.17695663604195,2047.885253976243,688.8924282888518,cam_3_1690329821_19-03-41.jpg
595,514,1734.1153320941396,465.2141147321598,2206.016611258162,754.7844102771427,cam_3_1690329821_19-03-41.jpg
595,517,421.81293747037165,449.8696155039586,1029.934893008119,862.2496073272273,cam_3_1690329821_19-03-41.jpg
595,520,427.8641655745134,654.1426384449084,1290.8602262450345,1172.770772108092,cam_3_1690329821_19-03-41.jpg
595,549,618.6948097132458,673.3270588940804,1376.0328579845523,1208.381109641617,cam_3_1690329821_19-03-41.jpg
596,320,1501.0958394750778,420.6982431600467,1781.042018688332,593.8828726104102,cam_3_1690330031_19-07-11.jpg
596,457,1167.458447756263,297.4094005074231,1606.5977184444123,634.8865565037829,cam_3_1690330031_19-07-11.jpg
596,466,1707.1633402918146,321.1582393197775,2014.8301514749505,449.3502355870665,cam_3_1690330031_19-07-11.jpg
596,469,538.171451535888,838.9223020899346,1706.8312337894454,1672.1064308292725,cam_3_1690330031_19-07-11.jpg
596,484,2170.08619824562,412.3248484452723,2561.5145536641885,570.9247745135306,cam_3_1690330031_19-07-11.jpg
596,509,2031.005694661168,545.0495378679723,2563.396897814917,901.8589772871933,cam_3_1690330031_19-07-11.jpg
596,513,1622.617031322698,427.3032964611192,2050.6929629322412,690.8746466129812,cam_3_1690330031_19-07-11.jpg
596,514,1729.9811106681368,461.3523791053452,2207.205913698184,754.3725279660383,cam_3_1690330031_19-07-11.jpg
596,517,449.94536846515865,451.7070795054906,955.1412713879176,770.9883839809418,cam_3_1690330031_19-07-11.jpg
596,520,455.3303329458131,672.4379574221986,1261.7742176367071,1137.8462909413993,cam_3_1690330031_19-07-11.jpg
596,549,520.7293929192997,738.0683700558097,1507.3647094679002,1459.3457458073885,cam_3_1690330031_19-07-11.jpg
596,558,801.4672571698487,1084.112453878934,2013.5015138461576,2276.977446020518,cam_3_1690330031_19-07-11.jpg
597,320,1501.869768482488,419.48210556479665,1783.4037624103175,595.3302298829498,cam_3_1690330166_19-09-26.jpg
597,457,1158.1381968930245,300.7813401658167,1590.1151012118223,633.2525663773745,cam_3_1690330166_19-09-26.jpg
597,466,1713.3079779786144,317.2266836674371,2021.0460558560287,446.19151011914926,cam_3_1690330166_19-09-26.jpg
597,469,533.6711741687492,859.1329185649327,1748.9552141923828,1743.4909957317348,cam_3_1690330166_19-09-26.jpg
597,484,2165.826108630501,410.9288733370289,2561.7273346058278,570.646013451434,cam_3_1690330166_19-09-26.jpg
597,509,2025.894060850523,543.5069162309593,2563.9901384100626,904.6618216904225,cam_3_1690330166_19-09-26.jpg
597,513,1622.4898849233748,426.9197188063688,2048.76796396255,690.196511228331,cam_3_1690330166_19-09-26.jpg
597,514,1724.3275969090273,457.78850973668983,2207.0435112937166,755.0525834843504,cam_3_1690330166_19-09-26.jpg
597,517,444.71527151739707,453.9916501728769,946.5226498899167,759.6173080286342,cam_3_1690330166_19-09-26.jpg
597,520,445.86067704641266,686.892816033745,1270.31184659279,1152.5815858778406,cam_3_1690330166_19-09-26.jpg
597,549,496.38429188856776,767.0869717775997,1536.2189176477289,1550.3893989135684,cam_3_1690330166_19-09-26.jpg
597,558,730.5815199780889,1132.4623520918333,1856.1961537068858,2220.076147427134,cam_3_1690330166_19-09-26.jpg
597,561,528.629659191468,602.0637135210221,959.2027884622632,952.9580166972312,cam_3_1690330166_19-09-26.jpg
598,320,1498.8574452306113,418.02867280738246,1784.1603556226141,597.3614873962787,cam_3_1690330211_19-10-11.jpg
598,466,1720.0271933654737,319.16995812130097,2021.6673994253701,445.6189004252418,cam_3_1690330211_19-10-11.jpg
598,468,513.4130296329733,460.47918693702854,1068.6095632717136,787.2979567691884,cam_3_1690330211_19-10-11.jpg
598,469,518.5998998213153,874.1270477383686,1733.9218442599636,1772.8984927294632,cam_3_1690330211_19-10-11.jpg
598,480,1241.804648328004,289.7923388020824,1759.8329367971758,633.8124914422112,cam_3_1690330211_19-10-11.jpg
598,484,2179.1825990188436,410.74046629493284,2565.9408515890186,566.4004480019905,cam_3_1690330211_19-10-11.jpg
598,509,2023.2048700170494,544.3729980163687,2560.8213466925463,905.4590001243612,cam_3_1690330211_19-10-11.jpg
598,513,1623.5185275741467,421.63377459602214,2056.0169891193036,689.340003515595,cam_3_1690330211_19-10-11.jpg
598,514,1730.2064155752762,463.5556268409789,2208.7623551561337,757.1941598164597,cam_3_1690330211_19-10-11.jpg
598,517,587.6584655784428,456.5894234380487,970.7247440512742,673.4505639891527,cam_3_1690330211_19-10-11.jpg
598,520,445.13547243504354,692.3917500687668,1256.8084705810422,1139.9328241854969,cam_3_1690330211_19-10-11.jpg
598,549,448.2427456294469,777.7282908100733,1420.6240224253536,1490.8834911174085,cam_3_1690330211_19-10-11.jpg
598,558,696.3842619888759,1124.613179902919,1857.0310250106945,2238.9855869758667,cam_3_1690330211_19-10-11.jpg
598,561,519.2079142050083,600.79144291875,997.3846110269986,979.9287008393216,cam_3_1690330211_19-10-11.jpg
598,562,433.353885876579,543.4216106515823,1093.7249606254522,826.7763552410813,cam_3_1690330211_19-10-11.jpg
599,300,1931.0198287425128,224.29597853239565,2342.9221077806096,460.63990301904846,cam_3_1690330376_19-12-56.jpg
599,320,1493.4345273565054,411.16304740620194,1792.0325530585865,599.7276599070309,cam_3_1690330376_19-12-56.jpg
599,460,1322.9668961806242,346.0644115913827,1606.627818640403,536.6666140594073,cam_3_1690330376_19-12-56.jpg
599,468,408.1287990905703,408.706126695566,988.3035011979528,762.036997851125,cam_3_1690330376_19-12-56.jpg
599,484,2159.698433884702,415.25213507105167,2574.5005648437236,583.5951575352469,cam_3_1690330376_19-12-56.jpg
599,509,1829.7741911389483,556.4384926332687,2624.988426246997,1092.975894567582,cam_3_1690330376_19-12-56.jpg
599,513,1627.1912722580003,432.684297766296,2048.7832687320793,693.3494973582257,cam_3_1690330376_19-12-56.jpg
599,514,1726.5514711654791,462.774451239427,2207.2909629175133,757.0171113671204,cam_3_1690330376_19-12-56.jpg
599,526,454.48418755036533,458.8946856436488,1041.5178232790001,869.0943296365117,cam_3_1690330376_19-12-56.jpg
599,534,1386.9585632979815,375.8786843787918,1734.0849930051604,570.5871299583694,cam_3_1690330376_19-12-56.jpg
599,543,2459.647294893138,930.3199891625922,3402.513550003772,2014.5465739665228,cam_3_1690330376_19-12-56.jpg
599,549,600.4172909606198,786.7576715786831,1427.8220176617378,1416.3492935486238,cam_3_1690330376_19-12-56.jpg
599,561,534.4249654673686,639.4371187902652,984.8732474436126,990.4572333185679,cam_3_1690330376_19-12-56.jpg
600,300,1926.818609574766,230.5657910854129,2340.7061893350447,463.9916966274494,cam_3_1690330406_19-13-26.jpg
600,320,1508.6399857566878,417.1406637884283,1801.435853162559,601.0817871720935,cam_3_1690330406_19-13-26.jpg
600,460,1322.3248789008662,342.4685080589718,1613.0113003257843,536.549912285908,cam_3_1690330406_19-13-26.jpg
600,468,396.4829653269366,439.3162887397582,985.5916075346374,789.3577627336665,cam_3_1690330406_19-13-26.jpg
600,484,2151.45639983508,413.6784001999629,2574.781349677751,585.8954588940846,cam_3_1690330406_19-13-26.jpg
600,509,1927.1220032604951,550.4893132737843,2579.7986059813193,993.2155326207626,cam_3_1690330406_19-13-26.jpg
600,513,1631.5130605508325,434.02770908723915,2052.4204383662454,693.2956272754293,cam_3_1690330406_19-13-26.jpg
600,514,1732.7226353524866,468.21454955097965,2205.9308926019185,756.7637239971143,cam_3_1690330406_19-13-26.jpg
600,526,419.07199931777427,384.5407750730809,885.9393184454782,687.3954906131673,cam_3_1690330406_19-13-26.jpg
600,534,1388.6601775331467,373.04009568430456,1744.7298624973184,570.6724205953335,cam_3_1690330406_19-13-26.jpg
600,549,593.0811228150727,732.1037195096388,1282.9844240164425,1249.893113925838,cam_3_1690330406_19-13-26.jpg
600,561,540.9841969192339,621.7594096617644,902.6791960597841,886.9674892514064,cam_3_1690330406_19-13-26.jpg
601,300,1936.2367940829263,223.6848254814326,2362.429820745281,462.041334429365,cam_3_1690330451_19-14-11.jpg
601,320,1497.7403904774126,413.38052139187107,1798.1744823659783,602.5834003480772,cam_3_1690330451_19-14-11.jpg
601,460,1322.5921846415122,341.3225856422373,1617.3028320221645,537.1019344268828,cam_3_1690330451_19-14-11.jpg
601,484,2142.0152197872735,411.5842193705902,2578.77536822637,589.9569447316973,cam_3_1690330451_19-14-11.jpg
601,509,1985.1831447799814,546.3852448512971,2558.3739984984077,936.7685725903953,cam_3_1690330451_19-14-11.jpg
601,513,1631.7339176899113,430.9224506117499,2058.1022909755593,693.173922829237,cam_3_1690330451_19-14-11.jpg
601,514,1724.370768333512,467.2256495857424,2195.4783250563,755.5577578701061,cam_3_1690330451_19-14-11.jpg
601,520,494.13293381759684,712.6883905711427,1284.3248922050948,1155.3700827227742,cam_3_1690330451_19-14-11.jpg
601,526,420.7811704580447,366.520454552423,817.8164464974184,608.4681341985709,cam_3_1690330451_19-14-11.jpg
601,534,1387.4143750925552,375.6832826855452,1746.5562592657343,574.2077340054688,cam_3_1690330451_19-14-11.jpg
601,561,546.172421512948,611.2258496510891,903.6121271885931,860.2009273245333,cam_3_1690330451_19-14-11.jpg
601,562,319.8772760155,468.7339300875783,1046.790360744186,780.8891033292412,cam_3_1690330451_19-14-11.jpg
602,300,1928.0627133071423,228.52701041956087,2343.1018326686435,464.0853456310763,cam_3_1690330586_19-16-26.jpg
602,320,1494.6304112250455,410.16579706700225,1797.3958209585007,601.833772662709,cam_3_1690330586_19-16-26.jpg
602,460,1322.3004969144592,340.4660549682834,1619.8482760832467,537.614029277705,cam_3_1690330586_19-16-26.jpg
602,468,383.8696496457695,453.5158161897723,1026.1873323459117,842.1357291535712,cam_3_1690330586_19-16-26.jpg
602,484,2148.686438633004,411.10937284319414,2574.5257229582385,585.5702522039492,cam_3_1690330586_19-16-26.jpg
602,509,2005.852772161094,540.0165174790778,2557.1990405677543,916.746183128551,cam_3_1690330586_19-16-26.jpg
602,513,1631.44140850162,429.9390182263311,2059.5842105210963,692.9846366461552,cam_3_1690330586_19-16-26.jpg
602,514,1732.2737479189987,468.3462392718872,2205.7139947077712,756.231731116178,cam_3_1690330586_19-16-26.jpg
602,520,511.65323096174933,704.6324864763335,1302.3786519228681,1152.8021899195462,cam_3_1690330586_19-16-26.jpg
602,534,1388.3056735835544,373.0359146890851,1747.750302201639,571.4052945635133,cam_3_1690330586_19-16-26.jpg
602,561,618.061827928082,602.8187537864011,984.1508246912526,845.8416723446219,cam_3_1690330586_19-16-26.jpg
602,562,294.03456005268805,417.023718783412,966.2644306518248,707.6198532451913,cam_3_1690330586_19-16-26.jpg
602,563,1440.855328531187,1321.864713005861,2076.0119456913762,2734.0282131832782,cam_3_1690330586_19-16-26.jpg
603,300,1934.2064571743954,232.03609778421327,2328.9634074830105,462.78380431271415,cam_3_1690330676_19-17-56.jpg
603,320,1493.963214516718,412.2678268728747,1790.0895408721842,600.4367169936372,cam_3_1690330676_19-17-56.jpg
603,460,1320.880001528974,338.58735342255636,1621.6009354900825,537.6774646038806,cam_3_1690330676_19-17-56.jpg
603,468,392.87672414762477,457.3391310387369,1033.1662785020922,852.1538121743467,cam_3_1690330676_19-17-56.jpg
603,484,2133.8639143422165,415.42664763113874,2545.7716778986646,586.7420875494845,cam_3_1690330676_19-17-56.jpg
603,509,2008.8916816728515,540.3747296242168,2544.2203522302734,908.7354005925203,cam_3_1690330676_19-17-56.jpg
603,513,1635.1290888080196,434.64004401971573,2059.5853480895285,694.8366597535669,cam_3_1690330676_19-17-56.jpg
603,514,1729.9425913033783,464.004862857364,2208.250529381941,755.1394912607464,cam_3_1690330676_19-17-56.jpg
603,520,507.68116662053984,687.9407279271107,1305.8870642261184,1144.5464104723594,cam_3_1690330676_19-17-56.jpg
603,534,1387.6714685370357,373.48453071341953,1749.0801880174586,572.6634698096804,cam_3_1690330676_19-17-56.jpg
603,550,1741.1565892365195,328.340977015421,2000.0488063341354,467.6612338726079,cam_3_1690330676_19-17-56.jpg
603,562,299.06220476028983,410.14517699404917,947.0524398720561,690.5063217940492,cam_3_1690330676_19-17-56.jpg
603,563,1445.443399158267,1301.2930110465763,2100.9196514501928,2742.0527025590636,cam_3_1690330676_19-17-56.jpg
604,300,1929.1257673695663,226.7951026384652,2326.6169564853444,465.2725224619986,cam_3_1690330781_19-19-41.jpg
604,320,1512.463375767785,415.17843474564194,1811.386652395817,602.4984617353243,cam_3_1690330781_19-19-41.jpg
604,460,1327.4413068644765,342.82831055920127,1623.6960744859175,536.8536979018704,cam_3_1690330781_19-19-41.jpg
604,468,402.54012758100987,457.82573887462615,1032.307484067816,852.1802773481927,cam_3_1690330781_19-19-41.jpg
604,509,1943.5077770567236,474.0851505977464,2540.873810203183,899.0213118037043,cam_3_1690330781_19-19-41.jpg
604,513,1636.8330577225754,444.6625074563226,2048.4293766947203,696.0030363273679,cam_3_1690330781_19-19-41.jpg
604,514,1712.7308120669718,459.74132249532056,2196.5084962931564,757.4080037498093,cam_3_1690330781_19-19-41.jpg
604,534,1390.457340485962,376.5552450331595,1745.950229055304,571.2217805362966,cam_3_1690330781_19-19-41.jpg
604,535,1038.08437533799,598.6464381920911,1457.010651014015,870.0063013267214,cam_3_1690330781_19-19-41.jpg
604,549,728.4650422558211,634.0712362963135,1384.5141407099923,1122.5719661313162,cam_3_1690330781_19-19-41.jpg
604,562,237.99935893738194,401.80649061223244,1034.1919059772981,758.5229880461748,cam_3_1690330781_19-19-41.jpg
604,563,1448.0525346327486,1294.3812464795396,2110.047434278408,2728.5950966048786,cam_3_1690330781_19-19-41.jpg
605,300,1938.5496331678228,230.7234901055843,2329.4176730009017,472.2433659901825,cam_3_1690330856_19-20-56.jpg
605,320,1516.8851338940174,419.21373149096877,1811.3492784096757,600.7531092565567,cam_3_1690330856_19-20-56.jpg
605,460,1320.5788018659887,343.79158209061177,1618.419407471485,539.1689343335561,cam_3_1690330856_19-20-56.jpg
605,469,415.39884397078106,839.9924168391877,1648.4483169421414,1780.7248969353946,cam_3_1690330856_19-20-56.jpg
605,509,1853.5570378094735,462.3981453251249,2485.947186634451,927.1940364241257,cam_3_1690330856_19-20-56.jpg
605,513,1628.687205048795,455.3952762622471,2018.8534034013376,694.1802850872937,cam_3_1690330856_19-20-56.jpg
605,514,1708.1253855167258,456.1421559932691,2197.354274466321,760.4941666808161,cam_3_1690330856_19-20-56.jpg
605,534,1392.5823928564812,373.24937769391687,1755.2371322562276,571.0456220047777,cam_3_1690330856_19-20-56.jpg
605,549,522.0890294251287,597.3815650057702,1243.4221507388002,1154.230417801204,cam_3_1690330856_19-20-56.jpg
605,558,595.2660337441291,730.9054545106925,1406.7254322404312,1501.237293450663,cam_3_1690330856_19-20-56.jpg
605,563,1517.0980427933068,1335.4229880492844,2197.6810043300443,2760.5194556004562,cam_3_1690330856_19-20-56.jpg
605,566,2399.1403403052286,279.3139415566916,2731.010343372071,600.8890898858199,cam_3_1690330856_19-20-56.jpg
606,300,1944.7809139576605,233.5565600604821,2322.236034223622,471.92045115228973,cam_3_1690330871_19-21-11.jpg
606,320,1523.0120625929187,418.44292685189964,1824.8858917678542,600.7254155607204,cam_3_1690330871_19-21-11.jpg
606,460,1319.7719096879332,343.0334479006889,1619.8076788072722,539.2946037958419,cam_3_1690330871_19-21-11.jpg
606,469,428.01456688296014,843.6134634115792,1575.2989229125815,1720.557877261328,cam_3_1690330871_19-21-11.jpg
606,509,1874.403913862086,453.1791489078363,2537.9317413296844,940.2000588133712,cam_3_1690330871_19-21-11.jpg
606,513,1626.8789838437842,466.4873081454797,1997.251510319204,693.3523357310495,cam_3_1690330871_19-21-11.jpg
606,514,1708.5947642095678,452.1761607141779,2201.4280754874353,761.0142027310199,cam_3_1690330871_19-21-11.jpg
606,534,1398.3418868532478,368.5763296182701,1770.654709007048,570.5428120306515,cam_3_1690330871_19-21-11.jpg
606,549,459.2605819784015,589.8244614116061,1188.156957967122,1169.0261339780504,cam_3_1690330871_19-21-11.jpg
606,558,622.3904919836422,714.4493676828563,1342.1700341531068,1377.1054503265634,cam_3_1690330871_19-21-11.jpg
606,563,1557.341311962355,1368.9847017802285,2236.9212761191025,2740.807329935239,cam_3_1690330871_19-21-11.jpg
606,566,2420.979927580389,281.0513881079295,2752.5408868045392,602.533793760372,cam_3_1690330871_19-21-11.jpg
607,300,1919.7363466398992,233.29989156099037,2296.3085703871466,472.2059772424457,cam_3_1690331036_19-23-56.jpg
607,320,1510.1962808380335,416.006102162307,1817.266269277695,601.3494464937835,cam_3_1690331036_19-23-56.jpg
607,460,1312.7257922802908,346.3252138976402,1606.6325788235224,539.8421133143116,cam_3_1690331036_19-23-56.jpg
607,469,452.6353472037423,766.201776896044,1532.6339209745875,1611.230379807629,cam_3_1690331036_19-23-56.jpg
607,509,1780.9058898071564,466.9216138685237,2503.5120480253654,999.7944688560838,cam_3_1690331036_19-23-56.jpg
607,510,2248.8005030949425,419.15540836871537,2573.0781553807656,549.2388916694929,cam_3_1690331036_19-23-56.jpg
607,513,1622.706143063822,458.93516501139464,2001.5580898605463,691.5979615611418,cam_3_1690331036_19-23-56.jpg
607,514,1718.9284586980207,454.4701617202964,2182.8305862116104,745.7126220041837,cam_3_1690331036_19-23-56.jpg
607,534,1394.580286319633,369.7774031431936,1766.672866201209,571.5048894888088,cam_3_1690331036_19-23-56.jpg
607,549,431.9714550371568,607.9359142704072,1117.9426085485948,1152.9064447786068,cam_3_1690331036_19-23-56.jpg
607,553,731.0005978611141,1122.7149825255833,1837.841962011789,2064.9415963519114,cam_3_1690331036_19-23-56.jpg
607,566,2432.5682089465986,400.0528694259874,2680.237456868903,631.1484976886945,cam_3_1690331036_19-23-56.jpg
608,300,1917.065174308787,228.9404001799655,2293.941437883181,469.70899931986935,cam_3_1690331096_19-24-56.jpg
608,320,1495.9323875455975,417.6990442499912,1796.3372149761544,600.2280512010611,cam_3_1690331096_19-24-56.jpg
608,460,1318.5563349869512,352.853496933946,1604.3429869327986,540.2496647127199,cam_3_1690331096_19-24-56.jpg
608,469,642.7362817153884,980.994526926635,1567.7949099652387,1685.2179172428937,cam_3_1690331096_19-24-56.jpg
608,484,2176.741836122528,417.66797825915893,2571.343751357456,583.2231366054107,cam_3_1690331096_19-24-56.jpg
608,509,1678.2106399681845,479.431655550886,2409.621145592322,1040.1810083930513,cam_3_1690331096_19-24-56.jpg
608,513,1628.3989717252296,455.79865241324245,2010.1409064185457,690.071276810862,cam_3_1690331096_19-24-56.jpg
608,514,1713.6835051397115,455.5903706178839,2152.2968155547114,727.0851274270963,cam_3_1690331096_19-24-56.jpg
608,534,1391.5481317179967,382.90286040999905,1743.5143687901634,573.9080218504889,cam_3_1690331096_19-24-56.jpg
608,549,562.061387227343,624.7429443675176,1194.526139390013,1155.5068230865559,cam_3_1690331096_19-24-56.jpg
608,553,685.4392572012788,1138.9558685963602,2034.7434628028345,2289.34482893789,cam_3_1690331096_19-24-56.jpg
608,566,2386.369419984312,436.110769998426,2615.478292662869,637.4428167113452,cam_3_1690331096_19-24-56.jpg
609,300,1935.903706319613,227.74340581750442,2313.3308182092283,474.7030250323216,cam_3_1690331156_19-25-56.jpg
609,320,1500.430671328648,420.2660708000137,1803.3442854962548,603.1361637163394,cam_3_1690331156_19-25-56.jpg
609,460,1322.8044722862173,360.55203032478744,1599.758331456664,540.7296355610963,cam_3_1690331156_19-25-56.jpg
609,468,467.140192920303,571.0286264666819,1083.620854930392,949.4881231943048,cam_3_1690331156_19-25-56.jpg
609,484,2198.909048139225,421.8971057152981,2571.351941789131,578.0540040854257,cam_3_1690331156_19-25-56.jpg
609,509,1666.590763341312,487.8937179306933,2410.157176889693,1068.596201817275,cam_3_1690331156_19-25-56.jpg
609,513,1631.9686141230145,463.02548272093753,2007.9171017942833,692.7454349909842,cam_3_1690331156_19-25-56.jpg
609,514,1703.1339580534961,464.1731859980019,2111.414980069137,711.7260451175781,cam_3_1690331156_19-25-56.jpg
609,520,406.3988403027247,659.6813518677243,1165.588319602145,1085.1171404464565,cam_3_1690331156_19-25-56.jpg
609,534,1395.3394707669577,385.42439457850327,1745.2339710578615,574.413192036352,cam_3_1690331156_19-25-56.jpg
609,553,595.6407418663612,1019.3180860022159,1933.7894054295557,2193.980987917127,cam_3_1690331156_19-25-56.jpg
609,566,2379.5183101047646,445.38955670321616,2613.681146602868,639.5892411965981,cam_3_1690331156_19-25-56.jpg
610,300,1957.7419154000565,227.07236001319217,2318.1688170456528,468.81066854603284,cam_3_1690331171_19-26-11.jpg
610,320,1498.1121135721899,417.79101576126766,1801.984409251937,601.7345921331604,cam_3_1690331171_19-26-11.jpg
610,460,1322.9089986516892,359.01378015701414,1601.0135936631427,538.9851146912811,cam_3_1690331171_19-26-11.jpg
610,468,622.1787407627403,576.9016790391836,1040.6945410843073,810.7429571208519,cam_3_1690331171_19-26-11.jpg
610,484,2159.129027497415,416.74916871444657,2559.6454752986947,584.9203084556706,cam_3_1690331171_19-26-11.jpg
610,509,1582.3091843458465,541.1517565308152,2226.585127675915,1071.6636036808536,cam_3_1690331171_19-26-11.jpg
610,513,1636.0398909596133,456.2321032910923,2022.0149240546064,690.6460182227254,cam_3_1690331171_19-26-11.jpg
610,514,1753.1059678808836,464.1760531440904,2154.8864287803067,708.5517737209836,cam_3_1690331171_19-26-11.jpg
610,520,418.61824296992256,656.513486275517,1177.4120099552983,1081.3681246079682,cam_3_1690331171_19-26-11.jpg
610,534,1390.290924004529,384.0383696551146,1739.8920652863526,572.8036363404065,cam_3_1690331171_19-26-11.jpg
610,553,582.7911483915799,968.026674304245,1928.399991777414,2188.4676006342443,cam_3_1690331171_19-26-11.jpg
610,566,2368.780284157088,452.64679540100434,2611.083278372661,641.2525977209868,cam_3_1690331171_19-26-11.jpg
611,468,504.9463580541289,565.4687095635775,1031.4336005704752,843.7980066221046,cam_3_1690331471_19-31-11.jpg
611,480,1299.304381327278,309.6036462573025,1822.2229021906405,657.5781128914184,cam_3_1690331471_19-31-11.jpg
611,484,2226.2525465872413,427.9380984600891,2664.4140921130015,611.9536476059654,cam_3_1690331471_19-31-11.jpg
611,513,1644.2673364457023,447.80886934708747,2048.4544780331917,691.5069585535498,cam_3_1690331471_19-31-11.jpg
611,514,1741.5481141103353,469.19822137101175,2188.1936053356235,740.0675746267904,cam_3_1690331471_19-31-11.jpg
611,520,397.74213346784427,621.7141143919062,1199.388639227089,1069.5868788323519,cam_3_1690331471_19-31-11.jpg
611,553,597.4497924119131,1025.6721973582235,1979.901563852001,2294.8830322138965,cam_3_1690331471_19-31-11.jpg
612,468,466.2659947009461,531.7224800075517,1029.2339191664837,834.398495964563,cam_3_1690331786_19-36-26.jpg
612,469,660.1388692915621,877.9451514726519,1628.0736880601726,1606.8399796846152,cam_3_1690331786_19-36-26.jpg
612,480,1297.6698067057787,309.856645839642,1824.3841928033344,661.8298345161897,cam_3_1690331786_19-36-26.jpg
612,484,2318.444310798178,440.75814929547744,2702.489837532511,599.1215980871,cam_3_1690331786_19-36-26.jpg
612,513,1642.5326556878376,442.43981330159,2060.554032861576,693.2583678273625,cam_3_1690331786_19-36-26.jpg
612,514,1735.288822303213,470.19830698204544,2190.5313169360284,746.0236560000836,cam_3_1690331786_19-36-26.jpg
612,520,388.3250784632617,608.9476913211765,1185.1296877715579,1045.1925332725705,cam_3_1690331786_19-36-26.jpg
612,558,487.6632013244779,410.40434840151363,778.0426149615423,669.0981807942867,cam_3_1690331786_19-36-26.jpg
613,457,470.7613791738896,404.8583337371558,805.1250959524115,661.7379298150242,cam_3_1690331831_19-37-11.jpg
613,468,431.6966575817335,524.4109775676495,1027.0686089620667,852.1167628912843,cam_3_1690331831_19-37-11.jpg
613,469,650.7858870038385,861.2307709745309,1618.2879648382982,1579.75742391429,cam_3_1690331831_19-37-11.jpg
613,480,1300.7117277495504,309.8314212264503,1827.9348323510883,662.3817958159079,cam_3_1690331831_19-37-11.jpg
613,484,2371.017124501343,442.88568538841787,2718.43668270587,584.2494540203375,cam_3_1690331831_19-37-11.jpg
613,513,1639.9457877464338,435.79921005323604,2070.3843667380443,693.556354650844,cam_3_1690331831_19-37-11.jpg
613,514,1726.8474421970056,460.8641409112248,2203.953397351506,750.8719598751691,cam_3_1690331831_19-37-11.jpg
613,549,519.867943169013,606.1069122029904,1173.1581826389493,1140.6773522535145,cam_3_1690331831_19-37-11.jpg
613,577,1863.6537414997413,367.2832792909302,2246.7673467565783,497.88699755889974,cam_3_1690331831_19-37-11.jpg
614,457,447.1205703273128,388.6143749843008,799.7674661536466,654.7313883456627,cam_3_1690331921_19-38-41.jpg
614,468,435.8924043118831,520.2284648706785,1018.1314391683329,839.8947587790656,cam_3_1690331921_19-38-41.jpg
614,469,627.3884359994009,859.5738594422069,1629.1754806820227,1601.0098715226,cam_3_1690331921_19-38-41.jpg
614,480,1310.9809686938775,314.92484610289176,1828.7115743457748,661.9654312753296,cam_3_1690331921_19-38-41.jpg
614,484,2314.09909474439,444.86190607874215,2741.1261387297336,620.7147660053549,cam_3_1690331921_19-38-41.jpg
614,513,1648.2229423671777,443.7077931207766,2068.988455398999,693.3223317398197,cam_3_1690331921_19-38-41.jpg
614,514,1731.0022775392595,469.54164127284804,2195.2047145342567,751.2017501231237,cam_3_1690331921_19-38-41.jpg
614,549,498.1532624818707,611.5538607565544,1077.2524973313216,1035.6223107840715,cam_3_1690331921_19-38-41.jpg
614,577,1877.1069380602282,372.496330776567,2251.2252167009788,499.654583645863,cam_3_1690331921_19-38-41.jpg
614,581,1839.79547606693,488.118616659302,2370.1718884210713,829.7513635767116,cam_3_1690331921_19-38-41.jpg
615,457,434.1902903479375,381.6310317147054,803.2190107494885,657.8686435340137,cam_3_1690332101_19-41-41.jpg
615,468,441.1800619318427,520.090022257146,1036.8284843504812,852.9861189496071,cam_3_1690332101_19-41-41.jpg
615,469,613.2918257953166,820.340996210921,1481.4565616301566,1451.6245114223266,cam_3_1690332101_19-41-41.jpg
615,480,1304.028073842994,312.58012852211755,1825.639474426741,665.2470481334813,cam_3_1690332101_19-41-41.jpg
615,484,2325.4499159861866,446.2069560216435,2760.9686743388256,628.7930981863058,cam_3_1690332101_19-41-41.jpg
615,513,1647.1979533230706,442.558224681572,2073.778476898253,693.7694666647567,cam_3_1690332101_19-41-41.jpg
615,514,1729.4413196485839,470.5124764491127,2191.848305139165,750.7859720079437,cam_3_1690332101_19-41-41.jpg
615,549,534.5361097962505,620.8591834124561,1150.0336105395731,1068.4160043297359,cam_3_1690332101_19-41-41.jpg
615,577,1875.9738520093906,373.4096489335342,2247.1133945399542,499.1634034814079,cam_3_1690332101_19-41-41.jpg
615,581,1844.6103132229484,490.16863969887186,2373.669069154173,830.421398527606,cam_3_1690332101_19-41-41.jpg
616,457,457.21767907989073,369.97607916366724,779.9940178045499,600.953815588638,cam_3_1690332221_19-43-41.jpg
616,468,416.20108334925465,510.70490316826255,1044.76886987831,865.5865612640362,cam_3_1690332221_19-43-41.jpg
616,469,615.2055778774483,805.3552279332077,1439.701807095416,1396.0374136137698,cam_3_1690332221_19-43-41.jpg
616,480,1302.3882566727225,312.4101194983559,1824.7643691849116,667.6072110354164,cam_3_1690332221_19-43-41.jpg
616,484,2324.7191666368412,445.1707236391645,2762.1624582090444,631.4358596896143,cam_3_1690332221_19-43-41.jpg
616,513,1650.9095471862306,447.24752010263774,2077.700026806599,695.8305797201047,cam_3_1690332221_19-43-41.jpg
616,514,1733.8376192884375,472.67976642729667,2199.471201263273,753.8704655877357,cam_3_1690332221_19-43-41.jpg
616,520,459.9638765348758,604.8615018752048,1188.0904536619832,1001.9850899345332,cam_3_1690332221_19-43-41.jpg
616,577,1870.3531748569358,373.8909166969328,2250.8867812718745,502.2917629240412,cam_3_1690332221_19-43-41.jpg
616,581,1851.9333596320232,494.7772276534012,2378.1147302110585,832.3112167019601,cam_3_1690332221_19-43-41.jpg
616,583,429.22493587383593,682.0182698080359,1373.376572084209,1218.1235014478434,cam_3_1690332221_19-43-41.jpg
617,457,444.6207184924011,371.91818032392115,778.972204479174,606.5167479783579,cam_3_1690332236_19-43-56.jpg
617,468,411.06784008676027,506.55552116178615,1054.4723265922578,876.0440542140855,cam_3_1690332236_19-43-56.jpg
617,480,1302.851837083651,311.24793924391736,1827.9110832265899,669.5815703246856,cam_3_1690332236_19-43-56.jpg
617,484,2321.066701128485,443.58413398117295,2759.688792433394,633.1493654979338,cam_3_1690332236_19-43-56.jpg
617,513,1646.4113908644904,447.7059151463776,2074.974162850326,695.5582859335971,cam_3_1690332236_19-43-56.jpg
617,514,1737.1745813777493,475.62273193718306,2199.835502153715,754.3610353625913,cam_3_1690332236_19-43-56.jpg
617,520,458.5327407951519,671.1181907135383,1222.9045035418867,1074.6203112293833,cam_3_1690332236_19-43-56.jpg
617,549,499.1389880812977,606.8915901957694,1163.7943187870137,1085.810688293998,cam_3_1690332236_19-43-56.jpg
617,577,1860.0361276209787,373.6420156786375,2251.0928927593277,505.3606935251706,cam_3_1690332236_19-43-56.jpg
617,581,1857.2827080988352,499.2979780490549,2379.1407735051534,832.7786749948536,cam_3_1690332236_19-43-56.jpg
617,583,452.42516778475306,770.4553489529615,1441.6629581800037,1332.0580721325027,cam_3_1690332236_19-43-56.jpg
618,457,450.0126291097836,370.29920273501375,790.6246355213,606.2427833839897,cam_3_1690332326_19-45-26.jpg
618,468,406.25394355546734,497.6562304953352,999.1494911010819,831.7258928795334,cam_3_1690332326_19-45-26.jpg
618,480,1307.7668847239468,309.47253559516514,1831.167384081465,667.4217480853434,cam_3_1690332326_19-45-26.jpg
618,484,2317.4667838877094,443.6805568306221,2752.532896579942,633.85729927326,cam_3_1690332326_19-45-26.jpg
618,513,1642.0193374866246,446.9786824557451,2072.715243946147,695.2759337100912,cam_3_1690332326_19-45-26.jpg
618,514,1737.490988706083,474.49030605798384,2198.1635510276424,750.6194882992693,cam_3_1690332326_19-45-26.jpg
618,535,559.1101086887925,670.336201669563,1342.8688196820763,1174.2717896295258,cam_3_1690332326_19-45-26.jpg
618,549,494.0907782644215,568.9922981644577,1153.858191161843,1045.2810103100605,cam_3_1690332326_19-45-26.jpg
618,577,1871.5090489197366,376.4529837745462,2249.060145890925,503.3646761770511,cam_3_1690332326_19-45-26.jpg
618,581,1853.6749932449502,501.8015270283263,2378.0113751994604,835.4061755647379,cam_3_1690332326_19-45-26.jpg
618,583,492.42255992758527,788.8529055685018,1429.5124005249759,1323.6476554020446,cam_3_1690332326_19-45-26.jpg
619,457,436.8265266666614,368.53370752600046,796.3875055092994,615.4037633081596,cam_3_1690332371_19-46-11.jpg
619,468,422.62947081204936,497.1724985442014,1028.3124861691476,843.7315322263048,cam_3_1690332371_19-46-11.jpg
619,480,1303.3512227555539,309.8434906532857,1824.9219402342915,668.1199692718099,cam_3_1690332371_19-46-11.jpg
619,484,2318.1616196907175,442.42624116469244,2748.4180790473397,631.9609199552663,cam_3_1690332371_19-46-11.jpg
619,513,1640.7731451220793,447.5902648446422,2074.2748243525402,696.3438966245337,cam_3_1690332371_19-46-11.jpg
619,514,1735.525205560572,475.0915176564363,2199.336131207714,751.76996513157,cam_3_1690332371_19-46-11.jpg
619,520,424.6646469662504,661.8208638400552,1290.7824459948629,1118.969616050705,cam_3_1690332371_19-46-11.jpg
619,549,494.94267566465805,555.3937402475065,1114.5962302615615,995.859500417217,cam_3_1690332371_19-46-11.jpg
619,577,1883.8964328018817,374.7546126565534,2257.760482341971,500.1991624331107,cam_3_1690332371_19-46-11.jpg
619,581,1849.9952328714344,500.38946384414817,2378.8292094851886,835.8214520117397,cam_3_1690332371_19-46-11.jpg
619,583,529.6500833093963,797.012369480159,1433.781077626611,1315.7230592670785,cam_3_1690332371_19-46-11.jpg
620,457,513.2404246513744,367.6716238178888,824.3478596533798,579.1233906363628,cam_3_1690332416_19-46-56.jpg
620,468,439.0047919416624,500.4998563357856,1011.946414373514,828.2912809221193,cam_3_1690332416_19-46-56.jpg
620,480,1300.297653058787,309.06603043850146,1826.6479760287366,673.0692920654335,cam_3_1690332416_19-46-56.jpg
620,484,2320.0352277973766,441.59919702240245,2749.004150943647,632.6355443544439,cam_3_1690332416_19-46-56.jpg
620,513,1640.0472426846209,448.05467761195285,2073.262766923861,695.4765894323705,cam_3_1690332416_19-46-56.jpg
620,514,1736.4653192850108,478.4287450758286,2194.891545156411,750.0396745260473,cam_3_1690332416_19-46-56.jpg
620,535,534.1835117959945,674.857003531514,1303.572763625135,1166.7141312690865,cam_3_1690332416_19-46-56.jpg
620,549,504.4298364601048,550.1113175345732,1069.377864270336,932.2251397637926,cam_3_1690332416_19-46-56.jpg
620,577,1896.5568623231675,379.4667688149116,2259.2178832043146,500.07023856801123,cam_3_1690332416_19-46-56.jpg
620,581,1852.4856277702638,501.3677926774926,2379.9545328700187,834.4007531413693,cam_3_1690332416_19-46-56.jpg
620,583,531.7163388320193,798.5986435226541,1424.1043385931002,1313.8198714783434,cam_3_1690332416_19-46-56.jpg
621,457,472.04341183666963,376.62806435074185,841.0467143119804,615.7286532710943,cam_3_1690332551_19-49-11.jpg
621,480,1297.3350465407857,311.73013562406953,1821.154711716439,675.3806572543551,cam_3_1690332551_19-49-11.jpg
621,484,2304.7095298334266,442.88519611460214,2737.0357986301988,635.6335061353361,cam_3_1690332551_19-49-11.jpg
621,513,1636.0597910542203,446.3876296307254,2073.171946152748,695.6232346089715,cam_3_1690332551_19-49-11.jpg
621,514,1739.2427738662223,474.0873079588906,2206.1943979481684,750.7922853110031,cam_3_1690332551_19-49-11.jpg
621,535,610.1444450913611,659.1100055385791,1306.4265840752173,1087.939122518483,cam_3_1690332551_19-49-11.jpg
621,549,420.12484399573685,520.6612665691639,1031.8845376115614,953.0539517812709,cam_3_1690332551_19-49-11.jpg
621,577,1888.5934432291901,377.8053764370932,2250.4274024098145,497.83033035121923,cam_3_1690332551_19-49-11.jpg
621,581,1831.7119483603046,501.5865934213622,2342.007785550798,824.5927874394097,cam_3_1690332551_19-49-11.jpg
621,583,531.4508838999375,797.7490702240012,1422.2635204062617,1315.3810388860097,cam_3_1690332551_19-49-11.jpg
622,457,411.64901901103724,408.7748067707279,895.8422071499384,733.0733652211754,cam_3_1690332566_19-49-26.jpg
622,480,1301.623470431768,315.00368234545783,1822.7708982230629,677.4936301301663,cam_3_1690332566_19-49-26.jpg
622,484,2312.9624851187314,443.5037087482966,2740.7660791968883,635.8539818627982,cam_3_1690332566_19-49-26.jpg
622,513,1635.512690171429,445.35352206630824,2077.2723365607058,696.5974119282,cam_3_1690332566_19-49-26.jpg
622,514,1740.5389428032277,477.10407258996077,2202.7531426554892,749.9802616902839,cam_3_1690332566_19-49-26.jpg
622,535,532.7509853633948,624.8099737880306,1247.4846287315177,1059.2420027956384,cam_3_1690332566_19-49-26.jpg
622,549,420.71444582399727,509.77133853779446,997.3638120196883,928.6675730679397,cam_3_1690332566_19-49-26.jpg
622,577,1883.5878134028187,377.23231202157183,2249.587576731634,498.0129054294749,cam_3_1690332566_19-49-26.jpg
622,581,1854.3004704338969,506.74019680957446,2367.78756854466,829.0453292927168,cam_3_1690332566_19-49-26.jpg
622,583,489.55382573946554,791.2458639631332,1381.9241508241962,1308.203903180467,cam_3_1690332566_19-49-26.jpg
622,588,987.9344805534696,246.74517409896197,1213.8332343251034,453.7310413215129,cam_3_1690332566_19-49-26.jpg
622,589,1159.488520342911,211.66588556776856,1363.022252906165,445.6453116542758,cam_3_1690332566_19-49-26.jpg
622,590,907.9780949249549,446.0906734965818,1136.100046899292,670.184083128021,cam_3_1690332566_19-49-26.jpg
623,457,414.2207183179258,421.95188387482364,927.7076471238497,769.6963237904554,cam_3_1690332731_19-52-11.jpg
623,484,2320.5080597665287,444.07277441813346,2743.9274794064017,636.3174404750021,cam_3_1690332731_19-52-11.jpg
623,513,1642.9460027329214,454.019785855699,2069.216940629274,694.2957823709369,cam_3_1690332731_19-52-11.jpg
623,514,1740.5945187426698,475.6733097668746,2207.944059376918,750.4164451088102,cam_3_1690332731_19-52-11.jpg
623,520,418.7622534699119,617.4285798648926,1217.8025256310173,1036.6819842666403,cam_3_1690332731_19-52-11.jpg
623,534,1355.3851193355324,316.5478879268487,1801.6982684874365,551.7954523502183,cam_3_1690332731_19-52-11.jpg
623,549,449.931020507785,526.4166610840848,1010.8151085204179,926.4232400837705,cam_3_1690332731_19-52-11.jpg
623,577,1869.713204486864,376.8415955667599,2246.808527479302,500.86394773589745,cam_3_1690332731_19-52-11.jpg
623,581,1862.0095708018152,505.9938766076123,2384.66902962152,831.3341972858493,cam_3_1690332731_19-52-11.jpg
623,583,467.7900193670733,763.0532337720343,1385.1945947735674,1293.1109874986573,cam_3_1690332731_19-52-11.jpg
623,589,1076.3703212489804,217.49175915779307,1297.2921164037775,466.9952023074952,cam_3_1690332731_19-52-11.jpg
624,457,428.13766397746514,425.3793862251243,939.4368651092148,771.2208393751091,cam_3_1690332821_19-53-41.jpg
624,468,572.2268358724123,526.8699089914901,1037.0426899163017,791.3730253795165,cam_3_1690332821_19-53-41.jpg
624,484,2314.869551505544,443.8462140227674,2741.195262097004,639.0160208546315,cam_3_1690332821_19-53-41.jpg
624,513,1635.9339247753212,457.1584106107419,2059.6066708698777,695.6850889772043,cam_3_1690332821_19-53-41.jpg
624,514,1736.2350408853956,472.3367042258262,2211.730780009468,751.4269864609175,cam_3_1690332821_19-53-41.jpg
624,520,478.43300989310046,631.7283705967311,1177.9978842729765,979.9789376524856,cam_3_1690332821_19-53-41.jpg
624,534,1343.6393980300659,313.41946417797016,1806.4915598015623,554.8101235262533,cam_3_1690332821_19-53-41.jpg
624,549,492.221750671115,525.6297266713011,1016.1343842853864,892.9622307637147,cam_3_1690332821_19-53-41.jpg
624,550,1716.264873636247,189.78186195455834,2017.1331304018497,354.70285572458596,cam_3_1690332821_19-53-41.jpg
624,577,1862.6336794694805,376.2379849259739,2251.398346015249,503.6440098064232,cam_3_1690332821_19-53-41.jpg
624,581,1859.3540761333486,504.57968953929833,2388.4274147057868,831.9685925669055,cam_3_1690332821_19-53-41.jpg
624,583,449.1874209200788,744.5973030792699,1399.2313228565763,1291.6166847892787,cam_3_1690332821_19-53-41.jpg
625,300,2085.3138839734966,257.5822357530811,2409.916534411348,469.8953468975974,cam_3_1690333076_19-57-56.jpg
625,457,435.2402898887715,392.11612218397033,889.8117928334411,698.755400997615,cam_3_1690333076_19-57-56.jpg
625,469,489.5675998984837,651.9278752726723,1329.4723504988444,1253.6885238268137,cam_3_1690333076_19-57-56.jpg
625,480,1288.4933551608583,311.2711985826361,1796.426815818226,669.0274041240117,cam_3_1690333076_19-57-56.jpg
625,484,2324.0550712610407,444.66074596513005,2742.4979464449916,638.009502136255,cam_3_1690333076_19-57-56.jpg
625,509,1084.1736240484229,265.4624968100243,1474.9021264513292,591.5312789182649,cam_3_1690333076_19-57-56.jpg
625,535,492.32967551601865,594.7969099023833,1166.1100115754457,1007.4313191595827,cam_3_1690333076_19-57-56.jpg
625,550,1730.9874840041107,189.89764047207916,2020.5733022245113,351.2234009284059,cam_3_1690333076_19-57-56.jpg
625,553,1570.8770158194231,383.78073283257663,2105.800659885307,878.4413108152435,cam_3_1690333076_19-57-56.jpg
625,581,1854.8560259176627,501.6554591570999,2390.7187927793675,831.1892304824742,cam_3_1690333076_19-57-56.jpg
626,300,2090.11302908756,258.0831492764255,2423.5348925498056,474.6449722179973,cam_3_1690333091_19-58-11.jpg
626,457,430.2730706526802,382.9402317978005,875.2349784394232,682.8096963295442,cam_3_1690333091_19-58-11.jpg
626,469,431.2849353199984,640.0357354527396,1290.7351288534683,1251.2698940201362,cam_3_1690333091_19-58-11.jpg
626,480,1282.4879936972548,309.5928047708963,1786.9904948056962,670.0964822713661,cam_3_1690333091_19-58-11.jpg
626,484,2330.1103087952724,444.0580576303013,2744.6339798071344,637.4692307818939,cam_3_1690333091_19-58-11.jpg
626,509,1102.1814499516638,246.9691941862026,1487.6361802920364,567.1961933279717,cam_3_1690333091_19-58-11.jpg
626,535,498.6936894871624,593.610007097547,1144.459453277759,988.7363753371161,cam_3_1690333091_19-58-11.jpg
626,550,1732.4466438351037,192.20482361115842,2020.1401964141278,360.99043186120343,cam_3_1690333091_19-58-11.jpg
626,553,1610.3736681338492,376.47818002609233,2114.2153696029545,842.1752069363692,cam_3_1690333091_19-58-11.jpg
626,581,1848.7236313442993,497.96325261208966,2391.093934515011,830.2168634834748,cam_3_1690333091_19-58-11.jpg
627,300,2081.068502069849,257.96415933533746,2423.9547380215254,479.27408394657164,cam_3_1690333106_19-58-26.jpg
627,457,430.4555100775544,378.60993889079145,869.860429529255,674.6568824414096,cam_3_1690333106_19-58-26.jpg
627,480,1290.3899093728805,312.01470046627685,1789.738502049516,671.260940472802,cam_3_1690333106_19-58-26.jpg
627,484,2335.010018066173,444.8397150312645,2744.880718898604,638.2282824907799,cam_3_1690333106_19-58-26.jpg
627,509,1116.0661173994554,246.27810704828283,1487.6374463136106,553.1475578380287,cam_3_1690333106_19-58-26.jpg
627,535,487.48469518545573,587.5463145383292,1176.4885119855057,1016.4677275213113,cam_3_1690333106_19-58-26.jpg
627,543,634.3596837332759,651.0251887565039,1244.0218725846714,1285.4826523406318,cam_3_1690333106_19-58-26.jpg
627,550,1733.5100595627553,196.10931717357917,2011.5340583490618,361.83741352821085,cam_3_1690333106_19-58-26.jpg
627,553,1641.8293857305725,366.7857830326598,2150.2693017536058,828.6936801184504,cam_3_1690333106_19-58-26.jpg
627,581,1844.7646496180525,496.9147788478765,2389.4244612522716,829.7835355918044,cam_3_1690333106_19-58-26.jpg
628,300,2070.2345828326775,260.62459896048045,2424.6910948096593,488.4630320449522,cam_3_1690333181_19-59-41.jpg
628,320,1541.7789981469666,435.2777750775102,1898.0662657973567,646.5355745720552,cam_3_1690333181_19-59-41.jpg
628,457,427.32346295576974,376.70689172991433,909.8354288987232,706.0417190436642,cam_3_1690333181_19-59-41.jpg
628,480,1301.9629235877908,313.3124374194324,1801.1580321741062,672.7856845029271,cam_3_1690333181_19-59-41.jpg
628,484,2331.5721328102086,443.36683775701556,2743.0302964632046,639.6738088820782,cam_3_1690333181_19-59-41.jpg
628,513,1637.5661476550083,464.5582744494461,2039.704812862424,690.581808291427,cam_3_1690333181_19-59-41.jpg
628,535,492.70019209548616,598.1860538837504,1165.0637997179283,1017.8181669491411,cam_3_1690333181_19-59-41.jpg
628,543,588.9459241458126,646.1228742883136,1257.483131498359,1326.0349187107836,cam_3_1690333181_19-59-41.jpg
628,550,1706.3851747898152,195.1496085033479,1993.4513038943137,361.50938520050954,cam_3_1690333181_19-59-41.jpg
628,581,1920.7660067823574,502.08898174846706,2381.600528783044,779.9128260130628,cam_3_1690333181_19-59-41.jpg
629,300,2069.7024330263043,259.9454229501177,2427.614282468298,490.54539871493216,cam_3_1690333211_20-00-11.jpg
629,320,1540.253980868696,432.78045233148566,1906.8561440779351,646.7797030800093,cam_3_1690333211_20-00-11.jpg
629,457,420.40558052467554,376.20227085978934,922.378470352372,723.1747338536742,cam_3_1690333211_20-00-11.jpg
629,480,1285.8173090355253,313.50001225016706,1750.1601361304424,654.2926799719935,cam_3_1690333211_20-00-11.jpg
629,484,2337.9122968433553,445.932090295946,2739.2991952648563,638.8772277725774,cam_3_1690333211_20-00-11.jpg
629,513,1642.7832080074998,459.51474251754263,2064.835734413514,698.0374542225488,cam_3_1690333211_20-00-11.jpg
629,535,574.1433881591299,591.0505296296668,1233.7992471345638,1004.7417734927864,cam_3_1690333211_20-00-11.jpg
629,550,1773.5889877875588,198.99734595716416,2086.9215474008333,379.1848436212856,cam_3_1690333211_20-00-11.jpg
629,581,1870.6951929868474,502.60763412098555,2393.318298081719,815.9044311336249,cam_3_1690333211_20-00-11.jpg
630,320,1538.6136675126058,436.0520117025504,1906.0467761066711,647.493454427118,cam_3_1690333271_20-01-11.jpg
630,469,557.8354527297429,653.3109506514128,1323.4006477895678,1184.1297875499931,cam_3_1690333271_20-01-11.jpg
630,480,1321.4140210131131,303.82580958577523,1767.8109891807114,627.362225751501,cam_3_1690333271_20-01-11.jpg
630,484,2340.210580782961,445.3210250006557,2737.400236955964,637.8275757573667,cam_3_1690333271_20-01-11.jpg
630,513,1640.90581897608,460.09398622537543,2067.577994758781,700.9005293372132,cam_3_1690333271_20-01-11.jpg
630,550,1780.6244237341473,205.66137589615312,2087.128423322809,377.6078862722891,cam_3_1690333271_20-01-11.jpg
630,581,1853.5580466212377,502.36463962180255,2393.4598452843757,824.1077375781128,cam_3_1690333271_20-01-11.jpg
631,320,1542.2270972039917,438.56611083023654,1912.1187170174767,649.6934144028467,cam_3_1690333421_20-03-41.jpg
631,469,513.4160536791694,656.2636202539052,1321.4803159654473,1221.769426089771,cam_3_1690333421_20-03-41.jpg
631,480,1314.5466718835548,309.540670879639,1784.9139455396264,648.8192383925993,cam_3_1690333421_20-03-41.jpg
631,484,2337.6723201296177,445.1610657364889,2735.4147606322394,638.9028131030144,cam_3_1690333421_20-03-41.jpg
631,513,1639.7460611024599,468.32894159816396,2053.797122135704,702.1173324382835,cam_3_1690333421_20-03-41.jpg
631,543,489.16340829269893,562.0407877662591,1072.7657556512231,1152.5560762337218,cam_3_1690333421_20-03-41.jpg
631,550,1782.0893044402515,207.8990201469491,2090.8014634383508,380.66388612528857,cam_3_1690333421_20-03-41.jpg
631,581,1848.896731754668,505.30262147307303,2395.2236497173785,829.021110566207,cam_3_1690333421_20-03-41.jpg
631,598,2744.4498634830156,569.4087514465122,3833.949685957426,1125.8312829154502,cam_3_1690333421_20-03-41.jpg
631,599,680.1100953716086,878.8833790294826,1504.535678916724,1849.6678642031657,cam_3_1690333421_20-03-41.jpg
632,320,1542.3106171613927,438.4017102135435,1917.6237976337507,651.4013719863391,cam_3_1690333466_20-04-26.jpg
632,469,506.72955491415394,650.710927039333,1331.1828703443516,1235.184041533411,cam_3_1690333466_20-04-26.jpg
632,480,1314.688546490108,310.38269919831527,1798.8905707016547,658.9556678205356,cam_3_1690333466_20-04-26.jpg
632,484,2345.2540650064275,445.5083309765132,2738.70853266198,638.4951311459392,cam_3_1690333466_20-04-26.jpg
632,513,1642.9751759295036,465.1884153512833,2064.230283940576,702.6187913391745,cam_3_1690333466_20-04-26.jpg
632,543,496.27210187671363,555.3186340124663,1043.028356774757,1093.6433917127597,cam_3_1690333466_20-04-26.jpg
632,550,1787.3376664847667,209.85181068065774,2097.5548927998843,384.29029481588566,cam_3_1690333466_20-04-26.jpg
632,581,1841.4931188834148,502.4262939830252,2400.9119259806043,833.0300722665936,cam_3_1690333466_20-04-26.jpg
632,598,2623.302473505002,517.1161182889789,3774.416748916703,1114.5933042199306,cam_3_1690333466_20-04-26.jpg
632,599,896.1402460241685,799.1821122812739,1624.3800578554537,1647.646482636651,cam_3_1690333466_20-04-26.jpg
632,601,2007.9691058990802,398.43333467971155,2409.259187588921,534.9233546828821,cam_3_1690333466_20-04-26.jpg
633,320,1543.061474591798,437.15991561482423,1920.6567085919132,650.3584356269298,cam_3_1690333481_20-04-41.jpg
633,469,505.0660273467487,649.6200306400239,1326.5348673153158,1237.401366559122,cam_3_1690333481_20-04-41.jpg
633,480,1310.349770374099,309.76727386228424,1798.2524300413372,661.7916851833766,cam_3_1690333481_20-04-41.jpg
633,484,2341.574064663186,445.23619878863303,2731.3307170237376,636.6706401551445,cam_3_1690333481_20-04-41.jpg
633,513,1649.276981759054,468.65833660923084,2066.8648555775394,702.5493037893777,cam_3_1690333481_20-04-41.jpg
633,543,481.97970897179437,550.2742826123055,1052.7049929261848,1108.3616696449521,cam_3_1690333481_20-04-41.jpg
633,550,1801.086843163428,208.30092434268056,2114.545685620298,383.08031433851056,cam_3_1690333481_20-04-41.jpg
633,563,3038.3465828585795,460.06002296490277,3406.2414666407903,1101.1572672783693,cam_3_1690333481_20-04-41.jpg
633,581,1845.8725252763438,504.30292989445786,2403.743398065109,832.0241331321629,cam_3_1690333481_20-04-41.jpg
633,599,960.9929144908422,767.7178417335863,1668.0875444260705,1582.1912775042788,cam_3_1690333481_20-04-41.jpg
633,601,2017.4847880328712,396.37748721462674,2418.345748906387,532.9215166020797,cam_3_1690333481_20-04-41.jpg
633,602,1711.8425971721192,184.6821426465052,1997.0511566831249,349.7225521348005,cam_3_1690333481_20-04-41.jpg
634,320,1536.1414870208998,436.9365693846378,1914.401258046593,650.2777628462259,cam_3_1690333901_20-11-41.jpg
634,468,390.3592653812258,485.3962446479898,1047.0034258566543,858.72844228401,cam_3_1690333901_20-11-41.jpg
634,480,1308.4292642741973,311.8980290949323,1794.7424459600131,663.7104269142105,cam_3_1690333901_20-11-41.jpg
634,484,2351.390366474762,446.56098038666755,2735.3565773909813,636.2425417018951,cam_3_1690333901_20-11-41.jpg
634,509,1107.2324804862287,284.1129991092346,1495.1572548522122,606.3932741540564,cam_3_1690333901_20-11-41.jpg
634,513,1632.2872055379335,467.28912235358126,2048.9141257674387,703.1753869802808,cam_3_1690333901_20-11-41.jpg
634,550,1772.750827202695,210.61760766403896,2091.6086112179646,390.0923224058432,cam_3_1690333901_20-11-41.jpg
634,581,1844.3250224115554,502.06486355737877,2407.748311178976,831.8491855783861,cam_3_1690333901_20-11-41.jpg
634,599,1074.193427449244,724.4829822276478,1613.7189478597516,1344.0891249077617,cam_3_1690333901_20-11-41.jpg
634,601,2004.5802390338413,397.7316472493825,2403.981628968855,533.7935620135197,cam_3_1690333901_20-11-41.jpg
634,602,1681.945623636529,189.3103074985472,1985.7381999903578,364.1103253401744,cam_3_1690333901_20-11-41.jpg
635,320,1539.93730933227,433.2581514696065,1923.2875723951151,648.9941105549094,cam_3_1690334066_20-14-26.jpg
635,457,457.10832705584164,470.2126679483458,1020.4270965292475,862.319369267133,cam_3_1690334066_20-14-26.jpg
635,469,504.31494514538764,610.1505238336059,1230.6285173364508,1126.54795076037,cam_3_1690334066_20-14-26.jpg
635,480,1306.7414664626624,311.71651579037973,1795.5921094972105,667.4586216442783,cam_3_1690334066_20-14-26.jpg
635,484,2347.8513116127983,447.0847958813983,2734.2192219803455,638.1136089655246,cam_3_1690334066_20-14-26.jpg
635,509,1096.3176100832293,279.3283432963948,1503.912016850846,612.9923845286069,cam_3_1690334066_20-14-26.jpg
635,513,1627.8823633082902,457.96326655299396,2059.898667806415,704.0003633028863,cam_3_1690334066_20-14-26.jpg
635,550,1769.26478343273,208.13742715444505,2102.690865870149,395.0175435436563,cam_3_1690334066_20-14-26.jpg
635,581,1840.2323942165785,504.0111896728487,2400.584311214574,831.5252447284334,cam_3_1690334066_20-14-26.jpg
635,583,503.9395284991013,769.7506794496882,1404.2203079059414,1285.5967698656032,cam_3_1690334066_20-14-26.jpg
635,601,2004.9461909093397,394.2794279585274,2408.824009175195,532.0111211709373,cam_3_1690334066_20-14-26.jpg
635,602,1711.9358235652091,186.90749672005,1990.1375249905282,346.9655767749702,cam_3_1690334066_20-14-26.jpg
636,469,465.66767255540896,592.5574648272305,1240.9204395305085,1156.3150141051656,cam_3_1690334156_20-15-56.jpg
636,480,1293.320405177194,310.4941315301238,1772.8731739768718,665.4282531708545,cam_3_1690334156_20-15-56.jpg
636,484,2348.8116391332455,446.0608019123175,2736.4110007985037,638.3679212766409,cam_3_1690334156_20-15-56.jpg
636,509,1070.6503499946225,337.90878078305536,1461.060347431819,684.1871193478064,cam_3_1690334156_20-15-56.jpg
636,550,1770.972087409545,207.3168182651453,2092.1862590827577,383.3830129071382,cam_3_1690334156_20-15-56.jpg
636,553,1558.648661683195,333.48398893994465,1987.9360858322207,711.0861315952977,cam_3_1690334156_20-15-56.jpg
636,581,1837.5218576189689,504.3433598482944,2402.3294142378927,833.659382682072,cam_3_1690334156_20-15-56.jpg
636,583,487.0673526589232,758.8012986873845,1494.576022608916,1348.802174438043,cam_3_1690334156_20-15-56.jpg
636,588,992.6132122658938,336.86083222770225,1270.6909926279327,594.7239384490931,cam_3_1690334156_20-15-56.jpg
636,601,1984.6518869612169,394.3707653930634,2403.141623203585,537.2170854921718,cam_3_1690334156_20-15-56.jpg
636,602,1720.305775825636,189.94386522159593,1981.908555685379,339.4115374488207,cam_3_1690334156_20-15-56.jpg
637,469,469.3539577725744,548.2469123064484,1184.722941944598,1069.4839976945152,cam_3_1690334456_20-20-56.jpg
637,480,1291.210811920188,307.7220765009458,1766.7700638945278,666.2902828406006,cam_3_1690334456_20-20-56.jpg
637,484,2345.3244347641216,444.2139734096102,2736.6643362678315,639.3069511562798,cam_3_1690334456_20-20-56.jpg
637,534,1326.9264674115511,201.06018027167408,1620.7591237513207,357.78309079209293,cam_3_1690334456_20-20-56.jpg
637,549,423.3072204143549,379.39152745251425,805.8765366239052,657.1335713335129,cam_3_1690334456_20-20-56.jpg
637,553,1540.9922247834575,333.6991543904795,1977.3353800022267,707.5404289115106,cam_3_1690334456_20-20-56.jpg
637,581,1838.2205905062037,506.2274942928232,2404.152030664305,835.0913597652684,cam_3_1690334456_20-20-56.jpg
637,601,1986.1268934225538,391.9891442654798,2412.172100916615,537.7845489873329,cam_3_1690334456_20-20-56.jpg
637,602,1725.3096094968116,196.09517746270262,1985.403203356306,344.5730928098211,cam_3_1690334456_20-20-56.jpg
638,457,405.779437762913,518.5612538852976,1103.5518790044653,992.0933022635112,cam_3_1690334846_20-27-26.jpg
638,480,1295.176747282392,308.9236120454309,1775.000609054365,676.7488983375488,cam_3_1690334846_20-27-26.jpg
638,484,2332.952977941932,441.9051800504747,2732.2130605397288,640.5207931310329,cam_3_1690334846_20-27-26.jpg
638,514,1730.8130178193705,389.79577261088707,2444.3823269895447,813.0183127782157,cam_3_1690334846_20-27-26.jpg
638,543,551.3826323313667,380.5746298603581,817.1455883052791,637.6621930762562,cam_3_1690334846_20-27-26.jpg
638,553,1523.6572746896068,336.65859979651333,1965.4490611199838,711.5388255759344,cam_3_1690334846_20-27-26.jpg
638,602,1703.446548394436,199.6635189543743,1977.6194456356113,354.31689464476415,cam_3_1690334846_20-27-26.jpg
639,469,484.61362269747076,521.6054097309124,1192.2997264246292,1045.4015316692385,cam_3_1690334921_20-28-41.jpg
639,480,1297.6623776000808,307.9494162785512,1769.2027031085506,674.7894715155076,cam_3_1690334921_20-28-41.jpg
639,484,2332.0543298294942,440.5015280725717,2730.2492764794256,637.8848312446878,cam_3_1690334921_20-28-41.jpg
639,514,1729.833722233779,388.25760850664597,2459.9552169897397,823.73150298839,cam_3_1690334921_20-28-41.jpg
639,553,1532.1130538978025,340.02227624363775,1988.280920697855,714.7683723374271,cam_3_1690334921_20-28-41.jpg
639,589,506.0702615628553,394.7591989839558,795.5641421301905,706.4934452230964,cam_3_1690334921_20-28-41.jpg
639,602,1693.143695450426,199.50256213542252,1975.4366224021855,356.8516839105589,cam_3_1690334921_20-28-41.jpg
639,607,721.4824902192238,1230.1298139095163,2004.0715633852367,2248.082575278102,cam_3_1690334921_20-28-41.jpg
640,469,499.0967496666602,518.460008009685,1185.4279294370522,1032.4372581603825,cam_3_1690334981_20-29-41.jpg
640,480,1302.6599643455074,308.7803865490072,1769.3297113349197,677.0018133923616,cam_3_1690334981_20-29-41.jpg
640,484,2331.7197895010227,440.0308007765271,2732.5799204138198,638.724076022683,cam_3_1690334981_20-29-41.jpg
640,514,1719.3599163168628,387.10722381834347,2447.82153841546,827.118334592551,cam_3_1690334981_20-29-41.jpg
640,549,426.3516590393408,392.19600008571933,792.7786173798893,653.7899558331019,cam_3_1690334981_20-29-41.jpg
640,553,1522.71824449149,337.73801630143856,1986.0988763329842,714.0475160620065,cam_3_1690334981_20-29-41.jpg
640,602,1688.6287329027587,201.1543123880735,1973.8315094695658,358.24413532306795,cam_3_1690334981_20-29-41.jpg
640,607,700.6097808521733,1249.8705892253759,2115.124386858399,2376.537286088236,cam_3_1690334981_20-29-41.jpg
640,608,1253.9082423054438,1363.1268800601288,2397.9796372730398,2763.223367390393,cam_3_1690334981_20-29-41.jpg
641,469,498.4249306033908,521.5855322903556,1164.7900355812262,1025.7016560923232,cam_3_1690335011_20-30-11.jpg
641,480,1304.099220412489,309.8019447802985,1763.7011446934132,678.4495694584189,cam_3_1690335011_20-30-11.jpg
641,484,2333.640587100345,442.3922708746954,2733.8188936090696,641.0820058090425,cam_3_1690335011_20-30-11.jpg
641,514,1719.5709174337962,396.37230322083684,2434.7334331002394,829.556769113185,cam_3_1690335011_20-30-11.jpg
641,553,1528.3043316422365,339.7695423183494,1998.3741119965637,712.8175050809707,cam_3_1690335011_20-30-11.jpg
641,589,464.62069302558206,402.178066048386,784.098664149142,744.1826855231466,cam_3_1690335011_20-30-11.jpg
641,602,1690.121768103395,201.22753598184846,1978.2613047679029,358.5305373779576,cam_3_1690335011_20-30-11.jpg
641,607,695.5867009024081,1236.8508964788534,2026.8184732782142,2287.6877157926656,cam_3_1690335011_20-30-11.jpg
641,608,1102.7660921637507,1359.8797479949908,2275.3236521727977,2775.2355759749626,cam_3_1690335011_20-30-11.jpg
642,457,381.10856905651053,524.6076247985153,1122.663869983923,1018.4761580144707,cam_3_1690335056_20-30-56.jpg
642,480,1301.2294937213926,311.4488986930371,1758.4270411846594,683.7587778650823,cam_3_1690335056_20-30-56.jpg
642,484,2310.1588724986627,443.49058532077817,2716.2416338028147,642.7339000701036,cam_3_1690335056_20-30-56.jpg
642,514,1628.7281502399903,400.4455618335883,2397.788258421633,878.385726361139,cam_3_1690335056_20-30-56.jpg
642,553,1523.1160173866824,339.30496834425185,1999.8940798775188,711.9511257518916,cam_3_1690335056_20-30-56.jpg
642,589,462.0469700082276,402.35186267068315,787.0863602952661,745.3353659463246,cam_3_1690335056_20-30-56.jpg
642,602,1677.4983923139926,199.23150306852347,1981.338229364387,363.96397647715696,cam_3_1690335056_20-30-56.jpg
642,607,753.3908897039657,1210.1633823557445,1974.3818191773937,2169.8787862149466,cam_3_1690335056_20-30-56.jpg
642,608,1187.681322432156,1352.6697721386665,2365.8254491298276,2773.460001616715,cam_3_1690335056_20-30-56.jpg
643,468,386.25639683498787,518.4295179447349,1070.9364667157397,893.797756208772,cam_3_1690335161_20-32-41.jpg
643,480,1316.7812298324413,311.7732351644347,1762.190139598293,675.067704253675,cam_3_1690335161_20-32-41.jpg
643,484,2290.7977281856397,444.4566804338691,2703.1076024496756,643.0922577982938,cam_3_1690335161_20-32-41.jpg
643,514,1544.401654838959,420.31795857857566,2313.6186642201155,899.2805522415326,cam_3_1690335161_20-32-41.jpg
643,553,1572.9278260233125,340.9727913500244,1973.9002202111492,627.107613791434,cam_3_1690335161_20-32-41.jpg
643,583,459.00474841261695,726.3448344039332,1314.9383946969574,1228.9539114644738,cam_3_1690335161_20-32-41.jpg
643,590,574.0401052299858,400.46251726027276,812.0615281980704,639.7981864543121,cam_3_1690335161_20-32-41.jpg
643,602,1680.709915104473,199.95615946021206,1992.1526971469425,368.8629741016802,cam_3_1690335161_20-32-41.jpg
643,607,792.0022244369092,1189.070103765819,1810.793650746245,1976.3175906293202,cam_3_1690335161_20-32-41.jpg
644,468,442.79109200568746,520.550436443065,1117.0668337270465,898.4547448063752,cam_3_1690335176_20-32-56.jpg
644,469,481.4713945080627,519.570557913172,1149.1653662326603,1033.23336358925,cam_3_1690335176_20-32-56.jpg
644,480,1324.6956487983446,308.70139767035334,1764.9164102103214,668.5113244945085,cam_3_1690335176_20-32-56.jpg
644,484,2278.2480694661663,444.3175558012312,2696.5927015442026,642.1695979389884,cam_3_1690335176_20-32-56.jpg
644,514,1496.9108900419228,423.93671498953495,2270.544505386638,908.3927898003301,cam_3_1690335176_20-32-56.jpg
644,553,1577.4652141953966,341.70741082940935,1963.4877286700994,600.9153638363198,cam_3_1690335176_20-32-56.jpg
644,583,440.875512968915,725.6467376252261,1286.136862031117,1215.6256477478319,cam_3_1690335176_20-32-56.jpg
644,590,568.8356617168305,398.3584909422081,800.3715425229607,634.4700601982445,cam_3_1690335176_20-32-56.jpg
644,602,1674.1749981674895,199.67469297840583,1990.8125754626524,370.5354975685582,cam_3_1690335176_20-32-56.jpg
644,607,825.6419105449052,1184.3729900860055,1747.3417187112193,1881.0216048966092,cam_3_1690335176_20-32-56.jpg
645,468,390.87667929367024,527.2608122459059,1099.0634080813497,921.7480914464298,cam_3_1690335191_20-33-11.jpg
645,480,1324.8506541665085,309.58808464162655,1765.3052153536073,671.9804496041991,cam_3_1690335191_20-33-11.jpg
645,484,2266.9111603985834,445.6532618680667,2694.300166203696,644.8434613026861,cam_3_1690335191_20-33-11.jpg
645,513,1477.6534536422646,351.350118823118,2106.1885154921565,713.9053091675005,cam_3_1690335191_20-33-11.jpg
645,583,461.4997173850327,713.4923568411785,1319.3501232486044,1220.2074668181626,cam_3_1690335191_20-33-11.jpg
645,590,564.9640459865416,395.0874845694808,796.3807059391506,634.9838206453024,cam_3_1690335191_20-33-11.jpg
645,598,2578.7283985753306,580.1258512312368,3796.6145932095105,1217.327126440702,cam_3_1690335191_20-33-11.jpg
645,602,1664.7381459053718,200.01736996625777,1979.118951795435,367.387781205878,cam_3_1690335191_20-33-11.jpg
645,607,787.4359495472443,1182.158766849182,1741.8498871908914,1892.5978034917298,cam_3_1690335191_20-33-11.jpg
646,469,515.2710511483242,581.8863377553689,1080.322114861582,1013.132126220041,cam_3_1690335296_20-34-56.jpg
646,480,1329.7944356899552,310.52572848782904,1772.9992866330622,675.9410411320962,cam_3_1690335296_20-34-56.jpg
646,484,2256.8760915716907,445.8810847863066,2684.423932647217,641.6854387452765,cam_3_1690335296_20-34-56.jpg
646,513,1474.5007326432797,344.54738360469463,2106.3919282659763,712.2577537447576,cam_3_1690335296_20-34-56.jpg
646,550,1706.59060884582,191.2522291714957,2038.5918170357245,371.13016272809455,cam_3_1690335296_20-34-56.jpg
646,589,463.2587857354821,419.1880967544148,802.8771454308842,778.5457658251821,cam_3_1690335296_20-34-56.jpg
646,598,2632.4031836803615,561.8034131273156,3766.034482929212,1154.7061657750564,cam_3_1690335296_20-34-56.jpg
646,607,777.0234335430612,1175.3950346053152,1757.2605247513616,1892.724534101814,cam_3_1690335296_20-34-56.jpg
647,300,2288.4298634022166,278.45900606335977,2795.481329023556,618.142553775747,cam_3_1690335476_20-37-56.jpg
647,480,1323.6982533967505,309.8397985893407,1761.6952125572564,673.7979608287121,cam_3_1690335476_20-37-56.jpg
647,513,1478.3623004545464,341.9931864829298,2105.1890345244897,708.2463146407222,cam_3_1690335476_20-37-56.jpg
647,550,1701.41074233956,198.52828444146402,2006.7014279044479,361.3091931482346,cam_3_1690335476_20-37-56.jpg
647,590,594.0281660195836,414.0323488816838,795.226149876898,621.0567669527874,cam_3_1690335476_20-37-56.jpg
647,598,2690.0467862785563,514.9536348615511,3934.099852327031,1214.4091640541455,cam_3_1690335476_20-37-56.jpg
648,300,2303.327346147798,278.5079175120781,2806.1856260780196,623.2879954998866,cam_3_1690335491_20-38-11.jpg
648,480,1330.8043949348346,308.89762849140845,1764.1474368080385,668.7472607713296,cam_3_1690335491_20-38-11.jpg
648,513,1480.0006765091287,343.0717184762424,2099.4750211089286,706.5536970212306,cam_3_1690335491_20-38-11.jpg
648,550,1678.8032024353085,202.002036607766,1984.5549678346333,362.6671358839114,cam_3_1690335491_20-38-11.jpg
648,563,3035.4842586066598,497.4675481103076,3500.7010392769375,1323.5728387602067,cam_3_1690335491_20-38-11.jpg
648,590,596.9631070750651,412.06294074872335,788.954238076094,611.9594436864238,cam_3_1690335491_20-38-11.jpg
648,608,1289.5572546455455,1186.0972675355583,2588.125743787893,2770.5940576511375,cam_3_1690335491_20-38-11.jpg
649,300,2305.3772127359953,278.1949914419421,2803.539794793387,624.4008999637228,cam_3_1690335551_20-39-11.jpg
649,480,1328.1020428165639,310.39384108293734,1760.3222769389652,669.441376864015,cam_3_1690335551_20-39-11.jpg
649,513,1480.7824412467112,345.4555821313778,2095.7935059053716,706.7535255589041,cam_3_1690335551_20-39-11.jpg
649,550,1667.0461326985344,201.62950686195626,1982.0988868633472,365.66549933339786,cam_3_1690335551_20-39-11.jpg
649,563,3036.0452120394643,531.4747730546064,3501.973477143799,1361.3463045837043,cam_3_1690335551_20-39-11.jpg
649,590,586.7533200959934,426.05049381371106,794.0790913836804,645.6074695345392,cam_3_1690335551_20-39-11.jpg
649,608,1088.9806936658308,1307.0050043319122,2277.1874169885223,2696.4630803043055,cam_3_1690335551_20-39-11.jpg
649,612,685.4595758938212,494.05319543564667,986.1827674489705,894.1334933519087,cam_3_1690335551_20-39-11.jpg
649,613,2653.154543807449,572.5852014062293,3191.2074692707706,1474.9085094730697,cam_3_1690335551_20-39-11.jpg
650,300,2317.8259224620742,279.7758629646099,2799.065433857977,617.4801244884666,cam_3_1690335566_20-39-26.jpg
650,480,1328.029239567115,309.2206718743528,1758.8595771898547,667.7871995179003,cam_3_1690335566_20-39-26.jpg
650,513,1480.2477895682002,343.00093919507236,2097.4721606162116,706.9115946214004,cam_3_1690335566_20-39-26.jpg
650,550,1660.732489130594,200.3151077948899,1977.7634715896284,363.81205893232385,cam_3_1690335566_20-39-26.jpg
650,590,581.523732014606,427.66480932122386,778.5517333203395,637.1492085504663,cam_3_1690335566_20-39-26.jpg
650,607,727.7772021625078,998.686985134758,1833.694887333358,1797.3165398015622,cam_3_1690335566_20-39-26.jpg
650,608,975.1516354535103,1283.3651663271542,2189.2327112361854,2662.4453099049706,cam_3_1690335566_20-39-26.jpg
650,612,646.7840779213005,485.41820579966964,963.2852003029228,903.122993006077,cam_3_1690335566_20-39-26.jpg
650,614,609.5118239351008,434.1546144994086,774.2192811089106,711.3372769886739,cam_3_1690335566_20-39-26.jpg
651,300,2321.7345646644408,278.2273580129613,2797.680121215112,612.2929747252194,cam_3_1690335611_20-40-11.jpg
651,480,1330.561707057384,307.5782650519079,1761.3644322438504,666.3039552318348,cam_3_1690335611_20-40-11.jpg
651,513,1472.4416851101425,341.002833893408,2089.7227761338313,707.8909337531329,cam_3_1690335611_20-40-11.jpg
651,550,1680.25432193327,202.2683970927828,1993.3363773332653,363.70243180861326,cam_3_1690335611_20-40-11.jpg
651,590,584.7837373131257,424.27383151021877,781.6766186964574,634.5158621534572,cam_3_1690335611_20-40-11.jpg
651,607,695.8338248185322,1030.4170216843795,1933.7679600772567,1922.5549270662923,cam_3_1690335611_20-40-11.jpg
651,608,1099.0869790353127,1340.703981136015,2318.7590145797794,2740.9653879551915,cam_3_1690335611_20-40-11.jpg
651,612,647.3170426266984,475.70471520926276,960.5865285869402,890.1583209542132,cam_3_1690335611_20-40-11.jpg
652,300,2333.068589363006,277.2435466643417,2798.5639686806785,603.7269270165864,cam_3_1690335731_20-42-11.jpg
652,480,1335.4361242520006,309.6208773249275,1761.5880771594307,663.9055589823844,cam_3_1690335731_20-42-11.jpg
652,513,1481.0352006344617,341.0603094968876,2094.6560061094588,706.6123777025634,cam_3_1690335731_20-42-11.jpg
652,535,583.0430379720481,999.4399311289305,1723.7968401705277,1721.3529220743033,cam_3_1690335731_20-42-11.jpg
652,550,1671.5591976325793,200.90565598981948,1993.839207035736,365.9995568013686,cam_3_1690335731_20-42-11.jpg
652,589,473.9738778858456,463.45240515084106,841.5275871616806,861.7796630746345,cam_3_1690335731_20-42-11.jpg
652,607,680.5894464164031,1104.452677569155,1952.507548521607,2022.8868328682852,cam_3_1690335731_20-42-11.jpg
652,608,1168.694532799752,1386.8268587165708,2350.143676658171,2761.16860557717,cam_3_1690335731_20-42-11.jpg
653,300,2340.675728005548,277.3168055900101,2800.9792905092136,602.6616685139531,cam_3_1690335746_20-42-26.jpg
653,480,1335.8050476967076,309.2667119934723,1763.4361324916222,664.6353922605356,cam_3_1690335746_20-42-26.jpg
653,513,1482.6076475269967,342.9512056406553,2093.501371102486,707.3307523875751,cam_3_1690335746_20-42-26.jpg
653,535,632.3502021708362,1009.4925257544778,1699.6346962510231,1662.5185067772245,cam_3_1690335746_20-42-26.jpg
653,550,1663.3619128651667,196.53094810422874,1997.0454321631441,366.93536177184444,cam_3_1690335746_20-42-26.jpg
653,589,484.28489144441824,466.3216682215897,850.9161640522655,867.7199640136268,cam_3_1690335746_20-42-26.jpg
653,607,587.8276113737476,1133.7936966482748,1824.7658185268392,1994.334526689802,cam_3_1690335746_20-42-26.jpg
653,608,1198.7982594754294,1412.4707415019084,2357.2846631299517,2771.4134696186147,cam_3_1690335746_20-42-26.jpg
654,300,2365.3124656988634,264.2437989758721,2825.3420418572778,585.7016000380839,cam_3_1690335941_20-45-41.jpg
654,480,1336.1204424048863,306.17248061907026,1771.56010713244,668.8867929035973,cam_3_1690335941_20-45-41.jpg
654,509,1183.145024890812,281.75106701023094,1536.6604889738783,591.7932329780123,cam_3_1690335941_20-45-41.jpg
654,513,1487.8215412102124,341.9233763707324,2095.652389823132,704.1343666436694,cam_3_1690335941_20-45-41.jpg
654,581,1892.8513495039645,509.17247171943103,2430.997566394266,828.2587798595591,cam_3_1690335941_20-45-41.jpg
654,607,632.5191718703328,1065.363337627925,1799.13976012396,1876.8551035386495,cam_3_1690335941_20-45-41.jpg
655,480,1329.333342381272,304.46285641717225,1766.1169545786747,668.2001166642444,cam_3_1690336061_20-47-41.jpg
655,509,1199.8408218839377,272.41106228470517,1559.6650984952573,586.2928733793244,cam_3_1690336061_20-47-41.jpg
655,513,1490.7311165290346,340.52632760512745,2100.1457113615247,703.4711856376025,cam_3_1690336061_20-47-41.jpg
655,581,1845.950337669472,511.75598121067935,2389.803436839793,839.1646379664246,cam_3_1690336061_20-47-41.jpg
655,607,595.9904518494633,1043.298025731815,1808.1537526276547,1891.250087477439,cam_3_1690336061_20-47-41.jpg
656,480,1329.5874951907913,303.8795858085123,1764.5596440641334,666.7061329001044,cam_3_1690336106_20-48-26.jpg
656,509,1201.0678310824603,272.75253655436074,1557.9490334500501,584.8357417498478,cam_3_1690336106_20-48-26.jpg
656,513,1488.1558748084692,342.81603394505703,2097.541916241971,705.1722488478217,cam_3_1690336106_20-48-26.jpg
656,581,1853.4396855112457,514.500742826038,2404.748022080305,842.5130328179993,cam_3_1690336106_20-48-26.jpg
656,601,2100.062439612361,425.0548568713762,2555.3132663890815,583.3045022583728,cam_3_1690336106_20-48-26.jpg
656,607,605.6025303947163,1028.63703655869,1818.1126285628266,1880.2709948347235,cam_3_1690336106_20-48-26.jpg
656,608,901.3805427889263,1195.1745217106563,2028.8312640767688,2505.840573234377,cam_3_1690336106_20-48-26.jpg
656,620,2101.7547574071446,167.6805526357121,2387.0728860338418,392.8737739857713,cam_3_1690336106_20-48-26.jpg
657,480,1328.5222513589847,305.64472134087316,1761.2515437999014,667.1448232489464,cam_3_1690336136_20-48-56.jpg
657,509,1203.6849575500203,272.71686510448654,1562.432026309652,586.1004407694604,cam_3_1690336136_20-48-56.jpg
657,513,1488.7252064813622,344.35655719695075,2094.248281919408,704.4595434099701,cam_3_1690336136_20-48-56.jpg
657,550,1672.9010899308055,180.5484507075312,2011.159716453809,355.08851951774875,cam_3_1690336136_20-48-56.jpg
657,581,1857.5751977616167,519.6338950251734,2411.849827764056,845.5018834031807,cam_3_1690336136_20-48-56.jpg
657,601,2086.596038860541,418.3131370422607,2560.8985534365333,586.2551054947999,cam_3_1690336136_20-48-56.jpg
657,607,566.2064681368718,1025.5080891021712,1860.2122757324735,1945.0137738087956,cam_3_1690336136_20-48-56.jpg
657,608,827.6645755212664,1157.4776357971414,1997.4769021106424,2511.6421623933684,cam_3_1690336136_20-48-56.jpg
658,480,1321.2590467006758,309.17459228924236,1750.2129266141703,668.0800578429366,cam_3_1690336151_20-49-11.jpg
658,509,1206.1987583819418,273.0691700286758,1574.3435518922706,594.9156930773086,cam_3_1690336151_20-49-11.jpg
658,513,1487.1977211429946,345.52991843875225,2091.143891948209,703.9753414634506,cam_3_1690336151_20-49-11.jpg
658,581,1856.5382328655744,519.6925273596751,2417.6996148888943,846.6824615319526,cam_3_1690336151_20-49-11.jpg
658,601,2083.7202443263773,417.2286543795718,2562.6043818047965,589.2633309092676,cam_3_1690336151_20-49-11.jpg
658,607,595.7325739432804,1028.1204672457807,1849.6936365838746,1925.1145496897416,cam_3_1690336151_20-49-11.jpg
658,608,767.8315527176795,1142.2942396793724,2016.7199942720486,2596.1464333477616,cam_3_1690336151_20-49-11.jpg
659,480,1306.1076862454547,307.31623288790274,1741.9648241537054,671.5371888125221,cam_3_1690336181_20-49-41.jpg
659,509,1194.0741631644232,279.52655735019016,1551.4084690468617,596.8207138757552,cam_3_1690336181_20-49-41.jpg
659,513,1488.308022666061,347.12379912543526,2091.4107140215224,704.5537069923801,cam_3_1690336181_20-49-41.jpg
659,534,1279.8522930053211,184.96559585638084,1544.0928293867114,326.0707019316616,cam_3_1690336181_20-49-41.jpg
659,550,1694.6869170805367,188.99652822705525,2024.2147536886846,357.6031669923667,cam_3_1690336181_20-49-41.jpg
659,581,1848.5542709903766,519.5083838930815,2409.80274223619,846.2257290078757,cam_3_1690336181_20-49-41.jpg
659,601,2083.1226314878077,415.5922335493946,2557.794468077111,587.9618536722228,cam_3_1690336181_20-49-41.jpg
659,607,582.7406808409902,1012.588836942139,1876.7809526614915,1954.8270790491106,cam_3_1690336181_20-49-41.jpg
659,608,839.0413717572263,1164.5791519486022,2049.3284166029457,2546.2878202089696,cam_3_1690336181_20-49-41.jpg
660,480,1300.950397988001,307.8286226067968,1724.5578080169364,663.7739548623586,cam_3_1690336256_20-50-56.jpg
660,509,1202.3056021722311,289.2958133850074,1570.080014622401,614.9346255925418,cam_3_1690336256_20-50-56.jpg
660,513,1489.1365872724948,346.4832948990469,2093.651601654791,704.7744153026647,cam_3_1690336256_20-50-56.jpg
660,534,1293.2244044107524,185.06281641051805,1545.3487992643534,323.2733783171784,cam_3_1690336256_20-50-56.jpg
660,581,1846.868463905563,518.2172063496664,2412.8107029391917,847.1493567121206,cam_3_1690336256_20-50-56.jpg
660,601,2086.70103985076,416.19230784739,2560.0035778095357,589.6548348621642,cam_3_1690336256_20-50-56.jpg
660,607,569.7416104625382,1021.3024829065911,1831.9273718039926,1938.9751742876479,cam_3_1690336256_20-50-56.jpg
660,608,913.9861279094991,1202.7007953918128,1964.1429378547639,2330.1680021661905,cam_3_1690336256_20-50-56.jpg
661,480,1304.6013889235915,306.71034481543427,1724.78056086599,660.2899913551973,cam_3_1690336286_20-51-26.jpg
661,509,1195.298588461337,290.68911795269076,1563.4500142117315,618.8458128608913,cam_3_1690336286_20-51-26.jpg
661,513,1495.2370062087093,345.45267518180356,2096.604001272276,700.9354875606991,cam_3_1690336286_20-51-26.jpg
661,534,1290.184465890369,185.8190462052533,1540.8523044064339,322.53363769176667,cam_3_1690336286_20-51-26.jpg
661,581,1846.6254811876756,516.8179449528855,2414.9320801229733,846.8394127572406,cam_3_1690336286_20-51-26.jpg
661,601,2101.6759020152763,414.31496196393823,2558.8408201115053,582.698795193731,cam_3_1690336286_20-51-26.jpg
661,607,613.9958078918821,1006.1768062677959,1823.3466680630786,1888.1205703031546,cam_3_1690336286_20-51-26.jpg
661,608,922.8747427029939,1215.6911008134084,1929.5817707215892,2240.279393297784,cam_3_1690336286_20-51-26.jpg
661,620,2245.414494848862,210.78573943154143,2556.1978280186195,457.81962201270994,cam_3_1690336286_20-51-26.jpg
662,320,1929.6830574983217,229.60111381961474,2293.3768630031122,436.86404836059944,cam_3_1690336376_20-52-56.jpg
662,480,1312.4579547760402,305.2206241023635,1738.9626926060414,665.4491463695986,cam_3_1690336376_20-52-56.jpg
662,509,1206.0160725862124,294.91056125252345,1564.1833630389283,612.8311080467843,cam_3_1690336376_20-52-56.jpg
662,513,1491.580257383378,342.97784697454597,2094.9814710087935,700.0275943610501,cam_3_1690336376_20-52-56.jpg
662,534,1276.1113568800924,184.54311760820747,1537.6885947444107,325.98910899306907,cam_3_1690336376_20-52-56.jpg
662,535,635.8995029686154,1236.341810550883,2212.474598743673,2224.4124214031635,cam_3_1690336376_20-52-56.jpg
662,581,1846.1498938034247,517.0146543139796,2414.7938368809846,847.0868218397811,cam_3_1690336376_20-52-56.jpg
662,601,2103.095213213385,414.15978958385176,2551.0265449288586,580.4406324763647,cam_3_1690336376_20-52-56.jpg
662,607,614.6520014357565,1014.0272013787846,1693.5884659380808,1764.8540201784438,cam_3_1690336376_20-52-56.jpg
663,300,2329.6470444325055,281.19480836600803,2762.1332982949853,575.6675808296498,cam_3_1690336451_20-54-11.jpg
663,320,1927.9490394212762,228.60915321357248,2299.254687880105,440.0307626276909,cam_3_1690336451_20-54-11.jpg
663,480,1318.3188505810244,303.55964735566147,1743.9761897819458,663.2082989838966,cam_3_1690336451_20-54-11.jpg
663,509,1214.711398932902,288.0064888401582,1585.6565128080863,613.3121712316324,cam_3_1690336451_20-54-11.jpg
663,513,1490.168013176038,341.7566324609206,2094.7280052754395,699.4667887769349,cam_3_1690336451_20-54-11.jpg
663,534,1311.5835534986234,181.65352182494576,1565.7919385300313,319.3608183119878,cam_3_1690336451_20-54-11.jpg
663,535,610.0210122322123,1257.4602163559882,2286.376269420013,2357.2291561244438,cam_3_1690336451_20-54-11.jpg
663,581,1842.780707452654,514.8739007376907,2412.029405565491,845.6953271511043,cam_3_1690336451_20-54-11.jpg
663,608,809.736751919547,1044.4375551472672,1760.6415401737634,1988.4639874279326,cam_3_1690336451_20-54-11.jpg
664,300,2316.6429921516415,278.92171480467147,2753.5170593179996,576.567709375108,cam_3_1690336481_20-54-41.jpg
664,320,1923.5424284781145,227.86289988639123,2297.726212325115,442.22258811393067,cam_3_1690336481_20-54-41.jpg
664,480,1320.0299871884274,308.3448621921766,1740.328401639547,664.1379137611511,cam_3_1690336481_20-54-41.jpg
664,509,1194.2220970318979,289.38324762704576,1576.3743664946596,623.2819460686702,cam_3_1690336481_20-54-41.jpg
664,513,1490.831988292229,342.8275597335247,2094.5663364162037,699.7415612962182,cam_3_1690336481_20-54-41.jpg
664,534,1312.8449026568924,180.73035800101852,1573.7989188123427,322.12379237095615,cam_3_1690336481_20-54-41.jpg
664,535,697.0874264995311,1267.3773210741228,2238.1422805499597,2285.9360367021736,cam_3_1690336481_20-54-41.jpg
664,581,1843.3019701156438,514.941702170515,2412.487352302769,845.8645705527438,cam_3_1690336481_20-54-41.jpg
664,608,768.4368486136796,1027.5540043241815,1727.1459259067283,1963.8250215492324,cam_3_1690336481_20-54-41.jpg
665,300,2315.6689663568204,277.49809442454216,2754.934515559786,577.2419994821826,cam_3_1690336586_20-56-26.jpg
665,320,1943.0730166609223,228.16018454455224,2306.254970373349,440.07713440021774,cam_3_1690336586_20-56-26.jpg
665,480,1299.368871819805,313.6283662942223,1714.140587507079,664.2264358109878,cam_3_1690336586_20-56-26.jpg
665,509,1197.9115529804649,290.72205388142345,1573.3707911757351,614.7769097463013,cam_3_1690336586_20-56-26.jpg
665,513,1491.2291234812542,346.45520875165084,2090.7279083027206,700.5833503505457,cam_3_1690336586_20-56-26.jpg
665,534,1308.0915010604756,181.21781607545546,1561.206228202046,318.2119686359829,cam_3_1690336586_20-56-26.jpg
665,535,720.0200401409351,1285.4381947466404,2225.648503392199,2282.126115096727,cam_3_1690336586_20-56-26.jpg
665,581,1844.391929595327,515.2808629775724,2412.840667749621,846.0992808537334,cam_3_1690336586_20-56-26.jpg
665,607,531.2256544502901,1015.911083986419,1774.3869344347604,1879.6646767576588,cam_3_1690336586_20-56-26.jpg
666,300,2315.852965191735,278.13070203920626,2758.66405036072,581.610711657268,cam_3_1690336616_20-56-56.jpg
666,320,1946.8654937234082,231.33503253324346,2303.4820587441623,440.76106575716045,cam_3_1690336616_20-56-56.jpg
666,480,1293.7824348236118,313.7965961201379,1711.929927585904,666.6692673377019,cam_3_1690336616_20-56-56.jpg
666,509,1198.9283775673453,290.665000091124,1578.7088391435464,615.6288993012704,cam_3_1690336616_20-56-56.jpg
666,513,1489.4666344875388,348.5621693785454,2091.4275886691667,703.6684773545435,cam_3_1690336616_20-56-56.jpg
666,534,1315.4564622810578,181.93597708585762,1569.5810274724072,319.50408866728014,cam_3_1690336616_20-56-56.jpg
666,535,924.0215724921522,1209.7795165555208,2526.311202214864,2285.598375489819,cam_3_1690336616_20-56-56.jpg
666,581,1845.9670102353957,517.443882751846,2409.769631939226,845.5055625026698,cam_3_1690336616_20-56-56.jpg
666,608,751.4754704264259,1008.1516202269568,1723.4551023840027,1943.4949408211378,cam_3_1690336616_20-56-56.jpg
667,300,2311.027155882186,277.9856234189874,2751.596247574204,579.2052753694005,cam_3_1690336706_20-58-26.jpg
667,320,1975.842162368908,216.3872096893658,2345.831857727541,443.3939735433572,cam_3_1690336706_20-58-26.jpg
667,480,1233.3699000682604,324.20597134406376,1663.660846539018,683.8016275524974,cam_3_1690336706_20-58-26.jpg
667,509,1184.414817989255,288.7976600179841,1568.619067235444,611.1033615204669,cam_3_1690336706_20-58-26.jpg
667,513,1483.7751567375942,346.0270552933357,2094.246395398993,705.8161715174854,cam_3_1690336706_20-58-26.jpg
667,534,1320.9303565258565,183.66609288649767,1577.9057067760966,323.5097791165182,cam_3_1690336706_20-58-26.jpg
667,535,850.1520499627749,1306.5340156895581,2453.2275480385906,2354.7715316751737,cam_3_1690336706_20-58-26.jpg
667,581,1847.0023428800175,517.9688072496339,2409.0150265429115,844.8103231512654,cam_3_1690336706_20-58-26.jpg
667,607,566.665358333053,1036.7882299929367,1803.5131273166612,1895.0611369947392,cam_3_1690336706_20-58-26.jpg
668,300,2319.8133623105587,279.69454516705775,2752.4635066533833,576.2794921410391,cam_3_1690336841_21-00-41.jpg
668,320,2005.2464251237266,209.88663772016224,2353.7897029859014,429.9749510507514,cam_3_1690336841_21-00-41.jpg
668,480,1209.5191910350711,420.9228611465898,1678.846820189475,812.0532286409405,cam_3_1690336841_21-00-41.jpg
668,509,1221.9659952182428,289.54874089330247,1583.2492117471743,576.3747482230428,cam_3_1690336841_21-00-41.jpg
668,514,1598.8587548619707,359.8971495642725,2202.79041082714,750.9416577912334,cam_3_1690336841_21-00-41.jpg
668,534,1279.3016514985159,184.0743872354866,1548.2366817039278,329.3111036114211,cam_3_1690336841_21-00-41.jpg
668,581,1832.1134731478778,511.9822179962548,2394.9366973467577,842.6748245264857,cam_3_1690336841_21-00-41.jpg
668,583,565.4512406496896,1071.2186496873853,1818.274487258227,1801.471681811657,cam_3_1690336841_21-00-41.jpg
669,300,2319.72424783722,280.40831796988766,2747.1448146289995,572.33787287152,cam_3_1690337126_21-05-26.jpg
669,320,2028.617856358897,204.83336803912178,2369.216748479706,429.1468092441512,cam_3_1690337126_21-05-26.jpg
669,509,1210.4485740215996,281.2443589357045,1595.892850122744,587.1182018758971,cam_3_1690337126_21-05-26.jpg
669,514,1503.803555036336,382.18042526377775,2142.9865187041046,815.10710798129,cam_3_1690337126_21-05-26.jpg
669,534,1281.4252294879625,184.2092678953379,1542.5144017325447,322.71107836813803,cam_3_1690337126_21-05-26.jpg
669,553,1400.6281654808354,354.8500666328297,1726.4284804481056,573.4739994254356,cam_3_1690337126_21-05-26.jpg
669,581,1840.170730806165,511.7145266745749,2401.0227446135186,841.4911201300094,cam_3_1690337126_21-05-26.jpg
669,583,658.4871043069276,1044.661103104127,1906.1313610211046,1764.757687779564,cam_3_1690337126_21-05-26.jpg
670,300,2259.5130658108596,242.18802165894124,2770.1329999692102,592.6244255631306,cam_3_1690337396_21-09-56.jpg
670,509,1206.8501453003844,278.864346365973,1603.7357381002155,593.804776775296,cam_3_1690337396_21-09-56.jpg
670,514,1666.9515114224391,430.63670364581964,2151.602322100161,764.9974929699117,cam_3_1690337396_21-09-56.jpg
670,534,1273.1873633935395,186.10339610484303,1533.853509186419,323.37655532279723,cam_3_1690337396_21-09-56.jpg
670,553,1393.3430178026538,355.4883561879004,1713.6480759722,572.7322434096154,cam_3_1690337396_21-09-56.jpg
670,581,1840.0398457131853,510.4967640247751,2407.700165347791,845.474177934238,cam_3_1690337396_21-09-56.jpg
670,583,641.1021663431602,1023.8254701911867,1812.350841207327,1707.1643050724037,cam_3_1690337396_21-09-56.jpg
670,598,2873.8289257578954,291.7708812860096,3551.359433034654,682.4300173481705,cam_3_1690337396_21-09-56.jpg
671,300,2244.5739938103725,224.4899219333683,2788.701812736419,600.294922500171,cam_3_1690337636_21-13-56.jpg
671,469,447.8933686195975,338.3598364818122,822.2933943885696,621.1691168540465,cam_3_1690337636_21-13-56.jpg
671,509,1199.810756418874,280.7661246957351,1595.059209037132,595.8413578295801,cam_3_1690337636_21-13-56.jpg
671,513,1619.6132125243587,446.17488745323647,2032.971967492973,691.1284321956889,cam_3_1690337636_21-13-56.jpg
671,514,1741.2725511180686,455.26969712239116,2156.3552968705217,743.0391325968828,cam_3_1690337636_21-13-56.jpg
671,553,1390.8368205374563,358.0527290457637,1706.1075880157775,572.8521739557879,cam_3_1690337636_21-13-56.jpg
671,581,1833.6378697114085,505.01334548802436,2409.552408180586,847.1203209585547,cam_3_1690337636_21-13-56.jpg
671,598,2745.9995308334537,209.90911266007294,3339.3088736898203,569.089277034212,cam_3_1690337636_21-13-56.jpg
671,607,590.8441463782605,997.5032901462912,1757.012873211068,1815.5028085986178,cam_3_1690337636_21-13-56.jpg
672,457,1233.6222592766096,213.24585058316165,1430.95225379261,348.168358997204,cam_3_1690337816_21-16-56.jpg
672,469,431.34345286760833,332.55744961000994,809.2414918444451,610.116041984141,cam_3_1690337816_21-16-56.jpg
672,484,2353.8665269708677,431.49139564268023,2783.8324513191596,632.300719341181,cam_3_1690337816_21-16-56.jpg
672,509,1201.2955886544842,288.6181464800619,1586.13684686094,596.1826209793959,cam_3_1690337816_21-16-56.jpg
672,513,1637.7366571609994,456.1567850614435,2027.1891541683258,688.2609283776537,cam_3_1690337816_21-16-56.jpg
672,514,1770.2245089424046,465.2566003396405,2161.709571938951,735.195098034894,cam_3_1690337816_21-16-56.jpg
672,553,1393.2630208547148,364.3140886395264,1698.4520606944002,572.0041611301683,cam_3_1690337816_21-16-56.jpg
672,581,1838.8593822502148,506.2340298485307,2406.5817886158156,844.6603670993895,cam_3_1690337816_21-16-56.jpg
672,598,2719.447320405937,197.74261346196644,3277.618465536563,543.7737410002296,cam_3_1690337816_21-16-56.jpg
672,629,1534.0568339257552,434.5169368820417,1929.499469757441,643.9564614594295,cam_3_1690337816_21-16-56.jpg
673,469,418.11756941846636,325.627819470255,814.4358752439298,604.573054306036,cam_3_1690337951_21-19-11.jpg
673,484,2361.90032346171,432.09098006573396,2778.2450829108575,629.5356061029008,cam_3_1690337951_21-19-11.jpg
673,509,1211.4473032348794,279.34542775619093,1609.2998343980921,595.2756295417078,cam_3_1690337951_21-19-11.jpg
673,513,1643.3939083932244,455.75238991030767,2030.3173515017747,687.7312333770061,cam_3_1690337951_21-19-11.jpg
673,514,1770.2208685829532,464.7802888606869,2163.6423223784495,736.2970151823317,cam_3_1690337951_21-19-11.jpg
673,553,1394.270853763548,360.82293727699124,1702.2083911956604,571.5643119423797,cam_3_1690337951_21-19-11.jpg
673,581,1834.3397235462628,502.77319245559477,2405.2244718056245,845.6915581401731,cam_3_1690337951_21-19-11.jpg
673,598,2666.1427608093413,192.11678350422343,3202.3837300513514,522.4124255241492,cam_3_1690337951_21-19-11.jpg
673,629,1531.9087920458344,429.688728685274,1937.1953120146195,644.4088541918247,cam_3_1690337951_21-19-11.jpg
674,484,2372.205250632131,432.56864962489954,2780.6539829943076,629.0970294375481,cam_3_1690338056_21-20-56.jpg
674,509,1205.7042566987081,273.1889314733537,1611.5093066050067,593.6199397270866,cam_3_1690338056_21-20-56.jpg
674,513,1648.3104970425904,456.20315123342493,2032.0151899053383,686.9042926894547,cam_3_1690338056_21-20-56.jpg
674,514,1771.3710303192954,466.70732799769826,2160.813637759442,735.2826961256608,cam_3_1690338056_21-20-56.jpg
674,550,1694.9547444983357,208.79306343740168,2083.980881186224,407.9878775872422,cam_3_1690338056_21-20-56.jpg
674,553,1396.6010612131709,363.2255732704504,1696.702247257347,568.2028822434568,cam_3_1690338056_21-20-56.jpg
674,581,1830.9685762809413,501.7980897195142,2397.755005660848,844.7355135191311,cam_3_1690338056_21-20-56.jpg
674,589,457.8698570254574,363.7016954950111,736.8814522683272,664.3528626117011,cam_3_1690338056_21-20-56.jpg
674,598,2635.248793114315,191.623010764817,3163.4662867118086,514.6387809868648,cam_3_1690338056_21-20-56.jpg
674,629,1529.748004936606,432.4663223805081,1929.8083695030107,644.53079760143,cam_3_1690338056_21-20-56.jpg
674,630,2031.9210248939098,388.13538518465566,2370.5062795260574,515.0791889380635,cam_3_1690338056_21-20-56.jpg
675,480,1345.2797063227486,444.0835594941843,1780.4089619392294,811.4021700685043,cam_3_1690338461_21-27-41.jpg
675,484,2374.1726375698845,434.84186824735383,2777.4196834527984,631.0128862926317,cam_3_1690338461_21-27-41.jpg
675,513,1671.2969817383419,439.5858737499153,2045.3897763187358,667.1692098936463,cam_3_1690338461_21-27-41.jpg
675,514,1773.042173360042,464.34485800245295,2165.204065337551,734.795271867314,cam_3_1690338461_21-27-41.jpg
675,550,1709.322833934344,214.13815213864842,2086.208844399882,406.4221629887035,cam_3_1690338461_21-27-41.jpg
675,553,1393.0158603694942,359.63396855040537,1678.4709736559967,551.1274194319386,cam_3_1690338461_21-27-41.jpg
675,581,1844.3661724173276,504.54651941725956,2401.2825350392313,842.1297941115272,cam_3_1690338461_21-27-41.jpg
675,602,1612.9088182822818,176.1277069089672,1908.5619740338195,330.7082921136529,cam_3_1690338461_21-27-41.jpg
675,630,2036.4848258715303,393.4285474107509,2357.960083222639,513.4169281948036,cam_3_1690338461_21-27-41.jpg
676,480,1367.8335856517529,444.5798654102665,1789.577496898015,801.9237173887104,cam_3_1690338506_21-28-26.jpg
676,484,2367.762734627809,434.5579852686633,2773.6424125671,633.3090968176782,cam_3_1690338506_21-28-26.jpg
676,513,1682.2554871767961,436.7479549728794,2046.54685668539,660.8238838297738,cam_3_1690338506_21-28-26.jpg
676,514,1774.6761929067395,462.9389144798101,2168.248262040485,734.0972145358066,cam_3_1690338506_21-28-26.jpg
676,550,1705.354684932379,212.4393127239867,2092.0615223667355,409.2352652256959,cam_3_1690338506_21-28-26.jpg
676,553,1392.0488621228917,358.5314620484524,1671.8170952386793,543.5910996810911,cam_3_1690338506_21-28-26.jpg
676,581,1849.166287988458,505.4891319067264,2400.3726379437085,840.7361570636103,cam_3_1690338506_21-28-26.jpg
676,630,2037.9106068708386,396.8198048801692,2355.4401947636347,514.8653311044627,cam_3_1690338506_21-28-26.jpg
677,300,2254.5160301950227,174.000501781382,2639.808737784475,440.3375712840783,cam_3_1690338521_21-28-41.jpg
677,480,1379.3119457840212,452.1683933625309,1790.56413054327,805.1725327130739,cam_3_1690338521_21-28-41.jpg
677,484,2365.949117168595,435.7723127213388,2767.0987673571017,632.9512668424136,cam_3_1690338521_21-28-41.jpg
677,513,1687.7828691262757,433.02769425368155,2032.9032029883376,645.8348027713329,cam_3_1690338521_21-28-41.jpg
677,514,1767.655788783134,460.54989807636855,2167.3902079025916,736.7740372177782,cam_3_1690338521_21-28-41.jpg
677,550,1704.0009492928139,210.8731941271426,2094.290504030296,409.21065260835064,cam_3_1690338521_21-28-41.jpg
677,553,1391.4316719632357,358.2564319003791,1687.7432805067454,555.2188959665199,cam_3_1690338521_21-28-41.jpg
677,581,1853.678727539933,508.23753414096427,2400.516955444764,840.9524027766145,cam_3_1690338521_21-28-41.jpg
677,629,1619.9345263569885,430.4845079142471,1962.598357144719,612.1163526982541,cam_3_1690338521_21-28-41.jpg
677,630,2039.523437619373,397.49885663281407,2353.2645809822125,513.4731013316917,cam_3_1690338521_21-28-41.jpg
677,631,2033.0514457507995,145.75426243334857,2301.7614389575197,353.0215606564585,cam_3_1690338521_21-28-41.jpg
678,300,2246.286309060896,173.48991253265646,2580.2292155206455,408.3169308110711,cam_3_1690338551_21-29-11.jpg
678,480,1391.0022914889341,453.9197474970493,1803.0974931073943,812.9456234284346,cam_3_1690338551_21-29-11.jpg
678,484,2364.0493707879004,434.34813663943237,2763.992564132981,630.8913338491377,cam_3_1690338551_21-29-11.jpg
678,513,1697.9851788177946,442.54141248705116,2029.5248653794624,648.1656953035503,cam_3_1690338551_21-29-11.jpg
678,514,1765.4903765577276,463.1527054682014,2162.480334640246,738.3245042717331,cam_3_1690338551_21-29-11.jpg
678,550,1714.0747870255698,213.91889285118998,2096.00188036171,408.74754042314953,cam_3_1690338551_21-29-11.jpg
678,553,1390.183068857975,357.2148865500762,1695.880775983986,561.5789805303549,cam_3_1690338551_21-29-11.jpg
678,581,1853.0636881685862,510.7872620630573,2398.2170952503666,842.9582364955979,cam_3_1690338551_21-29-11.jpg
678,629,1648.912038040954,433.3422974230885,1965.8960257132587,600.8757063803222,cam_3_1690338551_21-29-11.jpg
678,630,2039.7436699185296,399.579170400586,2360.36966982565,517.4739632498013,cam_3_1690338551_21-29-11.jpg
678,631,2025.5952792807473,148.96732105323278,2302.969360611796,362.7606832540629,cam_3_1690338551_21-29-11.jpg
679,300,2242.4109309166292,170.86563857439057,2570.1600755593654,406.23649427358623,cam_3_1690338566_21-29-26.jpg
679,480,1390.9936783313153,454.49897927775817,1799.5247811152908,814.6496707734974,cam_3_1690338566_21-29-26.jpg
679,484,2364.6434508821585,434.64669857735294,2763.8912784374133,631.1569479720772,cam_3_1690338566_21-29-26.jpg
679,513,1691.0290045028125,441.8445120835627,2035.4770057179462,656.9171471940995,cam_3_1690338566_21-29-26.jpg
679,514,1765.4640894649724,465.6415002329643,2161.2111008275688,740.3530863385372,cam_3_1690338566_21-29-26.jpg
679,550,1714.859827241715,213.03089848007536,2097.5758599041037,407.8808125776728,cam_3_1690338566_21-29-26.jpg
679,553,1394.4749238379372,358.48667991000207,1697.1891361183916,561.2681192157946,cam_3_1690338566_21-29-26.jpg
679,581,1855.7200166370808,511.50652019531253,2398.8076627982896,842.9310613439061,cam_3_1690338566_21-29-26.jpg
679,602,1595.2727389916688,187.90072422782941,1896.0190375794261,346.2359302008646,cam_3_1690338566_21-29-26.jpg
679,630,2036.5077447755987,400.22925423762456,2358.7833601946563,517.9461310886277,cam_3_1690338566_21-29-26.jpg
679,631,2033.3310302811533,150.9430388191292,2315.773283892414,368.14567235965137,cam_3_1690338566_21-29-26.jpg
680,300,2263.6416555721603,189.7854053405038,2610.6550922986016,447.3705439084239,cam_3_1690338671_21-31-11.jpg
680,480,1500.8821607635791,448.7135697511053,1812.9338165054598,710.4685203658264,cam_3_1690338671_21-31-11.jpg
680,484,2363.0336342602163,432.77086172967677,2761.473248627781,629.2298899764116,cam_3_1690338671_21-31-11.jpg
680,514,1813.6362736092346,461.14210387685864,2171.272312993912,709.8668258202397,cam_3_1690338671_21-31-11.jpg
680,550,1712.4517083198637,212.6837457586031,2094.7642823685064,408.44444621125035,cam_3_1690338671_21-31-11.jpg
680,553,1389.6166261058904,361.00736834846055,1696.0807809574055,568.0579789658661,cam_3_1690338671_21-31-11.jpg
680,581,1864.5553622738475,510.88414864951017,2410.1845173880706,845.6874103003461,cam_3_1690338671_21-31-11.jpg
680,608,1529.520725968403,493.4668141873444,1976.0052191491714,937.4263843530887,cam_3_1690338671_21-31-11.jpg
680,630,2021.8744383881155,393.00823380806395,2353.015245172918,513.7701924593217,cam_3_1690338671_21-31-11.jpg
680,631,2111.4446126619773,155.35427643649444,2399.407037189023,378.5095411100379,cam_3_1690338671_21-31-11.jpg
681,320,2188.1391493172073,164.00293485935669,2535.4965571241682,403.1467619201286,cam_3_1690338776_21-32-56.jpg
681,457,1222.3505620697736,219.2999652660094,1549.6522788077386,437.8587046584812,cam_3_1690338776_21-32-56.jpg
681,480,1555.4447628137984,435.6576983570702,1841.823858025304,663.901206761238,cam_3_1690338776_21-32-56.jpg
681,484,2366.228504179933,434.8086107142832,2756.7995226338107,627.5798945482736,cam_3_1690338776_21-32-56.jpg
681,514,1829.904472043377,462.56178192399864,2169.8734172560057,698.6428827204669,cam_3_1690338776_21-32-56.jpg
681,550,1709.4458610611123,210.25976249704263,2087.085773293451,402.44006048683354,cam_3_1690338776_21-32-56.jpg
681,553,1391.106042860076,362.98455628019155,1697.1695105507201,570.7273215143501,cam_3_1690338776_21-32-56.jpg
681,581,1865.1775857069715,507.58486762083703,2413.8910412143587,846.2041818367188,cam_3_1690338776_21-32-56.jpg
681,608,1547.8385881135239,486.7424158295554,1981.053412975596,930.3055185165517,cam_3_1690338776_21-32-56.jpg
681,620,2677.407408284974,269.08511743731026,3138.886890851854,644.7120201724433,cam_3_1690338776_21-32-56.jpg
681,630,2014.469527082659,394.05775701951427,2356.2562580236145,518.4019828229035,cam_3_1690338776_21-32-56.jpg
682,320,2205.262433619265,224.78963556118936,2580.0358089141228,491.97532394303437,cam_3_1690339046_21-37-26.jpg
682,457,1187.777761216124,225.98940786120835,1522.9953072410822,446.79282428447897,cam_3_1690339046_21-37-26.jpg
682,480,1567.3169526822198,442.9200088282844,1843.942557152314,654.1049608605338,cam_3_1690339046_21-37-26.jpg
682,484,2350.50516137414,445.51894354689546,2733.571392962661,636.0607565854482,cam_3_1690339046_21-37-26.jpg
682,514,1831.5192440199005,458.42504801160226,2142.7261990460834,672.3855523417892,cam_3_1690339046_21-37-26.jpg
682,553,1397.9520443620097,366.27299439583265,1697.704887123126,569.8692190113878,cam_3_1690339046_21-37-26.jpg
682,581,1882.7295208212151,503.0395123736282,2415.877194170782,833.656168347477,cam_3_1690339046_21-37-26.jpg
682,608,1612.1927577636836,490.79413766355367,2036.8589063104162,932.1200229855954,cam_3_1690339046_21-37-26.jpg
682,620,2664.4746613303114,259.03760304522564,3099.970581542994,633.3164358242227,cam_3_1690339046_21-37-26.jpg
682,630,2001.9468903161946,394.8093509329243,2355.7492232283307,524.7198183884382,cam_3_1690339046_21-37-26.jpg
683,320,2223.044016271643,248.75321690733878,2593.6174091505245,522.5827901530516,cam_3_1690339061_21-37-41.jpg
683,457,1188.6682041628023,229.450526599022,1513.2572652887538,449.1261994123465,cam_3_1690339061_21-37-41.jpg
683,480,1568.448218374405,448.3310522909796,1839.3948560362194,646.5565920000568,cam_3_1690339061_21-37-41.jpg
683,513,1645.5456916141836,440.4979724056779,2046.657050981284,691.5565964689506,cam_3_1690339061_21-37-41.jpg
683,514,1845.9869754589745,466.7989788261611,2143.6374802571136,669.178922476383,cam_3_1690339061_21-37-41.jpg
683,553,1398.3731746377266,365.6655182557648,1698.6238397993855,569.835375832987,cam_3_1690339061_21-37-41.jpg
683,581,1929.6386824376975,504.5292270048179,2409.5950823461208,802.9902975314051,cam_3_1690339061_21-37-41.jpg
683,608,1682.1634674345705,508.25567838272866,2146.879463330426,1005.8408396559154,cam_3_1690339061_21-37-41.jpg
683,620,2655.9485479680325,258.3790181683521,3069.866455610077,618.1540795994722,cam_3_1690339061_21-37-41.jpg
683,630,1999.3270214858785,395.887530364735,2359.960245245633,529.2830338664767,cam_3_1690339061_21-37-41.jpg
684,320,2214.1492851540997,256.178165155861,2575.4734264599797,524.0594600385789,cam_3_1690339181_21-39-41.jpg
684,480,1572.1577023000991,448.635363082083,1852.9303990374171,645.7243461085326,cam_3_1690339181_21-39-41.jpg
684,484,2347.499077172037,456.35820848052964,2710.7761349036505,635.1101853066198,cam_3_1690339181_21-39-41.jpg
684,513,1641.5220934995896,436.3846511501529,2047.0043825790945,691.2386860989398,cam_3_1690339181_21-39-41.jpg
684,514,1786.045546984336,471.2283514970215,2149.5556697790435,719.2189483027435,cam_3_1690339181_21-39-41.jpg
684,553,1397.647814239603,363.52848337188505,1699.3123537488682,569.1966246170225,cam_3_1690339181_21-39-41.jpg
684,581,1880.758409735967,508.09427842130196,2400.0213147872496,830.9591630614243,cam_3_1690339181_21-39-41.jpg
684,620,2632.191389223493,263.30368333592907,3046.399442580441,616.2715332577427,cam_3_1690339181_21-39-41.jpg
684,637,3045.2566098727275,327.43067993966883,3298.1159276441517,780.5106038950041,cam_3_1690339181_21-39-41.jpg
685,480,1568.2528582541204,448.24657827136673,1866.192354767008,649.5270505716654,cam_3_1690339481_21-44-41.jpg
685,484,2245.8009666516014,292.8937753982749,2885.3525751645147,630.0380675959284,cam_3_1690339481_21-44-41.jpg
685,513,1637.5455906090467,433.8243633969902,2049.4465192836533,694.248678084278,cam_3_1690339481_21-44-41.jpg
685,514,1773.4131411079748,465.11656987408594,2170.973296646829,735.5451752749998,cam_3_1690339481_21-44-41.jpg
685,553,1400.7090224460096,362.57655980415853,1701.9901162097235,567.4416196175268,cam_3_1690339481_21-44-41.jpg
685,581,1853.2267322993716,505.86438341828887,2389.7908935765404,841.7130022576957,cam_3_1690339481_21-44-41.jpg
685,601,2030.072645991733,389.7049494512589,2432.08602371666,542.390882825194,cam_3_1690339481_21-44-41.jpg
685,607,1517.5272119788342,789.8818815763002,2563.9279091743238,1513.3879195464078,cam_3_1690339481_21-44-41.jpg
685,620,2677.24822217496,246.4310650264866,3060.3773249176156,594.740342934914,cam_3_1690339481_21-44-41.jpg
685,637,3041.665187039393,337.3531262756361,3293.973730816857,788.9971396767676,cam_3_1690339481_21-44-41.jpg
686,480,1558.5707365128055,448.5169395571442,1865.8812628369683,650.2796053767224,cam_3_1690339526_21-45-26.jpg
686,484,2232.4159461149657,246.0898750635525,2907.545139500367,626.7267745955476,cam_3_1690339526_21-45-26.jpg
686,513,1630.2029669117294,427.50962242978164,2050.005926181562,695.2534090968222,cam_3_1690339526_21-45-26.jpg
686,514,1762.557287889411,460.8864087525959,2178.5101533875722,744.1771966902674,cam_3_1690339526_21-45-26.jpg
686,553,1404.0603169545209,365.27620328305795,1702.1282962074329,566.6511214387554,cam_3_1690339526_21-45-26.jpg
686,581,1856.6195516834462,504.16424589395035,2405.4223884729554,846.900184680426,cam_3_1690339526_21-45-26.jpg
686,601,2025.4364691098642,390.1891856268981,2405.199507010513,532.6531264090459,cam_3_1690339526_21-45-26.jpg
686,607,1545.4918859627594,788.3471986716573,2586.6761891098677,1494.352374550488,cam_3_1690339526_21-45-26.jpg
686,620,2691.8955082213247,236.8884314199557,3055.040511989422,585.6570248018618,cam_3_1690339526_21-45-26.jpg
686,637,3063.302002252787,346.662760324524,3320.020960470898,804.7078194585581,cam_3_1690339526_21-45-26.jpg
687,480,1554.73545750018,449.30985221010855,1871.151886484416,651.6068397317138,cam_3_1690339616_21-46-56.jpg
687,484,2243.7868700002873,226.5534700227553,2902.539313353014,622.5948755071805,cam_3_1690339616_21-46-56.jpg
687,513,1631.0552864128745,427.10818640705367,2050.937837896852,696.5124727618283,cam_3_1690339616_21-46-56.jpg
687,514,1763.811170236041,461.18045142006895,2183.796541328985,746.5873613718868,cam_3_1690339616_21-46-56.jpg
687,553,1405.4191238241629,365.10899139606227,1706.097467841354,566.9434359694121,cam_3_1690339616_21-46-56.jpg
687,581,1846.9788010492239,500.8001596550426,2403.505582421896,848.8782752966495,cam_3_1690339616_21-46-56.jpg
687,607,1594.7724102295197,792.6033688274183,2629.770790598649,1476.544633062931,cam_3_1690339616_21-46-56.jpg
687,620,2633.473571682687,200.39493952280768,2967.383342908234,522.8632142201329,cam_3_1690339616_21-46-56.jpg
687,637,3061.7229555025106,352.53783205535984,3321.2546219067026,814.7868760867736,cam_3_1690339616_21-46-56.jpg
687,640,2071.338513540454,404.22236198238363,2445.4100316973827,563.9865727341398,cam_3_1690339616_21-46-56.jpg
687,641,1257.2327828788293,1374.1411326359764,2399.263188790478,2781.1354322986754,cam_3_1690339616_21-46-56.jpg
688,480,1546.3188052638375,450.9808460014326,1866.4749348732505,651.1412031545422,cam_3_1690339901_21-51-41.jpg
688,484,2268.401504198717,210.50506287768746,2875.7501435746244,595.9119429280066,cam_3_1690339901_21-51-41.jpg
688,513,1632.6716958536012,423.786981971847,2058.1635528453503,697.8050574168863,cam_3_1690339901_21-51-41.jpg
688,514,1763.0342961370332,465.309202339846,2181.00656182086,749.3140697997926,cam_3_1690339901_21-51-41.jpg
688,553,1400.944273766216,360.15491857888094,1709.2579645022595,567.7360298176429,cam_3_1690339901_21-51-41.jpg
688,581,1842.0484184774732,503.079878593842,2402.035641952205,854.1485002824577,cam_3_1690339901_21-51-41.jpg
688,601,2005.8558786089548,393.2896483680463,2390.6123223015757,535.6086104897336,cam_3_1690339901_21-51-41.jpg
688,607,1632.1706613321255,809.2139397518397,2650.8074392546296,1465.3176422604824,cam_3_1690339901_21-51-41.jpg
688,640,2067.183386678771,404.73988073770676,2428.4103946566734,558.1849059676435,cam_3_1690339901_21-51-41.jpg
689,457,1285.384631381484,176.97588393165142,1588.2915691124663,382.1245182033847,cam_3_1690339961_21-52-41.jpg
689,480,1549.9112723662345,450.4834256264188,1875.970159855362,649.1608663929841,cam_3_1690339961_21-52-41.jpg
689,484,2283.33978713995,205.01376523486465,2851.77887973798,584.4630363035869,cam_3_1690339961_21-52-41.jpg
689,513,1633.6242729963792,425.5315070916477,2053.4621119086987,697.0993169767958,cam_3_1690339961_21-52-41.jpg
689,514,1759.9785426117508,463.91310946457065,2180.116062641384,749.8908509245189,cam_3_1690339961_21-52-41.jpg
689,553,1399.4965139831922,362.0846374100141,1708.478920705305,569.9170676793443,cam_3_1690339961_21-52-41.jpg
689,581,1846.8647269419848,500.67433974158325,2407.0464778047703,851.1407930628568,cam_3_1690339961_21-52-41.jpg
689,601,2014.0578060593307,393.3965375228664,2416.807923557606,542.2540381549243,cam_3_1690339961_21-52-41.jpg
689,607,1653.0295095932947,826.1313760020382,2662.162206424658,1459.8496429507964,cam_3_1690339961_21-52-41.jpg
690,457,1294.9040309953332,173.67691874288448,1593.1181643398475,374.8631482605232,cam_3_1690340021_21-53-41.jpg
690,480,1547.7269927827983,452.25687725223065,1880.3306175907003,650.9051918529665,cam_3_1690340021_21-53-41.jpg
690,484,2301.964160925464,202.77027405492555,2832.1060228811816,573.0034892407696,cam_3_1690340021_21-53-41.jpg
690,513,1626.7320446973877,419.22402816585503,2050.33763812049,696.1881450797641,cam_3_1690340021_21-53-41.jpg
690,514,1741.2377975382274,450.3612735782925,2179.043432508482,752.0312127891151,cam_3_1690340021_21-53-41.jpg
690,553,1400.6377705289244,366.1700936749611,1707.0197997947253,572.1126201622028,cam_3_1690340021_21-53-41.jpg
690,581,1830.6592152315015,490.6030049650045,2403.0651164238234,850.7163653460134,cam_3_1690340021_21-53-41.jpg
690,601,2007.88067192818,393.1356347477269,2416.3043650513605,544.9147113972828,cam_3_1690340021_21-53-41.jpg
690,607,1659.740402544756,828.1618414699357,2678.712680990555,1458.8965672532272,cam_3_1690340021_21-53-41.jpg
690,640,2061.254716809314,406.1073814649382,2435.415931466042,564.0424892406709,cam_3_1690340021_21-53-41.jpg
690,642,502.9820687608422,618.6932948126317,1219.0629223619064,1093.1613265358556,cam_3_1690340021_21-53-41.jpg
691,469,398.5237975466049,338.8422698390136,822.0021022464693,628.921882734709,cam_3_1690340291_21-58-11.jpg
691,480,1530.3767709454928,455.819611762136,1873.876954378,659.8538723388895,cam_3_1690340291_21-58-11.jpg
691,484,2285.086558567366,200.4487957373013,2838.6910870334373,605.4579536088398,cam_3_1690340291_21-58-11.jpg
691,513,1620.3955127501774,412.3484431230928,2050.4359037406903,697.461257410917,cam_3_1690340291_21-58-11.jpg
691,514,1747.3044344970967,448.1822993747387,2185.130504367649,750.7728302719413,cam_3_1690340291_21-58-11.jpg
691,553,1394.9067746389405,371.5669842748369,1699.2299928883454,576.7750772999522,cam_3_1690340291_21-58-11.jpg
691,581,1836.5666591131148,494.8151207065621,2402.435574450058,850.8824220407455,cam_3_1690340291_21-58-11.jpg
691,601,2018.034015296733,393.2915200076544,2429.6739230824887,546.1622218544666,cam_3_1690340291_21-58-11.jpg
691,607,1644.52097352811,828.24111425441,2675.503536895447,1457.3929184120707,cam_3_1690340291_21-58-11.jpg
691,642,451.6437103756045,580.7921963927253,1109.4626279221895,1013.522567945347,cam_3_1690340291_21-58-11.jpg
692,509,1478.2660942107266,355.4388781743015,2003.7668875277154,778.8464372714487,cam_3_1690340846_22-07-26.jpg
692,553,1387.8486977267635,364.8218836696832,1698.7665218092916,574.3222429108105,cam_3_1690340846_22-07-26.jpg
692,581,1775.2375868825882,439.3101077359607,2380.0873501601195,829.3152387057462,cam_3_1690340846_22-07-26.jpg
692,589,495.0329037031095,450.8648910480685,867.0126106461325,841.3273809765267,cam_3_1690340846_22-07-26.jpg
692,608,2128.9204283377294,525.6979503744665,2767.2694653353956,1193.6066382029194,cam_3_1690340846_22-07-26.jpg
693,509,1493.9896663603045,358.8668170511549,2021.2813815934178,784.4635980378407,cam_3_1690340861_22-07-41.jpg
693,514,1757.685573290131,457.67183880148366,2182.3819122730984,751.1468444044181,cam_3_1690340861_22-07-41.jpg
693,553,1389.0168031713824,362.71540257619574,1702.0973005912244,572.6033178291565,cam_3_1690340861_22-07-41.jpg
693,581,1819.711110722651,475.33406575247466,2364.4048039545123,824.9374278774782,cam_3_1690340861_22-07-41.jpg
693,589,492.78531867443724,453.51922324405984,902.2061034598165,869.6476565514788,cam_3_1690340861_22-07-41.jpg
693,601,2003.6876862947965,391.4542150857336,2403.121112257837,540.7365402656094,cam_3_1690340861_22-07-41.jpg
693,608,2159.621233801126,536.4831506381809,2804.1565744136183,1193.4387716840158,cam_3_1690340861_22-07-41.jpg
694,509,1422.5946007140103,365.3943500189294,1961.9046780077344,804.9910922242727,cam_3_1690340996_22-09-56.jpg
694,514,1757.0989092398993,456.01517703689046,2177.804701722536,747.1080242219628,cam_3_1690340996_22-09-56.jpg
694,581,1843.8082133252497,492.9555326633804,2372.357709748127,830.6638627521218,cam_3_1690340996_22-09-56.jpg
694,601,2009.3080238082755,392.1665005347356,2390.405166933529,533.6111713554106,cam_3_1690340996_22-09-56.jpg
694,608,2371.8698426903547,534.954106687316,3010.494874044803,1114.8690146828326,cam_3_1690340996_22-09-56.jpg
694,641,1417.502068879794,1244.9880717481678,2412.8804646343388,2435.5599109318437,cam_3_1690340996_22-09-56.jpg
694,642,376.76243907606573,451.20234473071434,979.5012195567676,847.8695232176893,cam_3_1690340996_22-09-56.jpg
694,647,2319.6964534676877,441.2148460906988,2701.4553726997906,618.508611006785,cam_3_1690340996_22-09-56.jpg
694,649,1312.874096296822,345.1599851507393,1613.6459188508468,538.1422331855979,cam_3_1690340996_22-09-56.jpg
695,480,1532.7293543621886,445.23653838827397,1887.0556416450931,652.6051586570319,cam_3_1690341176_22-12-56.jpg
695,514,1748.5563286051654,449.49496908422987,2171.1641359698374,744.0053000637067,cam_3_1690341176_22-12-56.jpg
695,581,1852.6047833616826,504.87802836056994,2365.6497733104748,830.4703297239209,cam_3_1690341176_22-12-56.jpg
695,601,2007.5761345419744,393.387635800411,2388.9642159753025,535.673227877008,cam_3_1690341176_22-12-56.jpg
695,647,2287.596673347788,441.4894901229252,2728.248757141139,647.0892663156649,cam_3_1690341176_22-12-56.jpg
695,649,1250.8090250188693,301.3449853069138,1723.2792614249279,605.7182625750276,cam_3_1690341176_22-12-56.jpg
696,480,1530.235531987045,443.14237616942944,1892.911199526317,653.51476419149,cam_3_1690341296_22-14-56.jpg
696,514,1747.626841000314,445.5657882405267,2172.728629153196,742.6484941111248,cam_3_1690341296_22-14-56.jpg
696,581,1859.979032331082,508.7638608332601,2372.1294959372335,831.3317861154428,cam_3_1690341296_22-14-56.jpg
696,583,532.5227275459364,1048.9754048319082,1712.841476507297,1724.8653789694138,cam_3_1690341296_22-14-56.jpg
696,601,2017.9739714350312,392.57018490544044,2398.9572870830384,534.8678269744838,cam_3_1690341296_22-14-56.jpg
696,637,2777.204529288669,484.2531549968487,3176.1630430998835,1188.258439842449,cam_3_1690341296_22-14-56.jpg
696,647,2277.253151660355,439.5148231987432,2740.739460549867,657.3458840362637,cam_3_1690341296_22-14-56.jpg
696,649,1228.3796135295993,291.8904617791087,1750.103409200126,629.1968397191422,cam_3_1690341296_22-14-56.jpg
697,480,1533.9897954559458,447.2005432246635,1895.8831302373296,654.5493714181479,cam_3_1690341401_22-16-41.jpg
697,514,1722.8632983337875,444.04704862187396,2159.3662860100444,750.6423295413574,cam_3_1690341401_22-16-41.jpg
697,535,635.264019416122,1208.1760318331571,2197.487529342229,2277.2761485520905,cam_3_1690341401_22-16-41.jpg
697,581,1853.4714338915117,508.63163742616626,2360.4484328716926,827.0522857673543,cam_3_1690341401_22-16-41.jpg
697,583,588.0468475062717,953.3744168452447,1679.9767921989956,1598.8936535332418,cam_3_1690341401_22-16-41.jpg
697,601,2022.6253374953842,393.91180507790546,2397.9370440757443,535.3088728068019,cam_3_1690341401_22-16-41.jpg
697,620,2442.8627687495077,250.570626892286,2782.60929014339,585.2401898193916,cam_3_1690341401_22-16-41.jpg
697,641,1334.339599936282,1369.5164697272894,2493.942350813848,2734.5734035411106,cam_3_1690341401_22-16-41.jpg
697,649,1224.3602408981772,290.5378082839735,1760.2561774176215,638.2415286319726,cam_3_1690341401_22-16-41.jpg
697,654,2480.8391467664246,242.19421514711024,4000.8819997158325,662.6020001401023,cam_3_1690341401_22-16-41.jpg
698,320,2370.8030836250737,433.516180974692,2677.956841534886,650.5851130581076,cam_3_1690341446_22-17-26.jpg
698,509,1610.5400751245638,349.76950354964066,2089.9733133728514,747.0656969389688,cam_3_1690341446_22-17-26.jpg
698,535,681.5038465924493,1193.3591016590815,2165.705764468782,2228.4936218432313,cam_3_1690341446_22-17-26.jpg
698,581,1856.1548614849312,508.5338153303145,2371.671830948628,829.8059891185094,cam_3_1690341446_22-17-26.jpg
698,583,601.0018811530048,925.8738642547714,1670.1041158772905,1572.7478157666083,cam_3_1690341446_22-17-26.jpg
698,601,2039.3075993366642,391.81069387891364,2404.1653190946895,529.1999789497675,cam_3_1690341446_22-17-26.jpg
698,641,1300.8771405738707,1393.8109482161203,2498.0963527764898,2772.798321608173,cam_3_1690341446_22-17-26.jpg
698,649,1255.2655885925303,289.2111284394215,1767.7951430782246,622.7621222595003,cam_3_1690341446_22-17-26.jpg
698,654,2468.0241613636135,242.90058756065793,4031.3965039065542,684.6918460678437,cam_3_1690341446_22-17-26.jpg
699,320,2368.003864418506,438.64490745831347,2682.80122425987,654.6531817757294,cam_3_1690341461_22-17-41.jpg
699,509,1630.1433592724968,350.7361168553714,2093.20134380896,743.9028616743233,cam_3_1690341461_22-17-41.jpg
699,534,1297.2841534499942,344.0062145755727,1649.8532211080606,532.5668252147236,cam_3_1690341461_22-17-41.jpg
699,535,679.3338940663331,1191.0492643029047,2145.2037158851226,2225.540383717168,cam_3_1690341461_22-17-41.jpg
699,553,1395.7738864993748,365.55949159544855,1730.503800815415,585.0867667051219,cam_3_1690341461_22-17-41.jpg
699,581,1855.8434799958295,508.4979405694304,2375.6112030924896,830.394593380739,cam_3_1690341461_22-17-41.jpg
699,583,606.1182076129946,912.0970130104304,1672.8774384376495,1572.694221740188,cam_3_1690341461_22-17-41.jpg
699,601,2034.1681153170757,393.3784297409665,2398.3105559381866,529.4404787647777,cam_3_1690341461_22-17-41.jpg
699,641,1268.0375882568624,1401.495834406256,2496.6755760283295,2788.7110975259066,cam_3_1690341461_22-17-41.jpg
699,654,2478.9705879527746,249.4506340275678,4011.523568765354,693.8007738466949,cam_3_1690341461_22-17-41.jpg
700,320,2368.6106392704096,440.81329021269147,2684.841646515516,653.4137013886613,cam_3_1690341566_22-19-26.jpg
700,514,1665.54453369929,371.13399280545843,2209.8387486643305,748.3423300891014,cam_3_1690341566_22-19-26.jpg
700,534,1294.819762505101,347.27592211058123,1643.2565975404484,536.6522538224183,cam_3_1690341566_22-19-26.jpg
700,535,629.6133483722704,1164.6944163529065,2062.1888765831154,2139.226253926959,cam_3_1690341566_22-19-26.jpg
700,553,1399.1609470925869,367.5499102022393,1736.6528770381196,584.3126672171081,cam_3_1690341566_22-19-26.jpg
700,581,1849.8788767395283,507.0492612590343,2371.7806505257836,829.0024109696913,cam_3_1690341566_22-19-26.jpg
700,583,535.3877909976662,885.518994348061,1598.822579707402,1519.8999340472092,cam_3_1690341566_22-19-26.jpg
700,641,1323.391172718285,1415.9207315854292,2440.534406308573,2579.091253451972,cam_3_1690341566_22-19-26.jpg
700,654,2523.6106814935915,250.46657979105402,4020.902505350038,698.2589883433172,cam_3_1690341566_22-19-26.jpg
701,320,2367.08664066602,442.3349401263455,2686.1561276244747,652.7329148926559,cam_3_1690341641_22-20-41.jpg
701,514,1651.327424017761,361.169557647862,2222.332790066633,753.137959167422,cam_3_1690341641_22-20-41.jpg
701,534,1295.0955927060654,345.548428827602,1645.4542459698769,537.7730044584358,cam_3_1690341641_22-20-41.jpg
701,553,1401.297363922119,367.9801565508518,1744.2942701310787,583.9813381599423,cam_3_1690341641_22-20-41.jpg
701,581,1846.0691202758044,503.34033741637575,2370.990904294069,827.1216142278198,cam_3_1690341641_22-20-41.jpg
701,583,592.7773113719029,820.919979112125,1668.7128573571597,1527.104998097323,cam_3_1690341641_22-20-41.jpg
701,608,2962.600181450591,282.39221474186223,3497.6570777374054,769.8568811387729,cam_3_1690341641_22-20-41.jpg
702,320,2365.3266736132373,443.5785347600258,2687.673853733021,652.9524876155933,cam_3_1690341686_22-21-26.jpg
702,514,1615.0847823411405,351.67175064980063,2191.8411056738028,751.0421193514813,cam_3_1690341686_22-21-26.jpg
702,534,1299.5509594641649,351.3455711458318,1640.0659539007074,538.9108399031766,cam_3_1690341686_22-21-26.jpg
702,553,1394.1871546582117,367.277888074479,1744.274569525272,585.3602149894266,cam_3_1690341686_22-21-26.jpg
702,581,1851.3074821160028,507.5336422243711,2374.0913595071324,827.6041340789457,cam_3_1690341686_22-21-26.jpg
702,583,567.0380062915793,800.3387575489874,1481.6488692877228,1406.5285953483926,cam_3_1690341686_22-21-26.jpg
702,608,2941.3489619496363,262.69178019262904,3409.1449302187925,709.9448436521866,cam_3_1690341686_22-21-26.jpg
703,300,2083.760573853383,221.3431959636156,2406.4092550140213,467.3634464009832,cam_3_1690341881_22-24-41.jpg
703,320,2361.291302025458,442.6436934873707,2695.4949612921478,656.7756970572893,cam_3_1690341881_22-24-41.jpg
703,509,1546.3835913045655,367.93050218710346,2073.9458746806304,817.4065346225436,cam_3_1690341881_22-24-41.jpg
703,534,1304.513946775095,353.0124235321854,1644.7528308062228,539.6815344049485,cam_3_1690341881_22-24-41.jpg
703,553,1402.2061167144261,373.8835822987102,1749.6701659796138,585.2854335599523,cam_3_1690341881_22-24-41.jpg
703,581,1853.2019630068714,511.753084686735,2373.6312176755005,828.4100574282543,cam_3_1690341881_22-24-41.jpg
703,583,576.5796698089572,774.7914099360149,1408.3342136832848,1325.2141756674355,cam_3_1690341881_22-24-41.jpg
703,656,440.00334006992847,551.695174186604,1078.331892736035,850.4768831514942,cam_3_1690341881_22-24-41.jpg
703,657,564.1601852129941,701.7645210155076,1214.1947327884595,1147.6541113955584,cam_3_1690341881_22-24-41.jpg
704,320,2360.1974194012305,443.3890781069698,2701.6583057506436,659.6067687937834,cam_3_1690342061_22-27-41.jpg
704,509,1535.4028175506826,366.91449770768634,2080.8572137549318,830.0406091852809,cam_3_1690342061_22-27-41.jpg
704,534,1308.815450500387,353.2881332891936,1648.6181475536314,538.2678239248935,cam_3_1690342061_22-27-41.jpg
704,550,2030.4860181510926,257.7685306494503,2448.741168830757,470.7492174811558,cam_3_1690342061_22-27-41.jpg
704,553,1401.5915853423273,374.63305566153736,1754.90109950631,585.6895372689769,cam_3_1690342061_22-27-41.jpg
704,581,1852.9500664459802,511.74513153541346,2377.294006047483,828.7671985410846,cam_3_1690342061_22-27-41.jpg
704,583,566.8136654062353,756.6554653145267,1390.7433003841038,1303.030090263731,cam_3_1690342061_22-27-41.jpg
704,656,418.37461387520244,533.3740305987262,1107.2591318826876,854.7492945384151,cam_3_1690342061_22-27-41.jpg
704,657,542.1039605880146,697.2054767227429,1226.29146866973,1166.1772160855653,cam_3_1690342061_22-27-41.jpg
705,320,2359.3177972849635,444.0474334783714,2706.0230489711894,661.5045611104656,cam_3_1690342106_22-28-26.jpg
705,509,1546.4651147521236,370.6450101792867,2101.9786861854645,833.9674852900771,cam_3_1690342106_22-28-26.jpg
705,534,1310.9035083680028,353.41811008911833,1652.6797855439493,538.1412008581124,cam_3_1690342106_22-28-26.jpg
705,550,2033.7220854380625,258.3234642395262,2453.97945735064,471.9527999091401,cam_3_1690342106_22-28-26.jpg
705,553,1399.7618860965379,374.00381302663044,1758.598613702038,585.2897417424413,cam_3_1690342106_22-28-26.jpg
705,581,1850.548829793394,510.51933426573777,2377.9686107439807,828.0239008650462,cam_3_1690342106_22-28-26.jpg
705,583,574.7550299209695,745.1670866805172,1456.988757503278,1332.435182406728,cam_3_1690342106_22-28-26.jpg
705,656,400.6735186285223,535.0024305061238,1126.3776935209703,874.5883813503565,cam_3_1690342106_22-28-26.jpg
705,657,516.1666237754027,688.5693501981441,1221.6002960103106,1172.4987182479667,cam_3_1690342106_22-28-26.jpg
705,658,1286.269099909165,1276.5546742912225,2213.38718257008,2783.57592592522,cam_3_1690342106_22-28-26.jpg
706,320,2356.0212405776324,443.7692611294827,2701.876000586691,658.983317329591,cam_3_1690342391_22-33-11.jpg
706,509,1530.3155996638839,376.60510803817857,2076.345239756959,830.9952021172742,cam_3_1690342391_22-33-11.jpg
706,534,1306.1395267902546,353.18623992940775,1648.7450508364382,538.3908974002693,cam_3_1690342391_22-33-11.jpg
706,535,631.6041470334299,966.1803740284762,1583.833185213723,1595.2761320341178,cam_3_1690342391_22-33-11.jpg
706,553,1390.3466218722428,372.2947245181848,1747.5297089728476,580.7858859425103,cam_3_1690342391_22-33-11.jpg
706,581,1854.0174136353512,512.7721596735013,2379.4543121384513,826.8902193227461,cam_3_1690342391_22-33-11.jpg
706,583,579.5329965033734,752.8087549408931,1333.187112306013,1221.5036649087174,cam_3_1690342391_22-33-11.jpg
706,620,2578.9801400531023,259.23329825119583,2926.3245838289363,603.7149860993676,cam_3_1690342391_22-33-11.jpg
706,656,323.43395239290345,526.2000024117486,1156.8762308417345,919.7062788412545,cam_3_1690342391_22-33-11.jpg
706,657,559.2146394571489,660.9251491379076,1130.8419342634195,1044.9084593049897,cam_3_1690342391_22-33-11.jpg
707,320,2359.918164480572,441.90199823484954,2709.383442015414,658.3086848132987,cam_3_1690342541_22-35-41.jpg
707,469,470.43357690386665,505.6822033013979,973.7094477573082,859.8000969836314,cam_3_1690342541_22-35-41.jpg
707,509,1537.7456472880058,384.5018348511103,2095.9923316044014,839.5670949887533,cam_3_1690342541_22-35-41.jpg
707,534,1305.8083860586012,355.29126816280814,1646.9688740091547,539.5697360026411,cam_3_1690342541_22-35-41.jpg
707,535,614.979920181377,795.4614652887318,1467.554075143939,1360.5260778129114,cam_3_1690342541_22-35-41.jpg
707,553,1393.0438203221352,376.24155786045674,1742.6008520926007,578.1614679186255,cam_3_1690342541_22-35-41.jpg
707,581,1842.652485366385,507.2069674986999,2384.744254826135,831.0736875497303,cam_3_1690342541_22-35-41.jpg
707,583,669.4105859014603,752.1195900486123,1355.8167769472198,1167.048633559075,cam_3_1690342541_22-35-41.jpg
707,657,548.6112355448251,648.4581808647471,1108.214383748213,1023.6468732093888,cam_3_1690342541_22-35-41.jpg
707,658,1411.7931393169843,1435.5171531495994,2257.885592980663,2782.9650304329866,cam_3_1690342541_22-35-41.jpg
708,320,2349.6023699114417,440.65285953320483,2707.7245232564487,661.1526811786014,cam_3_1690342616_22-36-56.jpg
708,469,488.87988516048176,494.7580856484667,1006.3587364761124,857.5052646397048,cam_3_1690342616_22-36-56.jpg
708,509,1539.7896312916337,386.6797088973037,2096.3198017942373,834.1058266351818,cam_3_1690342616_22-36-56.jpg
708,534,1297.2234006022813,354.14873488181485,1634.6441111083582,537.5508967928797,cam_3_1690342616_22-36-56.jpg
708,535,585.9090930446057,762.4922603446514,1327.866687471971,1213.1428857036929,cam_3_1690342616_22-36-56.jpg
708,553,1390.349679979235,376.05717937276836,1745.4657809455352,579.776465627379,cam_3_1690342616_22-36-56.jpg
708,581,1846.8353950291153,510.9658237422601,2385.060823641906,830.9477076730041,cam_3_1690342616_22-36-56.jpg
708,657,548.4776163445275,649.9862007873297,1086.858106827226,1008.7586889614595,cam_3_1690342616_22-36-56.jpg
708,658,1405.0085230563907,1463.0244670970142,2250.587608611476,2777.7694353221577,cam_3_1690342616_22-36-56.jpg
709,320,2349.444862333889,440.6165227758209,2708.8435103833963,660.9071243944759,cam_3_1690342646_22-37-26.jpg
709,469,490.03370973894715,482.3278145569941,1028.5868210201786,864.9649315253162,cam_3_1690342646_22-37-26.jpg
709,509,1540.418702782965,384.05037828100023,2106.4354644855034,832.6577858894391,cam_3_1690342646_22-37-26.jpg
709,534,1301.1318687647226,354.55292848443264,1637.4213507380787,537.9254764765082,cam_3_1690342646_22-37-26.jpg
709,535,599.1916614165009,756.052992147205,1389.3510305281484,1238.4666833957872,cam_3_1690342646_22-37-26.jpg
709,553,1389.9610564585448,376.8414226647228,1742.8782302143275,577.7566686400296,cam_3_1690342646_22-37-26.jpg
709,581,1844.3020411196871,510.54593131833605,2385.491222123533,831.6817934567148,cam_3_1690342646_22-37-26.jpg
709,657,538.237423397811,649.8267305343072,1099.676739494916,1023.3654614929233,cam_3_1690342646_22-37-26.jpg
709,658,1394.7363142055863,1469.7761650016096,2255.593413225136,2776.3828877783308,cam_3_1690342646_22-37-26.jpg
709,659,387.01173735878285,871.3220242007092,1677.3058398076132,1554.5308170182357,cam_3_1690342646_22-37-26.jpg
710,320,2353.0766222894235,440.0395855827696,2716.2757182856903,662.7651929952777,cam_3_1690342721_22-38-41.jpg
710,469,473.5779948504754,482.118396413907,1017.8975080738848,859.4424960672009,cam_3_1690342721_22-38-41.jpg
710,509,1548.041697359164,378.8126127572595,2127.2394356340333,832.4011200212194,cam_3_1690342721_22-38-41.jpg
710,534,1303.8524434615704,358.81512856048147,1634.1721588308023,538.6183882851377,cam_3_1690342721_22-38-41.jpg
710,553,1386.8177793498903,377.2433271421052,1743.3370556790535,579.231442680311,cam_3_1690342721_22-38-41.jpg
710,581,1839.3392215337692,508.8187846642037,2385.2458181247257,833.0344162619219,cam_3_1690342721_22-38-41.jpg
710,657,506.8413377162896,650.5635738459644,1070.3770846712955,1022.047527955844,cam_3_1690342721_22-38-41.jpg
710,658,1395.3031793249163,1484.9678221889449,2271.7706802286975,2781.134315651415,cam_3_1690342721_22-38-41.jpg
710,659,363.22354928865207,833.9850163956573,1696.8658037938367,1543.8310477088935,cam_3_1690342721_22-38-41.jpg
711,320,2347.4050389516833,441.4255407725326,2710.4703089634063,662.5784640769116,cam_3_1690342766_22-39-26.jpg
711,457,1667.5546411247703,186.01173216724533,1954.6168758607578,370.5319950342731,cam_3_1690342766_22-39-26.jpg
711,509,1547.5430594162733,377.66295185507875,2135.1397057680433,832.1307931332392,cam_3_1690342766_22-39-26.jpg
711,534,1303.2944348876892,355.5641021975191,1634.4803137783856,536.0564786503892,cam_3_1690342766_22-39-26.jpg
711,553,1387.9894858676591,376.3239222758526,1746.3318439223572,578.0498658345355,cam_3_1690342766_22-39-26.jpg
711,581,1838.7354128030472,506.75702379472267,2386.9897765786172,832.3591832172106,cam_3_1690342766_22-39-26.jpg
711,656,332.105549034135,472.6169288163789,1068.0502109925442,821.6230797072808,cam_3_1690342766_22-39-26.jpg
711,657,488.5469336679654,648.5332754186214,1078.4515175167353,1038.5754446129029,cam_3_1690342766_22-39-26.jpg
711,658,1382.9457754015828,1485.3812517398235,2276.981250078196,2776.647220431805,cam_3_1690342766_22-39-26.jpg
711,659,371.675708033722,815.4602892892754,1765.7648185978105,1565.8120364477882,cam_3_1690342766_22-39-26.jpg
711,660,624.2591931595625,764.589766809793,1354.820596161961,1295.0351909054718,cam_3_1690342766_22-39-26.jpg
712,320,2347.084646634551,441.29788228845484,2708.103856267928,659.7043079380294,cam_3_1690342781_22-39-41.jpg
712,457,1674.2231882502078,189.23676197039043,1967.7650307587764,371.54182379300477,cam_3_1690342781_22-39-41.jpg
712,514,1619.909270084282,367.46172338377045,2165.648173395087,737.3585465467236,cam_3_1690342781_22-39-41.jpg
712,534,1307.4792582400132,353.93817736761,1643.416838165722,536.7334052154523,cam_3_1690342781_22-39-41.jpg
712,553,1383.7008007714119,375.5847561477854,1748.230553801287,580.6011026416913,cam_3_1690342781_22-39-41.jpg
712,581,1844.7347822903203,513.0015163322971,2384.330984031968,831.5047814522039,cam_3_1690342781_22-39-41.jpg
712,656,371.00119430322053,467.70361754255805,1018.0261837230537,770.8376496491878,cam_3_1690342781_22-39-41.jpg
712,657,475.05725282074917,649.6501902330417,1080.926390471299,1052.0504144605227,cam_3_1690342781_22-39-41.jpg
712,658,1372.2638397580104,1479.5509809636305,2289.3163077093245,2776.3261596689053,cam_3_1690342781_22-39-41.jpg
712,659,311.30047707495055,801.5603385888564,1698.2267365207776,1549.1714314873188,cam_3_1690342781_22-39-41.jpg
712,660,670.8990084389079,759.3194756011959,1281.9098923382649,1190.4181496816323,cam_3_1690342781_22-39-41.jpg
713,320,2346.2580351096713,441.47187058926323,2707.897805539564,659.6357183894461,cam_3_1690342841_22-40-41.jpg
713,457,1668.5072069581258,189.27015970970703,1967.1076433862852,372.09163522143854,cam_3_1690342841_22-40-41.jpg
713,509,1537.5731984082267,374.1428103388259,2139.4582939680513,836.3693532324307,cam_3_1690342841_22-40-41.jpg
713,534,1303.5529495978733,355.68848660728264,1632.6311767610873,535.1380956935747,cam_3_1690342841_22-40-41.jpg
713,535,722.4339791863181,643.1051022281265,1134.468394117967,890.2530883387547,cam_3_1690342841_22-40-41.jpg
713,553,1387.3801345621105,376.2985939688562,1755.0020506138962,581.8477883410875,cam_3_1690342841_22-40-41.jpg
713,581,1844.9210927351562,512.5632637882546,2385.90717788233,830.5666417661523,cam_3_1690342841_22-40-41.jpg
713,656,341.6971267666157,467.5771467716179,1045.2335282487443,799.8821615527881,cam_3_1690342841_22-40-41.jpg
713,658,1361.4805384924969,1491.0995736603168,2298.2160543841755,2781.6231143450614,cam_3_1690342841_22-40-41.jpg
713,659,293.0505193114658,804.7201369442132,1665.2481880035748,1545.0128323154418,cam_3_1690342841_22-40-41.jpg
713,660,773.6661212035981,752.9483020756572,1297.637493965357,1113.2093438225183,cam_3_1690342841_22-40-41.jpg
714,320,2348.2093211581523,440.05579626280826,2716.12721558476,662.4449533535284,cam_3_1690342856_22-40-56.jpg
714,457,1663.0189466775196,188.3479896657043,1964.1769563832388,374.3937592874396,cam_3_1690342856_22-40-56.jpg
714,469,451.1077765836507,477.1329142969744,1035.1828449011093,889.6551610782467,cam_3_1690342856_22-40-56.jpg
714,509,1535.751707869808,378.0841940292698,2136.22763580531,834.9138259252652,cam_3_1690342856_22-40-56.jpg
714,534,1309.1573220081802,356.92871646417797,1639.5900198606182,536.5554263693247,cam_3_1690342856_22-40-56.jpg
714,553,1387.09898967536,377.4511751183671,1755.8543778879475,582.5678020404072,cam_3_1690342856_22-40-56.jpg
714,581,1845.348285947142,511.3225267652257,2389.2151802687877,830.2508211222706,cam_3_1690342856_22-40-56.jpg
714,583,746.4477906937315,623.9039976297304,1138.392560676179,865.3173639819637,cam_3_1690342856_22-40-56.jpg
714,658,1348.8284290034067,1470.457541818917,2316.4815172019903,2778.257520046295,cam_3_1690342856_22-40-56.jpg
714,659,396.9603775571852,816.8814166601619,1740.2000397531685,1553.3922848606285,cam_3_1690342856_22-40-56.jpg
715,320,2343.20858096785,439.2748916796513,2711.600371898158,661.0629029674208,cam_3_1690342991_22-43-11.jpg
715,457,1676.5189809900698,197.97689536610878,1965.4159441734746,369.63860910165386,cam_3_1690342991_22-43-11.jpg
715,469,430.05683867335193,470.1006507659279,1017.9202872121261,866.8203745286992,cam_3_1690342991_22-43-11.jpg
715,480,1522.5410820455297,439.8829586475146,1894.339835333392,651.0606601533011,cam_3_1690342991_22-43-11.jpg
715,513,1977.9342811387578,500.65119012741496,2386.8884568600215,765.6808743654524,cam_3_1690342991_22-43-11.jpg
715,534,1311.0853552028368,359.42321851853615,1642.865204421405,538.4800586873131,cam_3_1690342991_22-43-11.jpg
715,553,1392.0602413546537,379.1746577049773,1764.1521518395134,584.1181961749699,cam_3_1690342991_22-43-11.jpg
715,581,1845.9251831449487,506.62721395709923,2459.6196091022725,879.046491179389,cam_3_1690342991_22-43-11.jpg
715,649,1545.3387664744043,487.88340610050864,2275.029516130062,972.3156108215153,cam_3_1690342991_22-43-11.jpg
715,658,1326.3597007411656,1471.2732248445739,2313.319620690528,2778.480157056065,cam_3_1690342991_22-43-11.jpg
715,659,355.8296203444245,829.4235829636013,1670.0332240362332,1548.0344824413014,cam_3_1690342991_22-43-11.jpg
715,661,621.2306222046093,762.4777309470776,1276.7749683145362,1196.767098004052,cam_3_1690342991_22-43-11.jpg
716,320,2335.2021117892655,440.58531377352404,2710.5141404975434,665.6328513474699,cam_3_1690343246_22-47-26.jpg
716,457,1683.7676847331481,200.23788189879258,1966.8542526281747,364.19233796553976,cam_3_1690343246_22-47-26.jpg
716,469,403.2652265656926,459.92222144011214,1003.0022780350133,855.1611059544672,cam_3_1690343246_22-47-26.jpg
716,480,1527.7449677857408,445.4752338900587,1905.08285483628,657.4665102175427,cam_3_1690343246_22-47-26.jpg
716,514,1720.591538383298,475.02468950580044,2140.8641761221666,754.151179560602,cam_3_1690343246_22-47-26.jpg
716,534,1310.625755365186,360.6580800185677,1643.4840032733075,539.4149557097804,cam_3_1690343246_22-47-26.jpg
716,553,1388.3120589953865,379.8999796503798,1762.7445632632837,584.8761165018516,cam_3_1690343246_22-47-26.jpg
716,581,1852.8269826108583,511.19649813940885,2417.9579857038952,851.7864197298221,cam_3_1690343246_22-47-26.jpg
716,607,2725.2075318957855,570.6762723897294,3760.4039513841185,1175.1838012086255,cam_3_1690343246_22-47-26.jpg
716,658,1319.2669124649885,1461.6941766689874,2336.3535775007313,2781.144097604506,cam_3_1690343246_22-47-26.jpg
716,659,370.0007697375985,863.3970583383859,1642.6035453747245,1562.6112144512692,cam_3_1690343246_22-47-26.jpg
716,661,571.4515040740991,763.2783689856186,1267.8439781555262,1216.4533130272473,cam_3_1690343246_22-47-26.jpg
717,320,2332.5674790518688,441.4493034924392,2706.5236809389944,664.8163236708081,cam_3_1690343366_22-49-26.jpg
717,457,1695.4544342380348,195.19780903180651,1986.2677346372484,361.5327289536958,cam_3_1690343366_22-49-26.jpg
717,469,469.4113347902738,574.5268032400345,1077.0437380809872,934.3795815385316,cam_3_1690343366_22-49-26.jpg
717,480,1525.2596263077771,445.31385378165396,1906.2931847114596,658.7123230565235,cam_3_1690343366_22-49-26.jpg
717,514,1733.4316533328224,486.9479906200603,2134.1337981927754,746.7427880336429,cam_3_1690343366_22-49-26.jpg
717,534,1310.5133943536086,359.82840814429335,1647.2492569910012,540.3122614071322,cam_3_1690343366_22-49-26.jpg
717,550,2049.7373946121716,240.89421917724644,2517.754464773112,485.5122359369966,cam_3_1690343366_22-49-26.jpg
717,553,1388.9357651586197,379.38134707690455,1761.3957374717143,582.0801030031203,cam_3_1690343366_22-49-26.jpg
717,581,1862.8688906311804,517.8478903961696,2396.7803116879336,835.7825907222664,cam_3_1690343366_22-49-26.jpg
717,656,369.5351711878813,439.99585622592497,1023.0225075610288,745.8009647841297,cam_3_1690343366_22-49-26.jpg
717,658,1330.274759701728,1475.237104019414,2364.087068876316,2786.1260322650596,cam_3_1690343366_22-49-26.jpg
717,659,379.89579039466366,796.093897538334,1524.543698843757,1425.227645460524,cam_3_1690343366_22-49-26.jpg
718,300,2128.577371720641,241.88007882370306,2451.8405267288986,488.3231281566864,cam_3_1690343576_22-52-56.jpg
718,320,2336.3674805681426,440.3453358071327,2707.159535022704,662.9747261268578,cam_3_1690343576_22-52-56.jpg
718,480,1533.0889303328436,446.8888687140513,1905.3827542164968,653.5074399533326,cam_3_1690343576_22-52-56.jpg
718,484,1783.549242432722,183.5009926448293,2028.9852868513676,360.4020625101543,cam_3_1690343576_22-52-56.jpg
718,514,1731.8497312619293,486.09185044603987,2136.3643939536923,745.3032578944787,cam_3_1690343576_22-52-56.jpg
718,534,1312.177536544542,359.2073087155563,1646.2465930446372,537.2327942982182,cam_3_1690343576_22-52-56.jpg
718,553,1387.2807102355316,381.1471967863547,1758.3644001371233,581.8248180457892,cam_3_1690343576_22-52-56.jpg
718,581,1851.5412685713854,513.7754755928454,2388.8453400197313,832.9358403329314,cam_3_1690343576_22-52-56.jpg
718,620,2667.953744287185,350.293884878619,3184.966662671537,876.3898937661492,cam_3_1690343576_22-52-56.jpg
718,641,916.2678861225895,1109.4569141544243,1866.838770052801,2177.7139830430033,cam_3_1690343576_22-52-56.jpg
718,656,478.2226861709984,393.64919431780515,1118.0256560071293,703.7955187944365,cam_3_1690343576_22-52-56.jpg
718,661,537.824300326788,647.3848116100947,1310.1810250776412,1151.0733887772979,cam_3_1690343576_22-52-56.jpg
719,300,2119.2102276901487,236.92493265388123,2446.8221094148776,478.3502385400012,cam_3_1690343636_22-53-56.jpg
719,320,2338.0985382099566,440.86679425311286,2705.224805377661,661.5775642768247,cam_3_1690343636_22-53-56.jpg
719,457,1676.942971772844,201.78302201612894,1992.2236601372576,382.4549782186243,cam_3_1690343636_22-53-56.jpg
719,480,1528.0669912256017,441.9549020960153,1907.3093664450507,651.9331070136359,cam_3_1690343636_22-53-56.jpg
719,514,1745.2999780116781,492.43074590050327,2145.6584189761256,745.5655353447959,cam_3_1690343636_22-53-56.jpg
719,534,1306.1573271521695,358.3274914113424,1635.324068252458,533.6905158455309,cam_3_1690343636_22-53-56.jpg
719,553,1384.9611385472924,381.29370428073264,1755.9043254299363,580.7081957242051,cam_3_1690343636_22-53-56.jpg
719,581,1849.104121861356,513.0401286789402,2385.4714927024556,831.3582210057955,cam_3_1690343636_22-53-56.jpg
719,589,583.8403818128627,495.4559542014066,923.045764155577,820.6167333279512,cam_3_1690343636_22-53-56.jpg
719,661,515.7421777872282,701.5843955556331,1411.5437285442117,1308.0679652543936,cam_3_1690343636_22-53-56.jpg
720,300,2108.616724892735,236.26344454872049,2428.5353682266013,471.99227447572014,cam_3_1690343681_22-54-41.jpg
720,457,1676.4399230176382,198.09598185789196,2000.546459294008,387.16699577404984,cam_3_1690343681_22-54-41.jpg
720,480,1526.9476318581915,440.14588236441097,1911.4665640664377,652.5281355920233,cam_3_1690343681_22-54-41.jpg
720,514,1733.8930992888306,490.36147566145917,2147.639244285257,749.8439234233838,cam_3_1690343681_22-54-41.jpg
720,534,1305.6336952818174,359.98288923254313,1637.4789422513336,536.0926940002149,cam_3_1690343681_22-54-41.jpg
720,553,1380.233127974756,381.45137074508557,1751.5128896082695,580.3984531479759,cam_3_1690343681_22-54-41.jpg
720,581,1852.0875874217504,514.058898196729,2386.6912610847558,830.6068680343451,cam_3_1690343681_22-54-41.jpg
720,589,547.5469370215263,468.206617288602,890.1493587161763,720.0147669589592,cam_3_1690343681_22-54-41.jpg
720,657,447.9546260984802,548.9310475455834,988.5443608657163,912.3856908821722,cam_3_1690343681_22-54-41.jpg
721,300,2065.519517808534,237.70552104473512,2402.0184111233325,487.08810600436254,cam_3_1690343876_22-57-56.jpg
721,320,2332.716092395189,441.6902042265507,2682.691539042851,653.4723898267183,cam_3_1690343876_22-57-56.jpg
721,457,1732.6870719044073,208.4249131721641,2020.901184718955,371.7606824039515,cam_3_1690343876_22-57-56.jpg
721,509,1540.7629279984985,345.04158558374496,2047.3045882983665,720.8839536535097,cam_3_1690343876_22-57-56.jpg
721,514,1733.350635807878,490.9178229873445,2151.4956603163832,750.355608487812,cam_3_1690343876_22-57-56.jpg
721,534,1299.7421985538722,357.27164865366296,1633.5100394968722,534.5344995479348,cam_3_1690343876_22-57-56.jpg
721,581,1854.9906396039894,510.95021410888694,2394.711395742676,829.0495406116963,cam_3_1690343876_22-57-56.jpg
721,665,947.9704842682904,245.62363648461894,1346.5035767171908,517.2936197913089,cam_3_1690343876_22-57-56.jpg
721,666,2218.1065366115945,260.60487960072066,2594.5280206141247,486.63509408098616,cam_3_1690343876_22-57-56.jpg
722,300,2043.7357621194747,234.55491613171046,2392.2617745835273,488.37177732613543,cam_3_1690343966_22-59-26.jpg
722,320,2314.78110590963,440.0280780024745,2652.686102443202,648.9767086543061,cam_3_1690343966_22-59-26.jpg
722,457,1751.3380341769953,205.85547238229003,2030.7094110884127,364.9900727041361,cam_3_1690343966_22-59-26.jpg
722,484,1804.158904119667,210.6970042325278,2057.1129706682846,385.459750751833,cam_3_1690343966_22-59-26.jpg
722,509,1537.5303824070381,343.1300219953153,2036.429360302844,705.8683830414845,cam_3_1690343966_22-59-26.jpg
722,514,1727.8764920250617,493.4012224571081,2148.6513836120726,753.4095534865605,cam_3_1690343966_22-59-26.jpg
722,534,1297.1648783134824,355.7784647372416,1635.3154310002883,535.5947635255616,cam_3_1690343966_22-59-26.jpg
722,581,1852.273568471635,511.3228028986526,2394.651201933106,829.4286737824407,cam_3_1690343966_22-59-26.jpg
722,665,1057.115124538154,240.8491824733308,1453.7056730330462,514.0940216090264,cam_3_1690343966_22-59-26.jpg
722,666,2273.9413528328873,236.947842463646,2678.2830026275237,482.7779650804208,cam_3_1690343966_22-59-26.jpg
722,668,2551.85698543047,268.3238460792873,3028.15353349038,630.0619571033174,cam_3_1690343966_22-59-26.jpg
723,300,2047.4501034804405,235.60794050148417,2396.0565607348926,485.34119550266865,cam_3_1690344176_23-02-56.jpg
723,320,2322.4219939681407,436.8436364021236,2667.951041100389,650.4726866951578,cam_3_1690344176_23-02-56.jpg
723,457,1741.120479176362,208.86193058560133,2058.8262904050566,387.8375911793864,cam_3_1690344176_23-02-56.jpg
723,480,1522.2790427870304,438.09636407394873,1904.452300990862,649.2960808190267,cam_3_1690344176_23-02-56.jpg
723,509,1626.1098780869484,413.84430951521813,2023.354925001411,695.3048693282062,cam_3_1690344176_23-02-56.jpg
723,514,1729.9726849443703,488.644038536224,2163.671925247026,754.9191439132358,cam_3_1690344176_23-02-56.jpg
723,534,1298.7208255676287,358.79388892274443,1625.7593276111475,533.1337698405443,cam_3_1690344176_23-02-56.jpg
723,553,1377.7941672102752,380.6783878705646,1745.0090314200643,576.8900287542144,cam_3_1690344176_23-02-56.jpg
723,581,1849.2370221842957,512.2400302048752,2394.042134416928,831.3165739735572,cam_3_1690344176_23-02-56.jpg
723,657,432.44926746998124,431.6203433788358,937.6093393445481,772.7896205632474,cam_3_1690344176_23-02-56.jpg
723,666,2312.073170377035,230.6862833932862,2702.842386918387,471.2763349307404,cam_3_1690344176_23-02-56.jpg
723,668,2600.5862462850278,255.11579994018504,3068.186850400918,614.8896643404175,cam_3_1690344176_23-02-56.jpg
723,670,1996.2911971703015,187.1764760854254,2265.376061852555,433.181647511768,cam_3_1690344176_23-02-56.jpg
724,300,2061.2473354488316,236.16303808941854,2398.9964054147017,479.242856124509,cam_3_1690344431_23-07-11.jpg
724,320,2331.291730839798,435.1574790953918,2679.3841370273963,650.8132742991647,cam_3_1690344431_23-07-11.jpg
724,457,1789.1641046830105,198.71102837364205,2129.7540682612707,390.1618777199899,cam_3_1690344431_23-07-11.jpg
724,480,1527.1447337997201,437.55392147729714,1905.2127363492325,645.8268640094004,cam_3_1690344431_23-07-11.jpg
724,509,1661.0437409089745,436.15825876556465,2030.0070891355178,690.9058508015968,cam_3_1690344431_23-07-11.jpg
724,514,1738.5623995774342,492.1077595463428,2169.864908701997,753.7041781888524,cam_3_1690344431_23-07-11.jpg
724,553,1322.5031195216698,323.88766221685,1837.9933719831301,603.4033437885566,cam_3_1690344431_23-07-11.jpg
724,581,1843.8333788874072,510.27172986319306,2386.8447128754906,829.1043820655364,cam_3_1690344431_23-07-11.jpg
724,657,393.2760793224777,418.30707505996327,911.0697871294344,760.8403120387964,cam_3_1690344431_23-07-11.jpg
724,666,2403.8684421614867,199.16991626892258,2820.6364663094187,456.22685052668766,cam_3_1690344431_23-07-11.jpg
724,670,2046.344264730011,210.59457169484028,2313.3667973231995,452.97242208397313,cam_3_1690344431_23-07-11.jpg
725,300,2062.6244384661222,237.6221309799338,2395.5305451173813,475.8247002876276,cam_3_1690344446_23-07-26.jpg
725,320,2333.1664846780977,436.1268190496438,2682.349996885724,652.9388303216024,cam_3_1690344446_23-07-26.jpg
725,457,1793.2867204639963,195.0507274764649,2140.418042977524,389.60896968126167,cam_3_1690344446_23-07-26.jpg
725,480,1533.0822647575599,436.288627541978,1911.4155481516827,643.5313325226505,cam_3_1690344446_23-07-26.jpg
725,509,1668.5245654599885,446.50686571316714,2029.3768427382754,690.5798994545694,cam_3_1690344446_23-07-26.jpg
725,514,1741.5460792555805,493.96086274346845,2174.474074171324,753.515287524179,cam_3_1690344446_23-07-26.jpg
725,553,1302.4341842385488,307.35480388892313,1847.3552345147011,609.1945121675908,cam_3_1690344446_23-07-26.jpg
725,581,1842.6487016493084,512.8944103969624,2377.2463076712484,827.6487303330857,cam_3_1690344446_23-07-26.jpg
725,657,378.7066048276844,415.01409557908755,905.2260133471312,757.7569653901421,cam_3_1690344446_23-07-26.jpg
725,666,2420.727587466326,189.27593909524455,2845.3570868023476,453.27296839509347,cam_3_1690344446_23-07-26.jpg
725,670,2038.518739906254,221.26907922436334,2288.257032672116,447.8561307442479,cam_3_1690344446_23-07-26.jpg
726,300,2065.762504778842,241.04784187346985,2394.3832254058266,473.0267040079378,cam_3_1690344581_23-09-41.jpg
726,320,2340.671483402167,436.4424556944459,2684.437032727978,648.2033115092804,cam_3_1690344581_23-09-41.jpg
726,480,1522.76444267318,433.3034961454508,1911.7039130009987,646.8086535058343,cam_3_1690344581_23-09-41.jpg
726,509,1665.837533733431,441.7775536563047,2038.8053672998626,690.5485737572963,cam_3_1690344581_23-09-41.jpg
726,514,1736.8228516570348,494.2704954479749,2173.6436638304467,754.5041435818289,cam_3_1690344581_23-09-41.jpg
726,534,1310.594503536346,355.37421135736975,1639.9416744659252,529.6860648235771,cam_3_1690344581_23-09-41.jpg
726,553,1391.5724903065245,358.2258290165642,1836.5483045511053,602.3904490950998,cam_3_1690344581_23-09-41.jpg
726,581,1840.619492877981,513.988569730031,2373.8052476323364,828.2332139983812,cam_3_1690344581_23-09-41.jpg
726,589,478.21685305501603,433.5771655139027,959.2461154363974,790.128735228247,cam_3_1690344581_23-09-41.jpg
726,668,2686.7531036371447,197.5433275965977,3079.672597739849,500.8518719618885,cam_3_1690344581_23-09-41.jpg
727,300,2084.959355892263,243.04189307131747,2405.431613706114,470.82676719864185,cam_3_1690344761_23-12-41.jpg
727,320,2351.147560097972,437.95687990352997,2694.868613067733,648.5419858567989,cam_3_1690344761_23-12-41.jpg
727,480,1516.778264632617,430.6770747000129,1911.0452491245942,647.947190600926,cam_3_1690344761_23-12-41.jpg
727,509,1662.9292762219675,442.9360993067584,2041.7138475519928,691.9640702693379,cam_3_1690344761_23-12-41.jpg
727,514,1738.782033388453,495.733840169627,2174.2367728692425,752.5292744402323,cam_3_1690344761_23-12-41.jpg
727,534,1313.4636034084128,355.58098015692457,1647.4743284454269,530.8076598145839,cam_3_1690344761_23-12-41.jpg
727,553,1431.1161984451735,384.5513200077555,1827.193570625727,600.3106495511017,cam_3_1690344761_23-12-41.jpg
727,581,1841.1219563309787,513.8134998597316,2376.5482156794897,829.4826270679956,cam_3_1690344761_23-12-41.jpg
727,589,454.5571691291765,442.3579876531102,966.560221267713,819.9524358954983,cam_3_1690344761_23-12-41.jpg
728,320,2351.523863493434,437.9143625156362,2704.7308785024748,652.8003110949305,cam_3_1690344806_23-13-26.jpg
728,480,1520.940629179298,432.66341041036077,1913.7796924718134,649.5081836364423,cam_3_1690344806_23-13-26.jpg
728,509,1658.6332343395018,442.7611231656607,2043.5943106472278,691.9945934026337,cam_3_1690344806_23-13-26.jpg
728,514,1728.467123059044,492.885848549016,2174.7629504916417,755.1778594413872,cam_3_1690344806_23-13-26.jpg
728,534,1314.3077838909344,356.6097888799311,1651.3180920298091,531.9453789348902,cam_3_1690344806_23-13-26.jpg
728,553,1443.0445498792565,389.26069032225337,1832.447143332629,600.8061148037808,cam_3_1690344806_23-13-26.jpg
728,581,1841.7944617324408,512.9839072076946,2381.5579753242237,831.2795176947102,cam_3_1690344806_23-13-26.jpg
728,589,456.9735634587905,446.7267364846025,980.781352176275,835.9880127329727,cam_3_1690344806_23-13-26.jpg
728,601,2024.9873298544035,373.31556653579776,2384.590427546769,507.22579756915906,cam_3_1690344806_23-13-26.jpg
728,677,1566.0726496057978,182.79351088924602,1914.6009086951717,341.8512172534563,cam_3_1690344806_23-13-26.jpg
728,679,1362.961365909043,372.50941802724674,1728.0038326008478,575.5331480877247,cam_3_1690344806_23-13-26.jpg
729,320,2353.444902409808,437.7526828166221,2716.4519295753917,657.4600014300138,cam_3_1690345001_23-16-41.jpg
729,469,460.99166786625347,620.5277952964827,1142.5632768653456,1009.3915884133717,cam_3_1690345001_23-16-41.jpg
729,480,1516.4102127229776,431.06660279565784,1913.3847169466187,651.2930240795554,cam_3_1690345001_23-16-41.jpg
729,509,1657.7827170940072,442.58586421086204,2050.8956269763644,694.0167165131026,cam_3_1690345001_23-16-41.jpg
729,514,1726.477173892931,493.8558840210037,2171.243517459856,754.1612196289511,cam_3_1690345001_23-16-41.jpg
729,534,1312.8227775625728,358.1869436527554,1649.7164211655559,532.3615869309676,cam_3_1690345001_23-16-41.jpg
729,553,1446.739814648962,395.1979224550253,1830.9921878173304,603.1768633908373,cam_3_1690345001_23-16-41.jpg
729,581,1847.8890273422592,515.3652735456542,2387.7745646043127,832.5328383662549,cam_3_1690345001_23-16-41.jpg
729,589,478.3423740659788,451.4232648204473,974.0307536683188,817.0737721368496,cam_3_1690345001_23-16-41.jpg
729,601,2023.5648393228885,373.6057558092216,2385.7246370272806,509.4972974944432,cam_3_1690345001_23-16-41.jpg
729,661,562.3302032542579,776.387242352502,1585.2772621461127,1476.5664013830585,cam_3_1690345001_23-16-41.jpg
729,677,1555.2285976616124,184.00434892850802,1913.5599772397131,347.654432089275,cam_3_1690345001_23-16-41.jpg
729,679,1361.481750634991,374.2753759489249,1724.2885759864737,576.3861003289185,cam_3_1690345001_23-16-41.jpg
730,320,2351.150806437242,438.944629949012,2714.832406966655,658.2198334692024,cam_3_1690345016_23-16-56.jpg
730,469,477.8427034608298,623.0755375918922,1191.6377162003462,1038.9850893220141,cam_3_1690345016_23-16-56.jpg
730,480,1516.416158191303,429.5395289198714,1914.2235814147316,651.1972546832699,cam_3_1690345016_23-16-56.jpg
730,509,1652.4837813939043,442.24734588822554,2047.9027165991488,692.993721708771,cam_3_1690345016_23-16-56.jpg
730,514,1728.7647646024755,495.7454492874706,2174.5849555967557,755.7681864992167,cam_3_1690345016_23-16-56.jpg
730,534,1313.9411236958945,358.27991498525,1651.705987050204,531.8301862225433,cam_3_1690345016_23-16-56.jpg
730,553,1448.2635251128838,398.42268568467404,1829.8217791231014,604.4071082295952,cam_3_1690345016_23-16-56.jpg
730,581,1852.6103232047878,517.0660009859814,2393.1088221454406,833.4908972048624,cam_3_1690345016_23-16-56.jpg
730,589,460.565791766584,457.2103111189726,935.158109528453,787.6917405110976,cam_3_1690345016_23-16-56.jpg
730,601,2014.8471641149097,375.2934702911527,2383.289622952315,513.5454357001299,cam_3_1690345016_23-16-56.jpg
730,659,422.45763194824724,799.2382788051912,1572.3006433731452,1435.5424142136308,cam_3_1690345016_23-16-56.jpg
730,677,1542.198851658729,184.16904340469466,1905.174933846846,349.85431287031724,cam_3_1690345016_23-16-56.jpg
730,679,1359.8424139553338,375.16413234030244,1720.6749375296274,576.6837531926603,cam_3_1690345016_23-16-56.jpg
731,320,2350.383782485237,439.05643875339786,2717.16923448749,659.6883507133379,cam_3_1690345046_23-17-26.jpg
731,469,481.82499608099107,616.6845604550793,1248.3837050807645,1070.1470305115743,cam_3_1690345046_23-17-26.jpg
731,480,1516.7308368329013,429.8384642694141,1913.6052852243674,651.6552809539687,cam_3_1690345046_23-17-26.jpg
731,509,1653.2315987837492,442.17575504942516,2053.4688328100315,693.9734782785114,cam_3_1690345046_23-17-26.jpg
731,514,1727.789687173852,495.5517810965843,2177.7986460823076,757.0298682404764,cam_3_1690345046_23-17-26.jpg
731,534,1314.1405565937184,357.14198169510445,1652.418193564678,530.0342145101688,cam_3_1690345046_23-17-26.jpg
731,553,1451.1503121828473,399.0074069033077,1830.197041800079,602.9042476964602,cam_3_1690345046_23-17-26.jpg
731,581,1851.2579565925657,516.0635761926908,2396.5430395815356,834.5907338970294,cam_3_1690345046_23-17-26.jpg
731,589,474.0520678078466,457.77384689279563,973.8569521995425,808.215817468306,cam_3_1690345046_23-17-26.jpg
731,601,2016.6806211189455,376.2668156501647,2380.2532778585496,513.1211824340048,cam_3_1690345046_23-17-26.jpg
731,661,585.882716197483,794.8442827731797,1592.1885454200387,1492.2140984918,cam_3_1690345046_23-17-26.jpg
731,677,1543.7455161701553,184.38775907067992,1907.3814022517788,350.73450131843197,cam_3_1690345046_23-17-26.jpg
731,679,1359.4800284347584,374.44699423895963,1717.0714717094183,574.639074408145,cam_3_1690345046_23-17-26.jpg
732,320,2363.588672791098,438.4700804195078,2721.864277333533,653.8294258004796,cam_3_1690345091_23-18-11.jpg
732,469,456.5008390172122,617.7909092133494,1189.2127404831492,1027.5708800991329,cam_3_1690345091_23-18-11.jpg
732,480,1516.0123666991874,430.5867924421162,1910.6934918177933,651.7977665720596,cam_3_1690345091_23-18-11.jpg
732,509,1649.819851387524,437.6769124620438,2059.6111550671753,693.8772258188554,cam_3_1690345091_23-18-11.jpg
732,514,1728.307846718788,493.1832671559383,2182.5662161165674,756.4460931600617,cam_3_1690345091_23-18-11.jpg
732,534,1312.3698954564727,356.9301573732979,1650.7168432090875,529.2745553791583,cam_3_1690345091_23-18-11.jpg
732,553,1449.9599150416093,398.73042739869953,1831.2483112815128,603.6222549972822,cam_3_1690345091_23-18-11.jpg
732,581,1850.5167329484964,516.3185421283441,2396.5142821435356,834.7321344709982,cam_3_1690345091_23-18-11.jpg
732,589,574.1981485243356,453.69505993186164,1013.3872685225513,765.7065988630266,cam_3_1690345091_23-18-11.jpg
732,601,2019.9555039167724,372.2057905995149,2385.197426961822,510.54091985213716,cam_3_1690345091_23-18-11.jpg
732,661,566.4474427529317,797.7833259783893,1540.7577309568305,1460.1534803404184,cam_3_1690345091_23-18-11.jpg
732,677,1541.1924528234483,183.27205822990163,1905.712569232924,350.2126552027463,cam_3_1690345091_23-18-11.jpg
732,679,1357.7006874710034,373.4885772302957,1717.1385566681763,575.5911616028334,cam_3_1690345091_23-18-11.jpg
733,320,2365.5373587595022,437.8861655294436,2724.4984550724316,653.28149669044,cam_3_1690345106_23-18-26.jpg
733,469,421.24677086176825,623.0411627724069,1254.1339611657802,1098.4815363561825,cam_3_1690345106_23-18-26.jpg
733,480,1536.074778121303,434.56221511102154,1895.8564471464492,635.1756674327269,cam_3_1690345106_23-18-26.jpg
733,509,1651.5131635128027,435.9757914409814,2062.3135968441115,691.5799852583397,cam_3_1690345106_23-18-26.jpg
733,514,1722.5014925073629,490.25915405040337,2180.303887535811,755.7291286484087,cam_3_1690345106_23-18-26.jpg
733,534,1313.6596924007556,359.93095103703513,1653.2246175808048,532.2731203918556,cam_3_1690345106_23-18-26.jpg
733,553,1467.1439993690894,398.4838473653742,1819.48467839477,587.1454930322352,cam_3_1690345106_23-18-26.jpg
733,581,1847.3124668556034,515.4337240451894,2396.164560481048,835.8958861645649,cam_3_1690345106_23-18-26.jpg
733,601,2021.1604424697866,373.11132629448986,2386.285790551647,511.9082689082675,cam_3_1690345106_23-18-26.jpg
733,661,594.0651066640153,802.5767136152238,1565.4941418990552,1465.9946137696522,cam_3_1690345106_23-18-26.jpg
733,677,1551.6138379462072,183.22906970820657,1912.3242430080045,349.0812335958907,cam_3_1690345106_23-18-26.jpg
733,679,1366.7026843887893,375.3811145593931,1700.4523853805802,562.6215509567257,cam_3_1690345106_23-18-26.jpg
734,320,2366.884250927551,439.2335112310466,2723.4438012047262,652.744156138926,cam_3_1690345121_23-18-41.jpg
734,469,419.3954392184884,612.223450226119,1312.4645286261766,1139.9586176882917,cam_3_1690345121_23-18-41.jpg
734,480,1519.4357638886793,426.738812997838,1891.278771817756,631.2565559582117,cam_3_1690345121_23-18-41.jpg
734,509,1724.6038229284686,437.94648584895896,2065.789169801953,647.6606366433077,cam_3_1690345121_23-18-41.jpg
734,514,1806.7063531688912,484.5083454059106,2168.043402296428,693.4307605760902,cam_3_1690345121_23-18-41.jpg
734,534,1310.8823755605752,360.28270336337243,1653.4944229505088,533.9229688329472,cam_3_1690345121_23-18-41.jpg
734,553,1446.7057400389283,394.83600430076694,1832.3379773802963,602.0395459782849,cam_3_1690345121_23-18-41.jpg
734,581,1894.145540673382,510.9072512708267,2416.511922303329,818.8772775936388,cam_3_1690345121_23-18-41.jpg
734,601,2022.6143732907751,375.36055987374783,2392.60953761095,516.1043314858133,cam_3_1690345121_23-18-41.jpg
734,649,1507.4412580229018,558.607804001551,2156.398886490493,981.726740699592,cam_3_1690345121_23-18-41.jpg
734,661,600.7060113037676,806.310606306621,1575.9929738963415,1477.7553944532938,cam_3_1690345121_23-18-41.jpg
734,677,1467.8168908871824,177.4121353868204,1860.525683007982,360.20100119082974,cam_3_1690345121_23-18-41.jpg
734,679,1372.899038097884,382.0443574584683,1714.3191601978438,573.4106708169409,cam_3_1690345121_23-18-41.jpg
735,320,2377.3334709829987,437.1485763669232,2734.9392200915127,652.8828849284425,cam_3_1690345361_23-22-41.jpg
735,469,420.412871818523,605.3325627271888,1239.9290310195793,1079.813229171197,cam_3_1690345361_23-22-41.jpg
735,480,1514.4946727034871,425.8145134178727,1910.1061834774655,644.513494971585,cam_3_1690345361_23-22-41.jpg
735,509,1670.0328706941243,437.5212055587549,2069.570106718972,681.8887007771946,cam_3_1690345361_23-22-41.jpg
735,513,2039.4263298848273,536.1775428864663,2578.629531408742,895.0702092971185,cam_3_1690345361_23-22-41.jpg
735,514,1751.5411740496763,489.51785906925613,2185.503522893093,740.9655176383735,cam_3_1690345361_23-22-41.jpg
735,534,1309.618774463433,358.58810431273685,1651.7249002612925,531.5434811720052,cam_3_1690345361_23-22-41.jpg
735,553,1448.5900039161602,396.9940951003746,1831.6334081917296,602.5293651079214,cam_3_1690345361_23-22-41.jpg
735,581,1865.0799571689586,514.5618466852364,2401.849984643609,830.3828131330102,cam_3_1690345361_23-22-41.jpg
735,601,2024.5744651337368,371.2581384055142,2391.7829890256567,510.97511313297395,cam_3_1690345361_23-22-41.jpg
735,659,422.0569444444051,813.2349538813883,1551.0711992163374,1441.9685161087405,cam_3_1690345361_23-22-41.jpg
735,677,1413.8803272733949,179.1831445753665,1815.1050369672203,368.83917944209105,cam_3_1690345361_23-22-41.jpg
735,679,1359.5296289469707,378.3044732297151,1709.34681697245,575.620012854844,cam_3_1690345361_23-22-41.jpg
736,320,2379.320395233308,439.3146779562732,2735.6170900995226,654.8466619979141,cam_3_1690345826_23-30-26.jpg
736,469,415.36188430804754,600.686837704597,1250.3186447558728,1087.0484969264642,cam_3_1690345826_23-30-26.jpg
736,480,1513.53428273179,427.0694882204521,1912.9141000842865,648.740744625678,cam_3_1690345826_23-30-26.jpg
736,484,1463.050167508464,180.61238860892087,1744.4001482792842,368.80341367713334,cam_3_1690345826_23-30-26.jpg
736,509,1654.6302945919508,437.4314092788343,2071.2473850066735,690.2841401570333,cam_3_1690345826_23-30-26.jpg
736,513,2043.072993958704,542.7068780200021,2569.7372926893668,897.7826151417,cam_3_1690345826_23-30-26.jpg
736,514,1734.2559059203418,492.46991622396547,2187.6344266877977,755.1733808363829,cam_3_1690345826_23-30-26.jpg
736,534,1306.6844768425933,359.4147198029446,1649.9083352518533,532.7015232364894,cam_3_1690345826_23-30-26.jpg
736,553,1450.228932786174,398.76593146756124,1829.6686798822332,601.9261544631486,cam_3_1690345826_23-30-26.jpg
736,581,1864.1260466169444,516.8968335979175,2398.228141892314,829.2160539692036,cam_3_1690345826_23-30-26.jpg
736,601,2030.6979084765076,369.63356577637603,2394.4771523674895,507.73565627835495,cam_3_1690345826_23-30-26.jpg
736,659,404.5129980899771,814.6615577761203,1419.0098924316019,1388.0045169092518,cam_3_1690345826_23-30-26.jpg
736,679,1365.8458140941375,377.0381971762676,1711.654450283164,573.0302889296131,cam_3_1690345826_23-30-26.jpg
737,320,2381.461191429221,440.8952784357599,2736.208626301637,655.9047129408997,cam_3_1690345841_23-30-41.jpg
737,469,424.209248396005,602.9218512830796,1211.1576260375966,1050.0422548827905,cam_3_1690345841_23-30-41.jpg
737,480,1514.1486720849366,425.9753620570044,1918.1723893106716,651.0896648579926,cam_3_1690345841_23-30-41.jpg
737,484,1453.1681142529173,179.2500092337964,1740.1316531648176,366.09265304386804,cam_3_1690345841_23-30-41.jpg
737,509,1646.5733730074933,436.70447658505617,2073.024226362769,694.397893334648,cam_3_1690345841_23-30-41.jpg
737,513,2046.546148785699,542.0996416280719,2571.422539308813,898.5014587747314,cam_3_1690345841_23-30-41.jpg
737,514,1726.2053660909532,493.33687371375504,2189.111465956086,761.7685204437066,cam_3_1690345841_23-30-41.jpg
737,534,1308.7972024809994,357.79205193602854,1649.8894426039344,529.7048097726205,cam_3_1690345841_23-30-41.jpg
737,553,1449.3099906782988,397.81932903821445,1832.8957504743173,602.9966333081082,cam_3_1690345841_23-30-41.jpg
737,581,1857.569286534372,519.6474549071668,2401.2895518419155,836.7045174768343,cam_3_1690345841_23-30-41.jpg
737,601,2025.3952688789022,369.3268164623918,2391.7892877417053,508.3680492150993,cam_3_1690345841_23-30-41.jpg
737,661,567.8836887728884,812.8852928688289,1391.7526501490006,1386.2135337095392,cam_3_1690345841_23-30-41.jpg
737,679,1374.2913032633382,377.75888888717355,1714.213167733337,570.3716720427485,cam_3_1690345841_23-30-41.jpg
738,320,2384.566053414435,440.8620948090824,2736.3596764970216,654.7623167984798,cam_3_1690345871_23-31-11.jpg
738,469,422.1620984821286,602.9797813907227,1285.5755231939333,1105.6034383979768,cam_3_1690345871_23-31-11.jpg
738,480,1515.2842812239226,427.1680765194525,1918.0885389462965,652.4103823094907,cam_3_1690345871_23-31-11.jpg
738,484,1454.8461716274564,177.04464130744879,1746.2387647891146,364.1340453822972,cam_3_1690345871_23-31-11.jpg
738,509,1641.8998016248115,436.3058229027118,2074.7974005034953,696.4029603696345,cam_3_1690345871_23-31-11.jpg
738,513,2047.573189463009,540.0600505815485,2572.615037913606,898.8189968899164,cam_3_1690345871_23-31-11.jpg
738,514,1721.0672183717577,493.470318393623,2187.3807278410786,764.3336006779223,cam_3_1690345871_23-31-11.jpg
738,534,1308.8668081728347,357.9560889024962,1649.0686461207983,529.0598879508541,cam_3_1690345871_23-31-11.jpg
738,553,1446.9303619930595,397.0340211418521,1829.5167990958012,601.1384002154472,cam_3_1690345871_23-31-11.jpg
738,581,1848.877747665491,517.6486707624601,2397.609279851075,837.6370409389693,cam_3_1690345871_23-31-11.jpg
738,601,2031.7902154718297,370.97139637285824,2400.9929951434583,511.3916701655495,cam_3_1690345871_23-31-11.jpg
738,661,530.6059735829676,813.9637138795422,1332.6578516430025,1368.5900673330143,cam_3_1690345871_23-31-11.jpg
738,679,1371.3543975742036,373.577185259337,1713.7203494066928,568.2339299107249,cam_3_1690345871_23-31-11.jpg
739,320,2383.5075715957155,441.12550738319965,2733.2475786171894,653.9382225787192,cam_3_1690345961_23-32-41.jpg
739,469,400.68988600146827,595.4035582287188,1323.9810858585886,1147.9848255153038,cam_3_1690345961_23-32-41.jpg
739,480,1514.8368818989325,426.1200577600449,1918.5035034680052,652.7500326593895,cam_3_1690345961_23-32-41.jpg
739,484,1451.2850053067998,176.33809266087636,1749.294205139276,366.0555650865549,cam_3_1690345961_23-32-41.jpg
739,509,1639.0693483748341,435.5667328088896,2076.9164701051704,697.891041083856,cam_3_1690345961_23-32-41.jpg
739,513,2046.2148182807919,537.7015677024742,2573.4077943152565,900.1343358118538,cam_3_1690345961_23-32-41.jpg
739,514,1721.1738065328902,492.8780120948439,2189.296609686207,765.2514212619326,cam_3_1690345961_23-32-41.jpg
739,534,1308.7757553972115,358.42010765422987,1648.4836666560402,529.0612862756168,cam_3_1690345961_23-32-41.jpg
739,553,1445.030088323876,396.82162420677986,1829.8906771874608,601.6221930719481,cam_3_1690345961_23-32-41.jpg
739,581,1823.033227833217,524.1903011052323,2355.1380474612006,838.2934249814886,cam_3_1690345961_23-32-41.jpg
739,601,2020.3190579028237,370.8199378147806,2388.169501240317,511.5869573138268,cam_3_1690345961_23-32-41.jpg
739,661,517.9674492191393,817.0664948069547,1314.684135333869,1366.8461461059628,cam_3_1690345961_23-32-41.jpg
739,679,1370.7310158353648,374.76542166276226,1709.5131437532443,567.9017041202762,cam_3_1690345961_23-32-41.jpg
740,320,2384.4996446410178,441.5703944312107,2733.41543101801,654.5066890962802,cam_3_1690345976_23-32-56.jpg
740,480,1515.5012460441214,426.5131950143812,1917.2798931672608,652.8234504875445,cam_3_1690345976_23-32-56.jpg
740,484,1443.5343667858056,177.50962662162908,1746.611759054298,369.41270742052484,cam_3_1690345976_23-32-56.jpg
740,509,1636.0544950553742,434.2473174172607,2078.5955442002833,698.7875020056954,cam_3_1690345976_23-32-56.jpg
740,513,2046.1767974465447,536.6170253177324,2572.770065676482,899.9934469435866,cam_3_1690345976_23-32-56.jpg
740,514,1721.4900306508605,492.68160804820343,2190.1002674410593,765.6656125020615,cam_3_1690345976_23-32-56.jpg
740,534,1306.0366433183283,359.13693095946746,1644.418199681989,529.0798826252162,cam_3_1690345976_23-32-56.jpg
740,553,1443.9108864515763,397.21386480390015,1831.5079779510238,603.3166522206354,cam_3_1690345976_23-32-56.jpg
740,581,1813.3144782636984,526.5728432032945,2332.7356664079643,837.0151546187341,cam_3_1690345976_23-32-56.jpg
740,589,493.4743743432979,537.4069665242805,931.7389694223555,844.4600015954368,cam_3_1690345976_23-32-56.jpg
740,601,2017.0507780279147,371.8065590305637,2388.120619529957,514.9455634859937,cam_3_1690345976_23-32-56.jpg
740,661,545.6972735001673,810.636065981213,1337.084489585306,1363.7796746180243,cam_3_1690345976_23-32-56.jpg
740,679,1370.0169364290218,374.3581273366341,1709.9994111003566,568.5382665596773,cam_3_1690345976_23-32-56.jpg
741,320,2349.558784300572,440.7010771906978,2669.2338726712983,637.2252981578151,cam_3_1690346186_23-36-26.jpg
741,480,1513.3356695946106,426.6401684320826,1913.6691119178943,652.9258952963153,cam_3_1690346186_23-36-26.jpg
741,484,1445.265917953497,173.94242136115727,1752.0030154241476,367.7862146617356,cam_3_1690346186_23-36-26.jpg
741,509,1634.1060059510917,430.8288614510683,2082.065495005243,698.6501448018641,cam_3_1690346186_23-36-26.jpg
741,513,2024.2460496585031,561.90796124667,2502.1188966767045,901.4459684922659,cam_3_1690346186_23-36-26.jpg
741,514,1725.6701139925442,493.78711949184503,2192.855628847424,765.2664132260229,cam_3_1690346186_23-36-26.jpg
741,534,1305.4814329925712,358.5068033163129,1647.64904509202,530.24853564843,cam_3_1690346186_23-36-26.jpg
741,553,1442.3057140780593,396.9265810769737,1830.6533269968481,603.4454599934771,cam_3_1690346186_23-36-26.jpg
741,581,1823.9681438461166,527.6614730289111,2342.220879586068,838.7429534609998,cam_3_1690346186_23-36-26.jpg
741,589,486.5705428999591,499.55378065060654,994.2893228769153,849.7690065230872,cam_3_1690346186_23-36-26.jpg
741,601,2023.323632923623,375.76399894009666,2383.1929280140685,514.781144556832,cam_3_1690346186_23-36-26.jpg
741,620,2407.446202648083,446.54237246063474,2995.3648845281077,991.9474189417921,cam_3_1690346186_23-36-26.jpg
741,679,1367.8405195856474,373.7738123318389,1712.3155556542479,571.096316774298,cam_3_1690346186_23-36-26.jpg
742,320,2374.0501282372643,441.42731058825717,2702.3256955235192,643.0538279228348,cam_3_1690346246_23-37-26.jpg
742,480,1514.6893567957156,428.58160737493347,1911.1655941440365,653.3080958273976,cam_3_1690346246_23-37-26.jpg
742,484,1449.3707882580443,173.5392233196397,1758.5973672043683,369.100553575403,cam_3_1690346246_23-37-26.jpg
742,509,1633.8281174780843,431.0111568820903,2082.7695863614244,699.0672012943241,cam_3_1690346246_23-37-26.jpg
742,513,2045.4112094768707,547.1758820161604,2541.434629453639,899.1676859195644,cam_3_1690346246_23-37-26.jpg
742,514,1717.4428588175745,490.82601578488755,2187.9911545321697,765.67114981698,cam_3_1690346246_23-37-26.jpg
742,534,1301.1058468102,357.9882990696133,1646.4593341561665,531.624572353398,cam_3_1690346246_23-37-26.jpg
742,553,1441.8434881603382,398.86241155009026,1828.5595474708282,604.4001460267225,cam_3_1690346246_23-37-26.jpg
742,581,1838.7665907745404,517.2159681522811,2376.1281394181506,839.4846422270427,cam_3_1690346246_23-37-26.jpg
742,589,488.10440356834215,481.5766910228567,1025.0754877486659,854.4423877426889,cam_3_1690346246_23-37-26.jpg
742,601,2031.1695807951453,375.3231462790534,2381.895682958401,510.43865229797194,cam_3_1690346246_23-37-26.jpg
742,658,2824.1968105634446,320.6295159256163,3176.960540104824,778.7897627059199,cam_3_1690346246_23-37-26.jpg
742,679,1361.3488737035836,372.7827815309189,1707.33038523629,571.906632995966,cam_3_1690346246_23-37-26.jpg
743,320,2384.7066097512425,441.2384158477962,2713.7435948846482,643.1334160099611,cam_3_1690346276_23-37-56.jpg
743,480,1515.2619242660587,428.3448942018762,1912.0658881855306,654.051649991979,cam_3_1690346276_23-37-56.jpg
743,484,1456.6530459761027,173.47273628619317,1759.7628866697232,365.2919840989599,cam_3_1690346276_23-37-56.jpg
743,509,1635.8463515289382,433.25408944594545,2080.4430749353005,697.9157241867308,cam_3_1690346276_23-37-56.jpg
743,513,2054.0856468111924,541.707434349621,2556.76097814287,897.7436390833806,cam_3_1690346276_23-37-56.jpg
743,514,1717.9543491747777,489.8918042109407,2186.9741488914656,764.878383928301,cam_3_1690346276_23-37-56.jpg
743,534,1303.2762567119757,357.71885898278646,1648.3654851968624,531.0288637526774,cam_3_1690346276_23-37-56.jpg
743,553,1442.273749489104,398.78582544335507,1830.2615194021353,604.7501254587056,cam_3_1690346276_23-37-56.jpg
743,581,1842.1562303937565,512.224359073391,2386.188225089771,838.6965610547895,cam_3_1690346276_23-37-56.jpg
743,589,492.218337837271,473.9422839237969,1030.1079283684915,847.760989679166,cam_3_1690346276_23-37-56.jpg
743,601,2036.0566691590636,373.2404278690248,2389.217375590942,508.76382925061336,cam_3_1690346276_23-37-56.jpg
743,658,2878.5745743799616,312.20027668807666,3209.794222351739,758.7935316889025,cam_3_1690346276_23-37-56.jpg
743,679,1360.8247295862848,372.12526295051305,1707.5671783348043,572.3611653999549,cam_3_1690346276_23-37-56.jpg
744,320,2372.3224161906237,440.32363546986966,2718.401556119249,652.2985392487458,cam_3_1690346426_23-40-26.jpg
744,480,1519.8954750271946,429.10454197216194,1913.1397576605702,652.709296679955,cam_3_1690346426_23-40-26.jpg
744,484,1459.476321770132,174.85177399546546,1761.4209109575454,365.88898235483816,cam_3_1690346426_23-40-26.jpg
744,509,1635.9436022361738,434.17333417787216,2078.8852428292935,697.0442097798198,cam_3_1690346426_23-40-26.jpg
744,513,2053.2548113154703,544.5055011320975,2552.6577561131894,898.1252076819625,cam_3_1690346426_23-40-26.jpg
744,514,1717.2870732039319,489.02770740449455,2184.3481484303766,763.4817360953807,cam_3_1690346426_23-40-26.jpg
744,534,1305.6039023727049,358.2426986860494,1655.1138132088552,533.5175995430307,cam_3_1690346426_23-40-26.jpg
744,553,1438.9873220050972,393.9804309377445,1833.0626594361568,603.2981075244613,cam_3_1690346426_23-40-26.jpg
744,581,1851.6632046949157,513.838189275934,2395.0120552490785,838.0645160121285,cam_3_1690346426_23-40-26.jpg
744,589,488.3370352483203,464.84235057297315,1046.2809508114117,856.6351990817004,cam_3_1690346426_23-40-26.jpg
744,601,2034.490132888038,376.3164269990766,2364.3441038159813,501.90231477059405,cam_3_1690346426_23-40-26.jpg
744,679,1358.7456542982943,370.6807523048047,1708.2305557800034,573.3754576953381,cam_3_1690346426_23-40-26.jpg
745,320,2369.0564406551944,439.4619930285275,2712.8792383171403,649.0549184772534,cam_3_1690346471_23-41-11.jpg
745,480,1516.7296406304938,431.8242011705191,1905.8407892264515,653.625618430279,cam_3_1690346471_23-41-11.jpg
745,484,1464.6748218975947,176.65678660822581,1766.258612917596,366.04857173907965,cam_3_1690346471_23-41-11.jpg
745,509,1638.6403115412572,437.56603991637996,2074.3628677851993,694.3735931968113,cam_3_1690346471_23-41-11.jpg
745,513,2055.6107792244893,542.8199795948944,2555.170478053312,896.1907871399426,cam_3_1690346471_23-41-11.jpg
745,514,1721.0902370023189,489.80090928494917,2185.9341195767765,762.8432300981336,cam_3_1690346471_23-41-11.jpg
745,534,1302.3912462698254,359.02527628599114,1651.217936752388,534.3055798672887,cam_3_1690346471_23-41-11.jpg
745,553,1443.9310231230543,399.22267131819524,1831.1212898009353,604.3543920153395,cam_3_1690346471_23-41-11.jpg
745,581,1856.230922405871,513.5240363123831,2401.6835490962812,837.11486942971,cam_3_1690346471_23-41-11.jpg
745,601,2028.9684556751838,372.23309744670706,2368.857371864101,501.348479153978,cam_3_1690346471_23-41-11.jpg
745,659,364.4322476519507,476.15502350253496,1057.2570525927524,867.7636829122298,cam_3_1690346471_23-41-11.jpg
745,679,1365.2423372123571,374.2195632424174,1705.385284913237,571.8760826970383,cam_3_1690346471_23-41-11.jpg
746,320,2367.425951802829,441.4096266066668,2718.837152444308,655.8365633092237,cam_3_1690346561_23-42-41.jpg
746,480,1522.0654263203833,429.61589967704333,1914.4807730084117,653.2260286425355,cam_3_1690346561_23-42-41.jpg
746,484,1459.2852295460984,175.9032147577708,1760.660425571011,366.356266183608,cam_3_1690346561_23-42-41.jpg
746,509,1638.139743719047,438.40277830912464,2073.82834935774,695.2911223775689,cam_3_1690346561_23-42-41.jpg
746,513,2056.184529107545,547.2857709576543,2553.6871815116483,898.534462160388,cam_3_1690346561_23-42-41.jpg
746,514,1718.7058967350538,490.9770722176338,2182.140896865604,763.7508228457307,cam_3_1690346561_23-42-41.jpg
746,534,1303.4610784555507,359.88818031658457,1648.1142115573775,533.0414743955115,cam_3_1690346561_23-42-41.jpg
746,550,1733.2753779988857,206.73462964887634,2092.98649775308,395.63762145689805,cam_3_1690346561_23-42-41.jpg
746,553,1440.3186116770023,396.2619693721044,1828.1754472241253,601.3140032172832,cam_3_1690346561_23-42-41.jpg
746,581,1841.0005822278945,525.9129543383436,2365.3764320770388,838.182148909959,cam_3_1690346561_23-42-41.jpg
746,601,2025.6392291849506,372.69696048447,2374.4477307459665,505.091849561136,cam_3_1690346561_23-42-41.jpg
746,659,337.7016184272088,523.1570424993433,1214.9657832569696,1064.2768730047233,cam_3_1690346561_23-42-41.jpg
746,679,1367.5681100256984,374.4786818071934,1704.3526804277512,570.6110520471846,cam_3_1690346561_23-42-41.jpg
747,320,2361.8226354101084,439.7539481046248,2719.3988283353665,657.7121540498898,cam_3_1690346606_23-43-26.jpg
747,480,1522.111452535946,429.9919389356335,1914.205481222917,653.5528014379399,cam_3_1690346606_23-43-26.jpg
747,484,1450.5587928769628,176.8937860842546,1756.6687620803614,370.49554053519137,cam_3_1690346606_23-43-26.jpg
747,509,1637.4265764626693,439.0924153360387,2074.4187280827296,696.4139911064287,cam_3_1690346606_23-43-26.jpg
747,513,2055.749821377396,548.744887540276,2553.1182959076723,899.5371369730483,cam_3_1690346606_23-43-26.jpg
747,514,1718.8274737217862,491.1712904025994,2179.1057784277427,762.3383201265087,cam_3_1690346606_23-43-26.jpg
747,534,1299.7017070606212,361.09629495664285,1638.4052651192897,531.6059489611441,cam_3_1690346606_23-43-26.jpg
747,550,1728.5617979100898,206.01191024767536,2081.2650412631883,391.0801675621775,cam_3_1690346606_23-43-26.jpg
747,553,1440.5180115958967,396.098942257749,1826.8739964498077,600.0194434070179,cam_3_1690346606_23-43-26.jpg
747,581,1837.6031644941727,529.2402378203338,2347.314587274063,834.2993596405282,cam_3_1690346606_23-43-26.jpg
747,601,2027.280473052732,372.49603839410423,2373.6343030662865,504.55915058470697,cam_3_1690346606_23-43-26.jpg
747,641,557.416050067971,542.6470115396985,1066.1308082733012,1096.9204508806797,cam_3_1690346606_23-43-26.jpg
747,679,1370.1834535835724,375.0492596725809,1703.2250965981927,569.0356261422996,cam_3_1690346606_23-43-26.jpg
748,320,2346.603612519114,436.30864527798144,2705.404796402855,652.6771303709388,cam_3_1690346861_23-47-41.jpg
748,480,1517.183713559422,428.6523572647284,1909.6581978081979,652.9107468915756,cam_3_1690346861_23-47-41.jpg
748,484,1476.9078127611888,179.1011892680481,1742.924353160922,343.2683885817729,cam_3_1690346861_23-47-41.jpg
748,509,1635.9970119124646,437.58856761610946,2075.573060738382,695.854768545345,cam_3_1690346861_23-47-41.jpg
748,513,2057.5295596952055,554.327207787734,2549.894953638541,900.5447487203344,cam_3_1690346861_23-47-41.jpg
748,514,1718.8766768007204,491.73202621805103,2178.167132068596,763.010377877293,cam_3_1690346861_23-47-41.jpg
748,550,1765.6313689651945,198.13895050870246,2140.49516354786,393.4897075275601,cam_3_1690346861_23-47-41.jpg
748,553,1442.693472428816,394.39873360054787,1828.4722015492353,597.4761684318858,cam_3_1690346861_23-47-41.jpg
748,581,1823.440293016984,533.4529816500212,2327.303078382956,837.2012522273769,cam_3_1690346861_23-47-41.jpg
748,601,2026.9226783256258,377.41686370362373,2365.1451602941993,505.52774196051286,cam_3_1690346861_23-47-41.jpg
748,649,1224.6149877325317,296.8745121545156,1714.7626958286792,617.6399667075702,cam_3_1690346861_23-47-41.jpg
749,300,1885.7678345506208,190.3709410250827,2185.2154063571497,392.62692276176057,cam_3_1690346936_23-48-56.jpg
749,320,2339.042826441503,433.06223706771283,2700.491326021235,648.5774995045444,cam_3_1690346936_23-48-56.jpg
749,480,1514.6187953705114,430.2044017685067,1905.1364345338868,653.8649688763682,cam_3_1690346936_23-48-56.jpg
749,484,1490.4103413602943,178.81527863134332,1739.181010955312,329.9551575319696,cam_3_1690346936_23-48-56.jpg
749,509,1635.4888788972303,437.2957995563354,2077.145487317727,696.2317979941208,cam_3_1690346936_23-48-56.jpg
749,513,2059.7574002790125,558.1895260334026,2545.7067552561302,898.5669234451823,cam_3_1690346936_23-48-56.jpg
749,514,1720.1667029911932,490.8275320912901,2177.3953279574735,761.0852264407581,cam_3_1690346936_23-48-56.jpg
749,553,1446.1486424929856,397.84847915590905,1826.6833419711277,597.230692262721,cam_3_1690346936_23-48-56.jpg
749,581,1818.5872310808104,530.7568493979188,2324.2368113847047,838.002851273533,cam_3_1690346936_23-48-56.jpg
749,601,2021.0868222192432,377.48013097489155,2352.478722925576,501.65993774694107,cam_3_1690346936_23-48-56.jpg
749,649,1221.789148839541,291.9458134835154,1708.6353577298453,608.7434745519049,cam_3_1690346936_23-48-56.jpg
750,300,1877.5509179607448,190.58573971860898,2176.2784401238205,385.438552585042,cam_3_1690346996_23-49-56.jpg
750,320,2328.464289395869,431.7298243002056,2698.2243909126664,649.7031989797449,cam_3_1690346996_23-49-56.jpg
750,480,1515.9203960827342,430.0298260646424,1905.8904233413239,653.5089125862037,cam_3_1690346996_23-49-56.jpg
750,484,1482.9296991441852,182.03669390445242,1728.8554687603332,327.9544066541072,cam_3_1690346996_23-49-56.jpg
750,509,1634.3818535846383,436.71769358816556,2079.2073079451675,697.0862837050554,cam_3_1690346996_23-49-56.jpg
750,513,2063.7482280254253,562.6541031179595,2545.1468417715323,897.9465268650141,cam_3_1690346996_23-49-56.jpg
750,514,1723.2723186221642,490.26046653180845,2175.5116266067917,757.3366563678578,cam_3_1690346996_23-49-56.jpg
750,553,1445.5175503952416,398.1625814860628,1829.7290148808752,598.7927056464837,cam_3_1690346996_23-49-56.jpg
750,581,1825.531210028778,531.0143175097596,2324.4248867138954,834.8333316436291,cam_3_1690346996_23-49-56.jpg
750,601,2016.5546964958755,377.3373234371407,2349.7309266772477,501.38081833768115,cam_3_1690346996_23-49-56.jpg
750,649,1223.2778064318113,289.83533391342314,1712.580076620394,605.9356050825122,cam_3_1690346996_23-49-56.jpg
750,685,1422.128513019548,1314.6253325975215,2036.9025172790912,2775.7519688646726,cam_3_1690346996_23-49-56.jpg
751,300,1880.9803609234702,190.82786368179842,2180.125683970061,381.9515138443863,cam_3_1690347071_23-51-11.jpg
751,320,2333.7811898537248,430.68686423319093,2704.6546143321148,648.2124845458387,cam_3_1690347071_23-51-11.jpg
751,480,1515.2582860212283,426.877029952636,1909.288914809803,653.2138750080727,cam_3_1690347071_23-51-11.jpg
751,484,1482.1962165211003,179.40952542434457,1740.1167206990042,330.3016093070056,cam_3_1690347071_23-51-11.jpg
751,509,1635.1156779855648,435.4595863866548,2081.2668605968397,695.9436062162035,cam_3_1690347071_23-51-11.jpg
751,513,2063.198153474512,564.8959181575806,2544.1683608062003,897.9642458348405,cam_3_1690347071_23-51-11.jpg
751,514,1719.858506117443,489.49078729792666,2179.6303144347426,761.4431967435644,cam_3_1690347071_23-51-11.jpg
751,553,1445.2598320954728,398.50782611982066,1831.2919906890859,599.3668379169902,cam_3_1690347071_23-51-11.jpg
751,581,1840.4375565926052,519.4088462324389,2359.4429479279884,834.4138256834926,cam_3_1690347071_23-51-11.jpg
751,601,2023.251224721042,376.39393500099146,2357.8575255380665,499.9368280739371,cam_3_1690347071_23-51-11.jpg
751,649,1217.2985407065837,290.9836379537535,1707.7383895296741,607.0254191787717,cam_3_1690347071_23-51-11.jpg
751,685,1401.1954646709764,1329.6705426718727,2010.5103495759695,2777.8622348701438,cam_3_1690347071_23-51-11.jpg
752,320,2357.842102754303,434.1740206432193,2724.381853242127,646.8544122590329,cam_3_1690347341_23-55-41.jpg
752,480,1521.4981216798408,433.5948574238556,1903.6986275314337,652.9760176671895,cam_3_1690347341_23-55-41.jpg
752,484,1465.862983013636,180.04050766100397,1754.01193989884,346.9701014926037,cam_3_1690347341_23-55-41.jpg
752,509,1632.561725915571,432.6372070482213,2082.0606238594933,696.1069690431715,cam_3_1690347341_23-55-41.jpg
752,513,2061.5703932893884,561.1718941374074,2548.106309961532,896.692530183286,cam_3_1690347341_23-55-41.jpg
752,514,1725.8626369168778,487.9137880613042,2181.837354571413,757.5375329272881,cam_3_1690347341_23-55-41.jpg
752,553,1440.8620980032317,397.48959217605915,1828.9146150619922,598.7691650417805,cam_3_1690347341_23-55-41.jpg
752,581,1847.6882058474584,518.5477218594274,2370.813961632237,834.9716498041433,cam_3_1690347341_23-55-41.jpg
752,601,2023.0421427487545,377.804114988765,2378.1018518973015,508.3017454781183,cam_3_1690347341_23-55-41.jpg
752,679,1342.6670413392837,364.1471927633543,1666.7081024123854,548.9751583081447,cam_3_1690347341_23-55-41.jpg
752,685,1388.987938440413,1326.2194282327432,2006.8805627856077,2779.058283164133,cam_3_1690347341_23-55-41.jpg
753,320,2366.954335295115,435.15478192374934,2737.439185620293,648.1547043877163,cam_3_1690347371_23-56-11.jpg
753,480,1525.8011920065082,436.0693594983719,1902.0652451472681,651.7621944143531,cam_3_1690347371_23-56-11.jpg
753,484,1481.6840039946744,177.69033255569138,1769.4367528517541,345.35339783133713,cam_3_1690347371_23-56-11.jpg
753,509,1629.9034953744338,434.4170472833092,2075.7262137743037,695.8029075666328,cam_3_1690347371_23-56-11.jpg
753,513,2059.4249810974075,561.868120084571,2547.701659837514,897.5050476634264,cam_3_1690347371_23-56-11.jpg
753,514,1724.3600657802015,488.7175512333739,2180.52141062034,759.1975000091538,cam_3_1690347371_23-56-11.jpg
753,553,1439.8841969635282,395.9227568851238,1829.6506235857282,597.4789875921892,cam_3_1690347371_23-56-11.jpg
753,581,1852.739886470782,519.6893977291771,2378.379418703361,835.7256682416439,cam_3_1690347371_23-56-11.jpg
753,601,2016.8058103296007,378.7189808625743,2381.7152096062146,512.0655820001027,cam_3_1690347371_23-56-11.jpg
753,679,1336.0017438433508,363.28300910599035,1660.6496368122841,544.9097911685121,cam_3_1690347371_23-56-11.jpg
753,685,1399.9083593113955,1333.2872522349721,2020.4264943242379,2777.223941102967,cam_3_1690347371_23-56-11.jpg
754,320,2365.4194965254624,435.2368809486638,2744.1318080090173,651.272289493852,cam_3_1690347386_23-56-26.jpg
754,480,1523.0711209336919,438.00695040061044,1896.2201892229639,652.056769074,cam_3_1690347386_23-56-26.jpg
754,484,1459.1485197087454,179.52186832726608,1765.716378249053,356.66510829591675,cam_3_1690347386_23-56-26.jpg
754,509,1629.8026879408885,434.63182985700695,2076.12959998296,696.5492572382129,cam_3_1690347386_23-56-26.jpg
754,513,2059.562281300978,563.0959184612988,2547.8226015345163,897.6413492128152,cam_3_1690347386_23-56-26.jpg
754,514,1723.5308850923118,488.35547749106183,2181.5852898226717,760.7729931504158,cam_3_1690347386_23-56-26.jpg
754,553,1435.7923027147035,394.08185755633366,1829.9077764260066,597.6975456293037,cam_3_1690347386_23-56-26.jpg
754,581,1851.3580275688257,520.8249535999339,2379.8994839956667,837.3830177083032,cam_3_1690347386_23-56-26.jpg
754,601,2011.9368487720117,378.20928767926534,2377.2515574234662,510.64598848320315,cam_3_1690347386_23-56-26.jpg
754,679,1332.7624415002322,363.0186677215631,1661.16394400304,543.5035220338035,cam_3_1690347386_23-56-26.jpg
754,685,1403.1466426271859,1334.1034916283934,2030.1538852143613,2777.5714627569205,cam_3_1690347386_23-56-26.jpg
754,686,640.8698653874443,904.0969498101006,1789.0043367163116,1981.4630696990696,cam_3_1690347386_23-56-26.jpg
755,320,2357.7776968962835,432.1043032083146,2733.0641365611323,643.2018845407681,cam_3_1690347416_23-56-56.jpg
755,480,1524.7290999279808,437.6743681071277,1897.8519602663591,651.7328505174455,cam_3_1690347416_23-56-56.jpg
755,484,1429.5343007356917,185.2310398997322,1747.7489932649105,369.95785590263245,cam_3_1690347416_23-56-56.jpg
755,509,1632.3107257589181,438.5640985682775,2072.4899459337325,696.6508710368676,cam_3_1690347416_23-56-56.jpg
755,513,2056.985976479474,558.3863289213879,2553.3077625754477,897.4679668199705,cam_3_1690347416_23-56-56.jpg
755,514,1722.7668303198957,489.16255570896396,2175.194894274686,758.4707994735202,cam_3_1690347416_23-56-56.jpg
755,553,1436.4098784480905,394.9038595396637,1830.0929053788223,597.8773442816747,cam_3_1690347416_23-56-56.jpg
755,581,1831.467033831844,525.6091723485094,2343.4201513532275,834.4275506577433,cam_3_1690347416_23-56-56.jpg
755,601,2010.8480426158906,378.7214797361879,2376.855938974081,511.0016792765826,cam_3_1690347416_23-56-56.jpg
755,679,1330.266810244378,363.1415370704298,1667.328027147148,546.0930306624325,cam_3_1690347416_23-56-56.jpg
755,685,1372.1441871421114,1325.8074095559232,2014.3206823398232,2784.446085547169,cam_3_1690347416_23-56-56.jpg
755,686,612.6343868206625,930.5187877432993,1826.8118110413159,2078.7764264736143,cam_3_1690347416_23-56-56.jpg
