frame,track_id,x1,y1,x2,y2,image
2,1,2499.274571431561,543.9082833093438,3020.0419387019306,932.8000012100547,cam_2_1690272191_03-03-11.jpg
2,2,1871.864908876051,490.8763217029771,2333.361251467812,767.9015321858717,cam_2_1690272191_03-03-11.jpg
2,3,1631.465853550581,161.16950739253406,2119.8917941416667,463.91619766094794,cam_2_1690272191_03-03-11.jpg
2,4,3273.810992891352,369.3390680263311,3911.7805630350686,812.3204803400561,cam_2_1690272191_03-03-11.jpg
2,6,2828.882627319972,467.00663394400345,3252.693595829941,786.208440647232,cam_2_1690272191_03-03-11.jpg
2,7,2500.1312196821345,131.18368585540554,2781.4128777588767,344.1276117592946,cam_2_1690272191_03-03-11.jpg
2,8,2621.6313425226954,516.4306187918869,3182.031353201371,860.202574006024,cam_2_1690272191_03-03-11.jpg
2,9,2207.7544089949333,494.7868446279266,2494.3921298832283,734.7869333412052,cam_2_1690272191_03-03-11.jpg
2,11,2953.6364162721993,357.7264759638889,3709.5722526035556,815.0658545615839,cam_2_1690272191_03-03-11.jpg
3,1,2490.0949053985264,537.3664397638531,3020.448592226964,933.4885467166202,cam_2_1690272281_03-04-41.jpg
3,2,1862.974102074181,483.91209846350984,2340.9257479759144,770.8860750799972,cam_2_1690272281_03-04-41.jpg
3,3,1505.2849676160758,160.62028807548117,2021.6556960437338,485.0959602092239,cam_2_1690272281_03-04-41.jpg
3,4,3275.7489659132652,369.30872204190496,3906.108598781262,812.348426497495,cam_2_1690272281_03-04-41.jpg
3,6,2833.483360019978,464.3759463638818,3259.344716973064,785.7685788667758,cam_2_1690272281_03-04-41.jpg
3,7,2485.8721727717093,131.00857132939797,2762.4297047181917,340.5538152967922,cam_2_1690272281_03-04-41.jpg
3,8,2622.9118857256353,511.54669943417616,3190.559505683473,860.333912424227,cam_2_1690272281_03-04-41.jpg
3,9,2213.5588579066048,492.3234580943806,2513.8231763603744,743.7116667647877,cam_2_1690272281_03-04-41.jpg
3,11,2962.776629201762,354.6308493280885,3723.3782241002987,819.3000120373074,cam_2_1690272281_03-04-41.jpg
3,13,2149.5237094833833,143.62778696827382,2511.080115268442,390.65009811081273,cam_2_1690272281_03-04-41.jpg
4,1,2488.427495017988,535.7154448914478,3019.8002106102194,932.7421386152661,cam_2_1690272341_03-05-41.jpg
4,2,1856.7474533259217,483.50251741133667,2317.219433528147,760.2040041373216,cam_2_1690272341_03-05-41.jpg
4,4,3283.2552612901777,370.48388496539314,3901.1377807389754,810.929545135268,cam_2_1690272341_03-05-41.jpg
4,6,2836.1825638841506,459.81248686484395,3263.4713713481724,783.3965068296638,cam_2_1690272341_03-05-41.jpg
4,7,2482.3818739501194,131.97962680733468,2753.9505970568302,337.5827530669678,cam_2_1690272341_03-05-41.jpg
4,8,2625.0978397142458,513.4917631143778,3188.3210180238293,859.6385084076669,cam_2_1690272341_03-05-41.jpg
4,9,2203.776075536536,490.4049411182755,2516.77554806631,751.9388281724503,cam_2_1690272341_03-05-41.jpg
4,11,2943.8526161115983,351.6483086287635,3702.994614258255,821.4648758344665,cam_2_1690272341_03-05-41.jpg
4,13,2216.35338045417,144.17534215859837,2556.8433526557415,378.9968425805357,cam_2_1690272341_03-05-41.jpg
5,1,2490.7214619906295,534.1973588939265,3023.562591052622,932.6299604889414,cam_2_1690272491_03-08-11.jpg
5,2,1853.8327114356644,485.444671183106,2321.2434450981427,766.8079612795468,cam_2_1690272491_03-08-11.jpg
5,4,3289.046651274458,368.20460685972006,3893.2113758754635,805.4876291805883,cam_2_1690272491_03-08-11.jpg
5,6,2833.030089421134,465.6988458102379,3253.08640568882,784.2937297020399,cam_2_1690272491_03-08-11.jpg
5,8,2619.621249349551,513.5589706901391,3180.500105585672,858.1804374055534,cam_2_1690272491_03-08-11.jpg
5,9,2201.525448259894,485.8797397275207,2507.7332671426616,739.5632983169735,cam_2_1690272491_03-08-11.jpg
5,11,2977.633462335631,358.0141270489422,3707.8265893882094,814.1969239567247,cam_2_1690272491_03-08-11.jpg
5,13,2289.187507541773,137.46949232426084,2624.18391019227,373.7862098265002,cam_2_1690272491_03-08-11.jpg
5,15,1858.234481461904,157.14662224002765,2060.5634197518566,444.1650968051764,cam_2_1690272491_03-08-11.jpg
6,1,2490.354924032441,541.0939857925264,3013.3875292513394,931.515024052783,cam_2_1690272551_03-09-11.jpg
6,2,1845.7904411194884,484.59175660741187,2336.8097789704548,780.8365705256784,cam_2_1690272551_03-09-11.jpg
6,4,3324.5394819058934,364.8710297762374,3839.7732286220535,741.4544007002806,cam_2_1690272551_03-09-11.jpg
6,6,2832.4985480516866,466.8427747781718,3255.240534463956,787.7681781773672,cam_2_1690272551_03-09-11.jpg
6,8,2620.402311349964,513.9218225525242,3182.280589581324,859.6059363070389,cam_2_1690272551_03-09-11.jpg
6,9,2216.056451938567,482.3266429104374,2521.168244074901,733.6922607157458,cam_2_1690272551_03-09-11.jpg
6,11,3013.1725536893355,374.02121768466634,3760.588227403342,846.2176158006228,cam_2_1690272551_03-09-11.jpg
6,13,2315.7297467223543,138.88360179251362,2634.368702187552,369.5753633547641,cam_2_1690272551_03-09-11.jpg
6,15,1863.5511515307016,158.43173053037506,2069.024433128186,451.9042639489767,cam_2_1690272551_03-09-11.jpg
6,16,2140.1176377227976,151.69141118926396,2361.0021602557513,391.12278838372185,cam_2_1690272551_03-09-11.jpg
7,1,2488.447909463408,540.3500987705046,3015.603344824576,933.5934546728968,cam_2_1690272626_03-10-26.jpg
7,2,1853.692036182812,485.0988458400466,2334.49157543749,775.1510038878307,cam_2_1690272626_03-10-26.jpg
7,4,3386.47424996766,367.23284655870407,3818.8902837892865,680.2944937570146,cam_2_1690272626_03-10-26.jpg
7,6,2834.2849896871826,466.15342228452755,3257.178827003303,787.5114940982571,cam_2_1690272626_03-10-26.jpg
7,8,2620.3075215131817,510.743022767708,3187.4924354902387,860.5497718973243,cam_2_1690272626_03-10-26.jpg
7,9,2219.162856087593,481.8245034906346,2522.9523349478263,730.3094062042356,cam_2_1690272626_03-10-26.jpg
7,11,3037.7335003730855,376.7658243622111,3792.5439637064337,860.3362689093519,cam_2_1690272626_03-10-26.jpg
7,13,2324.3401564628853,136.32971200629586,2639.505554554729,370.47076197815784,cam_2_1690272626_03-10-26.jpg
7,15,1871.8520747749542,157.0628641684859,2079.5102838455214,455.348269515355,cam_2_1690272626_03-10-26.jpg
7,16,2139.1141904048145,151.98431112960333,2363.556419579081,392.4724312577476,cam_2_1690272626_03-10-26.jpg
8,1,2491.286808690047,543.2355778917891,3012.9905454955256,931.648189912993,cam_2_1690272866_03-14-26.jpg
8,2,1830.6342305242706,481.97366872356736,2334.2852106579585,787.0995727342972,cam_2_1690272866_03-14-26.jpg
8,6,2829.311479897747,464.70285561288944,3253.0662239357275,788.2053119438235,cam_2_1690272866_03-14-26.jpg
8,8,2626.827778330119,515.6646896524865,3183.758962290806,859.6581632693909,cam_2_1690272866_03-14-26.jpg
8,9,2209.8109978601647,484.84846881849126,2518.660528279433,737.7454252892942,cam_2_1690272866_03-14-26.jpg
8,13,2363.6461931949716,137.96340947738042,2655.1097250625007,360.2137335641563,cam_2_1690272866_03-14-26.jpg
8,15,1866.9400204286726,159.13830629812756,2076.014648248864,461.8515451210852,cam_2_1690272866_03-14-26.jpg
8,16,2142.190818461152,153.17982773662095,2372.2587553784597,396.3206290926737,cam_2_1690272866_03-14-26.jpg
9,1,2491.468449073546,541.3136344660775,3015.5234454923593,930.9355216194892,cam_2_1690272896_03-14-56.jpg
9,2,1846.228597892721,485.11922218973524,2333.6293240926893,780.4031336160162,cam_2_1690272896_03-14-56.jpg
9,6,2824.109138483178,463.8923373967185,3248.0319623742557,788.9301987705758,cam_2_1690272896_03-14-56.jpg
9,8,2624.9943743131394,514.0843013216927,3183.134542234842,859.2286994351897,cam_2_1690272896_03-14-56.jpg
9,9,2200.782676699415,484.6321084965955,2507.069174163944,735.4234426304156,cam_2_1690272896_03-14-56.jpg
9,13,2386.6331832034375,137.53540881416842,2663.9175555774514,353.63284373443236,cam_2_1690272896_03-14-56.jpg
9,15,1923.860184124683,157.37831517437746,2126.2937068268193,442.5870548105038,cam_2_1690272896_03-14-56.jpg
9,16,2172.625263103994,158.05936327512902,2397.502877468635,391.35456785464703,cam_2_1690272896_03-14-56.jpg
9,21,3318.2111386207166,216.014520214367,3545.7977218860133,436.00019288839405,cam_2_1690272896_03-14-56.jpg
10,1,2487.9147642227954,538.2284542752707,3016.560490240272,930.9805030366547,cam_2_1690273031_03-17-11.jpg
10,6,2826.231456979221,459.9433593662534,3251.493780995709,788.2515992141118,cam_2_1690273031_03-17-11.jpg
10,8,2631.053568211819,514.1826985817107,3178.622093253651,853.5604428829917,cam_2_1690273031_03-17-11.jpg
10,9,2188.5136478959544,484.17392942244163,2491.732020743934,728.9680014699301,cam_2_1690273031_03-17-11.jpg
10,13,2399.6771559958624,136.96890635509476,2662.2180694305994,346.2408004900002,cam_2_1690273031_03-17-11.jpg
10,16,2157.156922017192,148.75986314969782,2396.186338556747,401.6309976516121,cam_2_1690273031_03-17-11.jpg
10,21,3305.296658921427,213.53294163293083,3534.2606054094035,437.55851884102196,cam_2_1690273031_03-17-11.jpg
10,23,3138.2526662467085,407.30110349229074,3548.5184264078375,673.7670322938404,cam_2_1690273031_03-17-11.jpg
10,24,2630.3433572628387,133.14860466833596,2856.5082330224363,338.9670405701437,cam_2_1690273031_03-17-11.jpg
11,1,2484.6855225249565,538.7383511426243,3014.5803178513697,932.4509496473828,cam_2_1690273046_03-17-26.jpg
11,6,2826.585662148438,460.58583884837014,3251.5331973261605,790.774863837922,cam_2_1690273046_03-17-26.jpg
11,8,2628.8245914952668,513.0823453761421,3182.8613472094144,857.6813559910817,cam_2_1690273046_03-17-26.jpg
11,9,2196.433298380817,484.01993018204826,2498.45179432255,725.1436160457488,cam_2_1690273046_03-17-26.jpg
11,13,2404.9317532358614,136.1379429027373,2658.6935664353127,342.92257829745427,cam_2_1690273046_03-17-26.jpg
11,16,2150.2454237483835,148.07595677493197,2384.8538016961234,401.2159542165384,cam_2_1690273046_03-17-26.jpg
11,21,3300.3199247408174,213.28040174750436,3526.622415918366,438.9614395014728,cam_2_1690273046_03-17-26.jpg
11,23,3134.915518174034,404.79582580915496,3549.076854330032,673.641971120604,cam_2_1690273046_03-17-26.jpg
11,24,2636.2570063584085,133.4866317855629,2863.790265260682,339.86578782108785,cam_2_1690273046_03-17-26.jpg
11,25,410.82868908153796,199.48781187199623,728.3758904941974,675.5131198258231,cam_2_1690273046_03-17-26.jpg
12,1,2478.7897672032987,534.4220267579211,3015.5352535617762,932.9468245168456,cam_2_1690273196_03-19-56.jpg
12,6,2828.941921073068,460.15034496557087,3249.0840013750244,788.2411038245207,cam_2_1690273196_03-19-56.jpg
12,8,2629.481628192665,515.1971043996152,3182.8265441037784,859.9950833898539,cam_2_1690273196_03-19-56.jpg
12,9,2199.5858640096512,485.7194477991866,2497.416801992789,721.6816250453699,cam_2_1690273196_03-19-56.jpg
12,13,2407.9758315126855,136.74561033743709,2651.860890070506,339.46720453980345,cam_2_1690273196_03-19-56.jpg
12,16,2106.6843790326598,146.08618480049768,2332.9720005059303,395.32471809206163,cam_2_1690273196_03-19-56.jpg
12,23,3134.4256946148575,403.9529815501837,3550.5277338080723,673.9360050648734,cam_2_1690273196_03-19-56.jpg
12,24,2649.1086472109396,135.84437810975527,2868.7458349332956,335.0338331327039,cam_2_1690273196_03-19-56.jpg
12,27,1700.1017643856626,223.31710641414892,2308.9227525295846,704.1295102855597,cam_2_1690273196_03-19-56.jpg
12,28,2329.6734496531917,147.4503965964196,2459.451729140583,388.3639820105401,cam_2_1690273196_03-19-56.jpg
13,1,2481.8997214762385,534.410867260748,3018.5889000734046,933.2194647905013,cam_2_1690273271_03-21-11.jpg
13,6,2832.2537681949802,461.94705849456045,3245.7507515393513,786.1057153907068,cam_2_1690273271_03-21-11.jpg
13,8,2631.4384462500966,517.0647875455081,3181.39431218797,860.4671932765023,cam_2_1690273271_03-21-11.jpg
13,9,2193.8956755287063,484.8831302108806,2496.954005826502,722.8725485982459,cam_2_1690273271_03-21-11.jpg
13,13,2407.1714270455764,131.62247219897188,2653.344198773652,340.4415456030738,cam_2_1690273271_03-21-11.jpg
13,16,2107.292974815838,144.83172373136605,2333.9656442832156,397.16851570734786,cam_2_1690273271_03-21-11.jpg
13,23,3134.274073965895,400.9027709902389,3553.594063242449,673.0816071909962,cam_2_1690273271_03-21-11.jpg
13,24,2646.882794363472,137.1747942694557,2863.890481653216,334.0023268802794,cam_2_1690273271_03-21-11.jpg
13,27,1705.8804410258597,220.72665707806925,2315.8947960798037,703.9784066596043,cam_2_1690273271_03-21-11.jpg
13,28,2328.9735469976604,143.69746752867655,2459.7003369149634,384.9427287266843,cam_2_1690273271_03-21-11.jpg
14,1,2484.747052507819,538.5978898277856,3016.93312731172,933.8243106261978,cam_2_1690273331_03-22-11.jpg
14,6,2846.34969269359,461.76358052709304,3257.8750933046726,784.4991648429007,cam_2_1690273331_03-22-11.jpg
14,8,2631.6013281795895,519.6375466283209,3176.218818788583,859.6517072182904,cam_2_1690273331_03-22-11.jpg
14,9,2195.880719089441,483.42032015973143,2502.5815069754635,722.5134087231711,cam_2_1690273331_03-22-11.jpg
14,13,2409.1043755145874,129.98422689296018,2652.679936633173,340.0208142695077,cam_2_1690273331_03-22-11.jpg
14,16,2109.8287623110255,142.44064285984527,2336.5845805917074,397.07502570372344,cam_2_1690273331_03-22-11.jpg
14,23,3132.846543259365,403.8685952863059,3547.530831355889,672.6046119930609,cam_2_1690273331_03-22-11.jpg
14,24,2684.1683244932356,139.03425675207964,2905.5308597619687,339.53109107694434,cam_2_1690273331_03-22-11.jpg
14,27,1711.463438549592,221.58477659701597,2318.5017799425323,705.9261924089408,cam_2_1690273331_03-22-11.jpg
14,28,2322.8000223245995,144.3701984354576,2452.3138769142934,382.3282304794162,cam_2_1690273331_03-22-11.jpg
14,29,2569.345668422819,135.82382207098186,2697.928835334767,330.77853180455077,cam_2_1690273331_03-22-11.jpg
15,1,2483.9923544516887,535.2065621085555,3019.3383031457256,932.1600889703956,cam_2_1690273436_03-23-56.jpg
15,6,2847.3691725817066,461.16873949717433,3258.591981726744,784.2371843064989,cam_2_1690273436_03-23-56.jpg
15,8,2641.4487582175148,507.98094370653564,3191.295559816821,854.3664655768378,cam_2_1690273436_03-23-56.jpg
15,9,2198.168194506689,483.79425114518267,2504.5138993290666,720.7686581511014,cam_2_1690273436_03-23-56.jpg
15,13,2407.769507940473,129.253591935543,2647.4706742441304,340.21464693243104,cam_2_1690273436_03-23-56.jpg
15,16,2121.2091533852526,141.9900857342442,2346.8280390656655,396.38731718284293,cam_2_1690273436_03-23-56.jpg
15,23,3136.464695252113,406.22500150879296,3548.40645456445,673.0616218638661,cam_2_1690273436_03-23-56.jpg
15,24,2674.000291071474,135.59742759550466,2893.362091402026,335.9457772452664,cam_2_1690273436_03-23-56.jpg
15,27,1705.9214667154906,218.18325560942756,2305.923457032017,701.2298568837007,cam_2_1690273436_03-23-56.jpg
15,28,2331.560803024241,141.60958705057442,2460.1274593450144,376.7191760168731,cam_2_1690273436_03-23-56.jpg
15,29,2574.394115327841,135.8956968780621,2702.8694189045864,331.11130531908793,cam_2_1690273436_03-23-56.jpg
16,1,2483.686873491246,535.7738549975445,3018.5581089511647,932.5084880526301,cam_2_1690273541_03-25-41.jpg
16,6,2848.0183402092234,460.5572978918863,3259.0212591308323,784.0131862942212,cam_2_1690273541_03-25-41.jpg
16,8,2638.352191019353,513.1940183488973,3184.3674394968334,857.2692651351481,cam_2_1690273541_03-25-41.jpg
16,9,2196.9397860445956,483.60968865327254,2505.553111107935,720.493596464115,cam_2_1690273541_03-25-41.jpg
16,13,2412.0560782007888,132.33408253397613,2641.5081072807902,337.8869827562959,cam_2_1690273541_03-25-41.jpg
16,16,2154.0075115944323,144.32472720135598,2368.1540589607675,388.72687303766236,cam_2_1690273541_03-25-41.jpg
16,23,3135.3823210367145,405.15332772377485,3546.6111401882163,671.959146014786,cam_2_1690273541_03-25-41.jpg
16,24,2710.8332188284544,133.0615920412114,2931.945967956433,330.92909167771586,cam_2_1690273541_03-25-41.jpg
16,27,1708.2425557614438,219.69738211613827,2302.8045396345465,703.3266196335624,cam_2_1690273541_03-25-41.jpg
16,28,2340.023031187819,142.708124770898,2464.7304626929126,371.4157306289475,cam_2_1690273541_03-25-41.jpg
16,29,2567.7104769658827,136.5692209049506,2693.1041199324786,326.65438390873845,cam_2_1690273541_03-25-41.jpg
17,1,2487.938950108362,543.6327506006123,3012.772583130908,931.2786882327489,cam_2_1690273826_03-30-26.jpg
17,6,2794.4364965832347,418.49251804168046,3292.306262501003,817.2040968940756,cam_2_1690273826_03-30-26.jpg
17,7,1896.5671845333022,154.43323815613996,2238.482482485469,420.42456709085116,cam_2_1690273826_03-30-26.jpg
17,9,2195.6345381877436,490.0531577306994,2504.912031909222,728.2790769902613,cam_2_1690273826_03-30-26.jpg
17,13,2443.833609244109,128.617496624899,2638.3451312195757,299.2977690239404,cam_2_1690273826_03-30-26.jpg
17,16,2172.217365446215,144.83077207086004,2376.6010256472473,383.1636745508646,cam_2_1690273826_03-30-26.jpg
17,23,3136.3796649993915,399.59057240454774,3552.324134053208,670.8358645443611,cam_2_1690273826_03-30-26.jpg
17,24,2721.644434880291,134.32664639789124,2942.0691096897685,328.5318611596665,cam_2_1690273826_03-30-26.jpg
17,27,1714.7204237964281,221.45711071088917,2300.7704498267126,702.7688245073407,cam_2_1690273826_03-30-26.jpg
17,28,2351.180144095818,145.61933262569852,2472.2015357387177,367.03463833737794,cam_2_1690273826_03-30-26.jpg
17,29,2566.8793775626164,134.3179375471837,2668.4585778298892,284.17624702231046,cam_2_1690273826_03-30-26.jpg
18,1,2490.268241398159,548.3778267831801,3010.77778627929,931.4517150543254,cam_2_1690273856_03-30-56.jpg
18,6,2767.7663780316266,399.00813601913416,3302.625342998386,837.0601455122321,cam_2_1690273856_03-30-56.jpg
18,7,1937.0334200594675,162.48490385296083,2278.690632671208,434.0117568376168,cam_2_1690273856_03-30-56.jpg
18,9,2196.8002652008468,492.5624126926009,2502.531418711794,729.0691500281903,cam_2_1690273856_03-30-56.jpg
18,13,2454.72199156844,127.25674517952893,2643.7967279409813,289.6764822804236,cam_2_1690273856_03-30-56.jpg
18,15,2230.17350037579,144.0712100438992,2389.5979836542488,374.11095689002445,cam_2_1690273856_03-30-56.jpg
18,23,3139.5450503262377,399.44076524777995,3554.634439849821,671.5623887075709,cam_2_1690273856_03-30-56.jpg
18,24,2719.4823819115236,131.69399158778862,2946.619989773116,329.17783719630177,cam_2_1690273856_03-30-56.jpg
18,27,1719.788883159527,224.15541450857324,2299.7644599764953,705.3458496879191,cam_2_1690273856_03-30-56.jpg
18,28,2354.5854630974186,144.242005073626,2475.3865199751267,364.73105298945126,cam_2_1690273856_03-30-56.jpg
18,29,2563.468614979956,132.99064190341682,2660.172572025706,272.742706634398,cam_2_1690273856_03-30-56.jpg
19,1,2486.8369756786697,541.8405846514859,3014.1111480391505,929.933657822185,cam_2_1690273871_03-31-11.jpg
19,6,2764.9082027461272,396.76935055139404,3296.0645542480793,835.5959700175476,cam_2_1690273871_03-31-11.jpg
19,9,2193.8991194382934,490.2465976153885,2500.276833770319,728.5703916162608,cam_2_1690273871_03-31-11.jpg
19,13,2457.987352564394,135.06056792080278,2659.273819819976,312.7359147860532,cam_2_1690273871_03-31-11.jpg
19,15,2253.397249572146,143.25427980489184,2400.2663531495386,360.68729643209014,cam_2_1690273871_03-31-11.jpg
19,23,3138.402563553967,395.36780730956076,3554.7025715500886,669.889265602889,cam_2_1690273871_03-31-11.jpg
19,24,2713.2655812154608,131.87674449079597,2947.2829594067475,333.25796266664656,cam_2_1690273871_03-31-11.jpg
19,27,1718.8785284323342,225.74133083097308,2293.4627437690597,704.4844918019362,cam_2_1690273871_03-31-11.jpg
19,28,2354.551112424818,146.67709660624553,2473.7747445806904,361.4925096853077,cam_2_1690273871_03-31-11.jpg
19,29,2537.926358533938,136.3680080808153,2657.5665930859955,310.07436539782685,cam_2_1690273871_03-31-11.jpg
19,33,2445.8945593503495,132.26292524956696,2605.9213501932204,333.12824870347674,cam_2_1690273871_03-31-11.jpg
20,1,2498.5354883913556,562.9026000012473,3003.241441394306,930.8502720572837,cam_2_1690274096_03-34-56.jpg
20,6,2746.7217170131867,402.98815281212694,3363.9644381616235,920.1429792341008,cam_2_1690274096_03-34-56.jpg
20,9,2195.7390222495073,488.02721038607774,2504.412419285525,728.8672952344821,cam_2_1690274096_03-34-56.jpg
20,13,2463.904661321989,135.21934241493906,2670.844208348571,323.8314322153084,cam_2_1690274096_03-34-56.jpg
20,15,2299.9445739619387,144.9328620041091,2439.652681139605,355.4950403974962,cam_2_1690274096_03-34-56.jpg
20,16,2141.9042127897346,144.9744997992985,2357.4486350356838,394.2439335873264,cam_2_1690274096_03-34-56.jpg
20,23,3139.324916906004,394.09314495490537,3549.849068309081,665.5713724826702,cam_2_1690274096_03-34-56.jpg
20,24,2706.909693797911,132.9553856972114,2944.8227596033307,333.70497263266583,cam_2_1690274096_03-34-56.jpg
20,27,1723.1111786269275,226.57752772326486,2289.702065820386,702.7343792719339,cam_2_1690274096_03-34-56.jpg
20,28,2388.609353759733,151.14456491749047,2503.0517695233143,354.6619549795124,cam_2_1690274096_03-34-56.jpg
20,29,2544.221004658043,137.13208802147912,2671.998441035244,322.21770394991233,cam_2_1690274096_03-34-56.jpg
20,33,2449.6535966759902,136.09395454211267,2606.004619878358,332.3060376478994,cam_2_1690274096_03-34-56.jpg
21,1,2501.6336033114417,567.9475996707042,3001.9642389520836,930.0098620768173,cam_2_1690274126_03-35-26.jpg
21,6,2747.030129609082,406.43241876036865,3378.8831903091973,938.9534725700898,cam_2_1690274126_03-35-26.jpg
21,9,2201.6066419351073,485.20869164453313,2513.00519387446,729.0609879107172,cam_2_1690274126_03-35-26.jpg
21,13,2470.2687674391514,142.5167130779995,2668.123833660898,328.9378040193325,cam_2_1690274126_03-35-26.jpg
21,15,2348.3046043156332,144.2930050822034,2491.991249351827,358.6823077993821,cam_2_1690274126_03-35-26.jpg
21,16,2144.4540239969615,147.07035338302308,2359.3444182891026,393.92668470469744,cam_2_1690274126_03-35-26.jpg
21,23,3137.2405808413755,389.134683666319,3550.280031250101,663.5404330047447,cam_2_1690274126_03-35-26.jpg
21,24,2700.6676306220693,135.23525259586003,2939.243858743587,334.7071475057702,cam_2_1690274126_03-35-26.jpg
21,27,1722.4747632833341,224.10338838886474,2293.165426994817,706.0360452179812,cam_2_1690274126_03-35-26.jpg
21,28,2396.361330025609,153.7668598771738,2511.6515090287576,357.1998685315684,cam_2_1690274126_03-35-26.jpg
21,29,2555.433239193398,140.3787435676265,2684.2916320014933,327.95249607561834,cam_2_1690274126_03-35-26.jpg
21,33,2453.9843299621857,141.880601155742,2608.795382630577,334.98249698981977,cam_2_1690274126_03-35-26.jpg
22,1,2512.0670485228416,591.6142456515059,2988.8002739970884,930.8738233439094,cam_2_1690274186_03-36-26.jpg
22,6,2766.822856966886,412.42270239608473,3424.914016094578,972.7376990468695,cam_2_1690274186_03-36-26.jpg
22,15,2362.3576002310147,145.40193459850852,2507.2380697791655,355.18631022871205,cam_2_1690274186_03-36-26.jpg
22,16,2162.326019390427,149.28031044947505,2366.1517246189815,374.0028051734919,cam_2_1690274186_03-36-26.jpg
22,23,3136.890145118984,397.31028053582685,3545.6626247359027,669.5924206191514,cam_2_1690274186_03-36-26.jpg
22,27,1713.2268304821955,222.72125008147003,2278.9635792575123,704.833899496701,cam_2_1690274186_03-36-26.jpg
22,28,2397.584782463032,149.62327391024627,2518.2230192791053,360.54715472425426,cam_2_1690274186_03-36-26.jpg
22,33,2453.892618634866,137.26560937027173,2613.0690881190103,334.3863645601476,cam_2_1690274186_03-36-26.jpg
23,1,2497.8936864126076,581.0438272070216,2992.7867294955436,929.9975572903019,cam_2_1690274336_03-38-56.jpg
23,6,2777.7609935065325,417.0376598862394,3453.657566169209,998.2397109965902,cam_2_1690274336_03-38-56.jpg
23,15,2370.491600863178,147.3332995090022,2513.362790425357,351.8810820556497,cam_2_1690274336_03-38-56.jpg
23,16,2150.024074248204,147.9220894216573,2366.3964322106503,382.13985538137393,cam_2_1690274336_03-38-56.jpg
23,23,3138.7441484318533,401.5984388528814,3540.5662018338116,669.7940710617302,cam_2_1690274336_03-38-56.jpg
23,27,1731.191070596998,223.2818277610856,2285.4961272545584,699.3065825067774,cam_2_1690274336_03-38-56.jpg
23,28,2404.481922241229,153.87573862255965,2519.9327577693257,354.3927912755679,cam_2_1690274336_03-38-56.jpg
23,33,2454.604564874265,138.01809668590448,2616.6544873237294,336.75031618788205,cam_2_1690274336_03-38-56.jpg
24,1,2489.0915602298273,572.8670149253419,2996.5614233343103,928.5353401561758,cam_2_1690274456_03-40-56.jpg
24,6,2806.3725008335073,420.69722994557196,3497.303033939503,1016.8475495214086,cam_2_1690274456_03-40-56.jpg
24,16,2150.116344878126,150.50055913906783,2370.9489796438306,384.80074730941874,cam_2_1690274456_03-40-56.jpg
24,21,3320.517524127499,222.92140196078694,3524.16300353538,417.55779476478983,cam_2_1690274456_03-40-56.jpg
24,23,3145.018400995977,404.4817969936938,3535.592045032964,664.8989495639603,cam_2_1690274456_03-40-56.jpg
24,27,1729.2111312166,225.95474685790717,2271.9403429282074,693.3360607603482,cam_2_1690274456_03-40-56.jpg
24,40,2866.8426017191746,214.75232218207339,3140.9886210304708,427.90129337703695,cam_2_1690274456_03-40-56.jpg
24,42,2618.6189576453503,129.3786369646367,2763.0807842241957,322.65968613888697,cam_2_1690274456_03-40-56.jpg
25,1,2481.219158627309,565.5407659010382,3001.806144634631,929.293879183763,cam_2_1690274501_03-41-41.jpg
25,6,2814.489994462447,425.71514969837807,3510.2523558839002,1022.335851005681,cam_2_1690274501_03-41-41.jpg
25,16,2150.35479090967,152.14932095701067,2374.58324052455,385.6435981948158,cam_2_1690274501_03-41-41.jpg
25,21,3311.206402587632,219.12367422398017,3523.2040544626534,416.8720579747933,cam_2_1690274501_03-41-41.jpg
25,23,3150.5572522024645,404.75495081632437,3539.590826107214,663.9838097839668,cam_2_1690274501_03-41-41.jpg
25,27,1740.0855725377514,226.30112985036223,2275.2565494442188,689.2027879430993,cam_2_1690274501_03-41-41.jpg
25,40,2871.1984949797975,214.0246901668603,3145.83911421407,426.0312036213912,cam_2_1690274501_03-41-41.jpg
25,42,2614.5207546498814,130.21000217142438,2760.1777838673656,324.6918143821565,cam_2_1690274501_03-41-41.jpg
25,44,2238.4553333093027,445.782589131097,2659.4213530730085,671.5193549837402,cam_2_1690274501_03-41-41.jpg
26,1,2490.115306398814,578.3914859818535,2997.149140810053,929.485529285204,cam_2_1690274546_03-42-26.jpg
26,6,2825.854909542427,428.5688895048972,3516.5140980905917,1018.3757286704858,cam_2_1690274546_03-42-26.jpg
26,16,2147.142573055341,152.36985649986923,2375.828222989889,386.90116594241306,cam_2_1690274546_03-42-26.jpg
26,21,3313.2471825923794,220.1760106077719,3528.7353449061925,416.58778477492467,cam_2_1690274546_03-42-26.jpg
26,23,3155.1027151028084,408.78770415737284,3534.80630975067,661.3848185320068,cam_2_1690274546_03-42-26.jpg
26,27,1749.1762948367439,225.76678313862098,2281.597344156153,687.6926504935159,cam_2_1690274546_03-42-26.jpg
26,40,2869.2234860171966,214.71202205207442,3147.688604039893,427.6886649562724,cam_2_1690274546_03-42-26.jpg
26,42,2623.399049436731,132.96586221041287,2769.4724595386824,327.3462387468951,cam_2_1690274546_03-42-26.jpg
26,44,2250.622411541968,444.9873122374963,2677.0382815054445,672.3662140886859,cam_2_1690274546_03-42-26.jpg
26,46,2743.9054667224295,136.31453159627642,2852.7913407798087,310.6801317699063,cam_2_1690274546_03-42-26.jpg
26,47,2710.5125235363525,135.22304568276584,2848.466189854012,319.77544760701915,cam_2_1690274546_03-42-26.jpg
26,48,1865.057266386695,166.65676003961488,2001.7854435900242,316.6220436429995,cam_2_1690274546_03-42-26.jpg
27,6,2827.2615714093727,427.2590327018335,3522.0701378730982,1021.1341223189045,cam_2_1690274606_03-43-26.jpg
27,8,2503.316467122064,621.8417882778031,2996.2376921467776,926.7589432061428,cam_2_1690274606_03-43-26.jpg
27,13,2617.89558514379,134.52181300051143,2779.2979027315305,286.35217509972074,cam_2_1690274606_03-43-26.jpg
27,16,2161.3430325215454,148.7090487214766,2383.6422386679765,368.10910319316304,cam_2_1690274606_03-43-26.jpg
27,21,3310.2654327847476,222.32018358959226,3527.6377702391756,418.23205081467415,cam_2_1690274606_03-43-26.jpg
27,23,3154.650807493918,412.1427266116095,3539.1560521475317,667.0661373823415,cam_2_1690274606_03-43-26.jpg
27,27,1754.958532160827,229.91787112098086,2283.8573037460005,688.7893004192218,cam_2_1690274606_03-43-26.jpg
27,40,2863.907160709561,215.7392122803558,3138.9127071696917,424.3031374497781,cam_2_1690274606_03-43-26.jpg
27,42,2624.987280869695,133.03805329599203,2744.144411052223,289.77015126007484,cam_2_1690274606_03-43-26.jpg
27,46,2749.458725311588,137.81105975337732,2852.703068754365,303.1373311505681,cam_2_1690274606_03-43-26.jpg
27,48,1859.217191453151,169.86309660791795,1999.58240167838,323.0555275855669,cam_2_1690274606_03-43-26.jpg
28,6,2821.8542054765167,423.69724171937673,3523.242347740865,1023.8536171190765,cam_2_1690274666_03-44-26.jpg
28,8,2491.415694562104,619.2586939154835,2996.633510369536,929.1751036311573,cam_2_1690274666_03-44-26.jpg
28,13,2650.5860361531086,133.32630285063954,2807.3255755786167,285.43469471757237,cam_2_1690274666_03-44-26.jpg
28,16,2168.0207877119065,147.99375587980924,2376.286093746448,341.65767563855206,cam_2_1690274666_03-44-26.jpg
28,21,3302.614851507169,221.80244706234384,3523.0121965449566,416.2869147926168,cam_2_1690274666_03-44-26.jpg
28,23,3144.964639486542,409.5140279428835,3536.902494988807,669.0686014806299,cam_2_1690274666_03-44-26.jpg
28,27,1755.194907366205,230.9795232385363,2286.08740096499,692.9655237269072,cam_2_1690274666_03-44-26.jpg
28,40,2864.888450991833,215.83562900193976,3140.1013608662506,421.9557440640158,cam_2_1690274666_03-44-26.jpg
28,42,2628.7304196804585,134.5970571583727,2742.317509974997,282.16326083522534,cam_2_1690274666_03-44-26.jpg
28,46,2748.9690629492693,135.88685060868525,2850.4114833398453,298.30558539916035,cam_2_1690274666_03-44-26.jpg
28,48,1815.0979171248669,178.58477870147578,1969.5143009466585,343.11916271768644,cam_2_1690274666_03-44-26.jpg
29,6,2827.874306746231,427.05976762416606,3519.786119640758,1019.6169971434482,cam_2_1690274711_03-45-11.jpg
29,8,2476.2037304779587,611.8370204571877,2997.8415175451837,929.8729571413528,cam_2_1690274711_03-45-11.jpg
29,16,2173.9436100431562,151.44310388502868,2377.9295418815877,335.0216455500232,cam_2_1690274711_03-45-11.jpg
29,21,3303.876564527136,221.58119498949617,3528.2809019046413,415.1212038612069,cam_2_1690274711_03-45-11.jpg
29,23,3147.1527652905893,409.49885113857306,3534.995415244013,666.3626793725779,cam_2_1690274711_03-45-11.jpg
29,27,1751.2430059301278,232.84193892649714,2280.368573037913,692.0824304054671,cam_2_1690274711_03-45-11.jpg
29,40,2864.6981569748295,215.32401892790944,3146.244945061363,423.3600304448754,cam_2_1690274711_03-45-11.jpg
29,42,2645.446621352522,131.02283237368624,2765.3233184876526,286.98930390129567,cam_2_1690274711_03-45-11.jpg
29,46,2753.613631222543,133.56875658013394,2858.73221620904,302.0595236057901,cam_2_1690274711_03-45-11.jpg
29,48,1794.7420747881556,174.6789982595988,1947.0870765509728,331.8287668591157,cam_2_1690274711_03-45-11.jpg
29,52,3536.760655712223,453.12061409421597,3930.2233164280065,863.7292212770298,cam_2_1690274711_03-45-11.jpg
29,53,2560.8957591820063,230.43789237894924,2914.7172523429867,456.25168008877887,cam_2_1690274711_03-45-11.jpg
29,54,2093.819348190933,217.9400721165307,2460.6868213757725,522.8042618201991,cam_2_1690274711_03-45-11.jpg
30,6,2825.116018262454,430.5186523823948,3516.7180787604443,1022.2980759439554,cam_2_1690274726_03-45-26.jpg
30,8,2471.5644930627413,612.7792957208485,2997.605428179702,931.3332501791255,cam_2_1690274726_03-45-26.jpg
30,16,2174.8820567274724,152.2210803963148,2383.484369208012,333.88988955249,cam_2_1690274726_03-45-26.jpg
30,21,3298.4295475638946,222.30379649254942,3524.6659773012807,414.49620524880163,cam_2_1690274726_03-45-26.jpg
30,23,3148.07571773139,410.2329289135539,3535.745864447655,666.9548619616878,cam_2_1690274726_03-45-26.jpg
30,27,1750.6713773904935,231.45154639119954,2282.414327248236,695.9294762303989,cam_2_1690274726_03-45-26.jpg
30,40,2871.8034984736883,216.52233432589296,3153.0305120581406,421.952596577363,cam_2_1690274726_03-45-26.jpg
30,42,2649.3673767059395,128.8658400273227,2768.447710712297,283.4059256935872,cam_2_1690274726_03-45-26.jpg
30,44,2401.9808529151705,433.04536597259835,2798.4257071848447,644.7210589463277,cam_2_1690274726_03-45-26.jpg
30,46,2760.692633161423,132.2954364913385,2867.9707420119385,303.73834507645586,cam_2_1690274726_03-45-26.jpg
30,48,1786.484358232609,170.5810591140505,1949.5094241345696,334.2896600885581,cam_2_1690274726_03-45-26.jpg
30,52,3545.9207190482803,456.90928304781875,3942.5260375365174,875.2195893659539,cam_2_1690274726_03-45-26.jpg
30,53,2562.2638892187306,230.4782428190646,2915.6733511849025,455.5115635965891,cam_2_1690274726_03-45-26.jpg
30,54,2072.7863274800256,219.13973867350313,2410.8758196889385,496.88327367639437,cam_2_1690274726_03-45-26.jpg
31,6,2790.7127588815542,424.6413133275679,3470.871575564299,1008.6403087794464,cam_2_1690274786_03-46-26.jpg
31,8,2463.777463094879,600.9060023986776,3010.2451566537193,932.0042121998655,cam_2_1690274786_03-46-26.jpg
31,16,2158.6836974178846,155.795895089488,2359.140124064091,323.6499373489602,cam_2_1690274786_03-46-26.jpg
31,21,3296.016683087806,224.6564837876373,3526.695809635567,417.95428612238584,cam_2_1690274786_03-46-26.jpg
31,23,3140.328999830088,406.0711874099273,3542.2348975712775,672.6205065232116,cam_2_1690274786_03-46-26.jpg
31,27,1743.7141866385869,229.90393368508535,2275.559200075424,694.2150621343418,cam_2_1690274786_03-46-26.jpg
31,40,2840.0743802155025,213.25467860109865,3118.088907636833,417.45815151335455,cam_2_1690274786_03-46-26.jpg
31,44,2401.7549646400507,428.64970005749325,2789.858809086908,636.275352472715,cam_2_1690274786_03-46-26.jpg
31,46,2765.6081109310567,135.07474107412685,2874.032581000072,306.9717038368261,cam_2_1690274786_03-46-26.jpg
31,47,2636.8199445966397,127.60469646526164,2783.861470260185,323.36494814486866,cam_2_1690274786_03-46-26.jpg
31,52,3598.8371255455236,534.6666458474482,4055.853246857901,1023.0459551746637,cam_2_1690274786_03-46-26.jpg
31,54,1992.7071920523802,217.67940303131797,2374.185026989822,534.0380253162524,cam_2_1690274786_03-46-26.jpg
32,6,2839.9270986342917,430.32919252681165,3526.32670490597,1025.2481916901884,cam_2_1690274891_03-48-11.jpg
32,8,2438.0468375152536,585.8436181724417,3008.5635702366835,931.7351865818298,cam_2_1690274891_03-48-11.jpg
32,21,3278.133155774809,221.32372478510393,3516.5698569736833,418.5877884516516,cam_2_1690274891_03-48-11.jpg
32,23,3151.3689026687152,403.83672298952763,3538.146942331893,660.0381860789087,cam_2_1690274891_03-48-11.jpg
32,25,897.013171110364,364.03455228110045,1379.1367239808515,1059.9873536947016,cam_2_1690274891_03-48-11.jpg
32,27,1745.9440495394133,225.42187965691633,2275.197922821664,692.7670089343567,cam_2_1690274891_03-48-11.jpg
32,33,2544.6046412272444,143.91103239330158,2705.894777150052,343.2155369501188,cam_2_1690274891_03-48-11.jpg
32,40,2853.117386685412,215.65185740467996,3138.79453308513,423.3293334465976,cam_2_1690274891_03-48-11.jpg
32,44,2398.397757962755,422.90763693417216,2795.0816214247902,634.7079338297451,cam_2_1690274891_03-48-11.jpg
32,46,2779.2001790211702,136.73831165846724,2887.5644021579565,307.0021615456184,cam_2_1690274891_03-48-11.jpg
32,47,2657.204967854452,133.76491630702498,2797.283288580086,322.77395196891615,cam_2_1690274891_03-48-11.jpg
32,52,3540.627505542248,614.4804714733899,4050.2122921427444,1161.701349217028,cam_2_1690274891_03-48-11.jpg
33,6,2821.660871417908,421.3003638798737,3509.22061161824,1029.2218696626883,cam_2_1690274921_03-48-41.jpg
33,8,2426.9711406052566,578.1040177527365,3007.330396368902,929.5169870783287,cam_2_1690274921_03-48-41.jpg
33,21,3272.3398157522106,221.206549374861,3511.6528605173908,417.63748143535224,cam_2_1690274921_03-48-41.jpg
33,23,3150.0674359676427,402.6463515446367,3510.8645977864176,641.1667709368726,cam_2_1690274921_03-48-41.jpg
33,25,914.0070612362344,367.6778655836465,1405.0687077434611,1066.9601883184296,cam_2_1690274921_03-48-41.jpg
33,27,1755.932197312608,222.8471415433584,2283.835820909251,688.9174090832892,cam_2_1690274921_03-48-41.jpg
33,33,2551.8262848470317,143.9254167804972,2710.86295847705,343.13309888033723,cam_2_1690274921_03-48-41.jpg
33,40,2848.8326167288137,213.7785248518947,3134.4277380724666,417.73577865585446,cam_2_1690274921_03-48-41.jpg
33,44,2398.0887482899752,420.1687674421385,2799.9453179677257,634.2977860468413,cam_2_1690274921_03-48-41.jpg
33,46,2785.2140515005226,134.6542511794667,2889.225633320558,294.4079904066083,cam_2_1690274921_03-48-41.jpg
33,47,2667.885214464405,135.52592802311867,2803.564530320828,321.38537432826513,cam_2_1690274921_03-48-41.jpg
33,56,2056.062089005396,146.90216069662716,2472.958016455873,389.63811493157834,cam_2_1690274921_03-48-41.jpg
34,1,2466.132893454509,543.0953269203937,3021.4476414678693,930.5870309581339,cam_2_1690275056_03-50-56.jpg
34,6,2832.9337110130136,443.9797994506571,3326.8261316797134,877.3483182588545,cam_2_1690275056_03-50-56.jpg
34,15,2732.600840028176,127.08961517369728,2858.067596629312,304.3059140555343,cam_2_1690275056_03-50-56.jpg
34,21,3297.397270728512,227.8212700416512,3512.284316567441,381.848305931788,cam_2_1690275056_03-50-56.jpg
34,23,3143.983933784662,363.4244558024998,3574.5492428208995,642.7866670978109,cam_2_1690275056_03-50-56.jpg
34,27,1757.2734564009866,222.00255642413714,2285.3257026973724,688.7172993413778,cam_2_1690275056_03-50-56.jpg
34,33,2520.529355815068,141.59070965544,2689.119214309015,342.04580398382825,cam_2_1690275056_03-50-56.jpg
34,40,2847.767527236174,215.436249370462,3121.5203892734107,408.14356226924656,cam_2_1690275056_03-50-56.jpg
34,44,2387.8180175036678,413.02672286095475,2807.9594430854927,635.2484444866637,cam_2_1690275056_03-50-56.jpg
34,46,2788.5603660222405,129.13782061516417,2891.6688618352573,282.93206720974695,cam_2_1690275056_03-50-56.jpg
34,47,2683.504238778411,134.96740450340153,2814.669925448229,316.8206977163511,cam_2_1690275056_03-50-56.jpg
34,56,2094.253998219295,144.98292506265,2515.9100893400696,394.59152604524866,cam_2_1690275056_03-50-56.jpg
35,1,2467.5673556870815,541.9513186833763,3021.413562538245,930.9854787532066,cam_2_1690275116_03-51-56.jpg
35,6,2835.126144325819,450.18107485924077,3249.955348724615,812.4630231435787,cam_2_1690275116_03-51-56.jpg
35,11,3143.287236062861,348.880676199505,3723.8020440764717,724.3765062300681,cam_2_1690275116_03-51-56.jpg
35,21,3308.838920783407,223.5572851782534,3527.091610151079,375.15139011156646,cam_2_1690275116_03-51-56.jpg
35,27,1753.189815193545,221.4531538088859,2282.2315185382895,691.4757003874755,cam_2_1690275116_03-51-56.jpg
35,28,2553.2115492553517,137.65672234146894,2668.434398131769,323.4925406497007,cam_2_1690275116_03-51-56.jpg
35,33,2549.7988325060232,138.38087184462267,2704.8187035221176,324.6066667189016,cam_2_1690275116_03-51-56.jpg
35,40,2858.4160274002998,215.04994716816634,3119.9403549414274,397.311531908809,cam_2_1690275116_03-51-56.jpg
35,44,2390.4100875397826,413.3641602489076,2815.35917027934,637.1444490689323,cam_2_1690275116_03-51-56.jpg
35,46,2791.7487336775644,130.1508902263912,2904.2227336011047,296.40426572748663,cam_2_1690275116_03-51-56.jpg
35,47,2690.936569864636,130.98894177231332,2821.1514949247676,314.3019398871287,cam_2_1690275116_03-51-56.jpg
35,56,2102.3842671180905,145.20752318368375,2519.626077777553,397.5676420386818,cam_2_1690275116_03-51-56.jpg
36,1,2471.9326852784993,542.3803195528161,3022.9164234283066,931.510253227178,cam_2_1690275131_03-52-11.jpg
36,6,2835.182664222605,454.1345389790622,3227.5456796212206,795.4750877319536,cam_2_1690275131_03-52-11.jpg
36,11,3146.2618589776694,351.09814725093656,3709.0414170176864,718.1186457997981,cam_2_1690275131_03-52-11.jpg
36,21,3316.2536492266127,224.50791337432972,3543.7664734891446,375.0804924729189,cam_2_1690275131_03-52-11.jpg
36,27,1758.2428541700187,222.38251212575202,2285.428304319133,693.3000437865129,cam_2_1690275131_03-52-11.jpg
36,28,2553.8699301998263,136.10813665547857,2675.0630790667915,323.0459315256594,cam_2_1690275131_03-52-11.jpg
36,29,2504.9906159225775,140.0262552223164,2652.897174183338,343.72493832983866,cam_2_1690275131_03-52-11.jpg
36,33,2571.4031751016796,132.31883400942024,2720.497168896251,316.1747232727913,cam_2_1690275131_03-52-11.jpg
36,40,2856.227249757947,213.72192698720448,3124.4693077277293,399.727946365819,cam_2_1690275131_03-52-11.jpg
36,44,2382.1358057769057,413.60925910436197,2808.79161168802,637.5549853746885,cam_2_1690275131_03-52-11.jpg
36,46,2802.7629780026728,129.3100516838713,2914.18071757388,293.2360687511331,cam_2_1690275131_03-52-11.jpg
36,47,2688.990372152216,130.31535850644093,2818.6702638594234,313.03234711001164,cam_2_1690275131_03-52-11.jpg
36,56,2118.904561450778,146.79942760992878,2531.069028941543,400.9643515152105,cam_2_1690275131_03-52-11.jpg
36,60,442.5662037026695,200.06762261561298,850.3568699554808,666.1510499383246,cam_2_1690275131_03-52-11.jpg
37,1,2473.084688623299,543.1282117370334,3021.3343186961015,931.8667068377777,cam_2_1690275146_03-52-26.jpg
37,6,2833.972762368005,451.86359870505873,3224.2914104923143,790.5992213804426,cam_2_1690275146_03-52-26.jpg
37,11,3147.951154033255,360.3271995249786,3694.065663361107,714.8266658892585,cam_2_1690275146_03-52-26.jpg
37,21,3337.233657168972,228.20744224657625,3595.8959711266625,390.6896193508153,cam_2_1690275146_03-52-26.jpg
37,27,1759.669333059303,221.9063751475946,2283.7758223750775,690.3804038863636,cam_2_1690275146_03-52-26.jpg
37,29,2500.9681376377303,140.75064702152025,2653.2258836055853,342.1441791451464,cam_2_1690275146_03-52-26.jpg
37,33,2576.2534002541342,134.2172087622316,2720.2807100365867,314.3250802932765,cam_2_1690275146_03-52-26.jpg
37,40,2851.8220368373395,214.33891731826637,3111.6403496961047,393.6814664862468,cam_2_1690275146_03-52-26.jpg
37,44,2392.7999069164607,413.67054826127065,2816.122059143315,634.7906156275994,cam_2_1690275146_03-52-26.jpg
37,46,2806.236867270907,129.09227218017006,2917.036252413486,291.02175173260673,cam_2_1690275146_03-52-26.jpg
37,47,2693.2767286329477,131.71544669362908,2820.2132008829253,312.188650634272,cam_2_1690275146_03-52-26.jpg
37,56,2131.459055053439,146.63201796438983,2526.0769625407206,395.2655346028531,cam_2_1690275146_03-52-26.jpg
37,60,445.862292710785,198.20066089809222,854.7235092154315,665.7593182191267,cam_2_1690275146_03-52-26.jpg
37,61,2400.0171064036476,137.2702437829621,2656.0051863931785,351.99958898697696,cam_2_1690275146_03-52-26.jpg
38,1,2474.3337525460706,540.3293477061923,3023.975195199252,932.5554640343125,cam_2_1690275266_03-54-26.jpg
38,6,2838.7621834996808,450.2963372996728,3230.416948631149,789.2972576646143,cam_2_1690275266_03-54-26.jpg
38,11,3168.8628029373554,361.6332356291892,3737.866274012391,728.3727506016949,cam_2_1690275266_03-54-26.jpg
38,13,2760.1588509423627,128.95885269436317,2916.7073689819144,279.0109821449505,cam_2_1690275266_03-54-26.jpg
38,21,3280.682865962645,222.42061608125238,3530.4057215830535,375.6224256136371,cam_2_1690275266_03-54-26.jpg
38,27,1759.0211086367817,223.20111286461255,2280.2640938070067,691.4982710357733,cam_2_1690275266_03-54-26.jpg
38,33,2562.111020492276,137.16760642186262,2709.9156913805614,317.82388860362187,cam_2_1690275266_03-54-26.jpg
38,40,2857.5395718078034,214.22979585888055,3131.9147895717233,400.7210957598023,cam_2_1690275266_03-54-26.jpg
38,44,2389.9424106516026,413.1580618953916,2818.741141920174,636.2374143985203,cam_2_1690275266_03-54-26.jpg
38,47,2697.9596931954075,127.6349039599856,2827.436356264312,313.4193167570577,cam_2_1690275266_03-54-26.jpg
38,56,2084.775977728716,146.57690202273727,2471.6878625660097,397.57402723734435,cam_2_1690275266_03-54-26.jpg
38,61,2396.9011867311538,139.98808107890187,2631.9087808898294,338.09575634846954,cam_2_1690275266_03-54-26.jpg
39,1,2477.847618509736,540.1833659262359,3023.9057308009005,931.9153975046738,cam_2_1690275296_03-54-56.jpg
39,6,2835.9254547484265,449.745295241607,3229.3197790516842,789.8438477767047,cam_2_1690275296_03-54-56.jpg
39,11,3179.9807667348678,370.1245272147076,3727.4393625453927,721.439197274658,cam_2_1690275296_03-54-56.jpg
39,13,2758.4604541217623,129.11672208519764,2919.9751224294264,285.0940296391453,cam_2_1690275296_03-54-56.jpg
39,21,3292.0958560003482,225.92692670610285,3551.9784180679017,376.460353236838,cam_2_1690275296_03-54-56.jpg
39,27,1756.5831413037433,223.34764769061425,2276.084317720114,689.0248739931039,cam_2_1690275296_03-54-56.jpg
39,28,2630.2832594508195,128.9313793823468,2751.85542560036,313.8157259432653,cam_2_1690275296_03-54-56.jpg
39,40,2855.601554831796,213.8270415399436,3133.5763000610723,400.129003913332,cam_2_1690275296_03-54-56.jpg
39,42,2609.1492275839732,129.25671630736667,2748.6188495900947,316.94249512784995,cam_2_1690275296_03-54-56.jpg
39,44,2385.435452555843,414.09631030330485,2816.4950338310014,638.2712282537143,cam_2_1690275296_03-54-56.jpg
39,47,2691.5159944177108,128.59380928724335,2817.8445424564293,310.0495918925121,cam_2_1690275296_03-54-56.jpg
39,56,2073.907414651205,145.5108020317698,2449.513573737694,397.233096711397,cam_2_1690275296_03-54-56.jpg
39,61,2394.6341811162,137.51923678756538,2631.551901588973,337.5798689022656,cam_2_1690275296_03-54-56.jpg
40,1,2477.997973492175,537.9791381076797,3025.7016137649166,932.7959771830778,cam_2_1690275341_03-55-41.jpg
40,6,2835.406343912127,452.64807334046156,3228.835858009089,791.6431564737879,cam_2_1690275341_03-55-41.jpg
40,11,3166.2164325131625,359.4270812482829,3728.2068039847054,720.125203692025,cam_2_1690275341_03-55-41.jpg
40,13,2761.1489532688875,129.13737104246712,2923.353922625668,286.5968869391162,cam_2_1690275341_03-55-41.jpg
40,21,3279.0644545360974,227.6033370459724,3550.3278527315497,378.08675036714146,cam_2_1690275341_03-55-41.jpg
40,27,1757.0351332794523,221.79380492344592,2280.3705177201105,690.9868042498019,cam_2_1690275341_03-55-41.jpg
40,28,2659.2259529146677,128.48501742107447,2786.9174053001166,316.46321002401646,cam_2_1690275341_03-55-41.jpg
40,40,2858.2596188191146,214.08169964485006,3134.692528294131,397.09163880733877,cam_2_1690275341_03-55-41.jpg
40,42,2609.5996482086116,132.60966197906197,2747.784017264176,322.7630387471585,cam_2_1690275341_03-55-41.jpg
40,44,2382.0103943936324,415.5091833561215,2813.4616361316325,639.393473222013,cam_2_1690275341_03-55-41.jpg
40,47,2698.245941618867,129.75785798374866,2823.0952748831874,309.25851007106246,cam_2_1690275341_03-55-41.jpg
40,56,2072.3445196868906,144.97913170704336,2436.5593290423462,396.87696416517474,cam_2_1690275341_03-55-41.jpg
40,61,2389.2966382660425,135.57677066217315,2628.0858467815638,337.30460685575736,cam_2_1690275341_03-55-41.jpg
40,62,2286.1465365998993,138.88553864322546,2487.038026287294,362.15652984414737,cam_2_1690275341_03-55-41.jpg
41,1,2480.198265492661,541.586202617296,3022.0530265653597,932.057408907471,cam_2_1690275416_03-56-56.jpg
41,6,2833.367921560217,448.29706753821466,3232.6496340524927,792.474930475988,cam_2_1690275416_03-56-56.jpg
41,11,3163.8975719404716,357.57203774617335,3727.3868796046213,718.1834520747589,cam_2_1690275416_03-56-56.jpg
41,13,2768.362069953455,125.82337446214498,2922.369519374112,272.23100950405046,cam_2_1690275416_03-56-56.jpg
41,21,3258.0278291777604,226.57122059386975,3539.9342295257984,375.193181021451,cam_2_1690275416_03-56-56.jpg
41,27,1761.779250609436,223.97919641969975,2282.3670375506945,690.0468614696429,cam_2_1690275416_03-56-56.jpg
41,28,2669.021886062756,127.13683626681441,2798.529695780347,315.5263103618214,cam_2_1690275416_03-56-56.jpg
41,40,2849.1433032536916,211.47536906058946,3125.1903195245286,392.6679225185966,cam_2_1690275416_03-56-56.jpg
41,42,2621.328426421249,132.95970183881496,2759.9478806104767,327.5257163371575,cam_2_1690275416_03-56-56.jpg
41,44,2377.950122763377,418.34610578973127,2807.0228619529425,640.523340090261,cam_2_1690275416_03-56-56.jpg
41,47,2694.6901253124447,126.71876855085766,2825.7650820150793,310.6671086424306,cam_2_1690275416_03-56-56.jpg
41,56,2065.916585179646,144.73443057873192,2426.1210231469504,400.6120079984903,cam_2_1690275416_03-56-56.jpg
41,61,2387.0359959288417,136.14472617851692,2627.19363565715,340.3295343989416,cam_2_1690275416_03-56-56.jpg
41,62,2283.64386399415,141.93807204097675,2484.6566846280894,365.601231849678,cam_2_1690275416_03-56-56.jpg
42,1,2480.201104892768,542.7462981430197,3019.5216555551924,931.8564853808888,cam_2_1690275446_03-57-26.jpg
42,6,2834.035790471875,450.3883841935491,3232.9954759455127,793.6880807529288,cam_2_1690275446_03-57-26.jpg
42,11,3155.35461913119,350.86331562053795,3733.955546036489,722.0719939017264,cam_2_1690275446_03-57-26.jpg
42,13,2738.1813610403183,124.37508106317836,2905.6971078786446,287.79586172925616,cam_2_1690275446_03-57-26.jpg
42,21,3238.2793453277313,224.40573202662407,3540.4321479888767,377.64647367102566,cam_2_1690275446_03-57-26.jpg
42,24,2759.8994216649007,127.17253574404425,2922.620332963913,259.08367598605327,cam_2_1690275446_03-57-26.jpg
42,27,1757.5966152755145,221.44570838115715,2277.2305818816903,688.5066238400624,cam_2_1690275446_03-57-26.jpg
42,40,2845.848390405583,211.6195533102209,3123.198593272724,391.9310865947317,cam_2_1690275446_03-57-26.jpg
42,42,2620.3482205663327,134.14471987795935,2758.04994700452,328.42186646668824,cam_2_1690275446_03-57-26.jpg
42,44,2375.93446048506,413.8134369126213,2812.9029191227446,639.5790736329716,cam_2_1690275446_03-57-26.jpg
42,47,2711.0800815156344,129.94839582113792,2841.9056463605834,313.71993532597446,cam_2_1690275446_03-57-26.jpg
42,56,2070.0171166285254,145.37925085154689,2416.4563302711954,396.57792297394815,cam_2_1690275446_03-57-26.jpg
42,61,2380.16216941257,137.59845263797257,2619.3570011229394,341.39315071312336,cam_2_1690275446_03-57-26.jpg
42,62,2286.260316997362,140.96312563473936,2479.3026083342525,356.6279630275536,cam_2_1690275446_03-57-26.jpg
43,1,2483.436069122219,546.9322076588081,3017.084518396133,932.3918668371934,cam_2_1690275551_03-59-11.jpg
43,6,2837.3456978942872,451.0630305957505,3233.9780482479855,792.1706931332708,cam_2_1690275551_03-59-11.jpg
43,11,3158.701406459234,357.48686348642514,3750.427155345875,736.9249101068001,cam_2_1690275551_03-59-11.jpg
43,21,3236.5421095954293,227.5098945331772,3562.6264892159033,388.5800820260512,cam_2_1690275551_03-59-11.jpg
43,27,1758.0224634047272,221.03623797801123,2278.8887800493503,689.7646529762671,cam_2_1690275551_03-59-11.jpg
43,40,2853.429183458743,212.97975635677992,3130.437195746285,388.1319725132265,cam_2_1690275551_03-59-11.jpg
43,42,2631.34606909079,136.74059749739322,2771.7822444533585,338.9228491377984,cam_2_1690275551_03-59-11.jpg
43,44,2369.325284353779,412.44328942507514,2809.8105597917315,640.0663353353029,cam_2_1690275551_03-59-11.jpg
43,47,2735.9088606210144,131.8718264552581,2870.5171128514216,316.973402766427,cam_2_1690275551_03-59-11.jpg
43,56,1967.9164299165018,146.14408269485259,2326.3521703491656,407.34073746273566,cam_2_1690275551_03-59-11.jpg
43,61,2382.0012582316954,138.09797662838565,2612.817909284112,337.43414731431017,cam_2_1690275551_03-59-11.jpg
43,62,2269.798423509311,141.27243210270214,2479.3254989843963,375.0988680266639,cam_2_1690275551_03-59-11.jpg
44,1,2482.620568862677,546.3234496540592,3016.2661832601357,932.1310260134961,cam_2_1690275566_03-59-26.jpg
44,6,2837.545893385014,453.5789827797644,3233.6802902054,793.8255711878539,cam_2_1690275566_03-59-26.jpg
44,11,3158.772576292644,359.6786063428189,3756.0365972300738,742.5231179087396,cam_2_1690275566_03-59-26.jpg
44,13,2748.07136921939,126.14643399663547,2915.361037910264,288.9955940722657,cam_2_1690275566_03-59-26.jpg
44,21,3215.466755773645,224.16158585754388,3557.000453060748,389.9535327680792,cam_2_1690275566_03-59-26.jpg
44,27,1760.2248123208296,222.82447689786068,2278.0740171009793,687.3779744450034,cam_2_1690275566_03-59-26.jpg
44,40,2860.8323182201034,213.970354589194,3138.540405664203,385.03958903375485,cam_2_1690275566_03-59-26.jpg
44,42,2635.748435950126,140.43223146112882,2770.802342336074,337.19555092062257,cam_2_1690275566_03-59-26.jpg
44,44,2361.4481367655203,410.09061832541096,2809.7167179618145,641.8291707754063,cam_2_1690275566_03-59-26.jpg
44,47,2737.9486950031437,133.31125378483705,2870.4267953262356,316.1839199876875,cam_2_1690275566_03-59-26.jpg
44,56,1920.8711138237936,149.12038277278495,2288.1996258681943,419.51371467129354,cam_2_1690275566_03-59-26.jpg
44,61,2380.683387707033,139.31950789389666,2604.305471338483,335.59751902025357,cam_2_1690275566_03-59-26.jpg
44,62,2265.070104219549,141.00399152956805,2481.487074859757,381.92453491370213,cam_2_1690275566_03-59-26.jpg
45,1,2484.080533413946,547.5222545529539,3015.2315841447294,931.6644325127406,cam_2_1690275611_04-00-11.jpg
45,6,2837.4238365102538,454.28832425089877,3233.523838679555,794.6103420905076,cam_2_1690275611_04-00-11.jpg
45,11,3162.4178138014704,360.10845841421633,3759.3890714300883,743.0723248444122,cam_2_1690275611_04-00-11.jpg
45,21,3219.284484940004,226.97126439204135,3569.2950778254276,393.43416362789037,cam_2_1690275611_04-00-11.jpg
45,27,1753.5334735790248,224.02741161213288,2273.711173406173,691.7655134048389,cam_2_1690275611_04-00-11.jpg
45,33,2626.254959720621,125.18513570347098,2785.324489613263,324.3490289171262,cam_2_1690275611_04-00-11.jpg
45,40,2859.61843238311,214.00835006073913,3143.536232990354,384.8185598661289,cam_2_1690275611_04-00-11.jpg
45,42,2642.5378269237985,142.13222128858314,2781.0204602639956,348.13701435546045,cam_2_1690275611_04-00-11.jpg
45,44,2361.690360196436,410.3343934117565,2809.7429706278053,641.5015864217364,cam_2_1690275611_04-00-11.jpg
45,47,2742.798457028237,128.60979051991785,2880.051390989571,315.2700179207023,cam_2_1690275611_04-00-11.jpg
45,56,1901.1673267259607,151.82807612959002,2275.255233439732,428.5586968844028,cam_2_1690275611_04-00-11.jpg
45,61,2368.359829051065,140.38130241261473,2593.639702533073,339.79797915662994,cam_2_1690275611_04-00-11.jpg
45,62,2253.147126257739,144.9666191933954,2467.147489399931,384.9477394844887,cam_2_1690275611_04-00-11.jpg
46,1,2484.0415258281787,546.0105339398293,3016.022632359506,931.0432789586223,cam_2_1690275626_04-00-26.jpg
46,6,2836.4340550962934,453.2059672508755,3234.1778045467154,794.8301457111313,cam_2_1690275626_04-00-26.jpg
46,11,3160.008120339619,358.8050178472863,3763.978498527514,745.9048527234252,cam_2_1690275626_04-00-26.jpg
46,21,3212.1910115961527,226.48416650069177,3569.14464634523,393.0256796662021,cam_2_1690275626_04-00-26.jpg
46,27,1756.456715084838,225.37895714213778,2273.9302348247056,689.0048475357761,cam_2_1690275626_04-00-26.jpg
46,40,2863.030847270245,215.1716607184485,3152.1409933752157,384.82493495974643,cam_2_1690275626_04-00-26.jpg
46,42,2669.0202997453684,140.8351870356129,2810.4044150010236,347.31385829073383,cam_2_1690275626_04-00-26.jpg
46,44,2367.6817597021673,412.6548127921185,2810.4722063392037,640.0828921866091,cam_2_1690275626_04-00-26.jpg
46,56,1892.2266362411387,151.749952413228,2270.750757925229,432.3948690801759,cam_2_1690275626_04-00-26.jpg
46,61,2382.3193518045323,140.11455454092996,2619.2970230498436,351.0115092933671,cam_2_1690275626_04-00-26.jpg
46,62,2247.793043884926,143.3287822568174,2461.882842603049,386.24783673504044,cam_2_1690275626_04-00-26.jpg
47,1,2484.9034936333064,547.0822865323041,3016.2903081072513,931.9288747488978,cam_2_1690275656_04-00-56.jpg
47,6,2836.2661493177284,453.60962814044694,3233.3467336860504,794.4257050470171,cam_2_1690275656_04-00-56.jpg
47,11,3161.928781832811,359.1759221808072,3759.820239805748,741.4012550725979,cam_2_1690275656_04-00-56.jpg
47,21,3187.63247467498,218.78492180922962,3541.8816555558556,383.1878301683041,cam_2_1690275656_04-00-56.jpg
47,27,1757.1434538853864,223.73865032589865,2274.7445008101004,687.0885707898377,cam_2_1690275656_04-00-56.jpg
47,29,2430.9309176982947,136.854272464878,2582.627116095809,341.4701775412128,cam_2_1690275656_04-00-56.jpg
47,40,2849.163764260076,214.34110082256115,3139.9104664840934,382.08640645071415,cam_2_1690275656_04-00-56.jpg
47,42,2676.6684659776515,131.0394336433112,2825.790358157655,332.01793980465993,cam_2_1690275656_04-00-56.jpg
47,44,2372.0338347222664,412.8943585283219,2812.4011232329667,638.7689294331092,cam_2_1690275656_04-00-56.jpg
47,56,1892.7949161759186,152.50438324005123,2270.724889174011,433.93667580206056,cam_2_1690275656_04-00-56.jpg
47,62,2248.6880274887344,145.06488256702568,2459.6089960606214,385.0435119308514,cam_2_1690275656_04-00-56.jpg
48,1,2484.3303880136264,546.4765583651874,3015.7551726141974,931.4454236800906,cam_2_1690275731_04-02-11.jpg
48,6,2836.8995307561668,454.9144257290905,3233.404989271699,794.4746212614125,cam_2_1690275731_04-02-11.jpg
48,11,3162.1039421081964,360.90378625564955,3762.8778503989543,744.2819808376232,cam_2_1690275731_04-02-11.jpg
48,21,3180.850742398621,215.51286927273912,3549.205823112505,385.33360547550615,cam_2_1690275731_04-02-11.jpg
48,27,1763.7446939321385,221.88109793230416,2282.761794472963,687.2011041905018,cam_2_1690275731_04-02-11.jpg
48,29,2435.2638972137097,137.0805790750992,2585.220732644367,342.04744365252134,cam_2_1690275731_04-02-11.jpg
48,40,2845.491100094474,214.5519201178849,3136.097245580475,379.15551831009424,cam_2_1690275731_04-02-11.jpg
48,42,2671.4350077116687,127.00026239632761,2829.48146441028,323.8643319783012,cam_2_1690275731_04-02-11.jpg
48,44,2373.471599511423,412.8197680277588,2814.1536472885014,638.4337313992683,cam_2_1690275731_04-02-11.jpg
48,56,1895.608103234954,152.16747416663966,2267.4053929160846,429.2257357958191,cam_2_1690275731_04-02-11.jpg
48,62,2279.7137836934317,141.25097385872849,2489.4112885839904,381.6455753659543,cam_2_1690275731_04-02-11.jpg
49,1,2480.480975933888,550.055402085073,3011.083038156655,932.8999219442657,cam_2_1690275896_04-04-56.jpg
49,6,2843.344664331372,398.1063825634157,3368.527400927558,846.76817485676,cam_2_1690275896_04-04-56.jpg
49,8,2365.8618394257237,417.40859732582334,2747.785805795553,647.6818314427669,cam_2_1690275896_04-04-56.jpg
49,11,3211.927804537433,368.51661686246973,3795.373111882438,746.8380280141815,cam_2_1690275896_04-04-56.jpg
49,21,3202.053912278089,221.6180257768282,3560.8360784761126,387.73294579320475,cam_2_1690275896_04-04-56.jpg
49,27,1866.3010083309832,397.18344314289016,2268.516744921798,725.6827042088289,cam_2_1690275896_04-04-56.jpg
49,29,2460.6993124362425,137.54107414005358,2606.326323787465,339.761876339776,cam_2_1690275896_04-04-56.jpg
49,40,2871.3541389254365,216.02649332400406,3144.797504554088,363.3281650195935,cam_2_1690275896_04-04-56.jpg
49,42,2671.4787287601257,127.68250352118426,2837.875098190847,322.6274994988238,cam_2_1690275896_04-04-56.jpg
49,62,2224.376519573086,147.09389859294302,2435.2205023368806,388.0597954312457,cam_2_1690275896_04-04-56.jpg
50,1,2486.1419031822693,563.3726057904742,3001.113269983602,931.610906116219,cam_2_1690276031_04-07-11.jpg
50,6,2846.970997102522,378.8405528685124,3421.1185132782225,868.230484420156,cam_2_1690276031_04-07-11.jpg
50,8,2363.7027885344523,417.88636208900914,2741.826738275587,644.9454230748469,cam_2_1690276031_04-07-11.jpg
50,11,3211.490248474781,367.1866525479453,3781.674720363509,739.1437064647912,cam_2_1690276031_04-07-11.jpg
50,27,1896.4874401716515,468.1168104359484,2258.82680616806,744.8587023614479,cam_2_1690276031_04-07-11.jpg
50,29,2485.7560104906975,139.60117163215736,2626.239308031395,338.36203429940724,cam_2_1690276031_04-07-11.jpg
50,40,2870.655938671595,217.37356617821672,3152.8826742993338,362.8798403130811,cam_2_1690276031_04-07-11.jpg
50,42,2682.3416170082623,126.87574234331771,2855.3155095353886,321.65985471969634,cam_2_1690276031_04-07-11.jpg
50,61,2409.6945594285407,144.46331515505125,2635.4858182949442,351.1123594569986,cam_2_1690276031_04-07-11.jpg
50,62,2270.6587972763514,146.77801570556335,2469.063492012091,376.0832195994467,cam_2_1690276031_04-07-11.jpg
51,1,2485.7034282083755,567.9838934548532,2998.2918932524353,931.4111485336412,cam_2_1690276151_04-09-11.jpg
51,6,2886.6206086358443,382.59094520739495,3497.9270559326287,895.9641685633251,cam_2_1690276151_04-09-11.jpg
51,8,2365.8760703670323,417.3876830766478,2740.285200586405,641.4181106607707,cam_2_1690276151_04-09-11.jpg
51,11,3200.2664860217546,364.06856776021505,3770.1733635046958,741.6455043404032,cam_2_1690276151_04-09-11.jpg
51,24,2650.5445993950775,124.78515171220957,2893.1190254864405,318.3888321878634,cam_2_1690276151_04-09-11.jpg
51,27,1890.5728263302587,486.3571084527716,2252.8553274744713,747.2723751739468,cam_2_1690276151_04-09-11.jpg
51,29,2491.212075494561,142.97136938018122,2635.488776146422,345.14131711887285,cam_2_1690276151_04-09-11.jpg
51,40,2877.648728226355,217.38323602265683,3166.521496670805,359.29848440379374,cam_2_1690276151_04-09-11.jpg
51,62,2298.970195146156,141.57123751261756,2503.209586906489,374.43576312556945,cam_2_1690276151_04-09-11.jpg
52,1,2487.1795934910247,572.9166035601551,2995.877893405842,930.3847165381511,cam_2_1690276211_04-10-11.jpg
52,6,2910.201715517154,383.4609938585498,3534.8307314742733,898.7914211119469,cam_2_1690276211_04-10-11.jpg
52,8,2362.7652723754536,416.53899728400916,2738.3525181341806,640.3519841841548,cam_2_1690276211_04-10-11.jpg
52,11,3214.7677156441396,366.0239010029745,3761.537724228011,732.6617656157875,cam_2_1690276211_04-10-11.jpg
52,24,2665.8316389443576,127.94391260936364,2894.302786374545,310.81372168126194,cam_2_1690276211_04-10-11.jpg
52,27,1884.7618605198497,492.175081549528,2249.053427462928,741.5377759233827,cam_2_1690276211_04-10-11.jpg
52,29,2493.5461196186443,143.3390262477235,2640.1142264720006,344.0008370932703,cam_2_1690276211_04-10-11.jpg
52,33,2593.583146944573,137.06130818488418,2744.5761024348576,324.1509644824864,cam_2_1690276211_04-10-11.jpg
52,40,2864.0606448913163,217.3939509484046,3176.606394659074,366.57320851210875,cam_2_1690276211_04-10-11.jpg
52,62,2312.9590457826635,143.548356708247,2519.8486401144373,375.204139709717,cam_2_1690276211_04-10-11.jpg
52,66,3416.486085695234,273.93912617192814,3849.4399667017874,503.3464248405993,cam_2_1690276211_04-10-11.jpg
53,1,2481.9797054256305,569.384252712889,2999.0304361962294,930.6217288342834,cam_2_1690276286_04-11-26.jpg
53,6,2911.6985900023355,383.57015985214144,3549.175260683316,907.0424383386264,cam_2_1690276286_04-11-26.jpg
53,8,2360.8807790766114,414.0677597292234,2740.910866018312,639.8128454062471,cam_2_1690276286_04-11-26.jpg
53,11,3182.601677791398,361.5874876771453,3748.260739575628,748.2122804196197,cam_2_1690276286_04-11-26.jpg
53,24,2668.3335886617424,127.28017035496156,2889.3759384105274,308.6313326705491,cam_2_1690276286_04-11-26.jpg
53,27,1875.9192008861057,492.06859988300494,2254.671699353219,741.026423654188,cam_2_1690276286_04-11-26.jpg
53,29,2513.666445392879,141.65520689824706,2651.855256301089,329.820030931073,cam_2_1690276286_04-11-26.jpg
53,33,2569.3179434284425,134.90863331382502,2722.0205952489973,325.93820190382166,cam_2_1690276286_04-11-26.jpg
53,40,2855.214580361012,217.663312452958,3172.9327209716716,366.7390708366361,cam_2_1690276286_04-11-26.jpg
53,62,2345.8286189446562,141.57712075426235,2547.9049455334416,364.9152142438734,cam_2_1690276286_04-11-26.jpg
53,66,3493.1571751607394,282.8069310966024,3938.5081350532914,522.6274387280711,cam_2_1690276286_04-11-26.jpg
54,1,2481.560478095855,568.2831175475752,3001.615233152044,929.8455308914176,cam_2_1690276316_04-11-56.jpg
54,6,2890.942102858308,383.376581529642,3539.22497395845,912.9525715992543,cam_2_1690276316_04-11-56.jpg
54,8,2360.8604599317,413.08555776483,2740.705545078311,638.6207414099791,cam_2_1690276316_04-11-56.jpg
54,11,3192.855099732963,365.0050759771803,3747.6064337133485,748.3529096687068,cam_2_1690276316_04-11-56.jpg
54,23,3548.726396077583,275.2138762226409,3923.0714699877813,525.496038192163,cam_2_1690276316_04-11-56.jpg
54,24,2680.8117018815533,127.9401233830639,2898.153776783711,306.68624024840415,cam_2_1690276316_04-11-56.jpg
54,27,1865.4508797440244,491.7159605355553,2262.4295075690948,742.9672626221459,cam_2_1690276316_04-11-56.jpg
54,29,2537.674589704293,141.58906878825343,2676.013885721744,329.2263461043941,cam_2_1690276316_04-11-56.jpg
54,33,2572.835915445906,137.89952784588647,2722.253230340314,326.90326812522824,cam_2_1690276316_04-11-56.jpg
54,40,2851.196185168797,216.63012233159907,3184.4812237028423,370.5759994929201,cam_2_1690276316_04-11-56.jpg
54,62,2374.345337112876,140.89295687453,2572.6337661297807,359.08173025608613,cam_2_1690276316_04-11-56.jpg
55,1,2487.3648734826984,581.3874055609166,2995.004264314737,930.8071179549605,cam_2_1690276421_04-13-41.jpg
55,6,2880.741235644221,380.80394131577276,3471.753818484923,853.9656243221386,cam_2_1690276421_04-13-41.jpg
55,8,2369.5274020548654,409.93150323871566,2761.8586484176462,642.5181980341754,cam_2_1690276421_04-13-41.jpg
55,11,3195.0860960592654,362.4340281250916,3736.369251555471,739.5496355844982,cam_2_1690276421_04-13-41.jpg
55,24,2680.739056777193,130.50182981195113,2892.9241788019194,305.59778900320043,cam_2_1690276421_04-13-41.jpg
55,27,1859.78611195222,489.57620733104636,2274.3120717237584,744.4235183241151,cam_2_1690276421_04-13-41.jpg
55,29,2554.393113108692,140.24945597656932,2694.718176816492,329.01717179184595,cam_2_1690276421_04-13-41.jpg
55,33,2586.2853949414657,139.0191671538209,2732.232516495609,320.42209942093103,cam_2_1690276421_04-13-41.jpg
55,40,2842.3471801666224,215.67113516796817,3182.413919935636,370.2641566724741,cam_2_1690276421_04-13-41.jpg
55,62,2382.728455068105,136.89132432865108,2589.627893911355,360.6920438596211,cam_2_1690276421_04-13-41.jpg
55,67,3315.7453807275533,233.9513937401784,3665.823566956504,411.2285549663387,cam_2_1690276421_04-13-41.jpg
56,1,2488.3549364636187,587.4059203747465,2993.0691649994815,931.3644736156413,cam_2_1690276466_04-14-26.jpg
56,6,2959.0323152736355,485.18452728423836,3561.3696994654106,956.7425298420551,cam_2_1690276466_04-14-26.jpg
56,8,2376.7569422269307,413.84639402825627,2777.4060652697426,650.3472875219899,cam_2_1690276466_04-14-26.jpg
56,11,3220.8151978479577,353.9855092104483,3672.9645909097485,655.2575700102136,cam_2_1690276466_04-14-26.jpg
56,24,2682.1246900571477,132.649393490153,2889.98317280709,304.09500190213635,cam_2_1690276466_04-14-26.jpg
56,27,1855.2311719396741,491.0152632781803,2283.5433061135614,746.8931779231636,cam_2_1690276466_04-14-26.jpg
56,29,2559.276421145899,143.47891872540362,2700.6122159799197,333.43158987503944,cam_2_1690276466_04-14-26.jpg
56,33,2609.73796314394,141.41255847171232,2748.2295883671395,318.0126304347473,cam_2_1690276466_04-14-26.jpg
56,40,2829.3470882806687,217.22014924204638,3186.223604571609,378.67559021947034,cam_2_1690276466_04-14-26.jpg
56,62,2371.1069792487556,138.19274778263275,2583.91510023743,362.1830699937077,cam_2_1690276466_04-14-26.jpg
56,67,3312.8268069590986,232.48667567223373,3671.078519392477,414.8588901918239,cam_2_1690276466_04-14-26.jpg
57,6,3068.742929585109,517.3575943894167,3698.4269788673723,1028.6166237250889,cam_2_1690276556_04-15-56.jpg
57,8,2368.758361100178,415.80384103890293,2754.210411603258,644.5771771465484,cam_2_1690276556_04-15-56.jpg
57,11,3235.6493859259194,357.57196939898915,3686.303632744381,651.4771518279078,cam_2_1690276556_04-15-56.jpg
57,24,2688.3644988822016,145.20595301318536,2907.7000759967896,328.1225975355731,cam_2_1690276556_04-15-56.jpg
57,27,1854.7052942219518,494.5900747578675,2297.6880667431697,752.4373981651372,cam_2_1690276556_04-15-56.jpg
57,29,2576.692940906449,139.89029080382835,2719.473068407578,329.9830918540261,cam_2_1690276556_04-15-56.jpg
57,33,2614.7618892519254,145.2718559177082,2753.8320151003045,325.173806405694,cam_2_1690276556_04-15-56.jpg
57,40,2835.6110049998842,217.6762117424151,3180.2648531336226,371.98707692776895,cam_2_1690276556_04-15-56.jpg
57,42,2666.8842337110304,135.7655711932767,2834.2521433767633,325.23227311274786,cam_2_1690276556_04-15-56.jpg
57,62,2398.818950728647,138.4914391256602,2611.643493019828,359.2346891191978,cam_2_1690276556_04-15-56.jpg
57,67,3329.868656494696,240.0990280524573,3663.723337814566,411.0157773855931,cam_2_1690276556_04-15-56.jpg
58,6,2916.877844770247,579.9397441186377,3654.325542470752,1160.8493214957557,cam_2_1690276616_04-16-56.jpg
58,11,3189.328048271939,356.22453682630726,3694.7240294854355,682.3859905358913,cam_2_1690276616_04-16-56.jpg
58,24,2727.4541068200656,137.5040808688897,2893.347011433903,271.86206895454836,cam_2_1690276616_04-16-56.jpg
58,27,1847.996378982581,494.2075107088658,2297.576657596958,750.132393577027,cam_2_1690276616_04-16-56.jpg
58,40,2855.286881414565,215.8851613467402,3138.188269883686,339.58014218340855,cam_2_1690276616_04-16-56.jpg
58,42,2701.4083998571064,139.03043318706312,2833.5283757086904,267.0504449938314,cam_2_1690276616_04-16-56.jpg
58,62,2452.075149637394,141.46965384302564,2669.04614986423,355.5691022436074,cam_2_1690276616_04-16-56.jpg
58,67,3340.803665796687,250.2729400867068,3663.003307243316,416.28248319210866,cam_2_1690276616_04-16-56.jpg
59,6,2855.943238581812,608.0837127507389,3641.492508761866,1207.539854202106,cam_2_1690276676_04-17-56.jpg
59,11,3183.8108621888236,358.94399259910335,3703.3871223949773,691.9967517659003,cam_2_1690276676_04-17-56.jpg
59,16,2300.4354365195563,142.37649757417273,2572.6181552932735,366.6998632064482,cam_2_1690276676_04-17-56.jpg
59,24,2740.0106815767913,131.6922487640545,2881.5479433568103,241.06571909668307,cam_2_1690276676_04-17-56.jpg
59,27,1844.0383093964488,493.58630049308533,2298.7525075954723,746.92587437214,cam_2_1690276676_04-17-56.jpg
59,40,2838.5632418670257,209.10470112796676,3121.968607789698,331.80572380733486,cam_2_1690276676_04-17-56.jpg
59,42,2709.8421626199056,128.5410835647457,2839.212679852624,242.90001400760778,cam_2_1690276676_04-17-56.jpg
59,61,2510.4880863642366,141.58174411539756,2724.0711867815376,330.9259409835811,cam_2_1690276676_04-17-56.jpg
59,67,3341.5708458719246,247.64620719142326,3664.4008025706585,414.8046233332093,cam_2_1690276676_04-17-56.jpg
59,74,2640.3644832993655,440.22228210141304,3080.0172440565543,780.4451793628842,cam_2_1690276676_04-17-56.jpg
60,6,2840.311760457702,626.0429925879675,3644.7047812476717,1220.3543033295641,cam_2_1690276721_04-18-41.jpg
60,11,3178.973106283984,360.2112763630075,3698.856463391445,690.6042876967008,cam_2_1690276721_04-18-41.jpg
60,16,2371.9739947189933,146.23137174741083,2611.8878154861095,333.79887178585614,cam_2_1690276721_04-18-41.jpg
60,24,2752.955136065253,132.20359842229922,2890.338920762994,236.07221795928908,cam_2_1690276721_04-18-41.jpg
60,27,1840.7388279638271,492.16824767940625,2308.02578050799,748.0298996503946,cam_2_1690276721_04-18-41.jpg
60,40,2839.2944643782384,211.38616090743272,3147.2703553569318,342.3016329036101,cam_2_1690276721_04-18-41.jpg
60,42,2714.36136667316,129.3194638970037,2848.1230889421495,240.178718626058,cam_2_1690276721_04-18-41.jpg
60,53,2339.370309654321,257.05993902536267,2757.0587080630157,530.8280873501342,cam_2_1690276721_04-18-41.jpg
60,61,2577.366196232896,145.4267012173162,2757.3171960540126,304.1865435925862,cam_2_1690276721_04-18-41.jpg
60,67,3320.3407760458763,239.43377855458047,3636.6614380506817,405.22410212059333,cam_2_1690276721_04-18-41.jpg
60,74,2626.324452624355,442.502576689292,3055.031279747378,764.9238812216336,cam_2_1690276721_04-18-41.jpg
60,76,2641.6223131474785,239.19240167519195,2974.2996583538575,392.284332361766,cam_2_1690276721_04-18-41.jpg
61,11,3169.219363325232,363.2766695359734,3706.577697041285,704.7846132939073,cam_2_1690276736_04-18-56.jpg
61,16,2427.225322751135,148.90929060632817,2635.009825461649,308.00379796800826,cam_2_1690276736_04-18-56.jpg
61,24,2787.6767455097092,138.9846783577387,2911.1750329624074,228.38846067513876,cam_2_1690276736_04-18-56.jpg
61,25,2733.6845539304804,679.4921161887246,3277.1768981610035,1376.6407265647708,cam_2_1690276736_04-18-56.jpg
61,27,1806.0280852933565,497.8579781786248,2290.667741755792,765.2615446067223,cam_2_1690276736_04-18-56.jpg
61,40,2823.1547490950807,215.67286536871273,3146.5297873479394,352.67787629822607,cam_2_1690276736_04-18-56.jpg
61,42,2705.532871029497,132.73241761277802,2834.6553542620572,235.36328932630536,cam_2_1690276736_04-18-56.jpg
61,53,2343.994082551696,261.07416770776405,2752.6126499516404,531.376310689808,cam_2_1690276736_04-18-56.jpg
61,61,2599.9294428666944,141.98893729324698,2755.676414858324,276.9925872724774,cam_2_1690276736_04-18-56.jpg
61,67,3325.699452439967,240.3177740324124,3640.0958735187232,407.40647494222725,cam_2_1690276736_04-18-56.jpg
61,74,2580.252027659473,447.76145630762653,3126.1689798009597,852.3707051264726,cam_2_1690276736_04-18-56.jpg
61,76,2636.3390475337224,242.203857374741,2968.12439992601,394.71722402903026,cam_2_1690276736_04-18-56.jpg
62,11,3169.6408406996343,361.785665441755,3724.032170217938,715.6548122660081,cam_2_1690276841_04-20-41.jpg
62,13,2714.55627604166,133.25506256431436,2859.196488889062,267.80681444430843,cam_2_1690276841_04-20-41.jpg
62,16,2466.2649658731484,141.35751303737766,2674.612612812676,288.12809519816733,cam_2_1690276841_04-20-41.jpg
62,24,2737.7565572829853,136.22789206337677,2911.526555598949,262.95869544769164,cam_2_1690276841_04-20-41.jpg
62,27,1823.3216436426164,494.4438330767795,2319.363690840054,765.2397703713027,cam_2_1690276841_04-20-41.jpg
62,42,2678.0427140223105,132.23622456321698,2828.8204213359045,254.56219285186273,cam_2_1690276841_04-20-41.jpg
62,53,2342.502105166954,259.6910083914514,2761.2883345262553,540.467208789438,cam_2_1690276841_04-20-41.jpg
62,67,3315.9858940961262,238.02505265640343,3626.491950957299,405.0904890956484,cam_2_1690276841_04-20-41.jpg
62,74,2552.4889472058117,450.05361782748145,3239.4695425081354,963.954159234982,cam_2_1690276841_04-20-41.jpg
62,76,2641.1233956479896,242.9516150234251,2954.48977700158,386.3035524737619,cam_2_1690276841_04-20-41.jpg
63,1,2471.9292944427025,562.9780728543755,3014.0470070119263,933.2027601712771,cam_2_1690277111_04-25-11.jpg
63,11,3165.7051069107147,361.3984923547116,3725.266368512597,717.8614761566944,cam_2_1690277111_04-25-11.jpg
63,16,2433.76226659612,141.12299498465416,2673.3664773128776,320.8138594900661,cam_2_1690277111_04-25-11.jpg
63,24,2727.5337619542274,134.0287900512322,2915.9441249691567,272.65064423336446,cam_2_1690277111_04-25-11.jpg
63,27,1801.1224840542816,491.6907579769751,2272.8802753513555,751.310751767346,cam_2_1690277111_04-25-11.jpg
63,42,2630.7293480708627,126.49829362649288,2797.044958311591,257.5003221492757,cam_2_1690277111_04-25-11.jpg
63,44,2615.6285642503976,237.62575858653088,2962.608828608108,415.6503767417703,cam_2_1690277111_04-25-11.jpg
63,53,2262.995547001645,246.121481364728,2672.0692413160887,539.8233619985824,cam_2_1690277111_04-25-11.jpg
63,67,3318.5022658922953,239.51251687418397,3625.0659138540423,404.44170718460714,cam_2_1690277111_04-25-11.jpg
63,74,2611.2778425804363,486.9638728871123,3190.996727354646,913.6144747893661,cam_2_1690277111_04-25-11.jpg
64,1,2473.303008737067,561.9289699685497,3018.1686658713434,935.3875328269628,cam_2_1690277156_04-25-56.jpg
64,11,3177.128785481006,366.13275659669597,3732.136927909608,720.7109874599373,cam_2_1690277156_04-25-56.jpg
64,23,3706.9510644504408,273.2470610726541,4145.016064553347,558.3222652227333,cam_2_1690277156_04-25-56.jpg
64,24,2725.401971478765,134.7457488672656,2919.677321449838,277.96978651429305,cam_2_1690277156_04-25-56.jpg
64,27,1787.5274388851133,490.5489486916319,2251.102821091103,747.8287831047962,cam_2_1690277156_04-25-56.jpg
64,42,2619.127529844239,125.05826463919587,2790.775983052436,257.3301517351747,cam_2_1690277156_04-25-56.jpg
64,44,2629.4390042349046,238.27407692072995,2968.5640912679414,412.2243421282592,cam_2_1690277156_04-25-56.jpg
64,53,2238.3073083990025,239.9463170163582,2641.6865953126626,546.0939615075539,cam_2_1690277156_04-25-56.jpg
64,62,2438.2007323388666,135.53115908844754,2650.490852059336,345.74843909397055,cam_2_1690277156_04-25-56.jpg
64,67,3312.413779411853,236.0095950899693,3619.1519339661972,401.3527396265947,cam_2_1690277156_04-25-56.jpg
64,74,2643.5964476288455,505.7225760015932,3162.477677151968,881.293059479827,cam_2_1690277156_04-25-56.jpg
65,1,2479.358982597213,568.3194077040974,3016.966019607041,936.6067642011266,cam_2_1690277186_04-26-26.jpg
65,11,3167.1130459343476,359.8053665048118,3734.4072439787747,722.5284179189846,cam_2_1690277186_04-26-26.jpg
65,23,3709.4824988214673,273.0765953918438,4158.25878206773,560.1963546849006,cam_2_1690277186_04-26-26.jpg
65,24,2721.2778657505123,136.24637846132276,2911.1154412122405,275.57497660815125,cam_2_1690277186_04-26-26.jpg
65,27,1786.2567784305804,490.13795142673644,2243.0096253350034,745.617602009796,cam_2_1690277186_04-26-26.jpg
65,42,2605.472068156523,130.56438228798783,2776.7884049174836,259.6327861151552,cam_2_1690277186_04-26-26.jpg
65,44,2639.8572860999307,234.87683023567257,2978.9240651949613,406.76079696851195,cam_2_1690277186_04-26-26.jpg
65,53,2239.5421840469794,238.68438631459406,2631.557694669176,548.1349262327633,cam_2_1690277186_04-26-26.jpg
65,61,2647.990933760959,135.39639197455872,2799.4994951106282,262.7446462432911,cam_2_1690277186_04-26-26.jpg
65,62,2436.949251228057,136.8746593692761,2646.3377068932323,341.6738750972364,cam_2_1690277186_04-26-26.jpg
65,67,3326.7311553645245,237.35878218200025,3633.2861100994337,403.4518093107581,cam_2_1690277186_04-26-26.jpg
65,74,2648.1980071492503,507.62441715293204,3155.5622973394543,869.0673221725306,cam_2_1690277186_04-26-26.jpg
65,81,2810.0137775332655,475.45776215070214,3273.251125630462,784.907542311638,cam_2_1690277186_04-26-26.jpg
66,8,2445.5556717138356,419.21663071626784,2773.9922534484404,610.596199028911,cam_2_1690277246_04-27-26.jpg
66,11,3163.2134535656796,363.7205037163707,3729.594423374522,732.7942321666496,cam_2_1690277246_04-27-26.jpg
66,16,2433.6529323262603,137.76511647540596,2655.9226489487382,302.49265071479704,cam_2_1690277246_04-27-26.jpg
66,21,3185.1363562356687,202.6835849524125,3463.1784852922233,332.20127484142347,cam_2_1690277246_04-27-26.jpg
66,25,2991.551766218376,589.9643986410713,3406.830193718301,1170.039971313101,cam_2_1690277246_04-27-26.jpg
66,27,1808.2435687049624,494.0932342707553,2275.667582529638,753.2781569128313,cam_2_1690277246_04-27-26.jpg
66,42,2605.2808465606136,133.25456677818624,2764.341473216054,249.1884443919604,cam_2_1690277246_04-27-26.jpg
66,44,2590.629364298148,224.97779008891922,2958.9149340623508,412.69500416626255,cam_2_1690277246_04-27-26.jpg
66,53,2227.003888577056,232.41541732003122,2622.2764147618177,557.3340978108885,cam_2_1690277246_04-27-26.jpg
66,61,2678.461657945726,133.0850170950779,2833.3135516608004,254.77589638806592,cam_2_1690277246_04-27-26.jpg
66,67,3350.547434569805,247.08751974386502,3614.517506197957,381.65280012516996,cam_2_1690277246_04-27-26.jpg
66,81,2867.0746880943693,437.6857492298726,3322.4780858877975,738.7512688465565,cam_2_1690277246_04-27-26.jpg
67,21,3138.0837678730504,191.42606762232037,3504.0834975043635,369.5847287938642,cam_2_1690277336_04-28-56.jpg
67,40,2840.5474661565618,197.54873822899157,3215.1746700294752,357.0881833940172,cam_2_1690277336_04-28-56.jpg
67,44,2516.5233777534054,222.528757308881,2969.263227430505,464.8699716625007,cam_2_1690277336_04-28-56.jpg
67,53,2267.0301029380244,209.63765409254052,2590.1510679232615,476.0543230589542,cam_2_1690277336_04-28-56.jpg
83,53,1970.3678255777859,241.1291487739089,2340.4855327654095,555.7811093934575,cam_2_1690279436_05-03-56.jpg
84,1,2134.6209601658675,258.87914378289804,2588.5976201535427,575.8097971543677,cam_2_1690279616_05-06-56.jpg
84,44,2622.7064620685132,234.58572532939849,3004.294256054011,438.10853511003927,cam_2_1690279616_05-06-56.jpg
84,76,2419.1774265068198,403.80770670490125,2852.778368479725,602.296978268811,cam_2_1690279616_05-06-56.jpg
85,1,2129.1813577583835,257.9671617815588,2560.121278335897,571.2245388128981,cam_2_1690279796_05-09-56.jpg
85,8,2545.196709474655,257.1532384432659,2897.8305948944953,463.0825673167979,cam_2_1690279796_05-09-56.jpg
85,11,3136.992283999559,229.3343108130196,3504.3786614318697,473.5657781313272,cam_2_1690279796_05-09-56.jpg
85,16,2659.2935720333467,209.8181268630555,2917.245660314548,395.4805569165447,cam_2_1690279796_05-09-56.jpg
85,27,1781.9877576176941,165.2719362347954,2233.974089721847,414.12363491775886,cam_2_1690279796_05-09-56.jpg
85,40,2966.2121385201604,179.40273186880822,3210.9260021379537,286.07955339540143,cam_2_1690279796_05-09-56.jpg
85,76,2435.7953597950077,425.5573875057059,2879.9065113829743,623.0109732672946,cam_2_1690279796_05-09-56.jpg
86,1,2126.3439045212103,260.7303540700184,2537.446523746144,570.523979718713,cam_2_1690279856_05-10-56.jpg
86,6,3392.244312095175,236.6125481355253,3699.30238245545,462.92490188333835,cam_2_1690279856_05-10-56.jpg
86,11,3194.957367447861,217.46931698585553,3491.336550564138,429.61816821129685,cam_2_1690279856_05-10-56.jpg
86,13,2489.095113537606,221.48034704114025,2678.345469465425,411.9624553674148,cam_2_1690279856_05-10-56.jpg
86,27,1823.497675972044,176.53800967437843,2288.55699928338,466.82503533813446,cam_2_1690279856_05-10-56.jpg
86,44,2661.408443059913,220.2294450630108,3031.641481914568,424.66876445266996,cam_2_1690279856_05-10-56.jpg
86,62,2459.609959132347,227.34291181318406,2661.282201226996,422.85932179358065,cam_2_1690279856_05-10-56.jpg
86,76,2438.345723000865,431.42023665876826,2904.4243434560885,635.3339722843416,cam_2_1690279856_05-10-56.jpg
86,91,2837.418909892712,207.83968542716335,3156.6394053575864,409.9707468647657,cam_2_1690279856_05-10-56.jpg
86,92,2377.463300546189,161.3519854539642,2742.5816003031873,287.31902052197006,cam_2_1690279856_05-10-56.jpg
86,94,2684.0128568199084,139.77711999155127,2934.6581816762027,233.40553687930486,cam_2_1690279856_05-10-56.jpg
87,1,2143.4894089157524,261.58857450189123,2567.780635879251,583.0515126752646,cam_2_1690279916_05-11-56.jpg
87,6,3392.218027765107,225.99266645817488,3698.93684250658,453.9964403411169,cam_2_1690279916_05-11-56.jpg
87,11,3209.101845482921,213.2841459233603,3481.0451468666533,419.49462065581497,cam_2_1690279916_05-11-56.jpg
87,42,2426.141935570382,217.22781224495336,2645.8893064166773,382.62884574175155,cam_2_1690279916_05-11-56.jpg
87,44,2694.988333140594,217.18269760084138,3063.6066929200033,423.0546908561912,cam_2_1690279916_05-11-56.jpg
87,76,2450.8691879306816,433.65123647532107,2927.018825131258,641.3264628390875,cam_2_1690279916_05-11-56.jpg
87,91,2869.3140209913445,207.68521063771396,3188.851255147255,411.4559566685268,cam_2_1690279916_05-11-56.jpg
87,92,2426.1039723386357,159.38736491890126,2780.0759467926405,281.6278936947152,cam_2_1690279916_05-11-56.jpg
87,94,2683.8911143188557,132.8862517961133,2923.1065181818008,222.29571979850266,cam_2_1690279916_05-11-56.jpg
87,97,949.9866207914066,413.0826914971643,1652.5366078238358,1106.1848661890722,cam_2_1690279916_05-11-56.jpg
88,1,2179.676114838496,261.9780200935175,2559.812418242166,553.7171698570471,cam_2_1690280081_05-14-41.jpg
88,6,3378.268877970887,208.01917535795354,3626.408530566692,395.61300307720506,cam_2_1690280081_05-14-41.jpg
88,11,3188.793636729615,198.1034704254162,3448.0872430345285,406.51093381577243,cam_2_1690280081_05-14-41.jpg
88,44,2701.878698841396,215.3582207067387,3069.5044417533127,423.3614720796784,cam_2_1690280081_05-14-41.jpg
88,76,2449.9330386146157,431.3532568427014,2939.1711617852425,645.5997704607456,cam_2_1690280081_05-14-41.jpg
88,91,2864.3197642339014,204.56156829308077,3194.5082801195526,416.75290151340766,cam_2_1690280081_05-14-41.jpg
88,92,2383.916450197372,160.89815862430214,2857.227090895624,326.49698384546195,cam_2_1690280081_05-14-41.jpg
88,94,2693.735305391007,130.0946726165701,2939.075520202401,223.10532970474924,cam_2_1690280081_05-14-41.jpg
88,97,947.6707521456608,417.0346180438011,1682.50435074203,1138.022545880319,cam_2_1690280081_05-14-41.jpg
88,98,686.4985813238392,381.32621059598347,1533.227273208271,837.5968793391535,cam_2_1690280081_05-14-41.jpg
88,99,3043.723287015924,196.39155976359345,3301.6138250334398,407.8479172084401,cam_2_1690280081_05-14-41.jpg
89,1,2206.4716153196164,265.36836971913283,2567.2305142696823,528.081908164226,cam_2_1690280141_05-15-41.jpg
89,6,3390.613953380892,207.55250090867133,3612.9945999979095,377.12600397763947,cam_2_1690280141_05-15-41.jpg
89,11,3182.52836833977,191.3752715416186,3416.8932411028045,388.6015410689663,cam_2_1690280141_05-15-41.jpg
89,24,2728.3308753247243,133.88738764375307,2853.66051316608,225.86634351834232,cam_2_1690280141_05-15-41.jpg
89,44,2699.8410373486063,215.69054516209718,3059.0318336205632,422.6525717703297,cam_2_1690280141_05-15-41.jpg
89,76,2441.325471040521,432.80730731140045,2927.434189070744,646.5269055360226,cam_2_1690280141_05-15-41.jpg
89,91,2869.366564823868,204.32870647996342,3197.4539337319,417.483650503429,cam_2_1690280141_05-15-41.jpg
89,92,2386.639237770352,164.08391817403668,2874.117148898903,336.91351033377146,cam_2_1690280141_05-15-41.jpg
89,98,635.2559618680173,388.5977043947519,1706.0582517213086,976.8719915719339,cam_2_1690280141_05-15-41.jpg
89,99,3029.8321896440366,188.0159511993345,3273.162721577125,386.86266047694585,cam_2_1690280141_05-15-41.jpg
90,1,2214.7388252597316,263.68515776155135,2582.9109750328435,519.4547331882178,cam_2_1690280336_05-18-56.jpg
90,11,3195.030524293244,189.59411726326928,3403.9835475543164,368.854032326181,cam_2_1690280336_05-18-56.jpg
90,44,2720.530587714826,219.1600406265118,3066.2392912777877,421.4386385925668,cam_2_1690280336_05-18-56.jpg
90,74,2849.994557563243,176.75933878357756,3169.6647482563135,411.7160200660153,cam_2_1690280336_05-18-56.jpg
90,76,2439.404264268656,429.9327731766642,2915.7733991041932,640.1777439470663,cam_2_1690280336_05-18-56.jpg
90,92,2471.5468099235436,180.51482651675758,2927.7036394982592,347.99893891428144,cam_2_1690280336_05-18-56.jpg
90,99,3031.056042175187,188.63612755025287,3268.8866601179834,382.22705257651893,cam_2_1690280336_05-18-56.jpg
90,101,2198.4603465613095,477.37137926572746,2472.4423584497604,727.5000649588262,cam_2_1690280336_05-18-56.jpg
90,103,70.77130212252433,229.03773706029713,812.3634465495629,679.3574055098616,cam_2_1690280336_05-18-56.jpg
91,1,2213.0057115219684,263.40787458658957,2591.5530816291166,516.2865819942608,cam_2_1690280351_05-19-11.jpg
91,11,3186.8089320794675,186.15140262520683,3385.066078181362,358.014839681063,cam_2_1690280351_05-19-11.jpg
91,16,2732.772955376954,208.62022614578936,3032.538470882501,428.875865768934,cam_2_1690280351_05-19-11.jpg
91,62,2500.5499135570294,190.4234948176027,2661.78956906245,351.6778859825081,cam_2_1690280351_05-19-11.jpg
91,74,2851.276757710779,171.15766027062142,3173.7707481623825,413.00244477667235,cam_2_1690280351_05-19-11.jpg
91,76,2440.626259205429,429.50785409037985,2909.6400968309836,636.8734231314038,cam_2_1690280351_05-19-11.jpg
91,99,3033.720042824225,189.24843011689444,3270.715210579471,381.3833189156688,cam_2_1690280351_05-19-11.jpg
91,101,2138.6581713692112,473.5143101050847,2430.2386731068004,732.6080539814736,cam_2_1690280351_05-19-11.jpg
91,103,36.48539367749731,222.4812238892465,739.3652238618862,649.9043948081667,cam_2_1690280351_05-19-11.jpg
91,104,1360.9787599706935,318.2308296170091,2126.4681087440827,853.073412768256,cam_2_1690280351_05-19-11.jpg
92,1,2190.5733725256064,261.5007540620374,2592.109951642589,522.929258295173,cam_2_1690280366_05-19-26.jpg
92,11,3200.0743121403675,187.27899450109447,3389.7941103424378,353.5484545994295,cam_2_1690280366_05-19-26.jpg
92,44,2741.557674623478,223.00247590090743,3093.4663559506344,428.7910833997159,cam_2_1690280366_05-19-26.jpg
92,62,2506.096283202812,186.4655779713549,2671.9077157258903,353.15587453434614,cam_2_1690280366_05-19-26.jpg
92,74,2854.9334297889286,167.58590721119984,3155.4658776465826,395.5637020000104,cam_2_1690280366_05-19-26.jpg
92,76,2454.177951104274,430.3619544914783,2905.9887069296988,630.4831848909132,cam_2_1690280366_05-19-26.jpg
92,99,3036.333533800677,186.94522986392928,3269.1239772707227,374.1151994816955,cam_2_1690280366_05-19-26.jpg
92,101,2132.2038501505745,469.22369663530503,2437.0685569880457,730.5779774157206,cam_2_1690280366_05-19-26.jpg
92,103,29.282377776028795,221.0397533298141,729.3234754999378,646.8948933070591,cam_2_1690280366_05-19-26.jpg
92,104,1376.2422890780863,301.3501575870258,2076.6398148682274,799.9940617947932,cam_2_1690280366_05-19-26.jpg
92,106,2210.737902685095,159.43472062374155,2557.1904228584644,300.3824798567068,cam_2_1690280366_05-19-26.jpg
93,1,2200.472222020037,265.76217025861285,2631.502006451613,548.9988730932615,cam_2_1690280486_05-21-26.jpg
93,16,2747.8674964932584,213.13170625286753,3048.0963627210613,432.23999271414084,cam_2_1690280486_05-21-26.jpg
93,62,2513.7600020427785,180.84649169265083,2678.117415817886,346.0340643599121,cam_2_1690280486_05-21-26.jpg
93,74,2863.3115282270164,163.20948874420475,3176.7424677405647,405.02218625350565,cam_2_1690280486_05-21-26.jpg
93,76,2442.593801588849,429.4160723359974,2903.071067888279,633.7681147762719,cam_2_1690280486_05-21-26.jpg
93,97,1379.1182128618498,384.81613145642496,1922.4126194527648,914.3930873924569,cam_2_1690280486_05-21-26.jpg
93,99,3080.9664090740334,196.47741268005728,3352.670083958681,411.13506317445217,cam_2_1690280486_05-21-26.jpg
93,103,51.347761181255635,222.30894259898972,745.9243664871271,642.9793346762538,cam_2_1690280486_05-21-26.jpg
93,104,1573.6681361459073,276.824919052581,2040.5764959084645,603.9446620481052,cam_2_1690280486_05-21-26.jpg
93,106,2132.424455514696,155.66186052092405,2476.7528986379,295.80102955958074,cam_2_1690280486_05-21-26.jpg
94,1,2156.2462848714035,236.67034526062864,2659.0980475433953,582.6481553248987,cam_2_1690280576_05-22-56.jpg
94,16,2736.6254975837733,213.71055541963545,3039.9101924358465,433.844938982695,cam_2_1690280576_05-22-56.jpg
94,62,2521.233861410542,173.14212764774135,2677.211643088912,338.1861833112728,cam_2_1690280576_05-22-56.jpg
94,74,2867.2765798646187,165.66189725006356,3180.5053623317185,406.8710176611024,cam_2_1690280576_05-22-56.jpg
94,76,2431.202877746976,429.1824055788147,2900.317157635066,636.1146979293342,cam_2_1690280576_05-22-56.jpg
94,91,3018.5114601567275,193.8523554920135,3309.3073587997937,383.86741216179087,cam_2_1690280576_05-22-56.jpg
94,97,1452.340853267074,365.7510641357817,1995.2495789545715,882.2063583224619,cam_2_1690280576_05-22-56.jpg
94,99,3163.5977360818083,194.8402575704198,3418.3281224189263,401.2987033313682,cam_2_1690280576_05-22-56.jpg
94,103,40.44346507412075,220.63963120473684,745.2765823114078,645.0636933388892,cam_2_1690280576_05-22-56.jpg
94,104,1664.958111139333,281.7126008635128,2010.7590093733959,518.6645850096512,cam_2_1690280576_05-22-56.jpg
94,106,2118.2162976925615,155.480195222576,2442.3320201780703,286.8041010676808,cam_2_1690280576_05-22-56.jpg
95,1,2172.924765684793,251.87435223718145,2656.928925239929,590.0854850603264,cam_2_1690280636_05-23-56.jpg
95,11,3195.0089084304495,184.39292027887353,3378.110614748211,341.4626971315765,cam_2_1690280636_05-23-56.jpg
95,16,2744.5067793075523,210.61211264718696,3052.956363098614,431.76205381895153,cam_2_1690280636_05-23-56.jpg
95,53,1580.5740324213343,286.87085820942616,2007.2857330141273,630.7134054897426,cam_2_1690280636_05-23-56.jpg
95,62,2533.736261996961,173.4276223124871,2687.0232304033934,340.0687490931499,cam_2_1690280636_05-23-56.jpg
95,74,2863.829828210179,165.89980610661198,3178.3706397830715,411.51466696253726,cam_2_1690280636_05-23-56.jpg
95,76,2438.3629654667648,429.28604283047173,2901.1308119816936,632.8180341343005,cam_2_1690280636_05-23-56.jpg
95,91,3013.812589890196,195.24537406961215,3343.3013117122614,414.3380245858094,cam_2_1690280636_05-23-56.jpg
95,97,1387.0338969538025,338.7443749347098,1908.176314484587,852.4564361210898,cam_2_1690280636_05-23-56.jpg
95,103,50.08398377506256,221.78866623166627,757.9148226641069,645.688682941477,cam_2_1690280636_05-23-56.jpg
95,106,2098.3623929909277,154.7432329233301,2434.5620599488157,290.8219350166248,cam_2_1690280636_05-23-56.jpg
95,110,1966.670616760764,276.85705828809023,2317.9238001122476,629.8803859057391,cam_2_1690280636_05-23-56.jpg
96,1,2219.301176007237,260.80923495256485,2658.933127402813,568.3763162087273,cam_2_1690280756_05-25-56.jpg
96,8,2513.0179808346747,220.29648973906995,2840.3577813725583,409.7783369528747,cam_2_1690280756_05-25-56.jpg
96,16,2784.3636810562916,211.23213915486173,3086.3255007979496,428.7085384606635,cam_2_1690280756_05-25-56.jpg
96,53,1508.0065674736904,269.2393498584278,1963.1814488493524,664.1626340907867,cam_2_1690280756_05-25-56.jpg
96,74,2872.42240938142,170.5424690166439,3173.7530407001873,407.2234910979853,cam_2_1690280756_05-25-56.jpg
96,76,2484.404839401394,427.54890408275656,2925.7962451261806,622.505429837372,cam_2_1690280756_05-25-56.jpg
96,91,3021.6344967158716,198.22152317416283,3343.558673573724,413.81850578063404,cam_2_1690280756_05-25-56.jpg
96,103,87.79635198851508,214.53053309255273,787.8523817064342,629.6142180927122,cam_2_1690280756_05-25-56.jpg
96,110,1871.736369253654,292.6055983256523,2269.4847537546384,691.1394986947141,cam_2_1690280756_05-25-56.jpg
97,1,2227.124508083916,259.58204912690394,2672.7981311641884,574.8661769457864,cam_2_1690280786_05-26-26.jpg
97,13,2494.2198218212006,221.669403295478,2643.3013191492178,372.2973767939643,cam_2_1690280786_05-26-26.jpg
97,16,2792.624404683212,209.58575136511558,3091.469794967942,426.81103628124265,cam_2_1690280786_05-26-26.jpg
97,24,2678.4934100993455,125.9522708005666,2902.9047660132687,292.05432079600564,cam_2_1690280786_05-26-26.jpg
97,53,1486.0255862933154,261.9910047242487,1921.4876936646415,669.4263672437564,cam_2_1690280786_05-26-26.jpg
97,74,2869.9130726060334,167.9361281909786,3175.2977676939636,410.52369356264353,cam_2_1690280786_05-26-26.jpg
97,76,2461.200001866275,426.0808392986837,2920.7098801909074,628.2538888733161,cam_2_1690280786_05-26-26.jpg
97,91,3019.9732864489924,197.6358561270339,3341.4852874579633,416.2274275222875,cam_2_1690280786_05-26-26.jpg
97,99,3173.5240436264016,188.08000994273112,3415.9822299457787,386.3345607286526,cam_2_1690280786_05-26-26.jpg
97,103,91.13305976462709,214.4332611536744,786.5236162436323,623.6381277928384,cam_2_1690280786_05-26-26.jpg
97,110,1920.6692687070101,431.2247918916785,2234.703287091432,729.2584288617488,cam_2_1690280786_05-26-26.jpg
98,1,2214.745367379838,263.88857894022374,2663.6799096521218,580.670037044543,cam_2_1690280816_05-26-56.jpg
98,16,2790.793612932558,209.7596660783063,3096.8576306750824,431.7376439927971,cam_2_1690280816_05-26-56.jpg
98,24,2690.278734548132,126.51594248264364,2910.52619708043,279.08932822246777,cam_2_1690280816_05-26-56.jpg
98,53,1497.2653000687258,252.5045909349631,1896.5353878089875,655.2613216302377,cam_2_1690280816_05-26-56.jpg
98,74,2867.2072521440086,165.9344055407729,3157.763967634949,400.42621356916413,cam_2_1690280816_05-26-56.jpg
98,76,2448.6238578905186,431.4803925371804,2909.556772763587,634.554991391316,cam_2_1690280816_05-26-56.jpg
98,91,3029.844560290634,195.11982056884585,3359.6059221373384,420.637471726374,cam_2_1690280816_05-26-56.jpg
98,103,170.83329220024433,208.32582065569406,869.6742230951309,612.7520867382148,cam_2_1690280816_05-26-56.jpg
98,110,1941.0974328962855,485.26505127747953,2240.388822639866,754.8225300125448,cam_2_1690280816_05-26-56.jpg
98,114,1989.4647010810233,283.5645402427135,2403.8419661283374,619.0165271999335,cam_2_1690280816_05-26-56.jpg
98,115,3341.389185593036,209.1334082342693,3598.6048774685864,437.9142542510714,cam_2_1690280816_05-26-56.jpg
98,117,2284.440188591539,149.26534802596103,2456.652630148493,292.8398257818592,cam_2_1690280816_05-26-56.jpg
99,1,2210.5280348984984,261.4518389860486,2635.348295756923,555.7697153937224,cam_2_1690280921_05-28-41.jpg
99,24,2664.5223102942446,126.95794727153621,2895.1765430093765,293.14993686728036,cam_2_1690280921_05-28-41.jpg
99,44,2743.894814985807,221.4240329449189,3108.037284241938,433.0718777596634,cam_2_1690280921_05-28-41.jpg
99,74,2865.426446361982,158.66319533466444,3155.82194850848,395.0192248888352,cam_2_1690280921_05-28-41.jpg
99,76,2453.1169679000427,425.575713477745,2924.475108796462,635.6600644538642,cam_2_1690280921_05-28-41.jpg
99,91,3035.7470604309224,196.01542217868575,3380.6529710646764,435.07968131877,cam_2_1690280921_05-28-41.jpg
99,97,1596.2891538541512,236.86758215613625,1999.1891214340255,632.7423472838835,cam_2_1690280921_05-28-41.jpg
99,103,114.47490624986614,206.89898400037256,834.0395003158308,621.7219907090035,cam_2_1690280921_05-28-41.jpg
99,110,1927.255605840443,500.5000923825305,2224.014868414262,754.1127749675354,cam_2_1690280921_05-28-41.jpg
99,115,3389.088925736418,212.87854306221203,3652.080725166819,444.92311200596487,cam_2_1690280921_05-28-41.jpg
99,117,2309.464351904913,145.7178877929465,2484.0276180443643,290.6947409485042,cam_2_1690280921_05-28-41.jpg
100,1,2213.5877676076357,264.14682168156025,2619.55969277555,539.1513704287809,cam_2_1690281011_05-30-11.jpg
100,24,2656.7396455137864,127.3340012538329,2898.7196154456274,308.5791224314826,cam_2_1690281011_05-30-11.jpg
100,44,2752.9185045629506,220.8261049258604,3111.8185334297823,433.3402455167263,cam_2_1690281011_05-30-11.jpg
100,74,2876.72998745708,161.42211245262587,3168.6791268310726,400.6481186035678,cam_2_1690281011_05-30-11.jpg
100,76,2459.817683618366,424.99449740229545,2927.5185486098726,635.5501759181271,cam_2_1690281011_05-30-11.jpg
100,91,3034.2413652926525,194.8375362386817,3377.0285515041724,434.37660131187806,cam_2_1690281011_05-30-11.jpg
100,103,88.93272034653836,208.9507770152248,805.2056982725655,620.4411911765619,cam_2_1690281011_05-30-11.jpg
100,110,1929.1668079619383,504.6791372351731,2238.7435594670496,756.6960831105242,cam_2_1690281011_05-30-11.jpg
100,115,3395.463446272972,212.54346497037704,3666.490961686028,450.4005220423171,cam_2_1690281011_05-30-11.jpg
100,117,2329.7912209037536,141.8870466768834,2517.1654371937907,298.1783895367919,cam_2_1690281011_05-30-11.jpg
101,1,2199.7290860375633,266.18378537448524,2638.9421520749497,561.0167063103902,cam_2_1690281176_05-32-56.jpg
101,24,2677.4394218210155,137.44464216856807,2872.7684170018024,288.8916890296822,cam_2_1690281176_05-32-56.jpg
101,44,2741.4201499050623,219.62835619334697,3105.7306704358443,434.2082892178187,cam_2_1690281176_05-32-56.jpg
101,53,1337.0588924792037,199.89051927095855,1717.1732519816362,583.5987384996384,cam_2_1690281176_05-32-56.jpg
101,74,2873.1476674433525,163.3182729450241,3158.6153452980216,398.31149129437676,cam_2_1690281176_05-32-56.jpg
101,76,2466.5331635930615,424.3395602053266,2929.949197689186,634.2587605703236,cam_2_1690281176_05-32-56.jpg
101,91,3034.403168867085,193.32027147091378,3348.010440313081,411.9501370691231,cam_2_1690281176_05-32-56.jpg
101,110,1927.3429031732496,503.95936066170015,2237.2493547093604,743.1646162250862,cam_2_1690281176_05-32-56.jpg
101,115,3341.439583470479,223.14124534178677,3629.8109650474876,480.12245718979534,cam_2_1690281176_05-32-56.jpg
101,122,2013.6676517895262,465.582756991633,2508.795772130265,707.6232675321396,cam_2_1690281176_05-32-56.jpg
102,1,2190.906718279458,264.4126510744231,2633.5965530330195,558.4876436663935,cam_2_1690281236_05-33-56.jpg
102,44,2737.0174506338653,220.44278956217266,3104.624148081447,434.16832823612685,cam_2_1690281236_05-33-56.jpg
102,53,1405.982786348549,184.94470547332065,1767.1536971134615,569.8654608252718,cam_2_1690281236_05-33-56.jpg
102,74,2875.7810902797028,162.78352707833974,3155.011934876141,393.69723637226184,cam_2_1690281236_05-33-56.jpg
102,76,2467.051556618891,422.74364704065795,2932.887679032994,635.8047132618308,cam_2_1690281236_05-33-56.jpg
102,91,3042.5930923878245,194.31345205839278,3344.629084960826,404.0394424859823,cam_2_1690281236_05-33-56.jpg
102,110,1918.8236566102134,502.34595889372304,2242.7597210865033,741.07281803099,cam_2_1690281236_05-33-56.jpg
102,115,3296.8431656583443,220.74910675092974,3578.6087994154605,475.5703711979554,cam_2_1690281236_05-33-56.jpg
102,122,2035.7793028932072,466.5244460140878,2543.5039403489786,714.64011996167,cam_2_1690281236_05-33-56.jpg
102,123,825.9604133110396,202.40802836221596,1461.2415171652924,588.244917957173,cam_2_1690281236_05-33-56.jpg
103,1,2163.895010363434,265.8828372032311,2668.236672708893,602.8571326711799,cam_2_1690281476_05-37-56.jpg
103,8,2598.7948365064126,139.32371972716626,2836.796086506993,278.3329740097847,cam_2_1690281476_05-37-56.jpg
103,40,3041.333457506287,194.24703685838136,3284.172736837744,297.5276818303445,cam_2_1690281476_05-37-56.jpg
103,44,2732.1518878999495,222.21274697312748,3100.3735903682464,433.7695683277747,cam_2_1690281476_05-37-56.jpg
103,74,2869.7429879518677,162.20104741441259,3150.3678194974573,392.2311788100167,cam_2_1690281476_05-37-56.jpg
103,76,2478.2236942414143,423.8951073965902,2939.6946349848076,638.12373419132,cam_2_1690281476_05-37-56.jpg
103,99,3179.31871066653,226.6334585734287,3485.338598892017,475.2407825940294,cam_2_1690281476_05-37-56.jpg
103,114,1816.899313651344,294.0836461694005,2327.716190800502,702.946091106789,cam_2_1690281476_05-37-56.jpg
103,123,924.4958993601408,238.7145361834493,1592.2592229608704,642.9520938068649,cam_2_1690281476_05-37-56.jpg
104,1,2231.6133110133815,266.4630390120876,2679.395335065305,568.275509306831,cam_2_1690281506_05-38-26.jpg
104,24,2691.9040524581565,143.82613967865677,2850.554933942037,265.78382417150806,cam_2_1690281506_05-38-26.jpg
104,40,3041.5202030900155,195.2650532316809,3288.921918586039,299.183940643004,cam_2_1690281506_05-38-26.jpg
104,44,2729.3313952477897,220.39652180585006,3108.578149062129,436.5782582162152,cam_2_1690281506_05-38-26.jpg
104,74,2868.5714214362756,161.4210095514174,3149.803763861106,391.615474978095,cam_2_1690281506_05-38-26.jpg
104,76,2480.890433775318,424.5823692689927,2928.7003364672014,632.5372304045213,cam_2_1690281506_05-38-26.jpg
104,99,3173.078390537217,228.00021600697673,3488.2546967563444,483.99304001375583,cam_2_1690281506_05-38-26.jpg
104,101,2098.201782800817,273.05373163553173,2482.794098809122,598.1800023268963,cam_2_1690281506_05-38-26.jpg
104,114,1788.4147757837775,289.02425601755533,2315.7046363168447,708.6032752544606,cam_2_1690281506_05-38-26.jpg
104,123,939.600028583691,237.7062601052925,1637.401824209916,661.0882698557633,cam_2_1690281506_05-38-26.jpg
105,1,2228.5435358422137,264.77940875381273,2693.922132708277,587.5485365770123,cam_2_1690281596_05-39-56.jpg
105,24,2695.4483983747386,145.12060000162091,2843.2070160165954,258.59288003268296,cam_2_1690281596_05-39-56.jpg
105,27,1953.3220053931686,272.0858688544396,2475.4209347793135,599.5184140729452,cam_2_1690281596_05-39-56.jpg
105,40,3048.0533210511844,193.06789253759908,3295.5753219512526,296.44359961786824,cam_2_1690281596_05-39-56.jpg
105,44,2723.355111429143,221.26786442638314,3107.8053851821505,438.94998657118424,cam_2_1690281596_05-39-56.jpg
105,74,2862.3878222111707,152.20160978158475,3159.4767539219743,395.4211407398178,cam_2_1690281596_05-39-56.jpg
105,76,2488.207578863978,418.3147993804291,2945.555182272727,634.0444406747749,cam_2_1690281596_05-39-56.jpg
105,99,3180.5020459921957,230.62218069262167,3498.422549302771,489.11271640640473,cam_2_1690281596_05-39-56.jpg
105,103,27.520672936212065,202.5815353996167,776.6416692589003,638.0201237990566,cam_2_1690281596_05-39-56.jpg
105,114,1838.7467106749004,398.15364954669576,2262.5871072191962,716.9783850693705,cam_2_1690281596_05-39-56.jpg
106,1,2214.7821802312355,267.44247278774253,2686.778705876035,603.0312789446266,cam_2_1690281641_05-40-41.jpg
106,24,2696.803659060663,144.7931657810585,2833.7962522056805,247.73778856264013,cam_2_1690281641_05-40-41.jpg
106,27,1944.7779975796961,280.43821649129944,2472.679441566674,615.9547318270174,cam_2_1690281641_05-40-41.jpg
106,40,3058.576689329172,197.02700398759185,3292.5903334192135,289.91080290406126,cam_2_1690281641_05-40-41.jpg
106,44,2697.5834179668686,214.27424353955843,3092.340818182579,438.02842454503815,cam_2_1690281641_05-40-41.jpg
106,74,2873.946110331174,157.13330154909943,3158.7238256431756,388.6768824887723,cam_2_1690281641_05-40-41.jpg
106,76,2475.5043604010048,421.727701534398,2933.2680729220447,639.0857619985804,cam_2_1690281641_05-40-41.jpg
106,99,3174.450851755062,231.10654007460298,3487.9547253798855,486.0510258861051,cam_2_1690281641_05-40-41.jpg
106,103,27.05781987591604,205.94808195698494,768.5327895270692,641.7352161293661,cam_2_1690281641_05-40-41.jpg
106,114,1851.1844743583454,460.5050773494393,2263.923313117234,761.3608241524053,cam_2_1690281641_05-40-41.jpg
107,1,2242.720419712756,267.4141298410901,2697.157842505148,593.2084330816845,cam_2_1690281671_05-41-11.jpg
107,24,2693.0796677658436,143.52413217672907,2830.0800901979346,244.88071221506766,cam_2_1690281671_05-41-11.jpg
107,27,1950.205244801367,281.5025029115095,2481.44406861765,620.6037805683104,cam_2_1690281671_05-41-11.jpg
107,44,2682.902642485481,215.73398938617675,3072.679755214771,438.0796014402613,cam_2_1690281671_05-41-11.jpg
107,74,2866.6036833955277,158.4584575554925,3170.2899431850087,403.5019326482699,cam_2_1690281671_05-41-11.jpg
107,76,2478.9431401078737,421.48781449767176,2929.1346250587517,636.6051993763622,cam_2_1690281671_05-41-11.jpg
107,92,3028.9407611470483,194.523617413702,3311.948002895585,297.4466775367215,cam_2_1690281671_05-41-11.jpg
107,99,3163.639574299151,234.9661448630367,3471.3741072363123,487.04636311580043,cam_2_1690281671_05-41-11.jpg
107,103,30.042064330133257,207.8041458974078,762.8425401152977,641.754613926363,cam_2_1690281671_05-41-11.jpg
107,114,1850.9345475300959,479.18238064293865,2267.064836326259,773.824246782613,cam_2_1690281671_05-41-11.jpg
107,115,3312.7937194555006,214.43433354967055,3573.0298431260007,449.733896575873,cam_2_1690281671_05-41-11.jpg
107,127,843.4334643599909,342.99811187021476,1356.456759985615,983.9252556098994,cam_2_1690281671_05-41-11.jpg
108,1,2246.13440340361,264.5469740675053,2668.8567076850372,567.5435179071732,cam_2_1690281896_05-44-56.jpg
108,13,2513.0876134040395,201.65290668042698,2654.124011492217,346.0066337495266,cam_2_1690281896_05-44-56.jpg
108,16,2999.980130025955,194.96929461356171,3305.6611154740913,425.50296662199423,cam_2_1690281896_05-44-56.jpg
108,27,1976.6256425710017,285.50805307685647,2459.1709452691202,586.5877069157646,cam_2_1690281896_05-44-56.jpg
108,44,2676.884043054477,217.29615473710834,3047.206103839538,432.60826116193203,cam_2_1690281896_05-44-56.jpg
108,62,2695.076587976906,153.6780511084407,2817.201041874896,289.9583424506824,cam_2_1690281896_05-44-56.jpg
108,74,2885.3394164932392,167.5122138476454,3186.42484466197,410.34488482946256,cam_2_1690281896_05-44-56.jpg
108,99,3109.623469229616,216.5552259325772,3401.621296486365,460.62894829866514,cam_2_1690281896_05-44-56.jpg
108,103,-6.543248403660755,213.87944898078223,707.9171364712176,646.682537078228,cam_2_1690281896_05-44-56.jpg
108,114,1862.692822442132,483.05983411361456,2250.110359459359,747.3616174845017,cam_2_1690281896_05-44-56.jpg
108,115,3335.7926164385585,212.18466257872223,3593.350080409092,438.86085469372864,cam_2_1690281896_05-44-56.jpg
109,8,2590.896272443269,148.92179189750047,2806.930214549801,275.3334103403709,cam_2_1690281986_05-46-26.jpg
109,16,3009.8433561592947,192.4090081175383,3293.769341712495,409.7313835438065,cam_2_1690281986_05-46-26.jpg
109,27,1997.7811355063243,284.09322345470883,2397.5248846487,521.8164390364279,cam_2_1690281986_05-46-26.jpg
109,44,2694.4756111274673,208.15656684243163,3089.626983109338,440.58290427514044,cam_2_1690281986_05-46-26.jpg
109,74,2877.021831217993,169.8595726893804,3182.1369757045622,415.77382620587275,cam_2_1690281986_05-46-26.jpg
109,103,-22.409503583266485,214.41508416193628,676.121102054967,648.2909294587456,cam_2_1690281986_05-46-26.jpg
109,115,3350.4644564933024,213.2310070903257,3606.549513128211,432.6735243103694,cam_2_1690281986_05-46-26.jpg
110,16,3014.8626436902346,189.14638183463572,3286.8364050393598,399.5225385948521,cam_2_1690282046_05-47-26.jpg
110,27,2009.8595669130736,281.09844653397494,2399.767488748288,502.8522209072672,cam_2_1690282046_05-47-26.jpg
110,44,2718.016759906676,213.26085538590178,3107.0725333592054,441.02637846171854,cam_2_1690282046_05-47-26.jpg
110,74,2876.6512297325994,167.21285822021392,3181.6904850952365,413.2342779232788,cam_2_1690282046_05-47-26.jpg
110,76,2548.345663506877,400.21619711032116,2961.1199939693615,597.7877838285116,cam_2_1690282046_05-47-26.jpg
110,103,-19.737704862553812,215.48569398831944,664.707427222979,649.8087486116164,cam_2_1690282046_05-47-26.jpg
110,115,3378.2023133911225,217.2010148716023,3627.1421498802765,428.6173403260426,cam_2_1690282046_05-47-26.jpg
110,117,2563.2767848039834,152.8441444351684,2802.8975403261525,355.0360885099461,cam_2_1690282046_05-47-26.jpg
110,122,2307.44311424227,445.3745111562307,2778.178884138203,676.9167229402535,cam_2_1690282046_05-47-26.jpg
111,16,3002.7985315133487,187.06114060219733,3262.282450286619,389.1558030142169,cam_2_1690282211_05-50-11.jpg
111,27,1976.5345056742565,284.75830507124795,2394.0710278955285,521.6953540130751,cam_2_1690282211_05-50-11.jpg
111,44,2730.3637111377293,211.83077497336902,3130.7553577411522,450.1471133347326,cam_2_1690282211_05-50-11.jpg
111,53,1135.7028823127034,277.147905653237,1550.0701783127445,697.2510355383748,cam_2_1690282211_05-50-11.jpg
111,74,2885.789061381402,174.4202070275606,3188.6947980687105,417.13095709636667,cam_2_1690282211_05-50-11.jpg
111,76,2574.3769404057734,395.4349088130148,2953.80239958182,574.8047692047285,cam_2_1690282211_05-50-11.jpg
111,94,2712.544634341638,150.74005217893261,2943.4408860327953,239.9711669663853,cam_2_1690282211_05-50-11.jpg
111,99,3120.7072060596283,197.74965476038645,3368.9500447882883,404.89358512750255,cam_2_1690282211_05-50-11.jpg
111,103,-27.37625749297092,216.69216280419673,643.0351272678596,652.5341239076895,cam_2_1690282211_05-50-11.jpg
111,115,3378.2763824278395,216.24159784577844,3648.185760972265,438.03719272646435,cam_2_1690282211_05-50-11.jpg
111,117,2515.710205104918,152.82710760674013,2773.6318285699035,361.21098480353976,cam_2_1690282211_05-50-11.jpg
111,122,2324.8189916756414,445.55446262860363,2791.636784887553,677.412914009736,cam_2_1690282211_05-50-11.jpg
112,16,3034.1886921931364,194.75268134838797,3280.1298243791116,383.1944544413083,cam_2_1690282241_05-50-41.jpg
112,27,1846.3158780429405,264.96519484215844,2326.4110613118414,546.0926832501798,cam_2_1690282241_05-50-41.jpg
112,44,2722.2730631700138,184.18795454885816,3071.594911244274,398.2763863652448,cam_2_1690282241_05-50-41.jpg
112,74,2885.588870750477,177.90492706658193,3205.6598832225986,435.213944499148,cam_2_1690282241_05-50-41.jpg
112,76,2596.7391268268266,395.04841000147127,2952.5944328189184,560.1469642160112,cam_2_1690282241_05-50-41.jpg
112,91,3158.9571339950635,194.67979085582624,3345.312403454311,321.0358200773477,cam_2_1690282241_05-50-41.jpg
112,98,1769.1509048244484,479.9850694659075,2289.280371784829,764.8234167662314,cam_2_1690282241_05-50-41.jpg
112,103,-30.201977862579895,215.50406085144587,631.3510053483351,655.9619354055578,cam_2_1690282241_05-50-41.jpg
112,115,3374.877240235571,220.26543841437422,3660.323802050173,448.5637990830886,cam_2_1690282241_05-50-41.jpg
112,117,2494.924269712807,153.77398741207048,2773.7744775611914,371.2960754661906,cam_2_1690282241_05-50-41.jpg
112,122,2298.7412755182713,442.12537995256486,2770.7206725818046,674.2568767884851,cam_2_1690282241_05-50-41.jpg
112,127,1074.0424968507948,338.8659784162648,1470.8622370618339,843.6240297290917,cam_2_1690282241_05-50-41.jpg
113,16,3055.1175675742347,195.347612177705,3266.832159905023,348.36349568326307,cam_2_1690282466_05-54-26.jpg
113,42,2303.210052911917,143.57348726914444,2614.7757379895565,371.1827706824736,cam_2_1690282466_05-54-26.jpg
113,44,2724.287181130078,167.6912140418837,2980.267530971622,321.5571952156822,cam_2_1690282466_05-54-26.jpg
113,74,2888.477593975814,179.56230205179233,3197.473538826768,425.67285121995644,cam_2_1690282466_05-54-26.jpg
113,76,2588.991281234601,397.90111659383535,2943.652366608271,559.0845640498728,cam_2_1690282466_05-54-26.jpg
113,98,1832.7313745890078,482.98616766099155,2313.8964277504556,739.7178464953097,cam_2_1690282466_05-54-26.jpg
113,103,-34.175767523646755,214.2523865773408,612.2571858735789,654.3407450465351,cam_2_1690282466_05-54-26.jpg
113,115,3283.64238216123,240.00732476595883,3593.645322381406,481.5301463163213,cam_2_1690282466_05-54-26.jpg
113,117,2542.7834700273024,195.39003109920205,2810.146935673608,398.9105911772467,cam_2_1690282466_05-54-26.jpg
113,122,2295.012172768735,445.92911868242095,2765.2283219231144,674.2026005210364,cam_2_1690282466_05-54-26.jpg
114,16,3068.7595608443853,195.73865581766083,3248.2770160961377,316.2556675069764,cam_2_1690282646_05-57-26.jpg
114,42,2289.4948250606003,139.93416317176911,2602.6712130944043,362.2119058089133,cam_2_1690282646_05-57-26.jpg
114,74,2898.6885133660144,188.0537021953648,3212.1267995583926,430.98646129480267,cam_2_1690282646_05-57-26.jpg
114,76,2585.360824862638,395.6314120798402,2951.648006378314,561.0836728211972,cam_2_1690282646_05-57-26.jpg
114,98,1833.4709336712042,481.1533780706867,2324.0356870043747,738.4091506859653,cam_2_1690282646_05-57-26.jpg
114,103,-49.25634255425848,209.88135067318095,593.7843641095498,659.110960751262,cam_2_1690282646_05-57-26.jpg
114,115,3241.8915169107454,246.89170072627738,3557.5462692025494,488.60148487040385,cam_2_1690282646_05-57-26.jpg
114,117,2614.294037502166,181.84837027792253,2881.306770387032,387.02561174859136,cam_2_1690282646_05-57-26.jpg
114,122,2289.9198632167136,446.8237304850258,2760.684786003117,674.272831215682,cam_2_1690282646_05-57-26.jpg
115,16,3068.605467736396,196.90865576409348,3255.126407400732,316.0176735795522,cam_2_1690282661_05-57-41.jpg
115,42,2277.6255384796623,138.6140658604435,2592.8987505689565,361.15542602805374,cam_2_1690282661_05-57-41.jpg
115,74,2899.375536111989,189.77665083907365,3215.1013308241404,426.7325108516882,cam_2_1690282661_05-57-41.jpg
115,76,2578.5759483865622,395.9048783957518,2958.196709721151,566.701524119839,cam_2_1690282661_05-57-41.jpg
115,98,1827.132103269552,480.04880709812744,2327.916446750771,740.1024755096694,cam_2_1690282661_05-57-41.jpg
115,103,-49.89110638776691,212.2088052362427,574.5900811591625,658.7459137745267,cam_2_1690282661_05-57-41.jpg
115,115,3223.426231701323,249.156264174575,3538.9126933818925,487.7539211482182,cam_2_1690282661_05-57-41.jpg
115,117,2637.5210435066847,175.26293252106882,2903.497869270957,381.1953461504752,cam_2_1690282661_05-57-41.jpg
115,122,2289.7341706671154,447.83749058681553,2762.3671103794914,674.9799607900802,cam_2_1690282661_05-57-41.jpg
115,141,2026.170516341679,475.9668879464908,2561.259766643464,728.2929514146044,cam_2_1690282661_05-57-41.jpg
116,16,3055.282799556712,190.50837523505686,3236.923374864131,302.342319608152,cam_2_1690282706_05-58-26.jpg
116,42,2278.6789364442893,138.63219545346877,2594.490657212531,358.59460605261427,cam_2_1690282706_05-58-26.jpg
116,74,2888.9483307873206,187.13712612032617,3219.3275004089037,430.18737423005194,cam_2_1690282706_05-58-26.jpg
116,76,2576.768010711446,396.1879198257744,2956.8765833667203,566.1153420335017,cam_2_1690282706_05-58-26.jpg
116,98,1822.1049300298098,478.73389503627567,2330.0435595075346,740.4499492588113,cam_2_1690282706_05-58-26.jpg
116,103,-48.2596311124083,213.21892612550872,557.8621031184646,656.4767993613203,cam_2_1690282706_05-58-26.jpg
116,115,3173.811134143839,239.55929606901842,3491.0200770501465,480.0479547167937,cam_2_1690282706_05-58-26.jpg
116,117,2648.9548148494528,174.96217410091649,2910.0831529682446,379.5209035351211,cam_2_1690282706_05-58-26.jpg
116,122,2284.373324820425,447.4539663562753,2760.05386589948,674.9324038217911,cam_2_1690282706_05-58-26.jpg
116,141,2033.7414151204507,477.55773033454363,2563.858088990094,727.8807021635992,cam_2_1690282706_05-58-26.jpg
116,142,2015.102844373197,270.92418146104484,2449.953868392566,494.66661715994746,cam_2_1690282706_05-58-26.jpg
117,42,2306.835472282505,136.59688474971853,2607.914088302691,346.7272035009805,cam_2_1690282976_06-02-56.jpg
117,74,2892.3650782798973,186.8678337360401,3220.8400569201135,424.5972556789478,cam_2_1690282976_06-02-56.jpg
117,76,2555.964536370838,399.73575956001,2976.0902266961425,588.2850146086549,cam_2_1690282976_06-02-56.jpg
117,98,1823.1816918762563,479.40292937697023,2333.923958787157,741.8598140021154,cam_2_1690282976_06-02-56.jpg
117,115,3221.394777370182,227.9775828042845,3530.7366012493485,456.3391180172793,cam_2_1690282976_06-02-56.jpg
117,117,2655.144250495593,172.30446990563854,2903.60429647442,367.9774131309608,cam_2_1690282976_06-02-56.jpg
117,122,2270.6198457384185,443.9264804779025,2748.7359524001276,669.8119230199914,cam_2_1690282976_06-02-56.jpg
117,141,2056.147795160016,482.1345606156648,2566.41483528241,722.9062579059627,cam_2_1690282976_06-02-56.jpg
118,42,2314.35502769202,134.4043997314385,2627.1092266085957,358.44384470238106,cam_2_1690283186_06-06-26.jpg
118,74,2880.8695798867534,175.65888003328854,3214.1907033041557,411.73540247446783,cam_2_1690283186_06-06-26.jpg
118,98,1824.9338473967534,484.809752813218,2326.7681115794853,742.1747029375206,cam_2_1690283186_06-06-26.jpg
118,117,2661.739032799861,207.69800203216738,2933.4195084892895,407.0243906651673,cam_2_1690283186_06-06-26.jpg
118,122,2262.243963251465,441.65417384224065,2737.5374589745234,662.2102626103051,cam_2_1690283186_06-06-26.jpg
118,127,1506.817913414445,255.54926185750594,1837.2988430174353,665.4346380025905,cam_2_1690283186_06-06-26.jpg
118,141,2055.6725715319503,485.03718172419167,2562.3929691770054,724.4277310567763,cam_2_1690283186_06-06-26.jpg
119,42,2338.844236840507,135.015309746424,2645.9603587490287,360.67254601610335,cam_2_1690283291_06-08-11.jpg
119,74,2875.7060540787857,171.22409112866666,3218.639537978171,411.70747485280117,cam_2_1690283291_06-08-11.jpg
119,98,1809.3378011872126,482.43767527060174,2337.847810398587,755.790648529262,cam_2_1690283291_06-08-11.jpg
119,117,2661.4227399989904,219.51782129319196,2946.270481984502,418.16659717069615,cam_2_1690283291_06-08-11.jpg
119,122,2268.396183806823,441.5447494031183,2724.054375457897,647.709771377163,cam_2_1690283291_06-08-11.jpg
119,141,2055.7084785677034,487.0250113101848,2558.230072470477,724.570633876872,cam_2_1690283291_06-08-11.jpg
120,42,2401.2162061775753,143.41604141748098,2683.1558966477064,362.568865942161,cam_2_1690283306_06-08-26.jpg
120,74,2868.050136181772,170.99078557163958,3226.070825237852,419.56721945363336,cam_2_1690283306_06-08-26.jpg
120,98,1808.7440545047934,479.6052755318853,2357.666691899014,764.7766400187411,cam_2_1690283306_06-08-26.jpg
120,117,2663.5538713253795,225.65019698354394,2963.1884729949206,424.8487878487524,cam_2_1690283306_06-08-26.jpg
120,122,2261.246842056955,442.2913546741323,2726.030104595461,649.0473955540339,cam_2_1690283306_06-08-26.jpg
120,141,2052.261503593997,487.02081219424684,2550.505670069576,723.3709212618162,cam_2_1690283306_06-08-26.jpg
120,148,2507.9136701732887,521.2894260272844,3047.7296682992906,941.2346214333088,cam_2_1690283306_06-08-26.jpg
120,149,3254.778027709907,387.98949523002466,3551.641722017913,554.4107370790653,cam_2_1690283306_06-08-26.jpg
120,150,2624.4110933440998,145.09928531924777,2879.8268945941777,245.33835457071945,cam_2_1690283306_06-08-26.jpg
120,151,2782.2076593443676,470.822658655852,3349.7711130316598,793.5164527134132,cam_2_1690283306_06-08-26.jpg
121,42,2419.697294818348,142.84222397792348,2680.4643074970245,359.10967731183575,cam_2_1690283321_06-08-41.jpg
121,74,2863.0083551933226,169.66490433093097,3227.481932637367,420.3238308288709,cam_2_1690283321_06-08-41.jpg
121,98,1807.7368953845903,479.4483747731039,2346.33049632957,760.6451651439054,cam_2_1690283321_06-08-41.jpg
121,117,2659.762454335528,228.13456208522467,2966.466892568626,423.7553798164231,cam_2_1690283321_06-08-41.jpg
121,122,2262.84191729361,441.5834439898379,2727.0542064856045,644.082099293278,cam_2_1690283321_06-08-41.jpg
121,141,2050.1382725036833,486.89336951267614,2547.7905973496872,724.0943374623939,cam_2_1690283321_06-08-41.jpg
121,148,2509.638586483235,520.069376635141,3052.168523441177,942.9602071732236,cam_2_1690283321_06-08-41.jpg
121,149,3249.963112030721,388.33902155446685,3547.474746881018,553.4469278570388,cam_2_1690283321_06-08-41.jpg
121,150,2621.6488240860085,145.25672804413531,2876.0158564470066,244.95721564961542,cam_2_1690283321_06-08-41.jpg
121,151,2768.9646405188373,474.37324405342866,3334.558909561835,794.9908630152663,cam_2_1690283321_06-08-41.jpg
121,152,3363.5241425773756,447.9993740294431,3640.189988195993,898.2789572770018,cam_2_1690283321_06-08-41.jpg
121,153,3577.9307579610527,289.83944356372945,3804.9311713217153,648.8685097422392,cam_2_1690283321_06-08-41.jpg
121,154,3008.4575500589194,426.496747467481,3437.309499318338,659.1269207176031,cam_2_1690283321_06-08-41.jpg
122,42,2507.246349846129,142.35274124488618,2782.1590487552053,361.3336291231425,cam_2_1690283591_06-13-11.jpg
122,74,2874.419399862854,178.67045242513413,3197.6295077021045,397.1063490428023,cam_2_1690283591_06-13-11.jpg
122,91,3192.2968336938334,199.5064142385425,3402.8309515980573,339.796203163793,cam_2_1690283591_06-13-11.jpg
122,98,1794.3263994065226,475.41289580980487,2308.1024709473472,746.6527068632665,cam_2_1690283591_06-13-11.jpg
122,122,2263.32346229175,443.62930416216466,2730.308766873574,643.4522823512232,cam_2_1690283591_06-13-11.jpg
122,141,2047.306062154364,485.92871011696747,2553.901714840825,727.5053042283015,cam_2_1690283591_06-13-11.jpg
122,148,2519.705657633588,520.7954403652209,3057.444056401726,941.2495796299216,cam_2_1690283591_06-13-11.jpg
122,151,2770.782377185741,453.7959150608767,3372.2266335419895,796.8679407712366,cam_2_1690283591_06-13-11.jpg
122,152,3440.0622666281506,455.15894310453547,3695.2772814187456,855.3275155378017,cam_2_1690283591_06-13-11.jpg
122,153,3610.377324920138,285.340981250716,3775.386991545685,527.9423807848935,cam_2_1690283591_06-13-11.jpg
122,154,3067.339266368026,358.514893550622,3607.1087831441264,651.452641618577,cam_2_1690283591_06-13-11.jpg
123,42,2542.941358745998,143.99399101891734,2826.4776254377252,362.97289310615497,cam_2_1690283681_06-14-41.jpg
123,74,2877.586891615603,184.5897600160912,3200.133293502522,399.25849373720143,cam_2_1690283681_06-14-41.jpg
123,98,1799.2876205311452,473.0572318369965,2304.6006081431524,741.6012820602822,cam_2_1690283681_06-14-41.jpg
123,122,2257.6403028121267,445.7359492433844,2737.140685024131,647.843542303104,cam_2_1690283681_06-14-41.jpg
123,141,2045.6727885320086,481.9149193476479,2557.1940963157795,726.468508908879,cam_2_1690283681_06-14-41.jpg
123,148,2525.0537661995136,520.6116909441249,3059.878171088131,940.3985375752103,cam_2_1690283681_06-14-41.jpg
123,151,2758.408751512766,454.06485202956605,3357.9365547125603,795.6687883483405,cam_2_1690283681_06-14-41.jpg
123,152,3360.516547528828,471.19876300017245,3630.3034154239062,895.4708806538872,cam_2_1690283681_06-14-41.jpg
123,153,3541.9408966044525,271.8634740429273,3715.828131294292,516.4599796605173,cam_2_1690283681_06-14-41.jpg
123,154,3148.792835199314,344.18736293163965,3695.5890258284235,642.2830528982431,cam_2_1690283681_06-14-41.jpg
124,42,2553.3899350939087,144.6528108013174,2846.0119809501416,365.5627275044245,cam_2_1690283696_06-14-56.jpg
124,74,2876.6358104741566,185.6454434751779,3192.863495180346,393.2517252272212,cam_2_1690283696_06-14-56.jpg
124,98,1807.5111845099377,472.6459296839341,2308.4461517151644,739.4004283755853,cam_2_1690283696_06-14-56.jpg
124,122,2267.788354234113,446.8732144392598,2754.140129339137,648.258825456169,cam_2_1690283696_06-14-56.jpg
124,141,2045.8083291623986,479.08979775954595,2560.827671058338,725.7163111020127,cam_2_1690283696_06-14-56.jpg
124,148,2528.1645949695526,521.5474772762823,3059.0138778743903,939.6045937706698,cam_2_1690283696_06-14-56.jpg
124,151,2757.5422126156855,450.09787894566824,3362.2216821209167,795.5431378608689,cam_2_1690283696_06-14-56.jpg
124,153,3484.868601519619,254.65168173280108,3619.865231258845,432.9847279857389,cam_2_1690283696_06-14-56.jpg
124,154,3041.007053074971,326.7301331916855,3747.78834971664,717.0265038849016,cam_2_1690283696_06-14-56.jpg
125,42,2544.81559842226,144.39766137622092,2846.069223020054,367.50232986993745,cam_2_1690283816_06-16-56.jpg
125,44,2754.731829934283,136.23779319267027,2981.071894165843,275.2714461600426,cam_2_1690283816_06-16-56.jpg
125,74,2879.3186222889212,190.5373770539507,3183.5883192761944,387.0190873503632,cam_2_1690283816_06-16-56.jpg
125,98,1818.7635903261873,474.7328497540027,2319.7191121001906,740.0714029891158,cam_2_1690283816_06-16-56.jpg
125,122,2259.798118417741,448.2451253229359,2752.3297062781467,649.1921575380294,cam_2_1690283816_06-16-56.jpg
125,141,2049.850104125763,477.95066035346866,2563.3523107079336,723.9408064445631,cam_2_1690283816_06-16-56.jpg
125,148,2531.031900777782,523.8922985690429,3055.3547914948667,938.1791951709121,cam_2_1690283816_06-16-56.jpg
125,151,2757.3420385754416,454.20749798624604,3353.034731597125,794.0461042978282,cam_2_1690283816_06-16-56.jpg
125,154,3016.002098579003,323.35417887090045,3777.7765507552836,751.2314448720588,cam_2_1690283816_06-16-56.jpg
126,42,2540.630480356077,144.58169231014145,2847.696986318546,367.89754590382427,cam_2_1690283846_06-17-26.jpg
126,44,2767.925134962845,133.90003009714601,2968.775604186745,253.80836016722867,cam_2_1690283846_06-17-26.jpg
126,74,2879.1407200855188,188.16183264097126,3200.6922587215317,392.6214108062354,cam_2_1690283846_06-17-26.jpg
126,98,1824.378859387093,476.0446868860323,2325.697419008667,740.1839351584669,cam_2_1690283846_06-17-26.jpg
126,122,2248.183612240679,448.43459359193025,2755.305752448594,653.2181877077892,cam_2_1690283846_06-17-26.jpg
126,141,2054.4561784543453,479.84314966389786,2561.4260875118634,723.1527574644947,cam_2_1690283846_06-17-26.jpg
126,148,2531.2366311539213,522.5208571535502,3054.716878918179,937.847878070231,cam_2_1690283846_06-17-26.jpg
126,151,2756.906857088649,454.3499099425081,3352.0056450847023,793.6453131174742,cam_2_1690283846_06-17-26.jpg
126,154,3088.3034044223587,334.10285598868415,3862.72926362259,779.955312646718,cam_2_1690283846_06-17-26.jpg
127,42,2538.906434751305,145.8539798044058,2848.1072728260747,367.4552888176264,cam_2_1690283876_06-17-56.jpg
127,44,2767.5159595038094,133.76820977208985,2961.239493058872,247.91028400695498,cam_2_1690283876_06-17-56.jpg
127,74,2875.9418993262875,190.4212009324405,3184.039357336521,383.98781147211037,cam_2_1690283876_06-17-56.jpg
127,98,1819.1197362227326,474.497862961125,2330.0139483332428,743.401972072068,cam_2_1690283876_06-17-56.jpg
127,122,2245.308418251901,447.95597876471095,2750.987517839085,649.913986756471,cam_2_1690283876_06-17-56.jpg
127,141,2057.4887975770407,482.5424472776633,2561.9282058618346,724.7511006743757,cam_2_1690283876_06-17-56.jpg
127,148,2532.4578917704353,522.0252278094094,3053.954858739323,937.4087062361427,cam_2_1690283876_06-17-56.jpg
127,151,2765.6027898176467,448.98840376611486,3368.133948094686,794.5683234839548,cam_2_1690283876_06-17-56.jpg
127,154,3040.159471272261,331.8641666298027,3796.7355583662124,773.8714953407168,cam_2_1690283876_06-17-56.jpg
127,156,3369.2349511159778,265.5492776093999,3820.6942901743155,509.30582198662535,cam_2_1690283876_06-17-56.jpg
128,42,2539.955101205989,146.1114843501503,2851.78954184553,367.36532689293637,cam_2_1690283921_06-18-41.jpg
128,44,2760.6117882912904,134.641466254824,2965.7127485360793,255.2708966077624,cam_2_1690283921_06-18-41.jpg
128,74,2877.4117094049793,193.43115305328396,3180.559639931285,381.65527192542913,cam_2_1690283921_06-18-41.jpg
128,98,1821.633802573948,473.705196308962,2348.0089680905025,750.5560073536058,cam_2_1690283921_06-18-41.jpg
128,122,2246.226801387371,448.2983174528245,2749.5452605925793,646.904811640889,cam_2_1690283921_06-18-41.jpg
128,141,2057.3681062721953,483.65325130620835,2563.155974115128,727.5419377745397,cam_2_1690283921_06-18-41.jpg
128,148,2539.083575658869,529.068400553374,3049.993021148023,937.1266119951845,cam_2_1690283921_06-18-41.jpg
128,151,2769.0764871506094,458.93816647375735,3351.3364430292004,792.4049471618589,cam_2_1690283921_06-18-41.jpg
128,154,3046.9562310569736,332.3403431637015,3714.082052314467,724.9695702140161,cam_2_1690283921_06-18-41.jpg
128,156,3364.407318131845,262.8232291359912,3848.509514969206,525.6698502598442,cam_2_1690283921_06-18-41.jpg
129,42,2538.9810992789667,147.2232523170867,2852.5415378316798,367.54274555223856,cam_2_1690283951_06-19-11.jpg
129,44,2754.4503315361294,134.8235925203751,2965.1022101934254,259.85721836398227,cam_2_1690283951_06-19-11.jpg
129,74,2877.348455692213,194.61536547976849,3196.9965128605368,390.23124607925297,cam_2_1690283951_06-19-11.jpg
129,98,1820.4745553486737,473.2752525442353,2334.6777044511964,743.3523177503338,cam_2_1690283951_06-19-11.jpg
129,122,2239.894031208028,447.73796478763757,2757.443204426563,650.5573222271946,cam_2_1690283951_06-19-11.jpg
129,141,2055.262427791228,481.32692848175486,2561.2965835355435,725.8417431595257,cam_2_1690283951_06-19-11.jpg
129,148,2538.7305238167755,529.3097352105473,3047.2335908366986,936.6272508158518,cam_2_1690283951_06-19-11.jpg
129,151,2772.5381064215903,459.7242493863438,3345.7917977973843,789.0994273317253,cam_2_1690283951_06-19-11.jpg
129,154,3091.105700660508,348.3052872825566,3803.071965309469,773.366385167157,cam_2_1690283951_06-19-11.jpg
129,156,3418.5747747727587,267.1987059327795,3858.2395010281293,505.4868910807336,cam_2_1690283951_06-19-11.jpg
130,42,2540.003425859985,148.62966418188296,2852.3535412940773,367.20131311935745,cam_2_1690283981_06-19-41.jpg
130,44,2759.963938779525,135.9763526242868,2961.2123209970478,254.680256221637,cam_2_1690283981_06-19-41.jpg
130,74,2876.3506168747385,194.70442591650345,3210.475474465277,396.47657038063153,cam_2_1690283981_06-19-41.jpg
130,98,1805.850486956348,472.57086723371964,2341.577521568764,756.213112150192,cam_2_1690283981_06-19-41.jpg
130,122,2239.364908546464,449.7531049699266,2749.2049549218314,647.9987602435858,cam_2_1690283981_06-19-41.jpg
130,141,2055.065364338863,481.01935525352144,2563.058532227142,726.8655842953841,cam_2_1690283981_06-19-41.jpg
130,148,2536.8074679118254,524.8944213430002,3047.8751564904187,935.6553149252123,cam_2_1690283981_06-19-41.jpg
130,149,3390.450854559806,265.19488257655246,3681.6725619190056,428.0263193761578,cam_2_1690283981_06-19-41.jpg
130,151,2759.17101840029,457.39991901752376,3340.6308320154353,790.9335829594007,cam_2_1690283981_06-19-41.jpg
130,154,3127.744331611352,357.1262341884383,3842.7707912705864,792.5663722354425,cam_2_1690283981_06-19-41.jpg
130,156,3444.110129301606,267.59972202703403,3859.368368507504,492.2955164003037,cam_2_1690283981_06-19-41.jpg
131,42,2535.8718006959825,145.72380923163263,2852.7498557176655,365.95626989370953,cam_2_1690283996_06-19-56.jpg
131,44,2750.286674849802,135.03907232594077,2967.7827538234706,265.1692791214193,cam_2_1690283996_06-19-56.jpg
131,74,2877.1189632487685,197.06239353682298,3204.3994061518397,391.7339103053353,cam_2_1690283996_06-19-56.jpg
131,98,1799.5638276485167,472.63089986288026,2343.2812059833504,762.9276990056076,cam_2_1690283996_06-19-56.jpg
131,115,3095.763335229589,378.9795974949078,3522.585128355582,684.9781736870556,cam_2_1690283996_06-19-56.jpg
131,122,2244.6085177306527,450.3954632491114,2748.0014944315385,644.2183083263523,cam_2_1690283996_06-19-56.jpg
131,141,2055.8575102875952,481.41568804199625,2561.8569858170827,726.3367856903324,cam_2_1690283996_06-19-56.jpg
131,148,2539.329556065069,527.9395600959135,3046.3467624368104,936.6829527912372,cam_2_1690283996_06-19-56.jpg
131,149,3392.1385761582915,242.74416390628699,3749.7798403598886,455.7149626913863,cam_2_1690283996_06-19-56.jpg
131,151,2766.175336720587,462.2810405873886,3341.0944098356335,790.763359602098,cam_2_1690283996_06-19-56.jpg
132,13,2624.5681490757665,143.92698719012236,2852.6889028950204,362.3538401463975,cam_2_1690284011_06-20-11.jpg
132,74,2876.6364728586,194.6220415568753,3206.895761740454,387.82627525498674,cam_2_1690284011_06-20-11.jpg
132,98,1799.1443628661984,471.863792838239,2344.532945287364,765.2217359918652,cam_2_1690284011_06-20-11.jpg
132,115,3070.616879036925,405.50599360793905,3496.1466343587413,700.9561735622215,cam_2_1690284011_06-20-11.jpg
132,122,2251.591184797206,449.89707674184797,2749.320609150081,639.5418504710344,cam_2_1690284011_06-20-11.jpg
132,141,2056.4530289778454,480.7171057328593,2562.3119910713276,726.0260749321286,cam_2_1690284011_06-20-11.jpg
132,148,2542.128061146095,530.5277372731856,3044.6978190781797,936.5340340072319,cam_2_1690284011_06-20-11.jpg
132,149,3395.6880725046935,232.3641074133414,3763.117328963669,462.6064922886339,cam_2_1690284011_06-20-11.jpg
132,151,2757.874304519938,460.41067604412103,3340.540691243056,792.7878876847415,cam_2_1690284011_06-20-11.jpg
133,24,2746.378452785795,135.41511164850317,2955.6289841819603,287.9180341533877,cam_2_1690284026_06-20-26.jpg
133,42,2541.637940599649,144.03933653488838,2857.7329339757316,362.9113856937407,cam_2_1690284026_06-20-26.jpg
133,74,2870.543182478143,195.20918148940981,3203.876565537972,387.68945728600727,cam_2_1690284026_06-20-26.jpg
133,98,1797.0261660184228,472.3320356339682,2345.3732729298376,769.7340960251588,cam_2_1690284026_06-20-26.jpg
133,115,3052.6040662313208,418.3015000081009,3479.5832017981447,706.7656532040985,cam_2_1690284026_06-20-26.jpg
133,122,2241.9543424582457,449.84030607229795,2749.793654351351,642.3169263556852,cam_2_1690284026_06-20-26.jpg
133,141,2056.0599265584565,481.31710044284665,2560.1285231596426,726.00220511233,cam_2_1690284026_06-20-26.jpg
133,148,2543.491842603891,531.2209711790296,3042.754046686413,935.3420743523334,cam_2_1690284026_06-20-26.jpg
133,149,3390.4778782748735,227.9300677205084,3762.6045575974777,470.5072324386888,cam_2_1690284026_06-20-26.jpg
133,151,2757.757834936413,460.81282305584784,3340.8698532880194,793.1375177055909,cam_2_1690284026_06-20-26.jpg
134,42,2538.384421631377,142.22786092758608,2861.29844236101,364.8168956668768,cam_2_1690284311_06-25-11.jpg
134,74,2872.7711777633776,191.52601644822298,3218.662737254688,389.5349254592411,cam_2_1690284311_06-25-11.jpg
134,98,1791.7110696329582,472.20887500169187,2336.6766366731554,770.8946285557022,cam_2_1690284311_06-25-11.jpg
134,99,2737.1624809554205,134.93788048281198,2957.360577773519,319.7461986546866,cam_2_1690284311_06-25-11.jpg
134,122,2241.2143812958366,447.09726926329995,2734.447618188158,632.7431136131829,cam_2_1690284311_06-25-11.jpg
134,123,2663.238319086345,412.4217557663766,3493.51804071662,934.3461968242628,cam_2_1690284311_06-25-11.jpg
134,141,2054.6735095687136,482.243031126412,2555.264730578222,725.5208622947303,cam_2_1690284311_06-25-11.jpg
134,148,2545.0270976535735,532.984316549058,3043.741717634179,936.9943967129018,cam_2_1690284311_06-25-11.jpg
134,159,3126.4650815269283,361.6121530671861,3688.993637406169,731.5474293588346,cam_2_1690284311_06-25-11.jpg
135,1,2655.744382297616,392.6236938686157,3390.944615046489,933.7198658922102,cam_2_1690284341_06-25-41.jpg
135,42,2538.254134421368,141.84098484146563,2863.9697642143205,365.6828880037475,cam_2_1690284341_06-25-41.jpg
135,74,2856.6775601004247,190.87485839949014,3182.803173124926,379.2100156933483,cam_2_1690284341_06-25-41.jpg
135,98,1784.4545686523802,469.5012927803326,2340.0748625762,777.923099143493,cam_2_1690284341_06-25-41.jpg
135,99,2733.1048881904003,133.51186895835758,2948.813244538775,310.1908888655669,cam_2_1690284341_06-25-41.jpg
135,122,2243.9273301960084,445.3895506552174,2717.401190864862,622.0358514439844,cam_2_1690284341_06-25-41.jpg
135,141,2055.5096533133164,479.51174834886467,2556.1389375075646,722.7612715852266,cam_2_1690284341_06-25-41.jpg
135,148,2539.605828116792,533.5598469417135,3037.4701884944343,936.9464968326952,cam_2_1690284341_06-25-41.jpg
135,159,3125.6230984405265,385.6525810871828,3617.870676255895,709.7204644071594,cam_2_1690284341_06-25-41.jpg
136,1,2673.10778502168,395.56079376316023,3403.0522686429827,943.4557788868315,cam_2_1690284461_06-27-41.jpg
136,98,1784.7283365721357,470.66907177519766,2332.8072767199606,777.9448602663329,cam_2_1690284461_06-27-41.jpg
136,99,2702.582997585506,130.51045176760533,2934.3454968675132,325.10362869294386,cam_2_1690284461_06-27-41.jpg
136,122,2253.7285641792696,450.20893124747425,2704.217200617856,615.4964355715763,cam_2_1690284461_06-27-41.jpg
136,127,2563.37993072262,130.4528719168737,2754.5977458776924,351.8642689447853,cam_2_1690284461_06-27-41.jpg
136,141,2056.867779874849,479.56140285495826,2555.933442252635,722.2067146663692,cam_2_1690284461_06-27-41.jpg
136,148,2536.349591592273,532.9559621679446,3038.189253314231,939.6429882826008,cam_2_1690284461_06-27-41.jpg
136,159,3107.786817875215,409.2885456052371,3556.2774785122724,704.3315334642382,cam_2_1690284461_06-27-41.jpg
137,1,2690.744001220992,397.6413730618735,3410.1884561057404,953.606477316773,cam_2_1690284566_06-29-26.jpg
137,98,1786.619826925512,471.37215199526656,2328.55592853447,778.2354864093194,cam_2_1690284566_06-29-26.jpg
137,99,2692.7639076378023,130.27277516225195,2925.1318183842172,330.7755119946422,cam_2_1690284566_06-29-26.jpg
137,122,2267.431609021444,452.90402715863627,2708.518713844494,610.7400229697478,cam_2_1690284566_06-29-26.jpg
137,127,2581.461495268441,129.1214072203467,2777.2397827325835,344.51941429232056,cam_2_1690284566_06-29-26.jpg
137,141,2056.446166913279,480.8594840937718,2554.8163881611686,723.5101419933387,cam_2_1690284566_06-29-26.jpg
137,148,2531.891358838772,532.4812283008604,3036.086706262685,940.7644749754987,cam_2_1690284566_06-29-26.jpg
137,159,3087.9077897428374,410.796674183836,3536.083777706803,705.6416516717196,cam_2_1690284566_06-29-26.jpg
137,161,3283.7685648262263,400.59300050800425,3648.800919504774,620.4806300764486,cam_2_1690284566_06-29-26.jpg
138,1,2698.8835242745345,396.7790751001438,3407.1778647442416,952.5097064152588,cam_2_1690284911_06-35-11.jpg
138,98,1782.9844633486784,468.3478151939946,2347.334536786324,791.7928667986325,cam_2_1690284911_06-35-11.jpg
138,99,2690.276903092937,128.19662735171806,2926.2034740843596,333.7117457285083,cam_2_1690284911_06-35-11.jpg
138,122,2256.4789872186493,454.2753973789668,2699.7561663771785,610.6769084936511,cam_2_1690284911_06-35-11.jpg
138,127,2578.801387713887,130.63297435647624,2777.0215480281013,340.67507207582787,cam_2_1690284911_06-35-11.jpg
138,141,2058.7462917363246,481.8281376377302,2556.683708069885,725.0715241776625,cam_2_1690284911_06-35-11.jpg
138,148,2526.8698594315006,530.4159622680081,3036.9414579541162,943.5101755938234,cam_2_1690284911_06-35-11.jpg
138,159,3095.7380841872455,418.2821369435079,3529.8551943235566,703.8394870102629,cam_2_1690284911_06-35-11.jpg
138,161,3288.8527467913373,401.49168285353187,3648.947114326178,618.5302814776536,cam_2_1690284911_06-35-11.jpg
138,162,2207.4802494962873,134.20734041303893,2569.29872890933,383.9056424821282,cam_2_1690284911_06-35-11.jpg
138,163,3163.6180963567103,394.1547805331144,3542.141514266508,647.7309486269261,cam_2_1690284911_06-35-11.jpg
139,98,1794.64369180184,467.53390242010096,2370.190720696575,799.8148435111304,cam_2_1690285151_06-39-11.jpg
139,99,2691.544368451579,128.50107264379517,2921.900428615767,331.57236177278946,cam_2_1690285151_06-39-11.jpg
139,115,2848.9145431706693,469.42221814766526,3327.2393884324424,786.6612402115732,cam_2_1690285151_06-39-11.jpg
139,122,2266.702605150084,451.7179708442496,2711.5887044099045,606.5323190910854,cam_2_1690285151_06-39-11.jpg
139,127,2569.058478752153,130.997463123107,2774.404580973607,341.94671051553394,cam_2_1690285151_06-39-11.jpg
139,141,2059.0709927868793,480.20142285016846,2556.3149029254287,723.5724787603492,cam_2_1690285151_06-39-11.jpg
139,148,2532.243114827625,534.7418315136151,3036.253336101791,941.8653790088996,cam_2_1690285151_06-39-11.jpg
139,151,2619.4948573829697,503.1174796134628,3230.384153226196,852.2131533157876,cam_2_1690285151_06-39-11.jpg
139,159,3072.561828868301,423.74963133516826,3499.5972795188195,701.3212057914602,cam_2_1690285151_06-39-11.jpg
139,161,3291.915413735085,401.75318578563093,3651.9099938419326,618.8422193630364,cam_2_1690285151_06-39-11.jpg
139,162,2203.2793392154467,134.01707670623227,2567.8354086197737,386.1349120302492,cam_2_1690285151_06-39-11.jpg
139,163,3158.180430450742,391.46979538522544,3540.75255684044,647.6245501163291,cam_2_1690285151_06-39-11.jpg
140,98,1799.387702276657,467.65533739666375,2375.196362216116,802.2270312617536,cam_2_1690285181_06-39-41.jpg
140,99,2688.21613720552,128.59131098871865,2914.8264828458496,329.9486068924539,cam_2_1690285181_06-39-41.jpg
140,115,2830.003280034662,469.9007053338322,3319.2551601437845,790.3542097541533,cam_2_1690285181_06-39-41.jpg
140,122,2266.634536432767,450.7088244024454,2717.0762205106157,605.5384626947065,cam_2_1690285181_06-39-41.jpg
140,127,2561.702577403583,131.73049737171533,2771.0568020109763,341.95009576599546,cam_2_1690285181_06-39-41.jpg
140,141,2056.514355821319,479.6489755636903,2555.7153236098534,724.426124064043,cam_2_1690285181_06-39-41.jpg
140,148,2532.8711838649956,535.3478209670945,3037.6812996069502,942.3162650366531,cam_2_1690285181_06-39-41.jpg
140,151,2611.4886505215345,507.85454617873995,3222.1183247852086,857.3347649100895,cam_2_1690285181_06-39-41.jpg
140,159,3063.033071558559,424.80167823016666,3491.0932505061965,700.0212901925373,cam_2_1690285181_06-39-41.jpg
140,161,3293.7952765579107,402.96064619002476,3649.0602342731695,617.1357711244762,cam_2_1690285181_06-39-41.jpg
140,162,2199.5131774138445,135.07082783858073,2563.5932232958476,387.60421141925883,cam_2_1690285181_06-39-41.jpg
140,163,3156.223907627995,387.9129189477719,3541.899131569159,645.9395724967465,cam_2_1690285181_06-39-41.jpg
141,98,1793.5819222924042,465.96068113104036,2362.269880465877,799.930006544272,cam_2_1690285751_06-49-11.jpg
141,99,2694.2906117585476,128.99633659090517,2919.5119744721446,328.215674121859,cam_2_1690285751_06-49-11.jpg
141,115,2819.6041069810867,465.2622176961071,3321.03090107142,791.4970549234679,cam_2_1690285751_06-49-11.jpg
141,122,2259.7624983153946,454.2462064340816,2731.906718621434,615.1938684305014,cam_2_1690285751_06-49-11.jpg
141,127,2553.2853902398733,133.318178870741,2768.894091648432,347.30714576456614,cam_2_1690285751_06-49-11.jpg
141,141,2048.9703944727025,473.9583862959985,2552.3257738610764,722.8338591362065,cam_2_1690285751_06-49-11.jpg
141,148,2535.700320616118,541.5746562660938,3033.3371242459493,940.193028241855,cam_2_1690285751_06-49-11.jpg
141,151,2601.160288126078,507.9912198694168,3215.894881438392,859.1863988141024,cam_2_1690285751_06-49-11.jpg
141,159,3047.678979303881,421.58658768628135,3484.3012343628398,699.0749687291732,cam_2_1690285751_06-49-11.jpg
141,161,3287.890462717045,399.1082580779218,3651.794732251221,618.3527515737433,cam_2_1690285751_06-49-11.jpg
141,162,2186.4465022442523,133.74870917753213,2562.972586451829,396.4881412560025,cam_2_1690285751_06-49-11.jpg
141,163,3147.207349083955,385.9454213770867,3536.0219003243324,646.2068174619405,cam_2_1690285751_06-49-11.jpg
142,98,1792.9748033233743,466.1958022997942,2345.1850974827184,793.7790440949484,cam_2_1690285901_06-51-41.jpg
142,99,2690.5999980001743,128.43041807642356,2920.2202077763386,332.61929511641995,cam_2_1690285901_06-51-41.jpg
142,115,2812.667800232188,467.73918026932694,3318.8522920925325,793.5436000233108,cam_2_1690285901_06-51-41.jpg
142,122,2257.8737443849973,452.0310941368712,2759.3749684786258,621.9398630658541,cam_2_1690285901_06-51-41.jpg
142,127,2546.781926922889,133.3256375481165,2768.9566119768515,351.80640833397626,cam_2_1690285901_06-51-41.jpg
142,141,2043.590127244026,471.52216592000684,2548.7704277648963,723.5080727646567,cam_2_1690285901_06-51-41.jpg
142,148,2532.87993493447,538.0526783271583,3036.3674320988907,940.2217692373365,cam_2_1690285901_06-51-41.jpg
142,151,2609.957022058335,509.49950684905514,3219.9555206584173,860.2533195678654,cam_2_1690285901_06-51-41.jpg
142,159,3038.172393626632,422.3106538885172,3480.5638405568966,699.8662951381107,cam_2_1690285901_06-51-41.jpg
142,161,3284.0423212640203,398.07658686535666,3652.4725033808472,620.2370045658366,cam_2_1690285901_06-51-41.jpg
142,162,2185.440407568125,134.2734172421596,2563.352936405512,399.6713600027304,cam_2_1690285901_06-51-41.jpg
142,163,3151.211146529536,389.71526340338136,3534.5326768981,645.5718482230668,cam_2_1690285901_06-51-41.jpg
143,98,1809.141534874086,466.63929904888454,2361.1003126245437,794.600343593499,cam_2_1690286006_06-53-26.jpg
143,99,2690.8520934907847,126.81372622009401,2923.9721456964057,333.93347431074784,cam_2_1690286006_06-53-26.jpg
143,115,2810.580795358546,466.52339565744245,3320.4504579313416,791.9096880689829,cam_2_1690286006_06-53-26.jpg
143,122,2260.5813378340413,450.64723924108904,2772.3985980857497,622.6429403035197,cam_2_1690286006_06-53-26.jpg
143,127,2542.9220026467656,133.60089459428227,2764.241934106249,349.41992856221043,cam_2_1690286006_06-53-26.jpg
143,141,2044.1403133267975,475.2992242230397,2542.7882384819723,726.0091161392805,cam_2_1690286006_06-53-26.jpg
143,148,2529.2239764654096,534.8261317466828,3037.276752420061,939.9173639144675,cam_2_1690286006_06-53-26.jpg
143,151,2627.6613564013774,506.8118641077774,3233.901657137091,859.282261230263,cam_2_1690286006_06-53-26.jpg
143,159,3027.7371666256217,418.9202478043918,3482.4269241880966,700.7541533425156,cam_2_1690286006_06-53-26.jpg
143,161,3281.80497942783,397.07704075000714,3653.982997242861,621.9619868658343,cam_2_1690286006_06-53-26.jpg
143,162,2186.115159069024,134.81357071470117,2562.0538855302757,400.6113007513952,cam_2_1690286006_06-53-26.jpg
143,163,3142.92270591018,387.82134472735873,3529.3626578986223,644.7000387585256,cam_2_1690286006_06-53-26.jpg
144,98,1813.004772854575,465.74893792992253,2371.814969673892,798.8187212444466,cam_2_1690286081_06-54-41.jpg
144,99,2692.876279650054,127.74438268343324,2926.5784997791357,335.9570849780473,cam_2_1690286081_06-54-41.jpg
144,115,2806.7388367330777,467.02642233446136,3320.6823530307,792.0588719938814,cam_2_1690286081_06-54-41.jpg
144,122,2248.111276935677,450.850664275814,2776.625015508445,627.7211297274924,cam_2_1690286081_06-54-41.jpg
144,127,2543.8248808911467,134.0189245701518,2767.3306808712537,350.1940466875717,cam_2_1690286081_06-54-41.jpg
144,141,2052.151192280839,475.90503377987704,2541.994140598857,723.3851093918627,cam_2_1690286081_06-54-41.jpg
144,148,2529.2187422210254,535.341351227684,3037.5698226837158,939.6742070744297,cam_2_1690286081_06-54-41.jpg
144,151,2637.7219038517983,506.8946139466294,3237.1314206567004,858.8530451888084,cam_2_1690286081_06-54-41.jpg
144,159,3026.9670525120423,422.2075039709671,3481.8889302446355,701.1750382729933,cam_2_1690286081_06-54-41.jpg
144,161,3284.370785938944,399.8029576338212,3651.883911558785,622.3376987321383,cam_2_1690286081_06-54-41.jpg
144,162,2190.3728191352825,134.0420532853112,2564.1379270702123,400.04756640559356,cam_2_1690286081_06-54-41.jpg
144,163,3146.314225847677,389.0268452975426,3530.511903953645,643.0872750008987,cam_2_1690286081_06-54-41.jpg
145,98,1809.8073189836564,465.86271378050924,2369.5702076510565,801.0391056663013,cam_2_1690286126_06-55-26.jpg
145,99,2697.181592229854,127.34732956508584,2927.5366272797332,332.8623273483249,cam_2_1690286126_06-55-26.jpg
145,115,2804.657255475038,464.98467776112057,3324.9172834063456,792.925688399016,cam_2_1690286126_06-55-26.jpg
145,122,2229.4698616720616,453.5498024897019,2758.4799075585315,631.5282511304688,cam_2_1690286126_06-55-26.jpg
145,127,2542.9430258789457,133.50490492530756,2769.076831973537,350.53012668802705,cam_2_1690286126_06-55-26.jpg
145,141,2057.304076028275,476.82177457295984,2544.688143650012,724.3054176837911,cam_2_1690286126_06-55-26.jpg
145,148,2530.776354390971,544.1893063570657,3030.3372716268736,938.8524340790448,cam_2_1690286126_06-55-26.jpg
145,151,2618.562337561089,505.7856105456696,3221.1096878369735,859.173143651901,cam_2_1690286126_06-55-26.jpg
145,159,3028.5173945681704,427.4254027436083,3480.776288583022,701.6472724104019,cam_2_1690286126_06-55-26.jpg
145,161,3285.5332813298883,400.56926802354707,3651.4134992948243,622.4992763964664,cam_2_1690286126_06-55-26.jpg
145,162,2193.3596520006063,134.70913289474638,2562.7986165261664,399.25931743513877,cam_2_1690286126_06-55-26.jpg
145,163,3147.53625748026,392.87410266764925,3527.3078054584175,642.5835157905923,cam_2_1690286126_06-55-26.jpg
146,98,1807.7147374678761,464.5474811186692,2368.18073187102,801.5579305788624,cam_2_1690286246_06-57-26.jpg
146,99,2700.212490868379,129.01943883305663,2928.20522211922,332.66184392442403,cam_2_1690286246_06-57-26.jpg
146,115,2805.734015628722,464.84472868793773,3326.8967047298775,792.1028568790273,cam_2_1690286246_06-57-26.jpg
146,122,2238.158651968304,453.3455807710126,2744.3070636783946,622.7818417489038,cam_2_1690286246_06-57-26.jpg
146,127,2543.6251894038005,133.52807215882407,2772.1007355862357,352.9820577320289,cam_2_1690286246_06-57-26.jpg
146,141,2064.871853682125,474.87840051800816,2545.7266340928704,719.2581684312977,cam_2_1690286246_06-57-26.jpg
146,148,2528.490807896883,543.5237125740916,3030.677481117981,938.4392825091766,cam_2_1690286246_06-57-26.jpg
146,151,2608.482083411771,506.23406260769315,3211.527581504192,858.1816320911391,cam_2_1690286246_06-57-26.jpg
146,159,3015.04701433363,418.54328081535664,3484.633234882598,700.1118193615548,cam_2_1690286246_06-57-26.jpg
146,161,3285.9841441480585,400.0115377818451,3652.200672719776,622.8930387264238,cam_2_1690286246_06-57-26.jpg
146,162,2194.857243212779,133.81999862571297,2559.223692705785,394.1059136103446,cam_2_1690286246_06-57-26.jpg
146,163,3145.2969055071408,390.25322154093294,3530.8711718139684,642.9054059142966,cam_2_1690286246_06-57-26.jpg
147,98,1828.1937952783837,467.79308537312124,2362.59102998208,786.988167343804,cam_2_1690286306_06-58-26.jpg
147,99,2694.50342411703,128.8275655872048,2922.4698500440604,333.82614172712465,cam_2_1690286306_06-58-26.jpg
147,115,2806.960708813583,464.62216083424613,3329.741297310837,792.393204871285,cam_2_1690286306_06-58-26.jpg
147,122,2231.498376032904,454.0782393016617,2739.726036711769,624.2539180800462,cam_2_1690286306_06-58-26.jpg
147,127,2539.013991440019,134.9673399547524,2769.2746320256074,356.012672983607,cam_2_1690286306_06-58-26.jpg
147,141,2071.8215185876384,475.04507776310936,2545.699040451136,716.1495668489315,cam_2_1690286306_06-58-26.jpg
147,148,2530.6011569965804,545.6813207981734,3031.358211195361,937.5816079678832,cam_2_1690286306_06-58-26.jpg
147,151,2609.5754928096403,506.60401108101024,3209.202712639833,856.2902682763686,cam_2_1690286306_06-58-26.jpg
147,159,3015.2296641151984,422.5956087836073,3481.291321793213,699.0424838176527,cam_2_1690286306_06-58-26.jpg
147,161,3287.7735841059157,400.1981837239004,3653.3524565497055,623.3249801019434,cam_2_1690286306_06-58-26.jpg
147,162,2197.2620287633667,136.89557572393943,2557.02857709283,395.2622228064827,cam_2_1690286306_06-58-26.jpg
147,163,3140.7072485845233,390.39571933036115,3528.9617952910917,643.3214876885839,cam_2_1690286306_06-58-26.jpg
148,98,1837.5637535451785,470.8177548406875,2357.772861307405,779.0730610312933,cam_2_1690286381_06-59-41.jpg
148,99,2690.0639709572592,128.60706620090968,2920.0066182118417,336.31992850741756,cam_2_1690286381_06-59-41.jpg
148,115,2805.6159651894013,465.69514178022973,3328.915635022681,792.737291041831,cam_2_1690286381_06-59-41.jpg
148,122,2235.38965959352,453.83949007285116,2748.25813972666,625.3333168373451,cam_2_1690286381_06-59-41.jpg
148,127,2536.0616177935967,135.3240104397084,2764.471332904322,354.4800002470978,cam_2_1690286381_06-59-41.jpg
148,141,2074.272402529563,474.8689087747221,2549.4639960280538,716.8233457684371,cam_2_1690286381_06-59-41.jpg
148,148,2531.6766405497883,544.8805419510479,3035.508637945499,938.2274131273795,cam_2_1690286381_06-59-41.jpg
148,151,2611.053666472669,507.2882278472771,3213.030748828404,858.3204172530814,cam_2_1690286381_06-59-41.jpg
148,159,3006.795769791652,419.155247478627,3485.0534384607054,699.7895594236993,cam_2_1690286381_06-59-41.jpg
148,161,3288.2020561745444,400.2697439130744,3653.2624266468683,623.8228009655053,cam_2_1690286381_06-59-41.jpg
148,162,2200.048461922793,136.35582825726397,2560.3261718715203,394.8552851593595,cam_2_1690286381_06-59-41.jpg
148,163,3139.52257918513,390.24822873085907,3530.4578972502086,644.0445437545643,cam_2_1690286381_06-59-41.jpg
149,98,1844.8942170539322,473.18521859671057,2314.190873426667,746.9742675344712,cam_2_1690286501_07-01-41.jpg
149,99,2696.7100281405255,128.18207656657466,2925.27050658911,335.14849832693875,cam_2_1690286501_07-01-41.jpg
149,115,2810.707003237709,466.5773441221867,3327.130414970954,787.9443654052652,cam_2_1690286501_07-01-41.jpg
149,122,2241.7853480361014,453.96231380327526,2742.7425934510165,620.7457977470069,cam_2_1690286501_07-01-41.jpg
149,127,2527.727420888946,132.14357764433808,2767.0479153147726,358.62029127121616,cam_2_1690286501_07-01-41.jpg
149,141,2067.48877584592,476.1138436081656,2535.735407079222,715.199258328432,cam_2_1690286501_07-01-41.jpg
149,148,2517.8547542640586,539.1286565488008,3030.561584134064,937.3054348364625,cam_2_1690286501_07-01-41.jpg
149,151,2609.6434988282645,504.2778811860939,3214.363479969262,856.8216951163183,cam_2_1690286501_07-01-41.jpg
149,159,3004.0527990317355,417.7325604885559,3488.3697983110783,699.3571933934522,cam_2_1690286501_07-01-41.jpg
149,161,3290.27828463859,400.95095539776736,3651.2390883604617,622.8475361064899,cam_2_1690286501_07-01-41.jpg
149,162,2176.001187721116,135.85362383917658,2547.9376852867035,406.57079534413134,cam_2_1690286501_07-01-41.jpg
149,163,3138.014314304757,391.7047158854905,3529.701855090568,644.8517125826154,cam_2_1690286501_07-01-41.jpg
150,98,1858.9202307149249,475.83506413087576,2308.842463269763,732.3776980235589,cam_2_1690287191_07-13-11.jpg
150,99,2703.6829593591706,128.86054439210983,2932.132908453304,339.1886370043893,cam_2_1690287191_07-13-11.jpg
150,115,2807.9910383956067,463.21133439161656,3336.086605301139,791.5036182661332,cam_2_1690287191_07-13-11.jpg
150,122,2234.186590459817,454.64370333783666,2743.9578670496576,624.2353043770538,cam_2_1690287191_07-13-11.jpg
150,127,2560.452516671107,133.03104045450038,2798.0726088750584,361.9835130424449,cam_2_1690287191_07-13-11.jpg
150,141,2060.4251829802,475.9794934051654,2526.5560672123165,714.8553505227487,cam_2_1690287191_07-13-11.jpg
150,148,2505.7006771375536,533.0886974571995,3028.1291192605668,936.783466739168,cam_2_1690287191_07-13-11.jpg
150,151,2611.151280475174,502.28453145839865,3215.0771654516416,855.2282451544614,cam_2_1690287191_07-13-11.jpg
150,152,2429.866317482732,149.01141420883403,2588.8125433460923,384.5568357958001,cam_2_1690287191_07-13-11.jpg
150,159,3001.6701441189484,419.1752966351854,3488.503987642226,699.4913835254583,cam_2_1690287191_07-13-11.jpg
150,162,2183.195563801225,135.62370988945307,2551.0935257998635,406.73824658080025,cam_2_1690287191_07-13-11.jpg
151,1,2703.8765769300635,393.4657867391654,3405.810696620809,945.9363084109843,cam_2_1690287281_07-14-41.jpg
151,13,2519.1516878102793,137.80359894866683,2729.681876822899,355.7759093441698,cam_2_1690287281_07-14-41.jpg
151,98,1866.3746213664672,483.66258764012935,2306.3027096710985,727.4276163303643,cam_2_1690287281_07-14-41.jpg
151,99,2699.6506963386864,129.84275334813645,2934.5010613499817,348.9740863367925,cam_2_1690287281_07-14-41.jpg
151,127,2558.875767962394,131.9806274835612,2789.4777232569913,357.43336190838903,cam_2_1690287281_07-14-41.jpg
151,148,2503.967677615506,524.8335160144925,3036.5215794051337,937.5133423524671,cam_2_1690287281_07-14-41.jpg
151,152,2419.4118677180304,143.33248790473525,2589.6943999972355,377.59638417427345,cam_2_1690287281_07-14-41.jpg
151,162,2203.404942800734,136.36720890850117,2554.8000140181844,398.64334412249934,cam_2_1690287281_07-14-41.jpg
151,163,3106.6385764885244,407.9545109083035,3523.7405010621555,678.2603047044122,cam_2_1690287281_07-14-41.jpg
152,1,2691.7058109245177,387.42730845517923,3399.628810869804,943.7215143121825,cam_2_1690287326_07-15-26.jpg
152,13,2527.6895353021123,138.04236060378668,2725.3517804390144,351.19167119839653,cam_2_1690287326_07-15-26.jpg
152,98,1864.6347687002335,482.2707194880654,2313.778963037418,725.6558086349739,cam_2_1690287326_07-15-26.jpg
152,99,2705.390377261921,132.10272404530437,2934.927714466451,348.8911618994148,cam_2_1690287326_07-15-26.jpg
152,127,2553.5212667888995,133.48089505115792,2778.9550710171898,358.36547503892666,cam_2_1690287326_07-15-26.jpg
152,148,2509.766704836554,525.011052901464,3040.392066514706,937.4003018513408,cam_2_1690287326_07-15-26.jpg
152,152,2415.042792189015,142.6548197344652,2585.1938767160814,367.38180911992697,cam_2_1690287326_07-15-26.jpg
152,162,2219.1993037550797,138.1432908733984,2558.9046095338304,396.85978073313663,cam_2_1690287326_07-15-26.jpg
152,163,3093.546759031329,411.65981986660995,3521.476590998128,690.0342449396912,cam_2_1690287326_07-15-26.jpg
153,1,2677.748807978533,387.59188812253535,3383.416686953283,943.5721418108297,cam_2_1690287461_07-17-41.jpg
153,13,2542.4623440723117,132.531780668755,2733.9525815874763,345.3636147395717,cam_2_1690287461_07-17-41.jpg
153,98,1853.9369434993932,482.61959279689586,2309.181437295466,725.2981262375474,cam_2_1690287461_07-17-41.jpg
153,99,2681.811913449174,133.00910296003957,2906.941874905254,347.081711821537,cam_2_1690287461_07-17-41.jpg
153,127,2577.9850163620113,134.55502103902592,2791.190148367559,349.47578735317916,cam_2_1690287461_07-17-41.jpg
153,148,2512.8098274993117,530.2795606479477,3036.4394755513836,937.2004429184792,cam_2_1690287461_07-17-41.jpg
153,152,2412.00753802936,137.51077872493434,2568.3396019943125,338.54048639251664,cam_2_1690287461_07-17-41.jpg
153,162,2246.427111988445,135.26435902800287,2519.91601657728,340.54705520085383,cam_2_1690287461_07-17-41.jpg
153,163,3086.5177172894632,415.2270784108847,3515.2221151614895,693.430020354397,cam_2_1690287461_07-17-41.jpg
153,166,2658.1363859957955,134.78005835960107,2800.224216123815,348.98054017887233,cam_2_1690287461_07-17-41.jpg
154,1,2671.153086862981,387.281198213933,3376.2070840172155,944.5842535293532,cam_2_1690287476_07-17-56.jpg
154,13,2525.0272932979997,134.81593273884272,2709.7413991748062,344.84702525241033,cam_2_1690287476_07-17-56.jpg
154,98,1848.4909331619249,482.1236744147227,2313.7020481128006,726.5494587138407,cam_2_1690287476_07-17-56.jpg
154,99,2702.1199880769586,129.99837921861925,2924.052135737275,343.41056143919945,cam_2_1690287476_07-17-56.jpg
154,127,2621.500260410381,131.46806378192807,2832.7054625080004,350.2041067417972,cam_2_1690287476_07-17-56.jpg
154,148,2506.4418150770744,525.221761594375,3036.50243777401,937.5699559316032,cam_2_1690287476_07-17-56.jpg
154,152,2412.140589821365,139.3510654326474,2573.7225010943016,345.16690461866835,cam_2_1690287476_07-17-56.jpg
154,162,2252.81256787412,134.35580018635244,2498.7178260845894,316.27436257070315,cam_2_1690287476_07-17-56.jpg
154,163,3084.39609184432,417.85708901709046,3510.8526356522075,693.3259784460063,cam_2_1690287476_07-17-56.jpg
154,166,2621.049727636777,130.37645206972206,2765.7911318078463,348.58167086192077,cam_2_1690287476_07-17-56.jpg
154,168,2242.8844487531187,211.9050539835329,2563.915729151492,595.9330063374246,cam_2_1690287476_07-17-56.jpg
155,1,2667.225771362142,386.7901364674004,3373.6489125680555,947.4762269927633,cam_2_1690287506_07-18-26.jpg
155,13,2497.8577957021153,140.01807075808674,2685.4461315797525,358.1670456701047,cam_2_1690287506_07-18-26.jpg
155,98,1843.0302441563665,481.967518095359,2313.408018065899,726.092546470577,cam_2_1690287506_07-18-26.jpg
155,99,2696.6858817810185,130.0414456664176,2923.0512849683114,348.47060735445325,cam_2_1690287506_07-18-26.jpg
155,148,2508.773237105104,521.7908953089823,3041.474399481045,937.6458989174197,cam_2_1690287506_07-18-26.jpg
155,152,2402.6769095130603,139.81081953229221,2573.134125463806,355.81014989591904,cam_2_1690287506_07-18-26.jpg
155,162,2248.5789830826284,134.38320671140644,2490.607959045075,310.35115779452656,cam_2_1690287506_07-18-26.jpg
155,163,3084.095585836784,420.5550215024547,3508.594772031851,693.4775887163105,cam_2_1690287506_07-18-26.jpg
155,166,2601.2878538149093,135.37918701369273,2748.008842807535,354.34699880224196,cam_2_1690287506_07-18-26.jpg
155,168,2245.0019968881506,213.99453387951232,2561.9114475900697,590.3290202840866,cam_2_1690287506_07-18-26.jpg
155,170,2433.3353248698804,141.41777307173726,2656.3623343997915,372.2480931720644,cam_2_1690287506_07-18-26.jpg
155,172,1894.4537703681751,146.56067046512968,2227.892874234917,432.59735939931306,cam_2_1690287506_07-18-26.jpg
156,1,2669.1669491777075,386.7780554508789,3375.0819030212724,950.2826544063843,cam_2_1690287581_07-19-41.jpg
156,13,2502.7650215425715,138.13263414341083,2689.163488238427,358.65345401682987,cam_2_1690287581_07-19-41.jpg
156,98,1843.286225819579,480.735469843534,2324.680104491717,727.5149279608154,cam_2_1690287581_07-19-41.jpg
156,99,2693.081715954527,130.2674465995712,2920.982957997233,351.9003495864763,cam_2_1690287581_07-19-41.jpg
156,148,2504.6108100632027,523.3995072525644,3035.8636466619896,937.6366959321292,cam_2_1690287581_07-19-41.jpg
156,152,2401.4874831692396,139.70514871301017,2570.294443730462,352.3845624181016,cam_2_1690287581_07-19-41.jpg
156,162,2247.4984205418837,136.02343939328648,2496.6109642556735,316.5640884008743,cam_2_1690287581_07-19-41.jpg
156,163,3083.0522413738545,422.0473778426751,3508.9332764719684,694.7686521664973,cam_2_1690287581_07-19-41.jpg
156,166,2589.041094069194,134.46653958085676,2739.1108674492625,356.7828111627602,cam_2_1690287581_07-19-41.jpg
156,168,2240.8430141892386,217.86300216789863,2566.5230033283333,602.8853065708533,cam_2_1690287581_07-19-41.jpg
156,170,2429.108756945285,138.3172084534143,2650.4023170588707,368.66359659163214,cam_2_1690287581_07-19-41.jpg
157,1,2699.6049777574353,392.0591147216967,3389.615113889843,950.9390908733922,cam_2_1690287611_07-20-11.jpg
157,13,2494.9247184988885,140.68402248108828,2678.906313083288,357.7756268564745,cam_2_1690287611_07-20-11.jpg
157,98,1844.7516196451604,481.1773168978717,2326.012499547882,724.5612113983376,cam_2_1690287611_07-20-11.jpg
157,99,2705.2363761697507,129.67960775565007,2930.429036297406,351.8931546197542,cam_2_1690287611_07-20-11.jpg
157,127,2639.451835772644,133.35005267827034,2852.4670947030068,359.7891016677959,cam_2_1690287611_07-20-11.jpg
157,148,2511.8212587349894,525.4709718916025,3038.7583293695466,937.1648955459823,cam_2_1690287611_07-20-11.jpg
157,152,2392.885118001269,140.2869720156376,2564.352317798074,355.7754597158204,cam_2_1690287611_07-20-11.jpg
157,162,2243.0320406376472,137.50140274203898,2523.4517213954505,342.9572593590193,cam_2_1690287611_07-20-11.jpg
157,163,3079.711582051432,422.06927270291226,3508.0490644253105,695.1511356493538,cam_2_1690287611_07-20-11.jpg
157,166,2618.56365024794,132.7841331459079,2770.227551937107,356.3372124350674,cam_2_1690287611_07-20-11.jpg
157,168,2252.583787117233,243.5307775970954,2553.658324277543,591.5765167429538,cam_2_1690287611_07-20-11.jpg
158,1,2718.3467009057817,395.0222329746698,3310.971080629587,873.028983337221,cam_2_1690287626_07-20-26.jpg
158,13,2491.6633376183195,139.52281833177645,2677.457869903329,358.163166020625,cam_2_1690287626_07-20-26.jpg
158,98,1844.525943311858,481.33821177223444,2330.3622233330952,723.9378115906798,cam_2_1690287626_07-20-26.jpg
158,99,2702.019563648101,127.90810197839042,2924.699860529435,349.0542680512259,cam_2_1690287626_07-20-26.jpg
158,148,2515.984981306259,527.6636960348098,3037.889018538527,936.0299470847377,cam_2_1690287626_07-20-26.jpg
158,152,2392.377199552059,140.57469089205784,2560.6725640884883,350.35818404635745,cam_2_1690287626_07-20-26.jpg
158,162,2247.8993853344787,138.09024802909715,2524.7418091162926,341.49650055113693,cam_2_1690287626_07-20-26.jpg
158,163,3076.262883435667,426.1757042708906,3503.130961655438,696.1700418270145,cam_2_1690287626_07-20-26.jpg
158,166,2633.391791733878,134.1431127615777,2784.540953499364,356.49102870365266,cam_2_1690287626_07-20-26.jpg
158,168,2244.996960035988,246.6463869405263,2540.0718744869405,581.247202220322,cam_2_1690287626_07-20-26.jpg
158,173,2138.651720838927,142.94786828996257,2273.9690004747185,396.76473449516413,cam_2_1690287626_07-20-26.jpg
159,13,2494.0223921154243,148.67103048288084,2672.3751495707425,352.85184799405283,cam_2_1690287671_07-21-11.jpg
159,98,1826.8403710651578,480.1613103695621,2342.7087816409544,737.3449719040611,cam_2_1690287671_07-21-11.jpg
159,99,2709.753408857603,128.8993217431115,2923.0259694562155,342.9879009776276,cam_2_1690287671_07-21-11.jpg
159,115,2780.745490333915,465.12855445273306,3331.524233668345,805.0727814046743,cam_2_1690287671_07-21-11.jpg
159,148,2516.0808708735813,524.8315658870779,3039.6861062917765,934.5134491967533,cam_2_1690287671_07-21-11.jpg
159,151,2616.9206906804143,506.8994106169197,3182.566915083873,843.079478059963,cam_2_1690287671_07-21-11.jpg
159,152,2423.815812021881,144.20539058437566,2579.147900101052,335.7992510845419,cam_2_1690287671_07-21-11.jpg
159,159,3008.5501458190274,421.5110933489225,3499.3008472787674,700.3016566816739,cam_2_1690287671_07-21-11.jpg
159,162,2250.376773895241,138.61889580855942,2518.0541353623335,333.5025764295302,cam_2_1690287671_07-21-11.jpg
159,166,2629.537117420779,133.186498206926,2780.9541853892642,351.3725753435062,cam_2_1690287671_07-21-11.jpg
159,168,2232.89902538319,256.193359334136,2534.9224746563004,590.3144975956181,cam_2_1690287671_07-21-11.jpg
159,170,2447.741006089106,153.73403318837455,2635.5961568000466,348.10091979633034,cam_2_1690287671_07-21-11.jpg
160,13,2489.612689906469,139.4158620467457,2683.673105289873,360.6368625306511,cam_2_1690287941_07-25-41.jpg
160,98,1828.7526630232128,479.1164016624323,2335.335148815339,730.0042466817663,cam_2_1690287941_07-25-41.jpg
160,99,2709.528144291189,130.28699987335995,2912.9749880647714,335.9843390167846,cam_2_1690287941_07-25-41.jpg
160,115,2787.518812100431,466.1058303572882,3336.145036501647,804.4297285845682,cam_2_1690287941_07-25-41.jpg
160,127,2740.376977421541,132.5490207100039,2927.314275793096,332.67543674475667,cam_2_1690287941_07-25-41.jpg
160,148,2524.022940725329,534.6720229289286,3036.0942638993665,934.5880486442612,cam_2_1690287941_07-25-41.jpg
160,151,2616.7220324837353,506.18661160297853,3176.0188250561014,842.1626162624646,cam_2_1690287941_07-25-41.jpg
160,152,2424.8146869935995,138.02313536918334,2589.614074251115,344.2799195518867,cam_2_1690287941_07-25-41.jpg
160,159,3002.7631696913168,420.7679421368648,3503.2268565512572,702.459761729471,cam_2_1690287941_07-25-41.jpg
160,162,2237.8306872079584,138.05100685759908,2484.2707121492795,314.2231642709339,cam_2_1690287941_07-25-41.jpg
160,166,2624.8856025972877,135.25530533899294,2771.7559317360224,344.0020550694278,cam_2_1690287941_07-25-41.jpg
160,168,2233.2109713010186,262.99532402160713,2526.794383786872,578.6980943359081,cam_2_1690287941_07-25-41.jpg
160,170,2400.519298855335,136.74926111362313,2582.0418924077567,323.77749150763543,cam_2_1690287941_07-25-41.jpg
161,13,2490.4519090496374,137.6634909629903,2688.5332757499914,363.64899727548493,cam_2_1690287956_07-25-56.jpg
161,98,1829.0246822223248,479.73364736721015,2328.2300821553395,725.1081779689116,cam_2_1690287956_07-25-56.jpg
161,99,2711.3592648632293,131.88866599731034,2913.410902998474,336.00995739882626,cam_2_1690287956_07-25-56.jpg
161,115,2787.1440539096707,464.8167223181322,3336.9879407252965,803.1469848368079,cam_2_1690287956_07-25-56.jpg
161,148,2525.4223806511777,535.8761764237196,3036.100778630851,934.4134060331246,cam_2_1690287956_07-25-56.jpg
161,151,2615.559840963714,503.1608731326819,3174.2829550954793,842.3456047326204,cam_2_1690287956_07-25-56.jpg
161,159,2998.472361405252,420.91843656399095,3504.3280077530285,703.3843331561998,cam_2_1690287956_07-25-56.jpg
161,162,2227.7490650486075,136.45614814776926,2474.4756796298207,310.41711848620696,cam_2_1690287956_07-25-56.jpg
161,166,2618.5912525089993,135.63850205564233,2767.518142717747,344.7821532088806,cam_2_1690287956_07-25-56.jpg
161,168,2236.9920343343565,265.0691270884263,2532.107132781184,573.8801752174306,cam_2_1690287956_07-25-56.jpg
161,170,2386.726501719115,135.40032140478817,2577.1247942819964,331.75527924873984,cam_2_1690287956_07-25-56.jpg
162,13,2491.3611872509396,139.35589361979643,2687.6740716241866,360.0368624464136,cam_2_1690287971_07-26-11.jpg
162,42,2367.0206404199907,135.2945644517705,2578.203742769334,282.94997542064067,cam_2_1690287971_07-26-11.jpg
162,99,2712.6229605303556,132.81816812602403,2911.9885389817987,336.12407972322694,cam_2_1690287971_07-26-11.jpg
162,115,2781.0661777828986,462.16112702554017,3336.373718103637,803.1706991371935,cam_2_1690287971_07-26-11.jpg
162,148,2525.8466375893877,540.1039804855334,3033.8021388148704,935.5932308856192,cam_2_1690287971_07-26-11.jpg
162,151,2612.8454632514986,500.455080066862,3173.4359563035823,843.9451310647989,cam_2_1690287971_07-26-11.jpg
162,159,3000.9088691274865,417.4418255968395,3506.94718811816,698.6198845667094,cam_2_1690287971_07-26-11.jpg
162,162,2236.3224125576426,139.01096039264854,2482.1129871712083,312.5825416037354,cam_2_1690287971_07-26-11.jpg
162,166,2617.4594330264285,137.38387224794724,2768.1370642544457,346.22602347407565,cam_2_1690287971_07-26-11.jpg
162,168,2256.2973508179957,268.84654958845005,2536.410081149712,548.4692665644595,cam_2_1690287971_07-26-11.jpg
162,170,2382.326773632879,137.43666608660487,2572.263902616194,333.2795798606518,cam_2_1690287971_07-26-11.jpg
162,172,1865.5436095092077,278.11652470324316,2381.3572648530394,714.6828306505986,cam_2_1690287971_07-26-11.jpg
163,13,2500.241888527898,136.70140834811087,2675.9517061453653,328.7596826630116,cam_2_1690288196_07-29-56.jpg
163,24,2658.1265871476307,139.8076254315081,2833.0089353861986,264.7208212352829,cam_2_1690288196_07-29-56.jpg
163,42,2379.5495482061433,140.38549943440307,2591.5046385640076,293.7921856106426,cam_2_1690288196_07-29-56.jpg
163,74,2721.345300089462,211.16172954748762,3111.4604799705,436.10289773290356,cam_2_1690288196_07-29-56.jpg
163,99,2715.96483890761,135.50542630223967,2853.9527370124615,265.9167793688075,cam_2_1690288196_07-29-56.jpg
163,148,2480.3870852129194,448.5399631083689,3178.88654823615,1002.9651239372201,cam_2_1690288196_07-29-56.jpg
163,159,3049.8099305470823,359.08414585611024,3615.097122228134,690.8455217122788,cam_2_1690288196_07-29-56.jpg
163,162,2236.5255364755776,138.4302398264544,2478.760163709484,301.1946263740764,cam_2_1690288196_07-29-56.jpg
163,166,2645.916340261464,136.77235648041184,2779.9057132372363,316.4861951838632,cam_2_1690288196_07-29-56.jpg
163,168,2240.889900703876,265.85988873999213,2556.4855185720717,573.8360367994374,cam_2_1690288196_07-29-56.jpg
163,170,2440.1535531335794,137.32399067363866,2615.325388793505,313.2413735708228,cam_2_1690288196_07-29-56.jpg
163,172,1814.2722677065565,297.21974392499754,2324.8411958916267,721.5258797360827,cam_2_1690288196_07-29-56.jpg
164,42,2353.4947717878035,148.08339421116773,2545.335349900263,287.4493517752057,cam_2_1690288436_07-33-56.jpg
164,74,2725.1021603827653,211.27276727835496,3114.3160737007042,435.3817996597087,cam_2_1690288436_07-33-56.jpg
164,148,2491.065670881884,420.40195998600774,3195.3300461967647,982.6680536957119,cam_2_1690288436_07-33-56.jpg
164,162,2209.5052543138167,138.33811906089375,2433.8145510975364,284.2966152345208,cam_2_1690288436_07-33-56.jpg
164,166,2662.405712896888,131.45999356590613,2807.9007346443937,312.48363063144166,cam_2_1690288436_07-33-56.jpg
164,168,2222.5502431153513,266.31402684661515,2568.389428524852,593.739499914414,cam_2_1690288436_07-33-56.jpg
165,42,2301.6691363088134,146.94227736204678,2501.5888188075505,285.3512145029043,cam_2_1690288466_07-34-26.jpg
165,74,2710.764438092844,211.74480083196474,3075.945446418009,429.4691367720076,cam_2_1690288466_07-34-26.jpg
165,148,2490.3232105411435,408.58363154242056,3206.442228209739,979.5066075238101,cam_2_1690288466_07-34-26.jpg
165,162,2212.7512862238796,141.26838973702888,2442.163739558202,284.4878255077275,cam_2_1690288466_07-34-26.jpg
165,166,2700.853056265533,134.37465438098587,2816.48085000003,261.2426931162493,cam_2_1690288466_07-34-26.jpg
165,168,2209.761647978911,267.56129806714677,2559.6324306479924,591.9752273085248,cam_2_1690288466_07-34-26.jpg
166,42,2340.215492619152,146.8168111458334,2525.4042769474822,273.24763894076114,cam_2_1690288541_07-35-41.jpg
166,127,2736.7025417729624,133.69495141775062,2933.54872500661,340.36746845533696,cam_2_1690288541_07-35-41.jpg
166,148,2471.4897114599876,407.0280536766362,3230.741749211429,1018.3259245233588,cam_2_1690288541_07-35-41.jpg
166,162,2199.465480679861,139.2481079952181,2417.2424399346924,271.22569935364527,cam_2_1690288541_07-35-41.jpg
166,168,2198.271919731817,260.47147256815765,2560.9332448426094,589.5747146738495,cam_2_1690288541_07-35-41.jpg
166,184,1826.3374302469497,155.50041734764898,2009.8056059164537,453.81749824506767,cam_2_1690288541_07-35-41.jpg
166,186,1993.4034021514394,153.70865619871714,2235.8517060878826,342.2365946427867,cam_2_1690288541_07-35-41.jpg
167,13,2531.6586505089235,136.44599000806068,2732.180250954592,355.11126321624323,cam_2_1690288631_07-37-11.jpg
167,42,2335.1087336232144,145.7004667775273,2518.964768181903,270.7852049546511,cam_2_1690288631_07-37-11.jpg
167,127,2711.0336708694285,135.75476677874252,2909.5675703164998,340.20813267945505,cam_2_1690288631_07-37-11.jpg
167,148,2467.875831269776,403.4983679114335,3236.0548883900406,1029.5141729978789,cam_2_1690288631_07-37-11.jpg
167,162,2184.5928067508466,140.9201673029766,2407.3481376859418,273.4599820430682,cam_2_1690288631_07-37-11.jpg
167,168,2285.5554125851168,260.0068965583482,2624.8663685815163,560.4900011972816,cam_2_1690288631_07-37-11.jpg
167,184,1902.3634325014987,161.58459879396514,2088.969951689386,448.23133928906907,cam_2_1690288631_07-37-11.jpg
168,13,2540.1896485566754,135.41473845830436,2739.6233410347236,349.81599466820376,cam_2_1690288766_07-39-26.jpg
168,127,2696.9741736497904,134.55415325705582,2897.9551339740196,341.7503582887002,cam_2_1690288766_07-39-26.jpg
168,148,2461.2825842890657,398.1487137512413,3234.2443715118598,1035.2359250934867,cam_2_1690288766_07-39-26.jpg
168,162,2192.840790911161,145.18398705365735,2404.6895838444725,267.7510348695026,cam_2_1690288766_07-39-26.jpg
168,168,2254.619549072802,245.43541515889325,2618.23240708304,562.7348203917024,cam_2_1690288766_07-39-26.jpg
168,184,1995.743921116559,154.99808064022483,2179.866869520807,432.04864101321715,cam_2_1690288766_07-39-26.jpg
168,190,1567.2055202926194,158.6627353723805,1754.7053724835807,530.9005779842503,cam_2_1690288766_07-39-26.jpg
168,191,2366.86930022234,151.4184850918643,2557.9621591659975,275.98668067272195,cam_2_1690288766_07-39-26.jpg
169,1,2632.406102517185,449.8059898767586,3358.5563386445438,1051.8355599100598,cam_2_1690289081_07-44-41.jpg
169,13,2567.4522086458983,132.23814745790497,2726.664385416629,288.9990577297259,cam_2_1690289081_07-44-41.jpg
169,24,2700.5899222730586,132.74475525955984,2870.4720811165116,255.73964491119725,cam_2_1690289081_07-44-41.jpg
169,74,2668.0887864711945,230.54359207022935,2989.860378551656,426.7585890705817,cam_2_1690289081_07-44-41.jpg
169,152,2273.4148249770924,145.97393980142328,2478.7360714350275,399.79001168556533,cam_2_1690289081_07-44-41.jpg
169,170,2394.4047340705556,145.17796133562788,2592.9534277120747,346.17607970223787,cam_2_1690289081_07-44-41.jpg
169,173,2195.549733093298,146.60103084595718,2358.675225440665,431.73648326596333,cam_2_1690289081_07-44-41.jpg
169,190,1628.4008878278003,158.81376615386722,1802.137818364858,497.4906257641357,cam_2_1690289081_07-44-41.jpg
169,193,2892.638982694727,165.79637952754578,3055.8086590611424,350.9255611996091,cam_2_1690289081_07-44-41.jpg
170,1,2652.8471946152445,453.06576339581693,3407.8791356635074,1086.497691641058,cam_2_1690289216_07-46-56.jpg
170,13,2583.4734263999158,135.04754808803966,2728.7056715402223,269.33598807607905,cam_2_1690289216_07-46-56.jpg
170,24,2704.620945419829,136.89442705433453,2909.9647466658585,301.784303587077,cam_2_1690289216_07-46-56.jpg
170,127,2697.7702400342478,136.96425289091576,2873.7928737297043,321.3922660728563,cam_2_1690289216_07-46-56.jpg
170,152,2269.396486780688,145.04733586709943,2476.844206676729,397.21810242580915,cam_2_1690289216_07-46-56.jpg
170,170,2420.493565090122,144.7918021037773,2578.084276201447,292.6632061066065,cam_2_1690289216_07-46-56.jpg
170,173,2192.1871712142893,145.7234333205194,2365.7582502787727,429.8388130186857,cam_2_1690289216_07-46-56.jpg
170,190,1634.0964522978709,156.9323199310351,1807.99712293728,487.2486430406059,cam_2_1690289216_07-46-56.jpg
170,193,2886.143863124409,165.0511301917732,3050.4302696188056,352.3110343003948,cam_2_1690289216_07-46-56.jpg
170,196,1887.6211287431254,153.19541123997567,2255.8960593688416,457.606342130098,cam_2_1690289216_07-46-56.jpg
171,1,2660.172514376157,447.69555411806465,3418.114174855239,1098.8379088347876,cam_2_1690289261_07-47-41.jpg
171,13,2582.697184117091,132.70793068021672,2738.348334605138,270.88367824819215,cam_2_1690289261_07-47-41.jpg
171,127,2696.9706278530643,137.9950980453624,2871.8867780988408,323.74242475262537,cam_2_1690289261_07-47-41.jpg
171,168,2307.0209438449974,222.5540464548397,2662.2042493382514,526.0364419709324,cam_2_1690289261_07-47-41.jpg
171,170,2429.38300278077,148.09700705220098,2567.6040800129713,267.0380008737378,cam_2_1690289261_07-47-41.jpg
171,173,2209.432459530791,141.75055589164873,2357.278021585638,346.8831990808052,cam_2_1690289261_07-47-41.jpg
171,190,1625.7506698174855,153.90290817180457,1804.791718607432,484.47773176780424,cam_2_1690289261_07-47-41.jpg
171,193,2875.5305353365015,164.29377301222814,3040.0743224396238,352.00614906184603,cam_2_1690289261_07-47-41.jpg
171,196,1902.4340027854519,152.65028006504943,2268.8578946763064,456.3849487524013,cam_2_1690289261_07-47-41.jpg
171,197,997.866252682214,177.63975365406932,1292.6073211947132,615.8554342389409,cam_2_1690289261_07-47-41.jpg
171,198,1268.4514482439847,172.87414989724536,1631.388639906682,558.7312044080019,cam_2_1690289261_07-47-41.jpg
172,1,2649.4713153500643,456.5520641598058,3405.9955639330838,1101.6151151212816,cam_2_1690289276_07-47-56.jpg
172,13,2581.9743410402484,131.69443647165156,2738.5899295492113,265.9650576316941,cam_2_1690289276_07-47-56.jpg
172,127,2695.5177585242795,139.33663275961692,2865.927550815007,321.4494984448721,cam_2_1690289276_07-47-56.jpg
172,159,3211.287532519068,224.34130898377134,3597.9740482998827,452.72718930731867,cam_2_1690289276_07-47-56.jpg
172,168,2318.281484410341,225.9588943957447,2677.1870311772186,523.3370827668318,cam_2_1690289276_07-47-56.jpg
172,173,2189.3515798113704,144.74983586753697,2333.2376779660945,321.1789378874364,cam_2_1690289276_07-47-56.jpg
172,190,1619.9927199360118,153.22919016761963,1804.663266648249,485.0823547791166,cam_2_1690289276_07-47-56.jpg
172,191,2394.815874948351,143.31415319036037,2571.6590092638885,257.4609183869501,cam_2_1690289276_07-47-56.jpg
172,193,2879.172760390017,164.76482375446687,3040.452723994222,348.96104553442854,cam_2_1690289276_07-47-56.jpg
172,196,1906.4879115702627,153.04803483531654,2269.2781149662237,454.8637343013885,cam_2_1690289276_07-47-56.jpg
172,197,995.1577349832814,180.8405033615348,1287.433839656238,615.3671814417798,cam_2_1690289276_07-47-56.jpg
172,198,1269.523538897923,170.15490712997922,1631.796219491318,555.5447083585316,cam_2_1690289276_07-47-56.jpg
172,200,2790.5118124579303,140.88534365843907,2925.15109946129,316.17189649595923,cam_2_1690289276_07-47-56.jpg
172,201,2539.137809047655,136.9273891399847,2789.0246722075212,332.3324843945591,cam_2_1690289276_07-47-56.jpg
173,1,2672.207517473782,458.6185286355148,3416.693117926173,1106.1157494588904,cam_2_1690289306_07-48-26.jpg
173,127,2700.9909945219156,133.88876147179636,2868.0930165442774,316.21196857054156,cam_2_1690289306_07-48-26.jpg
173,152,2269.0049311935536,148.866799166333,2478.837841582749,407.5636746964987,cam_2_1690289306_07-48-26.jpg
173,159,3213.730319503709,218.76833441765615,3581.909853565447,438.97661839451155,cam_2_1690289306_07-48-26.jpg
173,184,2185.01361460408,150.65184044438575,2371.949225712154,425.00268280767517,cam_2_1690289306_07-48-26.jpg
173,190,1614.605063867811,153.8767447969975,1803.3505775589615,485.4963972294306,cam_2_1690289306_07-48-26.jpg
173,191,2339.1229596662997,145.06174122032775,2636.8261418033994,343.185384477619,cam_2_1690289306_07-48-26.jpg
173,193,2874.2307513100395,164.30739717336894,3032.867098694077,347.471770387367,cam_2_1690289306_07-48-26.jpg
173,196,1889.4024536686397,154.2367159308597,2250.873555008124,454.9568881976133,cam_2_1690289306_07-48-26.jpg
173,197,996.9045590699993,180.8841590352706,1286.030570722542,611.9392494086321,cam_2_1690289306_07-48-26.jpg
173,198,1265.1584592340514,170.98898431406715,1624.9085880859384,553.7449129542325,cam_2_1690289306_07-48-26.jpg
173,200,2792.5168321948067,141.6874304809451,2926.2278509459125,316.0020387875951,cam_2_1690289306_07-48-26.jpg
173,201,2506.016647997551,140.7502242067861,2787.845580340914,363.1507113193371,cam_2_1690289306_07-48-26.jpg
174,1,2670.328748400512,468.1658571438758,3415.8816246051215,1114.6386294874078,cam_2_1690289366_07-49-26.jpg
174,127,2727.245726560741,133.62248930188008,2892.3957093886956,310.9105743921655,cam_2_1690289366_07-49-26.jpg
174,152,2274.3578446941056,153.44671880447024,2473.1238913466236,397.90525127013234,cam_2_1690289366_07-49-26.jpg
174,159,3179.0415951707823,214.9358263782255,3528.005873371896,436.9028179741813,cam_2_1690289366_07-49-26.jpg
174,184,2193.511162533976,156.01857280110204,2381.0908615066664,426.51729228447044,cam_2_1690289366_07-49-26.jpg
174,190,1617.021887485167,153.17810736947933,1807.8308551001498,479.08884104405047,cam_2_1690289366_07-49-26.jpg
174,191,2347.153072458274,147.67334258022777,2651.566845018765,356.09574194920367,cam_2_1690289366_07-49-26.jpg
174,193,2876.456441412791,164.3184501087625,3033.686225803572,346.55482128494907,cam_2_1690289366_07-49-26.jpg
174,196,1887.5828726773457,154.71961372854852,2245.3723951177376,453.5497724444166,cam_2_1690289366_07-49-26.jpg
174,197,1002.5287086766477,172.88601132543192,1297.9281521497348,613.1179213215797,cam_2_1690289366_07-49-26.jpg
174,198,1270.0927653560177,172.32623449846744,1626.5428533116765,552.5480368952485,cam_2_1690289366_07-49-26.jpg
174,201,2524.3061816143927,144.54669300507447,2816.78875708202,377.40017517468533,cam_2_1690289366_07-49-26.jpg
175,24,2674.4968673520298,159.31225048798336,2936.9642755239865,374.522052342652,cam_2_1690289396_07-49-56.jpg
175,115,2775.714822658635,470.76141181481137,3329.901175134432,808.6186333269634,cam_2_1690289396_07-49-56.jpg
175,151,2627.39548513054,514.7867028928688,3160.633778598863,839.998186861562,cam_2_1690289396_07-49-56.jpg
175,152,2265.3351632406902,152.66320565733312,2469.5736305305772,402.89997237790953,cam_2_1690289396_07-49-56.jpg
175,159,3171.272131411889,211.7043776212549,3505.9221877836053,439.44935069017856,cam_2_1690289396_07-49-56.jpg
175,184,2187.7712737509596,153.1778155999409,2381.1390554086925,427.56269238113225,cam_2_1690289396_07-49-56.jpg
175,190,1616.918640336377,155.9951324841269,1810.070393207439,476.26437923157096,cam_2_1690289396_07-49-56.jpg
175,191,2340.3877865166023,148.09864455913248,2642.184323329348,360.10554303485327,cam_2_1690289396_07-49-56.jpg
175,196,1878.833156491446,153.19775844959997,2238.78119168574,454.9157760260399,cam_2_1690289396_07-49-56.jpg
175,197,929.1245173358303,179.9259536775928,1224.278663259141,604.1801701452309,cam_2_1690289396_07-49-56.jpg
175,198,1284.0668664764662,177.09307935535293,1651.2149551370032,560.1386169842028,cam_2_1690289396_07-49-56.jpg
175,201,2505.0855872555176,162.2320293690371,2791.0878716553298,392.89908020623034,cam_2_1690289396_07-49-56.jpg
176,24,2740.192871935945,188.78995088010646,3031.9868663051598,405.61226337113385,cam_2_1690289441_07-50-41.jpg
176,74,2537.3052486195434,203.3652589131295,2906.1250784142585,432.5566527069809,cam_2_1690289441_07-50-41.jpg
176,115,2777.160766666862,470.1217358738863,3325.9065728539767,801.9839488103216,cam_2_1690289441_07-50-41.jpg
176,151,2608.879764389274,508.4597059838942,3156.3627583107696,839.6985047112204,cam_2_1690289441_07-50-41.jpg
176,152,2261.8970587014323,150.9680106065813,2474.057226085554,409.2412445662736,cam_2_1690289441_07-50-41.jpg
176,159,3139.37532212083,216.91564830411772,3492.776372780832,454.7661723420043,cam_2_1690289441_07-50-41.jpg
176,184,2188.883771391149,152.20052911635813,2385.094573645675,429.0551778196293,cam_2_1690289441_07-50-41.jpg
176,190,1631.9262849869272,154.51833894656033,1833.4634795576571,475.9978714912546,cam_2_1690289441_07-50-41.jpg
176,191,2342.5058062594508,146.9468053329957,2641.442286396237,363.08000821548706,cam_2_1690289441_07-50-41.jpg
176,196,1900.3947210638544,148.95850654774313,2259.610640724133,454.3494827352562,cam_2_1690289441_07-50-41.jpg
176,197,832.5733186108671,184.06111305220313,1145.0917104446871,608.6447577972308,cam_2_1690289441_07-50-41.jpg
176,198,1233.8490512188746,176.50795610389088,1597.7945058089267,552.4868128013422,cam_2_1690289441_07-50-41.jpg
177,74,2526.369290063683,215.6922609568241,2908.388820745492,451.7160533676886,cam_2_1690289471_07-51-11.jpg
177,115,2777.2783509516585,471.727044215483,3327.4461371850944,803.4773624874847,cam_2_1690289471_07-51-11.jpg
177,151,2609.908377354721,508.78012790220527,3158.4926646650374,839.5300162605095,cam_2_1690289471_07-51-11.jpg
177,152,2254.4232897120783,149.80866795897788,2471.792627489058,414.5450017027427,cam_2_1690289471_07-51-11.jpg
177,159,3162.2931547590283,212.67443014618308,3479.4503482241735,440.290759044993,cam_2_1690289471_07-51-11.jpg
177,184,2166.5777740671806,148.6404340748786,2370.461339479349,428.7556524131493,cam_2_1690289471_07-51-11.jpg
177,190,1626.1179090724795,154.92541568775204,1836.0642644540312,477.547731180722,cam_2_1690289471_07-51-11.jpg
177,191,2356.6874667470865,144.11717982724835,2612.718291796769,330.68183184952886,cam_2_1690289471_07-51-11.jpg
177,196,1901.7004617663877,151.00758682099965,2252.21209964479,454.27576594459026,cam_2_1690289471_07-51-11.jpg
177,197,813.4868038591025,189.5695658072285,1136.1350701603178,610.5707967396944,cam_2_1690289471_07-51-11.jpg
177,198,1211.7298335337557,176.6675181963774,1576.8735859032752,549.510446277374,cam_2_1690289471_07-51-11.jpg
177,208,2552.0924812851317,141.26155563318213,2768.9456778973927,236.51551526010354,cam_2_1690289471_07-51-11.jpg
178,74,2501.025425753606,204.5998761410658,2903.4962632919087,453.19221268422166,cam_2_1690289546_07-52-26.jpg
178,115,2775.6222578476554,475.2649939009167,3323.6707064117895,804.3137515028689,cam_2_1690289546_07-52-26.jpg
178,151,2600.650519620803,505.0395702252995,3158.6689738218915,839.7733346885404,cam_2_1690289546_07-52-26.jpg
178,152,2255.075004024188,149.076859602693,2469.6615212881434,409.8113410748055,cam_2_1690289546_07-52-26.jpg
178,184,2160.658913754513,145.87800641099878,2366.9389446504197,423.9780320374027,cam_2_1690289546_07-52-26.jpg
178,190,1610.0877894303383,156.49482218867973,1823.6670816088508,475.46622324365757,cam_2_1690289546_07-52-26.jpg
178,191,2375.3914823330047,144.04466905708884,2593.351619080093,302.53788483750384,cam_2_1690289546_07-52-26.jpg
178,196,1906.1446605784595,150.16588871747177,2254.743956512012,457.7601634011575,cam_2_1690289546_07-52-26.jpg
178,197,803.1305774605003,188.30225472386175,1136.410267581417,607.2511999801129,cam_2_1690289546_07-52-26.jpg
178,198,1186.8031774882793,177.31597888892108,1556.9423696789272,555.9507705072854,cam_2_1690289546_07-52-26.jpg
178,208,2561.6272466862865,145.73012964948353,2757.6920006290347,231.8708604534629,cam_2_1690289546_07-52-26.jpg
178,211,1724.9115587744275,151.1224665899793,2035.349418863536,463.84516847732317,cam_2_1690289546_07-52-26.jpg
179,13,2568.149326494987,143.38324979863285,2759.056782366641,308.0355846923014,cam_2_1690289651_07-54-11.jpg
179,115,2769.434213531305,472.6433073377809,3324.96680104239,804.614272210069,cam_2_1690289651_07-54-11.jpg
179,127,2693.324990618704,137.4818819056983,2851.630697084007,306.88249006692,cam_2_1690289651_07-54-11.jpg
179,151,2590.602715391924,502.490479755873,3157.6017141963794,840.9882406452883,cam_2_1690289651_07-54-11.jpg
179,168,2310.523121065051,201.98313561980657,2626.2094139702167,462.9271836205671,cam_2_1690289651_07-54-11.jpg
179,186,2109.979283550342,146.63954450299457,2373.07288549905,351.74894627982144,cam_2_1690289651_07-54-11.jpg
179,190,1590.0063117674285,159.43783254830217,1808.147469023229,473.66415468878915,cam_2_1690289651_07-54-11.jpg
179,191,2413.1003468786425,157.0279894625112,2631.4301959688382,317.1322288353111,cam_2_1690289651_07-54-11.jpg
179,193,2852.271054640043,147.13062193198812,2990.313277520487,304.7844631118587,cam_2_1690289651_07-54-11.jpg
179,196,1905.8019000954803,152.9010446523205,2248.737176584948,460.4718870838449,cam_2_1690289651_07-54-11.jpg
179,197,781.1800930814385,186.6004118319573,1130.4570096041482,615.7575186337765,cam_2_1690289651_07-54-11.jpg
179,198,1074.9095410920088,176.56563728893906,1465.76052793404,578.7026878714262,cam_2_1690289651_07-54-11.jpg
179,200,2794.8646584667904,137.19690546314672,2921.5870162992846,298.99376477730846,cam_2_1690289651_07-54-11.jpg
179,211,1711.727452306394,150.85473828180534,2034.5569387735277,476.0750760094561,cam_2_1690289651_07-54-11.jpg
180,13,2564.882009259817,138.2903673797541,2765.161301139639,313.4771632551299,cam_2_1690289726_07-55-26.jpg
180,99,2629.9303804882193,136.8787150368592,2805.462620118443,304.43333476701935,cam_2_1690289726_07-55-26.jpg
180,115,2772.9095528924804,474.1985436724964,3324.654349623124,802.4331640667738,cam_2_1690289726_07-55-26.jpg
180,127,2691.270096597706,135.39564523328949,2852.813523055693,309.6846236125443,cam_2_1690289726_07-55-26.jpg
180,151,2586.3586560263316,501.82020709975626,3158.317944498936,842.093340964246,cam_2_1690289726_07-55-26.jpg
180,152,2286.8817477838165,148.90401446095075,2474.7125382862055,376.27023897551373,cam_2_1690289726_07-55-26.jpg
180,186,2112.4269803954053,148.3624026575492,2399.659190741663,378.62392504102263,cam_2_1690289726_07-55-26.jpg
180,190,1594.802327397486,159.79926252799854,1816.0987183964746,472.85635940062843,cam_2_1690289726_07-55-26.jpg
180,191,2417.662815716261,150.88844192094388,2662.4502270614908,336.1685757720211,cam_2_1690289726_07-55-26.jpg
180,196,1939.450298439704,177.34207756450905,2266.341475575523,472.29409490477053,cam_2_1690289726_07-55-26.jpg
180,197,759.3330672324455,180.53553117193096,1119.6269043115585,618.6514730450939,cam_2_1690289726_07-55-26.jpg
180,198,1111.3111664832716,190.01873585677123,1513.2853994866844,595.1770249384608,cam_2_1690289726_07-55-26.jpg
180,200,2789.247150486688,136.03852170520383,2920.9677987143345,300.8816012129024,cam_2_1690289726_07-55-26.jpg
180,211,1703.1748110936069,159.46984997257465,2021.7062513003084,481.68512464321424,cam_2_1690289726_07-55-26.jpg
180,214,2315.7191501608468,152.427192770283,2669.5293705692543,329.7719641914463,cam_2_1690289726_07-55-26.jpg
181,13,2567.091158248559,136.50801283786197,2775.0229935028146,319.8812078353708,cam_2_1690289996_07-59-56.jpg
181,115,2776.5894191446546,475.58203142036837,3319.925620533921,796.3975070948579,cam_2_1690289996_07-59-56.jpg
181,127,2705.147367053819,135.73162753608096,2871.1759135173374,313.87865402799616,cam_2_1690289996_07-59-56.jpg
181,151,2590.5540233480283,506.64572604048,3157.5053374210825,842.9914869808106,cam_2_1690289996_07-59-56.jpg
181,152,2299.2564017697896,147.82644847697583,2494.317289520614,383.5641699097911,cam_2_1690289996_07-59-56.jpg
181,184,2167.8484389135842,144.13652699263284,2376.5618300500773,421.7079212361782,cam_2_1690289996_07-59-56.jpg
181,190,1588.4828148689476,160.17232879988902,1819.0336932900248,474.20574486876137,cam_2_1690289996_07-59-56.jpg
181,191,2412.653987891239,147.19717894676285,2669.185469113748,347.3413309497463,cam_2_1690289996_07-59-56.jpg
181,196,1921.34771912447,163.38314044381957,2247.691225757198,463.2260208299721,cam_2_1690289996_07-59-56.jpg
181,197,763.5162615417769,184.08363223648405,1126.2386190417706,615.8996823213762,cam_2_1690289996_07-59-56.jpg
181,198,1053.0215680529652,179.3299289831234,1461.6229295212213,593.2652927445309,cam_2_1690289996_07-59-56.jpg
181,200,2786.302749798151,135.27728216905768,2920.329189804673,300.8751500979077,cam_2_1690289996_07-59-56.jpg
181,211,1756.4482477268425,177.11600746356953,2063.6589167349757,491.9142823030967,cam_2_1690289996_07-59-56.jpg
181,214,2266.309994420866,150.3173508518108,2663.716430719513,354.43632312184275,cam_2_1690289996_07-59-56.jpg
182,13,2568.074469458441,135.52409132112075,2775.1052741423923,319.88238189184096,cam_2_1690290026_08-00-26.jpg
182,115,2778.340992191214,473.64276954585114,3323.2603692936864,794.3361600805066,cam_2_1690290026_08-00-26.jpg
182,127,2699.097670425899,135.31947975127855,2859.1233711430036,309.04382039195593,cam_2_1690290026_08-00-26.jpg
182,151,2584.8855079290233,500.2039422772081,3162.1989788536284,843.2043250751333,cam_2_1690290026_08-00-26.jpg
182,152,2283.105910193688,148.09041166661416,2487.6985903046,399.77373776580805,cam_2_1690290026_08-00-26.jpg
182,184,2161.73084100091,144.98297209790672,2368.4671024420677,415.7036190192137,cam_2_1690290026_08-00-26.jpg
182,190,1567.4331239966828,160.36607339977797,1807.8840293175551,474.31586866842395,cam_2_1690290026_08-00-26.jpg
182,191,2414.7361569387954,146.91208080140785,2669.9508082776197,352.1070116902565,cam_2_1690290026_08-00-26.jpg
182,193,2848.6805175510735,143.19954516999448,2988.173692856716,300.5777901916555,cam_2_1690290026_08-00-26.jpg
182,196,1921.5212468227237,160.91890055829992,2242.082076621773,459.72454364706925,cam_2_1690290026_08-00-26.jpg
182,197,764.8596230954904,186.3400149522072,1133.2476276384564,616.1195571749581,cam_2_1690290026_08-00-26.jpg
182,198,1093.4140463723036,193.45075736719937,1506.6801327830103,610.79765735948,cam_2_1690290026_08-00-26.jpg
182,200,2771.685115091828,136.43471608853005,2910.8740292592815,303.47461293640015,cam_2_1690290026_08-00-26.jpg
182,211,1771.4090969511706,183.5996400690557,2072.2337163296534,494.515708635246,cam_2_1690290026_08-00-26.jpg
182,214,2207.6098329760516,148.77069730831246,2654.5059351383975,385.0393625029775,cam_2_1690290026_08-00-26.jpg
183,13,2514.641005226605,141.99614874981407,2724.739904291894,334.7332493560086,cam_2_1690290176_08-02-56.jpg
183,115,2773.5007346303364,475.1041017766888,3321.9443660240004,796.6063497732482,cam_2_1690290176_08-02-56.jpg
183,151,2586.6218290330166,501.59065171988584,3162.02102167834,843.1172066056696,cam_2_1690290176_08-02-56.jpg
183,152,2297.8399064768814,146.01752683523551,2506.570954247846,400.04858815756234,cam_2_1690290176_08-02-56.jpg
183,184,2160.5284081367636,139.99362108496172,2379.60724524507,422.30803817498014,cam_2_1690290176_08-02-56.jpg
183,190,1531.4248220932584,164.04479400141182,1791.568935287381,488.5076511788295,cam_2_1690290176_08-02-56.jpg
183,191,2427.6048155567805,143.1863704549864,2688.1017183696094,357.974646423001,cam_2_1690290176_08-02-56.jpg
183,196,1921.0279971755435,160.91895187015277,2237.9687623603904,459.4302481448301,cam_2_1690290176_08-02-56.jpg
183,197,829.5942284303694,192.74824111252445,1217.4130779531363,650.4692888133302,cam_2_1690290176_08-02-56.jpg
183,198,1147.5377646804463,180.72539195556047,1530.0778565774597,582.9853768332848,cam_2_1690290176_08-02-56.jpg
183,200,2768.385410907251,136.63262965334053,2876.2500126296663,256.2595854054639,cam_2_1690290176_08-02-56.jpg
183,208,2627.903439796666,139.9533457505091,2849.1886264980317,237.44855660765774,cam_2_1690290176_08-02-56.jpg
183,211,1764.550801926191,186.84083694668507,2061.774152147864,497.0952360750189,cam_2_1690290176_08-02-56.jpg
183,215,2447.6399328820976,140.64232911558048,2588.8960354166884,356.8316316445811,cam_2_1690290176_08-02-56.jpg
183,216,3366.958969553897,221.02645920103603,3562.163457374497,443.47064264506537,cam_2_1690290176_08-02-56.jpg
184,13,2491.4896696111064,140.38382482704904,2713.336626606676,350.022778572457,cam_2_1690290266_08-04-26.jpg
184,115,2765.7485215953975,473.4046379684582,3316.2880286767536,796.1758649110391,cam_2_1690290266_08-04-26.jpg
184,151,2581.4279383294374,499.2962095225097,3159.4402824258327,842.1702006180603,cam_2_1690290266_08-04-26.jpg
184,152,2296.32029734429,143.5901575943074,2517.9892306469474,409.9857380597977,cam_2_1690290266_08-04-26.jpg
184,184,2151.8315355964687,146.5764015386528,2357.914416671142,415.9678841130956,cam_2_1690290266_08-04-26.jpg
184,190,1491.2626766226717,162.81529384242646,1776.620085540003,498.68404167610885,cam_2_1690290266_08-04-26.jpg
184,191,2433.821715403104,142.050270563519,2694.6116034055385,363.12697907842403,cam_2_1690290266_08-04-26.jpg
184,196,1923.2544461334955,153.93666375411,2244.6639624297195,457.55662163547083,cam_2_1690290266_08-04-26.jpg
184,197,767.1782415864247,190.33942866240133,1144.0277802244552,598.4362771391519,cam_2_1690290266_08-04-26.jpg
184,198,1112.1122012564601,221.9747126429745,1535.9057820399473,673.8154653744713,cam_2_1690290266_08-04-26.jpg
184,200,2807.3311404453475,142.4188684391276,2915.385203845607,250.71409850228227,cam_2_1690290266_08-04-26.jpg
184,208,2589.9936487898067,132.32812374457274,2881.6014161319495,264.8758364401716,cam_2_1690290266_08-04-26.jpg
184,211,1739.9438084677563,180.4115350651897,2035.4205493070824,488.2116200860818,cam_2_1690290266_08-04-26.jpg
184,215,2447.9818607666857,141.21058840322397,2602.143246475872,374.14668618402777,cam_2_1690290266_08-04-26.jpg
184,216,3400.067970369835,221.34446506016576,3615.557962098172,459.8671582789498,cam_2_1690290266_08-04-26.jpg
185,1,2600.4705498319686,445.72194576385425,3327.574389824281,1094.8645623239518,cam_2_1690290476_08-07-56.jpg
185,24,2869.9166087618373,199.67648915589797,3180.059977300138,426.03375434947833,cam_2_1690290476_08-07-56.jpg
185,148,2865.55629637653,408.43597725406124,3416.6524755124183,876.6250083577265,cam_2_1690290476_08-07-56.jpg
185,159,3041.4266513174016,200.7875535260899,3350.5349229543976,425.9083214278039,cam_2_1690290476_08-07-56.jpg
185,196,1867.3290886059856,154.92278385940318,2190.896072462728,448.86853901529076,cam_2_1690290476_08-07-56.jpg
185,197,799.2448521103042,203.2241004465599,1154.1645224124782,571.2057486047639,cam_2_1690290476_08-07-56.jpg
185,198,1158.0751796185182,198.2359472454773,1543.736212495382,613.9970469369904,cam_2_1690290476_08-07-56.jpg
186,1,2664.426881263586,401.60366510873274,3324.2430947913385,986.172955661837,cam_2_1690290671_08-11-11.jpg
186,24,2861.8741861581757,204.45670775619138,3142.6776134473644,398.3037018423498,cam_2_1690290671_08-11-11.jpg
186,159,3069.2997139886443,186.6798825097033,3355.0101233327728,386.79453058039314,cam_2_1690290671_08-11-11.jpg
186,163,3243.8852014613226,320.0324347602933,3729.8364339814357,632.0366132219626,cam_2_1690290671_08-11-11.jpg
186,172,845.1800613342921,552.8853274913884,1851.866174007865,1383.8362463420008,cam_2_1690290671_08-11-11.jpg
186,184,2143.672674660491,145.28529770522695,2368.2910954165686,428.34693303594827,cam_2_1690290671_08-11-11.jpg
186,196,1745.0678891807615,164.9123612691048,2106.352807540979,480.3537177374629,cam_2_1690290671_08-11-11.jpg
186,197,782.9853866599389,217.4705247518568,1153.0361879531508,612.0781112752252,cam_2_1690290671_08-11-11.jpg
186,201,2499.444188377537,245.27703553582933,2837.651238245075,516.31186261971,cam_2_1690290671_08-11-11.jpg
187,1,2841.1918578673212,437.41780924186395,3477.956168798462,1037.4983695049693,cam_2_1690290716_08-11-56.jpg
187,13,2484.7609698325505,136.61592578804277,2730.439186449335,364.2883765556304,cam_2_1690290716_08-11-56.jpg
187,24,2862.7647025044885,212.00088798015025,3128.3475982532495,391.14355347915006,cam_2_1690290716_08-11-56.jpg
187,159,3076.4943855987062,181.94283213461642,3361.3223299064184,374.63304349827945,cam_2_1690290716_08-11-56.jpg
187,163,3235.3660663703486,366.9008096807813,3601.7818865046993,596.7104372829617,cam_2_1690290716_08-11-56.jpg
187,172,910.5495179797823,541.673159748567,1893.7556939198416,1391.5805671597177,cam_2_1690290716_08-11-56.jpg
187,184,2150.9942758549428,145.37642436866082,2380.203099031955,429.0411600875115,cam_2_1690290716_08-11-56.jpg
187,196,1785.968391595909,165.52324725794458,2153.3254988363833,477.48554193157213,cam_2_1690290716_08-11-56.jpg
187,197,776.4503032581309,224.97563028191362,1142.5454474269432,626.8904853184406,cam_2_1690290716_08-11-56.jpg
187,221,525.1943184642494,206.4378009846078,885.6671931282416,664.4326715585785,cam_2_1690290716_08-11-56.jpg
188,24,2865.1803225219437,210.64646152528758,3122.717380112206,381.21071045523627,cam_2_1690290806_08-13-26.jpg
188,148,2696.666139786492,391.0208086761055,3348.8427186713593,926.9384772452371,cam_2_1690290806_08-13-26.jpg
188,159,3072.892670716949,181.1606850513003,3364.3274078943773,375.7029223546948,cam_2_1690290806_08-13-26.jpg
188,163,3224.99199828245,387.69972794942834,3600.5672639139343,615.9427827570458,cam_2_1690290806_08-13-26.jpg
188,184,2161.9182589244265,144.63703161571487,2394.6251920942323,426.4128802184188,cam_2_1690290806_08-13-26.jpg
188,191,2406.1855574526744,139.48155447229226,2689.609486750714,384.936986255967,cam_2_1690290806_08-13-26.jpg
188,196,1799.5003463388077,161.610953784873,2161.1272207757843,468.39851150063964,cam_2_1690290806_08-13-26.jpg
188,197,784.0319581871508,226.6370754800911,1145.2246344111463,631.956106075232,cam_2_1690290806_08-13-26.jpg
188,215,2576.967614726709,140.5996857141174,2722.7351182988314,356.62682757939604,cam_2_1690290806_08-13-26.jpg
188,221,557.7734349048352,211.23883749888847,915.9512180571301,671.0426693455431,cam_2_1690290806_08-13-26.jpg
188,226,2461.6879070485425,521.7754773357698,3027.1750466823005,899.2477746935407,cam_2_1690290806_08-13-26.jpg
189,24,2880.0081768945956,206.42022817500208,3127.190868136438,370.7003551440886,cam_2_1690290926_08-15-26.jpg
189,99,2584.66984226729,132.0470245690566,2749.6142725242594,286.24081229417504,cam_2_1690290926_08-15-26.jpg
189,115,2624.64931075173,387.48305393686644,3380.5617528737207,836.1336737235263,cam_2_1690290926_08-15-26.jpg
189,152,2275.0933287896432,137.2518866074345,2512.7316273328647,414.3815181478367,cam_2_1690290926_08-15-26.jpg
189,159,3069.7251370935915,178.83002370496035,3374.102800678551,378.2131840308123,cam_2_1690290926_08-15-26.jpg
189,163,3128.287489523277,384.8392544404327,3735.6667134621066,784.5818700455468,cam_2_1690290926_08-15-26.jpg
189,191,2414.5093514433565,143.1649355696484,2685.2273739593506,382.5655582745808,cam_2_1690290926_08-15-26.jpg
189,196,1807.067892105773,163.1719215872685,2168.684218126492,467.96929465549505,cam_2_1690290926_08-15-26.jpg
189,197,775.9766368223572,230.91661108090278,1128.5004088400842,634.6064923212973,cam_2_1690290926_08-15-26.jpg
189,215,2598.578026431158,139.7872687660982,2741.1694780400703,347.7125387757268,cam_2_1690290926_08-15-26.jpg
189,221,558.7545260366377,212.3995501937711,903.8630650749437,658.3872624740463,cam_2_1690290926_08-15-26.jpg
189,226,2425.7513779538053,548.9468806518993,2957.50711497457,899.8766959426224,cam_2_1690290926_08-15-26.jpg
189,229,2704.6026899208514,209.82045607605446,3073.01218008811,399.9939814486876,cam_2_1690290926_08-15-26.jpg
190,24,2906.323666670012,216.3036217194242,3164.736671981212,382.04561764711605,cam_2_1690291226_08-20-26.jpg
190,115,2724.2085939818985,443.95488747921627,3337.481104848521,804.0205457036334,cam_2_1690291226_08-20-26.jpg
190,151,2611.9250365987386,511.2057136085427,3186.9363620766344,848.946038631414,cam_2_1690291226_08-20-26.jpg
190,159,3063.4288330041236,181.29496586791623,3354.6436297547893,364.3506806984942,cam_2_1690291226_08-20-26.jpg
190,163,3187.906287747448,384.55455737702357,3680.1241196381534,704.4405221206579,cam_2_1690291226_08-20-26.jpg
190,186,2194.704000653826,139.35031656708205,2529.782512777521,409.3842433188345,cam_2_1690291226_08-20-26.jpg
190,191,2410.9973159052083,145.73620953785212,2677.4614935975487,384.44554048411896,cam_2_1690291226_08-20-26.jpg
190,196,1806.044289689235,162.2228394370353,2172.228465352519,471.20095718945186,cam_2_1690291226_08-20-26.jpg
190,197,801.7940403955622,239.42762189388867,1138.2790396650014,635.4460598532264,cam_2_1690291226_08-20-26.jpg
190,215,2596.4412288544213,138.78101941571347,2747.968284906082,353.27667412259257,cam_2_1690291226_08-20-26.jpg
190,221,584.0089910603783,213.95016699309846,908.4773854223613,633.9611763111492,cam_2_1690291226_08-20-26.jpg
190,226,2457.6710201753394,549.6243833511494,2988.6726172125263,900.6127861740288,cam_2_1690291226_08-20-26.jpg
190,229,2715.2646119648425,220.19348368360815,3076.2051901668538,408.01851554427697,cam_2_1690291226_08-20-26.jpg
191,24,2880.2151851113294,207.21335429963892,3167.1845402436534,383.13540883798305,cam_2_1690291661_08-27-41.jpg
191,115,2773.1795248433086,391.4933257016333,3450.84114629463,797.7423927590478,cam_2_1690291661_08-27-41.jpg
191,127,2672.605308057915,138.8652262623043,2858.5547166804113,346.39381883744807,cam_2_1690291661_08-27-41.jpg
191,151,2609.005145546133,510.74337319857,3195.071544355967,851.4290399347917,cam_2_1690291661_08-27-41.jpg
191,159,3056.9605390228253,182.9410330664149,3364.3215384990217,373.10117104234155,cam_2_1690291661_08-27-41.jpg
191,163,3228.6028448629486,384.48648140232297,3644.920082726104,653.4148032081014,cam_2_1690291661_08-27-41.jpg
191,168,2310.8814672803246,134.88151422207665,2605.0735610258816,381.2878287405105,cam_2_1690291661_08-27-41.jpg
191,197,750.4950209886157,227.41110547550772,1089.5482962617125,632.594228391674,cam_2_1690291661_08-27-41.jpg
191,198,926.460422348033,201.34436384625695,1292.737852855419,598.0419230411248,cam_2_1690291661_08-27-41.jpg
191,211,1910.4003424766174,154.38870156608405,2205.849170280257,467.490414868844,cam_2_1690291661_08-27-41.jpg
191,215,2593.627397761919,133.11358180097585,2763.010188643366,367.0300918401716,cam_2_1690291661_08-27-41.jpg
191,226,2453.9949303845824,539.1127672542742,2995.333581964593,898.0491727095938,cam_2_1690291661_08-27-41.jpg
192,24,2871.742269914834,204.96664724169526,3176.6222794285363,384.9145523242755,cam_2_1690291676_08-27-56.jpg
192,127,2681.4681609074537,143.27479400028068,2859.955076281273,344.5756466477052,cam_2_1690291676_08-27-56.jpg
192,148,2858.7641079167042,378.48809288709054,3466.2007297408645,886.2384630882129,cam_2_1690291676_08-27-56.jpg
192,151,2611.102523292427,510.8856924122489,3201.697460588158,851.61959442466,cam_2_1690291676_08-27-56.jpg
192,159,3056.5746370155416,184.98506332555775,3364.0841193609035,372.4045916736101,cam_2_1690291676_08-27-56.jpg
192,163,3242.133294386399,387.51355169394424,3629.1886028848644,635.9201289969569,cam_2_1690291676_08-27-56.jpg
192,168,2305.15456344894,135.0098547644581,2599.2665935013465,379.76762136723926,cam_2_1690291676_08-27-56.jpg
192,197,714.8470473020589,222.46444252349417,1058.1647496956552,633.9291401807851,cam_2_1690291676_08-27-56.jpg
192,198,909.3082569836464,201.0287113255732,1273.4141658540952,595.8825140637617,cam_2_1690291676_08-27-56.jpg
192,211,1899.6940932060159,155.60191420439554,2191.213974437148,463.1128176080933,cam_2_1690291676_08-27-56.jpg
192,215,2587.188929263309,136.00249142870834,2762.4204400815433,372.52445547287687,cam_2_1690291676_08-27-56.jpg
192,226,2442.1995309204913,530.0583438556484,2994.7926824757265,897.4024139403407,cam_2_1690291676_08-27-56.jpg
192,235,2582.504553671882,399.10541304263495,2929.891787840442,541.7059873915425,cam_2_1690291676_08-27-56.jpg
193,24,2863.2047969561927,209.37958760704672,3178.5399476283205,389.9071562019752,cam_2_1690291871_08-31-11.jpg
193,127,2695.81916892764,143.39430728410565,2867.2016038884185,337.53680174596803,cam_2_1690291871_08-31-11.jpg
193,148,2958.3524505482555,420.55804910366527,3408.8203673003213,779.911634166225,cam_2_1690291871_08-31-11.jpg
193,151,2616.2691417971464,518.5322050941882,3202.2584395975623,853.9224306901393,cam_2_1690291871_08-31-11.jpg
193,159,3054.2502911019687,184.0004571551163,3360.099000217302,366.3374318361611,cam_2_1690291871_08-31-11.jpg
193,163,3243.7312278662566,389.3745875106147,3621.0184497778,629.13465662502,cam_2_1690291871_08-31-11.jpg
193,186,2196.9604991011283,146.57158797716698,2529.6867455288543,412.33872797797216,cam_2_1690291871_08-31-11.jpg
193,191,2389.0036491061305,142.72011214101985,2654.137102977367,386.98237851242266,cam_2_1690291871_08-31-11.jpg
193,197,711.7266903760506,222.74915863293066,1056.7004555206736,642.8948664581512,cam_2_1690291871_08-31-11.jpg
193,198,897.1540937069994,198.47866763676194,1266.3330116173593,600.8812416318226,cam_2_1690291871_08-31-11.jpg
193,211,1908.3284754694116,156.26595331099458,2197.3898231690346,464.6517544879569,cam_2_1690291871_08-31-11.jpg
193,215,2596.2565769336534,133.37394308104257,2778.305866238221,374.66187128380835,cam_2_1690291871_08-31-11.jpg
193,226,2447.3410655416355,527.5277162060943,3000.602076644919,897.0683078287282,cam_2_1690291871_08-31-11.jpg
193,235,2595.5278125563837,407.09065352900706,2941.9581001923148,548.9727455271918,cam_2_1690291871_08-31-11.jpg
194,24,2869.5262757075966,213.1198712550274,3186.7574178896734,388.84190402882086,cam_2_1690291946_08-32-26.jpg
194,127,2692.6552904204136,144.78364660879674,2868.2066166325176,343.25707300132535,cam_2_1690291946_08-32-26.jpg
194,148,2991.177796707858,434.0511939209781,3395.5876945593686,747.0718908777329,cam_2_1690291946_08-32-26.jpg
194,151,2624.666383986144,521.5146241444056,3210.8269323002273,856.3327641558212,cam_2_1690291946_08-32-26.jpg
194,159,3048.3117425340934,184.16962073374873,3361.226968875807,367.2667994967419,cam_2_1690291946_08-32-26.jpg
194,163,3242.5392787863734,389.839534092676,3618.206847357778,626.8398790392714,cam_2_1690291946_08-32-26.jpg
194,186,2206.6310676133053,147.40038422753184,2530.0842426371764,409.94312430529203,cam_2_1690291946_08-32-26.jpg
194,191,2387.412693473245,144.9095420830448,2643.5276021292048,386.76963280821155,cam_2_1690291946_08-32-26.jpg
194,197,711.0762672522573,221.82711214549175,1050.722192738998,643.0971400840046,cam_2_1690291946_08-32-26.jpg
194,198,896.206435429507,198.72086701176426,1264.2200447102236,597.2274248491499,cam_2_1690291946_08-32-26.jpg
194,211,1896.7577938981187,152.93494725727888,2193.726505122967,462.1686440498846,cam_2_1690291946_08-32-26.jpg
194,215,2595.9554290093993,133.72957009443687,2781.6523978846985,376.7922910035569,cam_2_1690291946_08-32-26.jpg
194,226,2453.0067201548545,521.3153526920396,3008.2600145526703,894.9140350893467,cam_2_1690291946_08-32-26.jpg
194,235,2598.731559012051,407.94604121197597,2952.6594512596153,552.9336587192988,cam_2_1690291946_08-32-26.jpg
195,24,2866.730177740577,214.4106266313695,3189.7316899047078,388.63292364602376,cam_2_1690292021_08-33-41.jpg
195,127,2692.0888068750082,144.4674233829827,2869.405801163659,345.3619548097286,cam_2_1690292021_08-33-41.jpg
195,148,2993.4419923903693,438.55065234269347,3391.5639400528776,738.9230346325091,cam_2_1690292021_08-33-41.jpg
195,151,2620.489144061476,522.2461899871805,3215.967783115111,861.993267000543,cam_2_1690292021_08-33-41.jpg
195,159,3045.802609338628,184.65078402574824,3363.864404875301,368.20370789022155,cam_2_1690292021_08-33-41.jpg
195,163,3239.665359817456,390.62288685949426,3616.0065883209554,625.8147280175519,cam_2_1690292021_08-33-41.jpg
195,186,2219.984513508926,151.49574562648263,2534.1539849463643,409.0660798243824,cam_2_1690292021_08-33-41.jpg
195,191,2391.5670336606554,146.39991845051867,2641.0967738763798,386.2020033437654,cam_2_1690292021_08-33-41.jpg
195,197,701.5740715959271,221.9372817547925,1041.1758886017428,643.6320003377551,cam_2_1690292021_08-33-41.jpg
195,198,906.7796893487207,200.94041143050399,1272.5124613418184,594.7702720913807,cam_2_1690292021_08-33-41.jpg
195,211,1885.288433577162,154.03020239878782,2188.4783089798457,463.98393822291786,cam_2_1690292021_08-33-41.jpg
195,215,2596.9244569749226,133.3305274024346,2784.608921392679,376.62752807508036,cam_2_1690292021_08-33-41.jpg
195,226,2459.0070702515386,522.6975784964463,3007.9946045784695,894.2115541092619,cam_2_1690292021_08-33-41.jpg
195,235,2597.2417945250877,408.97098145687426,2952.3363163686163,554.3137080830461,cam_2_1690292021_08-33-41.jpg
195,236,3010.172633960354,431.231663725717,3449.3544353021384,680.2965394640146,cam_2_1690292021_08-33-41.jpg
196,24,2860.658552351447,212.8010353740329,3195.3857302868664,389.0711137340244,cam_2_1690292111_08-35-11.jpg
196,127,2694.469871855264,144.1580644443743,2867.977107615995,342.0931695359749,cam_2_1690292111_08-35-11.jpg
196,148,2994.4860703619247,436.3807035576526,3397.7073378148525,734.4008424853444,cam_2_1690292111_08-35-11.jpg
196,151,2616.871295009525,521.7324738247402,3217.054755149677,864.0728446439642,cam_2_1690292111_08-35-11.jpg
196,159,3041.723715304975,185.70951177787114,3367.996613006611,372.0222071420453,cam_2_1690292111_08-35-11.jpg
196,163,3236.9565541194984,391.1335216001243,3616.8372131677465,626.6410390106101,cam_2_1690292111_08-35-11.jpg
196,186,2234.4533626572284,150.01469836241444,2538.4766951278957,404.09478226996816,cam_2_1690292111_08-35-11.jpg
196,191,2397.727728892155,144.24086777974293,2643.46044846583,383.086564473066,cam_2_1690292111_08-35-11.jpg
196,197,684.9774326730322,217.14906921241737,1015.325114581896,637.5638418806943,cam_2_1690292111_08-35-11.jpg
196,198,910.2065972943484,195.90615086559956,1284.4405208513917,599.0636974329362,cam_2_1690292111_08-35-11.jpg
196,211,1886.9808014632952,154.39317669360324,2189.370194595675,460.6357296977659,cam_2_1690292111_08-35-11.jpg
196,215,2597.9627944559124,135.2079949644886,2782.1198612780295,371.89434099428667,cam_2_1690292111_08-35-11.jpg
196,226,2458.1273945582584,521.8913779838401,3006.6242276830403,895.2085252839142,cam_2_1690292111_08-35-11.jpg
196,235,2596.436949601913,407.3572399976549,2955.3186800676517,554.1796239973821,cam_2_1690292111_08-35-11.jpg
196,236,3011.48127914411,433.7607665308031,3449.41429101245,682.0579662787106,cam_2_1690292111_08-35-11.jpg
197,24,2857.197283310102,214.04560511264793,3195.9689527858827,389.0662709015417,cam_2_1690292261_08-37-41.jpg
197,127,2693.571971740895,144.30958542011757,2873.936954449364,351.5735203536301,cam_2_1690292261_08-37-41.jpg
197,148,2990.39036461546,435.3018122126888,3402.148209062062,736.1547665926308,cam_2_1690292261_08-37-41.jpg
197,151,2614.0287158067513,517.6273383100404,3215.9871825032524,859.530092668692,cam_2_1690292261_08-37-41.jpg
197,159,3046.008654279491,186.19055482401018,3368.918722411216,367.8254824479832,cam_2_1690292261_08-37-41.jpg
197,163,3234.4467570522993,389.72861022931664,3616.2798608436865,625.0135754438136,cam_2_1690292261_08-37-41.jpg
197,191,2370.3817860189683,137.45121478477978,2624.8654739311387,382.3686541810273,cam_2_1690292261_08-37-41.jpg
197,197,685.2868709842569,221.8367466536993,1012.9927304079883,651.7025153232563,cam_2_1690292261_08-37-41.jpg
197,198,905.4709103434882,199.5995420238518,1282.0201277456392,606.212625139054,cam_2_1690292261_08-37-41.jpg
197,211,1906.5013687166131,158.04107832511156,2204.160952757904,464.0177880817279,cam_2_1690292261_08-37-41.jpg
197,215,2601.0614598100215,135.40560437249638,2790.2775183401636,375.80680370117574,cam_2_1690292261_08-37-41.jpg
197,226,2455.419007197396,523.0599251525784,3005.2348293729583,899.497300906486,cam_2_1690292261_08-37-41.jpg
197,235,2595.7638843983777,409.55891708648176,2952.583394474294,555.3669379252606,cam_2_1690292261_08-37-41.jpg
197,236,3011.8253941900193,431.78341772978087,3451.4507538878247,680.9245545970866,cam_2_1690292261_08-37-41.jpg
198,1,3247.6733957219994,331.15230255216574,3695.414765819517,737.3509468287482,cam_2_1690292396_08-39-56.jpg
198,24,2849.4877722101196,210.21035238781963,3199.7530267621723,388.55086336452416,cam_2_1690292396_08-39-56.jpg
198,127,2705.3325279910064,144.9341479252236,2878.610158325072,346.3932790269959,cam_2_1690292396_08-39-56.jpg
198,148,2988.1317333413185,431.34286788688746,3410.5475587061806,737.4054130805946,cam_2_1690292396_08-39-56.jpg
198,151,2606.097590439744,516.5965607342143,3208.6223073114916,856.4481034181364,cam_2_1690292396_08-39-56.jpg
198,159,3159.2141644881517,211.36819680797166,3435.2062036960688,358.00972570686736,cam_2_1690292396_08-39-56.jpg
198,191,2343.996710713549,136.34959612856142,2608.9109530031706,385.3120776265549,cam_2_1690292396_08-39-56.jpg
198,215,2608.27188192095,136.9055574694787,2797.0716910464917,373.46987817845155,cam_2_1690292396_08-39-56.jpg
198,226,2438.0284969531085,537.53853095603,2972.8113747940156,901.4788066723419,cam_2_1690292396_08-39-56.jpg
198,235,2596.881427710216,411.23807794710876,2960.2259642907757,559.005063756973,cam_2_1690292396_08-39-56.jpg
198,236,3042.4792134524864,442.20699357924616,3464.820323166953,682.633817258623,cam_2_1690292396_08-39-56.jpg
199,1,3263.772555525068,324.68060613354567,3713.8688096390824,728.4634290500694,cam_2_1690292456_08-40-56.jpg
199,24,2853.4397363158273,211.02504060252102,3207.618883756439,388.23024858308213,cam_2_1690292456_08-40-56.jpg
199,74,2236.7073811619657,136.02611611963204,2639.0919079767264,386.36942861993276,cam_2_1690292456_08-40-56.jpg
199,99,2540.527184479515,148.09994079370264,2755.782800499523,363.20669389296097,cam_2_1690292456_08-40-56.jpg
199,127,2702.910479132982,151.03721233823566,2879.08996958683,361.0164172663025,cam_2_1690292456_08-40-56.jpg
199,148,2982.278686203173,431.43453255504005,3408.7318894639325,737.5450959785182,cam_2_1690292456_08-40-56.jpg
199,151,2612.692559088603,519.412123849053,3216.213979767815,859.9134960163788,cam_2_1690292456_08-40-56.jpg
199,159,3219.6408612646965,213.10232596852887,3471.8129631415063,349.0562365427735,cam_2_1690292456_08-40-56.jpg
199,215,2647.6735584568155,141.885409635945,2827.0480209375764,364.2741938958285,cam_2_1690292456_08-40-56.jpg
199,226,2446.398741178528,528.7033826151564,2992.9005065705915,903.2468019451592,cam_2_1690292456_08-40-56.jpg
199,235,2594.64346983171,409.2258690974308,2962.839503168363,559.0473477543195,cam_2_1690292456_08-40-56.jpg
199,236,3048.815015431732,441.766086908446,3467.3249495803598,681.1060556055749,cam_2_1690292456_08-40-56.jpg
200,1,3256.112306182378,326.2815983649137,3708.1784948729937,723.7191582670373,cam_2_1690292471_08-41-11.jpg
200,24,2844.6311487129246,211.46747333535168,3200.9274751490234,387.5184468223084,cam_2_1690292471_08-41-11.jpg
200,74,2246.236670418516,135.60904296026217,2638.2725299277217,383.4031454784938,cam_2_1690292471_08-41-11.jpg
200,99,2544.3880334478818,153.3421911481475,2749.895501100424,368.3835429898635,cam_2_1690292471_08-41-11.jpg
200,148,2978.4212441430586,428.5480728707198,3411.567468387097,738.041453570429,cam_2_1690292471_08-41-11.jpg
200,151,2614.213297793056,519.2484141071225,3221.4554148541542,862.0277317432565,cam_2_1690292471_08-41-11.jpg
200,159,3244.9553130177883,214.72680594562934,3480.1263442800746,342.4129577828201,cam_2_1690292471_08-41-11.jpg
200,215,2666.1134726166,144.35738047263771,2841.9408443216325,357.1977139849014,cam_2_1690292471_08-41-11.jpg
200,226,2454.299719120839,525.9887457001724,3000.631116206983,903.232847158374,cam_2_1690292471_08-41-11.jpg
200,235,2590.9706429798707,408.8408483460841,2961.8178542104583,560.0834820587895,cam_2_1690292471_08-41-11.jpg
200,236,3060.315450556359,449.73820859312013,3465.1726305070492,682.4560971889928,cam_2_1690292471_08-41-11.jpg
201,1,3262.7991589537505,329.6995661748524,3719.5748019455277,721.6522090039971,cam_2_1690292591_08-43-11.jpg
201,24,2846.5171284606695,209.63573085975008,3211.4949653006015,387.42067650155013,cam_2_1690292591_08-43-11.jpg
201,99,2546.666773390427,156.08709056738388,2742.9612103868058,374.02796971134853,cam_2_1690292591_08-43-11.jpg
201,148,2978.2522343263563,430.0149485952011,3413.569930823216,739.6789590229307,cam_2_1690292591_08-43-11.jpg
201,151,2601.9445482423016,518.5864010169521,3213.867057954703,862.4086697961371,cam_2_1690292591_08-43-11.jpg
201,159,3231.516873029196,219.50117911632162,3473.7169165740816,352.7557782110649,cam_2_1690292591_08-43-11.jpg
201,191,2326.6038653939286,135.26764245441007,2598.5884180140833,385.1237107316,cam_2_1690292591_08-43-11.jpg
201,215,2665.9042899463266,145.14255388261523,2845.2838435727276,358.85080768847786,cam_2_1690292591_08-43-11.jpg
201,226,2455.698778151434,525.1141763350582,3000.3634468406,903.2858466808484,cam_2_1690292591_08-43-11.jpg
201,235,2593.367736002118,410.67901594274815,2960.3146074393967,559.6319204827455,cam_2_1690292591_08-43-11.jpg
201,236,3065.8369763123674,451.98593991082566,3463.549440009924,681.1521750457118,cam_2_1690292591_08-43-11.jpg
201,238,3035.902557394551,180.07973467247206,3345.5130749982686,292.01513405180475,cam_2_1690292591_08-43-11.jpg
201,239,3407.5670866800706,228.23421235404396,3593.7031243123474,357.82691858524356,cam_2_1690292591_08-43-11.jpg
202,1,3261.2199626903894,329.1359966160894,3728.121727852625,721.4423321117761,cam_2_1690292711_08-45-11.jpg
202,13,2619.866565425787,139.62810462857823,2841.820549346666,351.18023115529263,cam_2_1690292711_08-45-11.jpg
202,24,2848.3573158836502,209.50453028174144,3211.7716808398095,384.61296626798156,cam_2_1690292711_08-45-11.jpg
202,99,2552.000031443766,155.53962897103582,2740.860796408215,374.93128939677285,cam_2_1690292711_08-45-11.jpg
202,127,2732.5376453401536,151.12519176502332,2900.7620227572465,349.10793619300995,cam_2_1690292711_08-45-11.jpg
202,148,2977.395921322459,431.94059274094997,3412.3831738560248,739.6098690540973,cam_2_1690292711_08-45-11.jpg
202,151,2606.840221574157,519.3781568554381,3216.439521064267,861.5054769452659,cam_2_1690292711_08-45-11.jpg
202,159,3234.853714729028,219.22879133163562,3478.4418396369865,353.9871952987828,cam_2_1690292711_08-45-11.jpg
202,191,2349.2590124984367,137.17989632639762,2620.4947130619375,381.57945014309007,cam_2_1690292711_08-45-11.jpg
202,215,2686.6395591607006,151.4509725426941,2868.8329930930213,369.7981301473279,cam_2_1690292711_08-45-11.jpg
202,226,2458.4177209734717,524.249143100264,3000.530719680183,902.9639761411617,cam_2_1690292711_08-45-11.jpg
202,235,2593.06685074175,412.2695323135465,2960.128599605567,560.8085529168561,cam_2_1690292711_08-45-11.jpg
202,236,3067.6462766054537,452.39194676316475,3465.057556187653,682.2086496766766,cam_2_1690292711_08-45-11.jpg
202,238,3050.9872907762397,178.3063645093403,3364.40438657695,291.2598645364617,cam_2_1690292711_08-45-11.jpg
202,239,3409.4272664911605,229.60165463756698,3586.834267061011,353.9345893290824,cam_2_1690292711_08-45-11.jpg
203,1,3248.5988196521744,333.4052355308687,3721.6602299326823,722.641217796288,cam_2_1690292801_08-46-41.jpg
203,24,2841.4768271659445,209.981403605063,3214.471077522895,387.69979035658713,cam_2_1690292801_08-46-41.jpg
203,99,2559.6770687717803,143.2966870654438,2740.418243533036,353.45149511790305,cam_2_1690292801_08-46-41.jpg
203,148,2973.90179390508,428.64889423516206,3413.4299868482653,738.2069502533104,cam_2_1690292801_08-46-41.jpg
203,151,2614.701292104136,519.6554691775182,3221.049880022592,860.5642580617991,cam_2_1690292801_08-46-41.jpg
203,159,3269.3414643758742,220.84462529286577,3502.662129202925,352.62925624026127,cam_2_1690292801_08-46-41.jpg
203,186,2280.6167975552394,223.49403090671558,2614.574340631562,511.3707829166523,cam_2_1690292801_08-46-41.jpg
203,215,2677.234754366132,177.85923528349105,2846.5954073492912,382.45066451831906,cam_2_1690292801_08-46-41.jpg
203,216,3459.6078219726555,230.64646302741738,3589.2970876711465,373.9892048642272,cam_2_1690292801_08-46-41.jpg
203,226,2453.4696280711273,507.0505113692996,3010.919529592264,901.5804092076517,cam_2_1690292801_08-46-41.jpg
203,235,2593.52252570008,408.67186535566395,2968.309480256033,560.8301570519393,cam_2_1690292801_08-46-41.jpg
203,236,3066.184940802718,451.44313522721893,3465.053717235606,682.8888176418607,cam_2_1690292801_08-46-41.jpg
203,238,3082.95079572486,191.9781702692365,3439.0583743796406,323.19310077046305,cam_2_1690292801_08-46-41.jpg
204,1,3251.0636224225827,330.88703317222905,3717.871555700123,714.1068532924351,cam_2_1690292921_08-48-41.jpg
204,24,2835.905642298244,205.36667317322045,3217.574744732462,385.8175480373185,cam_2_1690292921_08-48-41.jpg
204,99,2567.8781674124675,142.2253809708273,2760.0922837856924,358.1836005250643,cam_2_1690292921_08-48-41.jpg
204,148,2974.1605707896074,431.0631535907359,3414.5808661288884,739.4532867419186,cam_2_1690292921_08-48-41.jpg
204,151,2616.4534357823663,519.2848698061464,3223.918439007688,861.4638640241059,cam_2_1690292921_08-48-41.jpg
204,159,3293.8829747148493,223.4893684295493,3523.289045150598,352.90130910067336,cam_2_1690292921_08-48-41.jpg
204,172,825.2995656961999,405.0266879495914,1599.280663017907,1062.2533510049448,cam_2_1690292921_08-48-41.jpg
204,216,3474.27965343853,231.82091285273674,3597.950245531055,368.8901206133916,cam_2_1690292921_08-48-41.jpg
204,226,2455.8955157668834,502.81411459369,3012.848791722758,901.3477339965375,cam_2_1690292921_08-48-41.jpg
204,235,2595.0610382363075,405.6253174481815,2965.790440775141,556.8698118314101,cam_2_1690292921_08-48-41.jpg
204,236,3070.1033853969125,451.1289892551056,3463.1746953088445,680.2866210914588,cam_2_1690292921_08-48-41.jpg
204,238,3113.9181235175693,194.10256168449413,3463.508796554745,325.6600227013787,cam_2_1690292921_08-48-41.jpg
205,1,3249.1550757481423,330.7529465555375,3716.4499479988735,713.174805896045,cam_2_1690292936_08-48-56.jpg
205,24,2832.0468945833986,203.4662335672736,3219.4196483589153,385.2714417191581,cam_2_1690292936_08-48-56.jpg
205,99,2574.1706505403263,140.42073209244245,2781.6680939702483,365.93711497380093,cam_2_1690292936_08-48-56.jpg
205,148,2972.095110459406,430.96434341168435,3414.984440963197,739.6297007313394,cam_2_1690292936_08-48-56.jpg
205,151,2611.8177721800985,518.185628434541,3216.475988315032,857.6472008546874,cam_2_1690292936_08-48-56.jpg
205,159,3297.075562066726,222.612644937694,3523.6280475107787,350.91295557625995,cam_2_1690292936_08-48-56.jpg
205,172,822.0563279720014,396.1706923198523,1599.9228050253241,1045.813178629084,cam_2_1690292936_08-48-56.jpg
205,216,3481.8518127382263,231.69791940175736,3605.748935726178,368.41806986988075,cam_2_1690292936_08-48-56.jpg
205,226,2465.010630333899,514.1085471744809,3004.624070712346,901.8669613930582,cam_2_1690292936_08-48-56.jpg
205,235,2593.0696187788494,406.60654468709845,2960.0951198706894,556.3913219606851,cam_2_1690292936_08-48-56.jpg
205,236,3063.3897148356423,447.39449805516034,3457.7937561155327,678.0444467916324,cam_2_1690292936_08-48-56.jpg
205,238,3125.501979201691,193.21537815093143,3469.2747782237993,325.86431133821895,cam_2_1690292936_08-48-56.jpg
205,241,2747.001638612712,140.0313330034486,2987.3098851850955,235.87152207071404,cam_2_1690292936_08-48-56.jpg
206,1,3246.8305229967964,326.95746733295056,3700.629702815384,690.6994116752153,cam_2_1690293041_08-50-41.jpg
206,24,2821.710354469236,201.0651154647134,3220.507324217506,388.3887279766934,cam_2_1690293041_08-50-41.jpg
206,99,2580.1930775439732,138.18053687734127,2795.79702930785,368.2160747074629,cam_2_1690293041_08-50-41.jpg
206,148,2964.4910131406405,424.26848361369764,3416.909737308524,739.4643654075376,cam_2_1690293041_08-50-41.jpg
206,151,2601.1272389237365,515.2916843609489,3212.2603779214455,857.0094319345997,cam_2_1690293041_08-50-41.jpg
206,159,3302.355871445316,221.01331700436748,3527.144579178132,348.06718833335157,cam_2_1690293041_08-50-41.jpg
206,208,2742.8621669243457,130.52924166057352,2957.6468165778565,226.917015935563,cam_2_1690293041_08-50-41.jpg
206,216,3482.92649468398,235.36591332117894,3609.3387756280404,375.23331186630855,cam_2_1690293041_08-50-41.jpg
206,226,2467.937074449915,516.8604675327242,3000.908879171372,902.2885680937711,cam_2_1690293041_08-50-41.jpg
206,235,2591.3102742334613,405.96559742875735,2957.2671530955636,555.5148255383499,cam_2_1690293041_08-50-41.jpg
206,236,3055.186521165278,440.0748217616287,3462.7278536014096,679.6753514238455,cam_2_1690293041_08-50-41.jpg
206,241,2699.8161800156718,135.36379878968935,2985.8699876848623,250.94674355178248,cam_2_1690293041_08-50-41.jpg
207,1,3215.596669459855,328.82640871465594,3687.820979439303,701.6286928866115,cam_2_1690293131_08-52-11.jpg
207,24,2807.209048089054,201.27729276087848,3207.2561975592266,389.842976803891,cam_2_1690293131_08-52-11.jpg
207,99,2578.109121986048,135.05574648479617,2805.140150946951,372.52767938150373,cam_2_1690293131_08-52-11.jpg
207,148,2966.971049999359,428.3186638085831,3415.7119203701577,740.1507042005703,cam_2_1690293131_08-52-11.jpg
207,151,2600.8030420448868,516.5701844042865,3214.0188327518877,859.1153740502564,cam_2_1690293131_08-52-11.jpg
207,159,3278.432811037932,217.76931664168757,3484.438684080891,331.2751675284813,cam_2_1690293131_08-52-11.jpg
207,208,2764.290087889688,133.45297504571892,2981.0822803092888,227.9124305491717,cam_2_1690293131_08-52-11.jpg
207,216,3466.8494543930265,252.1813791732888,3614.1958662778707,389.99147192030443,cam_2_1690293131_08-52-11.jpg
207,226,2470.908481478169,523.6247076002742,2992.411163265513,901.5933449529548,cam_2_1690293131_08-52-11.jpg
207,235,2587.8504326473126,407.0737209232683,2951.8659837875216,555.3902543867931,cam_2_1690293131_08-52-11.jpg
207,236,3057.6250529633967,445.71023198540206,3457.639879155272,681.7041918763048,cam_2_1690293131_08-52-11.jpg
208,1,3237.65059904021,330.3752635507641,3730.957383491548,718.9170452382946,cam_2_1690293146_08-52-26.jpg
208,24,2812.779961704801,199.99772144108942,3218.690938262757,392.0038031224799,cam_2_1690293146_08-52-26.jpg
208,148,2963.0738648433617,428.8568120766803,3412.242307600829,739.8424694586683,cam_2_1690293146_08-52-26.jpg
208,151,2606.000443600651,516.3087419932281,3219.7251949912743,859.853585018196,cam_2_1690293146_08-52-26.jpg
208,159,3222.158697361464,225.20326757791725,3457.9356572499732,347.6664271296895,cam_2_1690293146_08-52-26.jpg
208,168,2477.3865366034383,139.48758360525125,2741.021923180347,357.9094287988988,cam_2_1690293146_08-52-26.jpg
208,215,2695.4394939258573,167.92524408656396,2876.2857127049665,379.5551958962024,cam_2_1690293146_08-52-26.jpg
208,216,3464.404572389263,243.00983963343865,3612.7263777255243,380.1055171533426,cam_2_1690293146_08-52-26.jpg
208,226,2467.8126256948094,514.6626218059065,2998.4517791379576,901.9416334491999,cam_2_1690293146_08-52-26.jpg
208,235,2587.198534165896,403.494572515922,2957.552929066125,554.7049550072661,cam_2_1690293146_08-52-26.jpg
208,236,3056.22240844673,443.3838002002582,3461.2794227447334,683.1684826015505,cam_2_1690293146_08-52-26.jpg
209,1,3242.9584850359633,333.07950050428957,3744.8471545982256,725.9145390867825,cam_2_1690293161_08-52-41.jpg
209,24,2813.9800288923834,199.35478733316037,3224.5445049110676,394.5166894824075,cam_2_1690293161_08-52-41.jpg
209,148,2964.1307712957014,431.24903103794963,3412.821828729614,740.9142539763111,cam_2_1690293161_08-52-41.jpg
209,151,2609.4731406713336,515.7229759623743,3224.445072974362,861.095150724446,cam_2_1690293161_08-52-41.jpg
209,159,3200.052077972618,228.09102712453682,3451.62253656405,352.38013219050947,cam_2_1690293161_08-52-41.jpg
209,211,1736.313741753816,164.09074244295292,2048.399051507217,489.3309000985962,cam_2_1690293161_08-52-41.jpg
209,215,2691.101665162742,163.48840460095258,2879.545587497608,377.76332232890593,cam_2_1690293161_08-52-41.jpg
209,226,2469.0473437941428,507.9694426125649,3003.958554684663,901.6010521674106,cam_2_1690293161_08-52-41.jpg
209,235,2587.4960445807355,399.2967665703736,2963.3265878820403,553.2737007241501,cam_2_1690293161_08-52-41.jpg
209,236,3058.7841119583904,445.88500008948176,3462.7257981755756,685.9216361475171,cam_2_1690293161_08-52-41.jpg
209,239,3456.4107304010436,235.80357693726904,3645.795818524227,368.67385275252497,cam_2_1690293161_08-52-41.jpg
210,1,3241.802855399203,333.51855512071154,3755.8460578472977,734.909812614903,cam_2_1690293206_08-53-26.jpg
210,24,2810.396339630216,192.5150470891661,3237.007985612373,397.2973849279472,cam_2_1690293206_08-53-26.jpg
210,99,2616.2356893205865,156.0211248213501,2841.3266571688905,383.24252238634404,cam_2_1690293206_08-53-26.jpg
210,148,2960.350580017834,427.2712043952873,3417.1877609896123,742.0349318364827,cam_2_1690293206_08-53-26.jpg
210,151,2616.1854280605335,517.1776424312576,3225.323968684035,860.3061594246761,cam_2_1690293206_08-53-26.jpg
210,159,3195.766598204498,228.21115240357864,3454.598123906895,350.84072972273424,cam_2_1690293206_08-53-26.jpg
210,172,800.1672024770533,406.15715594211275,1583.9826967368772,1064.9908537601207,cam_2_1690293206_08-53-26.jpg
210,226,2468.72824477992,502.001950369686,3006.477847750698,901.2853452641325,cam_2_1690293206_08-53-26.jpg
210,235,2590.275726682447,401.77695345705075,2958.4355997738776,553.2078940346192,cam_2_1690293206_08-53-26.jpg
210,236,3061.6727265553523,446.30700211168875,3462.768555204531,685.2974586702941,cam_2_1690293206_08-53-26.jpg
210,239,3438.971863560141,229.1783756968377,3629.618956809734,362.7055421322942,cam_2_1690293206_08-53-26.jpg
211,1,3250.175538581721,334.45160334609506,3766.374329962483,737.6075703569004,cam_2_1690293221_08-53-41.jpg
211,24,2811.586505583368,183.64688930270427,3246.6274181173394,393.9011564547078,cam_2_1690293221_08-53-41.jpg
211,74,2146.3617990026587,150.30060132324255,2531.9986755656596,400.37869185417867,cam_2_1690293221_08-53-41.jpg
211,148,2964.570250384629,431.444992760041,3416.1218435628484,741.3558699477223,cam_2_1690293221_08-53-41.jpg
211,151,2613.0207008661787,517.382639483222,3216.7009289195594,856.9568982620332,cam_2_1690293221_08-53-41.jpg
211,159,3186.9167234975084,227.3425070714225,3465.1947681728643,355.20707585708715,cam_2_1690293221_08-53-41.jpg
211,172,813.4920122446406,407.0118379570756,1592.4028274140337,1066.7723291820407,cam_2_1690293221_08-53-41.jpg
211,226,2471.7481173226683,519.0580857940938,2989.33449571929,902.2592095871214,cam_2_1690293221_08-53-41.jpg
211,235,2586.2809497205435,398.5818395562345,2961.9248290008245,553.2635142159447,cam_2_1690293221_08-53-41.jpg
211,236,3068.048191812754,447.1435751681523,3463.3677455543652,683.0991071349699,cam_2_1690293221_08-53-41.jpg
211,239,3425.559405885976,227.42240226530947,3622.8332496753656,365.76041083412224,cam_2_1690293221_08-53-41.jpg
212,1,3263.3490142504743,334.63250902944054,3782.804816358767,738.2159503273442,cam_2_1690293326_08-55-26.jpg
212,24,2814.9806429079554,201.32234954609584,3223.5429324347238,397.77656753672284,cam_2_1690293326_08-55-26.jpg
212,74,2151.499902867985,152.0976832673776,2527.4432522010393,398.82680139491015,cam_2_1690293326_08-55-26.jpg
212,127,2686.9118299117895,194.0970427514108,2840.388561262157,385.0387727269489,cam_2_1690293326_08-55-26.jpg
212,148,2966.7467212000606,434.5693869613865,3414.889828612814,741.1422175655437,cam_2_1690293326_08-55-26.jpg
212,151,2607.1006041021947,515.8912837848616,3212.651473695274,855.9050817854933,cam_2_1690293326_08-55-26.jpg
212,159,3192.406146539229,227.23459099526673,3476.393738588524,353.7303732678255,cam_2_1690293326_08-55-26.jpg
212,168,2465.1473960334215,198.43695982527544,2720.5354849692876,404.10098312749625,cam_2_1690293326_08-55-26.jpg
212,201,2502.6948166082493,204.51658073491052,2761.8570341446984,407.33829407430284,cam_2_1690293326_08-55-26.jpg
212,226,2475.252422625047,524.9321431807313,2984.402085804126,901.783898286428,cam_2_1690293326_08-55-26.jpg
212,235,2584.8166394755403,401.387038609286,2961.4514814724903,556.5286391672093,cam_2_1690293326_08-55-26.jpg
212,236,3062.1336597633012,442.07957020348914,3463.914116502382,682.7531307350141,cam_2_1690293326_08-55-26.jpg
212,239,3429.142262840962,228.65022248298146,3616.8347267098447,360.16930650017935,cam_2_1690293326_08-55-26.jpg
213,1,3258.1127957014437,335.14140546634286,3778.7337079417794,735.6005405237488,cam_2_1690293341_08-55-41.jpg
213,24,2814.462443505763,208.87372371027527,3210.589333197591,398.8166789412245,cam_2_1690293341_08-55-41.jpg
213,127,2688.9732343139162,194.66597079592395,2835.5262775234123,385.7481675423053,cam_2_1690293341_08-55-41.jpg
213,148,2967.96314801899,435.0895097024726,3416.0838328505392,740.78916202593,cam_2_1690293341_08-55-41.jpg
213,151,2599.6384071702296,515.031186404923,3207.6685236022895,854.7061359035673,cam_2_1690293341_08-55-41.jpg
213,159,3193.00184002359,229.93002983848865,3486.614489335268,356.684896407977,cam_2_1690293341_08-55-41.jpg
213,163,3457.0029050726225,241.716457185348,3717.022190057808,402.9235975254437,cam_2_1690293341_08-55-41.jpg
213,186,2248.150621276852,160.67416117677982,2531.732603757353,408.35584921151496,cam_2_1690293341_08-55-41.jpg
213,201,2517.8723279248034,201.68698386485568,2763.545583414175,399.07529153961855,cam_2_1690293341_08-55-41.jpg
213,226,2478.7750596576234,529.0282726871473,2983.454572978171,902.1355779118358,cam_2_1690293341_08-55-41.jpg
213,235,2585.65790955898,404.67916338356565,2958.245755709132,557.809961523325,cam_2_1690293341_08-55-41.jpg
213,236,3063.268903415998,447.89921058871175,3456.9086623916246,683.6587376363782,cam_2_1690293341_08-55-41.jpg
214,1,3255.8486412225952,334.7379477802441,3781.717962519133,735.9599046134954,cam_2_1690293356_08-55-56.jpg
214,24,2815.782882133758,210.3407370785855,3205.473974226646,396.47000655352235,cam_2_1690293356_08-55-56.jpg
214,127,2677.405970487388,191.8916229873631,2822.8543775880153,382.9603461361528,cam_2_1690293356_08-55-56.jpg
214,148,2961.992459696836,433.39803021595793,3415.2816947829065,741.5769893782874,cam_2_1690293356_08-55-56.jpg
214,151,2600.019218439711,515.470084034531,3213.0834325250166,857.8908249086076,cam_2_1690293356_08-55-56.jpg
214,159,3193.7792188894264,232.75157705865806,3491.6893167094568,359.6460826818796,cam_2_1690293356_08-55-56.jpg
214,163,3464.65274664001,238.07321655228893,3749.171108316239,411.8000016754934,cam_2_1690293356_08-55-56.jpg
214,191,2361.7813834300728,161.53875354199482,2633.9528687287384,400.758053789173,cam_2_1690293356_08-55-56.jpg
214,226,2479.522278320604,528.8521887351812,2984.428701407297,902.5574929616959,cam_2_1690293356_08-55-56.jpg
214,235,2583.396741138383,406.0977066830326,2958.0817529210244,560.011283369796,cam_2_1690293356_08-55-56.jpg
214,236,3069.7531344583426,452.25662811795183,3456.67829007426,684.340806924816,cam_2_1690293356_08-55-56.jpg
214,245,2.556891675001282,215.63353967466216,527.7066083227353,658.2047627204852,cam_2_1690293356_08-55-56.jpg
215,1,3251.4676244417496,337.9725625719342,3777.3814336993896,735.9044963624133,cam_2_1690293401_08-56-41.jpg
215,24,2822.174160237708,208.39431717615236,3219.0597833771753,397.07021105590263,cam_2_1690293401_08-56-41.jpg
215,99,2622.7788143327984,192.75123436865906,2816.6995441355043,388.6737982053976,cam_2_1690293401_08-56-41.jpg
215,127,2679.690323391025,196.18151153831903,2823.0426362050994,387.2868301249151,cam_2_1690293401_08-56-41.jpg
215,148,2963.8718733506626,435.4943627019619,3416.2993740260927,741.9660288208872,cam_2_1690293401_08-56-41.jpg
215,151,2598.7089162152424,514.7628617802034,3215.274261771394,859.0274307361562,cam_2_1690293401_08-56-41.jpg
215,159,3225.6893541080804,231.4583690938823,3515.4600144177143,355.4207198824852,cam_2_1690293401_08-56-41.jpg
215,163,3492.58985986095,241.85264644159477,3766.5065586268925,411.96089613898596,cam_2_1690293401_08-56-41.jpg
215,168,2496.6222075325204,216.3100450429681,2734.3311922104754,408.32530585919403,cam_2_1690293401_08-56-41.jpg
215,201,2533.41913974104,201.72787213447134,2772.50611032237,392.91936073335114,cam_2_1690293401_08-56-41.jpg
215,226,2479.7072089507246,526.9111155965136,2987.6403688774485,902.8908386529611,cam_2_1690293401_08-56-41.jpg
215,235,2588.530703918978,406.4444264173653,2960.9072776787,559.1264663838065,cam_2_1690293401_08-56-41.jpg
215,236,3069.465716811594,452.7662122081241,3455.648484714667,684.5437653129496,cam_2_1690293401_08-56-41.jpg
215,238,3273.274142458011,238.94758370802418,3598.802740472067,363.9238474834889,cam_2_1690293401_08-56-41.jpg
215,245,-2.6461666385138756,210.95237942580036,527.2265198082928,658.545466399394,cam_2_1690293401_08-56-41.jpg
216,1,3260.585484042488,330.604937320231,3791.7232423575356,735.2899998154139,cam_2_1690293566_08-59-26.jpg
216,24,2829.428932961693,209.4501918818774,3212.272406508879,389.6069344772418,cam_2_1690293566_08-59-26.jpg
216,115,3105.3445804932326,206.00431959808458,3394.009677431155,372.60799709527595,cam_2_1690293566_08-59-26.jpg
216,127,2705.554168690439,193.47362470779154,2847.803545138536,382.78258734906217,cam_2_1690293566_08-59-26.jpg
216,148,2894.8042355112893,389.1393189323486,3423.017945797955,752.4106521592153,cam_2_1690293566_08-59-26.jpg
216,151,2606.6949298259333,511.79576132356544,3220.9092162744937,854.8278028557818,cam_2_1690293566_08-59-26.jpg
216,152,2581.171859953851,130.2516224066814,2760.4765999279075,350.04526195595116,cam_2_1690293566_08-59-26.jpg
216,163,3466.53743195603,250.086472229943,3727.120870699585,405.5739533951929,cam_2_1690293566_08-59-26.jpg
216,226,2476.703576302591,524.6252899744733,2986.0671745318346,901.8212053383767,cam_2_1690293566_08-59-26.jpg
216,235,2578.6571854380286,398.2055025941076,2945.599884795157,549.8660997142238,cam_2_1690293566_08-59-26.jpg
217,1,3257.8395006028636,333.6169348183563,3785.6036973376313,733.8604255676314,cam_2_1690293611_09-00-11.jpg
217,24,2826.5652877202824,208.89252164155735,3218.8914418635886,392.8954139678011,cam_2_1690293611_09-00-11.jpg
217,99,2637.9818542000908,188.82142652953902,2838.383273350399,383.5428348490599,cam_2_1690293611_09-00-11.jpg
217,148,2941.61981139436,415.88895739809533,3421.7121544457505,743.9003650564584,cam_2_1690293611_09-00-11.jpg
217,151,2603.8696803004364,513.3128686193484,3217.6040598610225,855.1663493969558,cam_2_1690293611_09-00-11.jpg
217,152,2514.861066345771,140.62002789760794,2719.467042304234,358.37062233764505,cam_2_1690293611_09-00-11.jpg
217,163,3430.6734885461437,254.388092527595,3681.451761567512,398.5042554125868,cam_2_1690293611_09-00-11.jpg
217,226,2477.1446644026346,525.5650187460337,2985.1453936796142,901.7427864695255,cam_2_1690293611_09-00-11.jpg
217,229,3096.917613163848,202.69949100201757,3372.841809953091,342.54383398880304,cam_2_1690293611_09-00-11.jpg
217,235,2584.8348745996686,397.7196773855903,2948.9797577226623,548.3905945917784,cam_2_1690293611_09-00-11.jpg
217,236,3075.1764326116763,445.3841462228989,3462.4589114794353,679.2462483336128,cam_2_1690293611_09-00-11.jpg
218,1,3249.9119988210764,335.50242162347877,3778.2840682037627,734.0424432987757,cam_2_1690293686_09-01-26.jpg
218,24,2830.5433419783853,206.94522588960763,3221.6009252743797,390.06944050277014,cam_2_1690293686_09-01-26.jpg
218,99,2645.2474677273804,195.49610352450355,2839.497504776135,387.26964251845527,cam_2_1690293686_09-01-26.jpg
218,115,3166.4779388631864,196.19625437414206,3386.918390910509,320.0272754581816,cam_2_1690293686_09-01-26.jpg
218,127,2676.101472659036,163.54932278233758,2833.4031711325874,370.6074742844523,cam_2_1690293686_09-01-26.jpg
218,148,2965.0828230760144,427.8652572996765,3423.2127431218264,739.2412978853544,cam_2_1690293686_09-01-26.jpg
218,151,2603.835330265315,515.0051408201506,3217.2090346618083,855.6118368477445,cam_2_1690293686_09-01-26.jpg
218,152,2494.95757385644,142.6885146287625,2709.353107411771,362.8906194031764,cam_2_1690293686_09-01-26.jpg
218,163,3403.5999079046055,253.69669908167418,3652.5761188259685,392.1193206063217,cam_2_1690293686_09-01-26.jpg
218,226,2477.3784222920203,526.6576480028102,2984.366077634196,901.5673383080759,cam_2_1690293686_09-01-26.jpg
218,229,3058.1920755278747,197.50601701085452,3315.6644417896287,324.98077968596147,cam_2_1690293686_09-01-26.jpg
218,235,2591.5560367136695,398.95391873325156,2946.7771362497815,545.5365732681446,cam_2_1690293686_09-01-26.jpg
218,236,3075.019391617109,446.1835983723675,3462.6981222178147,681.2444116177248,cam_2_1690293686_09-01-26.jpg
219,1,3264.372557741392,306.7017928564933,3724.9307370190913,656.102675000895,cam_2_1690293881_09-04-41.jpg
219,24,2808.738207254446,212.2683888742044,3198.0192086782017,397.0975536281901,cam_2_1690293881_09-04-41.jpg
219,99,2647.5108516035975,215.09156141826688,2878.4654551459394,422.279782205011,cam_2_1690293881_09-04-41.jpg
219,115,3214.317336626907,219.5338666847652,3435.0278813039818,332.9433419840328,cam_2_1690293881_09-04-41.jpg
219,148,2975.0250271053856,437.8879052672336,3423.8605390386865,740.8006209628486,cam_2_1690293881_09-04-41.jpg
219,151,2605.4576783126895,514.4037888838694,3219.2570141890947,854.6894935065046,cam_2_1690293881_09-04-41.jpg
219,152,2490.248456600848,145.94881530375505,2703.9517706689885,363.0343702151981,cam_2_1690293881_09-04-41.jpg
219,226,2477.163976330947,525.7371477081167,2985.0065517901876,901.1751733254246,cam_2_1690293881_09-04-41.jpg
219,229,3075.2596676830285,206.78140232091727,3319.4604672827527,325.45733444990725,cam_2_1690293881_09-04-41.jpg
219,235,2585.836894465253,398.0282142799841,2951.1141399124645,548.8753829865801,cam_2_1690293881_09-04-41.jpg
219,236,3058.716922535596,432.73590703802756,3465.300939951798,680.1664269234973,cam_2_1690293881_09-04-41.jpg
219,239,3436.9531646608825,218.4685910329308,3623.8681746733773,346.62983696029346,cam_2_1690293881_09-04-41.jpg
219,241,2614.147314851436,138.1678502631146,2863.023790668452,239.51172875832597,cam_2_1690293881_09-04-41.jpg
219,249,2718.061270683471,469.11875399316466,3311.511338568508,782.9352671882677,cam_2_1690293881_09-04-41.jpg
220,1,3260.686234772371,302.5052585210521,3686.4595876636663,625.0088925955774,cam_2_1690293911_09-05-11.jpg
220,24,2786.692214841085,216.1231254370951,3187.897543165052,411.64661325344537,cam_2_1690293911_09-05-11.jpg
220,99,2671.509350223104,215.75324389092364,2927.6416193775767,435.12448969897514,cam_2_1690293911_09-05-11.jpg
220,115,3283.4471051795385,235.8867404643883,3522.4844794970672,348.3069407340158,cam_2_1690293911_09-05-11.jpg
220,148,2965.175190402099,444.1046701075866,3408.37568060375,738.7728894643274,cam_2_1690293911_09-05-11.jpg
220,152,2481.1055333016184,142.0071176362306,2712.6219848353753,371.18406999565246,cam_2_1690293911_09-05-11.jpg
220,226,2423.1481332651506,471.722532656095,2971.0390086434154,873.0556576405784,cam_2_1690293911_09-05-11.jpg
220,229,3122.7527542296066,203.7884649102653,3367.6585265005256,321.98981320372616,cam_2_1690293911_09-05-11.jpg
220,236,3055.675650175514,427.28030746287726,3465.036493954851,677.6143931996861,cam_2_1690293911_09-05-11.jpg
220,241,2617.3604817813452,131.27129746339529,2863.95028952361,233.3013451891631,cam_2_1690293911_09-05-11.jpg
220,249,2795.9001879489642,464.43877902198426,3385.0447096371195,779.4904885087924,cam_2_1690293911_09-05-11.jpg
220,250,2690.7488433051085,135.52033583514987,2855.120344055592,235.16820947623847,cam_2_1690293911_09-05-11.jpg
221,1,3268.0539765316444,301.99247843561136,3687.1591493809133,620.1826134599289,cam_2_1690294001_09-06-41.jpg
221,24,2747.5325955148332,209.52050711485086,3160.8477658539637,415.43654763985546,cam_2_1690294001_09-06-41.jpg
221,99,2653.7804619841545,219.86089034107604,2917.0726084237767,434.4873156776192,cam_2_1690294001_09-06-41.jpg
221,148,2993.5342141432952,456.7549720876424,3410.8227885831852,732.7564846103979,cam_2_1690294001_09-06-41.jpg
221,152,2505.034499809948,145.18085251194867,2715.5278597992906,349.69845878854517,cam_2_1690294001_09-06-41.jpg
221,159,3239.105384178913,224.09212475382344,3507.7083348546944,339.5428451242651,cam_2_1690294001_09-06-41.jpg
221,226,2442.3194621339635,426.1591118044062,3189.128259392041,983.8579109407622,cam_2_1690294001_09-06-41.jpg
221,236,3059.081877533266,431.2277617713992,3460.410972996323,676.4862175527785,cam_2_1690294001_09-06-41.jpg
221,250,2697.342051074159,135.89550829516403,2853.784248775529,229.1612720614063,cam_2_1690294001_09-06-41.jpg
221,252,3155.7739789405937,410.1732770260827,3546.1573693984783,650.1192936815038,cam_2_1690294001_09-06-41.jpg
222,1,3265.957953356246,306.25290499091557,3731.171593293279,658.287772874632,cam_2_1690294151_09-09-11.jpg
222,24,2738.821633306719,204.9675783005061,3152.8189545663363,412.3370690211368,cam_2_1690294151_09-09-11.jpg
222,99,2633.890625062351,220.45881038228572,2906.126451460038,432.93096333216704,cam_2_1690294151_09-09-11.jpg
222,148,2979.065058141733,452.07266638507576,3415.5134088504283,737.8015462431013,cam_2_1690294151_09-09-11.jpg
222,151,2596.9530055496657,512.3867920438252,3203.106432967409,845.751979140787,cam_2_1690294151_09-09-11.jpg
222,159,3226.303643695991,221.67918367693647,3499.5754053152855,337.2012901667567,cam_2_1690294151_09-09-11.jpg
222,168,2575.734447968735,217.69553035664651,2831.6885592364256,423.0936641783634,cam_2_1690294151_09-09-11.jpg
222,201,2549.3169723369197,141.38922815590166,2741.1714739471354,291.0749814910696,cam_2_1690294151_09-09-11.jpg
222,216,3540.6904428283783,254.22954778391008,3661.093346782734,364.16987703077336,cam_2_1690294151_09-09-11.jpg
222,235,2597.1692721677355,398.3030102018362,2941.779685316436,538.9264825886296,cam_2_1690294151_09-09-11.jpg
222,236,3054.3332584478676,424.10337833246973,3466.305898652704,676.4893495294609,cam_2_1690294151_09-09-11.jpg
222,249,2745.3284715818427,468.3383693302611,3328.8119011202466,780.3819744017419,cam_2_1690294151_09-09-11.jpg
222,250,2724.560554991584,136.31976267656088,2876.344776774896,226.53747635617154,cam_2_1690294151_09-09-11.jpg
222,252,3151.180965192466,404.20703104493026,3553.731028320981,652.1651336392911,cam_2_1690294151_09-09-11.jpg
223,1,3257.932690466898,301.2631664283924,3699.309646618802,631.7929647269807,cam_2_1690294181_09-09-41.jpg
223,24,2738.3927406695,201.87359051747788,3147.490443946345,407.4492378027162,cam_2_1690294181_09-09-41.jpg
223,99,2625.4240418980557,218.16349760652332,2910.4218714067083,431.59976193387945,cam_2_1690294181_09-09-41.jpg
223,148,2969.7502886165425,449.0977315330772,3416.3096498133827,739.1596621179949,cam_2_1690294181_09-09-41.jpg
223,151,2593.4420075314156,513.053527190357,3201.2339333547484,845.3103714846173,cam_2_1690294181_09-09-41.jpg
223,152,2525.3493586184622,144.62048310984247,2719.230488690547,326.40606943944704,cam_2_1690294181_09-09-41.jpg
223,159,3146.070894967877,209.52192403291474,3438.864947795373,333.6441263371954,cam_2_1690294181_09-09-41.jpg
223,235,2596.512718000227,400.3846585633835,2940.48974252284,539.4127586847583,cam_2_1690294181_09-09-41.jpg
223,236,3054.703394219866,421.2629585843689,3465.2292123648367,673.3244757523254,cam_2_1690294181_09-09-41.jpg
223,249,2735.0180678282545,470.85837796797466,3315.857745125125,781.640099057166,cam_2_1690294181_09-09-41.jpg
223,250,2730.5234013861896,131.51094425649396,2886.244821622491,223.50308439920082,cam_2_1690294181_09-09-41.jpg
223,252,3157.278484356696,404.72399471807654,3554.1633428234973,649.4118061701356,cam_2_1690294181_09-09-41.jpg
224,1,3264.335967588803,307.4216185441095,3748.2042500704874,668.5435905688107,cam_2_1690294331_09-12-11.jpg
224,24,2740.318062573014,204.6285717208052,3138.7021366422796,405.2322328903349,cam_2_1690294331_09-12-11.jpg
224,99,2621.3027696287177,217.68174743213893,2916.968303502298,430.95805925194793,cam_2_1690294331_09-12-11.jpg
224,148,2960.380754468712,447.96610062199125,3416.6033354872634,741.6548988128966,cam_2_1690294331_09-12-11.jpg
224,151,2592.915372761994,515.983617182285,3200.6726219506104,845.5716361490707,cam_2_1690294331_09-12-11.jpg
224,159,3129.6140823159512,205.65451260510196,3443.5933478005645,338.07416994567444,cam_2_1690294331_09-12-11.jpg
224,201,2548.346188308322,137.87114258463322,2730.7704291007685,275.21358221871475,cam_2_1690294331_09-12-11.jpg
224,235,2592.5722940565825,402.09393027829367,2940.279507864921,541.7079002605194,cam_2_1690294331_09-12-11.jpg
224,236,3056.640232500381,421.7295581671158,3467.6425778205075,675.1978152598747,cam_2_1690294331_09-12-11.jpg
224,249,2729.866054446697,468.0703655868907,3314.5833502809564,781.5543957592961,cam_2_1690294331_09-12-11.jpg
224,250,2753.8925756929266,133.94761435659711,2906.835079445558,224.00017805561856,cam_2_1690294331_09-12-11.jpg
224,252,3157.509275635854,403.1131481820598,3558.5814728928676,651.1071839305109,cam_2_1690294331_09-12-11.jpg
225,1,3275.4150740543328,308.4710676318376,3771.2818655869005,678.2510928848415,cam_2_1690294421_09-13-41.jpg
225,24,2738.986214761919,202.9129912543305,3152.4930027196647,412.36790403415273,cam_2_1690294421_09-13-41.jpg
225,99,2608.4444112905803,217.23639132821876,2913.622512544496,430.44676691780217,cam_2_1690294421_09-13-41.jpg
225,148,2957.694077211146,448.75429103717954,3416.4714105251846,741.3647405682899,cam_2_1690294421_09-13-41.jpg
225,151,2598.2599123023783,520.5197125242041,3192.6299736404208,840.5149206269072,cam_2_1690294421_09-13-41.jpg
225,201,2564.247480986793,134.71239417942692,2724.1432567798256,247.5216314384934,cam_2_1690294421_09-13-41.jpg
225,216,3570.645095037216,245.25805324076754,3710.1756116713314,373.55971367772503,cam_2_1690294421_09-13-41.jpg
225,235,2595.599305057282,401.40446722570124,2933.705715467027,536.1879405929358,cam_2_1690294421_09-13-41.jpg
225,236,3061.5483206252225,421.70393202482904,3469.8118284922393,675.0863240916021,cam_2_1690294421_09-13-41.jpg
225,249,2726.699014125225,466.9054916266928,3309.922049295307,779.6627363248847,cam_2_1690294421_09-13-41.jpg
225,250,2763.352767087205,133.64967943526966,2915.5065240614745,222.96042482673047,cam_2_1690294421_09-13-41.jpg
225,252,3149.967592947772,401.85978342193044,3554.323595910994,652.3346211330091,cam_2_1690294421_09-13-41.jpg
226,1,3281.0838195568085,309.5772232639075,3778.666708842781,679.5921394759648,cam_2_1690294451_09-14-11.jpg
226,24,2746.750048825905,202.57731127684144,3158.712506064807,411.4564807701155,cam_2_1690294451_09-14-11.jpg
226,99,2601.474895966789,216.57075763979708,2921.094499505727,434.18180576278746,cam_2_1690294451_09-14-11.jpg
226,148,2955.1811526602482,446.81580320127097,3422.0191059186886,742.9885797551992,cam_2_1690294451_09-14-11.jpg
226,151,2592.1376422337917,517.9896631372235,3200.099182582996,843.2495086555157,cam_2_1690294451_09-14-11.jpg
226,152,2546.596714763836,141.05434163000686,2718.3397101557093,296.04123522113525,cam_2_1690294451_09-14-11.jpg
226,201,2557.3048153636473,137.22691439351559,2720.241195729807,246.76253679348645,cam_2_1690294451_09-14-11.jpg
226,216,3588.527231714219,253.75798559807018,3741.5675659472918,388.8126245515333,cam_2_1690294451_09-14-11.jpg
226,235,2592.8482346952137,401.70189757614224,2934.8627245974085,537.1524689299818,cam_2_1690294451_09-14-11.jpg
226,236,3062.2689769144936,419.7490748008511,3472.1344186885935,675.766740260201,cam_2_1690294451_09-14-11.jpg
226,249,2729.618828347972,470.0814275295535,3306.835668734406,779.6371307822575,cam_2_1690294451_09-14-11.jpg
226,250,2768.429349026742,134.49367809785036,2920.176177741798,223.1201136390131,cam_2_1690294451_09-14-11.jpg
226,252,3147.3234664053034,399.97143321853673,3554.2332789855413,652.6818605301164,cam_2_1690294451_09-14-11.jpg
226,256,2645.7086280631192,133.532155186627,2846.931959105884,226.65927602085904,cam_2_1690294451_09-14-11.jpg
226,257,3189.229909959159,212.0816695206924,3498.7909589904248,338.89099455221566,cam_2_1690294451_09-14-11.jpg
227,1,3278.9078859189535,310.9880742398418,3779.467806812743,681.0346993604066,cam_2_1690294541_09-15-41.jpg
227,24,2751.9838525851305,202.21002065129207,3155.046584658123,407.6747064477737,cam_2_1690294541_09-15-41.jpg
227,99,2604.314853841773,218.48562767626103,2931.019108407782,435.8017721194884,cam_2_1690294541_09-15-41.jpg
227,148,2954.464478862782,445.069493871958,3425.4148493053876,742.198234681993,cam_2_1690294541_09-15-41.jpg
227,151,2587.0305469294667,516.5070544729845,3202.935947423556,844.9264247168138,cam_2_1690294541_09-15-41.jpg
227,152,2537.9566130819703,146.0001770362819,2720.94193623714,306.5044582546974,cam_2_1690294541_09-15-41.jpg
227,159,3139.0546533468023,194.94219860962187,3409.7735517587907,309.96291669257624,cam_2_1690294541_09-15-41.jpg
227,201,2550.9195054555,140.6790637027737,2728.224692664159,255.71906859237433,cam_2_1690294541_09-15-41.jpg
227,216,3608.631383757677,257.4569938051785,3773.3171132567845,398.3474883699597,cam_2_1690294541_09-15-41.jpg
227,235,2595.038156598344,399.29752445147,2937.620658401993,533.7588127726931,cam_2_1690294541_09-15-41.jpg
227,236,3061.171489454149,418.0645341725659,3471.922727155426,675.5288733155587,cam_2_1690294541_09-15-41.jpg
227,249,2733.239211943992,472.51157838137664,3306.509049623852,779.7953171418146,cam_2_1690294541_09-15-41.jpg
227,250,2771.703307820179,133.0714759780473,2930.0830609697323,224.7997873602367,cam_2_1690294541_09-15-41.jpg
227,252,3150.3043093100323,400.5793587966112,3555.5561999305505,652.5923694475241,cam_2_1690294541_09-15-41.jpg
227,256,2638.889710857709,134.3519505963664,2847.5729978253617,231.55599984986458,cam_2_1690294541_09-15-41.jpg
227,257,3289.911041823297,232.774209604109,3570.2703430928614,346.810618932086,cam_2_1690294541_09-15-41.jpg
228,1,3284.79281129196,313.45792084345453,3782.651378756526,679.2393467089976,cam_2_1690294556_09-15-56.jpg
228,24,2757.080237655087,203.68979526148917,3158.8992087636034,409.744347523511,cam_2_1690294556_09-15-56.jpg
228,99,2616.287143979686,215.83456768634284,2952.195157549676,435.1568369567884,cam_2_1690294556_09-15-56.jpg
228,127,2553.435122151368,161.08937780634972,2718.161949297317,368.60844357751637,cam_2_1690294556_09-15-56.jpg
228,148,2953.504595399838,445.86924623813627,3425.2863044968353,741.6021457831177,cam_2_1690294556_09-15-56.jpg
228,151,2582.081798496766,514.0468492581015,3207.0955267878508,846.6997069987905,cam_2_1690294556_09-15-56.jpg
228,152,2531.19538652812,145.10167575841734,2733.545147869545,321.53529696699627,cam_2_1690294556_09-15-56.jpg
228,159,3141.1486069839643,194.57986338263825,3404.1293745610888,306.9669801102689,cam_2_1690294556_09-15-56.jpg
228,208,2748.2908628280757,134.99893150666102,2940.8717655732794,221.64484059899482,cam_2_1690294556_09-15-56.jpg
228,216,3611.4903652391977,254.6175356265681,3782.187362741066,397.7718644463221,cam_2_1690294556_09-15-56.jpg
228,235,2593.8299971645806,395.9914534092055,2941.1202617236727,531.8622204325777,cam_2_1690294556_09-15-56.jpg
228,236,3059.3591659768563,419.15433786902736,3468.2512157390734,675.8071631792841,cam_2_1690294556_09-15-56.jpg
228,249,2730.169692389606,472.6694946609781,3304.042438004118,779.8409898876155,cam_2_1690294556_09-15-56.jpg
228,252,3153.0964306609058,400.995321149782,3555.363813263998,651.557911217084,cam_2_1690294556_09-15-56.jpg
228,256,2640.198198288189,135.4555654553658,2838.069250515743,227.91211678648605,cam_2_1690294556_09-15-56.jpg
228,257,3333.7734135802775,241.79638805178226,3615.324437756211,355.66452311090336,cam_2_1690294556_09-15-56.jpg
229,1,3285.3945838262894,312.6212923591857,3784.3835565164522,677.6333716717027,cam_2_1690294631_09-17-11.jpg
229,24,2743.615051795368,203.03586007379772,3150.1600750333832,414.228465142123,cam_2_1690294631_09-17-11.jpg
229,99,2602.921750730623,217.9377951288272,2948.7010136289523,439.7642745439073,cam_2_1690294631_09-17-11.jpg
229,148,2954.2192646466506,445.98806171745287,3427.0208679069324,741.1714887248356,cam_2_1690294631_09-17-11.jpg
229,151,2579.7242055935662,515.571174152859,3199.55541885977,845.3148496749009,cam_2_1690294631_09-17-11.jpg
229,159,3138.803460640163,195.36044680446668,3403.796575280384,309.948145383676,cam_2_1690294631_09-17-11.jpg
229,201,2543.748209011561,139.54530274811378,2721.4171155674867,252.52586314721268,cam_2_1690294631_09-17-11.jpg
229,208,2755.2617702231933,131.5415276067369,2948.065009539798,219.23373765950515,cam_2_1690294631_09-17-11.jpg
229,216,3609.023851374138,254.0001367659827,3770.879812251218,388.93603270012545,cam_2_1690294631_09-17-11.jpg
229,235,2592.625416561974,398.96776842786727,2943.9170854600593,535.7492309950148,cam_2_1690294631_09-17-11.jpg
229,236,3060.090130868036,419.6446147644403,3466.988494930807,675.619167366682,cam_2_1690294631_09-17-11.jpg
229,249,2722.765757221133,468.12926501188736,3310.053585038503,783.3545959253074,cam_2_1690294631_09-17-11.jpg
229,252,3151.2469300886305,400.4074617639973,3554.8688002531017,652.3509696292567,cam_2_1690294631_09-17-11.jpg
229,256,2642.4839549557796,134.14004484538114,2848.2193777681405,231.39315459404645,cam_2_1690294631_09-17-11.jpg
229,257,3356.235455797925,247.3030905665702,3645.0152241434444,362.88205828119914,cam_2_1690294631_09-17-11.jpg
230,1,3290.8049636725787,316.9796496356434,3787.926567827131,679.0691507913896,cam_2_1690294826_09-20-26.jpg
230,24,2756.130076819422,202.90145221314987,3139.669200695339,403.86068395225806,cam_2_1690294826_09-20-26.jpg
230,99,2629.4229937046857,217.93825820177148,2979.857033316662,440.8831211065517,cam_2_1690294826_09-20-26.jpg
230,148,2948.586780923061,443.6001049553057,3427.742097445482,741.8139734454528,cam_2_1690294826_09-20-26.jpg
230,151,2577.658086365618,505.4136380770676,3209.113801515575,841.9758951488184,cam_2_1690294826_09-20-26.jpg
230,152,2518.7743613137395,145.46756201102684,2741.471751291147,335.74252878276445,cam_2_1690294826_09-20-26.jpg
230,159,3138.8089361390867,198.0899349632341,3445.141327943897,335.5044771176372,cam_2_1690294826_09-20-26.jpg
230,208,2763.1865815882347,130.83638692766073,2959.322942758982,220.42545459725648,cam_2_1690294826_09-20-26.jpg
230,216,3597.4726974784644,252.84712224494595,3789.0578145032778,404.99109270167355,cam_2_1690294826_09-20-26.jpg
230,235,2591.6668808270306,401.12410977587587,2940.9130708090847,536.2227175193669,cam_2_1690294826_09-20-26.jpg
230,236,3074.417663054484,424.5093284310643,3470.898567536004,675.1611100333345,cam_2_1690294826_09-20-26.jpg
230,249,2725.9232049107814,468.64767170168,3307.751450392551,781.1107811809355,cam_2_1690294826_09-20-26.jpg
230,252,3160.0737299967523,407.79228959342765,3549.2588337436214,650.0385838640524,cam_2_1690294826_09-20-26.jpg
230,256,2653.5719708421375,135.85823735439425,2851.370656947898,229.5597840386944,cam_2_1690294826_09-20-26.jpg
231,1,3288.009701015961,317.28405437762126,3784.817605310434,679.983674505233,cam_2_1690294841_09-20-41.jpg
231,24,2773.0967664741943,203.9708113760742,3146.78849176767,400.4384260116773,cam_2_1690294841_09-20-41.jpg
231,99,2633.4542441818417,218.34610242885543,2986.6747994750895,442.45899686065025,cam_2_1690294841_09-20-41.jpg
231,148,2955.4592378786137,446.4891702831925,3430.881953683398,742.0426519847401,cam_2_1690294841_09-20-41.jpg
231,151,2581.6247393398708,510.7270112803174,3206.7433391285035,842.7615488922452,cam_2_1690294841_09-20-41.jpg
231,152,2508.615238690621,144.5116020473214,2743.828203244805,343.29660803569806,cam_2_1690294841_09-20-41.jpg
231,159,3140.229106555643,198.7103101656241,3463.449465723234,348.7454291817671,cam_2_1690294841_09-20-41.jpg
231,208,2765.3128033129287,130.57752403920705,2965.821658371551,223.1604535315255,cam_2_1690294841_09-20-41.jpg
231,216,3570.7063101080503,244.37415116845813,3771.0207878416313,402.55364860661825,cam_2_1690294841_09-20-41.jpg
231,235,2589.180382715312,403.6707651327626,2947.463047084938,542.1294688493185,cam_2_1690294841_09-20-41.jpg
231,236,3075.599868741868,427.1196436157273,3469.822690051512,676.9607144340382,cam_2_1690294841_09-20-41.jpg
231,249,2727.230594981934,470.33044394115325,3305.5008162267663,780.8336636139722,cam_2_1690294841_09-20-41.jpg
231,252,3161.3883065731575,409.6245381543133,3547.4759351098514,649.2831225211573,cam_2_1690294841_09-20-41.jpg
231,256,2651.226661625366,133.3238833752575,2852.602393436044,229.0477344346322,cam_2_1690294841_09-20-41.jpg
232,1,3268.05736940941,317.4617772514591,3779.8857402227577,692.0569155093375,cam_2_1690294931_09-22-11.jpg
232,13,3265.3063285382996,202.3524478178341,3406.9441044769846,333.1350961524373,cam_2_1690294931_09-22-11.jpg
232,24,2784.3992037103562,207.04093135589835,3163.29903135635,404.83232196039944,cam_2_1690294931_09-22-11.jpg
232,148,2951.1031481787054,448.1516855799217,3428.0926187376117,743.5790676575725,cam_2_1690294931_09-22-11.jpg
232,151,2578.486462338617,511.04629912576456,3205.536571410389,844.313874881323,cam_2_1690294931_09-22-11.jpg
232,152,2509.1416230850696,143.72762928947049,2758.211241319567,357.0740427568138,cam_2_1690294931_09-22-11.jpg
232,163,3193.9647613954908,199.69706905625196,3419.6730613533596,327.5165325256572,cam_2_1690294931_09-22-11.jpg
232,208,2748.2547288561104,133.6702339912346,2942.570434301326,224.0192641351127,cam_2_1690294931_09-22-11.jpg
232,216,3558.164788349153,246.04777003225354,3763.513116857691,406.6276332845207,cam_2_1690294931_09-22-11.jpg
232,235,2589.1880247487006,402.16763243919036,2945.498570617981,539.6925602278743,cam_2_1690294931_09-22-11.jpg
232,236,3077.324984482513,427.0630480968856,3470.37743261353,676.9148125302307,cam_2_1690294931_09-22-11.jpg
232,249,2718.5102061226153,469.1253685867855,3307.710676775415,786.0848985803914,cam_2_1690294931_09-22-11.jpg
232,252,3157.354289909568,409.20660416054363,3548.340571388593,652.1910155647596,cam_2_1690294931_09-22-11.jpg
232,256,2630.4618502693183,133.2358448099778,2869.147470302906,249.32456228624318,cam_2_1690294931_09-22-11.jpg
232,259,3032.951341303184,199.59208693214342,3278.587407772201,347.91650723281145,cam_2_1690294931_09-22-11.jpg
233,1,3269.7744008019354,317.8293385219158,3785.9241537065386,695.9172740233931,cam_2_1690294961_09-22-41.jpg
233,13,3265.351236606844,201.69619097895094,3410.091015919707,332.49107292894735,cam_2_1690294961_09-22-41.jpg
233,24,2796.9436050760355,210.126627867739,3179.8834597724285,407.18040860412964,cam_2_1690294961_09-22-41.jpg
233,148,2951.6846740184365,449.11366712508755,3428.074142804436,742.9821700952166,cam_2_1690294961_09-22-41.jpg
233,151,2578.576479404482,510.0941537743263,3210.1031096391794,845.8041377602995,cam_2_1690294961_09-22-41.jpg
233,152,2503.278947103342,144.6933538184834,2757.2434200689117,362.25631982559867,cam_2_1690294961_09-22-41.jpg
233,208,2734.7179284687445,134.87398420953707,2930.266564818335,227.3670342793689,cam_2_1690294961_09-22-41.jpg
233,216,3550.5054650114575,243.7473750759575,3749.5714154700945,399.0784704461337,cam_2_1690294961_09-22-41.jpg
233,235,2587.9443200841974,400.65809545078093,2947.650511538959,539.3239289054745,cam_2_1690294961_09-22-41.jpg
233,236,3078.1280469076114,428.0504771706642,3469.730814548449,677.7288153575473,cam_2_1690294961_09-22-41.jpg
233,249,2726.938652662464,473.8812203163914,3304.2457700327345,783.6904244863215,cam_2_1690294961_09-22-41.jpg
233,252,3156.295317436477,409.106976946066,3546.754068088438,651.6918105065582,cam_2_1690294961_09-22-41.jpg
233,256,2628.628287566075,134.70532554901098,2894.680897743697,266.69878656982837,cam_2_1690294961_09-22-41.jpg
233,259,3057.6601461071104,199.87714250427447,3284.0852916552317,335.1241434486283,cam_2_1690294961_09-22-41.jpg
234,1,3307.91465548255,326.5486440709725,3826.852566256451,706.9045686918716,cam_2_1690295021_09-23-41.jpg
234,13,3278.619768900139,205.4836544221266,3439.1748031422158,356.2643228785023,cam_2_1690295021_09-23-41.jpg
234,24,2796.093015117037,209.9673506134312,3183.5366527731576,408.7326374974291,cam_2_1690295021_09-23-41.jpg
234,127,2547.275047214974,148.22233817753926,2714.4813262978814,356.503029642445,cam_2_1690295021_09-23-41.jpg
234,148,2948.381045877183,446.9519346786524,3427.452314729066,741.494577640736,cam_2_1690295021_09-23-41.jpg
234,151,2578.6203946253836,509.1933529314916,3211.5179217641903,845.5698819206707,cam_2_1690295021_09-23-41.jpg
234,215,2676.623871598248,140.18849006998482,2836.525975940208,334.95289096846807,cam_2_1690295021_09-23-41.jpg
234,216,3546.5988415013885,240.2902846454912,3743.5652766526905,392.21482013088325,cam_2_1690295021_09-23-41.jpg
234,235,2589.610382660193,398.0260639410214,2947.8068468320557,536.2043344526669,cam_2_1690295021_09-23-41.jpg
234,236,3063.226735509488,429.1684637696888,3458.628523480142,680.813772558369,cam_2_1690295021_09-23-41.jpg
234,249,2726.9157199222304,473.09610241271037,3302.3471421830245,781.290310271944,cam_2_1690295021_09-23-41.jpg
234,252,3164.569549800147,405.6443777468795,3556.5773355274773,650.3219947883791,cam_2_1690295021_09-23-41.jpg
234,259,3083.714951390397,202.71157110217553,3355.7888823077797,366.4787987385246,cam_2_1690295021_09-23-41.jpg
235,1,3320.085386546277,394.69600770426814,3862.655771384203,798.1783403003085,cam_2_1690295141_09-25-41.jpg
235,24,2805.466261417679,207.38697533845104,3196.169239540376,406.080916920793,cam_2_1690295141_09-25-41.jpg
235,148,2953.588174566198,445.08644220179,3423.5303556397853,734.4138748230957,cam_2_1690295141_09-25-41.jpg
235,151,2637.1363063268477,525.3659442783903,3234.7886182673674,846.8689628175015,cam_2_1690295141_09-25-41.jpg
235,168,2553.8985912597655,132.36528035289368,2845.9180000340402,360.0998001444624,cam_2_1690295141_09-25-41.jpg
235,191,2464.908717515289,180.3249285567415,2697.0682209649963,399.3480225976306,cam_2_1690295141_09-25-41.jpg
235,215,2648.923953090197,129.98917106882226,2834.968635466941,347.94783869794026,cam_2_1690295141_09-25-41.jpg
235,235,2577.98790872998,400.2402410644852,2954.3554724047435,546.7628049666188,cam_2_1690295141_09-25-41.jpg
235,236,3089.828764950352,431.0421693945707,3447.9484151863985,656.0032479278325,cam_2_1690295141_09-25-41.jpg
235,249,2728.0296728233616,477.61855521840266,3297.469328688619,781.6180472220367,cam_2_1690295141_09-25-41.jpg
235,252,3148.5731675791944,408.8679816457045,3513.3470560581313,635.7120957259613,cam_2_1690295141_09-25-41.jpg
235,259,3094.153614104798,209.0263303481106,3351.0915681558176,363.20418441373204,cam_2_1690295141_09-25-41.jpg
236,24,2811.0395595582313,211.47132001237048,3197.318281171345,406.2985427419095,cam_2_1690295306_09-28-26.jpg
236,148,2958.357342493072,452.7718451022595,3419.8573995555844,735.1235205971011,cam_2_1690295306_09-28-26.jpg
236,151,2625.2735073923295,530.2237921067717,3214.226162313943,846.2926557804525,cam_2_1690295306_09-28-26.jpg
236,168,2559.986492294853,125.39922869459427,2860.69721539102,363.0064651792959,cam_2_1690295306_09-28-26.jpg
236,172,1446.4209649840125,356.5661373564083,2156.624214984141,1004.4665861199533,cam_2_1690295306_09-28-26.jpg
236,235,2583.8616645253815,401.9925632574363,2946.1026394896285,543.2976996962307,cam_2_1690295306_09-28-26.jpg
236,236,3086.924391277263,431.53755008377675,3460.369626071698,665.597899268766,cam_2_1690295306_09-28-26.jpg
236,239,3390.0333698227937,219.745275517908,3655.2085961815847,409.05700979572816,cam_2_1690295306_09-28-26.jpg
236,249,2730.9746599592872,479.6715582335055,3297.1242047626874,781.5066278464255,cam_2_1690295306_09-28-26.jpg
236,252,3166.1298523861506,417.7950686717057,3532.446001390445,646.1038307780228,cam_2_1690295306_09-28-26.jpg
236,259,3155.6620798852077,227.12837304457128,3459.227501583252,409.1345405322336,cam_2_1690295306_09-28-26.jpg
237,24,2803.0456899456535,212.36455681300237,3197.5081272022276,411.0751431323859,cam_2_1690295381_09-29-41.jpg
237,148,2963.765769252935,451.9917844199718,3426.6844070034426,734.8450170887627,cam_2_1690295381_09-29-41.jpg
237,151,2619.865576321879,529.9937157980105,3205.9044445392797,843.7624695996466,cam_2_1690295381_09-29-41.jpg
237,168,2560.384725274988,124.38790813592173,2858.79942318986,361.18547717264374,cam_2_1690295381_09-29-41.jpg
237,211,1231.8686014489238,172.95034303111507,1594.0883421428543,585.4502140822818,cam_2_1690295381_09-29-41.jpg
237,235,2585.4023167652285,400.38818523667,2947.111194759915,541.6603067380423,cam_2_1690295381_09-29-41.jpg
237,249,2727.8063935329783,478.74470274893974,3297.858308078336,781.7389178178721,cam_2_1690295381_09-29-41.jpg
237,252,3159.551315536932,411.5128823423005,3541.6545625784565,650.7326699824013,cam_2_1690295381_09-29-41.jpg
237,259,3169.155279134388,222.95951330569522,3516.7165206671016,430.0677249726932,cam_2_1690295381_09-29-41.jpg
237,261,3217.392679356192,394.9806309271778,3692.078286063968,615.969344359077,cam_2_1690295381_09-29-41.jpg
237,262,2782.463745509215,131.71195979798398,3004.0221835083644,234.54194178953745,cam_2_1690295381_09-29-41.jpg
238,148,2966.6686561234487,457.36920815672954,3417.614941837459,730.1870715796027,cam_2_1690295726_09-35-26.jpg
238,152,2436.21966350005,132.02291952046144,2730.2033549838125,377.87982799400424,cam_2_1690295726_09-35-26.jpg
238,186,1693.3370790614952,153.64531126706248,2073.176114823417,492.4877219866184,cam_2_1690295726_09-35-26.jpg
238,215,2663.668213094834,135.7864036002278,2852.4649317426492,364.592469522878,cam_2_1690295726_09-35-26.jpg
238,226,2470.930676308933,441.7433872625253,3133.267363706611,930.7741291421235,cam_2_1690295726_09-35-26.jpg
238,236,3091.459072545176,423.9646009607006,3489.4438430471196,675.9694439737979,cam_2_1690295726_09-35-26.jpg
238,252,3148.448505061771,406.8447335286484,3546.1423463231417,657.5744322558933,cam_2_1690295726_09-35-26.jpg
238,259,3189.111613143303,228.10525727664069,3553.9665354881704,446.43079759195075,cam_2_1690295726_09-35-26.jpg
238,261,3184.1158305737513,380.3915146103624,3689.6744114653056,617.8217710614063,cam_2_1690295726_09-35-26.jpg
239,148,2970.004231947222,459.11132755428207,3425.5726914094957,733.9630590076481,cam_2_1690295846_09-37-26.jpg
239,151,2591.1292916793695,513.3816520184716,3204.1581950456616,841.3181286066241,cam_2_1690295846_09-37-26.jpg
239,152,2426.8499928340016,129.70529663257824,2733.9624959627176,379.54231823353155,cam_2_1690295846_09-37-26.jpg
239,186,1687.7355765893908,155.8208578162373,2064.193139292728,495.5382182910381,cam_2_1690295846_09-37-26.jpg
239,215,2650.775788888919,137.69463830024154,2838.0940283652453,367.9435806005547,cam_2_1690295846_09-37-26.jpg
239,226,2492.303915932655,521.9409856847616,3033.317060154724,916.8350479991639,cam_2_1690295846_09-37-26.jpg
239,235,2591.531769641684,399.02017096780344,2943.7061480861234,536.0321916674422,cam_2_1690295846_09-37-26.jpg
239,249,2739.2760540866448,475.8128450488631,3314.065574140325,783.3303991765417,cam_2_1690295846_09-37-26.jpg
239,252,3154.1287886950604,409.7929844390903,3547.0040733268634,657.8004862080631,cam_2_1690295846_09-37-26.jpg
239,259,3224.488180990849,237.02048441617112,3585.1290178459058,454.2276439694649,cam_2_1690295846_09-37-26.jpg
239,261,3175.3240873667346,375.09839362033176,3688.0379606046477,618.492466106749,cam_2_1690295846_09-37-26.jpg
240,74,2066.406980598848,138.34132703771425,2474.97644383939,409.38476125453974,cam_2_1690295981_09-39-41.jpg
240,127,2506.88216935239,138.68753135502394,2691.040587941218,361.7912665649437,cam_2_1690295981_09-39-41.jpg
240,148,2966.137009670037,459.34443989997703,3428.9445141167785,737.689698714448,cam_2_1690295981_09-39-41.jpg
240,151,2591.8108434676415,513.3376546198056,3202.1050893096867,839.132031917132,cam_2_1690295981_09-39-41.jpg
240,186,1648.1983285206643,160.86653869545026,2037.2466267947657,498.6988079775051,cam_2_1690295981_09-39-41.jpg
240,191,2387.3377397147083,143.5940071922617,2640.8816231832293,391.091874775904,cam_2_1690295981_09-39-41.jpg
240,226,2495.966166840463,541.0110231230672,3013.8999828684255,914.9344085783231,cam_2_1690295981_09-39-41.jpg
240,235,2591.4532530272286,394.0297714793611,2946.7645806535097,533.2407183929298,cam_2_1690295981_09-39-41.jpg
240,249,2734.3481406792557,474.63070328108165,3310.173226292778,783.5928126688636,cam_2_1690295981_09-39-41.jpg
240,252,3153.558686361904,409.33345970345573,3545.6349967413585,656.9670009405972,cam_2_1690295981_09-39-41.jpg
240,259,3218.3151216203096,237.62020683663337,3578.6841647408255,455.12705195735793,cam_2_1690295981_09-39-41.jpg
240,261,3167.3511271781,371.66984616027037,3682.4135879510345,618.8696988331187,cam_2_1690295981_09-39-41.jpg
241,74,2063.456916617473,138.03650266766246,2469.3175244615704,408.93926590879255,cam_2_1690296026_09-40-26.jpg
241,127,2503.7179412304185,139.94720221319653,2690.050886925104,358.7850784500497,cam_2_1690296026_09-40-26.jpg
241,148,2967.6403885425016,460.1517004654693,3435.7942586287213,741.3780277333387,cam_2_1690296026_09-40-26.jpg
241,151,2595.521779379365,514.799950809262,3206.4050028087217,840.7258332430844,cam_2_1690296026_09-40-26.jpg
241,186,1643.9348423768758,162.96328276035885,2034.2372102007532,500.399049259379,cam_2_1690296026_09-40-26.jpg
241,191,2376.277461496626,143.07949961134912,2621.6885404891686,388.5873805607159,cam_2_1690296026_09-40-26.jpg
241,226,2490.329904947446,542.9642841805567,3008.615163530218,913.6836401228032,cam_2_1690296026_09-40-26.jpg
241,235,2593.7991047104233,392.68209695289636,2948.6349294347233,532.4685723436395,cam_2_1690296026_09-40-26.jpg
241,249,2729.290410573184,473.2565458166831,3309.0737577241575,785.1334582845013,cam_2_1690296026_09-40-26.jpg
241,252,3155.49180465583,411.28706278537834,3542.650703269914,655.2872608122318,cam_2_1690296026_09-40-26.jpg
241,259,3215.927216556126,239.88245866444373,3574.027146522322,456.13183542046386,cam_2_1690296026_09-40-26.jpg
241,261,3170.8321948448774,372.6944655929243,3678.833604366209,619.3613184127919,cam_2_1690296026_09-40-26.jpg
241,264,2712.004016986499,135.90583914844623,2975.183443601919,385.69902352943166,cam_2_1690296026_09-40-26.jpg
242,74,2054.645107399104,137.6416548619756,2460.8204733757884,412.8236349872597,cam_2_1690296116_09-41-56.jpg
242,127,2498.2632885584285,138.7337194252226,2693.687620468487,365.17274190555463,cam_2_1690296116_09-41-56.jpg
242,148,2966.726005624261,465.52781704821746,3431.5235964258486,743.2840756736625,cam_2_1690296116_09-41-56.jpg
242,151,2593.534679706987,514.057734436984,3205.60253257579,840.2598122692784,cam_2_1690296116_09-41-56.jpg
242,186,1641.148838193016,162.79907151964616,2030.9284363057075,501.4978072958803,cam_2_1690296116_09-41-56.jpg
242,191,2365.4440045256865,140.75219372560545,2610.9551210486034,389.2191853354469,cam_2_1690296116_09-41-56.jpg
242,226,2489.2714723867607,542.6333729999836,3011.354366640012,914.1300271002293,cam_2_1690296116_09-41-56.jpg
242,235,2594.7221416676502,396.43875790495184,2943.0137143319666,534.0218051150357,cam_2_1690296116_09-41-56.jpg
242,249,2729.5457257566422,472.84704041325216,3308.365115060728,785.0491284352511,cam_2_1690296116_09-41-56.jpg
242,252,3154.769478265013,413.1526345226926,3540.515475797709,655.6040497134333,cam_2_1690296116_09-41-56.jpg
242,259,3222.296720259348,241.10769524690144,3583.510544171556,458.74025238385946,cam_2_1690296116_09-41-56.jpg
242,261,3176.472922315837,374.69281828767726,3675.021145780403,619.8260581127129,cam_2_1690296116_09-41-56.jpg
242,264,2691.09448510781,133.22522051877402,2961.851494746764,389.792074442943,cam_2_1690296116_09-41-56.jpg
243,74,2048.197340423565,136.24367468655458,2458.2608064509004,415.26987843994806,cam_2_1690296146_09-42-26.jpg
243,127,2495.6361541346564,140.13668605599526,2696.0169314644513,369.174581288499,cam_2_1690296146_09-42-26.jpg
243,148,2963.5475391381788,464.4340564178335,3431.3427128671906,742.7575550964732,cam_2_1690296146_09-42-26.jpg
243,151,2595.5118987256337,512.2041297740687,3213.3215335034965,842.3110335426443,cam_2_1690296146_09-42-26.jpg
243,186,1635.479320889222,161.97606341626826,2026.1094315711662,502.38897599011045,cam_2_1690296146_09-42-26.jpg
243,191,2362.737106492971,141.4084078136618,2605.5652461936897,389.0500068299807,cam_2_1690296146_09-42-26.jpg
243,226,2488.783367056981,536.6757040109476,3020.2992829309815,914.647543040727,cam_2_1690296146_09-42-26.jpg
243,235,2585.6694339136648,396.53214993703205,2938.748528687684,537.0428630377535,cam_2_1690296146_09-42-26.jpg
243,249,2753.177741031272,481.75596208132794,3312.201846740589,784.4820182937074,cam_2_1690296146_09-42-26.jpg
243,252,3153.2938388379093,409.08994629186725,3544.919855635317,655.8449193209706,cam_2_1690296146_09-42-26.jpg
243,259,3201.9548974553227,238.8919486384396,3560.571558937988,453.2482904541404,cam_2_1690296146_09-42-26.jpg
243,261,3194.324578636108,383.96827946499957,3667.815556352327,619.7982047037356,cam_2_1690296146_09-42-26.jpg
243,264,2687.412396415143,132.4904152643375,2956.491403273981,386.7966375359783,cam_2_1690296146_09-42-26.jpg
244,74,2051.309075456637,191.78792316272458,2454.5219246526285,489.13098185252466,cam_2_1690296281_09-44-41.jpg
244,127,2500.8110515917965,140.56984471900785,2705.111427358688,371.8052069494096,cam_2_1690296281_09-44-41.jpg
244,148,2959.644092981527,460.9904424199218,3433.54581946974,742.2715075313399,cam_2_1690296281_09-44-41.jpg
244,151,2595.477057716569,514.251225848232,3209.141560108228,842.1313163863454,cam_2_1690296281_09-44-41.jpg
244,159,3106.1619267474384,228.7950624423105,3551.6817156755756,438.66742912649045,cam_2_1690296281_09-44-41.jpg
244,186,1732.0343700079284,163.18095902581337,2098.891465569737,502.10287557107057,cam_2_1690296281_09-44-41.jpg
244,191,2320.0152784722063,137.11317555185886,2574.527981579201,380.17554747831286,cam_2_1690296281_09-44-41.jpg
244,226,2487.999760372396,548.3934978719234,3010.328302226411,915.5270899782743,cam_2_1690296281_09-44-41.jpg
244,235,2587.41902033737,397.02816258552434,2939.098838454051,537.4009847654912,cam_2_1690296281_09-44-41.jpg
244,249,2747.5089727136865,482.17834404685425,3305.7466836626186,784.3488581651617,cam_2_1690296281_09-44-41.jpg
244,252,3152.3900934427074,411.76879642930487,3542.5019329195943,657.9465443676316,cam_2_1690296281_09-44-41.jpg
244,261,3213.5516649261826,389.9384789435222,3663.9373672834827,617.2930676841712,cam_2_1690296281_09-44-41.jpg
244,264,2687.1003566462437,133.34438733070564,2952.569379503716,383.1855857921038,cam_2_1690296281_09-44-41.jpg
245,127,2499.407059886402,140.63451794012903,2703.032267886644,369.6492875131016,cam_2_1690296326_09-45-26.jpg
245,148,2964.679169217872,466.55699468355306,3428.6658603997935,740.2364374816354,cam_2_1690296326_09-45-26.jpg
245,151,2593.8764292733385,513.785745313953,3209.819025240961,843.0500037256159,cam_2_1690296326_09-45-26.jpg
245,159,3129.2941760837084,234.65865436136144,3571.6657447452685,446.41015574863377,cam_2_1690296326_09-45-26.jpg
245,172,2172.794910421844,262.592031649094,2606.4874427686527,652.3721851637501,cam_2_1690296326_09-45-26.jpg
245,186,1767.1424395644058,160.13206054936603,2114.7088283979056,498.91729266868373,cam_2_1690296326_09-45-26.jpg
245,191,2293.9348188967156,137.27908501042722,2550.432722665584,366.65133386421144,cam_2_1690296326_09-45-26.jpg
245,226,2480.4732054813526,546.9367920477828,3011.5778900475843,918.534321273294,cam_2_1690296326_09-45-26.jpg
245,235,2583.407137960389,396.9444368159082,2940.5012644350504,540.3075343106925,cam_2_1690296326_09-45-26.jpg
245,249,2797.8486083128155,488.78528045821395,3335.4610115339597,785.8062062004772,cam_2_1690296326_09-45-26.jpg
245,252,3155.096816171869,411.30561723506884,3541.9106120549577,655.7472553952697,cam_2_1690296326_09-45-26.jpg
245,261,3193.9497680990244,383.0651282074235,3655.884609246673,618.133089658313,cam_2_1690296326_09-45-26.jpg
245,264,2690.601027271452,134.7998297831228,2957.965119142338,385.3128607580197,cam_2_1690296326_09-45-26.jpg
246,127,2493.3561272577663,139.6335416720743,2696.7366131224608,366.83643468696914,cam_2_1690296356_09-45-56.jpg
246,148,2962.556321138888,465.5400312813349,3428.0809576194506,738.3660367907057,cam_2_1690296356_09-45-56.jpg
246,151,2593.3316204427724,514.916153069121,3204.299895099701,841.2544186146597,cam_2_1690296356_09-45-56.jpg
246,159,3144.6538625952667,238.76494553336482,3583.713334948691,451.72050698755373,cam_2_1690296356_09-45-56.jpg
246,172,2170.324868538075,254.04231844687925,2592.5030852403365,631.6224064716776,cam_2_1690296356_09-45-56.jpg
246,186,1776.471944228094,161.05895655313023,2110.296281917967,496.70165197873007,cam_2_1690296356_09-45-56.jpg
246,191,2290.437894588662,137.2615741144126,2551.4843457150114,362.3256943777537,cam_2_1690296356_09-45-56.jpg
246,226,2480.3405972354803,552.9264587094613,3007.3942495541824,918.9611055426432,cam_2_1690296356_09-45-56.jpg
246,235,2585.6139750697203,396.01009329865497,2947.240995467524,541.6231304495928,cam_2_1690296356_09-45-56.jpg
246,249,2824.0878025602456,492.1921495188064,3344.8472278195004,785.3885793920115,cam_2_1690296356_09-45-56.jpg
246,252,3157.46208049935,409.726489325127,3544.9626655201946,655.0326680897213,cam_2_1690296356_09-45-56.jpg
246,261,3182.832074976695,378.40697922407617,3651.263827561041,618.7428560570584,cam_2_1690296356_09-45-56.jpg
246,264,2691.2908719605553,136.28649674355643,2959.7008582360195,386.85830207735387,cam_2_1690296356_09-45-56.jpg
247,127,2476.6072674740467,139.31748088542997,2684.438654446687,366.4303156015195,cam_2_1690296551_09-49-11.jpg
247,148,2963.039348147923,464.2587539691315,3429.393282666572,736.1996885482804,cam_2_1690296551_09-49-11.jpg
247,151,2649.2909411207597,511.360519845669,3255.171273023994,843.7865017816503,cam_2_1690296551_09-49-11.jpg
247,159,3200.7775782661142,241.29172212039768,3537.1646806026406,386.1485258472213,cam_2_1690296551_09-49-11.jpg
247,172,2298.1262420164057,396.3131448499377,2635.276681428017,631.7531546309322,cam_2_1690296551_09-49-11.jpg
247,191,2280.3300187143154,137.98126806736167,2563.4588144046857,384.64959923680703,cam_2_1690296551_09-49-11.jpg
247,226,2475.502082428586,544.8268818051066,3015.216086142046,918.6934565526795,cam_2_1690296551_09-49-11.jpg
247,235,2574.6706047733337,397.5688370110836,2949.8051008187676,549.3912738860186,cam_2_1690296551_09-49-11.jpg
247,236,3188.9281942953194,316.06063958147445,3699.9330469985784,635.2374223920503,cam_2_1690296551_09-49-11.jpg
247,249,2833.0392852294804,493.466767633735,3346.0576871136786,787.9262812647944,cam_2_1690296551_09-49-11.jpg
247,264,2689.855392040335,137.3186793278731,2956.5494939171654,384.8230109082436,cam_2_1690296551_09-49-11.jpg
248,24,2721.238974002703,223.4419784801795,3105.525937193959,415.6064637078035,cam_2_1690296626_09-50-26.jpg
248,127,2460.150186747904,139.9759633157547,2666.967708689829,363.2032023655971,cam_2_1690296626_09-50-26.jpg
248,148,2959.5864555019157,462.2797959096065,3431.100854490179,736.0549958636175,cam_2_1690296626_09-50-26.jpg
248,151,2676.306744282459,513.899478213398,3265.475027972877,844.7088999021804,cam_2_1690296626_09-50-26.jpg
248,172,2323.2014661890234,447.4767040056098,2633.1229130294364,637.852538965783,cam_2_1690296626_09-50-26.jpg
248,191,2267.0148370144097,138.96019546993853,2564.482706333933,398.29265509499055,cam_2_1690296626_09-50-26.jpg
248,226,2471.191024694542,532.3373808478232,3029.246035047692,920.4129472249269,cam_2_1690296626_09-50-26.jpg
248,235,2579.7285539046306,399.5179342164309,2956.7534824392014,552.3796812112719,cam_2_1690296626_09-50-26.jpg
248,236,3184.9982997248285,314.11873345526146,3703.5374923623417,632.5669239991105,cam_2_1690296626_09-50-26.jpg
248,249,2810.497237905308,487.82477179312025,3328.768307293896,787.5750717924172,cam_2_1690296626_09-50-26.jpg
248,262,2681.531342076173,139.3849878013243,2946.81844457753,263.14752160760065,cam_2_1690296626_09-50-26.jpg
249,24,2718.332340991596,224.7899038496367,3106.694810865899,418.297843863257,cam_2_1690296656_09-50-56.jpg
249,127,2449.660901676666,140.64321997755542,2654.5653167179653,361.10087665318053,cam_2_1690296656_09-50-56.jpg
249,148,2959.106560859823,461.35917188810316,3434.0213589264104,736.3940953596245,cam_2_1690296656_09-50-56.jpg
249,151,2689.695705899223,515.8018328342866,3261.576624955599,843.0973914088687,cam_2_1690296656_09-50-56.jpg
249,172,2311.0603199246966,456.76806263148364,2633.1861724257037,639.1064566219422,cam_2_1690296656_09-50-56.jpg
249,191,2258.872443952648,138.77720699938826,2560.506927732567,402.38243470823045,cam_2_1690296656_09-50-56.jpg
249,226,2469.6790165300736,541.3681077414882,3017.7945694738123,919.4015581375807,cam_2_1690296656_09-50-56.jpg
249,235,2572.184267561486,399.92260429570234,2953.1200129183517,554.481783230776,cam_2_1690296656_09-50-56.jpg
249,236,3182.339041339375,313.49274942463757,3707.034499993573,631.6941066105144,cam_2_1690296656_09-50-56.jpg
249,249,2807.707597024746,489.66338739150956,3320.76399813732,788.4651651959784,cam_2_1690296656_09-50-56.jpg
249,262,2670.289512579426,138.2544988140819,2944.3844490652846,267.70948176832314,cam_2_1690296656_09-50-56.jpg
249,266,3116.559947816324,234.00761177262243,3523.871407337568,346.72411233506546,cam_2_1690296656_09-50-56.jpg
250,24,2727.164277396195,227.0023816665103,3113.8223525234625,417.5461256990543,cam_2_1690296716_09-51-56.jpg
250,127,2454.520632027673,144.68969067247508,2659.6026620992266,365.35744390320895,cam_2_1690296716_09-51-56.jpg
250,148,2956.0600537902915,457.3895906565428,3436.2018612214047,735.0863720670945,cam_2_1690296716_09-51-56.jpg
250,151,2686.697667404347,518.3273267552147,3247.708904813784,843.3141257430351,cam_2_1690296716_09-51-56.jpg
250,168,2761.6953934937355,131.61228479060222,2910.642132341183,244.88775546394893,cam_2_1690296716_09-51-56.jpg
250,172,2283.492407896793,456.82133882716107,2616.000607874873,637.6678239255327,cam_2_1690296716_09-51-56.jpg
250,191,2257.3996512209196,136.97754034607524,2561.5781021679777,402.62778332919356,cam_2_1690296716_09-51-56.jpg
250,226,2470.3121532171185,538.2967454288807,3023.6890507365297,920.2114254011233,cam_2_1690296716_09-51-56.jpg
250,235,2576.536468354963,399.34180339603506,2949.406581638417,551.0515245121726,cam_2_1690296716_09-51-56.jpg
250,236,3197.7828921729415,314.10470985741324,3719.039298572718,628.9509236315669,cam_2_1690296716_09-51-56.jpg
250,249,2783.8225150110584,487.33212770639807,3301.2167983231966,787.830467730543,cam_2_1690296716_09-51-56.jpg
250,252,3097.3095357773436,431.6934138855081,3479.648165402783,675.1658204626399,cam_2_1690296716_09-51-56.jpg
250,264,2649.7533254026503,131.86691236653417,2879.514958959536,342.44542361629976,cam_2_1690296716_09-51-56.jpg
250,266,3104.682580173319,225.72021013291166,3509.405352413435,337.8386237559217,cam_2_1690296716_09-51-56.jpg
251,24,2727.975650970972,226.52338959593618,3117.1714246673173,417.2574745128264,cam_2_1690296776_09-52-56.jpg
251,127,2446.9168036667356,142.89398094592883,2647.824922023858,359.24203782530685,cam_2_1690296776_09-52-56.jpg
251,148,2950.05121897131,453.89180753353367,3440.328098668603,737.6280943028569,cam_2_1690296776_09-52-56.jpg
251,151,2689.83063639407,519.5107017310539,3243.3363665257516,844.0937572902984,cam_2_1690296776_09-52-56.jpg
251,172,2264.4449844966207,454.7550246749592,2609.777981507933,637.8316513627973,cam_2_1690296776_09-52-56.jpg
251,191,2257.439676649996,138.11242319864763,2559.3157050095765,400.315082703842,cam_2_1690296776_09-52-56.jpg
251,226,2468.7064363403147,532.4187411283112,3030.069251277188,920.7087048137776,cam_2_1690296776_09-52-56.jpg
251,235,2583.613683039803,399.6979139952001,2956.668110278945,551.5474646349511,cam_2_1690296776_09-52-56.jpg
251,236,3186.615854855192,313.5424132496378,3716.189868124735,632.7615518525465,cam_2_1690296776_09-52-56.jpg
251,249,2769.8604889771477,484.6045050957488,3293.307791910887,787.5941006656242,cam_2_1690296776_09-52-56.jpg
251,252,3097.1633877858326,432.22762109329506,3475.7496384730493,674.8752638081241,cam_2_1690296776_09-52-56.jpg
251,264,2642.580645848707,135.21143388458307,2876.6492782598125,344.7433592142685,cam_2_1690296776_09-52-56.jpg
251,266,3108.477266650775,220.17481281436082,3511.0685481205105,331.98276432852356,cam_2_1690296776_09-52-56.jpg
252,24,2723.7587037198805,226.41927443031852,3111.3875646231586,414.429556105336,cam_2_1690296881_09-54-41.jpg
252,99,2625.418385143904,138.25942456595874,2923.9934056101074,328.54893723320225,cam_2_1690296881_09-54-41.jpg
252,127,2442.233761698503,141.53371133214574,2642.1759872530033,356.49507116579605,cam_2_1690296881_09-54-41.jpg
252,148,2948.812860590147,453.01657681410813,3435.605782119211,734.3402217681647,cam_2_1690296881_09-54-41.jpg
252,151,2688.5232343954785,516.7212362537051,3238.9002158583403,843.1935497533119,cam_2_1690296881_09-54-41.jpg
252,172,2285.1582047524694,453.48243628490263,2651.2179194492214,638.1427145270525,cam_2_1690296881_09-54-41.jpg
252,191,2270.997290170793,136.17204643764643,2571.1064507484075,398.71476835309323,cam_2_1690296881_09-54-41.jpg
252,226,2466.660657104691,535.1319178000508,3025.972069026938,921.8555895844029,cam_2_1690296881_09-54-41.jpg
252,235,2587.208034898375,400.7853949121944,2947.9650211871567,547.0465064112725,cam_2_1690296881_09-54-41.jpg
252,236,3189.0797540786684,314.74388966030386,3720.3071689755816,633.6143066022432,cam_2_1690296881_09-54-41.jpg
252,249,2764.9497325314787,482.20130434355576,3293.758220470616,787.6518268956354,cam_2_1690296881_09-54-41.jpg
252,262,2666.6788808113974,139.21177288795377,2921.635097783669,258.3909734988529,cam_2_1690296881_09-54-41.jpg
252,266,3079.5477113222755,212.00054128937938,3514.15873774188,333.6091677860802,cam_2_1690296881_09-54-41.jpg
252,267,3073.960312940245,223.98494943928023,3604.14011483705,346.75279608219535,cam_2_1690296881_09-54-41.jpg
253,24,2716.3001159725604,228.1482940395494,3104.3797917978604,415.9003182651311,cam_2_1690296926_09-55-26.jpg
253,99,2618.3637243407343,134.49305143141686,2908.744936303054,320.5767712203795,cam_2_1690296926_09-55-26.jpg
253,148,2950.695117959893,457.26518730686007,3434.864920132982,736.5835131460767,cam_2_1690296926_09-55-26.jpg
253,151,2687.7962421906486,515.2679807120011,3235.256953684349,843.4240272622785,cam_2_1690296926_09-55-26.jpg
253,172,2277.0139082496194,455.88867031388327,2651.3750304205814,639.297909357783,cam_2_1690296926_09-55-26.jpg
253,191,2236.4010842451853,141.51711371559395,2551.8403535040507,405.4200616433269,cam_2_1690296926_09-55-26.jpg
253,226,2465.411308478309,531.9250112133041,3026.977228424716,920.9640374411525,cam_2_1690296926_09-55-26.jpg
253,235,2584.6598554737366,398.83353137088045,2944.669519452988,544.5585148976356,cam_2_1690296926_09-55-26.jpg
253,236,3198.4226723569573,316.42918549987235,3730.30034026832,636.204101333948,cam_2_1690296926_09-55-26.jpg
253,249,2762.4853032466426,481.40839413990375,3292.4539503428255,786.6480427032941,cam_2_1690296926_09-55-26.jpg
254,24,2721.678238984293,228.35756087087955,3105.799364822171,412.25593407879035,cam_2_1690296971_09-56-11.jpg
254,99,2711.288861018717,139.9455272934178,2953.044817679258,281.1936493612287,cam_2_1690296971_09-56-11.jpg
254,148,2952.4524848808646,456.8281378367758,3437.2135018072736,736.1237304628055,cam_2_1690296971_09-56-11.jpg
254,151,2696.522098665058,517.2397950044647,3236.877061893472,844.8350923493807,cam_2_1690296971_09-56-11.jpg
254,152,2265.4045370768617,134.4884292783088,2594.753719698342,389.2189876972586,cam_2_1690296971_09-56-11.jpg
254,172,2254.261676122262,453.0322298598785,2639.184910746067,639.1209644221217,cam_2_1690296971_09-56-11.jpg
254,215,2545.161934065729,139.50021721218616,2707.6004124407086,341.83667647904144,cam_2_1690296971_09-56-11.jpg
254,226,2468.0173202509527,533.2455279900245,3026.71607062197,920.4923097448248,cam_2_1690296971_09-56-11.jpg
254,235,2578.854741427976,399.90786411684473,2951.5212132591314,551.7337339883707,cam_2_1690296971_09-56-11.jpg
254,236,3185.510489153882,314.93660759672343,3726.8968252390746,638.9341832939792,cam_2_1690296971_09-56-11.jpg
254,249,2766.1570418661836,483.3538015048608,3293.3021311693483,786.5215984161235,cam_2_1690296971_09-56-11.jpg
254,268,3167.1934642406195,238.57351184814178,3556.948604067608,348.92029561370595,cam_2_1690296971_09-56-11.jpg
254,269,3079.644142551419,202.88500323876573,3438.3321332810924,322.6461697439725,cam_2_1690296971_09-56-11.jpg
255,1,3514.769565113433,414.9193193215969,3991.3722449677275,782.3019646763687,cam_2_1690297256_10-00-56.jpg
255,24,2724.1828862050893,227.93924936267715,3116.1418148550265,414.0286403564737,cam_2_1690297256_10-00-56.jpg
255,99,2622.2843646596166,134.21742981254803,2912.692586446251,306.8282561819076,cam_2_1690297256_10-00-56.jpg
255,148,2955.9671829426848,457.11784460092554,3434.179477664832,732.3085196735503,cam_2_1690297256_10-00-56.jpg
255,151,2654.386877592673,499.71924087584887,3218.9915312849,839.5103783736553,cam_2_1690297256_10-00-56.jpg
255,152,2256.210175489507,137.62475476145892,2593.049875470072,387.30948733456614,cam_2_1690297256_10-00-56.jpg
255,172,2261.5551062465993,455.17682154179766,2659.661703557851,643.1537903269236,cam_2_1690297256_10-00-56.jpg
255,226,2472.665610913689,543.0750646614671,3019.295431272,920.2294942845124,cam_2_1690297256_10-00-56.jpg
255,235,2593.265907653737,401.888666415085,2942.4574549499885,542.5034817455709,cam_2_1690297256_10-00-56.jpg
255,239,3191.2872686580145,328.00134305479617,3736.5247664063495,715.1269970044232,cam_2_1690297256_10-00-56.jpg
255,249,2824.979168094463,484.45127105528405,3330.81220628903,781.567983659902,cam_2_1690297256_10-00-56.jpg
255,268,3168.9085470552927,242.2025437707851,3587.4784564244733,360.6666224319568,cam_2_1690297256_10-00-56.jpg
256,1,3414.2071336114004,435.6337434570097,3883.314835287867,792.2543636172175,cam_2_1690297331_10-02-11.jpg
256,24,2719.717409076049,229.97803038787015,3114.319391003094,415.8635332752033,cam_2_1690297331_10-02-11.jpg
256,99,2584.808961641141,129.9599111515202,2908.2646044605167,325.9687224436216,cam_2_1690297331_10-02-11.jpg
256,148,2955.218230162265,456.9531464009739,3437.499850411339,734.9578705096548,cam_2_1690297331_10-02-11.jpg
256,151,2632.7301763220407,505.69126572210587,3188.85236133039,835.0165619000103,cam_2_1690297331_10-02-11.jpg
256,152,2214.427862133741,143.5118384210346,2558.145491322697,393.87541436035247,cam_2_1690297331_10-02-11.jpg
256,172,2266.630667035446,453.64214414819406,2676.223216260958,642.5105981420045,cam_2_1690297331_10-02-11.jpg
256,226,2478.412258863822,551.3646469900548,3015.375609507581,919.8407866792941,cam_2_1690297331_10-02-11.jpg
256,235,2602.754073878237,402.6866920700684,2933.6247700197373,533.6509148857397,cam_2_1690297331_10-02-11.jpg
256,239,3226.2605836914254,329.9799798267565,3706.5061081807717,607.6508435640194,cam_2_1690297331_10-02-11.jpg
256,249,2778.410680812621,477.4271575636153,3303.1661286981703,784.4718173582971,cam_2_1690297331_10-02-11.jpg
256,268,3167.5159812089596,241.62063036262916,3588.7033217569215,360.63802209304197,cam_2_1690297331_10-02-11.jpg
257,13,3392.50591907617,341.2470680999773,3807.6281531807945,708.6021520754866,cam_2_1690297376_10-02-56.jpg
257,24,2725.695791528989,229.91420371271113,3117.256590704287,412.699977691003,cam_2_1690297376_10-02-56.jpg
257,99,2588.504132664717,134.88639985678964,2910.1193885685066,330.99743322969414,cam_2_1690297376_10-02-56.jpg
257,151,2618.4403997903146,508.27136700455014,3189.4551241086715,843.5719145569076,cam_2_1690297376_10-02-56.jpg
257,152,2196.6967117674876,143.83910048603576,2549.193224709806,395.5772144919041,cam_2_1690297376_10-02-56.jpg
257,172,2264.2262590893893,454.01925999747135,2684.1391598889004,643.9213963531172,cam_2_1690297376_10-02-56.jpg
257,226,2478.1330005380373,544.6208233182423,3024.384057123032,919.1924957972553,cam_2_1690297376_10-02-56.jpg
257,235,2596.597909095781,401.2487556441316,2925.9514033196356,531.1840041221063,cam_2_1690297376_10-02-56.jpg
257,239,3051.5270880507883,352.9182628999013,3715.3831351189765,752.6473459377055,cam_2_1690297376_10-02-56.jpg
257,249,2763.0680017324885,478.4199078221859,3292.177778234663,786.1383936948732,cam_2_1690297376_10-02-56.jpg
257,268,3132.754993396517,237.53179174234901,3581.61249962802,364.28109871968843,cam_2_1690297376_10-02-56.jpg
258,24,2721.150597640494,228.40501716848183,3118.048677496378,414.4813036250228,cam_2_1690297421_10-03-41.jpg
258,99,2573.9491758619133,134.28788690371,2894.691767352298,328.46442222531203,cam_2_1690297421_10-03-41.jpg
258,148,3003.5827406357653,433.0755075959498,3456.0091639254097,695.2161785266414,cam_2_1690297421_10-03-41.jpg
258,151,2608.2451166477786,504.5201657499498,3190.5393817400764,843.9430298121638,cam_2_1690297421_10-03-41.jpg
258,152,2192.8386507541786,143.87570596883043,2546.286830347449,395.5351619909642,cam_2_1690297421_10-03-41.jpg
258,172,2257.058713230273,453.41321661688255,2684.3275084013753,644.2543857342918,cam_2_1690297421_10-03-41.jpg
258,226,2478.168261479291,545.1598451894536,3026.630507421205,921.4612592018725,cam_2_1690297421_10-03-41.jpg
258,235,2603.202068624424,399.27123980289724,2927.2697783529898,525.864012707389,cam_2_1690297421_10-03-41.jpg
258,236,3205.463230117338,335.0815623692181,3814.459363540197,701.5817483777773,cam_2_1690297421_10-03-41.jpg
258,249,2749.6646556664264,468.2443306842087,3293.321807409085,783.6696100553077,cam_2_1690297421_10-03-41.jpg
258,252,2941.108518735936,432.64166698630794,3386.5684669872885,722.6025422129694,cam_2_1690297421_10-03-41.jpg
258,268,3147.001960900947,237.27004695606678,3597.3312585821886,364.9395797954195,cam_2_1690297421_10-03-41.jpg
259,148,3013.7721700205075,428.16692649169596,3457.959995003849,686.5463954255829,cam_2_1690297556_10-05-56.jpg
259,151,2605.218997991766,504.17520849289053,3191.7086967951823,844.2501729196265,cam_2_1690297556_10-05-56.jpg
259,159,3112.7112219326154,190.7562939323638,3422.8631947342783,324.2757325429056,cam_2_1690297556_10-05-56.jpg
259,163,2770.8169022930583,230.5357219686756,3097.7568676582005,417.6928541035579,cam_2_1690297556_10-05-56.jpg
259,172,2244.597663239194,454.34266569203385,2668.7242925761134,642.8711015612288,cam_2_1690297556_10-05-56.jpg
259,226,2470.0550884904433,540.400015375312,3027.1010945913686,922.8385439579993,cam_2_1690297556_10-05-56.jpg
259,235,2600.2158344914205,396.12859401153895,2938.010848113214,527.428377336801,cam_2_1690297556_10-05-56.jpg
259,236,3224.1774583048773,341.1154182470462,3865.020805127451,732.2021197397953,cam_2_1690297556_10-05-56.jpg
259,249,2744.193578656825,465.84947481553473,3294.70713512024,784.3710492331509,cam_2_1690297556_10-05-56.jpg
259,252,2937.2365168367123,439.410348151699,3372.5670338740365,726.157277079687,cam_2_1690297556_10-05-56.jpg
259,268,3173.1763327648773,234.18495501269155,3645.2632237133134,369.68672891739794,cam_2_1690297556_10-05-56.jpg
260,148,3019.3713079431996,427.1750482283129,3457.751325756513,683.1042251786299,cam_2_1690297601_10-06-41.jpg
260,151,2602.7781293004605,501.3714350171939,3195.2585158650063,843.6541109221697,cam_2_1690297601_10-06-41.jpg
260,159,3122.7231418779925,192.05481516664992,3422.5414084578388,319.07335643853264,cam_2_1690297601_10-06-41.jpg
260,163,2768.3042950518484,232.6043898610088,3092.81725169177,418.9613383084185,cam_2_1690297601_10-06-41.jpg
260,172,2230.203479625373,454.06442579308106,2650.921225581441,641.5488073089488,cam_2_1690297601_10-06-41.jpg
260,226,2464.717880733713,540.6988917206063,3021.326852588421,921.906808999673,cam_2_1690297601_10-06-41.jpg
260,235,2596.2357890888165,395.2595816713755,2945.307122545851,530.4709257602871,cam_2_1690297601_10-06-41.jpg
260,236,3230.606221874582,343.47040474601374,3874.5626136409123,742.2986515341194,cam_2_1690297601_10-06-41.jpg
260,249,2748.382743780137,466.6054393367058,3296.8663864242553,783.5300334789422,cam_2_1690297601_10-06-41.jpg
260,252,2938.0451575242105,443.8332824315354,3365.6411620410636,727.1389482718392,cam_2_1690297601_10-06-41.jpg
260,268,3187.8447104026036,237.63808635382816,3651.844154706193,372.0055391420425,cam_2_1690297601_10-06-41.jpg
261,148,3022.08932711432,427.16711297283445,3456.9758383847425,681.1095556001737,cam_2_1690297646_10-07-26.jpg
261,151,2598.1354325629127,497.9270011899887,3197.8188849645435,843.2639465286366,cam_2_1690297646_10-07-26.jpg
261,159,3119.641679932348,191.91888130012947,3420.2314863408883,318.8593140601361,cam_2_1690297646_10-07-26.jpg
261,163,2770.646454002791,233.3423664856507,3090.978775818608,416.3678778766888,cam_2_1690297646_10-07-26.jpg
261,172,2222.2423799451294,452.8225015516407,2643.8805286632455,641.4363308192303,cam_2_1690297646_10-07-26.jpg
261,215,2611.6416723903667,198.6806241875335,2771.690630302772,400.4100185878772,cam_2_1690297646_10-07-26.jpg
261,226,2463.0875545831873,540.9354129850109,3020.5298657766616,921.3252470950808,cam_2_1690297646_10-07-26.jpg
261,235,2594.681861973753,393.8517595052436,2937.1341093842493,526.0266995432971,cam_2_1690297646_10-07-26.jpg
261,236,3240.6208404147187,345.4600858110459,3878.2841515841633,744.3350176533802,cam_2_1690297646_10-07-26.jpg
261,249,2734.415517602244,463.8016636529532,3294.155004099127,785.9359172399838,cam_2_1690297646_10-07-26.jpg
261,252,2937.9262219832776,443.63055656135043,3362.5455421301394,726.4119305393506,cam_2_1690297646_10-07-26.jpg
261,268,3197.1801625914204,238.22953964815204,3658.8628233359273,373.3783261236787,cam_2_1690297646_10-07-26.jpg
262,148,3034.9275495820725,429.6849008284262,3462.853323495445,681.2368288400576,cam_2_1690297736_10-08-56.jpg
262,151,2595.9558262809583,497.3035440167521,3198.936037246038,843.3199842247459,cam_2_1690297736_10-08-56.jpg
262,163,2772.449562169071,233.02058501079176,3092.106518504172,413.1511442662069,cam_2_1690297736_10-08-56.jpg
262,172,2234.7808510158616,454.64603169055715,2668.2101977750276,646.7275412359069,cam_2_1690297736_10-08-56.jpg
262,215,2619.0233702182672,210.15184630654988,2774.3435983214317,405.89150657097133,cam_2_1690297736_10-08-56.jpg
262,216,3460.5968916031143,235.807683009923,3625.985694377928,371.3436385498168,cam_2_1690297736_10-08-56.jpg
262,226,2463.4501660550845,545.5967245264205,3017.4154695017132,920.941069287551,cam_2_1690297736_10-08-56.jpg
262,235,2594.7707154005343,391.7705942665392,2938.7882057084516,523.4804943713566,cam_2_1690297736_10-08-56.jpg
262,236,3241.1129164425665,344.59781319900253,3879.23285617334,747.4285824070153,cam_2_1690297736_10-08-56.jpg
262,249,2738.667456652588,464.90334209242326,3296.9236195096423,785.7973733466604,cam_2_1690297736_10-08-56.jpg
262,252,2940.3369748683854,443.92013286910856,3363.085134513715,726.8959607691036,cam_2_1690297736_10-08-56.jpg
262,268,3117.254278926621,227.2926265170708,3601.9330392488637,372.17007830160617,cam_2_1690297736_10-08-56.jpg
262,269,3131.3155210887644,198.66220765667714,3471.487727684333,311.4389770558796,cam_2_1690297736_10-08-56.jpg
263,148,3024.899061831299,427.6073348316418,3457.188309056402,682.7410359350556,cam_2_1690297796_10-09-56.jpg
263,151,2603.3151814124294,503.9636646975371,3193.5947584439796,840.4400482679923,cam_2_1690297796_10-09-56.jpg
263,163,2776.2303364461122,232.64564782805343,3095.2674799418605,409.89986196769536,cam_2_1690297796_10-09-56.jpg
263,172,2242.4951362139573,455.18445486907376,2683.1140908202774,648.3552392406739,cam_2_1690297796_10-09-56.jpg
263,215,2621.2291971063687,207.4308021989434,2779.309265060796,407.9635266232831,cam_2_1690297796_10-09-56.jpg
263,216,3462.815440445719,236.96985026763238,3607.7292924197795,357.0552034924169,cam_2_1690297796_10-09-56.jpg
263,226,2465.0717147956357,550.3783675881688,3016.267175047061,921.9587243863093,cam_2_1690297796_10-09-56.jpg
263,235,2586.79859077017,390.98763464674715,2937.1027571406817,525.0584861473071,cam_2_1690297796_10-09-56.jpg
263,236,3204.7650334043387,334.32773565341614,3834.939810645619,735.2705258832859,cam_2_1690297796_10-09-56.jpg
263,249,2742.647519738074,467.66973297872875,3295.3547106529345,784.9700916891838,cam_2_1690297796_10-09-56.jpg
263,252,2938.585994537656,441.8985386899939,3364.0295633783844,728.0366273933964,cam_2_1690297796_10-09-56.jpg
263,269,3112.570403550066,220.95982883821625,3486.1664816677912,344.5553433633502,cam_2_1690297796_10-09-56.jpg
264,1,3166.9919049249215,311.0537792148348,3711.793626770654,721.9764130872211,cam_2_1690297886_10-11-26.jpg
264,148,3021.7056804172253,426.0205118394603,3458.164933279576,685.1977727326409,cam_2_1690297886_10-11-26.jpg
264,151,2598.302523225065,508.5294680455344,3192.064315898116,844.622471338761,cam_2_1690297886_10-11-26.jpg
264,163,2773.0422784211523,231.95777961392525,3096.008128972061,410.9682091686783,cam_2_1690297886_10-11-26.jpg
264,172,2242.6548404724495,453.7476021236431,2682.6836876708276,644.7397013673575,cam_2_1690297886_10-11-26.jpg
264,215,2619.3181128144456,203.70553006274267,2777.8547926656747,405.86989020839826,cam_2_1690297886_10-11-26.jpg
264,216,3461.262935441205,238.20755324242836,3606.7495559148538,359.5247980800712,cam_2_1690297886_10-11-26.jpg
264,226,2464.280991208464,543.7323112919563,3025.5515250715757,923.1592662497544,cam_2_1690297886_10-11-26.jpg
264,235,2580.3353631655405,392.70173440749596,2936.46271229897,528.9019190541732,cam_2_1690297886_10-11-26.jpg
264,249,2747.645357471892,470.04667091182307,3299.028387473736,786.4840503414598,cam_2_1690297886_10-11-26.jpg
264,252,2938.995564331364,438.67919372136635,3367.486932192168,728.2770631942983,cam_2_1690297886_10-11-26.jpg
264,266,3087.733886669683,223.3877863831817,3518.078168247245,344.2353991601542,cam_2_1690297886_10-11-26.jpg
265,1,3131.9672491305405,306.5107087807276,3687.0847279581503,720.889161432845,cam_2_1690297931_10-12-11.jpg
265,148,3011.5757832756926,420.88241918633395,3457.126179265304,686.9154893786867,cam_2_1690297931_10-12-11.jpg
265,151,2596.764897294803,506.2404975675906,3192.795541882546,841.6577900841235,cam_2_1690297931_10-12-11.jpg
265,163,2764.550430851483,231.79048666287298,3092.083853312218,411.506917684869,cam_2_1690297931_10-12-11.jpg
265,172,2242.518533365057,453.87123918192907,2689.8432663708845,646.3598624415176,cam_2_1690297931_10-12-11.jpg
265,215,2611.610028159642,198.97587471123245,2771.578934147255,404.91397034310125,cam_2_1690297931_10-12-11.jpg
265,226,2469.4983313234784,544.3297794638927,3028.9651866703443,923.5837389199845,cam_2_1690297931_10-12-11.jpg
265,235,2585.757353694631,392.3384985177971,2940.3590700543627,527.362977065361,cam_2_1690297931_10-12-11.jpg
265,249,2747.270520392521,469.13739009697554,3297.50333946724,784.3148209120911,cam_2_1690297931_10-12-11.jpg
265,252,2935.1269982863264,437.4896143654486,3364.7467897897723,729.2848785367103,cam_2_1690297931_10-12-11.jpg
265,259,3440.3204607297475,249.44726255848389,3675.891078667155,391.40333019654327,cam_2_1690297931_10-12-11.jpg
265,268,3120.9997624413695,227.32390410263682,3547.0649580112276,354.7652088985071,cam_2_1690297931_10-12-11.jpg
266,1,3151.689472268591,309.3007822333801,3701.980560107154,719.0908667918795,cam_2_1690297991_10-13-11.jpg
266,148,3005.708760494407,418.2458350474263,3454.177595602624,686.9248262941273,cam_2_1690297991_10-13-11.jpg
266,151,2588.6928211133263,502.3204485674731,3199.284995424682,845.1207483064302,cam_2_1690297991_10-13-11.jpg
266,163,2757.776119606402,230.06332995706498,3086.358133879819,410.9761156192387,cam_2_1690297991_10-13-11.jpg
266,172,2239.9310684042703,454.3803145774793,2690.435482167825,647.1209307051018,cam_2_1690297991_10-13-11.jpg
266,215,2616.5439910956,196.04157117756995,2774.9527286910848,397.93398380767985,cam_2_1690297991_10-13-11.jpg
266,226,2469.138605557921,543.0682057726016,3031.0588134703494,924.8551242653173,cam_2_1690297991_10-13-11.jpg
266,235,2594.418702107707,393.1215977424486,2935.9796464791457,521.8436999684528,cam_2_1690297991_10-13-11.jpg
266,249,2739.021687948659,465.18517454497476,3299.8355511636278,786.2226598342205,cam_2_1690297991_10-13-11.jpg
266,252,2932.359477936148,433.71119835804024,3365.867029523205,729.3166540619131,cam_2_1690297991_10-13-11.jpg
266,261,3437.1055003936854,254.12485925490134,3769.12582228322,425.93218883854763,cam_2_1690297991_10-13-11.jpg
266,268,3140.8476647046405,230.30966187264016,3565.725655433058,357.4220570955857,cam_2_1690297991_10-13-11.jpg
266,269,3136.397048539029,224.0885837034445,3495.87485469745,342.2113101359459,cam_2_1690297991_10-13-11.jpg
267,1,3189.9687218714093,315.92807731057843,3754.5715114492104,733.2127972450887,cam_2_1690298111_10-15-11.jpg
267,148,3008.023279984014,419.57544423306183,3454.379901761739,688.041523391309,cam_2_1690298111_10-15-11.jpg
267,151,2639.644701388714,505.99844202347754,3232.951851318757,844.2744722261662,cam_2_1690298111_10-15-11.jpg
267,163,2726.2487798323577,228.89075377214812,3066.54303524122,414.09497874346204,cam_2_1690298111_10-15-11.jpg
267,172,2242.8772365781188,454.00943496713137,2694.3386876694644,645.3720238445395,cam_2_1690298111_10-15-11.jpg
267,215,2626.4319422785297,203.31324429571416,2781.483545237937,396.6052920091812,cam_2_1690298111_10-15-11.jpg
267,226,2466.210040387685,543.0563735310664,3025.9534635423956,921.9214230508759,cam_2_1690298111_10-15-11.jpg
267,235,2586.156020108923,395.3224570270451,2939.0827812435614,528.4121690023555,cam_2_1690298111_10-15-11.jpg
267,249,2744.6038431012066,470.6691281299112,3297.5002377860383,786.7945705062851,cam_2_1690298111_10-15-11.jpg
267,252,2933.4191420879733,427.4302225391002,3372.119112484902,728.2831689175644,cam_2_1690298111_10-15-11.jpg
267,261,3481.404936130487,262.62624808380076,3764.153643660091,410.8024102233263,cam_2_1690298111_10-15-11.jpg
267,268,3156.2668160039084,234.0369697987373,3557.832000991435,353.07131641784025,cam_2_1690298111_10-15-11.jpg
268,1,3205.0585521935664,320.74191772055985,3774.0545471505716,738.7688067407732,cam_2_1690298126_10-15-26.jpg
268,148,3011.622185241727,423.8925639427049,3454.7906842863554,690.493612986631,cam_2_1690298126_10-15-26.jpg
268,151,2669.979988310876,512.7910954820642,3244.2426645711807,845.1892203935258,cam_2_1690298126_10-15-26.jpg
268,163,2722.274059569861,230.2345399681359,3068.6309831944195,415.83467683449794,cam_2_1690298126_10-15-26.jpg
268,172,2243.6930217686286,451.642318266742,2698.7445759318416,642.510991323908,cam_2_1690298126_10-15-26.jpg
268,215,2631.1633358980434,204.1986187146004,2785.2164855492,392.65743414969836,cam_2_1690298126_10-15-26.jpg
268,226,2448.7111579531866,547.5891561789047,3008.152794853876,922.1052983460903,cam_2_1690298126_10-15-26.jpg
268,235,2580.907646645187,396.73532812815034,2940.8230173009847,532.61747352471,cam_2_1690298126_10-15-26.jpg
268,249,2759.355107907959,476.9502027486678,3300.032124771664,786.5973077867659,cam_2_1690298126_10-15-26.jpg
268,252,2935.317263590659,428.115411801347,3369.702336587886,727.4632586229953,cam_2_1690298126_10-15-26.jpg
268,261,3493.7337642964408,264.1563229826074,3763.583699029055,407.59073681202574,cam_2_1690298126_10-15-26.jpg
268,264,2583.2997645576374,127.38255636077568,2765.5803434784493,288.8271408678828,cam_2_1690298126_10-15-26.jpg
268,268,3157.223395518378,233.97546182159044,3559.5251038449974,352.50128658880544,cam_2_1690298126_10-15-26.jpg
269,1,3218.6577149395102,324.98033645334397,3781.9050585202585,739.3919369046231,cam_2_1690298171_10-16-11.jpg
269,148,3013.3490756176107,423.74031223303973,3452.8354138569202,688.9302396219985,cam_2_1690298171_10-16-11.jpg
269,151,2669.9545024120735,511.45821437876975,3243.23703021867,846.2837744095489,cam_2_1690298171_10-16-11.jpg
269,163,2712.557730942025,228.7838591507916,3062.6463528924787,413.81361936657777,cam_2_1690298171_10-16-11.jpg
269,172,2244.5887992135354,450.9235861162486,2708.806362671413,643.9368599787776,cam_2_1690298171_10-16-11.jpg
269,215,2633.561472123297,206.11054121504054,2787.5216993098593,390.6963450470002,cam_2_1690298171_10-16-11.jpg
269,226,2450.7709312167,542.2453441266017,3018.310514711794,922.1560321146737,cam_2_1690298171_10-16-11.jpg
269,235,2589.1084020883814,398.1432003468869,2942.912405520877,531.2161817873182,cam_2_1690298171_10-16-11.jpg
269,249,2754.470895974266,475.818000112904,3298.299465725205,786.6979981824716,cam_2_1690298171_10-16-11.jpg
269,252,2937.20030029621,427.4896042341368,3370.8951276995144,727.5912602380088,cam_2_1690298171_10-16-11.jpg
269,261,3489.1593854925295,260.1001790529101,3763.496358882185,407.5513919294701,cam_2_1690298171_10-16-11.jpg
269,266,3107.0332894222247,226.96613892501716,3539.7907122850947,347.1657642376117,cam_2_1690298171_10-16-11.jpg
269,268,3159.978635790588,237.23631608118393,3565.951696700016,356.21988778611393,cam_2_1690298171_10-16-11.jpg
269,274,2656.9881238827566,133.67149422604396,2923.90364644244,266.2508652945527,cam_2_1690298171_10-16-11.jpg
270,1,3188.7429880853065,364.00803624885447,3629.6282041826626,688.219441959498,cam_2_1690298321_10-18-41.jpg
270,99,2553.738530910487,133.46990274674567,2900.8500881223117,351.0030685842944,cam_2_1690298321_10-18-41.jpg
270,148,3017.7980436963344,425.68230924590443,3452.679100217532,688.2840761713526,cam_2_1690298321_10-18-41.jpg
270,151,2668.491819151155,515.5243783396741,3228.166148365908,843.5881527484394,cam_2_1690298321_10-18-41.jpg
270,163,2701.9255809784286,224.46626642218277,3066.113502594133,415.75864541981514,cam_2_1690298321_10-18-41.jpg
270,172,2245.8598516650454,452.6826158730164,2711.2692218583097,644.7694684123621,cam_2_1690298321_10-18-41.jpg
270,226,2454.4226390800636,548.7611047827836,3013.93039045221,922.2739991796561,cam_2_1690298321_10-18-41.jpg
270,235,2591.2745308430663,398.2922724964411,2935.0592689576424,527.0874801385296,cam_2_1690298321_10-18-41.jpg
270,236,3430.550688397329,392.70449276965877,4023.720552412043,773.1925570486796,cam_2_1690298321_10-18-41.jpg
270,249,2748.6709075045505,473.7408853600442,3295.05023270048,784.9981173635213,cam_2_1690298321_10-18-41.jpg
270,252,2946.7573205189747,437.7845566513183,3365.273468430775,726.5902963381143,cam_2_1690298321_10-18-41.jpg
270,261,3497.0112697351196,261.44215502751507,3777.4359804062155,413.8597104393469,cam_2_1690298321_10-18-41.jpg
270,262,2617.461362377567,131.4550275256612,2872.944205893774,249.90415668667606,cam_2_1690298321_10-18-41.jpg
270,268,3101.313922429965,241.1594732304249,3674.0555157949434,415.40294878477187,cam_2_1690298321_10-18-41.jpg
270,274,2601.488678244456,134.18732942239535,2891.1820318402956,278.20571576172006,cam_2_1690298321_10-18-41.jpg
271,1,3119.646152945479,336.1678113584477,3605.503290427541,696.825484912732,cam_2_1690298351_10-19-11.jpg
271,24,2614.7478377173634,213.9791709341304,3026.5064418683955,409.60029225920186,cam_2_1690298351_10-19-11.jpg
271,151,2631.1257377412194,506.7638379752587,3205.781484510789,840.3917484067254,cam_2_1690298351_10-19-11.jpg
271,172,2235.886342360466,454.6286552856261,2705.027468496639,647.6463736103583,cam_2_1690298351_10-19-11.jpg
271,226,2460.168040470581,550.1875967642009,3017.355424663295,921.2168609711192,cam_2_1690298351_10-19-11.jpg
271,235,2592.005497903194,397.7325412571586,2944.79216350556,529.5676515733077,cam_2_1690298351_10-19-11.jpg
271,236,3458.395329825604,409.69285708402845,4012.4756276640833,771.7081130399097,cam_2_1690298351_10-19-11.jpg
271,249,2772.116567960218,473.0007505858681,3310.9948503930245,782.4389038744888,cam_2_1690298351_10-19-11.jpg
271,252,2951.4006763386146,442.52165935502944,3359.899699367628,723.3412465388208,cam_2_1690298351_10-19-11.jpg
271,261,3489.784025847528,260.9253473972947,3785.0025017247585,424.4497533840478,cam_2_1690298351_10-19-11.jpg
271,262,2609.774555507568,132.12331303189842,2872.3014961472786,251.5918137453681,cam_2_1690298351_10-19-11.jpg
271,268,3115.9875695089722,245.25056387420096,3679.430099808206,419.7942338214597,cam_2_1690298351_10-19-11.jpg
272,1,3108.783358529395,337.11997592941157,3648.577550999269,736.3362115964571,cam_2_1690298666_10-24-26.jpg
272,99,2555.1009557506595,127.5528770153053,2905.3708966537147,352.9973091338772,cam_2_1690298666_10-24-26.jpg
272,151,2621.603608586302,512.0261918680578,3197.632802538609,844.03406735812,cam_2_1690298666_10-24-26.jpg
272,163,2717.6155598736514,225.4393257677212,3080.149099815553,415.9031829364401,cam_2_1690298666_10-24-26.jpg
272,172,2246.692936052483,451.7078150672383,2710.9545179602223,640.540925790349,cam_2_1690298666_10-24-26.jpg
272,191,1872.69929662158,155.9695907159194,2210.7499468470623,454.15048299886973,cam_2_1690298666_10-24-26.jpg
272,226,2467.586071533108,546.5626653432654,3027.864349531222,920.8110964382474,cam_2_1690298666_10-24-26.jpg
272,235,2593.23722440611,396.75479314349633,2939.9057901759797,525.8869666138282,cam_2_1690298666_10-24-26.jpg
272,249,2757.8623931360917,472.84384829936596,3302.3937696696576,785.2427739739376,cam_2_1690298666_10-24-26.jpg
272,252,2949.504613297178,442.7464289471077,3365.823821094779,729.4066199665422,cam_2_1690298666_10-24-26.jpg
272,261,3503.069596280152,266.79351066132085,3849.226380440333,469.3744301847637,cam_2_1690298666_10-24-26.jpg
273,1,3098.582988854956,335.89589741773744,3664.442856404868,751.9559927099692,cam_2_1690298681_10-24-41.jpg
273,99,2580.7076154540787,131.71130949543956,2922.052204011755,356.29782237535824,cam_2_1690298681_10-24-41.jpg
273,151,2604.287515028039,511.3088876847472,3190.3438735233863,846.3386865444992,cam_2_1690298681_10-24-41.jpg
273,163,2721.4830721574053,229.0707363168371,3087.4254114659234,422.55323387545417,cam_2_1690298681_10-24-41.jpg
273,172,2247.6763123631526,451.2049422426215,2711.076411391079,637.9408001626127,cam_2_1690298681_10-24-41.jpg
273,191,1871.0849825860068,154.07101333389505,2195.99588239949,451.0457750849172,cam_2_1690298681_10-24-41.jpg
273,226,2472.998346828269,548.3777635085386,3032.27159198918,923.1576737720372,cam_2_1690298681_10-24-41.jpg
273,235,2593.0086333102554,395.52541710706623,2939.5801583413163,524.2937115064528,cam_2_1690298681_10-24-41.jpg
273,249,2743.3113690934792,469.3709636312422,3298.566175539264,787.3263255868019,cam_2_1690298681_10-24-41.jpg
273,252,2945.1728730634327,439.81691404640776,3367.6768693042045,731.4837603579276,cam_2_1690298681_10-24-41.jpg
273,261,3510.522585270616,268.917164667498,3863.3810710614753,486.29195190237357,cam_2_1690298681_10-24-41.jpg
273,276,3263.2346090220344,250.12591772437167,3662.947660605103,405.9935103800449,cam_2_1690298681_10-24-41.jpg
274,1,3145.9900871690415,338.72651376722945,3694.2658341524198,748.3937000646051,cam_2_1690298891_10-28-11.jpg
274,13,3546.077209597295,281.7839367163308,3839.540725340848,553.3229665651004,cam_2_1690298891_10-28-11.jpg
274,74,2531.943951663389,129.952360244132,2846.4991832423752,362.29114869156444,cam_2_1690298891_10-28-11.jpg
274,172,2243.4543888870367,452.53018888420786,2727.344798545274,645.6017918564783,cam_2_1690298891_10-28-11.jpg
274,191,1854.479499747712,155.75615655072934,2183.456096264224,456.72675752184705,cam_2_1690298891_10-28-11.jpg
274,226,2465.4310305835447,545.4326022986202,3028.82836030456,922.2889694059179,cam_2_1690298891_10-28-11.jpg
274,239,2699.7493757263906,508.8642454741856,3266.166617175076,864.0924979422726,cam_2_1690298891_10-28-11.jpg
274,249,2739.000807969506,399.9395135326168,3501.3443828768973,848.5037822105091,cam_2_1690298891_10-28-11.jpg
274,276,3255.6905922044625,247.9737318814072,3668.9118553880494,409.7734508353491,cam_2_1690298891_10-28-11.jpg
274,277,921.2420470915653,185.2245137014064,1228.4194081679625,605.6127406360455,cam_2_1690298891_10-28-11.jpg
275,1,3153.941896534862,335.6000438764462,3698.625379687247,749.1218220687128,cam_2_1690299071_10-31-11.jpg
275,13,3573.7872414940816,281.2585978616895,3840.4036922360924,543.3681153067525,cam_2_1690299071_10-31-11.jpg
275,74,2484.9885719511417,130.37019316468013,2812.886903793688,370.16754917378057,cam_2_1690299071_10-31-11.jpg
275,172,2239.9338017110613,453.1561666502576,2736.05475737458,649.8079990309718,cam_2_1690299071_10-31-11.jpg
275,186,895.7331271937596,196.79131594428253,1324.6456536264973,615.7167543033129,cam_2_1690299071_10-31-11.jpg
275,191,1852.3295140228072,155.53303835791937,2186.244243576637,460.1210264560593,cam_2_1690299071_10-31-11.jpg
275,226,2461.1971960692513,543.9205362741822,3027.8849305026733,923.013676028254,cam_2_1690299071_10-31-11.jpg
275,239,2702.5859492032228,514.73761361207,3242.4126649471345,861.0291520068665,cam_2_1690299071_10-31-11.jpg
275,249,2739.448022344222,375.3462182533166,3549.8716999752423,864.6526490724534,cam_2_1690299071_10-31-11.jpg
275,276,3269.2876542282283,250.03241608654537,3686.9761980703047,414.0545949218572,cam_2_1690299071_10-31-11.jpg
276,1,3165.650355802845,334.30524443968216,3700.6083917182814,748.1126708744764,cam_2_1690299176_10-32-56.jpg
276,13,3584.5417528362273,280.3674606270301,3841.7940849717456,541.5929846827989,cam_2_1690299176_10-32-56.jpg
276,74,2447.340379249947,125.18021482360747,2781.9387533974327,372.78572771342016,cam_2_1690299176_10-32-56.jpg
276,172,2239.932581748388,453.8978084470269,2730.9610728948187,647.0298075747644,cam_2_1690299176_10-32-56.jpg
276,186,717.6905595835989,203.17315775043292,1160.7130321507811,614.5348699681781,cam_2_1690299176_10-32-56.jpg
276,191,1867.9641951758672,157.07912176574982,2200.876578590753,462.85859413220396,cam_2_1690299176_10-32-56.jpg
276,226,2463.94317326901,541.8093955564817,3032.554598376139,922.7540306931169,cam_2_1690299176_10-32-56.jpg
276,239,2640.7799376643047,512.0646657079035,3192.7524762563658,855.5995504942479,cam_2_1690299176_10-32-56.jpg
276,249,2749.955816982652,364.6780280746586,3576.52398485453,876.9904244265119,cam_2_1690299176_10-32-56.jpg
276,276,3273.4045149436033,252.40266221095646,3690.43117168561,416.8087528122569,cam_2_1690299176_10-32-56.jpg
277,1,3210.1429164242595,368.9755347353584,3614.514046128182,668.520327544763,cam_2_1690299506_10-38-26.jpg
277,99,2615.0864360490878,133.48971812114607,2928.0116411257686,342.074833081448,cam_2_1690299506_10-38-26.jpg
277,148,3054.6572903741135,424.0401025894952,3498.224221416504,692.6849843867504,cam_2_1690299506_10-38-26.jpg
277,152,2284.2223722047124,221.71729567005855,2592.2116793321547,447.46807958985596,cam_2_1690299506_10-38-26.jpg
277,163,2746.623277825411,227.74941699629562,3091.892863297,408.8909639761082,cam_2_1690299506_10-38-26.jpg
277,172,2216.704942668278,451.96828044597186,2704.1787753587396,645.5756035681466,cam_2_1690299506_10-38-26.jpg
277,191,1877.2444664937125,157.74534495142214,2208.2905521691164,459.8627174672531,cam_2_1690299506_10-38-26.jpg
277,226,2466.5268178713577,538.341047825353,3037.2627112797863,922.1150933658723,cam_2_1690299506_10-38-26.jpg
277,235,2603.145991000169,393.4725944548651,2947.6805148841167,521.5025489151975,cam_2_1690299506_10-38-26.jpg
277,239,2613.1465712406966,502.72987352304085,3180.3980616020044,849.6769920604745,cam_2_1690299506_10-38-26.jpg
277,249,2766.858448023272,420.92330247972495,3419.743182836928,820.1745126067863,cam_2_1690299506_10-38-26.jpg
277,259,3276.606875327494,252.63563547806402,3691.0783630389305,502.92608146412306,cam_2_1690299506_10-38-26.jpg
278,1,3223.3665597112395,380.94954444949474,3579.4473605909543,634.7397711177443,cam_2_1690299581_10-39-41.jpg
278,99,2616.7945651443265,132.65106565225568,2927.2647167197165,345.012900621076,cam_2_1690299581_10-39-41.jpg
278,148,3053.472565295616,420.7410979311483,3501.4279708223553,693.0482035847485,cam_2_1690299581_10-39-41.jpg
278,152,2298.5483090072603,238.87845751941381,2602.6083022679154,468.3655059906723,cam_2_1690299581_10-39-41.jpg
278,172,2225.7062742850117,452.17676199658126,2717.1983072285047,647.2133394939679,cam_2_1690299581_10-39-41.jpg
278,191,1882.4220639591942,155.3715566918426,2221.983186769995,463.46634654609255,cam_2_1690299581_10-39-41.jpg
278,226,2470.0708388149123,541.4944988270138,3035.9926661809836,922.3568915105321,cam_2_1690299581_10-39-41.jpg
278,235,2605.5516613848063,390.7258661948794,2953.086146820704,520.2166639282591,cam_2_1690299581_10-39-41.jpg
278,239,2606.9709779475793,509.5918030897973,3173.928185178861,849.7257926723317,cam_2_1690299581_10-39-41.jpg
278,249,2778.2474705383643,452.4307007534503,3345.593933616627,794.0149090679149,cam_2_1690299581_10-39-41.jpg
278,259,3270.9537114338236,252.99511890922693,3690.345279910536,505.5330983729392,cam_2_1690299581_10-39-41.jpg
279,1,3244.3070373111605,391.8407944170157,3582.0519181036566,627.5789091113838,cam_2_1690299731_10-42-11.jpg
279,99,2618.5069834283313,135.91865284706924,2915.9545035365277,341.00992401691303,cam_2_1690299731_10-42-11.jpg
279,148,3061.9595250525144,424.264829328205,3500.4846336068276,690.8672232664437,cam_2_1690299731_10-42-11.jpg
279,152,2332.3064868667457,250.1365153251745,2640.410224194779,472.1172656677775,cam_2_1690299731_10-42-11.jpg
279,172,2235.7588564254665,451.4008669572288,2742.9147618446364,651.4024950476851,cam_2_1690299731_10-42-11.jpg
279,191,1876.8678600483995,155.95179371333938,2221.2108520248553,463.6139337056138,cam_2_1690299731_10-42-11.jpg
279,226,2480.951770692545,553.431879427552,3030.3293705353753,923.6056410104771,cam_2_1690299731_10-42-11.jpg
279,239,2598.1516263056765,512.8116716325316,3166.8200625818,847.3972379765047,cam_2_1690299731_10-42-11.jpg
279,249,2782.963335052623,465.0648114297185,3320.229692327209,784.4601267695718,cam_2_1690299731_10-42-11.jpg
279,279,1415.6796976529959,185.48267811246453,1630.3200742358824,551.3421640528251,cam_2_1690299731_10-42-11.jpg
280,1,3234.2681092176686,396.14341716914055,3561.6751920735487,621.1953341201415,cam_2_1690299746_10-42-26.jpg
280,99,2618.9135155482027,136.82624441499058,2910.3509376060815,339.42509777393286,cam_2_1690299746_10-42-26.jpg
280,148,3065.8786370215867,427.12995088576645,3500.4481922948744,691.1022789184608,cam_2_1690299746_10-42-26.jpg
280,152,2338.9532503212818,254.1039569119636,2654.413785507245,474.24545514763656,cam_2_1690299746_10-42-26.jpg
280,172,2235.0017995914195,450.17197088416845,2748.1305050257483,651.9570036859076,cam_2_1690299746_10-42-26.jpg
280,191,1937.1607094330288,170.74041688940866,2240.9869637460547,458.6889506186231,cam_2_1690299746_10-42-26.jpg
280,226,2484.847437530666,556.5194251768797,3029.061887691829,923.830279378801,cam_2_1690299746_10-42-26.jpg
280,236,3513.1475587044083,396.9501307583479,4012.907783064665,720.8304453835333,cam_2_1690299746_10-42-26.jpg
280,239,2597.0803724022335,514.540286822141,3167.382187406108,844.792375519212,cam_2_1690299746_10-42-26.jpg
280,249,2782.259195386871,470.65075505048776,3309.959539096167,780.4185644220188,cam_2_1690299746_10-42-26.jpg
281,1,3238.1746305977335,401.47958467164597,3573.7892527209838,626.7252011314,cam_2_1690299776_10-42-56.jpg
281,99,2607.2399518684733,136.63501159824176,2909.6440905038426,346.8927888021359,cam_2_1690299776_10-42-56.jpg
281,148,3064.1324046411096,428.03232491816357,3499.4457974809375,692.3985703723931,cam_2_1690299776_10-42-56.jpg
281,152,2349.076991146727,256.2575746074479,2673.426013694505,476.363422761872,cam_2_1690299776_10-42-56.jpg
281,159,2933.9052874000868,196.68057093911756,3297.5869367647097,351.3870774748503,cam_2_1690299776_10-42-56.jpg
281,172,2227.5455539407776,450.90879110965966,2748.746349685515,655.8516913820185,cam_2_1690299776_10-42-56.jpg
281,226,2484.722708663289,558.9626382711701,3024.7342791868086,923.817977240757,cam_2_1690299776_10-42-56.jpg
281,236,3584.7213766589207,382.2855508074723,4087.005797213125,703.0792148858006,cam_2_1690299776_10-42-56.jpg
281,239,2597.1051858224046,518.9222377584599,3169.02527157853,844.5869800630863,cam_2_1690299776_10-42-56.jpg
281,249,2780.018343570819,476.607082496417,3302.297848769765,778.9581615601157,cam_2_1690299776_10-42-56.jpg
281,280,3151.941646812817,210.43445840510816,3500.264976371582,404.6986210330955,cam_2_1690299776_10-42-56.jpg
282,1,3242.01102514185,397.55707603127377,3588.5844377767826,626.6580377756059,cam_2_1690299911_10-45-11.jpg
282,99,2605.7440090387236,135.45899140799827,2885.8092848735187,330.3277612789652,cam_2_1690299911_10-45-11.jpg
282,148,3056.8915935511613,424.44160252245126,3496.593618227355,691.5563073246731,cam_2_1690299911_10-45-11.jpg
282,152,2360.732244760545,256.5462630801603,2696.009546510577,473.01935052465956,cam_2_1690299911_10-45-11.jpg
282,159,2829.1247318865608,204.98714251810827,3220.025614653189,373.77081109048754,cam_2_1690299911_10-45-11.jpg
282,172,2224.6634391347384,448.5748862856525,2748.5879897021473,655.2495698931651,cam_2_1690299911_10-45-11.jpg
282,226,2490.7765723046414,560.1019354747975,3029.737718625645,925.0907146426227,cam_2_1690299911_10-45-11.jpg
282,236,3575.370572818654,396.83330184809245,4112.230884938648,739.2832998995076,cam_2_1690299911_10-45-11.jpg
282,239,2591.3268294414834,516.0952999907921,3174.3445962520327,844.7612701813819,cam_2_1690299911_10-45-11.jpg
282,249,2771.326625241626,472.00641558716404,3307.1318203745873,779.059020361751,cam_2_1690299911_10-45-11.jpg
282,252,2970.133337486137,431.6018383841092,3379.4634726123745,711.5277348853012,cam_2_1690299911_10-45-11.jpg
282,280,3096.5745000906873,198.7023631228878,3401.695924535818,370.9948253305725,cam_2_1690299911_10-45-11.jpg
283,1,3245.2144444558458,396.3970715304927,3600.238652243507,629.1854321149394,cam_2_1690299941_10-45-41.jpg
283,99,2595.001134699351,136.96085888631416,2879.6077721612533,337.191582369869,cam_2_1690299941_10-45-41.jpg
283,148,3059.119950340088,422.0059068372354,3499.078582239102,690.0997516033508,cam_2_1690299941_10-45-41.jpg
283,152,2352.429304717204,256.192791800381,2694.178707841192,470.2175283260184,cam_2_1690299941_10-45-41.jpg
283,159,2842.1422797932537,213.74846330901292,3223.909505655885,384.91630001820806,cam_2_1690299941_10-45-41.jpg
283,172,2222.7232153041887,447.2026798814078,2748.0549434694985,654.9877119338672,cam_2_1690299941_10-45-41.jpg
283,226,2492.186610367281,559.7156648848771,3029.2886223973956,924.4272319188655,cam_2_1690299941_10-45-41.jpg
283,236,3589.9762774079595,402.54839206653565,4134.615457655582,754.7849760660708,cam_2_1690299941_10-45-41.jpg
283,239,2587.3501482177116,512.2160225681328,3182.470720995899,845.1845503639786,cam_2_1690299941_10-45-41.jpg
283,249,2762.7578117692533,468.5217077755594,3310.7746340856947,779.918522391305,cam_2_1690299941_10-45-41.jpg
283,252,2967.42014354522,429.46482746437783,3385.2139162413246,713.7988263086293,cam_2_1690299941_10-45-41.jpg
283,280,3068.6507632250095,194.7036621954962,3356.9322140207046,359.0687945902015,cam_2_1690299941_10-45-41.jpg
284,1,3239.8314481221782,393.615595030183,3602.0324258200203,628.4190024737284,cam_2_1690299956_10-45-56.jpg
284,99,2593.5360094588573,137.7825599831492,2876.240384527163,338.6660024937072,cam_2_1690299956_10-45-56.jpg
284,148,3056.9280213744973,427.363486576278,3491.9597928820253,691.5588328969948,cam_2_1690299956_10-45-56.jpg
284,152,2341.978504968865,257.99751834346216,2689.1065792937857,471.6671534746928,cam_2_1690299956_10-45-56.jpg
284,172,2225.9777423339756,446.15920345691904,2748.8634936466565,653.283194774167,cam_2_1690299956_10-45-56.jpg
284,226,2490.6055492784276,557.8050886615065,3028.303613509771,923.963104466066,cam_2_1690299956_10-45-56.jpg
284,236,3649.805346386973,408.86539378087593,4162.9946397886615,753.1035611854927,cam_2_1690299956_10-45-56.jpg
284,239,2588.7231317745986,512.0172087058368,3183.9159440162725,842.2652141405817,cam_2_1690299956_10-45-56.jpg
284,249,2761.0345915106154,467.02520289999956,3313.499797917045,778.6267566248712,cam_2_1690299956_10-45-56.jpg
284,280,3049.7571769282745,195.24134581239753,3329.0231307743857,354.83182314752355,cam_2_1690299956_10-45-56.jpg
284,283,3440.2084509102797,229.40777716226447,3594.707298775314,435.37534010416255,cam_2_1690299956_10-45-56.jpg
285,1,3253.0336540295193,394.7144276417397,3613.3399274685453,627.0510505216606,cam_2_1690299986_10-46-26.jpg
285,13,3657.689538959734,377.7651020907359,4015.4676858944167,745.2266377294112,cam_2_1690299986_10-46-26.jpg
285,99,2591.610932993365,136.86690290306575,2874.2352079565335,339.71473552683847,cam_2_1690299986_10-46-26.jpg
285,148,3060.952007479522,431.98317355622237,3487.533642567238,689.7430836089513,cam_2_1690299986_10-46-26.jpg
285,152,2342.894870772043,258.38022635111554,2702.3548608512006,474.7496046315498,cam_2_1690299986_10-46-26.jpg
285,172,2231.3663995513443,447.93945021098085,2751.961635908545,653.7775511329762,cam_2_1690299986_10-46-26.jpg
285,215,2800.927861012738,143.8481428901488,2943.1390381295987,312.72774036077305,cam_2_1690299986_10-46-26.jpg
285,226,2493.7081403405864,559.6345905550104,3026.2509755304477,922.8265395098604,cam_2_1690299986_10-46-26.jpg
285,239,2589.468890292763,515.7301281385727,3182.3197155896974,841.3379918281067,cam_2_1690299986_10-46-26.jpg
285,249,2764.168305174132,470.01104078800506,3311.000759436028,776.212318764758,cam_2_1690299986_10-46-26.jpg
285,283,3432.3029619569475,230.82020379488947,3580.3384539557446,427.53265762226545,cam_2_1690299986_10-46-26.jpg
286,1,3243.153468221975,393.2503108922903,3610.7295678436294,628.273263354869,cam_2_1690300061_10-47-41.jpg
286,99,2588.210749363471,137.32343809277668,2871.874906962734,343.9957090003611,cam_2_1690300061_10-47-41.jpg
286,148,3061.7688576019113,430.42177004542145,3494.491259113769,691.7295243245276,cam_2_1690300061_10-47-41.jpg
286,152,2339.7117290720244,256.326619309064,2715.053600873878,478.280581186707,cam_2_1690300061_10-47-41.jpg
286,172,2231.656719153493,448.15698627418254,2752.0846857373463,653.4384854559584,cam_2_1690300061_10-47-41.jpg
286,215,2801.7858896508037,143.72637119158628,2946.489842946242,321.2696008536881,cam_2_1690300061_10-47-41.jpg
286,226,2493.8670213772216,561.280611683017,3024.9844046427106,923.9099388839161,cam_2_1690300061_10-47-41.jpg
286,239,2585.0894251830714,514.2240101791435,3194.3148201039176,847.9976953500509,cam_2_1690300061_10-47-41.jpg
286,249,2762.6898446970613,469.3055748346692,3319.0704966092285,779.4237969499547,cam_2_1690300061_10-47-41.jpg
286,259,3248.728459638421,250.745944128132,3650.327309822867,489.71765486029824,cam_2_1690300061_10-47-41.jpg
287,1,3244.3140033335176,391.05014765093307,3612.6898339406816,625.124746873254,cam_2_1690300166_10-49-26.jpg
287,99,2624.8234741618244,151.17192341179486,2892.046833967835,345.0978990812515,cam_2_1690300166_10-49-26.jpg
287,148,3066.9511448800613,438.5276499111677,3489.595306800088,692.4171457668613,cam_2_1690300166_10-49-26.jpg
287,152,2339.0669631895225,255.791417083237,2742.9751606239447,492.6743240424245,cam_2_1690300166_10-49-26.jpg
287,172,2231.844229129952,447.65530829064863,2757.011759482265,654.8770918118176,cam_2_1690300166_10-49-26.jpg
287,226,2498.4393096639324,560.7641843336319,3028.257390939768,923.1644330407904,cam_2_1690300166_10-49-26.jpg
287,239,2586.0234003401574,515.3013675337801,3189.851809524213,843.817617696991,cam_2_1690300166_10-49-26.jpg
287,249,2764.913322324303,472.32289743785566,3319.5444752889935,780.1731410676871,cam_2_1690300166_10-49-26.jpg
287,252,2991.189994464648,437.9671803318018,3398.844332396199,713.7417365553279,cam_2_1690300166_10-49-26.jpg
287,262,2585.0284581012584,141.64070238632513,2870.890069555915,267.17807407291957,cam_2_1690300166_10-49-26.jpg
287,283,3421.3900674482966,233.2423501747122,3570.2055540279302,431.10026280086186,cam_2_1690300166_10-49-26.jpg
288,1,3245.999380937071,388.7673184533755,3619.3605655238666,625.9468604274107,cam_2_1690300226_10-50-26.jpg
288,24,2313.0903191111884,253.56239672125548,2816.6527495133446,495.14537970120557,cam_2_1690300226_10-50-26.jpg
288,99,2600.8903936036577,143.28633365735283,2871.6034928842464,342.5778456272981,cam_2_1690300226_10-50-26.jpg
288,148,3071.420852581694,441.79812807783395,3491.2735052908033,693.6021472798799,cam_2_1690300226_10-50-26.jpg
288,172,2235.1905539712034,448.4242032952975,2753.444316111581,651.7018601660263,cam_2_1690300226_10-50-26.jpg
288,215,2801.7922012191357,142.86411902169962,2937.6236932030934,314.9180565735438,cam_2_1690300226_10-50-26.jpg
288,226,2482.0213510068484,556.2282828892198,3019.495286759271,921.5062626066483,cam_2_1690300226_10-50-26.jpg
288,239,2589.8289506205533,517.2558045633562,3187.810857968023,840.5061604205141,cam_2_1690300226_10-50-26.jpg
288,249,2768.8122773588557,476.14239902932434,3316.402732815031,778.1618362335757,cam_2_1690300226_10-50-26.jpg
288,274,2032.617693174711,145.53719034668728,2517.4409994543444,392.40741819476557,cam_2_1690300226_10-50-26.jpg
288,283,3421.1932712402686,234.3240093415431,3570.298604134424,432.8312619288787,cam_2_1690300226_10-50-26.jpg
289,1,3246.0915912704336,387.4728523915463,3619.8328044614536,624.8637140837352,cam_2_1690300301_10-51-41.jpg
289,24,2314.8968181725027,258.1861403138258,2810.913750350381,499.9474791056981,cam_2_1690300301_10-51-41.jpg
289,99,2593.7705647489133,139.8400995780206,2861.859412455827,338.88759346226095,cam_2_1690300301_10-51-41.jpg
289,148,3068.9466461957413,440.0589309573336,3492.5899880866705,693.6036115086224,cam_2_1690300301_10-51-41.jpg
289,172,2239.3816056818737,445.8780289843236,2755.9688927671577,647.6790953085031,cam_2_1690300301_10-51-41.jpg
289,215,2803.6256689060947,141.95812086637864,2936.565840381199,315.8750732036227,cam_2_1690300301_10-51-41.jpg
289,226,2473.467773159005,545.7511584671809,3025.5241809001827,921.1988581663077,cam_2_1690300301_10-51-41.jpg
289,239,2595.444845731997,518.5632685237962,3197.2476590593624,843.3798230269045,cam_2_1690300301_10-51-41.jpg
289,249,2769.9012182770102,475.7300809291536,3318.379889159929,777.6390719820611,cam_2_1690300301_10-51-41.jpg
289,252,2982.9655900983494,441.72950835909523,3395.2322848918293,721.2146965391976,cam_2_1690300301_10-51-41.jpg
289,274,2031.202782572178,144.17468043653486,2505.0033367438555,392.58336470914054,cam_2_1690300301_10-51-41.jpg
289,283,3422.335070905849,232.5617459625006,3571.572783701453,431.8187909086806,cam_2_1690300301_10-51-41.jpg
290,1,3241.772603434568,388.33418227555046,3614.924012740594,623.6561154670862,cam_2_1690300421_10-53-41.jpg
290,24,2320.889311222211,261.51622946865916,2813.7142095007966,504.2045119251908,cam_2_1690300421_10-53-41.jpg
290,99,2591.3506414813723,137.70360453960825,2859.9479256963873,339.7042137276069,cam_2_1690300421_10-53-41.jpg
290,148,3064.450806776309,435.56621682213625,3494.460846893877,692.7488861280221,cam_2_1690300421_10-53-41.jpg
290,172,2242.7829142567266,446.6113899620412,2755.190048798603,645.5883225089772,cam_2_1690300421_10-53-41.jpg
290,215,2801.616987420832,141.7704738836785,2933.1389706746786,317.4822013887485,cam_2_1690300421_10-53-41.jpg
290,226,2471.122883845437,540.9343736061311,3029.3899862787393,921.2576952803078,cam_2_1690300421_10-53-41.jpg
290,239,2592.6706690972187,512.0943531534308,3206.4384015520973,843.3136075345018,cam_2_1690300421_10-53-41.jpg
290,249,2759.6333668407906,468.6166817867779,3322.6734108814217,777.7037130309095,cam_2_1690300421_10-53-41.jpg
290,274,2041.1529226733564,147.50035016993579,2505.7015794734016,397.1002323744358,cam_2_1690300421_10-53-41.jpg
290,283,3417.5645354745575,231.04649604188972,3569.2500396782607,434.12237698357694,cam_2_1690300421_10-53-41.jpg
291,1,3239.678836153473,390.1872167381664,3616.192420420184,626.7057436375956,cam_2_1690300451_10-54-11.jpg
291,24,2333.016183619933,262.29227442922564,2815.997818859453,500.13387102340494,cam_2_1690300451_10-54-11.jpg
291,74,2112.4587716036394,147.60946519626037,2457.563654966436,395.81739277925857,cam_2_1690300451_10-54-11.jpg
291,99,2588.486948707078,137.69976470301583,2855.771697299088,341.38609296108706,cam_2_1690300451_10-54-11.jpg
291,148,3059.7281924857753,433.8291853016789,3494.1281032906795,693.8032636952167,cam_2_1690300451_10-54-11.jpg
291,172,2241.054178520208,445.6934337353814,2749.1736905159737,642.3974854242622,cam_2_1690300451_10-54-11.jpg
291,215,2804.0611955934087,142.0648136240194,2934.327345703508,318.9409361470547,cam_2_1690300451_10-54-11.jpg
291,226,2469.7822925947453,540.2203662510726,3028.1547680328863,920.8072009250826,cam_2_1690300451_10-54-11.jpg
291,239,2593.371400298537,514.7526716319936,3199.4236196889624,840.6008727969099,cam_2_1690300451_10-54-11.jpg
291,249,2755.065800128324,465.5567244275468,3325.1994233718483,777.6585740441236,cam_2_1690300451_10-54-11.jpg
291,283,3418.477577979592,230.781899528722,3570.56945554304,435.27755721894835,cam_2_1690300451_10-54-11.jpg
292,1,3236.781208064973,386.85970356635335,3619.732902531123,627.1903680505036,cam_2_1690300481_10-54-41.jpg
292,24,2320.4434256633867,260.64369103599745,2807.5376420253215,505.0870125004833,cam_2_1690300481_10-54-41.jpg
292,74,2107.394993712413,148.39702764853737,2461.4208530643605,398.8463780154443,cam_2_1690300481_10-54-41.jpg
292,99,2584.4559658896433,137.56942218792,2851.394345437957,343.36606396514685,cam_2_1690300481_10-54-41.jpg
292,148,3065.4759409597536,436.3280935336201,3492.843389365868,691.6453072577254,cam_2_1690300481_10-54-41.jpg
292,163,2811.890211435456,256.35216291077916,3118.4900401695827,417.54886062091754,cam_2_1690300481_10-54-41.jpg
292,172,2235.8964463813195,445.7595747754677,2758.854837448371,648.1572988717994,cam_2_1690300481_10-54-41.jpg
292,215,2819.3799338786816,144.40797105377544,2939.4926229294965,302.35862051130465,cam_2_1690300481_10-54-41.jpg
292,226,2475.0633150266135,545.2879219821114,3027.8354671656834,922.5944278789016,cam_2_1690300481_10-54-41.jpg
292,239,2592.1636641452214,517.5484016063377,3201.1371856801834,844.4454586119984,cam_2_1690300481_10-54-41.jpg
292,249,2761.570370989901,471.8494263388946,3323.8846652717616,778.9457920655784,cam_2_1690300481_10-54-41.jpg
292,283,3415.5415989883227,228.80294536535217,3566.9407139313453,432.7070225432869,cam_2_1690300481_10-54-41.jpg
293,1,3245.121046196171,386.26788244811564,3627.2092109076757,627.2299231420567,cam_2_1690300526_10-55-26.jpg
293,24,2327.262897450598,261.2870013266886,2801.3606140884317,502.70130456326973,cam_2_1690300526_10-55-26.jpg
293,74,2090.7255869749215,145.62496512504433,2458.2022883003874,403.2379014989872,cam_2_1690300526_10-55-26.jpg
293,99,2601.1902003377254,138.48413516878657,2862.3464603556117,339.2056185680826,cam_2_1690300526_10-55-26.jpg
293,148,3064.816746497897,436.623936583701,3493.6261583869614,692.6813783733367,cam_2_1690300526_10-55-26.jpg
293,159,2728.83992122616,268.20219863893544,3111.1579176882724,440.15987581029344,cam_2_1690300526_10-55-26.jpg
293,172,2235.255487991995,445.51583095653274,2766.5894907295947,650.8205227970202,cam_2_1690300526_10-55-26.jpg
293,215,2824.4915298466262,144.33595183829632,2941.6080451400703,297.0829847779356,cam_2_1690300526_10-55-26.jpg
293,226,2482.195810324456,550.5680614700383,3026.327000326167,922.1077977062214,cam_2_1690300526_10-55-26.jpg
293,239,2593.971910006283,521.4309740185645,3194.2276986553343,842.2042103748184,cam_2_1690300526_10-55-26.jpg
293,249,2768.230649497291,477.1070898645269,3319.847878152726,777.4309769440376,cam_2_1690300526_10-55-26.jpg
293,252,2980.4522746644257,446.83119534727865,3384.1953087213374,718.9129251293177,cam_2_1690300526_10-55-26.jpg
293,264,2775.178500168352,145.63786960664066,2940.13457078958,293.0672265334067,cam_2_1690300526_10-55-26.jpg
293,283,3418.344041660888,230.28541001637714,3568.6338707947157,431.1697448610986,cam_2_1690300526_10-55-26.jpg
294,1,3241.006609537073,385.5019743230016,3624.8761060018205,627.5417985942817,cam_2_1690300706_10-58-26.jpg
294,24,2318.5443553034206,259.8848680688574,2796.361577300275,506.15645962164535,cam_2_1690300706_10-58-26.jpg
294,74,2084.3072673384754,146.961203693384,2449.81037218532,399.6531166610794,cam_2_1690300706_10-58-26.jpg
294,99,2605.385635854154,140.5400452926039,2858.9360541372534,334.6138609500234,cam_2_1690300706_10-58-26.jpg
294,148,3064.3614058092203,434.87773988713826,3496.391713715112,692.8382306994404,cam_2_1690300706_10-58-26.jpg
294,159,2745.4277971993984,268.1493689666667,3107.616703988133,432.49720179758424,cam_2_1690300706_10-58-26.jpg
294,172,2230.667924617209,446.39605916899666,2757.63310814691,650.3638832412533,cam_2_1690300706_10-58-26.jpg
294,215,2850.691299031348,151.60446784642045,2969.570171957226,294.8062583674914,cam_2_1690300706_10-58-26.jpg
294,226,2472.98307343284,540.5722358513668,3030.917067898202,922.71245532006,cam_2_1690300706_10-58-26.jpg
294,235,2682.0690639327086,278.8957733893898,3124.2686349718438,446.2609102620213,cam_2_1690300706_10-58-26.jpg
294,239,2601.3231944313065,520.0203486431298,3201.3790028355647,841.3808229314359,cam_2_1690300706_10-58-26.jpg
294,249,2767.880796574862,478.9396848954974,3318.8911049696744,777.3955442822198,cam_2_1690300706_10-58-26.jpg
294,252,2986.7581412533277,447.33433290991536,3386.015470501112,715.5764555718031,cam_2_1690300706_10-58-26.jpg
294,283,3423.5288276898013,231.92301235730667,3572.1323437491824,430.9777097502173,cam_2_1690300706_10-58-26.jpg
295,1,3243.1703775560723,388.81209479971045,3623.9500195100195,628.5653055668126,cam_2_1690300826_11-00-26.jpg
295,24,2316.9831908646497,257.9895140202181,2782.2666238421875,500.78041543796405,cam_2_1690300826_11-00-26.jpg
295,74,2081.234690089077,146.27271379132003,2446.5390079371077,397.1041144873967,cam_2_1690300826_11-00-26.jpg
295,99,2602.5340713357755,139.28707059878894,2865.3922015567414,340.80546622904274,cam_2_1690300826_11-00-26.jpg
295,148,3066.6006213762835,435.0097519607336,3498.686645688757,693.3124309267225,cam_2_1690300826_11-00-26.jpg
295,172,2236.736068926618,446.7422459625605,2759.3993180566476,648.4110595751051,cam_2_1690300826_11-00-26.jpg
295,215,2853.404483962344,158.34887428865568,2994.0558002952057,320.3736740174445,cam_2_1690300826_11-00-26.jpg
295,226,2465.5265233818473,534.68967994273,3030.033500332054,921.374832511984,cam_2_1690300826_11-00-26.jpg
295,239,2601.1757195014247,516.4833649903808,3210.164656082249,843.8132388558756,cam_2_1690300826_11-00-26.jpg
295,249,2760.2176226913875,476.02650261111603,3323.2421896164096,780.1374984966822,cam_2_1690300826_11-00-26.jpg
295,252,2988.725946767989,446.3891174768971,3390.7926146972295,716.4683283615489,cam_2_1690300826_11-00-26.jpg
295,283,3419.6345101370093,230.46626884045378,3569.479833577005,431.5884789007423,cam_2_1690300826_11-00-26.jpg
296,1,3244.8351954190025,390.2833639271072,3623.841701553912,628.8368100708974,cam_2_1690300856_11-00-56.jpg
296,24,2317.714689987696,259.2728928471045,2779.687497618889,502.06304677281696,cam_2_1690300856_11-00-56.jpg
296,74,2080.683006384257,149.0673182147348,2442.0598638629635,395.69503671119844,cam_2_1690300856_11-00-56.jpg
296,99,2603.6177844970725,138.06819819462947,2870.5144979467286,342.7529514540521,cam_2_1690300856_11-00-56.jpg
296,148,3064.250793097612,437.42319218149464,3494.0466885238757,693.828161863489,cam_2_1690300856_11-00-56.jpg
296,172,2234.2679909396534,448.231419792112,2757.4407025123646,649.7405998214055,cam_2_1690300856_11-00-56.jpg
296,215,2854.5666211333255,158.01920270983123,3007.2654999734154,329.2929717955392,cam_2_1690300856_11-00-56.jpg
296,226,2466.630567709429,536.3325852292738,3029.0260887191016,921.5164884797546,cam_2_1690300856_11-00-56.jpg
296,239,2594.2719197664014,514.0604761280965,3203.837101594438,841.35909956703,cam_2_1690300856_11-00-56.jpg
296,249,2753.552357160736,472.9549759328081,3324.5273568729617,780.5175734385418,cam_2_1690300856_11-00-56.jpg
296,283,3411.023359077291,228.82369239318538,3565.2284571351415,435.60887710938994,cam_2_1690300856_11-00-56.jpg
297,1,3243.4172879826524,390.28624211962307,3623.7555648112443,629.5414609331099,cam_2_1690300871_11-01-11.jpg
297,74,2076.4733894413976,149.11549000967375,2451.4861699265384,407.29769189669776,cam_2_1690300871_11-01-11.jpg
297,99,2627.903403070383,142.75474483152271,2892.2371164412725,345.71565768356123,cam_2_1690300871_11-01-11.jpg
297,148,3065.394063801968,436.78762923087334,3496.3378304104617,693.9660356750699,cam_2_1690300871_11-01-11.jpg
297,152,2378.3639107781546,253.8831191495322,2799.7512558796734,503.4225685871654,cam_2_1690300871_11-01-11.jpg
297,172,2240.1914520179002,449.41299671556527,2763.1852128209885,649.7892514342402,cam_2_1690300871_11-01-11.jpg
297,215,2870.562632694567,162.13966435066385,3017.3632211256486,326.9996068097928,cam_2_1690300871_11-01-11.jpg
297,226,2464.5287527006135,533.1385715374131,3030.4208934182857,921.1388371325891,cam_2_1690300871_11-01-11.jpg
297,239,2590.5142096111676,511.69945516463235,3207.0294366096764,843.2540869677675,cam_2_1690300871_11-01-11.jpg
297,249,2769.0122086366005,477.0440806931754,3331.3868632438293,780.8387574839273,cam_2_1690300871_11-01-11.jpg
297,252,2972.422950581623,445.386796800704,3382.786751090607,719.2741785260746,cam_2_1690300871_11-01-11.jpg
297,283,3415.390795451386,228.51205823124099,3569.1191451832265,435.16238756839925,cam_2_1690300871_11-01-11.jpg
298,1,3246.256607960508,393.46280705866366,3623.39963894056,630.6059488593191,cam_2_1690300976_11-02-56.jpg
298,74,2115.947689173726,151.92967078845984,2491.9869366471844,411.36661042462833,cam_2_1690300976_11-02-56.jpg
298,99,2583.2372589638576,138.30977845619975,2861.6848459175517,351.98869655220005,cam_2_1690300976_11-02-56.jpg
298,148,3068.571093802419,438.26818708384474,3494.889100730121,692.7443327044355,cam_2_1690300976_11-02-56.jpg
298,151,2861.684109924718,484.9975846228083,3359.22898798073,779.0692625112806,cam_2_1690300976_11-02-56.jpg
298,172,2236.8548855502863,452.18295529200793,2753.2336624123536,649.6820233088747,cam_2_1690300976_11-02-56.jpg
298,226,2459.2435616209214,530.2082012144882,3030.4029339604162,921.7507407041242,cam_2_1690300976_11-02-56.jpg
298,239,2581.5051567644605,510.39415082142403,3204.1706324722763,844.6496270452471,cam_2_1690300976_11-02-56.jpg
298,252,2967.4311454443878,447.46381201003715,3381.9740184588672,723.7702544678543,cam_2_1690300976_11-02-56.jpg
298,283,3413.402156120221,230.84512130749852,3562.8061179774286,432.2174546637135,cam_2_1690300976_11-02-56.jpg
299,1,3239.716040722361,394.54398369730364,3619.194698771294,632.3543260786462,cam_2_1690301156_11-05-56.jpg
299,99,2626.746814712228,140.32813886659707,2906.853374155381,355.125271459504,cam_2_1690301156_11-05-56.jpg
299,148,3063.2871849934536,433.0197112514039,3495.2481334611234,691.3181663881752,cam_2_1690301156_11-05-56.jpg
299,151,2868.325837824907,479.9851030500454,3360.1658610486593,777.3088654509384,cam_2_1690301156_11-05-56.jpg
299,163,2810.2044630826817,253.93432934399684,3102.7263866729627,405.6724743448683,cam_2_1690301156_11-05-56.jpg
299,172,2229.257863226456,456.3011945812766,2735.598354808244,650.0778805642035,cam_2_1690301156_11-05-56.jpg
299,191,2181.2723717597705,148.3850237528085,2458.5784125393575,415.48265535411804,cam_2_1690301156_11-05-56.jpg
299,226,2455.701084301266,529.1764217755799,3028.8912252074124,921.6454674897266,cam_2_1690301156_11-05-56.jpg
299,239,2582.9512520462886,512.6120882389654,3197.149962110975,841.4733417396433,cam_2_1690301156_11-05-56.jpg
299,252,2957.9026293929696,442.0049908958906,3381.4298283851977,724.5364545603913,cam_2_1690301156_11-05-56.jpg
299,259,3255.715815697901,249.5793068632941,3673.7521847035882,495.08422785371334,cam_2_1690301156_11-05-56.jpg
300,1,3191.7363832027927,350.4526068286437,3716.306795402397,684.8252111877218,cam_2_1690301726_11-15-26.jpg
300,99,2641.214147596458,140.19220445833804,2915.7208299226545,351.26219244338677,cam_2_1690301726_11-15-26.jpg
300,148,3052.0073145577185,419.0824587250533,3499.255662257743,689.2646401246643,cam_2_1690301726_11-15-26.jpg
300,172,2226.0051527713076,450.1727156530819,2735.8401031553913,645.072490474118,cam_2_1690301726_11-15-26.jpg
300,226,2445.577223415791,525.0346446306817,3031.871018329122,923.4900961803926,cam_2_1690301726_11-15-26.jpg
300,239,2608.3523220431075,513.0926832567873,3212.4483425419594,837.0437481495923,cam_2_1690301726_11-15-26.jpg
300,249,2747.010473515027,463.04594382817584,3333.838413083769,779.9481333637927,cam_2_1690301726_11-15-26.jpg
300,252,2935.585393241881,436.5482638275381,3369.227327490227,724.8289582421618,cam_2_1690301726_11-15-26.jpg
300,261,3405.674729142406,223.2002252583377,3667.5820055942745,383.86123054859786,cam_2_1690301726_11-15-26.jpg
300,277,895.9326605634367,349.63614043916095,1355.865824627668,994.1612242347151,cam_2_1690301726_11-15-26.jpg
300,286,2433.7469990893687,416.7653071675034,2815.368415043668,536.8488724249943,cam_2_1690301726_11-15-26.jpg
301,1,3163.3863427268243,332.43599194889964,3740.554672311961,704.2951477032233,cam_2_1690301906_11-18-26.jpg
301,99,2579.1776656088855,160.76569804609457,2862.485585350238,381.39384759648965,cam_2_1690301906_11-18-26.jpg
301,148,3046.2723078211393,413.2417639661643,3496.825524446351,687.4468743245409,cam_2_1690301906_11-18-26.jpg
301,172,2227.276062272598,448.1672405532381,2733.7374718569745,641.4051691256761,cam_2_1690301906_11-18-26.jpg
301,226,2439.606596136551,518.6996222172363,3038.9400966005005,924.1482897552532,cam_2_1690301906_11-18-26.jpg
301,239,2615.749213167242,510.90366347731276,3220.1760160283557,835.5247895378208,cam_2_1690301906_11-18-26.jpg
301,249,2743.9679025206724,462.937522488202,3329.841483035992,779.3342537715914,cam_2_1690301906_11-18-26.jpg
301,252,2946.6443775527887,435.7916598004774,3377.351530420465,723.8817378624144,cam_2_1690301906_11-18-26.jpg
301,261,3343.962969086358,220.52907600025804,3574.9857815652817,362.07355794672765,cam_2_1690301906_11-18-26.jpg
302,1,3143.580427117611,326.758993297073,3743.389197321018,716.3357868344358,cam_2_1690301921_11-18-41.jpg
302,99,2584.4145310128074,171.6811698436017,2879.3426333525313,397.06212535532154,cam_2_1690301921_11-18-41.jpg
302,148,3038.4813380721403,405.89813325804795,3498.203724333277,687.920376105513,cam_2_1690301921_11-18-41.jpg
302,172,2227.0308721742967,447.86053543128656,2736.5013223377528,641.5456253670209,cam_2_1690301921_11-18-41.jpg
302,226,2434.948140672488,518.2497912322699,3038.7149165864444,924.314971996597,cam_2_1690301921_11-18-41.jpg
302,239,2619.057314657138,509.80342243884155,3222.700050034056,834.4438155339674,cam_2_1690301921_11-18-41.jpg
302,249,2741.0153469074953,461.4046437401344,3328.476654924994,778.6673896342793,cam_2_1690301921_11-18-41.jpg
302,252,2947.9888757158405,430.2427635668003,3384.9823237433966,724.9579339988109,cam_2_1690301921_11-18-41.jpg
302,261,3325.119520819461,214.67840807690385,3569.2781029541034,359.821785593438,cam_2_1690301921_11-18-41.jpg
302,287,3103.2259557356674,218.91786530981074,3386.6954235596036,367.90417434339497,cam_2_1690301921_11-18-41.jpg
303,1,3134.878852054875,326.30058954760585,3733.3190328076466,718.8320791816434,cam_2_1690302011_11-20-11.jpg
303,99,2624.240459007974,185.16646004117868,2918.237310010493,408.7637812067321,cam_2_1690302011_11-20-11.jpg
303,148,3046.9985858068662,410.368340684348,3496.4717837246076,688.2886509148772,cam_2_1690302011_11-20-11.jpg
303,172,2221.941579657976,448.5656473734776,2732.6091067360785,642.4951204628504,cam_2_1690302011_11-20-11.jpg
303,226,2434.164308784384,516.5289351299518,3042.778857601535,924.3817300542926,cam_2_1690302011_11-20-11.jpg
303,239,2604.049221482935,503.8574566010111,3220.4185754164037,835.2938637967666,cam_2_1690302011_11-20-11.jpg
303,249,2750.875353845816,464.44548941463927,3331.3800164527283,776.6798683264949,cam_2_1690302011_11-20-11.jpg
303,252,2961.6261794955094,430.5251673863279,3394.5854053362737,725.0469198175322,cam_2_1690302011_11-20-11.jpg
303,261,3337.778584821074,219.78377771437204,3562.1550411128324,361.15739150572836,cam_2_1690302011_11-20-11.jpg
303,287,3143.251577357596,221.67114443556068,3408.001879129669,360.0622911793172,cam_2_1690302011_11-20-11.jpg
303,288,745.3859854440866,181.15232659806586,1161.1864737847786,605.538532760153,cam_2_1690302011_11-20-11.jpg
304,1,3132.8285659972144,322.27225016673674,3736.011304770442,719.8152589488716,cam_2_1690302086_11-21-26.jpg
304,99,2652.5957115037327,191.557134206694,2947.5916047711576,414.1790389005758,cam_2_1690302086_11-21-26.jpg
304,148,3046.8225353647235,408.7268481568498,3495.3534680091875,687.9257249317757,cam_2_1690302086_11-21-26.jpg
304,172,2224.12457353057,447.5060189122231,2739.6856412439442,643.0096499909602,cam_2_1690302086_11-21-26.jpg
304,226,2435.359389027219,514.7886559721444,3047.250655921019,924.3994939599116,cam_2_1690302086_11-21-26.jpg
304,239,2606.8406657174833,504.28034019024744,3217.0772729615146,833.2371963978346,cam_2_1690302086_11-21-26.jpg
304,249,2738.970500725393,461.4250428970371,3328.0575521296773,777.8543712041401,cam_2_1690302086_11-21-26.jpg
304,252,2959.876606329777,431.3132352004253,3392.5278862644145,726.4616505614945,cam_2_1690302086_11-21-26.jpg
304,261,3342.913981905104,220.39528539992313,3551.715738628994,357.025427087435,cam_2_1690302086_11-21-26.jpg
304,287,3133.4655734535622,219.51379608929136,3388.2184104346575,352.886674580387,cam_2_1690302086_11-21-26.jpg
305,1,3134.6811565604066,320.4138794280034,3737.425035111846,719.8431456250596,cam_2_1690302116_11-21-56.jpg
305,148,3046.6590036427488,409.07340002297724,3491.7009870330385,687.3668173495992,cam_2_1690302116_11-21-56.jpg
305,163,2764.6050792924098,207.13964951388868,3139.525958978217,402.5704976334076,cam_2_1690302116_11-21-56.jpg
305,172,2226.6627219098964,448.67049878369033,2745.251410419329,644.4151227959024,cam_2_1690302116_11-21-56.jpg
305,226,2434.1668224756704,514.3090043591071,3047.9342366415276,924.2293639348305,cam_2_1690302116_11-21-56.jpg
305,239,2631.126727354344,507.5901906752757,3227.9363008051023,832.7208413339397,cam_2_1690302116_11-21-56.jpg
305,249,2743.024811195756,464.6195562379007,3326.6563604139037,777.7768787640102,cam_2_1690302116_11-21-56.jpg
305,252,2958.9593705458856,431.83401503876735,3390.3512212772725,727.1603750169415,cam_2_1690302116_11-21-56.jpg
305,261,3347.185555743019,216.62281848017136,3556.044793608739,355.0888501726545,cam_2_1690302116_11-21-56.jpg
305,279,1819.8346288021417,142.58684868009996,2033.733024932891,492.8222328886376,cam_2_1690302116_11-21-56.jpg
305,286,2428.892940047475,415.27468588721143,2816.497562428433,537.6442953395592,cam_2_1690302116_11-21-56.jpg
305,287,3135.703740165348,220.96961010443096,3383.7218420744207,351.06770425332166,cam_2_1690302116_11-21-56.jpg
306,148,3062.4949404424533,414.2897220483651,3493.7555524062846,684.7317987104209,cam_2_1690302161_11-22-41.jpg
306,151,3133.246128449635,409.0121774738311,3524.5593683410025,649.582472531014,cam_2_1690302161_11-22-41.jpg
306,163,2790.9096290676503,198.79747670982323,3156.8555029434947,392.5018570030125,cam_2_1690302161_11-22-41.jpg
306,172,2230.5461289093632,448.49836201999943,2755.035280063925,645.6090345081434,cam_2_1690302161_11-22-41.jpg
306,226,2435.228085138775,513.4056193802907,3050.0433086690277,923.9087837786371,cam_2_1690302161_11-22-41.jpg
306,239,2645.907292336725,514.0081925621994,3229.6907451099833,834.0106389646654,cam_2_1690302161_11-22-41.jpg
306,249,2755.2433296583986,467.72718848828663,3331.435814530119,776.4786645823021,cam_2_1690302161_11-22-41.jpg
306,252,2972.5873400496375,436.15426094582176,3388.8464585745833,721.2251784593172,cam_2_1690302161_11-22-41.jpg
306,259,3256.4789987490853,383.7577638052293,3643.275749745868,616.861256391989,cam_2_1690302161_11-22-41.jpg
306,261,3331.807920353341,214.4163420459764,3603.5968476053295,399.97032588996206,cam_2_1690302161_11-22-41.jpg
306,279,1818.152009444816,140.9767055796612,2040.320048979394,494.5009966922399,cam_2_1690302161_11-22-41.jpg
306,283,3338.075148014398,217.02091048639338,3498.2126395555597,425.0847442165349,cam_2_1690302161_11-22-41.jpg
306,286,2411.9719538078966,416.2395290347319,2831.558921347137,550.2817769524266,cam_2_1690302161_11-22-41.jpg
306,287,3104.702742742324,217.83058676228976,3447.0371014037223,400.4087328545892,cam_2_1690302161_11-22-41.jpg
307,148,3065.4553392953203,412.83645605115566,3497.107109464106,684.4240972451637,cam_2_1690302176_11-22-56.jpg
307,151,3148.4719470937403,404.5641767279177,3531.2578155888978,641.5537231891418,cam_2_1690302176_11-22-56.jpg
307,163,2810.7994958892514,193.71284259590882,3151.277408806042,374.51350939117253,cam_2_1690302176_11-22-56.jpg
307,172,2237.4716103030746,447.8521267728194,2756.8753190119887,641.5320823758094,cam_2_1690302176_11-22-56.jpg
307,226,2429.502616003792,519.6127926909408,3040.078012267169,924.8663143268614,cam_2_1690302176_11-22-56.jpg
307,239,2657.4385260916774,515.6789117399317,3228.640198830055,831.4338349741868,cam_2_1690302176_11-22-56.jpg
307,249,2763.6644522946162,472.2644785887344,3331.1599757668096,777.3017504988097,cam_2_1690302176_11-22-56.jpg
307,252,2969.952376446839,437.6010123857057,3386.9980293447848,722.5295961643105,cam_2_1690302176_11-22-56.jpg
307,259,3259.143205580983,390.7808090874003,3639.6236179828425,623.7785849842963,cam_2_1690302176_11-22-56.jpg
307,279,1842.687709059228,142.10193420718744,2057.8776320121297,491.00779877739785,cam_2_1690302176_11-22-56.jpg
307,283,3364.9791565087917,215.7196057800368,3526.1673820372944,421.7251274375358,cam_2_1690302176_11-22-56.jpg
307,286,2414.6456647445398,413.8824759692599,2839.090308002719,550.9009263196644,cam_2_1690302176_11-22-56.jpg
307,287,3107.156481288851,217.3159394325781,3473.435324434849,415.3601460629395,cam_2_1690302176_11-22-56.jpg
308,148,3068.2867308452765,412.46584162099293,3499.53181098389,685.8534902628094,cam_2_1690302221_11-23-41.jpg
308,151,3164.217402506891,405.265424008199,3537.245864917108,638.807860333361,cam_2_1690302221_11-23-41.jpg
308,163,2819.897005948921,187.7984242747582,3154.614294741138,367.8277210102452,cam_2_1690302221_11-23-41.jpg
308,172,2235.484351331657,448.87215048233196,2754.9544956559043,641.6251821912679,cam_2_1690302221_11-23-41.jpg
308,226,2425.3001826399886,518.9701256067767,3040.3334201838784,925.4775433505652,cam_2_1690302221_11-23-41.jpg
308,239,2650.5269817281087,510.9870057680687,3225.055110963318,830.866487831122,cam_2_1690302221_11-23-41.jpg
308,249,2763.5774825099656,472.616443282953,3329.902179997646,777.4660620233219,cam_2_1690302221_11-23-41.jpg
308,252,2973.096373145946,437.6253812323296,3385.2670980188414,719.1707462802549,cam_2_1690302221_11-23-41.jpg
308,259,3274.605154099615,397.34260876449355,3645.2017565920105,628.0168992348184,cam_2_1690302221_11-23-41.jpg
308,261,3336.1604805994125,214.36922563853196,3624.777303056517,415.92119563942254,cam_2_1690302221_11-23-41.jpg
308,279,1851.477249340024,141.4565299982975,2061.4582700092596,485.68183432204137,cam_2_1690302221_11-23-41.jpg
308,286,2490.546991835203,405.8635524200556,2909.954075196767,542.4744674409303,cam_2_1690302221_11-23-41.jpg
308,287,3106.9824981666034,219.24308375040934,3485.2528251250965,425.82506131014134,cam_2_1690302221_11-23-41.jpg
309,148,3061.6014734220976,413.39836511513664,3492.379970993286,687.7320343845288,cam_2_1690302281_11-24-41.jpg
309,151,3158.0041746737525,405.5723200212609,3533.025514688866,639.7475788904635,cam_2_1690302281_11-24-41.jpg
309,152,2554.22683603751,259.45461606236944,2912.0287825466344,466.72534240965877,cam_2_1690302281_11-24-41.jpg
309,163,2811.3121294625057,186.8094336836336,3137.244910430714,360.9022458758607,cam_2_1690302281_11-24-41.jpg
309,172,2227.9420196393194,453.20321599750866,2742.945703941214,643.9068472925877,cam_2_1690302281_11-24-41.jpg
309,226,2429.385830737223,518.9994877411119,3045.045331550607,925.4642926023124,cam_2_1690302281_11-24-41.jpg
309,239,2632.5211068702947,508.0505041971229,3216.118336721976,832.578243943389,cam_2_1690302281_11-24-41.jpg
309,249,2754.715058677818,467.9228668686977,3329.75461711471,778.1608662628498,cam_2_1690302281_11-24-41.jpg
309,252,2973.700537600157,437.50009520979563,3386.2472165180416,719.3486610171668,cam_2_1690302281_11-24-41.jpg
309,259,3283.281574288004,400.68044772401856,3645.7228106014336,628.6603110469895,cam_2_1690302281_11-24-41.jpg
309,261,3333.4440816585575,209.73508313683254,3602.55837586861,403.48417486352196,cam_2_1690302281_11-24-41.jpg
309,286,2459.8751204248324,412.1256712915395,2845.0650601319226,537.8685781678823,cam_2_1690302281_11-24-41.jpg
309,287,3123.580358135886,220.17972257066734,3510.3186427929413,433.86525333905524,cam_2_1690302281_11-24-41.jpg
310,148,3073.3563541613667,418.01762518260546,3492.1009009282843,685.777255193773,cam_2_1690302311_11-25-11.jpg
310,151,3163.7191984794244,408.551623107657,3532.3071212508735,638.8205693454872,cam_2_1690302311_11-25-11.jpg
310,152,2568.336141522932,260.0411508727866,2940.4478548680013,468.32866785811336,cam_2_1690302311_11-25-11.jpg
310,163,2796.6368060662276,186.17447803500576,3122.087108527217,363.29733074127114,cam_2_1690302311_11-25-11.jpg
310,172,2229.9597811021804,454.7747964799943,2743.4181740770396,643.9507316798948,cam_2_1690302311_11-25-11.jpg
310,226,2428.1839924942046,518.1670070391142,3045.958472417899,925.2295716610174,cam_2_1690302311_11-25-11.jpg
310,239,2627.299978384083,508.5315570009672,3211.585057094824,832.9304565092739,cam_2_1690302311_11-25-11.jpg
310,249,2822.430404122652,483.2591915113868,3355.783380672081,776.5274877550388,cam_2_1690302311_11-25-11.jpg
310,252,2973.028557838418,442.64369476613246,3379.283797230677,718.8796560034159,cam_2_1690302311_11-25-11.jpg
310,259,3286.0612044253503,400.207067087843,3645.3165327385514,628.5389477363592,cam_2_1690302311_11-25-11.jpg
310,283,3379.595901726407,212.204071484159,3534.888734296465,404.92963564869933,cam_2_1690302311_11-25-11.jpg
310,286,2448.105700590933,415.6514202416655,2828.595124917569,539.6462030970479,cam_2_1690302311_11-25-11.jpg
310,287,3114.3819553045246,219.2723164711384,3494.7878097072544,431.73104291876655,cam_2_1690302311_11-25-11.jpg
311,152,2497.555556657992,242.65762663238678,2878.2500338261884,464.3712360261596,cam_2_1690303001_11-36-41.jpg
311,172,2221.1506898442267,451.07630053643595,2755.7285896110943,646.9723214192046,cam_2_1690303001_11-36-41.jpg
311,226,2435.8382593539113,518.8458265800467,3048.7531069050106,922.1507612787818,cam_2_1690303001_11-36-41.jpg
311,239,2639.5183164969776,509.2798109713917,3221.4406245548626,833.9762182495951,cam_2_1690303001_11-36-41.jpg
311,249,2791.088904378238,410.1121575246986,3554.9878365799914,845.6925220122239,cam_2_1690303001_11-36-41.jpg
311,259,3276.3516200298077,398.25016489559437,3642.4318062940447,632.6083488454359,cam_2_1690303001_11-36-41.jpg
311,283,3327.7677307970475,205.4354866973207,3513.6499224087456,403.66248490125724,cam_2_1690303001_11-36-41.jpg
311,286,2433.4653410473197,418.32698517112954,2828.735795638509,547.3865800191309,cam_2_1690303001_11-36-41.jpg
311,287,3077.825093265964,213.17854979593608,3446.375307650655,418.8658984546232,cam_2_1690303001_11-36-41.jpg
312,152,2501.4388222074226,203.8648317936512,2850.5453218250145,420.82893194177507,cam_2_1690303211_11-40-11.jpg
312,191,2609.9236385370746,138.7947723512376,2841.793385727088,362.3828065601125,cam_2_1690303211_11-40-11.jpg
312,226,2435.2917458953466,519.4337821401159,3045.8739295873875,920.7818106121605,cam_2_1690303211_11-40-11.jpg
312,239,2622.4553366678915,502.76265414271654,3220.100369090466,838.0024240817714,cam_2_1690303211_11-40-11.jpg
312,249,2787.00213723246,386.63709975458414,3617.4710063634298,876.3231374272139,cam_2_1690303211_11-40-11.jpg
312,259,3262.978514194719,399.39581064444906,3627.452136186832,631.1252061151529,cam_2_1690303211_11-40-11.jpg
312,277,1141.0235776892634,184.65832623454037,1434.2167324832883,607.6257597295464,cam_2_1690303211_11-40-11.jpg
312,283,3302.975429904277,203.6550484584355,3520.1453792920593,409.6561002067612,cam_2_1690303211_11-40-11.jpg
312,286,2377.218781526073,419.98590808698225,2828.8315912431613,569.0402403925698,cam_2_1690303211_11-40-11.jpg
312,287,3054.709239070599,209.25387016352613,3400.3142385380206,404.7978943066282,cam_2_1690303211_11-40-11.jpg
313,191,2595.062379408838,153.078401048314,2839.8909697393533,385.90114316319443,cam_2_1690303226_11-40-26.jpg
313,226,2430.5243405631945,522.0172809153862,3039.9890844127303,921.4366785809148,cam_2_1690303226_11-40-26.jpg
313,239,2598.158080716849,501.76976090476563,3204.1556097347725,840.9224872115178,cam_2_1690303226_11-40-26.jpg
313,249,2782.2934025577256,373.47923553776303,3633.540276884325,889.9639967388239,cam_2_1690303226_11-40-26.jpg
313,259,3260.863996833889,401.2627004659168,3621.532854556766,629.2231672220372,cam_2_1690303226_11-40-26.jpg
313,277,1154.1003520396168,178.4892238782174,1430.6237774473225,584.2059852520854,cam_2_1690303226_11-40-26.jpg
313,283,3294.149817760493,202.84846849932075,3537.803612562082,413.7665160379438,cam_2_1690303226_11-40-26.jpg
313,286,2364.746998296545,419.38129300321134,2828.186006930535,573.1506719958003,cam_2_1690303226_11-40-26.jpg
313,287,3052.899630290552,207.32622636819912,3386.404732373247,397.28335125737084,cam_2_1690303226_11-40-26.jpg
314,191,2622.1323061865064,148.29227806776078,2874.3539560776217,376.0344966211171,cam_2_1690303256_11-40-56.jpg
314,226,2426.7320425608173,526.9906034425559,3032.7272474838155,921.0926840164889,cam_2_1690303256_11-40-56.jpg
314,239,2606.5747267680254,504.35208254522615,3208.4308638557472,841.7527936661494,cam_2_1690303256_11-40-56.jpg
314,249,2755.1391638154337,366.922445999474,3598.2437768285467,891.8495273297204,cam_2_1690303256_11-40-56.jpg
314,259,3258.300759184003,401.01470082587343,3623.327876479904,630.6341761497883,cam_2_1690303256_11-40-56.jpg
314,277,1154.1842295887325,176.8461898342316,1428.7250550929966,579.8446140977017,cam_2_1690303256_11-40-56.jpg
314,283,3288.278594077278,203.1191929302147,3554.376205279816,417.3492520734617,cam_2_1690303256_11-40-56.jpg
314,286,2365.2165047835097,424.81558352698306,2830.2497898258234,579.5066740960856,cam_2_1690303256_11-40-56.jpg
314,287,3056.9804620775976,209.10709468294942,3385.9384698905515,398.18037357680566,cam_2_1690303256_11-40-56.jpg
315,99,2562.6672233278223,234.42460486146294,2877.514097872534,472.63552236457156,cam_2_1690303346_11-42-26.jpg
315,226,2429.5796363861364,520.7430423699102,3046.159986322908,921.8313778055438,cam_2_1690303346_11-42-26.jpg
315,239,2619.4216804020816,503.14267237566185,3222.1943753474407,843.2291155030597,cam_2_1690303346_11-42-26.jpg
315,249,2781.3240293529784,367.202701379188,3608.1723492553006,893.695077926089,cam_2_1690303346_11-42-26.jpg
315,259,3255.359821978814,390.9665748835678,3632.8756283772295,629.8872630138595,cam_2_1690303346_11-42-26.jpg
315,277,1155.0099291131778,175.9059374693935,1427.697503805609,578.2311635513098,cam_2_1690303346_11-42-26.jpg
315,283,3280.153977237567,204.83391302545067,3551.4663130913577,411.5378436498987,cam_2_1690303346_11-42-26.jpg
315,286,2353.1325429508324,419.9607160425981,2842.4906349088724,584.3070350315444,cam_2_1690303346_11-42-26.jpg
315,287,3069.7400335994785,206.56761202187363,3377.914499410381,385.39087839078786,cam_2_1690303346_11-42-26.jpg
316,99,2569.1553830019575,235.6679897776544,2892.839208081374,475.2690709647733,cam_2_1690303361_11-42-41.jpg
316,159,2809.0252095886667,198.66761995364192,3165.1007342942085,361.0747699124082,cam_2_1690303361_11-42-41.jpg
316,226,2430.9366614027335,518.59223979535,3050.866466662377,921.7418503939521,cam_2_1690303361_11-42-41.jpg
316,239,2623.080426222283,502.1112082768377,3225.940600603158,844.3449508856138,cam_2_1690303361_11-42-41.jpg
316,249,2783.268292368348,369.5548646664068,3596.9685014331153,895.2199762770449,cam_2_1690303361_11-42-41.jpg
316,259,3262.839943941551,392.86967877117047,3635.2791993823057,630.0313633211501,cam_2_1690303361_11-42-41.jpg
316,277,1156.3378155909977,174.89109732130976,1428.1807160873527,576.9834791521555,cam_2_1690303361_11-42-41.jpg
316,283,3277.26499488462,201.1935912673646,3556.779482571933,405.6654739499012,cam_2_1690303361_11-42-41.jpg
316,286,2347.632441498273,422.31621171825685,2841.8302193639724,589.8569424433242,cam_2_1690303361_11-42-41.jpg
317,99,2552.9997462039646,235.65444380337343,2882.3984128319044,472.4822471576365,cam_2_1690303496_11-44-56.jpg
317,226,2418.9218070039005,506.27905364545165,3057.498136885086,922.7374285264625,cam_2_1690303496_11-44-56.jpg
317,239,2609.243676777456,420.5201884922716,3378.2733698026377,868.8861724273684,cam_2_1690303496_11-44-56.jpg
317,249,2860.204021154499,376.03837388826906,3633.0391334079254,894.2950444956859,cam_2_1690303496_11-44-56.jpg
317,259,3264.0366657685336,396.554371186557,3629.896549353742,629.1015246967833,cam_2_1690303496_11-44-56.jpg
317,261,3285.726658592224,238.1237610222955,3599.197718626839,463.9420597509037,cam_2_1690303496_11-44-56.jpg
317,277,1153.141547703668,175.42072285630152,1427.4438335153127,580.3925619277862,cam_2_1690303496_11-44-56.jpg
317,286,2329.222506022983,421.9600069032484,2816.126722163055,590.1330185400877,cam_2_1690303496_11-44-56.jpg
317,297,3155.72176662902,189.52714025204207,3435.470688390925,376.61705525458035,cam_2_1690303496_11-44-56.jpg
318,99,2549.491053471546,232.51655083744384,2883.537028438749,474.07918974818847,cam_2_1690303511_11-45-11.jpg
318,226,2419.500108243063,505.2671702120947,3058.891497772313,923.3758214638756,cam_2_1690303511_11-45-11.jpg
318,239,2623.6976525090613,395.0454285289127,3426.448659670676,876.7506014425319,cam_2_1690303511_11-45-11.jpg
318,249,2898.1311381402543,377.7734597856766,3639.897811372196,892.9146455952018,cam_2_1690303511_11-45-11.jpg
318,259,3279.650269843963,399.9988189521876,3637.593714761723,628.3898239659711,cam_2_1690303511_11-45-11.jpg
318,261,3284.98153773801,238.56440349933544,3583.362730607177,453.06365396864624,cam_2_1690303511_11-45-11.jpg
318,277,1151.8401842289802,175.3886346588019,1427.6031070150848,581.397008482742,cam_2_1690303511_11-45-11.jpg
318,286,2326.2621066731863,419.7628266823438,2806.76429729675,588.1242664223516,cam_2_1690303511_11-45-11.jpg
318,297,3156.1696250360824,180.4603228311601,3429.35089239757,363.2182582829923,cam_2_1690303511_11-45-11.jpg
319,152,2527.756202684863,229.9250650502759,2921.0947602973433,471.5294858343017,cam_2_1690303571_11-46-11.jpg
319,226,2429.936051906866,517.6125469389063,3050.5436414740802,922.8623195901653,cam_2_1690303571_11-46-11.jpg
319,239,2635.2794032751217,375.8436130437241,3451.0199163201555,878.6024148845371,cam_2_1690303571_11-46-11.jpg
319,249,2921.328986985424,379.9462549032699,3636.7870728316025,894.0565854475035,cam_2_1690303571_11-46-11.jpg
319,259,3244.220080771376,390.1961229356142,3639.448452038315,643.2459004281852,cam_2_1690303571_11-46-11.jpg
319,261,3319.873807937992,246.76231658483786,3668.628345090634,502.339762916346,cam_2_1690303571_11-46-11.jpg
319,277,1150.2118173488502,174.20833904552003,1425.076204280147,577.2457499553535,cam_2_1690303571_11-46-11.jpg
319,286,2331.658363446026,420.8174061547427,2808.7063643027864,590.712302598049,cam_2_1690303571_11-46-11.jpg
319,287,3119.4118138485815,225.8237035523038,3417.7228111324503,397.3047550350332,cam_2_1690303571_11-46-11.jpg
320,226,2415.7237937685413,532.9212774751359,3023.776667385352,924.4908288041345,cam_2_1690303616_11-46-56.jpg
320,239,2643.6592580229367,374.18173006252573,3442.205739279557,877.6341497239493,cam_2_1690303616_11-46-56.jpg
320,249,2932.6408761603616,381.4160156830101,3613.638822625321,886.1039463579693,cam_2_1690303616_11-46-56.jpg
320,259,3274.001686316328,399.2434133191235,3638.9313195230557,631.8058947765627,cam_2_1690303616_11-46-56.jpg
320,261,3345.461070076973,252.99691424251546,3701.562939944176,515.3802545654736,cam_2_1690303616_11-46-56.jpg
320,277,1155.8584870764607,173.6666547467187,1437.1685385566236,592.3726625346092,cam_2_1690303616_11-46-56.jpg
320,286,2328.599656469439,419.41454571108096,2808.4998355269386,593.5757736320902,cam_2_1690303616_11-46-56.jpg
320,287,3139.012085958763,225.46776696221394,3450.964519473916,406.55478966626066,cam_2_1690303616_11-46-56.jpg
321,24,2393.7891667455383,417.7111492094338,2733.1109131075937,588.7577831938995,cam_2_1690303751_11-49-11.jpg
321,226,2412.935622128226,531.2830823510883,3026.214055307132,923.282435808738,cam_2_1690303751_11-49-11.jpg
321,239,2645.780198584467,379.2847709403373,3421.310046532102,874.9677638754231,cam_2_1690303751_11-49-11.jpg
321,259,3260.67448586215,393.5662727553763,3627.9760225761343,626.3033263346623,cam_2_1690303751_11-49-11.jpg
321,277,1129.042361440445,180.04170506702752,1407.8856371564202,605.4015515271858,cam_2_1690303751_11-49-11.jpg
321,283,3231.27107962472,197.12520653824882,3513.900696012374,398.8334014018917,cam_2_1690303751_11-49-11.jpg
321,287,3058.170233676734,219.3457063662056,3403.6051867582773,417.12064557009523,cam_2_1690303751_11-49-11.jpg
322,1,3528.1931239381815,394.736121906498,4081.7362319858958,751.9857687035508,cam_2_1690303811_11-50-11.jpg
322,24,2393.992559844512,421.3299667700428,2741.4346555281986,591.7452939709626,cam_2_1690303811_11-50-11.jpg
322,226,2409.688009485431,531.2930397583114,3027.2780049616595,923.3500164866725,cam_2_1690303811_11-50-11.jpg
322,239,2654.931635002892,381.2373900457221,3408.0251497168615,870.0297289526802,cam_2_1690303811_11-50-11.jpg
322,259,3239.1603282577685,391.8150345405531,3618.773445157376,630.6151969625937,cam_2_1690303811_11-50-11.jpg
322,277,1117.2554574431172,184.1286016880223,1390.980123406314,610.0972880165272,cam_2_1690303811_11-50-11.jpg
322,283,3212.349829610619,193.46234384639504,3500.0010240125557,393.3380774191544,cam_2_1690303811_11-50-11.jpg
322,287,3015.105461885935,214.95331137675038,3375.2576621568724,419.3454046843003,cam_2_1690303811_11-50-11.jpg
323,1,3580.0822355731325,402.06270008729155,4109.219273373441,741.1275455332614,cam_2_1690303976_11-52-56.jpg
323,24,2380.7791195950654,421.5147936154681,2740.390783705798,598.9343319245604,cam_2_1690303976_11-52-56.jpg
323,148,3233.1660133132036,313.33260611847925,3717.6810617752726,619.3257270144504,cam_2_1690303976_11-52-56.jpg
323,226,2409.2719809953355,532.831357073544,3027.5474780662726,922.1359257355396,cam_2_1690303976_11-52-56.jpg
323,235,2961.9944920298162,209.99723134263883,3391.9777278323168,377.2678554296088,cam_2_1690303976_11-52-56.jpg
323,239,2639.728882868483,381.39206005774713,3390.7483326079996,870.2818369286324,cam_2_1690303976_11-52-56.jpg
323,277,1138.332698528292,184.44720976058622,1401.68772389615,599.8797829516699,cam_2_1690303976_11-52-56.jpg
323,283,3250.800496892984,195.57020766144427,3497.1665068014927,356.0237980755799,cam_2_1690303976_11-52-56.jpg
324,1,3695.2312076195826,381.1254664315865,4173.762952972944,700.126413242142,cam_2_1690304036_11-53-56.jpg
324,148,3301.8266325626405,319.04999695621257,3783.0325087007645,612.4308090920927,cam_2_1690304036_11-53-56.jpg
324,226,2421.780140011245,533.4649878728303,3042.5662229657723,923.0534997427939,cam_2_1690304036_11-53-56.jpg
324,235,2951.560612013251,211.9099546036337,3372.724980396157,377.76041464401027,cam_2_1690304036_11-53-56.jpg
324,252,2785.230659376612,472.51771474917126,3242.360948580185,789.7424046141984,cam_2_1690304036_11-53-56.jpg
324,277,1139.6865605070848,184.84072953683165,1404.084405726891,607.7451214837083,cam_2_1690304036_11-53-56.jpg
324,283,3244.615691177806,199.56839875698327,3495.062866050755,359.06754300092075,cam_2_1690304036_11-53-56.jpg
324,286,2362.4452192917943,420.7565679580521,2827.2024035629925,590.1191306984551,cam_2_1690304036_11-53-56.jpg
325,148,3368.8572117435606,307.00892953269306,3897.9132315665197,638.3632213618888,cam_2_1690304156_11-55-56.jpg
325,151,3146.779422149407,420.81085791701935,3513.5284789675943,646.3252600840804,cam_2_1690304156_11-55-56.jpg
325,226,2426.021531141585,533.6311304076604,3043.5284250819923,920.1025939281054,cam_2_1690304156_11-55-56.jpg
325,235,2955.891052289259,214.15758939499432,3387.3652385576484,388.3826812357651,cam_2_1690304156_11-55-56.jpg
325,252,2793.166081481722,464.11876771808545,3269.787882018303,794.5506145742788,cam_2_1690304156_11-55-56.jpg
325,259,3269.3115496247783,399.99952535235116,3630.6310257748933,629.4788801697439,cam_2_1690304156_11-55-56.jpg
325,277,1139.4946292989744,189.48255489627184,1399.3848383502343,609.2835898872389,cam_2_1690304156_11-55-56.jpg
325,286,2362.452194508287,418.89493460673333,2831.1746336783567,590.5186996003296,cam_2_1690304156_11-55-56.jpg
325,297,3197.5811120600483,185.2071130105592,3390.537694530833,312.8152148762107,cam_2_1690304156_11-55-56.jpg
326,151,3147.616282510452,415.7227875989841,3518.266032807249,643.9753167970229,cam_2_1690304201_11-56-41.jpg
326,159,2941.982154471164,203.23592410995855,3295.3444834692136,362.7387084324488,cam_2_1690304201_11-56-41.jpg
326,215,3200.509366513283,204.94890092263643,3394.425548704704,401.80429650951385,cam_2_1690304201_11-56-41.jpg
326,226,2424.353097332842,541.7171128249314,3033.299983314397,919.7926424934303,cam_2_1690304201_11-56-41.jpg
326,252,2791.260719738628,464.92727879296024,3272.2706201233705,794.7243805364293,cam_2_1690304201_11-56-41.jpg
326,259,3273.593456146838,398.2407783784665,3632.4691707206875,627.4791027811227,cam_2_1690304201_11-56-41.jpg
326,277,1142.073057464605,188.81323357145465,1399.3853318249812,609.75670833444,cam_2_1690304201_11-56-41.jpg
326,286,2358.3727152540278,419.3534874318142,2831.8592761166583,593.31384748316,cam_2_1690304201_11-56-41.jpg
326,301,2892.61955788954,450.30112670408863,3440.073679847403,735.2967155974916,cam_2_1690304201_11-56-41.jpg
326,304,2963.1541913428555,423.33329917346583,3579.062875288673,690.7498110761035,cam_2_1690304201_11-56-41.jpg
327,74,2427.607156414771,136.62998478255048,2747.7172482669234,369.74356425336634,cam_2_1690304366_11-59-26.jpg
327,151,3143.9772292441944,413.1586143685815,3522.3257895738725,646.193816169983,cam_2_1690304366_11-59-26.jpg
327,215,3164.611653271655,190.78897603769076,3378.1951300482224,378.2765450060775,cam_2_1690304366_11-59-26.jpg
327,226,2422.4361184564964,547.7365902801434,3028.812286493844,920.8880249119725,cam_2_1690304366_11-59-26.jpg
327,252,2790.2205344150584,463.95747542305537,3277.462592365534,796.784136859873,cam_2_1690304366_11-59-26.jpg
327,259,3277.586876391439,394.96533693209176,3641.359499251536,630.0401977836534,cam_2_1690304366_11-59-26.jpg
327,279,1880.0506733914503,157.96920614139572,2057.2263954032055,454.3611135700572,cam_2_1690304366_11-59-26.jpg
327,286,2365.994157353966,429.5880024903962,2810.4335952565857,592.2423847765328,cam_2_1690304366_11-59-26.jpg
327,301,2892.117808882382,453.11234035281456,3443.6657577799547,742.4454390828607,cam_2_1690304366_11-59-26.jpg
327,304,2968.604166065935,427.32644766310506,3576.0214232861185,693.8395702303944,cam_2_1690304366_11-59-26.jpg
328,74,2439.1402974027587,136.7469667325328,2742.421212642291,364.4837313081224,cam_2_1690304501_12-01-41.jpg
328,151,3149.1805629171927,414.47147866218273,3522.0706872948317,644.2814063186736,cam_2_1690304501_12-01-41.jpg
328,191,2751.709590025439,135.63304103669088,2965.727985713946,328.16867014474866,cam_2_1690304501_12-01-41.jpg
328,226,2426.721484639431,547.7034047872719,3033.602662607648,918.7698228622161,cam_2_1690304501_12-01-41.jpg
328,252,2787.5715149080484,459.74603506086976,3282.32650777608,797.1528383454814,cam_2_1690304501_12-01-41.jpg
328,259,3271.7183020651105,393.31821689823676,3640.0459272638072,633.4780201737711,cam_2_1690304501_12-01-41.jpg
328,261,3429.5532579720584,266.9732411291645,3775.6040108903976,529.4035603454818,cam_2_1690304501_12-01-41.jpg
328,286,2371.4941434405787,432.1448989690051,2800.45012781896,588.2426831738301,cam_2_1690304501_12-01-41.jpg
328,301,2896.866255019287,459.1788827422308,3436.223731252332,744.4374004881458,cam_2_1690304501_12-01-41.jpg
328,304,2975.1747572899535,430.3031240742934,3574.663659666894,696.7767287408619,cam_2_1690304501_12-01-41.jpg
329,74,2436.9891546782083,135.4260204151093,2739.6730891898633,367.03095290055523,cam_2_1690304651_12-04-11.jpg
329,151,3148.8547667918465,416.27256890919836,3518.625902095914,643.7865710731819,cam_2_1690304651_12-04-11.jpg
329,226,2416.572765255201,548.3850615586639,3032.1127674938766,921.7088478695309,cam_2_1690304651_12-04-11.jpg
329,252,2794.4224636213503,466.1057049902281,3279.8624862216516,795.3422893238733,cam_2_1690304651_12-04-11.jpg
329,259,3271.5437878734697,395.732132134724,3636.826010385007,635.5153762123277,cam_2_1690304651_12-04-11.jpg
329,261,3432.404718887702,262.5503893088964,3762.3059938131382,521.8123948552679,cam_2_1690304651_12-04-11.jpg
329,277,1159.7068023956442,173.6804579754922,1404.4125242621208,567.8032554662265,cam_2_1690304651_12-04-11.jpg
329,286,2370.257046857337,434.35985833061704,2805.450094384754,592.2436066321745,cam_2_1690304651_12-04-11.jpg
329,288,2187.1656007993365,147.8958915076079,2449.1231716960656,411.81230007334455,cam_2_1690304651_12-04-11.jpg
329,301,2904.6708839153757,464.26047234866815,3426.4608192958435,742.5934315614529,cam_2_1690304651_12-04-11.jpg
329,304,2983.649585454904,433.90287084874853,3565.976499122834,696.3850442304279,cam_2_1690304651_12-04-11.jpg
330,74,2435.2609880972586,135.34272647810178,2737.2973194201495,370.517485923353,cam_2_1690304771_12-06-11.jpg
330,151,3143.517079392171,416.14538107863115,3515.4052597095506,644.1382597717079,cam_2_1690304771_12-06-11.jpg
330,226,2411.004687575781,545.7367121372204,3034.9060266202914,921.9910223281493,cam_2_1690304771_12-06-11.jpg
330,252,2801.29601881328,474.43248453747975,3276.618816372858,794.2262155491849,cam_2_1690304771_12-06-11.jpg
330,259,3281.794888480477,399.29325844070945,3637.3374404868864,634.3163028136876,cam_2_1690304771_12-06-11.jpg
330,261,3466.177707322184,275.49920501998355,3798.8278187907067,545.5845979386188,cam_2_1690304771_12-06-11.jpg
330,277,1177.8915284501893,173.47675908325294,1418.4079341266481,560.871941597115,cam_2_1690304771_12-06-11.jpg
330,286,2364.992645922535,434.4179105318961,2804.926071952573,593.2073973784591,cam_2_1690304771_12-06-11.jpg
330,288,2195.028113883917,147.6101136321982,2458.0253559215453,409.0677614351711,cam_2_1690304771_12-06-11.jpg
330,301,2910.9345720557103,469.326694835025,3420.5786263868376,743.505424043291,cam_2_1690304771_12-06-11.jpg
330,304,2989.6077262796507,435.90996182878126,3559.1723807946096,696.3522500481376,cam_2_1690304771_12-06-11.jpg
330,311,1868.2441351191778,145.15691084813952,2298.234622303024,451.2511045796921,cam_2_1690304771_12-06-11.jpg
331,74,2457.58947338872,133.37585111093517,2756.1491369985592,368.34734925491057,cam_2_1690304801_12-06-41.jpg
331,151,3141.3252463322024,415.46494335255704,3515.5140075448826,644.1230355104414,cam_2_1690304801_12-06-41.jpg
331,226,2412.559848739431,545.2441444958442,3038.7621311313965,921.1124065371275,cam_2_1690304801_12-06-41.jpg
331,252,2798.549683404787,474.0531178960656,3278.4611974131863,795.6894982415643,cam_2_1690304801_12-06-41.jpg
331,259,3285.6495665377483,400.5007116236439,3639.7800071234024,635.7885450750128,cam_2_1690304801_12-06-41.jpg
331,261,3490.753303147361,282.0897223585682,3828.977863617657,557.4319830912582,cam_2_1690304801_12-06-41.jpg
331,277,1179.289873114556,174.2096714698983,1419.5884617689167,561.7633894665976,cam_2_1690304801_12-06-41.jpg
331,286,2365.515003772256,435.1243289941486,2804.470089236588,593.2972891332261,cam_2_1690304801_12-06-41.jpg
331,288,2206.8171605178627,147.75868219277848,2474.3405784730226,411.94511770963516,cam_2_1690304801_12-06-41.jpg
331,301,2916.938310484314,472.4258106894317,3413.6500227672127,741.8609630558435,cam_2_1690304801_12-06-41.jpg
331,304,2993.7904263554046,436.0644327864754,3553.2275400951644,695.8108930646317,cam_2_1690304801_12-06-41.jpg
331,311,1875.6598380938997,146.34639063986424,2303.599080741348,453.42097583257737,cam_2_1690304801_12-06-41.jpg
332,74,2462.891140311874,133.30170639444407,2756.3424395689326,366.2126733708564,cam_2_1690304861_12-07-41.jpg
332,151,3144.6356128658144,415.8004142437114,3518.553290380268,643.5572851163308,cam_2_1690304861_12-07-41.jpg
332,226,2415.311508367075,549.4067596499895,3037.4608047818915,920.66879968328,cam_2_1690304861_12-07-41.jpg
332,252,2798.437572278665,473.41510488093934,3281.3154646354556,796.5013400309456,cam_2_1690304861_12-07-41.jpg
332,259,3283.918132239499,392.3809205794588,3645.1021711807402,634.6299141525997,cam_2_1690304861_12-07-41.jpg
332,261,3494.4214643510654,278.1272966967074,3829.88286753516,559.7750164709414,cam_2_1690304861_12-07-41.jpg
332,277,1216.840101342614,175.45158364610757,1452.6689954500432,559.8654650870915,cam_2_1690304861_12-07-41.jpg
332,286,2365.8592304137355,433.346338767732,2810.0742169089144,593.070322032039,cam_2_1690304861_12-07-41.jpg
332,288,2205.7929873911926,147.11072882265566,2472.7931368199384,410.7491996140292,cam_2_1690304861_12-07-41.jpg
332,301,2920.5664746642574,471.2386127044758,3410.9418264592846,739.5965920667422,cam_2_1690304861_12-07-41.jpg
332,304,3000.2156799724717,435.0704187683101,3547.862568895493,693.2660598042286,cam_2_1690304861_12-07-41.jpg
332,311,1882.720041528075,146.88104395087038,2304.2559013611826,452.0570504526724,cam_2_1690304861_12-07-41.jpg
333,74,2468.629112749622,133.5480161452972,2758.933395316009,365.5407154383603,cam_2_1690305101_12-11-41.jpg
333,151,3151.25536038655,417.90559026188737,3520.0457200532087,642.578771609889,cam_2_1690305101_12-11-41.jpg
333,226,2414.014750044006,550.9508327927505,3037.440095172278,921.1372617377679,cam_2_1690305101_12-11-41.jpg
333,252,2804.8920748343785,479.8131696565247,3280.494394734728,797.1009900376555,cam_2_1690305101_12-11-41.jpg
333,259,3284.169022068253,394.38189925519305,3637.8494929743856,631.5459782059604,cam_2_1690305101_12-11-41.jpg
333,261,3499.1231357037605,286.2934281054014,3845.6511553346604,589.6695240360809,cam_2_1690305101_12-11-41.jpg
333,286,2374.4634504574146,432.8959067452755,2812.9198490154413,590.1066869360022,cam_2_1690305101_12-11-41.jpg
333,288,2189.6953793993835,145.97219634046752,2461.245389045211,413.7122444600354,cam_2_1690305101_12-11-41.jpg
333,301,2921.5074511964303,471.6234083858417,3406.9916712993113,740.0352144845522,cam_2_1690305101_12-11-41.jpg
333,304,3011.423013640927,436.75523794623507,3536.398651056327,687.8146138841134,cam_2_1690305101_12-11-41.jpg
333,311,1824.3753818312161,146.6592024792177,2248.7459818445145,453.1017290601121,cam_2_1690305101_12-11-41.jpg
334,151,3154.6096229091686,418.6549421525367,3521.1750537755233,641.9179782594008,cam_2_1690305221_12-13-41.jpg
334,226,2404.822230277087,546.086196189451,3038.345256229543,921.3956018065984,cam_2_1690305221_12-13-41.jpg
334,239,3053.90599511816,432.38947881906836,3459.7303176047053,692.5573397270289,cam_2_1690305221_12-13-41.jpg
334,249,3528.072259404225,410.57514143607466,3977.5234322887422,746.264986721622,cam_2_1690305221_12-13-41.jpg
334,252,2799.4215621014664,480.68452855134353,3277.9516532400726,797.7965843215054,cam_2_1690305221_12-13-41.jpg
334,259,3280.635968743179,386.28190167253626,3636.3673928577036,626.3183875841714,cam_2_1690305221_12-13-41.jpg
334,286,2374.222101032294,431.5172003254878,2803.655166836902,584.5008572663351,cam_2_1690305221_12-13-41.jpg
334,288,2184.386398520192,148.6390547199472,2462.5559873289208,417.6649645842142,cam_2_1690305221_12-13-41.jpg
334,301,2927.0162441523753,471.3671578587413,3401.9338064305257,736.3370516796286,cam_2_1690305221_12-13-41.jpg
334,311,1743.6822115545606,151.352917953987,2164.125774302149,454.3809427936917,cam_2_1690305221_12-13-41.jpg
335,148,3564.519196231788,397.13770845559304,4108.194573913094,730.1680905128535,cam_2_1690305236_12-13-56.jpg
335,151,3152.7471403842874,417.57396912486365,3522.8109468975113,643.6470246054578,cam_2_1690305236_12-13-56.jpg
335,226,2403.3411317552946,546.636935029025,3036.1180829902737,920.2582826788966,cam_2_1690305236_12-13-56.jpg
335,239,3074.6810493033054,436.9741429209254,3468.028004692548,686.5680435637563,cam_2_1690305236_12-13-56.jpg
335,252,2798.1623400205426,481.82336237206914,3277.1401609345216,797.4510048781358,cam_2_1690305236_12-13-56.jpg
335,259,3275.7324499082524,386.9143175511482,3636.698701183401,631.6293448203138,cam_2_1690305236_12-13-56.jpg
335,286,2376.2207204768824,434.3983870560917,2801.2131252911777,584.6563101618158,cam_2_1690305236_12-13-56.jpg
335,288,2172.817209902427,147.65042184560934,2455.0579581024454,418.78095917542316,cam_2_1690305236_12-13-56.jpg
335,301,2929.509639324533,470.4357178992185,3398.4414437093496,734.3405260760137,cam_2_1690305236_12-13-56.jpg
335,311,1720.6520457782594,153.01252197972155,2147.6837746378596,460.44788818671066,cam_2_1690305236_12-13-56.jpg
336,148,3547.126791833374,380.49798058956264,4057.684041981573,727.8996500069679,cam_2_1690305341_12-15-41.jpg
336,226,2401.512106119635,542.2574501372643,3042.649355791096,920.1230627580642,cam_2_1690305341_12-15-41.jpg
336,252,2796.6876776093723,479.0331593756572,3279.3108458637216,795.9931372865785,cam_2_1690305341_12-15-41.jpg
336,259,3156.8536558326928,384.6479534978528,3699.3684063077326,756.4869241025456,cam_2_1690305341_12-15-41.jpg
336,286,2371.7360794565384,431.891904940505,2810.7735975298406,586.9128568824672,cam_2_1690305341_12-15-41.jpg
336,288,2170.1758200530317,149.88545558186703,2456.7543415864375,422.3790804165443,cam_2_1690305341_12-15-41.jpg
336,301,2921.245935155829,477.1197134214814,3376.06506580994,735.2322945170667,cam_2_1690305341_12-15-41.jpg
336,311,1701.7589243073746,152.65262402741783,2134.4889577289637,464.96017566440287,cam_2_1690305341_12-15-41.jpg
336,313,2400.6677830773942,143.16597316885913,2597.119789062649,392.65102266485064,cam_2_1690305341_12-15-41.jpg
337,151,3165.920262768431,418.0032807192006,3528.644480620063,640.5637048500353,cam_2_1690305446_12-17-26.jpg
337,159,3109.4527648327507,226.1521804312511,3513.80644773434,410.6352677713363,cam_2_1690305446_12-17-26.jpg
337,226,2447.372209802811,545.7819604785905,3062.420621979946,911.7980123939695,cam_2_1690305446_12-17-26.jpg
337,239,3084.8594872357,431.1677470981806,3487.8945860012122,685.9538500204862,cam_2_1690305446_12-17-26.jpg
337,252,2796.633175814192,478.5500794309347,3276.7611525675616,792.836371345102,cam_2_1690305446_12-17-26.jpg
337,259,3225.1056556987455,393.1652105143803,3662.6788028717815,692.5701468743116,cam_2_1690305446_12-17-26.jpg
337,261,3516.544218417431,295.925174871574,3903.8309961745213,646.958470913035,cam_2_1690305446_12-17-26.jpg
337,286,2368.6122961205356,430.99214605695363,2815.824287804916,589.2443039201173,cam_2_1690305446_12-17-26.jpg
337,288,2160.824008861345,147.39654925268667,2450.4187503746066,419.6831383713693,cam_2_1690305446_12-17-26.jpg
337,301,2934.421851713455,470.6754813656977,3395.837337619898,732.3024433452208,cam_2_1690305446_12-17-26.jpg
337,311,1695.8002019610792,150.70260596844017,2132.593548772444,467.0223124355788,cam_2_1690305446_12-17-26.jpg
337,313,2404.96403585382,146.5076984031876,2599.358301282439,392.40438770178577,cam_2_1690305446_12-17-26.jpg
338,151,3164.3930878501633,422.238827085921,3522.218976588423,641.5702149095962,cam_2_1690305476_12-17-56.jpg
338,159,3123.7976795393442,222.37170982040112,3539.2102486926133,414.54279578962894,cam_2_1690305476_12-17-56.jpg
338,226,2450.971141340673,536.4168788217753,3070.724732364003,909.2399792684134,cam_2_1690305476_12-17-56.jpg
338,239,3092.716960831011,435.56340791814927,3491.365220457982,686.1492285402982,cam_2_1690305476_12-17-56.jpg
338,252,2797.3859774383745,481.53806453846636,3271.773713162463,789.8804912967187,cam_2_1690305476_12-17-56.jpg
338,259,3264.2939947224636,393.7534904604247,3644.43843940888,655.0340396456829,cam_2_1690305476_12-17-56.jpg
338,286,2367.8268291364466,431.53611492004904,2810.5377914364935,588.2620966039091,cam_2_1690305476_12-17-56.jpg
338,288,2165.772018523305,148.78014753327878,2458.4263449900845,420.02456326561696,cam_2_1690305476_12-17-56.jpg
338,301,2931.1240644237982,468.6104184120296,3402.0194826940156,734.5097292694652,cam_2_1690305476_12-17-56.jpg
338,311,1703.2374499609205,152.08117046692027,2132.4003170287224,463.2029647899908,cam_2_1690305476_12-17-56.jpg
338,313,2415.402265421628,145.7706731205433,2606.856165593456,385.8482403009335,cam_2_1690305476_12-17-56.jpg
338,315,3346.413552455193,249.99634241730968,3827.965487872082,477.4579360267688,cam_2_1690305476_12-17-56.jpg
339,151,3162.9699194676127,421.53207195945106,3522.927123565077,643.2888161186102,cam_2_1690305506_12-18-26.jpg
339,226,2420.8871818044913,542.6514784746103,3041.7443900550793,914.9250324239101,cam_2_1690305506_12-18-26.jpg
339,239,3082.1951038184375,436.60935672124464,3481.6651338051674,685.6881404948837,cam_2_1690305506_12-18-26.jpg
339,252,2796.3292752683133,480.4140761922802,3273.605378583999,789.2884515998342,cam_2_1690305506_12-18-26.jpg
339,259,3280.079186888625,394.23425308623064,3639.7077191197122,641.6405634041082,cam_2_1690305506_12-18-26.jpg
339,283,3146.6213357193615,217.55252645745225,3417.5028332321035,385.3705327912834,cam_2_1690305506_12-18-26.jpg
339,286,2370.910714433577,434.3908355265434,2810.720730723707,590.0294619652977,cam_2_1690305506_12-18-26.jpg
339,288,2181.467494428102,144.07435033274882,2462.806559032763,410.85345812152605,cam_2_1690305506_12-18-26.jpg
339,301,2929.3486314390498,468.5738735704009,3400.918201657113,733.701016608482,cam_2_1690305506_12-18-26.jpg
339,311,1698.8462111107967,152.1786224052371,2133.985235409656,468.5256574314087,cam_2_1690305506_12-18-26.jpg
339,313,2411.867495867068,144.90527073744215,2608.1104207859084,388.98524432722377,cam_2_1690305506_12-18-26.jpg
340,151,3164.563296085985,421.66131238445456,3524.5379442965145,644.5156242314321,cam_2_1690305611_12-20-11.jpg
340,226,2414.4507998325985,540.9882643039389,3042.3686416527767,917.4747977781985,cam_2_1690305611_12-20-11.jpg
340,239,3077.564466508554,434.18438223450653,3481.2352016409477,685.4119215467974,cam_2_1690305611_12-20-11.jpg
340,252,2794.9956953921646,479.71485345228797,3279.3194769240695,793.4088867222479,cam_2_1690305611_12-20-11.jpg
340,259,3284.227923844072,394.6030087042299,3637.222957371679,638.0459341467849,cam_2_1690305611_12-20-11.jpg
340,286,2372.5762528917826,431.98050358400167,2816.148815676268,588.9301330576216,cam_2_1690305611_12-20-11.jpg
340,287,3130.026853815568,219.8599955343867,3498.7128350753105,427.96474875911633,cam_2_1690305611_12-20-11.jpg
340,288,2234.6739888302272,153.5942106381063,2495.1837386826996,413.7941333014018,cam_2_1690305611_12-20-11.jpg
340,301,2932.2184727400386,468.45169550729634,3409.3300591778475,737.0013162507657,cam_2_1690305611_12-20-11.jpg
340,311,1695.2175768303964,150.72505251556612,2131.1412433772425,468.04910916878003,cam_2_1690305611_12-20-11.jpg
340,313,2416.09928741471,144.37032181834127,2613.625162133005,388.8434679710948,cam_2_1690305611_12-20-11.jpg
341,151,3167.1622629297517,423.3709519512777,3521.822735577286,643.464980799545,cam_2_1690305626_12-20-26.jpg
341,226,2415.5499921675882,538.5925144108905,3045.1340907848303,916.6759416686803,cam_2_1690305626_12-20-26.jpg
341,239,3074.431817392835,435.0436005834018,3479.0258216735083,686.7055398979483,cam_2_1690305626_12-20-26.jpg
341,252,2792.078715626712,476.42970068537124,3280.4317548773342,792.7100833747654,cam_2_1690305626_12-20-26.jpg
341,259,3288.4840734870904,394.995298268192,3635.5402325836644,634.9565859759877,cam_2_1690305626_12-20-26.jpg
341,286,2373.1646549262214,431.36307393842236,2814.772016883407,587.6569835800524,cam_2_1690305626_12-20-26.jpg
341,287,3129.8567730161535,219.72200431924023,3458.976967644457,406.3347077158643,cam_2_1690305626_12-20-26.jpg
341,288,2247.4288141171874,144.41875047063397,2503.7581515393717,410.586251971181,cam_2_1690305626_12-20-26.jpg
341,301,2923.1003108274463,467.2547247737235,3400.068290120938,735.3627273819859,cam_2_1690305626_12-20-26.jpg
341,311,1695.141944550181,152.3234024749262,2127.356699919044,468.63337494045925,cam_2_1690305626_12-20-26.jpg
341,313,2415.7022411208322,143.95741474730022,2616.3091725620807,390.5281780416176,cam_2_1690305626_12-20-26.jpg
341,317,3459.3413771227765,236.95672817619283,3649.5483492587473,471.26914244403594,cam_2_1690305626_12-20-26.jpg
342,151,3172.345722186627,416.9210688483387,3533.827299723341,642.8657356617593,cam_2_1690305806_12-23-26.jpg
342,226,2416.4779485935096,537.8235291984972,3047.5437339909076,917.4635390486258,cam_2_1690305806_12-23-26.jpg
342,239,3074.4879185675322,432.0998889618066,3467.374294441574,675.9526527663426,cam_2_1690305806_12-23-26.jpg
342,252,2789.5676025786897,478.3320079047633,3278.384953584413,794.2018157334664,cam_2_1690305806_12-23-26.jpg
342,259,3285.9804577637924,395.9353102879489,3630.032367137518,633.8054999655486,cam_2_1690305806_12-23-26.jpg
342,286,2375.7111499127122,433.77967381966084,2809.802182217217,587.0861328241125,cam_2_1690305806_12-23-26.jpg
342,287,3117.306907597913,218.90392137480262,3433.202756800632,398.29794022895555,cam_2_1690305806_12-23-26.jpg
342,288,2254.6665478338573,142.80456040960843,2499.2907577638975,404.5073191383552,cam_2_1690305806_12-23-26.jpg
342,301,2918.531659132729,465.8187314816705,3393.5166369123594,733.4549787067792,cam_2_1690305806_12-23-26.jpg
342,311,1686.69027122107,150.5449640496478,2125.6778807702426,472.9012076394922,cam_2_1690305806_12-23-26.jpg
342,313,2453.8712177325533,149.190199356976,2652.4198400154723,390.7778106743725,cam_2_1690305806_12-23-26.jpg
342,317,3425.778553471192,227.34205419760593,3613.7580153525437,456.9344000149686,cam_2_1690305806_12-23-26.jpg
343,151,3172.2438773995923,418.9822192616152,3529.2421004962307,643.0641050787219,cam_2_1690305956_12-25-56.jpg
343,215,3262.3386404209427,210.6072045966423,3517.5106625086573,421.9601085658651,cam_2_1690305956_12-25-56.jpg
343,226,2416.8516372210893,534.4981858228477,3051.012863217048,917.1857763837411,cam_2_1690305956_12-25-56.jpg
343,239,3078.479521215716,433.3697500869717,3479.010658484052,683.1109095294526,cam_2_1690305956_12-25-56.jpg
343,252,2789.0347493363774,479.3921248937043,3278.4733705747967,794.8771278004722,cam_2_1690305956_12-25-56.jpg
343,259,3286.4194529741417,397.83539954401135,3628.201451855432,633.5650193943941,cam_2_1690305956_12-25-56.jpg
343,286,2366.759226790425,429.20317763076713,2809.9077880532327,585.6958985653561,cam_2_1690305956_12-25-56.jpg
343,287,3106.3699319163206,213.46091343391228,3435.8423837317287,399.35399126783614,cam_2_1690305956_12-25-56.jpg
343,288,2291.6584328608465,147.15068283258603,2524.026961278137,407.35990017133435,cam_2_1690305956_12-25-56.jpg
343,301,2919.7732073553757,466.45003294247965,3399.6187867712706,736.4917336060664,cam_2_1690305956_12-25-56.jpg
343,311,1689.1433777677014,152.4635498552816,2116.8343032112734,468.7714619960791,cam_2_1690305956_12-25-56.jpg
343,317,3444.7772274392873,232.45803744463154,3644.7722715112577,472.28732919982815,cam_2_1690305956_12-25-56.jpg
344,151,3172.1884235417556,419.40553772793385,3527.5349524281505,643.3536996420751,cam_2_1690305971_12-26-11.jpg
344,226,2416.2202178220305,533.847272500729,3051.2705468354966,917.6883069294662,cam_2_1690305971_12-26-11.jpg
344,239,3079.523358011804,432.48421893683536,3483.907083277788,685.4324431630548,cam_2_1690305971_12-26-11.jpg
344,252,2788.1635644175453,478.0426199462386,3278.844388148689,793.5552320859513,cam_2_1690305971_12-26-11.jpg
344,259,3287.0624927902736,398.4494216600442,3627.95018921946,633.1703504903944,cam_2_1690305971_12-26-11.jpg
344,286,2362.6686747311296,428.3774817770063,2806.3189787136394,585.0292000798124,cam_2_1690305971_12-26-11.jpg
344,287,3101.2734131109714,211.74326761630283,3458.2297169314616,412.1101301370582,cam_2_1690305971_12-26-11.jpg
344,288,2320.4810138870016,148.67544678831507,2542.7043840543834,406.16143532099863,cam_2_1690305971_12-26-11.jpg
344,301,2913.9763694338294,464.54604629433976,3400.1768349892554,737.8423083154316,cam_2_1690305971_12-26-11.jpg
344,311,1691.766927492644,151.0203636500583,2118.4419074330694,467.19215655060253,cam_2_1690305971_12-26-11.jpg
344,317,3446.9667618937065,235.30819444008208,3652.8550128881684,477.60581134739186,cam_2_1690305971_12-26-11.jpg
345,24,2377.68283436047,428.50801821217766,2679.0964866675904,574.6460420621086,cam_2_1690306106_12-28-26.jpg
345,151,3174.9516124808574,417.86505001704984,3530.975375262324,644.1918643516359,cam_2_1690306106_12-28-26.jpg
345,152,2428.178853691137,438.46408477357477,3182.307765961793,905.1687221357022,cam_2_1690306106_12-28-26.jpg
345,239,3081.5074925668055,433.01292425073905,3490.7314807930115,689.1941036934062,cam_2_1690306106_12-28-26.jpg
345,259,3288.9151980604747,393.257106147793,3636.770581826884,634.2134240743575,cam_2_1690306106_12-28-26.jpg
345,287,3096.7871676827144,212.3213039555264,3445.125576781569,406.7133439340039,cam_2_1690306106_12-28-26.jpg
345,288,2305.6999009296233,147.75722340630054,2514.1906431454922,392.75512056485115,cam_2_1690306106_12-28-26.jpg
345,301,2919.831427449801,464.0459431517015,3410.0940604085827,739.9093922238899,cam_2_1690306106_12-28-26.jpg
345,311,1691.429168387268,151.30363363674488,2113.497193671015,466.2249085310832,cam_2_1690306106_12-28-26.jpg
345,317,3435.5731752052548,228.44489085910195,3651.186724735272,474.2182047443322,cam_2_1690306106_12-28-26.jpg
346,24,2375.05568344552,422.6083632428788,2677.912572439485,564.7936865444054,cam_2_1690306151_12-29-11.jpg
346,151,3182.0869377938357,417.2930759112411,3534.6312096372767,643.4996843817902,cam_2_1690306151_12-29-11.jpg
346,152,2414.4722540644875,446.8355313502748,3183.3252634637174,913.6771326265055,cam_2_1690306151_12-29-11.jpg
346,239,3076.538286557997,434.61632542395046,3486.9438000056502,691.2799755768813,cam_2_1690306151_12-29-11.jpg
346,259,3288.125337230781,396.3589975942684,3632.391746541454,634.2761671964906,cam_2_1690306151_12-29-11.jpg
346,283,3064.102512135405,208.43732050231412,3366.7512215541515,398.5838065200362,cam_2_1690306151_12-29-11.jpg
346,288,2294.1435515747016,146.23651543861308,2499.0315541114696,387.63150667398565,cam_2_1690306151_12-29-11.jpg
346,301,2913.997402765103,463.9395729522073,3406.61168847888,740.1351218759405,cam_2_1690306151_12-29-11.jpg
346,311,1700.8230083273895,151.41450038153422,2128.617045555171,473.32964336257885,cam_2_1690306151_12-29-11.jpg
346,317,3419.349923746532,221.8532070008481,3638.571711809325,463.37292233130347,cam_2_1690306151_12-29-11.jpg
347,24,2382.804173451993,423.8332254429405,2758.0498242989815,597.5450421058661,cam_2_1690306406_12-33-26.jpg
347,99,2651.5441266189473,162.08959730134154,2974.6084926853255,386.0093784926536,cam_2_1690306406_12-33-26.jpg
347,151,3180.6107394122555,421.6996238794568,3526.511710893126,643.9880834903811,cam_2_1690306406_12-33-26.jpg
347,226,2431.819826885281,538.4284619333528,3045.329206577893,912.0430300993354,cam_2_1690306406_12-33-26.jpg
347,239,3083.581723384079,436.65870371052904,3488.126234317631,688.4719052617842,cam_2_1690306406_12-33-26.jpg
347,252,2796.5411157811864,483.026314626671,3279.4699012571355,792.6594803713239,cam_2_1690306406_12-33-26.jpg
347,259,3285.6055502277713,391.74926616851735,3627.315471635393,628.1707853850733,cam_2_1690306406_12-33-26.jpg
347,301,2917.9575381282075,464.39767954580896,3407.720345206153,738.7540072270201,cam_2_1690306406_12-33-26.jpg
347,311,1652.1362468945904,153.65739225104537,2078.9661125767007,473.3097778328337,cam_2_1690306406_12-33-26.jpg
348,24,2367.444989566034,426.1993454466101,2777.4376046338402,618.3447049504916,cam_2_1690306421_12-33-41.jpg
348,99,2660.3148288875004,162.71220545635765,2963.5864332979554,373.16420719597636,cam_2_1690306421_12-33-41.jpg
348,226,2437.83208775788,533.1203210169472,3056.076918608135,914.0801736825633,cam_2_1690306421_12-33-41.jpg
348,259,3293.970640762788,387.25257071588555,3628.194800018218,618.3261700171697,cam_2_1690306421_12-33-41.jpg
348,301,2812.890448542575,455.5011834390491,3549.8015180947446,875.5746932511802,cam_2_1690306421_12-33-41.jpg
348,311,1703.2909811656498,160.44741868833214,2136.2520664847707,477.4193001692819,cam_2_1690306421_12-33-41.jpg
349,24,2347.5202292839326,423.934942529143,2764.5813459090987,623.9146011175403,cam_2_1690306586_12-36-26.jpg
349,99,2597.1278093391115,147.70842320145533,2922.139841086647,364.15443634528935,cam_2_1690306586_12-36-26.jpg
349,151,3174.3523250900366,424.47302194353733,3517.262413930664,644.0753228450073,cam_2_1690306586_12-36-26.jpg
349,226,2434.265710177406,531.058172808407,3058.6424291225244,919.2164208988457,cam_2_1690306586_12-36-26.jpg
349,239,3085.4598015135025,434.0132876405337,3498.944678033714,691.7402583156872,cam_2_1690306586_12-36-26.jpg
349,252,2785.0576716098085,466.4992910053421,3297.1567768255395,796.571787275982,cam_2_1690306586_12-36-26.jpg
349,259,3287.4519489812824,390.59104088897766,3627.1403228204726,625.7332277996536,cam_2_1690306586_12-36-26.jpg
349,287,3144.4272686593636,203.00797895229397,3528.737518227088,419.2343563519053,cam_2_1690306586_12-36-26.jpg
349,301,2860.824156298296,456.2486363280702,3476.004895351881,806.9292393858971,cam_2_1690306586_12-36-26.jpg
349,318,2993.1265929226092,202.83571702099064,3222.641265797517,343.9708398655972,cam_2_1690306586_12-36-26.jpg
350,24,2360.6790581250825,424.5217206706565,2777.6311942817947,625.0728784808034,cam_2_1690306661_12-37-41.jpg
350,99,2627.840766523243,138.3175010036003,2958.7416500811937,353.35260809616307,cam_2_1690306661_12-37-41.jpg
350,151,3169.1807156058962,422.2779277643513,3520.538919394816,648.2200126519379,cam_2_1690306661_12-37-41.jpg
350,226,2436.0572698687483,530.82554014621,3054.3252483370006,917.7352152306282,cam_2_1690306661_12-37-41.jpg
350,239,3096.1250832496153,429.62575101675213,3509.7069759481774,690.3054237629443,cam_2_1690306661_12-37-41.jpg
350,252,2788.0142613628755,468.1553645194078,3295.139551511548,795.7561025809382,cam_2_1690306661_12-37-41.jpg
350,259,3286.102683685618,392.7858784193272,3630.2878496198405,631.6290680834909,cam_2_1690306661_12-37-41.jpg
350,297,3144.537941322672,186.76125895806726,3385.8597149267803,344.12788329201373,cam_2_1690306661_12-37-41.jpg
350,301,2886.122524612255,455.8731000102367,3433.284423900366,767.7942469667706,cam_2_1690306661_12-37-41.jpg
350,317,3357.909597520267,221.1616893582704,3558.541586785581,442.43147382241926,cam_2_1690306661_12-37-41.jpg
350,318,3003.3988578483054,215.1307924643586,3231.6670161702878,355.40812429010805,cam_2_1690306661_12-37-41.jpg
351,24,2363.983807994176,421.48641506881876,2787.7902823108147,625.7723324027138,cam_2_1690306691_12-38-11.jpg
351,99,2593.424133060771,128.93887095240007,2929.9989858980807,350.27886205159075,cam_2_1690306691_12-38-11.jpg
351,151,3167.0149903130737,421.82708808480606,3520.134220451608,649.3795714074568,cam_2_1690306691_12-38-11.jpg
351,226,2441.0422716666717,515.6238266327427,3071.0219294281637,916.0190043536367,cam_2_1690306691_12-38-11.jpg
351,239,3096.251127930246,427.98523438633947,3510.195052607029,690.9491498074563,cam_2_1690306691_12-38-11.jpg
351,252,2794.421511016221,470.86857016870624,3294.6074156448244,794.3821410169213,cam_2_1690306691_12-38-11.jpg
351,259,3282.537817678172,391.5239052835902,3630.3469705403068,633.2996009099476,cam_2_1690306691_12-38-11.jpg
351,297,3141.2794354367284,187.72205698414265,3389.018052035321,347.4661843349211,cam_2_1690306691_12-38-11.jpg
351,301,2900.161993701837,456.1774115494563,3418.190882542022,751.7181449866864,cam_2_1690306691_12-38-11.jpg
351,317,3349.9015270438304,221.96445867272968,3547.540749056414,440.3537553359407,cam_2_1690306691_12-38-11.jpg
351,318,3019.1586697321545,220.8188883898588,3239.9054920997014,355.9179004699099,cam_2_1690306691_12-38-11.jpg
351,320,2679.2330884615712,484.3730881867637,3179.9934672068334,855.5665360085757,cam_2_1690306691_12-38-11.jpg
352,24,2362.859497393509,423.99070082589486,2779.206340390356,625.7878150271226,cam_2_1690306781_12-39-41.jpg
352,99,2572.0661396033483,125.08617090596894,2914.537317643485,350.05740355139653,cam_2_1690306781_12-39-41.jpg
352,151,3174.9659365021867,419.4077750691274,3523.520731471382,645.202070113869,cam_2_1690306781_12-39-41.jpg
352,226,2449.6081067360146,525.1639781386548,3060.783478020892,915.9191955170062,cam_2_1690306781_12-39-41.jpg
352,239,3100.567886661401,425.5628235473574,3514.8419246027133,691.2943272107132,cam_2_1690306781_12-39-41.jpg
352,252,2794.047667058566,469.5900198295773,3294.977604486316,793.7485136244601,cam_2_1690306781_12-39-41.jpg
352,259,3283.2308418145053,393.73810420360604,3628.9946509246015,634.3644483484513,cam_2_1690306781_12-39-41.jpg
352,297,3127.2537462179994,187.76929889998115,3379.205351343029,349.65481194119445,cam_2_1690306781_12-39-41.jpg
352,301,2905.167388731729,454.57107145729293,3415.2230086949817,746.0649273926099,cam_2_1690306781_12-39-41.jpg
352,317,3339.272149219983,220.0937384725181,3536.025408889511,439.02481151428367,cam_2_1690306781_12-39-41.jpg
352,318,3018.097656226293,218.80643524894236,3242.189064803744,356.18227103727475,cam_2_1690306781_12-39-41.jpg
352,320,2675.965642179937,482.4494525170151,3180.6249147748545,856.4144191764137,cam_2_1690306781_12-39-41.jpg
353,24,2368.22897798979,423.86860882909343,2785.9133928004176,626.5411132323507,cam_2_1690306841_12-40-41.jpg
353,99,2562.238111513402,123.71874326720712,2909.928090350029,352.2217164431086,cam_2_1690306841_12-40-41.jpg
353,151,3174.1290296354136,419.2376306277041,3534.9904468277823,654.0296864351322,cam_2_1690306841_12-40-41.jpg
353,226,2452.922936598787,523.202359107622,3063.380599945205,916.8881404043673,cam_2_1690306841_12-40-41.jpg
353,239,3103.285049613875,424.5757877760227,3514.728562521665,690.1859066770871,cam_2_1690306841_12-40-41.jpg
353,252,2792.2628945101164,470.35871337908816,3291.5036903821224,793.4634425864508,cam_2_1690306841_12-40-41.jpg
353,259,3281.415367477543,394.50135802255403,3624.792231412863,632.7514092438789,cam_2_1690306841_12-40-41.jpg
353,297,3134.6213100700993,187.76486394240823,3379.5482383556173,343.4590930430809,cam_2_1690306841_12-40-41.jpg
353,301,2914.983751292401,456.53148551706374,3421.0783760003733,748.251760309001,cam_2_1690306841_12-40-41.jpg
353,317,3338.7878741058726,221.6260117374545,3528.8815945636734,436.3015262509392,cam_2_1690306841_12-40-41.jpg
353,318,3020.9438243016793,217.91634546310382,3244.8788183725437,355.21291463755085,cam_2_1690306841_12-40-41.jpg
353,320,2674.5366227707004,481.02334256537637,3182.896640066251,858.0121648676891,cam_2_1690306841_12-40-41.jpg
354,24,2370.480009895614,422.272265583506,2789.664414771886,625.7552638490074,cam_2_1690306976_12-42-56.jpg
354,99,2559.2495222564153,128.56749025323978,2903.7360158931688,355.0520233908542,cam_2_1690306976_12-42-56.jpg
354,151,3177.6040239022723,420.62700657756346,3540.110632814109,657.4280407999474,cam_2_1690306976_12-42-56.jpg
354,226,2457.2721193709376,521.0909247153892,3064.4318127534366,916.6517065147411,cam_2_1690306976_12-42-56.jpg
354,239,3105.6293787687237,424.0753546719203,3512.398213730829,688.7310158753603,cam_2_1690306976_12-42-56.jpg
354,252,2784.1072470021095,465.1532689320819,3294.283215833329,796.1140598419335,cam_2_1690306976_12-42-56.jpg
354,259,3288.9107401251545,400.0659196484972,3625.402385218542,633.2632292401386,cam_2_1690306976_12-42-56.jpg
354,297,3133.612122357661,185.42912351509764,3384.3938158720534,345.0628533276929,cam_2_1690306976_12-42-56.jpg
354,301,2904.610874472315,454.1485989114513,3413.8469149898483,748.2335998001984,cam_2_1690306976_12-42-56.jpg
354,317,3333.177643564007,221.45211621937875,3524.2780389672257,437.0224537040565,cam_2_1690306976_12-42-56.jpg
354,318,3019.2326798699028,219.3358105260249,3245.545425181724,357.0869377696025,cam_2_1690306976_12-42-56.jpg
354,320,2673.069815899406,479.4954159792111,3183.455126075981,858.4942650484556,cam_2_1690306976_12-42-56.jpg
355,24,2358.319813420225,425.655810275798,2775.384052664651,630.640108862777,cam_2_1690307036_12-43-56.jpg
355,99,2559.2163317799605,128.18236305433356,2904.366959767139,355.28684564674313,cam_2_1690307036_12-43-56.jpg
355,151,3184.247565317694,417.5872461098862,3536.1149853181855,648.6352121930739,cam_2_1690307036_12-43-56.jpg
355,226,2454.640132236742,523.8135862023801,3056.121740830972,917.1324486451812,cam_2_1690307036_12-43-56.jpg
355,239,3106.268155554283,422.9809082025957,3513.545186535553,689.4375088005231,cam_2_1690307036_12-43-56.jpg
355,252,2778.820066472381,460.1377406181815,3295.262471449877,795.9193508358281,cam_2_1690307036_12-43-56.jpg
355,259,3289.2157987839514,400.7057035267457,3626.2569269223222,634.405760302569,cam_2_1690307036_12-43-56.jpg
355,297,3133.4216531470647,186.05187851057377,3378.1681053448524,343.07207829936203,cam_2_1690307036_12-43-56.jpg
355,301,2903.5289005664736,452.39433214396684,3410.148288873813,744.9416369873107,cam_2_1690307036_12-43-56.jpg
355,317,3327.2818691979755,221.4927451709416,3518.0115156915567,437.7895294375828,cam_2_1690307036_12-43-56.jpg
355,318,3006.5325500293307,217.510382205167,3237.0110048931824,356.11253842221953,cam_2_1690307036_12-43-56.jpg
355,320,2662.3499977369265,466.5789387967072,3190.534636756991,859.9493558667166,cam_2_1690307036_12-43-56.jpg
356,24,2362.641021725684,425.56387594309473,2769.3623220674067,625.499505207287,cam_2_1690307156_12-45-56.jpg
356,99,2555.9131758350595,126.87198980791257,2898.861390183816,353.054686848477,cam_2_1690307156_12-45-56.jpg
356,151,3177.961685564294,418.1414514935061,3528.235530493922,647.955713167895,cam_2_1690307156_12-45-56.jpg
356,226,2456.2710074229935,521.8826578989618,3056.6106701269655,916.977669602356,cam_2_1690307156_12-45-56.jpg
356,239,3101.7917936146064,426.99958764838243,3504.048932386275,691.2082747897282,cam_2_1690307156_12-45-56.jpg
356,252,2785.2980115473856,465.59370364581883,3290.093882866754,793.6254778789432,cam_2_1690307156_12-45-56.jpg
356,259,3284.4579094381975,397.81948309840965,3624.688759718427,633.1143024825924,cam_2_1690307156_12-45-56.jpg
356,297,3118.2274279275775,186.14406000210698,3357.5279550863743,333.7640371235464,cam_2_1690307156_12-45-56.jpg
356,301,2904.2813854428364,455.43996978411906,3403.5014815798013,743.2586252871431,cam_2_1690307156_12-45-56.jpg
356,317,3331.3578576098657,218.9292770895783,3521.5063656978286,435.1944997019202,cam_2_1690307156_12-45-56.jpg
356,318,3018.456916809734,217.9171604509018,3261.3367492148923,361.7711011291723,cam_2_1690307156_12-45-56.jpg
356,320,2666.360101074648,470.80505545286553,3186.4832566492187,858.6802521873867,cam_2_1690307156_12-45-56.jpg
357,24,2342.162806379404,429.0379299254203,2752.278920965181,634.9674093975487,cam_2_1690307351_12-49-11.jpg
357,74,2409.603460170027,126.9852632613716,2712.844945861205,367.04713184094584,cam_2_1690307351_12-49-11.jpg
357,151,3173.607429238506,412.11260008359324,3526.8472290491695,644.5253353511773,cam_2_1690307351_12-49-11.jpg
357,226,2455.6046530064364,517.3747529732184,3059.126336848424,917.3759456471744,cam_2_1690307351_12-49-11.jpg
357,239,3098.064754425175,425.9801589798145,3507.898095017831,695.6313156214285,cam_2_1690307351_12-49-11.jpg
357,252,2775.3174645063514,460.96825115097363,3290.117573387454,795.6707014325036,cam_2_1690307351_12-49-11.jpg
357,259,3278.603991747025,395.0948093176901,3628.783319335972,637.8261278518155,cam_2_1690307351_12-49-11.jpg
357,287,3180.288079793316,231.11868829804223,3580.3010819897004,456.4124025019963,cam_2_1690307351_12-49-11.jpg
357,297,3111.4089183693786,176.533686465713,3347.0988976000544,316.2805790179825,cam_2_1690307351_12-49-11.jpg
357,301,2903.722056042214,455.2748935752478,3405.4955800472967,744.2822589546512,cam_2_1690307351_12-49-11.jpg
357,320,2658.701878894513,464.0650857604792,3185.5592572009245,857.9401400269787,cam_2_1690307351_12-49-11.jpg
358,24,2336.0463977251793,429.4253222088914,2743.3467825371936,637.8269207154108,cam_2_1690307381_12-49-41.jpg
358,74,2429.3376580785493,130.06008798904907,2728.1177375408165,365.63742582121114,cam_2_1690307381_12-49-41.jpg
358,151,3169.0803859259877,413.0835619575522,3525.0567496052263,647.592629016573,cam_2_1690307381_12-49-41.jpg
358,226,2456.6435065224055,514.8314502446283,3060.3130891089195,918.0278515735897,cam_2_1690307381_12-49-41.jpg
358,239,3098.7391609816304,427.14699411646484,3503.6653831162307,694.0640289664993,cam_2_1690307381_12-49-41.jpg
358,252,2775.8352733102183,460.6742466254716,3291.902329469795,796.3283824329133,cam_2_1690307381_12-49-41.jpg
358,259,3269.3892695507643,389.2221718659905,3628.4573748153975,637.9750937227141,cam_2_1690307381_12-49-41.jpg
358,287,3188.1206845951288,234.14199496084535,3582.0755291818073,454.77716273957833,cam_2_1690307381_12-49-41.jpg
358,297,3099.6290432522574,177.22119556847122,3345.0596178913024,318.80723911091,cam_2_1690307381_12-49-41.jpg
358,301,2901.5656876389307,456.06686922097686,3403.8922342496758,744.8629635850627,cam_2_1690307381_12-49-41.jpg
358,320,2656.144516869017,462.5900898419968,3185.937329738529,859.9870791950659,cam_2_1690307381_12-49-41.jpg
359,24,2330.863985156174,431.0998401685612,2736.8534764079573,642.7604911541065,cam_2_1690307396_12-49-56.jpg
359,74,2425.0223792588545,129.16927114723518,2729.0109065878723,365.1315462107798,cam_2_1690307396_12-49-56.jpg
359,226,2454.821670274074,520.6486902591109,3048.3681257421213,917.495705252583,cam_2_1690307396_12-49-56.jpg
359,239,3080.0160800054387,421.51268756848276,3492.9210692696984,694.4862246824587,cam_2_1690307396_12-49-56.jpg
359,252,2775.0355314135522,462.21511263584034,3291.25950676766,798.2497710727564,cam_2_1690307396_12-49-56.jpg
359,259,3233.404352645345,379.2764978542368,3603.132338628696,631.3457084066347,cam_2_1690307396_12-49-56.jpg
359,287,3201.3327774289437,235.99686162538293,3569.5167090401583,438.5901343269827,cam_2_1690307396_12-49-56.jpg
359,297,3077.8182003101074,173.87380151022938,3341.1630645371315,320.6656879654547,cam_2_1690307396_12-49-56.jpg
359,301,2898.9001799931443,456.20511413501777,3403.715772453024,745.52139260687,cam_2_1690307396_12-49-56.jpg
359,320,2662.05393173513,470.4300558951685,3177.367393366467,857.1904267833603,cam_2_1690307396_12-49-56.jpg
360,24,2351.1169630777026,429.06904457414237,2752.6606726695227,637.9856906870975,cam_2_1690307651_12-54-11.jpg
360,74,2420.7556596369877,126.59119921418383,2734.805513825548,364.65021133780886,cam_2_1690307651_12-54-11.jpg
360,215,3209.2911957404544,331.7950055291678,3680.9701648966634,712.50104939787,cam_2_1690307651_12-54-11.jpg
360,226,2458.125656589354,522.0823095258984,3047.446390308861,917.4602697167782,cam_2_1690307651_12-54-11.jpg
360,239,3079.916317576058,426.1789604087013,3488.4026386541827,695.1090676719566,cam_2_1690307651_12-54-11.jpg
360,252,2778.7518759477025,465.00626489982676,3289.788542334867,797.7057148778621,cam_2_1690307651_12-54-11.jpg
360,287,3258.4844117578427,235.2623296331496,3591.3546463299426,409.6707381070356,cam_2_1690307651_12-54-11.jpg
360,301,2899.6761470452934,456.89688750635156,3405.0559221607004,746.0512465227814,cam_2_1690307651_12-54-11.jpg
360,304,3074.6793445224585,177.81232295173072,3383.164067865618,321.50713916902544,cam_2_1690307651_12-54-11.jpg
360,320,2670.399607713872,473.47573532430755,3182.359023711285,857.8670336171992,cam_2_1690307651_12-54-11.jpg
361,24,2351.833865452515,430.25939945745813,2750.8893388972983,640.2446929706218,cam_2_1690307921_12-58-41.jpg
361,74,2425.0769974104933,129.50844836302736,2726.728488603304,348.69636185820093,cam_2_1690307921_12-58-41.jpg
361,99,2528.632921086076,189.33188501727057,2870.194235993141,409.8902010429123,cam_2_1690307921_12-58-41.jpg
361,215,3203.6507068654705,333.78004138903475,3688.76695918283,715.1973665812,cam_2_1690307921_12-58-41.jpg
361,226,2448.9786266715555,522.9692845573574,3038.767787439301,917.9271461732285,cam_2_1690307921_12-58-41.jpg
361,239,3084.5089266227906,427.82327822881706,3491.8683837938697,695.337099809449,cam_2_1690307921_12-58-41.jpg
361,252,2779.6028079741445,465.7623384289028,3289.373875731318,797.9429579878592,cam_2_1690307921_12-58-41.jpg
361,287,3287.313739331006,242.81486088152104,3596.1690709356617,396.5114330578847,cam_2_1690307921_12-58-41.jpg
361,301,2897.496106835491,458.1124684098022,3404.0939619507385,747.5313209361871,cam_2_1690307921_12-58-41.jpg
361,304,3073.410086694611,176.93304928551407,3380.1228171611406,318.7436652926166,cam_2_1690307921_12-58-41.jpg
361,320,2669.5505012190592,471.7667931065148,3185.6179493687096,859.6611820715509,cam_2_1690307921_12-58-41.jpg
362,24,2352.981110290772,433.8327192384097,2745.243047525942,641.816776090483,cam_2_1690308101_13-01-41.jpg
362,74,2412.2751927983827,133.33311260194387,2722.0973657588406,353.68177033515553,cam_2_1690308101_13-01-41.jpg
362,99,2528.3169009043936,217.41304512423608,2907.3701046532865,465.27439754471357,cam_2_1690308101_13-01-41.jpg
362,215,3194.025074869909,333.3291057232775,3696.035774388605,726.5387296128868,cam_2_1690308101_13-01-41.jpg
362,226,2445.4768933055057,525.5703299179295,3032.531463418611,917.5753415452441,cam_2_1690308101_13-01-41.jpg
362,239,3093.723268874249,430.90795690982327,3497.9221438630148,696.4326848989285,cam_2_1690308101_13-01-41.jpg
362,252,2785.699092912858,469.1793336422576,3289.957082927672,797.9450813696224,cam_2_1690308101_13-01-41.jpg
362,287,3285.2114226019307,240.64110197600968,3593.6078341128887,389.0655242863317,cam_2_1690308101_13-01-41.jpg
362,301,2896.086961640764,457.28511568243846,3405.939154749061,748.2852517821202,cam_2_1690308101_13-01-41.jpg
362,304,3106.5203509671537,176.86613411862157,3373.3055847002925,295.79039977903017,cam_2_1690308101_13-01-41.jpg
362,320,2673.750250770237,475.80962386758193,3184.590874648388,859.538121028994,cam_2_1690308101_13-01-41.jpg
363,24,2357.329766735751,431.7789203837932,2756.8717221727106,643.789708816918,cam_2_1690308176_13-02-56.jpg
363,99,2528.604748259119,221.10919416064434,2921.138060942091,481.39387790147276,cam_2_1690308176_13-02-56.jpg
363,215,3204.3760278448613,334.4111228405942,3717.4817835044923,729.0811616952932,cam_2_1690308176_13-02-56.jpg
363,226,2447.4886691225815,528.6260335869598,3031.304520625422,917.4716070022687,cam_2_1690308176_13-02-56.jpg
363,239,3096.9137534034185,435.6132019310417,3503.1381986989645,703.1028706424754,cam_2_1690308176_13-02-56.jpg
363,252,2786.1210623632523,467.97700038207336,3293.127484774109,799.3735208326725,cam_2_1690308176_13-02-56.jpg
363,287,3297.9743096836664,240.03122324439545,3617.8213341475084,389.28382272643057,cam_2_1690308176_13-02-56.jpg
363,288,2460.195832787426,143.4931066018969,2653.977079396742,375.9667578667519,cam_2_1690308176_13-02-56.jpg
363,301,2895.971163174512,458.0761672974,3405.5018529190083,748.6037023152833,cam_2_1690308176_13-02-56.jpg
363,304,3103.3307476308796,176.24442856607973,3377.892343505051,296.45337626786807,cam_2_1690308176_13-02-56.jpg
363,320,2672.626878236213,475.2815981975274,3183.5162430070104,859.7624626830948,cam_2_1690308176_13-02-56.jpg
364,24,2363.1216363007397,424.613977853522,2763.3067963176577,636.0935902164945,cam_2_1690308191_13-03-11.jpg
364,99,2527.6283696462224,218.43618794293488,2926.7822874994345,486.85858642895244,cam_2_1690308191_13-03-11.jpg
364,215,3212.494247221344,334.41362908048205,3728.198450838225,727.008206916358,cam_2_1690308191_13-03-11.jpg
364,226,2443.185748327353,520.7890846916087,3039.2348335551033,918.7016775445487,cam_2_1690308191_13-03-11.jpg
364,239,3095.76508023081,431.5300464695365,3505.695880512409,701.8571387649281,cam_2_1690308191_13-03-11.jpg
364,252,2791.5324618752843,469.0276876919171,3294.432344819382,798.4344852991746,cam_2_1690308191_13-03-11.jpg
364,283,2694.598423957453,207.5941949875414,2992.1065714624174,389.98480886323193,cam_2_1690308191_13-03-11.jpg
364,287,3305.669954375989,244.1564744186732,3627.3312645155706,390.3191780876082,cam_2_1690308191_13-03-11.jpg
364,301,2897.713482737797,459.45364543665875,3405.334066127424,748.6182338509416,cam_2_1690308191_13-03-11.jpg
364,304,3099.392870001136,178.6290649575393,3377.188754452382,297.9963928401984,cam_2_1690308191_13-03-11.jpg
364,320,2675.7730585792756,477.62921670491403,3181.5673059925143,858.9037012053061,cam_2_1690308191_13-03-11.jpg
364,322,2848.41193462069,184.09490211231093,3216.580871283948,341.15671724415006,cam_2_1690308191_13-03-11.jpg
365,24,2375.8762007429605,423.2414933965131,2787.970183096202,638.1815574298087,cam_2_1690308461_13-07-41.jpg
365,99,2521.159064820574,218.766139953651,2928.814540785696,497.24379409450114,cam_2_1690308461_13-07-41.jpg
365,226,2450.64675171495,526.4629401352386,3037.354268147714,917.8007546477432,cam_2_1690308461_13-07-41.jpg
365,239,3077.357118910094,427.5379723386626,3491.587977326052,699.0012063068817,cam_2_1690308461_13-07-41.jpg
365,252,2809.9222653435586,477.905714370827,3297.3618606531873,797.6786201115308,cam_2_1690308461_13-07-41.jpg
365,259,3197.738277886164,321.6035836953667,3673.388132526325,645.7967348278012,cam_2_1690308461_13-07-41.jpg
365,283,2714.796472417034,218.60231740712436,3016.965565774569,393.6949664112353,cam_2_1690308461_13-07-41.jpg
365,287,3297.014744934282,237.86655263267016,3578.7860329828745,363.44792333927535,cam_2_1690308461_13-07-41.jpg
365,301,2898.00063612088,458.7270227132366,3404.539270684442,746.1243343829151,cam_2_1690308461_13-07-41.jpg
365,304,3114.5389390489013,181.68692075501457,3403.003067220392,304.5696716710373,cam_2_1690308461_13-07-41.jpg
365,320,2679.3568593679056,481.9360581764902,3177.5913830454724,857.5098949384164,cam_2_1690308461_13-07-41.jpg
365,322,2898.0258402183895,193.07497207457624,3244.129177012479,341.2720392815379,cam_2_1690308461_13-07-41.jpg
366,24,2377.8203618427406,429.08413627465234,2777.4007040957404,636.7765419902339,cam_2_1690308521_13-08-41.jpg
366,99,2518.3537514106206,221.59842276064916,2925.2561200749833,501.18170209799047,cam_2_1690308521_13-08-41.jpg
366,226,2455.448196240084,527.3242539380983,3041.8953443785767,919.3829570383125,cam_2_1690308521_13-08-41.jpg
366,239,3072.2025775262737,425.1370903067527,3487.96424660613,696.2754263606007,cam_2_1690308521_13-08-41.jpg
366,252,2801.4072213382233,469.90862221196124,3303.194894089755,800.2996576815003,cam_2_1690308521_13-08-41.jpg
366,259,3196.5213766396596,318.4148276933745,3694.216249367321,660.8867631764181,cam_2_1690308521_13-08-41.jpg
366,283,2680.264961456167,210.65238275464606,2987.4344737650576,390.68310114253757,cam_2_1690308521_13-08-41.jpg
366,287,3306.561534624083,242.90637018757027,3574.4209471600343,358.9382166446522,cam_2_1690308521_13-08-41.jpg
366,301,2898.9839131732483,459.13166731293404,3409.4536717453066,748.127998510327,cam_2_1690308521_13-08-41.jpg
366,304,3123.603395599506,182.3330672482818,3418.316921878951,306.97290576090893,cam_2_1690308521_13-08-41.jpg
366,320,2675.437386349589,480.6818452985632,3177.316256915665,859.29291970753,cam_2_1690308521_13-08-41.jpg
366,322,2886.973180752402,188.6093983372432,3239.0483259343073,339.868611070561,cam_2_1690308521_13-08-41.jpg
367,24,2385.062217741634,423.96762901529894,2784.9018211914367,630.582151683646,cam_2_1690308731_13-12-11.jpg
367,99,2498.3864264288472,226.42719055967973,2892.0670833353483,495.3167123384843,cam_2_1690308731_13-12-11.jpg
367,215,3110.400619348392,339.4411316559185,3675.0747487040717,766.2297402980948,cam_2_1690308731_13-12-11.jpg
367,226,2454.1052778020307,520.4887216143951,3048.36006263785,919.7996306843964,cam_2_1690308731_13-12-11.jpg
367,252,2790.534420497046,475.52098104950903,3289.0978104837804,801.9669274951896,cam_2_1690308731_13-12-11.jpg
367,259,3285.817875604604,314.2696935495299,3638.1245060860874,526.1597734669008,cam_2_1690308731_13-12-11.jpg
367,283,2668.5945813629346,209.10843009664643,2993.309843056493,395.3350073944979,cam_2_1690308731_13-12-11.jpg
367,287,3299.15503049064,235.371911689409,3573.0225732526183,351.350267783975,cam_2_1690308731_13-12-11.jpg
367,297,3032.456438922607,178.41310841429646,3284.863640510463,319.73643848465747,cam_2_1690308731_13-12-11.jpg
367,301,2895.1024463231197,453.21054159866003,3412.067931582048,745.9029866069598,cam_2_1690308731_13-12-11.jpg
367,304,3145.413519623134,184.32233062266843,3424.4836302902277,301.1474352697184,cam_2_1690308731_13-12-11.jpg
367,320,2671.4681802010487,473.6191666564784,3183.9248426111803,860.7498839560039,cam_2_1690308731_13-12-11.jpg
367,322,2880.598452099926,192.85209624477096,3197.0899537701775,328.8992353811832,cam_2_1690308731_13-12-11.jpg
368,24,2388.063358184853,420.4159709270355,2795.011251118232,629.1254421310372,cam_2_1690308776_13-12-56.jpg
368,99,2476.4168533168126,214.77417374560147,2869.267516539269,486.179334831764,cam_2_1690308776_13-12-56.jpg
368,159,3286.3574730540436,244.80995836352085,3647.306569782815,405.39181121484455,cam_2_1690308776_13-12-56.jpg
368,215,3092.9651177372075,341.81114361414416,3660.5230166824376,772.8699445900183,cam_2_1690308776_13-12-56.jpg
368,226,2454.942219490048,526.7804933711152,3038.6725781569294,918.2829488637888,cam_2_1690308776_13-12-56.jpg
368,252,2792.1745245776424,474.4686235267078,3287.725775063331,798.4445959998989,cam_2_1690308776_13-12-56.jpg
368,301,2889.2118575191284,452.5462977555309,3416.076681852054,751.7572248923814,cam_2_1690308776_13-12-56.jpg
368,304,3148.456284947975,182.76196341162859,3434.246411244213,302.0892771577612,cam_2_1690308776_13-12-56.jpg
368,320,2677.8382225119735,479.8129645561767,3181.759329223671,859.686968899307,cam_2_1690308776_13-12-56.jpg
368,322,2871.8374653976125,188.74965192960678,3200.5184025024755,328.61810707136306,cam_2_1690308776_13-12-56.jpg
369,24,2389.9162095619226,418.7841239903264,2798.201049317291,626.885132196162,cam_2_1690308791_13-13-11.jpg
369,99,2486.8803909046032,216.86677222573667,2867.1414826965365,481.41176811695004,cam_2_1690308791_13-13-11.jpg
369,159,3286.781618657327,242.75972360876665,3660.3822291569973,403.01489555735054,cam_2_1690308791_13-13-11.jpg
369,215,3085.231199957908,340.35311556981003,3655.538104406742,775.2498696230962,cam_2_1690308791_13-13-11.jpg
369,226,2453.198899030842,528.1828195634489,3035.3645859495964,918.0109957210746,cam_2_1690308791_13-13-11.jpg
369,252,2788.8914519736363,475.0418268023402,3287.4228345546767,800.0526257475667,cam_2_1690308791_13-13-11.jpg
369,301,2887.488332905426,452.66915883433364,3414.980556976699,752.2997305701499,cam_2_1690308791_13-13-11.jpg
369,304,3142.4582355103585,180.27891048075105,3430.3053871620486,300.47437385588455,cam_2_1690308791_13-13-11.jpg
369,320,2676.2132774981583,478.9670142757733,3183.288592795082,861.4145360387618,cam_2_1690308791_13-13-11.jpg
369,322,2879.704076481625,189.6345693556705,3211.6195436283056,329.3106826592805,cam_2_1690308791_13-13-11.jpg
370,24,2388.4287953619432,420.5114132936696,2798.275328573671,628.0989366622676,cam_2_1690308806_13-13-26.jpg
370,99,2482.453111287907,222.84972567489194,2857.1391508527836,481.5176492839431,cam_2_1690308806_13-13-26.jpg
370,159,3282.4248838909007,244.22729324655603,3659.3656495908654,403.07753202105334,cam_2_1690308806_13-13-26.jpg
370,215,3080.244566071281,341.2302064528286,3649.1598589049113,774.9488120497817,cam_2_1690308806_13-13-26.jpg
370,226,2456.4188059335274,527.2036287184374,3038.624684691812,917.4702614414381,cam_2_1690308806_13-13-26.jpg
370,252,2790.1820801818462,475.7614068807861,3288.6890900061453,799.9693437399405,cam_2_1690308806_13-13-26.jpg
370,301,2893.9197278632737,453.0793282054226,3414.534900943595,747.903191808769,cam_2_1690308806_13-13-26.jpg
370,304,3136.467747613042,181.06314757960456,3432.800451562705,305.7217948873012,cam_2_1690308806_13-13-26.jpg
370,320,2673.6673726665786,477.59621726950047,3182.8776459999476,861.3924566388134,cam_2_1690308806_13-13-26.jpg
370,322,2884.7261349598634,190.86835361154766,3218.735615172038,330.45263045897855,cam_2_1690308806_13-13-26.jpg
370,325,3378.0747960606677,346.23823186561424,3776.9968732151174,705.7889056236199,cam_2_1690308806_13-13-26.jpg
371,24,2399.0586518480236,412.33690958411916,2812.899352430337,623.0721053098978,cam_2_1690308911_13-15-11.jpg
371,74,2464.116884225835,205.84770877108286,2771.413005302253,422.722275720648,cam_2_1690308911_13-15-11.jpg
371,152,2664.623359863614,220.76895715000688,3011.3870858244595,437.48871664901884,cam_2_1690308911_13-15-11.jpg
371,159,3277.564703528947,244.67955963445291,3659.5128671292737,403.72281849301186,cam_2_1690308911_13-15-11.jpg
371,215,3084.618121095116,337.78489451467055,3654.784710433503,774.8826040191223,cam_2_1690308911_13-15-11.jpg
371,226,2459.0139257776987,526.6012027553347,3040.5706471506237,917.0633133165727,cam_2_1690308911_13-15-11.jpg
371,252,2794.443732926688,473.0097258367795,3296.6344986296012,800.3375598121538,cam_2_1690308911_13-15-11.jpg
371,301,2890.7095680389466,452.34565846856856,3410.355153702294,746.3315032446874,cam_2_1690308911_13-15-11.jpg
371,304,3133.743561765777,181.64424675318347,3448.6357552785803,316.37150211904225,cam_2_1690308911_13-15-11.jpg
371,320,2670.463923987007,481.37261147843293,3176.396897792235,861.9059378309487,cam_2_1690308911_13-15-11.jpg
371,325,3378.497887023588,351.935205655566,3779.782304272527,714.5248687937785,cam_2_1690308911_13-15-11.jpg
372,24,2407.437423152778,411.2697492505366,2819.983142744656,621.5644280965611,cam_2_1690308941_13-15-41.jpg
372,74,2469.2568439522165,213.40895804229547,2774.650366174342,425.244677313514,cam_2_1690308941_13-15-41.jpg
372,152,2663.197604392743,207.71063213649856,3001.599605452004,423.23797509475685,cam_2_1690308941_13-15-41.jpg
372,159,3271.426028151851,243.07575137522053,3660.7789825667546,403.84780892263893,cam_2_1690308941_13-15-41.jpg
372,215,3084.342435056104,334.08345514421137,3652.3317152136024,771.8221366755542,cam_2_1690308941_13-15-41.jpg
372,226,2462.7484724799942,526.1718310294835,3044.006742832773,917.5649238472903,cam_2_1690308941_13-15-41.jpg
372,252,2793.42075205846,468.3071074967412,3300.964448827428,800.0846577386144,cam_2_1690308941_13-15-41.jpg
372,301,2890.6999997899165,449.62021933045384,3412.341478431193,744.6318223490039,cam_2_1690308941_13-15-41.jpg
372,304,3085.690673207932,180.15533359873126,3420.6307503008675,323.27204966827105,cam_2_1690308941_13-15-41.jpg
372,320,2668.004149550952,480.44094917311713,3174.7775388799328,861.5467517857292,cam_2_1690308941_13-15-41.jpg
372,325,3376.0099893475044,356.7811518799384,3797.140562511568,738.6636418877471,cam_2_1690308941_13-15-41.jpg
373,24,2407.37410961379,410.806519553447,2810.414040651587,616.8685624659495,cam_2_1690308986_13-16-26.jpg
373,74,2422.2848598258947,218.73142708877975,2723.269850070849,426.97121024195434,cam_2_1690308986_13-16-26.jpg
373,152,2676.464802779972,216.5306560144031,2997.4505815830616,421.3273724051244,cam_2_1690308986_13-16-26.jpg
373,159,3267.500064276025,243.9835418131235,3657.2238904045344,404.66302546131845,cam_2_1690308986_13-16-26.jpg
373,215,3076.012468169145,337.2967124081018,3640.7620018598855,770.0575207335921,cam_2_1690308986_13-16-26.jpg
373,226,2460.1803300801494,525.360588869737,3042.8240138584397,918.1142709434896,cam_2_1690308986_13-16-26.jpg
373,252,2793.4692311146505,470.4060493682708,3297.1559155668338,799.3475560489239,cam_2_1690308986_13-16-26.jpg
373,301,2891.8597768610825,452.56100923393444,3408.705237253889,744.407263218907,cam_2_1690308986_13-16-26.jpg
373,304,3070.154042121724,180.45332261952433,3417.789512366741,328.9171023814936,cam_2_1690308986_13-16-26.jpg
373,320,2663.953255462448,476.20761199091226,3175.99890218616,861.1349377263118,cam_2_1690308986_13-16-26.jpg
373,325,3378.596986471949,360.4096350351244,3802.2315761529194,745.817206200255,cam_2_1690308986_13-16-26.jpg
374,159,3287.853664710506,247.23777639479812,3687.9043648303555,410.5861456711058,cam_2_1690309136_13-18-56.jpg
374,215,3134.887513388292,339.1358093789927,3700.219121223809,777.2035223274643,cam_2_1690309136_13-18-56.jpg
374,226,2446.074130097291,517.2190608266429,3040.425699250807,917.6152387002843,cam_2_1690309136_13-18-56.jpg
374,252,2776.2803142381385,422.1961206355143,3297.7625385442266,760.1876050412741,cam_2_1690309136_13-18-56.jpg
374,311,2172.4663561850657,224.6338523994628,2683.934232919968,598.9329123334303,cam_2_1690309136_13-18-56.jpg
374,318,3103.4150746354294,179.6405938845698,3401.88732850298,352.6534821107855,cam_2_1690309136_13-18-56.jpg
374,320,2673.2137414071476,476.96984343216104,3181.887346291903,858.954185801384,cam_2_1690309136_13-18-56.jpg
374,325,3421.1169228326507,367.7344246127202,3835.87665785313,746.6476571415897,cam_2_1690309136_13-18-56.jpg
375,24,2482.0561488503986,428.25576412524714,2825.581196695168,604.0179677928404,cam_2_1690309151_13-19-11.jpg
375,159,3295.518777949476,245.07229883629677,3706.464169306038,411.4074860994539,cam_2_1690309151_13-19-11.jpg
375,215,3214.493848749955,348.2167876410405,3781.572583823682,791.2610584788854,cam_2_1690309151_13-19-11.jpg
375,226,2444.2652232578985,516.1934345125123,3041.159103017956,918.4685925934141,cam_2_1690309151_13-19-11.jpg
375,252,2783.241464405812,385.639154642245,3466.6351002846877,834.1699228368284,cam_2_1690309151_13-19-11.jpg
375,311,2173.125297673415,229.07717842056522,2658.6376748763882,589.3706642239971,cam_2_1690309151_13-19-11.jpg
375,318,3098.636329797721,181.58285302637933,3402.977602155045,358.91639751270964,cam_2_1690309151_13-19-11.jpg
375,320,2678.973083056853,482.8514711728084,3182.46006055637,859.9125874839143,cam_2_1690309151_13-19-11.jpg
375,327,730.7865877123611,358.66102263043,1484.7559119986986,1004.57350951406,cam_2_1690309151_13-19-11.jpg
376,24,2484.6501472843793,419.4266092719694,2816.3215354654403,589.1775807599779,cam_2_1690309301_13-21-41.jpg
376,159,3291.519668468371,246.33532740832374,3688.6995999361507,408.68701647080167,cam_2_1690309301_13-21-41.jpg
376,215,3239.338844954325,355.2287527612858,3808.358362252093,798.5726589635126,cam_2_1690309301_13-21-41.jpg
376,226,2440.690789158973,516.1728396684599,3038.029737033546,919.3327521155438,cam_2_1690309301_13-21-41.jpg
376,252,2809.960498606799,376.85960637903264,3530.4449882977297,858.2459627728017,cam_2_1690309301_13-21-41.jpg
376,311,2245.5718996348546,361.5862271146194,2647.719237922797,639.3123362328653,cam_2_1690309301_13-21-41.jpg
376,318,3194.493017771178,194.12430155558053,3462.843866959858,347.6574649189276,cam_2_1690309301_13-21-41.jpg
376,320,2670.7790346906077,475.2635807689958,3183.2700275732313,858.8574437176246,cam_2_1690309301_13-21-41.jpg
377,24,2487.4594138012226,417.00755134792115,2826.9080085910373,591.182773760649,cam_2_1690309316_13-21-56.jpg
377,159,3286.032636490185,246.03625989948338,3684.038988067934,410.4120504471242,cam_2_1690309316_13-21-56.jpg
377,215,3265.293175250127,357.2133110000767,3829.907882158693,799.7346723677242,cam_2_1690309316_13-21-56.jpg
377,226,2445.5399802237007,521.6847688785732,3034.3939077973905,919.4241610142773,cam_2_1690309316_13-21-56.jpg
377,252,2867.939367682054,386.7233727253224,3621.4059056923124,892.8800221903793,cam_2_1690309316_13-21-56.jpg
377,311,2262.5160668483086,395.90588622615223,2658.4376641310464,660.0389936720876,cam_2_1690309316_13-21-56.jpg
377,318,3222.353612090521,198.33502441450523,3480.702658834757,346.15258746092707,cam_2_1690309316_13-21-56.jpg
377,320,2669.3779087087455,474.8549053050663,3184.2207102240995,860.2777591771912,cam_2_1690309316_13-21-56.jpg
378,24,2492.190053750324,417.01978212312747,2819.5999676001743,584.4012841465028,cam_2_1690309571_13-26-11.jpg
378,152,2593.954328907142,125.79580813735268,2927.583337512668,341.9456906536691,cam_2_1690309571_13-26-11.jpg
378,215,3254.915528810952,362.13824798729905,3811.5808902842914,800.6709060964454,cam_2_1690309571_13-26-11.jpg
378,226,2456.0601410861364,530.143335327644,3030.982367427854,917.0990600588173,cam_2_1690309571_13-26-11.jpg
378,239,3081.297624323116,445.0954846016359,3445.76041184207,684.7218104775359,cam_2_1690309571_13-26-11.jpg
378,301,2880.6558830005665,458.9466667068807,3391.7231892675522,744.0704928807602,cam_2_1690309571_13-26-11.jpg
378,311,2282.140989584803,431.61900965823037,2643.9097672693624,661.1120494920897,cam_2_1690309571_13-26-11.jpg
378,320,2671.800361452727,482.72620793205203,3176.5773760550137,859.1727303849552,cam_2_1690309571_13-26-11.jpg
379,24,2494.1191565347403,416.94354382096867,2820.2073800054695,583.8894151460615,cam_2_1690309616_13-26-56.jpg
379,152,2625.8347492944376,125.36615724111405,2950.898972570995,336.1035322088327,cam_2_1690309616_13-26-56.jpg
379,215,3274.139132062712,357.88012986844495,3818.120089558509,791.9392282548954,cam_2_1690309616_13-26-56.jpg
379,226,2461.9043294313933,533.4438525144433,3032.0888885496593,916.6289020224299,cam_2_1690309616_13-26-56.jpg
379,301,2879.364555362232,461.1326971319509,3387.960495588517,741.7392913814224,cam_2_1690309616_13-26-56.jpg
379,311,2273.97921847918,440.82472343469124,2636.7392472411766,663.1557901996923,cam_2_1690309616_13-26-56.jpg
379,320,2670.5468899215184,486.06008851750335,3173.7055023600647,860.7255089136861,cam_2_1690309616_13-26-56.jpg
380,24,2490.93061845614,417.3944256337193,2818.2854770036415,584.8980700569701,cam_2_1690309691_13-28-11.jpg
380,99,2560.5351982654665,130.97338356171707,2882.4548275385464,352.16775152252217,cam_2_1690309691_13-28-11.jpg
380,215,3271.728814498967,362.2886055962367,3808.621053490727,793.6291542805534,cam_2_1690309691_13-28-11.jpg
380,226,2452.0736917968907,534.9791144920086,3023.5491962225797,916.62609288613,cam_2_1690309691_13-28-11.jpg
380,301,2871.521503894327,460.2989242589343,3386.9642694701092,741.964183171084,cam_2_1690309691_13-28-11.jpg
380,311,2272.423821443066,443.0733730229011,2638.116793050659,659.9736519582154,cam_2_1690309691_13-28-11.jpg
380,320,2669.5581601512813,484.63592731716847,3174.665151651946,860.7209058658666,cam_2_1690309691_13-28-11.jpg
380,333,946.5727045156968,504.35971348671035,1884.4972382763094,1124.024565947076,cam_2_1690309691_13-28-11.jpg
381,24,2493.999389657375,417.4224368626062,2818.0448135212573,583.7778193278884,cam_2_1690309736_13-28-56.jpg
381,215,3275.319842833464,362.4563265577209,3822.2556459384987,803.9255267175851,cam_2_1690309736_13-28-56.jpg
381,226,2460.8279365600115,533.2237432918912,3033.761935480379,916.744213977177,cam_2_1690309736_13-28-56.jpg
381,288,2532.4936996443234,148.73033670111886,2723.8542900978327,373.28486957508096,cam_2_1690309736_13-28-56.jpg
381,301,2865.0881174528013,459.53023432912516,3387.3540253794936,744.1875680537532,cam_2_1690309736_13-28-56.jpg
381,311,2267.9335476096885,440.5741409378155,2652.2096558039984,663.6545526195022,cam_2_1690309736_13-28-56.jpg
381,320,2670.7196194246053,483.419093328816,3176.9259785206564,860.2748975388645,cam_2_1690309736_13-28-56.jpg
382,24,2496.4611778656667,416.9161721718612,2817.060029598931,581.5837817665971,cam_2_1690309841_13-30-41.jpg
382,74,2408.2022311733563,148.2079073251991,2720.2495243344324,370.98538355874234,cam_2_1690309841_13-30-41.jpg
382,226,2467.364931581877,536.8736346794435,3035.926282867197,917.7212159677346,cam_2_1690309841_13-30-41.jpg
382,259,3243.7450812144334,384.18985446394447,3643.1602950561046,628.5347382920038,cam_2_1690309841_13-30-41.jpg
382,301,2867.6204955154917,459.61106966193336,3386.824770888002,740.8205766375837,cam_2_1690309841_13-30-41.jpg
382,311,2261.154131217295,441.2527314062957,2651.153760726188,664.0095854013774,cam_2_1690309841_13-30-41.jpg
382,317,3479.1786790108545,244.396956853505,3699.97985825786,491.5599999873675,cam_2_1690309841_13-30-41.jpg
382,320,2667.9944030143074,480.0875774135336,3174.847464238494,857.2411517895357,cam_2_1690309841_13-30-41.jpg
382,336,1174.405083822842,172.51683584253817,1601.0490163735092,531.6952530761253,cam_2_1690309841_13-30-41.jpg
383,24,2500.6548979778963,417.2079925290234,2816.9657457850185,579.5034991792579,cam_2_1690310051_13-34-11.jpg
383,151,3166.6964385060737,199.94063069298122,3476.1384061639606,404.111064000243,cam_2_1690310051_13-34-11.jpg
383,226,2465.8017515413603,530.5902127548666,3042.7630400167536,918.4486767105744,cam_2_1690310051_13-34-11.jpg
383,239,2971.9077602902885,459.28717256156045,3397.2273717349563,735.9730020954762,cam_2_1690310051_13-34-11.jpg
383,259,3254.101038783863,390.4419530396559,3641.6736948286125,631.9654618495276,cam_2_1690310051_13-34-11.jpg
383,288,2526.121870244563,139.03882940547214,2701.2725889941566,358.0539793093783,cam_2_1690310051_13-34-11.jpg
383,311,2254.968008147532,435.64895882469176,2660.429688074743,664.7149418472169,cam_2_1690310051_13-34-11.jpg
383,320,2667.6179827073397,477.5546395313187,3178.111843121807,857.3570605437927,cam_2_1690310051_13-34-11.jpg
383,327,1003.8908961687374,183.31632457634942,1453.3873177568967,560.1859780990404,cam_2_1690310051_13-34-11.jpg
383,338,1866.2736372397565,153.06556684349715,2029.338079918777,452.8134421576295,cam_2_1690310051_13-34-11.jpg
383,340,558.901893179832,196.30685483001523,967.1455482594711,658.0273638979609,cam_2_1690310051_13-34-11.jpg
384,24,2509.902337833632,418.07242211107865,2819.694647555447,577.5906787822704,cam_2_1690310096_13-34-56.jpg
384,99,2666.778060046848,134.51314070718928,2952.249974663002,334.1895152936152,cam_2_1690310096_13-34-56.jpg
384,226,2478.45539328602,540.7242044726377,3039.038161126226,917.5797087992428,cam_2_1690310096_13-34-56.jpg
384,259,3258.273073050605,391.89105379430964,3641.508403693036,634.1407391315253,cam_2_1690310096_13-34-56.jpg
384,288,2547.642821708628,138.6750449420079,2723.882585062633,352.9227945458774,cam_2_1690310096_13-34-56.jpg
384,301,2874.0390172585985,458.9214724685453,3394.1288025991576,739.7641415527012,cam_2_1690310096_13-34-56.jpg
384,311,2250.946611509921,433.84680826987767,2670.7012677706953,668.9798721125002,cam_2_1690310096_13-34-56.jpg
384,320,2668.2964116422863,480.9492419502106,3175.0306640369417,857.5868342600438,cam_2_1690310096_13-34-56.jpg
384,327,938.0514915520523,184.1675066159877,1383.235696488745,556.925328825875,cam_2_1690310096_13-34-56.jpg
384,338,1843.863929528049,152.38495093077316,2014.7048263141305,453.2752357051611,cam_2_1690310096_13-34-56.jpg
384,340,575.980924364451,190.1318376493785,981.7756030743291,653.4289742325384,cam_2_1690310096_13-34-56.jpg
384,342,2304.190481982599,140.28513712553888,2462.5219426819085,384.13287198913224,cam_2_1690310096_13-34-56.jpg
385,24,2516.9725807131267,419.0201209600168,2824.255719280546,578.0204988488674,cam_2_1690310156_13-35-56.jpg
385,74,2430.258706082617,138.16045272804712,2724.143732983429,357.12462413597643,cam_2_1690310156_13-35-56.jpg
385,99,2665.4875521053714,133.53552570077974,2947.2713255434164,334.31822644184683,cam_2_1690310156_13-35-56.jpg
385,226,2484.5858648332487,544.9916326944586,3038.7264225839044,917.4393480541451,cam_2_1690310156_13-35-56.jpg
385,259,3265.340208751982,391.21420526742463,3643.3018460659787,633.6663326254982,cam_2_1690310156_13-35-56.jpg
385,301,2878.8808551736515,459.633209928411,3398.863446150962,739.335792104987,cam_2_1690310156_13-35-56.jpg
385,311,2250.7253325751267,435.61774498402417,2671.1173805804788,668.7655873274186,cam_2_1690310156_13-35-56.jpg
385,320,2672.1292116996183,486.0713272665557,3173.888202833135,858.1041328848391,cam_2_1690310156_13-35-56.jpg
385,327,926.7636181687574,185.49126713061239,1370.9122029993855,557.229941134194,cam_2_1690310156_13-35-56.jpg
385,338,1866.1475496182657,170.50538704812823,2047.1806775371183,471.8805013059052,cam_2_1690310156_13-35-56.jpg
385,340,575.7530828060346,191.8421692399511,980.8852357081025,659.4467945621548,cam_2_1690310156_13-35-56.jpg
385,342,2313.570725296006,135.68290440466998,2484.166184354412,393.83399407632066,cam_2_1690310156_13-35-56.jpg
385,343,1997.6645887543166,153.26908905117546,2229.6484950225404,399.6311505495935,cam_2_1690310156_13-35-56.jpg
386,24,2522.0407203445498,420.8557682261078,2828.4677076117227,578.1226408054919,cam_2_1690310396_13-39-56.jpg
386,74,2363.9825847238694,138.99296491717328,2644.4563208540985,361.32790798433314,cam_2_1690310396_13-39-56.jpg
386,226,2474.069637598543,537.4555828229043,3034.80714228822,914.4514316883202,cam_2_1690310396_13-39-56.jpg
386,259,3265.9158336154924,388.5117314571279,3641.8597971200666,631.501647449666,cam_2_1690310396_13-39-56.jpg
386,283,2649.0060243247603,226.77495078096905,3011.3755592575494,436.169948966049,cam_2_1690310396_13-39-56.jpg
386,288,2507.3772666576874,136.15195029049002,2683.5622533389287,347.84422571928246,cam_2_1690310396_13-39-56.jpg
386,297,2838.9176320098945,215.18010675752402,3198.1455552307953,412.00388217392845,cam_2_1690310396_13-39-56.jpg
386,301,2869.262450869145,457.46961429144415,3393.153470665712,738.9052707514569,cam_2_1690310396_13-39-56.jpg
386,311,2255.8945624226276,438.95984987701564,2665.3865286108658,662.2860176538306,cam_2_1690310396_13-39-56.jpg
386,320,2675.2118979136912,491.17085494514004,3169.7669791665276,856.4726168187035,cam_2_1690310396_13-39-56.jpg
386,327,893.9103549024644,186.93229804806046,1355.472269485976,580.1402647601892,cam_2_1690310396_13-39-56.jpg
386,340,610.0602622515307,190.6275601752292,1010.6170187639032,660.7389866488325,cam_2_1690310396_13-39-56.jpg
386,342,2288.859635025522,142.56665299491556,2458.4236826602305,396.00406690803175,cam_2_1690310396_13-39-56.jpg
386,343,1985.0334966463768,146.1366582328708,2252.136149341197,427.0636159404735,cam_2_1690310396_13-39-56.jpg
387,24,2520.7370738646714,421.23255960486506,2823.675975546001,575.4245887545992,cam_2_1690310561_13-42-41.jpg
387,74,2349.494169913233,138.95035145374877,2621.554483185305,366.5169614038813,cam_2_1690310561_13-42-41.jpg
387,226,2416.0035779856553,524.1475259366914,2992.8315225812876,905.24485927364,cam_2_1690310561_13-42-41.jpg
387,259,3266.6525237631286,388.10997524453603,3637.6838037848825,630.0952638681047,cam_2_1690310561_13-42-41.jpg
387,288,2536.3476157858568,134.29631236313566,2717.1058395742425,359.72925682468446,cam_2_1690310561_13-42-41.jpg
387,297,2835.0636451375963,214.00830411350287,3215.805951007729,415.6545115396343,cam_2_1690310561_13-42-41.jpg
387,301,2875.174368919912,457.28867579086284,3397.5330478121955,737.285261817171,cam_2_1690310561_13-42-41.jpg
387,311,2255.2926024106864,441.5170206560462,2661.0539533051424,660.2369847891771,cam_2_1690310561_13-42-41.jpg
387,320,2675.5179016972816,488.5231706003053,3171.1447053001666,854.4365471008944,cam_2_1690310561_13-42-41.jpg
387,327,877.0698006832182,188.00804259446218,1333.6733621861708,584.4943216658754,cam_2_1690310561_13-42-41.jpg
387,340,610.3011850537073,191.97665913469342,1002.7327579193712,659.2311403044885,cam_2_1690310561_13-42-41.jpg
387,342,2213.566895233226,139.54819224621411,2398.77818494219,401.2312117897896,cam_2_1690310561_13-42-41.jpg
388,74,2357.6044542567633,146.30109022886856,2608.1382529488246,365.9753397513848,cam_2_1690310591_13-43-11.jpg
388,226,2409.675841651715,463.1266302077934,3100.8123690834273,919.6196527947716,cam_2_1690310591_13-43-11.jpg
388,259,3272.6336184409806,392.3894431132429,3634.9119991393095,630.4966315229619,cam_2_1690310591_13-43-11.jpg
388,288,2542.2720651447285,138.27737001220697,2723.811812290779,361.9959440148659,cam_2_1690310591_13-43-11.jpg
388,297,2829.3621150817194,213.49355019287557,3225.6450942773718,419.6386835118558,cam_2_1690310591_13-43-11.jpg
388,301,2881.095147828899,454.4586039770661,3404.564712488856,735.810322741874,cam_2_1690310591_13-43-11.jpg
388,311,2237.8720194711636,441.60918888528164,2626.173749862332,651.85299318235,cam_2_1690310591_13-43-11.jpg
388,327,877.3050157799081,185.4781807796495,1332.311692298692,587.690479700445,cam_2_1690310591_13-43-11.jpg
388,336,1533.1667822189477,154.41940815179183,1922.8344107025139,487.07021711559264,cam_2_1690310591_13-43-11.jpg
388,340,620.6246018873965,193.56689852800028,1004.9144955443803,658.8490602184706,cam_2_1690310591_13-43-11.jpg
388,342,2189.061405684895,139.724719868247,2384.570157281509,400.78350395273605,cam_2_1690310591_13-43-11.jpg
389,74,2353.5273832155312,147.82847664205832,2601.1803519457967,376.4454448961841,cam_2_1690310636_13-43-56.jpg
389,226,2405.341412781891,445.185849214626,3131.812902165208,923.4727158971045,cam_2_1690310636_13-43-56.jpg
389,259,3274.8291215395516,391.2807160399417,3637.877155966998,631.8208602998891,cam_2_1690310636_13-43-56.jpg
389,288,2538.9964323165277,138.32815453292653,2725.3414329629936,364.22630130378496,cam_2_1690310636_13-43-56.jpg
389,297,2789.8944950871846,210.4976147989814,3198.2165967308833,424.277280795915,cam_2_1690310636_13-43-56.jpg
389,301,2872.9095032571686,452.4437449413525,3403.432329963936,739.0991278653263,cam_2_1690310636_13-43-56.jpg
389,311,2230.453903041647,438.99448958956765,2608.2895302706875,644.3483134572215,cam_2_1690310636_13-43-56.jpg
389,327,872.3693829468039,187.12514643442105,1326.010272959168,593.1446764974482,cam_2_1690310636_13-43-56.jpg
389,336,1552.7982737913414,157.43299290200204,1932.1193456464548,486.8898943834746,cam_2_1690310636_13-43-56.jpg
389,340,589.7382760745014,207.1710839478156,963.8145883661088,665.9195179091821,cam_2_1690310636_13-43-56.jpg
389,342,2178.8823229679074,139.40986535085744,2384.8031246814867,400.38056375595727,cam_2_1690310636_13-43-56.jpg
389,345,1790.7380707636228,155.4800074900502,2088.379240548722,464.600436656645,cam_2_1690310636_13-43-56.jpg
390,74,2355.9048556791895,149.45328472181902,2593.6144141035056,376.3721723631011,cam_2_1690310756_13-45-56.jpg
390,226,2466.9258981781263,441.78391792356217,3281.765779481689,1000.5541534549524,cam_2_1690310756_13-45-56.jpg
390,259,3268.023205499364,390.32332209416063,3633.482181853316,633.5054922515251,cam_2_1690310756_13-45-56.jpg
390,288,2540.483962039184,136.78652058239754,2729.797356411833,362.32604648097924,cam_2_1690310756_13-45-56.jpg
390,297,2770.2013136164383,211.07205014915883,3174.5254353443593,423.10405317527375,cam_2_1690310756_13-45-56.jpg
390,301,2874.970721215924,452.0703180410794,3408.6787956841563,742.8838837677101,cam_2_1690310756_13-45-56.jpg
390,311,2236.6714218898856,436.6552616713951,2660.362920056195,666.0612048137133,cam_2_1690310756_13-45-56.jpg
390,327,820.1123859166964,192.99794101495675,1269.4286692432802,594.9483421393177,cam_2_1690310756_13-45-56.jpg
390,333,2086.709432997636,140.19526336495005,2473.026845049249,398.9638864237613,cam_2_1690310756_13-45-56.jpg
390,336,1560.54886400533,156.73769566909132,1937.4819045261402,489.1635766560895,cam_2_1690310756_13-45-56.jpg
390,340,576.6330548321848,211.0617560586238,938.618314986696,657.1168067124546,cam_2_1690310756_13-45-56.jpg
390,345,1766.7206131321327,157.85953385211462,2074.1641674359444,478.0591233599788,cam_2_1690310756_13-45-56.jpg
391,24,2508.5706418830623,421.3952233547887,2830.250375028049,583.9125824442942,cam_2_1690310846_13-47-26.jpg
391,74,2358.636923104071,149.60239721107604,2585.5966795967774,373.6623163429581,cam_2_1690310846_13-47-26.jpg
391,259,3268.7698943155706,387.69495079639114,3604.3744845443903,613.1223899686476,cam_2_1690310846_13-47-26.jpg
391,288,2538.6329736274,135.94781608818815,2729.781057567025,360.26202511917404,cam_2_1690310846_13-47-26.jpg
391,297,2772.460558641308,210.62898561305582,3174.572978765554,420.4841478384374,cam_2_1690310846_13-47-26.jpg
391,301,2885.909743348712,455.3755157270747,3410.639501814672,739.1788210046765,cam_2_1690310846_13-47-26.jpg
391,311,2245.845632871368,434.5432844177224,2677.243472264101,665.8839981459089,cam_2_1690310846_13-47-26.jpg
391,320,2679.968753766636,500.2802011893194,3160.0834765178734,850.9464141871368,cam_2_1690310846_13-47-26.jpg
391,325,3358.1000691695585,520.3501172418685,3812.911295124916,950.4527032621738,cam_2_1690310846_13-47-26.jpg
391,327,900.1878057548934,185.67788996517484,1350.0277439997549,600.0526541327079,cam_2_1690310846_13-47-26.jpg
391,333,2124.3220479680167,135.1321676578919,2496.946766910507,389.1629092297501,cam_2_1690310846_13-47-26.jpg
391,336,1564.7336073060428,155.3156389112633,1938.625875464233,489.00153147598525,cam_2_1690310846_13-47-26.jpg
391,340,522.8150138373794,212.8501677615298,892.9609618946567,663.992405411957,cam_2_1690310846_13-47-26.jpg
391,345,1768.9196562168402,159.5610787916292,2086.1842783038724,494.5808350992431,cam_2_1690310846_13-47-26.jpg
392,24,2492.444423356222,419.7451370470685,2837.944147905283,597.9310512289611,cam_2_1690310891_13-48-11.jpg
392,74,2358.6085944026645,150.88121218665248,2578.877169411409,374.16136327216975,cam_2_1690310891_13-48-11.jpg
392,259,3279.6793292394127,385.75022991502783,3631.2278720546965,624.8775219525983,cam_2_1690310891_13-48-11.jpg
392,288,2537.279545299195,136.52932702181127,2729.924348844103,358.85069380349387,cam_2_1690310891_13-48-11.jpg
392,301,2673.1604171354593,399.01440410185444,3506.1858217188887,870.75720280286,cam_2_1690310891_13-48-11.jpg
392,311,2247.166923673606,431.94549411256264,2691.629989968426,669.0341765955918,cam_2_1690310891_13-48-11.jpg
392,317,3419.3317603643354,243.64215237670277,3600.1742793017597,452.84728192192716,cam_2_1690310891_13-48-11.jpg
392,322,2771.9007842579845,212.19875690654123,3160.766703590986,374.59263009085146,cam_2_1690310891_13-48-11.jpg
392,327,909.909990148778,181.3162651645669,1358.2671125296497,600.3333585560449,cam_2_1690310891_13-48-11.jpg
392,333,2138.652151017097,132.60214917219184,2497.6294231220704,382.01666071553325,cam_2_1690310891_13-48-11.jpg
392,336,1551.4498565481472,153.86463963196283,1919.8353805301424,486.36322962604277,cam_2_1690310891_13-48-11.jpg
392,340,494.5318762043371,212.94651810183413,871.65032186141,666.5035531795571,cam_2_1690310891_13-48-11.jpg
392,345,1750.692484331453,158.3982101839422,2073.180230371001,501.4034383664516,cam_2_1690310891_13-48-11.jpg
393,24,2480.961052682625,419.25160809353054,2826.8624606509757,601.1217262987763,cam_2_1690310921_13-48-41.jpg
393,74,2363.36248498627,150.3148708764437,2581.40218710048,377.47595380386315,cam_2_1690310921_13-48-41.jpg
393,259,3285.348337940079,385.9308875004115,3638.726321503358,628.8898056187168,cam_2_1690310921_13-48-41.jpg
393,288,2535.6658658109463,135.34729193573958,2729.7581867549416,358.59980567389516,cam_2_1690310921_13-48-41.jpg
393,301,2620.9072580331167,381.88986807791883,3518.9163875821146,912.2838877125278,cam_2_1690310921_13-48-41.jpg
393,311,2244.9385084509927,429.89995329792987,2695.9451353635154,669.2277006106642,cam_2_1690310921_13-48-41.jpg
393,317,3401.1367713299633,241.9255622706033,3577.7785164047636,449.5755103626864,cam_2_1690310921_13-48-41.jpg
393,322,2766.9437115759524,211.55950804399743,3157.774904647183,376.5351907537897,cam_2_1690310921_13-48-41.jpg
393,327,937.6106963868381,184.65802694086082,1366.1036349117298,596.872805051885,cam_2_1690310921_13-48-41.jpg
393,333,2121.7056952956555,131.86241554734335,2477.682770932466,381.1467384064222,cam_2_1690310921_13-48-41.jpg
393,336,1553.0520146439194,156.78034612860304,1916.5841464290181,489.40728980968095,cam_2_1690310921_13-48-41.jpg
393,340,491.9803695501664,214.65462105546607,871.4277105268238,666.8110683318516,cam_2_1690310921_13-48-41.jpg
393,345,1752.5396272673497,156.76793946187544,2072.0839787434506,498.4354260514614,cam_2_1690310921_13-48-41.jpg
394,24,2495.5176408010643,420.403700658674,2848.271905715,609.3652831470291,cam_2_1690311146_13-52-26.jpg
394,74,2360.4856774092646,152.15897645276542,2573.019412894356,378.05161950505067,cam_2_1690311146_13-52-26.jpg
394,259,3281.9160435450826,386.25081610421836,3635.2981190498685,629.9575353702604,cam_2_1690311146_13-52-26.jpg
394,288,2546.8980141391335,140.4413729683381,2744.2473890675915,362.54121375827503,cam_2_1690311146_13-52-26.jpg
394,301,2619.911052742619,391.91940451986096,3553.1862924962884,960.3928914882188,cam_2_1690311146_13-52-26.jpg
394,311,2237.061454944225,435.03001458734855,2678.714713049327,669.1328452170153,cam_2_1690311146_13-52-26.jpg
394,322,2754.8161893232477,208.9293671844884,3170.0494435585124,387.31419296403925,cam_2_1690311146_13-52-26.jpg
394,336,1537.4138420863926,154.5529858677359,1902.0006154564292,496.683591790961,cam_2_1690311146_13-52-26.jpg
394,340,468.7895543389153,207.19271617331498,860.1133017745345,669.0036807659928,cam_2_1690311146_13-52-26.jpg
394,343,2158.3385920663163,140.16855272912903,2412.747971518737,401.302318756128,cam_2_1690311146_13-52-26.jpg
394,345,1742.4100923115338,155.00143894712846,2067.212213467876,506.32452739424195,cam_2_1690311146_13-52-26.jpg
395,24,2497.66247985722,420.5656476455432,2852.9127111897565,613.3451061918016,cam_2_1690311176_13-52-56.jpg
395,74,2360.1252253798416,151.16823998669545,2563.5640573463425,370.8737664766162,cam_2_1690311176_13-52-56.jpg
395,259,3280.4243452104524,385.0303367902817,3637.92389324217,632.7621869905445,cam_2_1690311176_13-52-56.jpg
395,288,2545.78452196463,144.48206839128028,2745.2104343859987,363.9079446057692,cam_2_1690311176_13-52-56.jpg
395,301,2602.018886584241,389.9090281780355,3519.9998706733136,973.5850148927175,cam_2_1690311176_13-52-56.jpg
395,311,2239.267538773456,434.79108216514953,2681.4474320411555,668.3882288116341,cam_2_1690311176_13-52-56.jpg
395,322,2752.2646866985438,208.98073964997022,3175.223115689599,393.65099729493795,cam_2_1690311176_13-52-56.jpg
395,336,1530.9012809355916,154.04162472866489,1899.8559373747248,508.4545975365159,cam_2_1690311176_13-52-56.jpg
395,340,456.43650006622426,206.22137116588863,852.4177971029485,671.170657252796,cam_2_1690311176_13-52-56.jpg
395,343,2160.3489770965107,140.67517758796697,2417.162759420478,398.01321452482586,cam_2_1690311176_13-52-56.jpg
395,345,1738.9401884676613,156.4469147395307,2059.662418176064,507.9618003261256,cam_2_1690311176_13-52-56.jpg
396,24,2491.9034756961078,420.2800658817324,2831.6753632893315,605.4236814561475,cam_2_1690311416_13-56-56.jpg
396,74,2345.749594049188,150.51792255211467,2549.64688778519,374.07076739892614,cam_2_1690311416_13-56-56.jpg
396,151,3179.005408704158,221.03120897750046,3443.1185495017558,393.91325762997144,cam_2_1690311416_13-56-56.jpg
396,239,2980.158274342426,466.6030616178498,3410.606238600366,739.5534472638221,cam_2_1690311416_13-56-56.jpg
396,252,3276.564434498978,382.4751444515123,3582.1615779811063,586.1477887150643,cam_2_1690311416_13-56-56.jpg
396,288,2565.565679606467,146.2869044828917,2750.837031155388,353.5203704603127,cam_2_1690311416_13-56-56.jpg
396,297,2730.5778633788227,201.4872139004417,3064.740286061543,373.7685112274205,cam_2_1690311416_13-56-56.jpg
396,311,2243.05745791318,436.7374572989108,2676.5453561419145,665.0109565858181,cam_2_1690311416_13-56-56.jpg
396,336,1529.3524003106108,155.13464740000666,1884.5272034807463,502.3904696692265,cam_2_1690311416_13-56-56.jpg
396,343,2148.785973340976,141.84460008435815,2409.1564143718565,396.4446503156155,cam_2_1690311416_13-56-56.jpg
396,346,1279.0936687426254,175.90751208025958,1519.2610870946412,598.5880711045052,cam_2_1690311416_13-56-56.jpg
397,24,2495.971067311566,421.8979190706925,2830.6225816828887,604.7826701008241,cam_2_1690311476_13-57-56.jpg
397,74,2337.8330648528527,150.4160172671976,2537.47726296857,371.77134241075635,cam_2_1690311476_13-57-56.jpg
397,151,3198.988535859494,218.28567539667569,3447.5318603488986,389.8081411270032,cam_2_1690311476_13-57-56.jpg
397,215,3268.43612531612,387.5505329991249,3557.286161704992,622.9583704509932,cam_2_1690311476_13-57-56.jpg
397,239,2974.5073865556487,465.32289378578656,3410.787067433378,737.2437736045565,cam_2_1690311476_13-57-56.jpg
397,288,2576.998672364632,147.09271212108212,2753.445564140758,345.4334527347487,cam_2_1690311476_13-57-56.jpg
397,297,2785.108607787705,198.55525342211928,3123.098664188104,372.18621031333004,cam_2_1690311476_13-57-56.jpg
397,311,2244.851842722105,437.4329514559261,2669.6230379567887,660.87920365345,cam_2_1690311476_13-57-56.jpg
397,338,1589.7341490301244,157.5577197659406,1808.4237928921873,520.4175283977636,cam_2_1690311476_13-57-56.jpg
397,343,2158.2034837680744,145.13526731806095,2411.245399293062,387.3690675080369,cam_2_1690311476_13-57-56.jpg
398,24,2490.892524593075,419.031723350423,2813.119534274954,594.8433748100538,cam_2_1690311566_13-59-26.jpg
398,74,2337.9949805350384,152.06918937936905,2537.5003215105485,378.8865305343769,cam_2_1690311566_13-59-26.jpg
398,151,3151.19355461245,206.96113592588824,3380.8404625887747,360.720924202554,cam_2_1690311566_13-59-26.jpg
398,215,3235.727301837604,344.3027179522941,3677.364884797005,703.3858790131661,cam_2_1690311566_13-59-26.jpg
398,239,2969.00327999522,465.5028919459175,3407.6446763600356,736.0781592252606,cam_2_1690311566_13-59-26.jpg
398,288,2580.5404033056193,147.34867853184255,2757.806784221829,350.91952943984234,cam_2_1690311566_13-59-26.jpg
398,297,2802.674014104903,177.97527767494165,3112.834923518423,347.4264509781662,cam_2_1690311566_13-59-26.jpg
398,311,2241.6370930086205,436.84072587549144,2664.5641229532343,658.9803186364168,cam_2_1690311566_13-59-26.jpg
398,338,1552.4242370229078,164.22220542753973,1766.1258477188776,526.5080773658542,cam_2_1690311566_13-59-26.jpg
398,343,2144.068649639752,142.33510856775072,2411.4612170113473,394.46722040566806,cam_2_1690311566_13-59-26.jpg
398,345,1675.5345254600873,156.92530835064875,1988.418339928455,507.9725318680162,cam_2_1690311566_13-59-26.jpg
398,349,2443.1566263528885,149.70601527480747,2587.415305681204,366.1539580103149,cam_2_1690311566_13-59-26.jpg
398,350,2492.0424956498146,152.9733091345027,2633.274978585355,364.1247473789586,cam_2_1690311566_13-59-26.jpg
399,24,2495.579173801837,421.6593881096777,2819.060628226929,596.015990587575,cam_2_1690311581_13-59-41.jpg
399,74,2344.964816663994,151.13771035842052,2539.204617842787,378.6377953259243,cam_2_1690311581_13-59-41.jpg
399,151,3137.196321361483,205.44078910863044,3365.5666380344533,354.80459596735074,cam_2_1690311581_13-59-41.jpg
399,239,2960.927782451526,463.12278447530014,3405.4419092385533,735.1388817179145,cam_2_1690311581_13-59-41.jpg
399,252,3181.0345559339125,419.4713327028501,3548.999066649556,659.0769202967026,cam_2_1690311581_13-59-41.jpg
399,259,3282.2849536832823,383.569798639258,3630.2808520048015,623.0399519078393,cam_2_1690311581_13-59-41.jpg
399,288,2587.2772072446687,147.369196506892,2759.960681383704,349.68121644380756,cam_2_1690311581_13-59-41.jpg
399,297,2816.1613153155863,171.63202961094385,3102.433352770656,337.1921390968472,cam_2_1690311581_13-59-41.jpg
399,311,2246.0323489857296,439.53059250257627,2665.4770277559537,658.4880149658146,cam_2_1690311581_13-59-41.jpg
399,317,3368.197251571423,223.11285888398805,3554.4699471509907,426.9760579920204,cam_2_1690311581_13-59-41.jpg
399,338,1530.6594356107123,167.84548263850658,1740.4233070261823,529.8044066222028,cam_2_1690311581_13-59-41.jpg
399,343,2144.5963002448807,141.4424583277808,2421.497409048753,401.8525706808012,cam_2_1690311581_13-59-41.jpg
399,345,1664.487711200648,154.9634028382755,1973.1236452683431,509.14623528997464,cam_2_1690311581_13-59-41.jpg
399,349,2444.634137359684,148.17788285644917,2589.2269149172057,364.8550343871044,cam_2_1690311581_13-59-41.jpg
399,350,2494.271652507405,154.50315476696932,2636.535912703243,366.69942420163204,cam_2_1690311581_13-59-41.jpg
400,24,2491.450153346224,422.1308860030699,2811.2106994355954,593.285522488752,cam_2_1690311611_14-00-11.jpg
400,74,2345.8250179593624,150.58535794179173,2541.906999195129,383.940497200183,cam_2_1690311611_14-00-11.jpg
400,99,2861.7149987575135,171.19758422317966,3078.945429298505,330.8296267676136,cam_2_1690311611_14-00-11.jpg
400,151,3128.5840542645874,202.65000458971917,3356.3073898955163,348.17912193514303,cam_2_1690311611_14-00-11.jpg
400,239,2918.96547416299,456.9240354507589,3386.897093373665,735.2655992519669,cam_2_1690311611_14-00-11.jpg
400,252,3168.0468580207053,424.0008352020366,3542.462034562539,663.0283192749715,cam_2_1690311611_14-00-11.jpg
400,259,3277.4233926593665,383.67119863133826,3633.333413915654,628.8979341193289,cam_2_1690311611_14-00-11.jpg
400,288,2602.710718366316,154.54550076987198,2781.1204660422086,356.7021522058707,cam_2_1690311611_14-00-11.jpg
400,311,2247.6948975159926,439.78118665344016,2675.545676903502,661.73291148957,cam_2_1690311611_14-00-11.jpg
400,317,3371.8638242371408,225.32113978052632,3567.303918994616,432.4464898399541,cam_2_1690311611_14-00-11.jpg
400,338,1531.5377645505273,167.41117126200584,1735.3487415639033,526.9122104916582,cam_2_1690311611_14-00-11.jpg
400,343,2137.6230107012957,141.66982119304944,2417.937669492444,402.522648789502,cam_2_1690311611_14-00-11.jpg
400,345,1665.4053295727165,155.03835261782336,1974.4312209109476,514.3877170577643,cam_2_1690311611_14-00-11.jpg
400,349,2447.5892960900824,148.25899122477824,2596.410031290093,370.99958682868225,cam_2_1690311611_14-00-11.jpg
400,350,2497.809410025403,162.12367601836576,2638.2278881081397,372.2831237163366,cam_2_1690311611_14-00-11.jpg
401,24,2491.273243556538,420.21405883653205,2811.6089580866696,590.8257447975135,cam_2_1690311716_14-01-56.jpg
401,74,2339.421669958932,153.65186334353524,2535.341790452468,392.34161189528567,cam_2_1690311716_14-01-56.jpg
401,99,2859.2252261390045,172.31197561926132,3057.463304153895,331.2997912383671,cam_2_1690311716_14-01-56.jpg
401,151,3134.710380341974,200.9961654532326,3361.414693995258,345.02704190587383,cam_2_1690311716_14-01-56.jpg
401,239,2900.5914670217994,457.7421259941067,3374.537189309308,733.7404030837417,cam_2_1690311716_14-01-56.jpg
401,252,3160.7762160743796,420.0799597979768,3540.9320800239575,660.6096284649899,cam_2_1690311716_14-01-56.jpg
401,259,3282.80800447837,383.4677509145689,3635.7827590084144,626.929756134668,cam_2_1690311716_14-01-56.jpg
401,288,2564.3364934041365,153.4667671534581,2744.107815087545,361.1934155302289,cam_2_1690311716_14-01-56.jpg
401,311,2245.6812883094126,438.60274718926667,2678.868752240588,662.8116873520353,cam_2_1690311716_14-01-56.jpg
401,342,1834.1138575375564,150.63198401469808,2094.067620519928,489.4555887338091,cam_2_1690311716_14-01-56.jpg
401,343,2137.6142521311576,140.87860345773734,2423.0923502711335,406.2556554436152,cam_2_1690311716_14-01-56.jpg
401,350,2471.30224473639,159.70502323586055,2616.7077141693453,377.7626058773926,cam_2_1690311716_14-01-56.jpg
402,24,2484.1861635150135,420.5516063959132,2809.6088102555586,592.8954453304194,cam_2_1690311791_14-03-11.jpg
402,74,2333.138823480807,154.94083839577678,2527.719050387398,396.39485066119903,cam_2_1690311791_14-03-11.jpg
402,99,2866.882568027112,171.3571972814742,3050.353358355125,327.6123483026025,cam_2_1690311791_14-03-11.jpg
402,151,3132.9333169624247,203.66489307459352,3359.960709314515,346.875723244993,cam_2_1690311791_14-03-11.jpg
402,239,2889.4617143473424,456.64411599652317,3372.001346362734,732.4256283724412,cam_2_1690311791_14-03-11.jpg
402,252,3162.0534489243537,421.5792688769241,3546.515948430313,662.0193433868167,cam_2_1690311791_14-03-11.jpg
402,259,3280.3946811044425,388.2846196053696,3635.161951474084,632.8429755236097,cam_2_1690311791_14-03-11.jpg
402,288,2546.682544011787,153.09773781402293,2724.04683747617,362.46943798120697,cam_2_1690311791_14-03-11.jpg
402,311,2245.9947495300016,440.05437916893413,2677.3544436324355,662.5735920363489,cam_2_1690311791_14-03-11.jpg
402,317,3357.985533335089,222.51933850034538,3552.743070923016,432.96939871138943,cam_2_1690311791_14-03-11.jpg
402,342,1821.6873538068348,151.8067260955277,2078.563763228475,496.63127017290947,cam_2_1690311791_14-03-11.jpg
402,343,2131.0348088329583,142.62654536652678,2416.757772431728,407.45893525323527,cam_2_1690311791_14-03-11.jpg
402,349,2437.099478249684,152.15007993313554,2590.94012406644,384.1339123210222,cam_2_1690311791_14-03-11.jpg
402,350,2464.7923538210175,156.07136347052702,2609.481419478049,373.6548635443023,cam_2_1690311791_14-03-11.jpg
403,24,2486.018721600398,422.4352033792241,2807.2805634217366,591.6156115221979,cam_2_1690311881_14-04-41.jpg
403,74,2327.2153386750992,155.36417595279892,2515.7496716270293,391.8842818609015,cam_2_1690311881_14-04-41.jpg
403,151,3136.0803721152038,202.73618462802705,3369.1845124135198,347.412551021793,cam_2_1690311881_14-04-41.jpg
403,239,2884.292847537884,455.6976637492182,3372.5276393109875,732.4496117586743,cam_2_1690311881_14-04-41.jpg
403,252,3173.50922471507,418.9793761907175,3555.9619481738528,659.5214699935569,cam_2_1690311881_14-04-41.jpg
403,259,3282.9871527901387,388.89330449074316,3637.331290388953,632.8869663287321,cam_2_1690311881_14-04-41.jpg
403,288,2543.4734069744623,151.73748290838722,2717.2356835762225,361.0495355321653,cam_2_1690311881_14-04-41.jpg
403,311,2246.2586803323343,440.03814495629973,2679.0871911141985,662.8153413200835,cam_2_1690311881_14-04-41.jpg
403,317,3355.313061555604,222.72052761111047,3538.964441166811,423.6432162592272,cam_2_1690311881_14-04-41.jpg
403,342,1820.14168899945,151.07971756394784,2070.3169851015527,494.83027664387805,cam_2_1690311881_14-04-41.jpg
403,343,2113.005328357076,142.6926145606668,2404.8669420060533,408.9413439334867,cam_2_1690311881_14-04-41.jpg
403,350,2458.0698861358824,159.04306099467127,2602.105176326492,376.10675981418945,cam_2_1690311881_14-04-41.jpg
403,355,3466.983286982681,251.179106841416,3816.204599295804,498.9304311317584,cam_2_1690311881_14-04-41.jpg
404,24,2490.2853252558343,425.0764139683678,2824.4205990814357,600.9466276657691,cam_2_1690311911_14-05-11.jpg
404,74,2329.3660377864094,154.19504600193312,2518.6103169383273,394.2086877605403,cam_2_1690311911_14-05-11.jpg
404,239,2880.1772306181288,453.10181440959957,3376.3645089410866,732.2615174375428,cam_2_1690311911_14-05-11.jpg
404,252,3166.5226229728196,414.1762856653676,3556.211624811011,659.3006471237752,cam_2_1690311911_14-05-11.jpg
404,259,3281.90068585458,390.93059344540416,3634.9330575136373,633.2653688983182,cam_2_1690311911_14-05-11.jpg
404,288,2540.66732947914,151.86753595217917,2715.0425203555533,366.8059115996075,cam_2_1690311911_14-05-11.jpg
404,311,2240.886523737651,439.6640334388179,2676.4039507297457,663.8560141988422,cam_2_1690311911_14-05-11.jpg
404,317,3296.4965704545466,237.48364236266247,3515.3797526917483,451.5938381043825,cam_2_1690311911_14-05-11.jpg
404,318,3547.9912737359155,256.79051782849996,3994.8693698903908,522.2235972687968,cam_2_1690311911_14-05-11.jpg
404,342,1829.573284904547,155.47496458024858,2076.0479127737303,495.2943735339033,cam_2_1690311911_14-05-11.jpg
404,343,2117.6610643381873,142.11820073891215,2408.730020415005,406.3465931125045,cam_2_1690311911_14-05-11.jpg
404,350,2455.4941979456135,149.5607118920866,2603.818950340665,374.5564393817448,cam_2_1690311911_14-05-11.jpg
405,24,2488.913807770112,424.627315414522,2814.5514638117343,595.4898313619888,cam_2_1690311926_14-05-26.jpg
405,74,2331.352524630613,155.0073170106931,2518.5017756455836,395.9580629812767,cam_2_1690311926_14-05-26.jpg
405,239,2881.5470049425753,453.86797452985616,3380.2633370738554,732.4054814578712,cam_2_1690311926_14-05-26.jpg
405,252,3160.5910268846415,412.30106659287117,3556.0889407001946,660.7765443182852,cam_2_1690311926_14-05-26.jpg
405,259,3284.6045351039947,387.1153671976261,3632.3106101701414,624.3302904537077,cam_2_1690311926_14-05-26.jpg
405,288,2545.8939984312956,149.47633804828666,2716.289091294927,363.72197378567546,cam_2_1690311926_14-05-26.jpg
405,311,2247.542673184485,440.9096062635184,2686.0174427015845,665.4260334467422,cam_2_1690311926_14-05-26.jpg
405,317,3265.1011071951266,242.8763827470616,3505.1188021279168,458.38145280857213,cam_2_1690311926_14-05-26.jpg
405,318,3550.338410548576,256.06543008363803,3996.252409968118,527.2637556306763,cam_2_1690311926_14-05-26.jpg
405,342,1828.6764757657804,151.4590845772584,2075.691237570841,496.4317921953219,cam_2_1690311926_14-05-26.jpg
405,343,2120.1010631493828,142.32200644279294,2410.4712362830883,404.84172506467735,cam_2_1690311926_14-05-26.jpg
405,350,2454.491863634527,153.61311539224783,2602.8715381068346,379.4988141889145,cam_2_1690311926_14-05-26.jpg
406,24,2475.244335425833,421.8020004814302,2799.3615405971887,589.6368050351913,cam_2_1690312091_14-08-11.jpg
406,159,3117.646909330605,217.40322519174492,3407.286161289477,340.27995957180656,cam_2_1690312091_14-08-11.jpg
406,311,2246.5331123140604,446.3457714984559,2680.5714623340236,667.5440551885195,cam_2_1690312091_14-08-11.jpg
406,318,3558.3923758962674,255.26635983784104,4011.1146091965143,530.333174867353,cam_2_1690312091_14-08-11.jpg
406,320,2934.426122931509,347.8953286586001,3459.9896396639992,720.6681938427673,cam_2_1690312091_14-08-11.jpg
406,322,2769.920784015537,200.37668220225805,3145.0730737393096,363.31676671799823,cam_2_1690312091_14-08-11.jpg
406,333,2586.6071174497874,137.81596592382886,2885.0984911593896,348.1572448165636,cam_2_1690312091_14-08-11.jpg
406,342,1831.0040687616495,157.16266704177903,2069.254617425041,489.3903320781279,cam_2_1690312091_14-08-11.jpg
406,343,2121.4609118419594,144.86573131281227,2408.3126441677355,407.67760424984635,cam_2_1690312091_14-08-11.jpg
407,24,2477.232199230257,424.75555485291176,2800.0045979201736,591.8913437895126,cam_2_1690312226_14-10-26.jpg
407,74,2266.3806366014337,137.8831505351241,2470.530123870821,396.9294271169515,cam_2_1690312226_14-10-26.jpg
407,159,3113.081423199381,221.2680338785752,3405.441880931875,343.6627485600925,cam_2_1690312226_14-10-26.jpg
407,311,2236.724930865524,443.2203139381656,2687.710068672735,672.7748497800488,cam_2_1690312226_14-10-26.jpg
407,320,2924.2039305614107,349.3237923619623,3514.0430246468886,760.2827623214741,cam_2_1690312226_14-10-26.jpg
407,322,2778.628770951103,202.71617894606072,3149.6729860578625,365.2026554959966,cam_2_1690312226_14-10-26.jpg
407,325,3391.9219037710063,475.98395993337806,3819.0668551416256,911.2483953375995,cam_2_1690312226_14-10-26.jpg
407,333,2600.4086262844235,137.12393016445603,2899.262414283825,350.25195810850016,cam_2_1690312226_14-10-26.jpg
407,350,2427.2866437579623,142.49068641651303,2585.2288882916755,382.7701196207082,cam_2_1690312226_14-10-26.jpg
408,24,2482.0959376455908,426.03978945023124,2804.5351398264183,591.3130130752533,cam_2_1690312256_14-10-56.jpg
408,74,2248.723577158086,135.37761531781308,2459.4087434241574,400.5813112791795,cam_2_1690312256_14-10-56.jpg
408,159,3148.171868286024,221.1070219718813,3413.5785531342626,322.954208059847,cam_2_1690312256_14-10-56.jpg
408,215,3318.7740148522694,258.93699226923286,3652.952429239985,518.6944342855859,cam_2_1690312256_14-10-56.jpg
408,297,2801.409167818706,204.47065501492682,3092.022280299864,369.09739283795716,cam_2_1690312256_14-10-56.jpg
408,311,2256.887861147071,445.3838001490561,2709.2550351318473,672.1561245457923,cam_2_1690312256_14-10-56.jpg
408,320,2933.9528550073046,348.51731719443234,3549.2684826706413,778.2590314774234,cam_2_1690312256_14-10-56.jpg
408,333,2601.3137010608793,138.60580028920558,2899.5385456093013,353.57274235735986,cam_2_1690312256_14-10-56.jpg
408,350,2420.156359724212,142.4727271688855,2578.0917842859053,382.09555643440615,cam_2_1690312256_14-10-56.jpg
409,24,2467.8439512932046,427.06607711809056,2798.7580918651324,596.0037928151069,cam_2_1690312496_14-14-56.jpg
409,152,2523.8331479030703,159.29054928637245,2840.442061448135,369.31987099083494,cam_2_1690312496_14-14-56.jpg
409,159,3054.98001766341,213.8758801262302,3316.8988467768136,314.67987136058457,cam_2_1690312496_14-14-56.jpg
409,215,3277.5679475766597,252.498389696752,3605.4691063397895,506.5117396671287,cam_2_1690312496_14-14-56.jpg
409,252,3187.1300495730356,412.5928736586868,3565.7967165598375,650.6987890389769,cam_2_1690312496_14-14-56.jpg
409,259,3258.7228171262104,395.6712547224514,3614.813767604326,635.1125569288898,cam_2_1690312496_14-14-56.jpg
409,283,2842.897261776535,212.71975243315862,3192.4642226775973,407.24219500494166,cam_2_1690312496_14-14-56.jpg
409,311,2243.3830242687286,445.0579377458262,2692.156700570305,669.6396368770439,cam_2_1690312496_14-14-56.jpg
409,320,3036.2262727764805,396.2360700883176,3512.607405798867,720.027423400938,cam_2_1690312496_14-14-56.jpg
410,24,2466.8488104432718,429.5914875029031,2796.2450138974964,596.4455714679915,cam_2_1690312616_14-16-56.jpg
410,152,2467.5413294323034,148.47521209774465,2789.308692723803,369.5560725228879,cam_2_1690312616_14-16-56.jpg
410,159,3083.1990706267384,216.91740764658343,3340.8960440216906,311.5191612185858,cam_2_1690312616_14-16-56.jpg
410,226,2797.227794754774,206.40737774736704,3133.795799397475,433.3602456255262,cam_2_1690312616_14-16-56.jpg
410,259,3195.487886811139,341.9569171364136,3712.391982949347,700.8293485785493,cam_2_1690312616_14-16-56.jpg
410,311,2243.6926797651868,449.13204010404235,2677.499108685744,664.8061812663411,cam_2_1690312616_14-16-56.jpg
410,320,3050.8203713014937,420.6667090415804,3474.91389909699,697.9635562034182,cam_2_1690312616_14-16-56.jpg
410,343,2145.610945940857,151.28236428191218,2430.392433323652,405.2084235449247,cam_2_1690312616_14-16-56.jpg
411,24,2469.4733433941933,430.0882377664484,2794.5721950239217,594.310556785746,cam_2_1690312661_14-17-41.jpg
411,152,2444.1685148926663,143.4628211288657,2758.954908158849,369.07696816551686,cam_2_1690312661_14-17-41.jpg
411,159,3091.6060359106273,219.33410605903322,3352.8882489791504,312.1771845304378,cam_2_1690312661_14-17-41.jpg
411,259,3170.077718461412,327.76339269724906,3728.1724051048354,720.1365692719494,cam_2_1690312661_14-17-41.jpg
411,311,2246.298738532935,447.25833839834957,2679.352705364393,662.0752040269135,cam_2_1690312661_14-17-41.jpg
411,320,3043.223612633202,425.90569271519234,3464.688918343816,692.0347598823694,cam_2_1690312661_14-17-41.jpg
411,322,2731.1255423043153,218.48984421407107,3154.367568453272,403.07846434338586,cam_2_1690312661_14-17-41.jpg
411,343,2130.121638054061,151.5821004688528,2422.344322008769,403.9159068880376,cam_2_1690312661_14-17-41.jpg
411,361,3533.725681242713,254.42074446857313,3666.5342095500896,372.0073251236351,cam_2_1690312661_14-17-41.jpg
412,24,2463.298151371502,429.65037505352655,2781.4363672658387,590.228129324012,cam_2_1690312676_14-17-56.jpg
412,152,2437.6180793152303,139.82944980179917,2750.0365603960877,367.7295656813553,cam_2_1690312676_14-17-56.jpg
412,159,3093.4685504439267,222.31897643336671,3354.9147070923755,312.1585209364284,cam_2_1690312676_14-17-56.jpg
412,239,2987.5187530070016,427.1843886726516,3476.9080671824304,697.1928166235182,cam_2_1690312676_14-17-56.jpg
412,259,3161.8125657317487,320.76226132552597,3735.3247197333685,729.1556372354294,cam_2_1690312676_14-17-56.jpg
412,311,2255.3932801301657,446.28740269818076,2694.747854419698,663.141433610183,cam_2_1690312676_14-17-56.jpg
412,322,2718.111397959468,221.22182549720063,3148.962132648757,410.15226861082954,cam_2_1690312676_14-17-56.jpg
412,325,3462.721261059213,332.14270855006544,3804.629277965185,683.6428571759998,cam_2_1690312676_14-17-56.jpg
412,343,2144.716215694078,151.1952864180662,2438.6938417013102,402.92283109424386,cam_2_1690312676_14-17-56.jpg
413,159,3110.6666747220615,225.46193636793083,3376.6161353799366,314.1406993836413,cam_2_1690312826_14-20-26.jpg
413,239,3001.362572060678,424.9686803777147,3494.0561535835077,696.1222499080127,cam_2_1690312826_14-20-26.jpg
413,259,3177.813540174483,322.26124714556124,3748.4969277027476,731.8591692049356,cam_2_1690312826_14-20-26.jpg
413,288,2545.8401515866744,143.54062280422278,2722.001964308239,362.45905677305893,cam_2_1690312826_14-20-26.jpg
413,311,2112.0796579312337,324.8852787245271,2739.2546844635785,642.7314426436535,cam_2_1690312826_14-20-26.jpg
413,322,2712.1338342386916,219.78787871589424,3148.996850846877,412.62238052111195,cam_2_1690312826_14-20-26.jpg
413,343,2160.9300817107924,153.08972648643226,2395.340543200149,333.3828339954322,cam_2_1690312826_14-20-26.jpg
414,152,2463.6218082051837,146.892239551758,2763.0443238013913,371.4215364382127,cam_2_1690313096_14-24-56.jpg
414,226,2902.7631125577636,208.54206056325856,3171.208725301174,383.8647367785595,cam_2_1690313096_14-24-56.jpg
414,239,3011.444307609341,428.05361088029815,3493.8337485709444,691.2164571401096,cam_2_1690313096_14-24-56.jpg
414,252,3198.2917519553275,417.66183736695075,3574.7637700201153,650.2510959456113,cam_2_1690313096_14-24-56.jpg
414,297,2697.7771636073426,221.45446986257346,3057.152741690011,422.5511105206374,cam_2_1690313096_14-24-56.jpg
414,311,2052.005830068966,263.37062419264055,2756.52771199321,632.498989860378,cam_2_1690313096_14-24-56.jpg
414,325,3428.593773592992,315.23451758822796,3805.3719367815197,685.5707666350335,cam_2_1690313096_14-24-56.jpg
414,343,2179.772538246364,146.97071115489447,2394.277463111119,297.97039187561234,cam_2_1690313096_14-24-56.jpg
415,152,2510.753768659537,152.28794046447933,2780.952161466318,359.3632073286744,cam_2_1690313171_14-26-11.jpg
415,239,3014.441734416171,429.7484149913005,3490.6413503612694,687.1024185420947,cam_2_1690313171_14-26-11.jpg
415,252,3199.1424951103177,415.3155328940025,3580.5259635861717,649.5100298271877,cam_2_1690313171_14-26-11.jpg
415,288,2540.467626970588,153.52852668828007,2715.450129223907,363.26415135589707,cam_2_1690313171_14-26-11.jpg
415,311,2031.9598324584636,232.55085780506437,2770.0922882191617,632.387661671019,cam_2_1690313171_14-26-11.jpg
415,322,2674.5831974832104,220.04275950444577,3128.5669235595883,422.5761846594377,cam_2_1690313171_14-26-11.jpg
415,325,3420.1941997858025,318.7757912317615,3816.263459056267,690.9243057486726,cam_2_1690313171_14-26-11.jpg
415,343,2192.226503352371,146.1957654044844,2405.0797269033055,283.82056126545694,cam_2_1690313171_14-26-11.jpg
415,349,2515.1045153470104,164.27388578320887,2656.7264767752226,368.8048067732705,cam_2_1690313171_14-26-11.jpg
415,364,2696.2541897545916,134.3654779034586,2894.778765701101,220.45032891322262,cam_2_1690313171_14-26-11.jpg
416,239,3012.592171869971,428.5702147919208,3492.796143928953,686.7917176416154,cam_2_1690313201_14-26-41.jpg
416,252,3195.6777204710656,412.9731979677611,3582.871183944889,649.3572109876366,cam_2_1690313201_14-26-41.jpg
416,288,2502.2290403040397,151.85373632128332,2679.566146862799,362.805329358598,cam_2_1690313201_14-26-41.jpg
416,311,2033.4244320062726,222.45584312188228,2763.48767741711,630.2766926834616,cam_2_1690313201_14-26-41.jpg
416,322,2669.6186451990793,220.71546620790144,3123.724484696147,425.3103314022534,cam_2_1690313201_14-26-41.jpg
416,325,3431.0723341115854,313.77433717631516,3844.628011820999,698.0160212349756,cam_2_1690313201_14-26-41.jpg
416,343,2170.260678311013,144.8126936756827,2406.256875835859,289.1462669108512,cam_2_1690313201_14-26-41.jpg
416,364,2692.7834839131765,134.36033145671036,2897.6664523601016,223.1517463267597,cam_2_1690313201_14-26-41.jpg
416,366,3194.4292685967594,237.41021870555699,3536.6154836708542,322.9140220191084,cam_2_1690313201_14-26-41.jpg
417,239,3009.8528545629188,428.7951990814993,3495.210329099804,688.1569976444298,cam_2_1690313216_14-26-56.jpg
417,252,3196.808910920429,412.6494765394074,3584.315955185886,648.0398861357431,cam_2_1690313216_14-26-56.jpg
417,288,2478.8104529089633,146.45647313702585,2656.112001602243,357.0129150745332,cam_2_1690313216_14-26-56.jpg
417,311,2040.3893882282553,214.61979934117153,2756.6826528586125,626.814226364402,cam_2_1690313216_14-26-56.jpg
417,318,3614.2319301113976,265.64749329134077,4001.6645820164363,506.0711616187744,cam_2_1690313216_14-26-56.jpg
417,322,2671.2929834866163,220.02783376930344,3120.7260557704426,423.97611951785166,cam_2_1690313216_14-26-56.jpg
417,325,3412.704567743869,317.8024165867822,3833.08282240014,698.8698938255473,cam_2_1690313216_14-26-56.jpg
417,343,2158.7937776490508,144.52945941454323,2410.5989816901842,291.3635792029214,cam_2_1690313216_14-26-56.jpg
417,364,2694.3361033052256,135.35673946317183,2897.5025627432333,223.42097427137054,cam_2_1690313216_14-26-56.jpg
417,366,3221.0043509984425,241.47345473473308,3559.0880812924133,325.92443068033583,cam_2_1690313216_14-26-56.jpg
418,239,3003.3162793164915,426.7372497730549,3493.341154766041,687.3422947635711,cam_2_1690313291_14-28-11.jpg
418,252,3189.7234340957675,411.6284669834535,3583.7905480690306,650.1884015899329,cam_2_1690313291_14-28-11.jpg
418,288,2473.982803469136,146.5247590714097,2654.453292876659,359.39973616034047,cam_2_1690313291_14-28-11.jpg
418,311,2051.611429418739,216.69048240164494,2748.8593763718536,627.8155131624442,cam_2_1690313291_14-28-11.jpg
418,318,3631.85127825786,267.0715749347426,4000.8339983702426,494.5896694096708,cam_2_1690313291_14-28-11.jpg
418,322,2666.230776937216,218.84923666084367,3115.2488334683876,424.02442708891874,cam_2_1690313291_14-28-11.jpg
418,325,3377.7471920414496,311.43173709133697,3806.4019291887275,691.7177896123883,cam_2_1690313291_14-28-11.jpg
418,343,2159.3616177053204,144.98901866005733,2412.1997376465424,286.01549266452764,cam_2_1690313291_14-28-11.jpg
418,364,2699.377785086767,137.46361176193818,2892.844350547395,221.33669378696123,cam_2_1690313291_14-28-11.jpg
418,366,3236.2286907310513,243.72343331578034,3565.843873450071,325.95625091223235,cam_2_1690313291_14-28-11.jpg
419,239,3006.2490198815376,427.7068084484464,3496.711881842525,687.2593963398301,cam_2_1690313351_14-29-11.jpg
419,252,3190.5751921625556,410.4309210820502,3582.1513149754974,646.8887948451375,cam_2_1690313351_14-29-11.jpg
419,288,2467.2994874165015,143.094864555557,2652.3901993419495,360.96192678472096,cam_2_1690313351_14-29-11.jpg
419,311,2052.052505976932,215.8173235951941,2723.639924998326,621.9270686848172,cam_2_1690313351_14-29-11.jpg
419,322,2675.356366047222,218.40107906283657,3119.5483707796425,422.05832009955094,cam_2_1690313351_14-29-11.jpg
419,325,3350.5743398824397,309.6174379172409,3788.4728198942817,690.3558857935545,cam_2_1690313351_14-29-11.jpg
419,343,2154.8516501504387,143.67155131284358,2419.2710864940245,286.4643536410201,cam_2_1690313351_14-29-11.jpg
419,355,3617.388949983032,262.2046898539053,3992.3821447201212,534.1921312028751,cam_2_1690313351_14-29-11.jpg
419,364,2700.4192546478907,137.81013751350517,2890.801356272173,220.12370795837475,cam_2_1690313351_14-29-11.jpg
419,366,3241.3498344142804,244.90958096835624,3579.368154162762,329.0748075470212,cam_2_1690313351_14-29-11.jpg
419,370,2599.3926475466396,142.71494343446497,2778.872598946061,255.7849160930308,cam_2_1690313351_14-29-11.jpg
420,239,3011.1112639048984,428.66719261743765,3502.606386004117,689.7394233773161,cam_2_1690313411_14-30-11.jpg
420,252,3186.5136474001465,413.1198376145344,3580.0673328540315,649.8017020595839,cam_2_1690313411_14-30-11.jpg
420,288,2474.1053976036046,143.8433513193257,2653.12709541969,352.4412100454249,cam_2_1690313411_14-30-11.jpg
420,311,2091.134699718419,222.59091671034122,2719.809143478748,606.9648300942388,cam_2_1690313411_14-30-11.jpg
420,318,3656.803732556445,261.6490850692547,4021.8270891657785,483.69573674878313,cam_2_1690313411_14-30-11.jpg
420,322,2662.1189769156363,217.75852947547992,3102.8891286107487,420.840504548023,cam_2_1690313411_14-30-11.jpg
420,325,3380.2435397022523,316.2315339214152,3832.936357069432,709.821368769801,cam_2_1690313411_14-30-11.jpg
420,343,2150.162267433392,145.83497202778508,2420.4910995356677,286.88609025378184,cam_2_1690313411_14-30-11.jpg
420,364,2698.2699279362655,137.85864965660465,2887.909317935554,219.82431438857398,cam_2_1690313411_14-30-11.jpg
420,366,3235.0364674406064,245.48875663715958,3588.7526938848528,333.8302025032568,cam_2_1690313411_14-30-11.jpg
420,370,2603.530378398223,137.41071697144832,2759.173663934259,234.0136464670781,cam_2_1690313411_14-30-11.jpg
421,24,2421.800349807173,422.2934068718631,2728.172060874876,574.8331404498342,cam_2_1690313921_14-38-41.jpg
421,239,3034.9353555965026,424.406287874574,3516.3826495609546,683.8644315056767,cam_2_1690313921_14-38-41.jpg
421,252,3181.2602009317166,409.16335078768293,3580.3363315384972,649.3965628499429,cam_2_1690313921_14-38-41.jpg
421,259,3271.33252479578,308.15565869692614,3790.9456895169606,679.6738818166637,cam_2_1690313921_14-38-41.jpg
421,297,2668.4242709486316,213.94089360428873,2995.780085748556,395.8246104971802,cam_2_1690313921_14-38-41.jpg
421,343,2071.397764553973,145.77956887211536,2475.6796778826138,360.2354189219272,cam_2_1690313921_14-38-41.jpg
421,349,2547.682292455516,136.79580252330615,2712.337108768973,366.1214821963946,cam_2_1690313921_14-38-41.jpg
421,364,2706.539477778296,140.50970965325735,2886.451713395518,217.26597220754812,cam_2_1690313921_14-38-41.jpg
421,366,3324.3692288233824,245.66555508231662,3682.8895598129016,337.50427218657467,cam_2_1690313921_14-38-41.jpg
422,24,2426.016823854462,424.4110011310527,2732.6739153152816,573.0182866421369,cam_2_1690313981_14-39-41.jpg
422,152,2501.9279348955706,148.7102076609577,2777.7693939242054,365.07314809334605,cam_2_1690313981_14-39-41.jpg
422,159,3099.3631957801167,216.30930653026593,3416.851731727522,321.8623915889759,cam_2_1690313981_14-39-41.jpg
422,239,3033.4655305954698,426.6160372759393,3514.341433131766,687.2344554094418,cam_2_1690313981_14-39-41.jpg
422,252,3179.767309251399,404.9176561663549,3584.807295165939,649.2997557353689,cam_2_1690313981_14-39-41.jpg
422,259,3269.6226441534113,305.8574800066343,3784.9443424651145,674.1591693558364,cam_2_1690313981_14-39-41.jpg
422,297,2662.727712882648,217.27204788345682,3038.791392261198,425.92235958981723,cam_2_1690313981_14-39-41.jpg
422,301,2632.2177655736623,505.85399462750365,3185.6191429394585,847.3430494818008,cam_2_1690313981_14-39-41.jpg
422,343,2052.7768852355484,143.38558360337132,2493.1656889094807,382.144137335951,cam_2_1690313981_14-39-41.jpg
422,345,830.4105350033301,186.80191465071613,1194.9093296882834,624.8964993708046,cam_2_1690313981_14-39-41.jpg
422,364,2696.383292435714,139.92227915341385,2892.6690874181436,223.83765097122765,cam_2_1690313981_14-39-41.jpg
423,24,2423.1771345771435,426.2701457104226,2731.637036954407,572.3407969989357,cam_2_1690313996_14-39-56.jpg
423,152,2500.2847643797872,142.44367290461892,2777.0480829998196,367.2142137644395,cam_2_1690313996_14-39-56.jpg
423,159,3086.800756965424,216.1088317417899,3418.2433386963207,328.0482518954782,cam_2_1690313996_14-39-56.jpg
423,239,3032.39912010855,428.5176027889148,3510.1024176841192,687.7394514549156,cam_2_1690313996_14-39-56.jpg
423,252,3185.7947796751164,407.02142791543326,3587.9286571277175,650.3778807914616,cam_2_1690313996_14-39-56.jpg
423,259,3272.1982767247646,305.63885429919367,3787.3487744282857,674.6200833900583,cam_2_1690313996_14-39-56.jpg
423,297,2658.896597391035,218.19687783540056,3046.8666828455475,432.2910959505223,cam_2_1690313996_14-39-56.jpg
423,301,2644.4403132269103,510.9860148347284,3183.336060271053,839.0296612141674,cam_2_1690313996_14-39-56.jpg
423,343,2049.7097311997063,143.57559343750094,2498.9919028756594,392.6378570251601,cam_2_1690313996_14-39-56.jpg
423,345,818.5244760241815,186.15246386550584,1177.3812092894657,625.515194438728,cam_2_1690313996_14-39-56.jpg
423,364,2695.648342318004,141.53517659122306,2890.063093610125,223.9703042697223,cam_2_1690313996_14-39-56.jpg
424,24,2419.031996549118,427.7071313846775,2728.237651186979,572.0950832354354,cam_2_1690314026_14-40-26.jpg
424,152,2503.0459876143827,144.29990938089077,2776.3294535962486,368.66794499756554,cam_2_1690314026_14-40-26.jpg
424,159,3079.0686568857354,214.53375982061243,3423.9578357214514,333.40906376661974,cam_2_1690314026_14-40-26.jpg
424,239,3029.5127098524767,428.95292169506536,3507.622977438321,688.6391454020763,cam_2_1690314026_14-40-26.jpg
424,252,3182.611468317547,405.64561585023904,3585.0885671142146,649.3030469376663,cam_2_1690314026_14-40-26.jpg
424,259,3268.4807345278673,309.55862090203755,3775.5045172957616,673.0093550243919,cam_2_1690314026_14-40-26.jpg
424,283,2866.530579536794,200.31363197768684,3206.7854974060133,380.4562470741176,cam_2_1690314026_14-40-26.jpg
424,297,2664.670250022022,221.4252092842699,3056.186943461129,435.22999750274414,cam_2_1690314026_14-40-26.jpg
424,301,2633.914094002733,511.8331930419422,3178.260463012883,839.1117847831867,cam_2_1690314026_14-40-26.jpg
424,343,2052.94594779031,143.29937562490858,2495.8892349284915,393.31021769040876,cam_2_1690314026_14-40-26.jpg
424,345,815.4200916614209,183.27308434129438,1170.8936361021742,628.2644565163444,cam_2_1690314026_14-40-26.jpg
424,364,2693.6390594170507,142.08371266157963,2891.8263103492322,225.63891137638336,cam_2_1690314026_14-40-26.jpg
425,24,2418.5140707360283,427.3981648407337,2724.6795304095135,567.4723165021478,cam_2_1690314176_14-42-56.jpg
425,152,2511.5257677938553,134.230606051334,2788.337846556282,361.12944907908457,cam_2_1690314176_14-42-56.jpg
425,159,3072.3940594490873,215.9337278825468,3441.103904219098,344.60883932944216,cam_2_1690314176_14-42-56.jpg
425,239,3030.5713911225866,430.6848041342246,3504.021796959031,687.5421444656038,cam_2_1690314176_14-42-56.jpg
425,252,3193.1514674216664,413.29189155300264,3581.9902255529946,647.9584693432248,cam_2_1690314176_14-42-56.jpg
425,259,3317.047495787159,311.44906785201556,3815.1868141350515,671.7897721735353,cam_2_1690314176_14-42-56.jpg
425,283,2851.4575658437125,199.49959128147339,3218.009617863396,392.1738605143596,cam_2_1690314176_14-42-56.jpg
425,297,2648.5028944402657,220.60945551962973,3040.365791632178,437.3669048836581,cam_2_1690314176_14-42-56.jpg
425,301,2620.5478045456807,510.4580770375857,3177.2086852646567,840.8629182697607,cam_2_1690314176_14-42-56.jpg
425,338,977.4536951114878,195.19520376600056,1227.7329021856003,631.3887778115646,cam_2_1690314176_14-42-56.jpg
425,343,2049.9236810305974,141.6702091741846,2490.612418739769,392.9953724588539,cam_2_1690314176_14-42-56.jpg
426,24,2418.4394247784244,426.748055128184,2728.2975520952587,566.1380380972964,cam_2_1690314221_14-43-41.jpg
426,152,2512.8527294411488,134.9855804100766,2788.991971156095,358.28314997275504,cam_2_1690314221_14-43-41.jpg
426,159,3067.6081809322714,215.5129529417416,3422.697296765473,340.3668827464472,cam_2_1690314221_14-43-41.jpg
426,259,3336.8033048432553,302.0921529490289,3845.4247787310314,675.0404647570303,cam_2_1690314221_14-43-41.jpg
426,283,2846.1442608903258,196.95613660253622,3212.631333251188,385.6500206641548,cam_2_1690314221_14-43-41.jpg
426,297,2647.5164643048674,219.76799364660997,3036.1373224241365,436.38694822823754,cam_2_1690314221_14-43-41.jpg
426,301,2615.3366860623964,508.67290146238304,3181.7599910341,842.4217974719924,cam_2_1690314221_14-43-41.jpg
426,320,2988.4631620934492,379.57044225848665,3648.9697116235743,805.402438405989,cam_2_1690314221_14-43-41.jpg
426,338,959.600290513564,191.93697855239043,1213.695900932289,633.1439987784588,cam_2_1690314221_14-43-41.jpg
426,343,2045.7896512542718,141.57178136125873,2486.308695840382,396.8490731917162,cam_2_1690314221_14-43-41.jpg
427,24,2433.4294240379168,423.65718709531876,2748.95248227403,565.3589696340434,cam_2_1690314281_14-44-41.jpg
427,152,2528.6367131745624,131.30094490838238,2816.7096752283396,355.80650289308414,cam_2_1690314281_14-44-41.jpg
427,159,3074.5646451747207,214.8359554657369,3415.634312281068,333.8190947344352,cam_2_1690314281_14-44-41.jpg
427,252,3212.4875156847365,404.63634125735445,3608.2665021666753,647.9442760057497,cam_2_1690314281_14-44-41.jpg
427,259,3321.553516208775,308.305796248335,3819.5532170496735,673.3115541453669,cam_2_1690314281_14-44-41.jpg
427,283,2855.5712052645035,201.8286246729342,3203.842589859747,383.3884306866544,cam_2_1690314281_14-44-41.jpg
427,301,2613.9690612278073,507.02359852977634,3186.327859341596,842.6996385157331,cam_2_1690314281_14-44-41.jpg
427,320,2975.431575695639,366.8372855051913,3572.299773630644,750.9309636308857,cam_2_1690314281_14-44-41.jpg
427,338,967.2545807294758,198.5195748644504,1217.25737462391,629.9131535119784,cam_2_1690314281_14-44-41.jpg
427,343,2040.1229706327956,142.936016758913,2491.3031564358544,412.8639650723679,cam_2_1690314281_14-44-41.jpg
428,24,2416.606012929419,423.50728656283536,2740.0285562265963,567.448834893976,cam_2_1690314341_14-45-41.jpg
428,74,2146.7401426283873,145.82920377254774,2376.818147165106,417.82152184544384,cam_2_1690314341_14-45-41.jpg
428,152,2511.669808315665,130.29939587201696,2806.9685045086253,356.7448158107544,cam_2_1690314341_14-45-41.jpg
428,159,3096.928577409354,217.61778714490134,3419.1001250615,328.1599566225985,cam_2_1690314341_14-45-41.jpg
428,239,3050.285397773144,432.5600178704899,3498.4746456918424,677.5373709697285,cam_2_1690314341_14-45-41.jpg
428,252,3198.952121949921,407.17900886584135,3586.6101200273233,644.2705248217778,cam_2_1690314341_14-45-41.jpg
428,259,3294.650357387819,308.9670157977031,3796.8041288875925,674.8930083700245,cam_2_1690314341_14-45-41.jpg
428,283,2839.3993079221227,204.41045585387235,3224.754983704671,404.8184085692259,cam_2_1690314341_14-45-41.jpg
428,301,2607.034969204544,505.5744407604569,3186.4108208416073,843.6902085789557,cam_2_1690314341_14-45-41.jpg
428,320,2954.321831331439,423.3196777366656,3452.723982492531,736.2930949225433,cam_2_1690314341_14-45-41.jpg
428,338,953.7604610387962,194.43373589305835,1208.0019627362135,631.6346219758723,cam_2_1690314341_14-45-41.jpg
429,24,2418.6716987662016,423.09372860351857,2741.89073637519,564.7797315740406,cam_2_1690314476_14-47-56.jpg
429,159,3092.654539023665,215.57586305048108,3423.226690571133,327.74455564791197,cam_2_1690314476_14-47-56.jpg
429,239,3047.6493278688577,431.07280324486834,3490.031665867692,674.4235739116248,cam_2_1690314476_14-47-56.jpg
429,252,3190.833351884447,405.39237893159304,3580.6459893030265,642.7958819144783,cam_2_1690314476_14-47-56.jpg
429,259,3283.5752529330066,310.2570045294301,3785.728050023286,674.3488521162423,cam_2_1690314476_14-47-56.jpg
429,283,2829.6045648377853,206.94133092314675,3228.878073446414,412.45495776797236,cam_2_1690314476_14-47-56.jpg
429,301,2603.788298930092,500.08481557240606,3192.3760475157655,843.9957017640122,cam_2_1690314476_14-47-56.jpg
429,320,2936.7873622972593,444.84904606051197,3398.6926373612387,729.179942485744,cam_2_1690314476_14-47-56.jpg
429,338,958.1317212994412,191.83898732904785,1213.6210235327255,630.6743414571013,cam_2_1690314476_14-47-56.jpg
429,343,2062.988856001187,140.48570928689034,2489.8517611949524,397.84805699074786,cam_2_1690314476_14-47-56.jpg
430,24,2418.9703404931324,423.857633645411,2748.2851213822173,565.7429048252619,cam_2_1690314491_14-48-11.jpg
430,159,3106.499538760719,218.01209764709677,3434.9039146922205,328.8472882978605,cam_2_1690314491_14-48-11.jpg
430,239,3054.2559320203063,432.08596512410105,3488.887861008583,671.6111029767817,cam_2_1690314491_14-48-11.jpg
430,252,3188.783676247414,404.9424623229076,3579.704926311526,642.2454174649738,cam_2_1690314491_14-48-11.jpg
430,259,3278.5815814841126,311.17800177309607,3781.8846117440844,674.7713777037507,cam_2_1690314491_14-48-11.jpg
430,283,2823.9377921831133,208.0025994594163,3234.2520375539425,418.03610899448654,cam_2_1690314491_14-48-11.jpg
430,301,2602.4534359499935,501.99036632476583,3189.621720003973,844.4815634255788,cam_2_1690314491_14-48-11.jpg
430,320,2934.69122777306,454.87070321850587,3382.2637756653025,726.5201397529133,cam_2_1690314491_14-48-11.jpg
430,338,959.994411059451,193.16540649223288,1216.6696584067238,631.2432476470794,cam_2_1690314491_14-48-11.jpg
430,343,2073.7870038350593,141.096164439936,2491.7472616660743,395.5175845397085,cam_2_1690314491_14-48-11.jpg
431,24,2425.444491194395,422.2398252397085,2757.1457192279513,562.6546782598355,cam_2_1690314671_14-51-11.jpg
431,152,2588.38718978848,134.43419651388362,2876.3705239488763,355.1374749633118,cam_2_1690314671_14-51-11.jpg
431,159,3111.6463657700083,219.37615209161652,3442.3939200744276,330.4275794265883,cam_2_1690314671_14-51-11.jpg
431,239,3052.3892963864027,431.66521829065516,3485.159799261076,670.6774660348588,cam_2_1690314671_14-51-11.jpg
431,252,3184.9605109743193,403.43009785323284,3578.77509535711,642.413115684496,cam_2_1690314671_14-51-11.jpg
431,259,3285.3920105419206,312.38669144075106,3779.908837471145,667.7796047928896,cam_2_1690314671_14-51-11.jpg
431,283,2828.532843745483,208.04920797419234,3231.9331647301697,412.4319187098421,cam_2_1690314671_14-51-11.jpg
431,301,2605.765230943022,501.8262446038208,3192.583920752197,843.8574937416686,cam_2_1690314671_14-51-11.jpg
431,320,2925.9670378223436,455.5932778308369,3375.715307635526,724.3634728573563,cam_2_1690314671_14-51-11.jpg
431,342,943.0875675989025,177.79490622794447,1254.0514667860668,573.6233202864773,cam_2_1690314671_14-51-11.jpg
431,343,1941.6156101153092,147.63205603345415,2378.383409754324,416.09728274690514,cam_2_1690314671_14-51-11.jpg
432,24,2422.056802463049,417.72055654404517,2761.1898402965767,559.7907670830284,cam_2_1690314731_14-52-11.jpg
432,152,2602.2420013733577,137.58587217815233,2888.4932682543563,356.63626813406313,cam_2_1690314731_14-52-11.jpg
432,159,3117.0381628224854,219.3804945852054,3444.0814619884786,328.70677442716834,cam_2_1690314731_14-52-11.jpg
432,239,3057.8748308232484,432.52282809595687,3485.780427405077,669.055674648537,cam_2_1690314731_14-52-11.jpg
432,252,3184.4594714665245,404.9673128602094,3578.4594776214194,643.5937756861163,cam_2_1690314731_14-52-11.jpg
432,259,3279.4373840533626,311.08812488530714,3782.7445067209555,672.1418975667152,cam_2_1690314731_14-52-11.jpg
432,283,2827.605204848708,209.7967445118001,3226.4658647425467,409.9277043249602,cam_2_1690314731_14-52-11.jpg
432,301,2604.912288447287,504.06928295199884,3190.867588628141,845.0068744650538,cam_2_1690314731_14-52-11.jpg
432,320,2926.0695158873677,458.8882176525974,3377.1480811429146,725.6917965461896,cam_2_1690314731_14-52-11.jpg
432,338,1035.594853756032,183.2721320816841,1289.8607342789396,613.2601866075065,cam_2_1690314731_14-52-11.jpg
432,343,1879.8215044440612,149.05721351800977,2336.708422243778,431.37460964523666,cam_2_1690314731_14-52-11.jpg
433,24,2413.6932571493503,420.1898273696664,2755.656962816174,562.8880551817856,cam_2_1690315061_14-57-41.jpg
433,151,2703.902228671486,128.85776909636022,2930.102661475658,267.66472185282623,cam_2_1690315061_14-57-41.jpg
433,159,3127.676293025263,224.46458493946488,3458.3406504530894,335.2456374327335,cam_2_1690315061_14-57-41.jpg
433,226,2897.626931364827,200.26716657995692,3198.791111940267,397.0615266393894,cam_2_1690315061_14-57-41.jpg
433,239,3061.2488408438785,431.7905175219533,3489.401763815087,669.3808438206116,cam_2_1690315061_14-57-41.jpg
433,252,3181.726466161273,403.74272222804416,3577.144375933081,642.8569186038001,cam_2_1690315061_14-57-41.jpg
433,259,3277.8909082967652,313.38682755435474,3780.589284734903,672.5504847403688,cam_2_1690315061_14-57-41.jpg
433,297,2559.2826516033,209.9023214981047,2933.920021259872,423.05043293267147,cam_2_1690315061_14-57-41.jpg
433,301,2603.9937923639773,501.56044565317086,3194.4224027588157,845.5538250580604,cam_2_1690315061_14-57-41.jpg
433,320,2921.506504604016,459.64358134632687,3376.5443675969777,726.6080805663653,cam_2_1690315061_14-57-41.jpg
433,343,1863.875139084829,150.69235952001122,2325.563033554302,437.0807980819143,cam_2_1690315061_14-57-41.jpg
434,24,2415.146739711236,426.88015910654894,2751.3968034340814,565.590566856082,cam_2_1690315331_15-02-11.jpg
434,159,3144.1853566731083,225.89195951204738,3480.46404119536,338.0367762750287,cam_2_1690315331_15-02-11.jpg
434,239,3060.722418576988,432.3018961387886,3487.9643617420547,670.3047223064502,cam_2_1690315331_15-02-11.jpg
434,252,3185.5416360364943,404.03088342832837,3580.83707952392,643.1532648025326,cam_2_1690315331_15-02-11.jpg
434,259,3273.185436980676,311.2043601893226,3779.0906298310147,671.9134520679506,cam_2_1690315331_15-02-11.jpg
434,283,2837.054621461013,206.53018039761233,3214.496628408303,396.0814412283572,cam_2_1690315331_15-02-11.jpg
434,297,2624.5426169542257,217.2786201751951,3001.700745057394,434.5670433945604,cam_2_1690315331_15-02-11.jpg
434,301,2604.086444500258,511.3328873275236,3182.673595187377,846.1263815990692,cam_2_1690315331_15-02-11.jpg
434,311,2076.406889041744,142.3743686608509,2485.7020284567184,397.9011373832951,cam_2_1690315331_15-02-11.jpg
434,320,2923.831606824324,461.4761226752763,3377.5055724846757,726.036775101957,cam_2_1690315331_15-02-11.jpg
435,24,2420.304885231614,429.60678305348495,2761.231550895254,568.5741177697562,cam_2_1690315346_15-02-26.jpg
435,159,3151.9023910893793,224.6221829174698,3487.8743438348756,335.7276861436129,cam_2_1690315346_15-02-26.jpg
435,239,3062.2959501164937,432.12789340345546,3488.1379281287436,669.9820024219608,cam_2_1690315346_15-02-26.jpg
435,252,3183.132418995215,403.3790875704957,3580.8327612041776,643.2947146047122,cam_2_1690315346_15-02-26.jpg
435,259,3269.8638016204377,311.879354700341,3776.9136108331877,672.3833423051976,cam_2_1690315346_15-02-26.jpg
435,283,2844.027776751343,206.05106002883355,3224.5618931279505,395.4065992888407,cam_2_1690315346_15-02-26.jpg
435,297,2647.683421329166,219.72609298249722,3027.0077105299033,440.58819945671394,cam_2_1690315346_15-02-26.jpg
435,301,2605.642096588613,513.4196997648495,3184.0884629613474,846.7094512600197,cam_2_1690315346_15-02-26.jpg
435,311,2077.7679144299887,146.25963061542728,2481.3257904690927,397.85583776667653,cam_2_1690315346_15-02-26.jpg
435,317,2457.452085559394,140.76824356828934,2716.6794418529544,365.412036488129,cam_2_1690315346_15-02-26.jpg
435,320,2923.467334576996,461.52104112925565,3379.9417865470555,725.8515296746011,cam_2_1690315346_15-02-26.jpg
436,24,2421.0364189959787,429.6734361014692,2764.7496504849128,568.7890185031424,cam_2_1690315376_15-02-56.jpg
436,159,3149.9054779832386,224.29909798247047,3485.9027581884893,334.3526128559653,cam_2_1690315376_15-02-56.jpg
436,239,3059.200031536615,432.0878763248908,3486.2190832289893,671.3906754502949,cam_2_1690315376_15-02-56.jpg
436,252,3180.4545232027967,403.48802823409443,3582.181416963318,645.5330281916229,cam_2_1690315376_15-02-56.jpg
436,259,3261.8073397844687,312.67633803976224,3770.359174107037,673.059725354015,cam_2_1690315376_15-02-56.jpg
436,283,2845.993943786357,206.66233003491084,3227.7748388818254,394.9569813262999,cam_2_1690315376_15-02-56.jpg
436,297,2648.7676497757952,217.87950617512007,3031.270196621722,443.51136537140394,cam_2_1690315376_15-02-56.jpg
436,301,2605.3587540487338,514.9631547319301,3181.420540188662,845.3980682693488,cam_2_1690315376_15-02-56.jpg
436,311,2085.7234002880655,146.78281924951557,2476.0886380120005,391.32627689158335,cam_2_1690315376_15-02-56.jpg
436,317,2392.1779024192433,141.33079303542456,2646.0663306227957,363.2033490174259,cam_2_1690315376_15-02-56.jpg
436,320,2923.0578984864287,461.12646628132256,3380.988239213455,724.910097890358,cam_2_1690315376_15-02-56.jpg
436,377,1368.907781851832,167.22064756737885,1711.7124331467721,552.3587110113995,cam_2_1690315376_15-02-56.jpg
437,24,2421.8451907172303,431.7393352725471,2761.70880488306,568.0832406609422,cam_2_1690315436_15-03-56.jpg
437,159,3154.735942232295,225.387851079396,3494.5265297884866,336.09183737888554,cam_2_1690315436_15-03-56.jpg
437,239,3058.706052760527,432.68476208115794,3483.1030650885555,671.4583033886765,cam_2_1690315436_15-03-56.jpg
437,252,3177.3162520399337,403.01990351438604,3579.2333453933024,645.4662069963081,cam_2_1690315436_15-03-56.jpg
437,259,3262.200275827159,313.7228045342312,3771.281519138313,673.4413036692176,cam_2_1690315436_15-03-56.jpg
437,283,2844.527441408833,209.3388567700041,3237.080221363278,401.5532681495582,cam_2_1690315436_15-03-56.jpg
437,301,2600.3059434909655,512.5750327139448,3183.108971799399,845.6009302841372,cam_2_1690315436_15-03-56.jpg
437,311,2084.118911615878,147.06148975646673,2469.5975389352307,390.3958941608944,cam_2_1690315436_15-03-56.jpg
437,317,2359.283219198687,141.83844492513788,2609.654911174667,360.9603126002131,cam_2_1690315436_15-03-56.jpg
437,320,2922.9439125449794,459.1439807564321,3384.5818818128896,724.4417412150231,cam_2_1690315436_15-03-56.jpg
437,322,2534.355570540187,219.70681152810533,2989.246048971238,433.22806516797186,cam_2_1690315436_15-03-56.jpg
437,377,1363.7631890729394,166.8422243819676,1712.660338612041,558.9259066700934,cam_2_1690315436_15-03-56.jpg
438,24,2424.6401758167945,429.73721412071654,2773.7545005346524,568.5359718296841,cam_2_1690315451_15-04-11.jpg
438,159,3149.9038019229665,225.0461920934227,3496.4883640221183,336.9208457661643,cam_2_1690315451_15-04-11.jpg
438,239,3061.3162328060093,433.4621872352132,3485.4083166057458,672.7242656684198,cam_2_1690315451_15-04-11.jpg
438,252,3178.1800727367568,404.3853422114297,3576.6410468951813,643.7817875246469,cam_2_1690315451_15-04-11.jpg
438,259,3263.624879997115,315.0250914928979,3774.4064038793804,674.5779375870175,cam_2_1690315451_15-04-11.jpg
438,283,2821.027494973364,211.28293968088363,3231.892938984864,414.42493974979277,cam_2_1690315451_15-04-11.jpg
438,301,2599.4198079828197,513.4398287115926,3182.9194976521335,845.7373761437316,cam_2_1690315451_15-04-11.jpg
438,311,2042.662422524215,182.7683507797869,2456.8389132308603,442.34401572833633,cam_2_1690315451_15-04-11.jpg
438,317,2347.6986008086756,142.5652493026694,2601.711258177632,363.1422467537801,cam_2_1690315451_15-04-11.jpg
438,320,2923.8533890353224,459.929366852627,3385.290961272808,724.3003056799521,cam_2_1690315451_15-04-11.jpg
438,377,1368.794858143557,164.64722937687614,1717.0319576802651,555.8135601632421,cam_2_1690315451_15-04-11.jpg
439,24,2424.5459632543557,424.71613309328643,2779.836650124533,564.8571306753078,cam_2_1690315466_15-04-26.jpg
439,159,3143.480529953722,225.8485877516199,3491.6115361136344,337.1939833675658,cam_2_1690315466_15-04-26.jpg
439,239,3063.9409912733095,434.24024321578446,3482.32751155463,670.1903706954269,cam_2_1690315466_15-04-26.jpg
439,252,3178.6115953237313,405.7930614227357,3576.621609357987,644.359703521518,cam_2_1690315466_15-04-26.jpg
439,259,3262.5834763305306,314.2760762368688,3771.422627844977,671.5794658130619,cam_2_1690315466_15-04-26.jpg
439,283,2817.1643247904813,210.16300035465486,3238.7773648472767,419.26640540076414,cam_2_1690315466_15-04-26.jpg
439,301,2596.5845312539323,511.49255504478555,3185.738543322864,846.3828482910355,cam_2_1690315466_15-04-26.jpg
439,311,2093.152492661236,164.0709524970705,2480.626254976173,412.7337912446337,cam_2_1690315466_15-04-26.jpg
439,317,2343.459213578726,137.5822227704619,2603.0473989651778,364.03623205061126,cam_2_1690315466_15-04-26.jpg
439,320,2925.903545651655,461.09205075153864,3386.3601809134234,723.836124576651,cam_2_1690315466_15-04-26.jpg
439,377,1375.3487705322698,163.31432099723742,1724.0570141144287,555.7479738993679,cam_2_1690315466_15-04-26.jpg
440,24,2424.6188718011435,422.8234735383758,2795.557588727502,567.6609404452067,cam_2_1690315661_15-07-41.jpg
440,74,2146.1773362488866,166.76700831320437,2356.505412507684,407.6220365971688,cam_2_1690315661_15-07-41.jpg
440,159,3196.5336832707026,238.46448709680624,3508.1831737304806,335.8356847900018,cam_2_1690315661_15-07-41.jpg
440,239,3059.1009368432638,432.3635130855457,3484.4519992467413,672.4310715164893,cam_2_1690315661_15-07-41.jpg
440,252,3176.9228721824284,406.64244520918606,3575.9009704948403,644.4740613072844,cam_2_1690315661_15-07-41.jpg
440,259,3258.8646582658466,312.92997755462244,3770.3988610753477,671.1151688215391,cam_2_1690315661_15-07-41.jpg
440,283,2819.3886388443007,209.85937141000608,3246.3959918083738,422.5544461723414,cam_2_1690315661_15-07-41.jpg
440,301,2599.440054462447,514.3118016202521,3185.468030904376,845.9755582773598,cam_2_1690315661_15-07-41.jpg
440,311,2141.9848557987802,153.31845598015747,2499.8386876217564,389.4070053701437,cam_2_1690315661_15-07-41.jpg
440,320,2920.2060870129935,457.3504499865604,3388.5907743996104,724.640704138114,cam_2_1690315661_15-07-41.jpg
440,343,1718.2725490626888,172.00597677540375,2175.4673465089095,456.1383714530011,cam_2_1690315661_15-07-41.jpg
440,377,1427.6388562005816,163.44290161807092,1763.775539187783,548.1031696328102,cam_2_1690315661_15-07-41.jpg
441,24,2417.3864942109763,420.8783725194629,2792.0455522834104,566.7719146967249,cam_2_1690315676_15-07-56.jpg
441,74,2086.898122420055,169.30486645014227,2335.332488811186,433.43996755994067,cam_2_1690315676_15-07-56.jpg
441,159,3213.53110664021,241.20521007506153,3518.9615163586855,334.62522412103755,cam_2_1690315676_15-07-56.jpg
441,239,3059.9379434916755,432.49718775501856,3489.734413094504,675.4519775827716,cam_2_1690315676_15-07-56.jpg
441,252,3176.0934005373992,407.0883091740032,3580.3605699392124,647.2437276893099,cam_2_1690315676_15-07-56.jpg
441,259,3259.1542697773207,313.03593573411115,3770.8585812251713,670.3093814724132,cam_2_1690315676_15-07-56.jpg
441,283,2819.1398678738333,209.59709343094684,3246.7563636931645,423.8354582717875,cam_2_1690315676_15-07-56.jpg
441,288,2234.1806169606325,151.7475673811759,2450.1747946042005,382.10013169491367,cam_2_1690315676_15-07-56.jpg
441,301,2599.7724806462757,513.9702418429231,3188.5415352372665,846.4429192735819,cam_2_1690315676_15-07-56.jpg
441,320,2918.1854685663316,458.2683176361303,3385.4885532807543,724.6204733173959,cam_2_1690315676_15-07-56.jpg
441,343,1674.4027652101854,175.62326235217643,2114.557504832188,462.47372357848747,cam_2_1690315676_15-07-56.jpg
441,377,1451.9882229560767,164.2921881844266,1775.8669546286092,541.8261503015069,cam_2_1690315676_15-07-56.jpg
442,24,2412.4830268523538,421.489474393626,2782.41020417717,565.2335178597067,cam_2_1690315751_15-09-11.jpg
442,74,1988.44577753565,163.28929586440083,2273.465365512337,443.6350587960857,cam_2_1690315751_15-09-11.jpg
442,152,2575.7784968314477,154.63579049754705,2862.097728955528,368.4267557125827,cam_2_1690315751_15-09-11.jpg
442,159,3174.99075397732,236.62808619370438,3509.922503602313,337.25458667922965,cam_2_1690315751_15-09-11.jpg
442,239,3064.32253989522,433.2681747708651,3486.3921492521067,671.84456754702,cam_2_1690315751_15-09-11.jpg
442,252,3176.3003121139786,406.6096455427985,3581.8298957523557,647.0423487189225,cam_2_1690315751_15-09-11.jpg
442,259,3258.281915367514,313.14519255181904,3769.7007631626657,669.3796326453112,cam_2_1690315751_15-09-11.jpg
442,283,2839.226312722646,206.54755408189044,3248.6233961417497,414.1097426571729,cam_2_1690315751_15-09-11.jpg
442,288,2212.660357447977,151.73319329296243,2451.978827569161,395.9253322032197,cam_2_1690315751_15-09-11.jpg
442,301,2599.023358216347,513.2173152352101,3187.593143479533,844.9566148281601,cam_2_1690315751_15-09-11.jpg
442,320,2917.269012009955,460.14199840954575,3383.602993120321,725.37704505992,cam_2_1690315751_15-09-11.jpg
442,377,1461.169649641179,163.00181808944467,1779.6649887952199,542.4502820655532,cam_2_1690315751_15-09-11.jpg
443,24,2418.4591006147116,423.3448104341242,2791.4290893673515,567.1181541961732,cam_2_1690315901_15-11-41.jpg
443,74,1927.8575673946502,160.38424451425658,2242.0723972194114,449.6508579850712,cam_2_1690315901_15-11-41.jpg
443,239,3066.3047430953034,433.97008888569746,3483.1806560079817,669.0686879188418,cam_2_1690315901_15-11-41.jpg
443,252,3178.5739111213056,406.71371997208576,3581.3190796162244,644.9029539365681,cam_2_1690315901_15-11-41.jpg
443,259,3260.198473180266,314.1170974047534,3772.178757959239,669.7546923743016,cam_2_1690315901_15-11-41.jpg
443,283,2824.5409765322875,207.38378440202172,3237.193037509809,415.0280393513494,cam_2_1690315901_15-11-41.jpg
443,288,2193.2103073784747,151.48371266461191,2443.783537588623,401.8927326465554,cam_2_1690315901_15-11-41.jpg
443,301,2591.8488892656023,510.0241579488473,3187.11377977692,844.8561790760011,cam_2_1690315901_15-11-41.jpg
443,320,2915.683079129074,458.9546913521226,3384.3276057223306,725.105603822373,cam_2_1690315901_15-11-41.jpg
443,377,1449.9347363856605,163.13907046156612,1773.6716532631626,550.701828159591,cam_2_1690315901_15-11-41.jpg
444,24,2429.016211639418,424.28675909653714,2798.8349163638854,565.5163034606428,cam_2_1690316066_15-14-26.jpg
444,74,1947.605908300259,150.56019783193528,2269.4241811920124,447.53200127067555,cam_2_1690316066_15-14-26.jpg
444,239,3072.174004152679,436.0073031235622,3485.6013449236707,669.0133688881208,cam_2_1690316066_15-14-26.jpg
444,252,3173.613851323611,405.48871805797035,3582.350981468445,646.8361966538685,cam_2_1690316066_15-14-26.jpg
444,259,3255.410930675141,314.1529569998388,3768.6563061464735,669.4619120654834,cam_2_1690316066_15-14-26.jpg
444,283,2818.937756840244,207.89077614788698,3240.181979815771,420.77084302011065,cam_2_1690316066_15-14-26.jpg
444,301,2593.9982181017413,516.2036380950091,3181.1366701663746,844.8316894182141,cam_2_1690316066_15-14-26.jpg
444,320,2923.134615491534,461.1206972880881,3386.483510758573,724.1150310546318,cam_2_1690316066_15-14-26.jpg
444,338,1040.270092958747,373.1400688646252,1445.69247765582,1024.4989365401245,cam_2_1690316066_15-14-26.jpg
444,377,1434.8671712724679,173.18916142009584,1746.0049669188993,546.2553666217652,cam_2_1690316066_15-14-26.jpg
444,382,1167.7460701434052,174.22447458592617,1571.6331097471998,563.6802374204356,cam_2_1690316066_15-14-26.jpg
444,383,3018.524956582767,210.34222709173625,3406.733840115486,320.4000296829655,cam_2_1690316066_15-14-26.jpg
445,24,2427.3126767578283,423.3914967460648,2801.8775473021346,565.7971707139284,cam_2_1690316171_15-16-11.jpg
445,74,1962.8042176601916,147.40373616898606,2283.1328814843087,445.5660135882936,cam_2_1690316171_15-16-11.jpg
445,239,3064.6249649058564,436.2913092149492,3483.101595110797,672.1950511094685,cam_2_1690316171_15-16-11.jpg
445,252,3174.5751962910363,404.4161156826266,3583.2735618245447,645.7317634435462,cam_2_1690316171_15-16-11.jpg
445,259,3255.254338666716,313.5253458469312,3769.605402053943,668.7059694658601,cam_2_1690316171_15-16-11.jpg
445,297,2798.6480661055734,204.5253358383522,3160.71743156924,420.5451596888484,cam_2_1690316171_15-16-11.jpg
445,301,2594.9307279387035,518.9278864679561,3179.355708084278,844.3924060650879,cam_2_1690316171_15-16-11.jpg
445,311,2265.1752547337564,138.20956878536515,2624.635850133652,378.19039494539754,cam_2_1690316171_15-16-11.jpg
445,320,2922.557894294284,461.9026157307371,3385.644511399348,724.5111662658128,cam_2_1690316171_15-16-11.jpg
445,377,1440.2168294072962,175.38465168153115,1750.0486345792458,548.7831103465539,cam_2_1690316171_15-16-11.jpg
445,382,1160.2505582174465,173.57055455776245,1568.443557242195,568.7927745937068,cam_2_1690316171_15-16-11.jpg
445,383,3020.1956833054655,208.36849565233678,3393.628051506788,315.32670415386497,cam_2_1690316171_15-16-11.jpg
445,385,3378.7178956793286,258.7508834808889,3579.6375425120455,357.433994212664,cam_2_1690316171_15-16-11.jpg
446,24,2428.514043386247,423.4554551138977,2805.743065862449,566.0647932045332,cam_2_1690316276_15-17-56.jpg
446,74,1961.9236147293752,146.8192578809757,2287.79303927528,451.92269756431403,cam_2_1690316276_15-17-56.jpg
446,239,3064.5178630142696,437.42124976765183,3486.9076462006433,675.7811454462445,cam_2_1690316276_15-17-56.jpg
446,252,3175.1094824964925,405.21337304304683,3582.2627876561787,645.04434150915,cam_2_1690316276_15-17-56.jpg
446,259,3253.322794765364,314.57139803414805,3771.3499994250487,671.4983215656853,cam_2_1690316276_15-17-56.jpg
446,301,2595.310364501987,518.0701573538398,3184.840856634279,845.5657544091152,cam_2_1690316276_15-17-56.jpg
446,311,2273.34452426584,136.83398277459685,2631.310973187953,379.0609625058074,cam_2_1690316276_15-17-56.jpg
446,320,2922.602493830331,464.32085402989946,3381.8764989774286,724.322981653386,cam_2_1690316276_15-17-56.jpg
446,342,51.60896781927855,208.9332855494436,443.4576740967982,664.1108346385699,cam_2_1690316276_15-17-56.jpg
446,349,2767.419473591429,207.0723801678839,2935.65631498182,424.13464015754676,cam_2_1690316276_15-17-56.jpg
446,377,1437.100474082556,175.60663699211023,1750.5913159243603,555.0055300949947,cam_2_1690316276_15-17-56.jpg
446,382,1152.7597028036982,172.47363320118183,1563.0200553484335,572.4599324731375,cam_2_1690316276_15-17-56.jpg
446,383,3010.3278844395827,210.05106326806896,3434.3959098699065,333.0371313956189,cam_2_1690316276_15-17-56.jpg
446,385,3362.385063880562,257.26773882526953,3578.5896277176453,359.42003418302886,cam_2_1690316276_15-17-56.jpg
446,386,1666.1425278900167,182.38573039654878,2027.0412709179789,491.9435060100411,cam_2_1690316276_15-17-56.jpg
447,24,2422.1913559425343,423.9153439015527,2793.204562173635,563.8530622456847,cam_2_1690316366_15-19-26.jpg
447,74,2005.1670190249356,159.3274739343709,2309.496285219702,463.18388656837374,cam_2_1690316366_15-19-26.jpg
447,239,3064.128795509702,437.06454509460247,3488.1518066793265,677.5161719126329,cam_2_1690316366_15-19-26.jpg
447,252,3177.276225399998,407.1763088679712,3584.2877444489936,646.6315245639681,cam_2_1690316366_15-19-26.jpg
447,259,3255.9300871493074,317.64370519767067,3772.3723420238234,672.1582202972781,cam_2_1690316366_15-19-26.jpg
447,301,2593.8620998669066,513.1885746475218,3190.9979445922113,845.1086253829482,cam_2_1690316366_15-19-26.jpg
447,311,2268.9894927706405,138.3479931441375,2623.3666939973355,381.872175068553,cam_2_1690316366_15-19-26.jpg
447,320,2923.4134776481437,464.051370114561,3383.6950649952646,724.3594221873971,cam_2_1690316366_15-19-26.jpg
447,377,1397.9496221932338,170.4709697967818,1718.5994997984303,550.3425655037184,cam_2_1690316366_15-19-26.jpg
447,383,2890.8464783676495,204.60504578821843,3407.4424803466336,356.7840252380845,cam_2_1690316366_15-19-26.jpg
447,385,3354.670881164112,257.76489894387925,3601.434187121281,369.9812266526649,cam_2_1690316366_15-19-26.jpg
447,386,1663.796470232144,180.83236150653156,2032.6471641030828,499.1868331817949,cam_2_1690316366_15-19-26.jpg
448,24,2424.3635768311306,422.87549508979316,2800.8463864067426,564.4678125290123,cam_2_1690316501_15-21-41.jpg
448,239,3067.2063530902265,437.98532893389137,3487.1690594851116,677.8472311538114,cam_2_1690316501_15-21-41.jpg
448,252,3176.862846144899,405.66666184350356,3585.3975319792107,646.0731070098943,cam_2_1690316501_15-21-41.jpg
448,259,3263.196119826713,315.91789914830093,3786.254602073225,673.9875200111703,cam_2_1690316501_15-21-41.jpg
448,288,2176.5047131826523,147.43788090134638,2425.2460181426427,406.1363677445743,cam_2_1690316501_15-21-41.jpg
448,301,2594.4013212109658,512.5286345066286,3194.2503837797794,846.2260241614307,cam_2_1690316501_15-21-41.jpg
448,311,2287.127597466243,140.0097679926069,2619.7201507581094,376.0349769837432,cam_2_1690316501_15-21-41.jpg
448,320,2922.75493249662,466.0076578773695,3382.128528869511,725.8660383319778,cam_2_1690316501_15-21-41.jpg
448,377,1411.5417784158542,176.2093004397288,1726.8315841223198,547.0593615614041,cam_2_1690316501_15-21-41.jpg
448,383,2688.0110889657462,209.53689565818098,3317.323113838051,399.8795070134177,cam_2_1690316501_15-21-41.jpg
448,385,3354.558846301658,265.0294879884425,3609.0914697427283,375.1733442872788,cam_2_1690316501_15-21-41.jpg
448,386,1658.524535939892,189.05093542387868,2020.5074348712044,506.89522125040565,cam_2_1690316501_15-21-41.jpg
449,24,2425.7844438109482,422.6947418771715,2799.9900142803594,562.3507971921601,cam_2_1690316801_15-26-41.jpg
449,239,3059.711309133062,435.95818156591497,3483.1681129302087,677.8706465385179,cam_2_1690316801_15-26-41.jpg
449,252,3169.0727385694054,405.2373674438912,3578.2344379977326,645.5194967301244,cam_2_1690316801_15-26-41.jpg
449,259,3257.4396982100448,315.3399778988529,3780.623819362011,672.9300564663802,cam_2_1690316801_15-26-41.jpg
449,301,2596.5663672902892,519.1915978410758,3186.4644894497937,846.2453109266844,cam_2_1690316801_15-26-41.jpg
449,311,2264.4646832952244,135.75959432385815,2602.396842869431,375.384674168591,cam_2_1690316801_15-26-41.jpg
449,320,2922.5872696749134,467.23460158371506,3380.9168287073703,725.9588406767805,cam_2_1690316801_15-26-41.jpg
449,325,3644.7296254122025,273.11883828609075,3969.1843925121448,542.197817811322,cam_2_1690316801_15-26-41.jpg
449,345,725.9483366280301,355.7256959294443,1192.6818775871375,960.843509743911,cam_2_1690316801_15-26-41.jpg
449,382,1229.9138774515989,179.60773406392997,1610.451164181732,547.345495187931,cam_2_1690316801_15-26-41.jpg
449,385,3348.3172011272104,261.82474196685814,3630.89779676901,378.94389899764377,cam_2_1690316801_15-26-41.jpg
449,386,1685.763584920025,170.71898044469296,2048.109938741534,491.82620298539166,cam_2_1690316801_15-26-41.jpg
449,389,1931.4022758813364,157.16895597628687,2207.7646623620694,455.9868539690975,cam_2_1690316801_15-26-41.jpg
450,24,2427.897799396337,423.51962262526746,2806.5333991382076,563.7371236608387,cam_2_1690316816_15-26-56.jpg
450,239,3060.018043827972,433.6954558236218,3475.81829715614,670.3662181802449,cam_2_1690316816_15-26-56.jpg
450,252,3167.9322630335373,404.53893946537744,3579.6969367357297,646.208705023757,cam_2_1690316816_15-26-56.jpg
450,259,3256.7040065329434,314.10329443312077,3781.9183829917706,672.748139408902,cam_2_1690316816_15-26-56.jpg
450,301,2602.9208193981985,518.0453636653153,3195.3758006876756,846.1543034800567,cam_2_1690316816_15-26-56.jpg
450,311,2257.848508049283,136.68579726681673,2600.5962503598694,385.9998763740638,cam_2_1690316816_15-26-56.jpg
450,320,2926.1653240242717,468.2585171549838,3380.6902416722255,724.4697990160978,cam_2_1690316816_15-26-56.jpg
450,325,3637.5284073044686,270.867039072504,3970.2621770986393,539.7200918566374,cam_2_1690316816_15-26-56.jpg
450,345,739.272453531734,358.9753496721125,1197.810251156144,965.1060014913896,cam_2_1690316816_15-26-56.jpg
450,382,1243.9014542664058,176.25175580034698,1608.387457638777,525.8893592303402,cam_2_1690316816_15-26-56.jpg
450,385,3340.770363266029,261.1088709552751,3637.5634133935328,379.1223908922788,cam_2_1690316816_15-26-56.jpg
450,386,1699.1445378335297,166.6391879034596,2062.0580175493296,491.6524679006725,cam_2_1690316816_15-26-56.jpg
450,389,1935.69227648237,154.86588883362754,2205.2846436668333,448.29077001612586,cam_2_1690316816_15-26-56.jpg
451,24,2423.416975828214,424.2008699879216,2803.4231657522696,563.9256703807889,cam_2_1690316846_15-27-26.jpg
451,239,3069.072457361547,436.76430617733274,3486.4370858740267,674.6861700692639,cam_2_1690316846_15-27-26.jpg
451,252,3163.2811127209848,404.13722195239893,3576.8481796019505,646.4565947981246,cam_2_1690316846_15-27-26.jpg
451,259,3251.8147676766957,314.7513142882702,3776.837577409734,672.5155179801361,cam_2_1690316846_15-27-26.jpg
451,301,2597.80892275017,517.9862636657411,3190.8622002882257,845.9204195534815,cam_2_1690316846_15-27-26.jpg
451,311,2256.2705302580002,137.33767290768955,2593.2546729826204,384.5503293641832,cam_2_1690316846_15-27-26.jpg
451,320,2923.865586741296,468.07962398307006,3380.0615510007465,724.5612276159802,cam_2_1690316846_15-27-26.jpg
451,325,3647.301331500974,271.66224972208823,3984.523419832202,539.5518199213427,cam_2_1690316846_15-27-26.jpg
451,345,785.7819706571441,358.9356093581891,1231.7408401387893,963.474341541656,cam_2_1690316846_15-27-26.jpg
451,382,1242.8615564188156,175.62776404379971,1620.7540437771186,535.6974698408418,cam_2_1690316846_15-27-26.jpg
451,385,3348.768405823307,263.2882998365834,3652.722809735286,379.1801443001619,cam_2_1690316846_15-27-26.jpg
451,386,1709.1600248501056,164.0765808793023,2069.6839512885217,490.21771710039485,cam_2_1690316846_15-27-26.jpg
451,389,1938.9252376831262,155.212406162372,2208.5639096765453,449.8260892802838,cam_2_1690316846_15-27-26.jpg
451,392,1282.5729804159262,571.7437733018214,2308.177607600588,1226.5219112545187,cam_2_1690316846_15-27-26.jpg
451,393,1604.9813619649988,188.98256062323821,1880.3664572079667,523.2119548069173,cam_2_1690316846_15-27-26.jpg
452,24,2426.4655095662133,428.39401097456386,2812.424001415504,569.1892384550346,cam_2_1690316876_15-27-56.jpg
452,152,2387.227572921692,153.58147701160559,2702.5810704711903,389.84887078537565,cam_2_1690316876_15-27-56.jpg
452,239,3080.054393665055,439.76962476661464,3487.65438804251,671.7493090698458,cam_2_1690316876_15-27-56.jpg
452,252,3167.1523154453253,403.60469488802397,3578.7351360950797,644.3893007410843,cam_2_1690316876_15-27-56.jpg
452,259,3248.870945135315,313.42807900332707,3775.7717914589393,671.7321076069923,cam_2_1690316876_15-27-56.jpg
452,301,2594.8356207518577,521.0428940496151,3185.0655424703195,846.4221204567133,cam_2_1690316876_15-27-56.jpg
452,320,2921.523744373913,467.76249851329146,3381.97845215652,726.072237301497,cam_2_1690316876_15-27-56.jpg
452,325,3639.002468091142,269.08668612952675,3984.101570923608,540.2110294408274,cam_2_1690316876_15-27-56.jpg
452,345,795.7820068905905,357.1210338964559,1225.1333343092867,950.9022625120965,cam_2_1690316876_15-27-56.jpg
452,382,1230.455582066077,174.43903565655737,1626.5555360348899,550.9078723408574,cam_2_1690316876_15-27-56.jpg
452,385,3342.7543204615054,261.99922849893375,3666.2693319123227,380.93113904327663,cam_2_1690316876_15-27-56.jpg
452,386,1717.0393350859647,162.15960011328156,2071.339988511747,485.46105730196535,cam_2_1690316876_15-27-56.jpg
452,389,1949.8615751374473,159.86683526780658,2214.2042681432267,450.73166352784665,cam_2_1690316876_15-27-56.jpg
452,393,1607.3045677453456,187.7562189637302,1869.6054611945979,503.59381168841406,cam_2_1690316876_15-27-56.jpg
453,152,2329.7577552790212,190.7444628414537,2650.427718241413,424.78756988995394,cam_2_1690316996_15-29-56.jpg
453,239,3006.339014910086,380.17577309453986,3572.62771489373,710.0055653116785,cam_2_1690316996_15-29-56.jpg
453,283,3000.3667163064288,206.42020009058814,3308.4885734101676,360.87935900746555,cam_2_1690316996_15-29-56.jpg
453,320,2795.9668149104773,418.1206599291683,3358.317111686635,735.8085174505484,cam_2_1690316996_15-29-56.jpg
453,322,2420.2537785977947,412.3402381889286,2768.5932740399403,573.1342957564704,cam_2_1690316996_15-29-56.jpg
454,239,2997.9895164939644,361.43019901834083,3589.6989999122266,713.3061676168343,cam_2_1690317101_15-31-41.jpg
479,239,3220.8517911197905,310.6425848700612,3808.2478529272976,660.9968018322229,cam_2_1690319291_16-08-11.jpg
479,385,3273.915858568171,221.34332431577866,3560.0944129454256,327.266842045673,cam_2_1690319291_16-08-11.jpg
479,386,2680.9496326408816,149.4660615940322,2905.017587057249,348.5191103359962,cam_2_1690319291_16-08-11.jpg
480,152,2071.349805006743,141.15793241132064,2444.1571599603312,408.29063418117676,cam_2_1690319381_16-09-41.jpg
480,239,3303.3530223979114,318.66143294723963,3855.4791803478547,683.8376096232591,cam_2_1690319381_16-09-41.jpg
480,259,3096.039901543262,335.44975657974453,3676.087011712678,747.4360061164608,cam_2_1690319381_16-09-41.jpg
480,283,2874.368318781833,189.15398360586005,3154.208292822078,328.184354604762,cam_2_1690319381_16-09-41.jpg
480,311,2538.9924557763215,131.57205987582813,2813.0133729275085,335.87228082528014,cam_2_1690319381_16-09-41.jpg
480,325,3546.8664848226,264.8715563496693,3961.5208653505506,597.1398161314527,cam_2_1690319381_16-09-41.jpg
480,382,1175.6830222796928,486.4498232702217,1967.4566801299568,1192.0602546873083,cam_2_1690319381_16-09-41.jpg
480,385,3239.532410459849,219.50912170953455,3509.4799914360533,315.54312405903147,cam_2_1690319381_16-09-41.jpg
480,389,2341.9677685304846,141.3621254205939,2557.350999116347,372.6067764948252,cam_2_1690319381_16-09-41.jpg
481,152,2129.1231600066094,147.45638869146165,2452.1902581287864,389.99429241146197,cam_2_1690319531_16-12-11.jpg
481,259,3145.8304456509823,336.612786262039,3709.705608264973,730.1164630883948,cam_2_1690319531_16-12-11.jpg
481,311,2615.4423812309024,137.4658010113068,2826.292799207415,305.5015159219573,cam_2_1690319531_16-12-11.jpg
481,320,3005.0332459483293,446.25010887947684,3440.8799200907665,691.4762546791819,cam_2_1690319531_16-12-11.jpg
481,345,2277.121900832932,243.2718659967555,2518.405593025422,556.5670978917752,cam_2_1690319531_16-12-11.jpg
481,382,1047.8899110758614,497.8679957194944,1889.5721651451188,1176.9096091464685,cam_2_1690319531_16-12-11.jpg
481,385,3150.316564288837,229.77484602081202,3460.9904389285953,331.70335174957086,cam_2_1690319531_16-12-11.jpg
481,389,2405.8528385973514,149.28564866275707,2600.701311349662,355.6770618899851,cam_2_1690319531_16-12-11.jpg
481,392,1841.384445500289,148.25228487707614,2283.0970125900594,437.7220758444803,cam_2_1690319531_16-12-11.jpg
481,393,2545.1306064738,141.7197314033256,2713.500490669476,338.34323928319134,cam_2_1690319531_16-12-11.jpg
482,152,2100.8842677289695,149.04749664830382,2431.1268160729437,391.82792044464924,cam_2_1690319621_16-13-41.jpg
482,259,3162.421311387966,332.5426537545254,3667.4491937624466,682.8349725406545,cam_2_1690319621_16-13-41.jpg
482,320,3007.791155725871,444.2824390765969,3441.2936825038273,686.1939835198975,cam_2_1690319621_16-13-41.jpg
482,345,2402.1877372616646,261.00426751485236,2675.8669750158706,563.6473497088896,cam_2_1690319621_16-13-41.jpg
482,382,848.0005853148252,424.63468798746896,1681.7620404316492,1101.0505336506699,cam_2_1690319621_16-13-41.jpg
482,385,3116.5958921949023,233.901629719277,3455.854687395633,337.8846233879033,cam_2_1690319621_16-13-41.jpg
482,389,2401.235700985822,148.69359486127306,2568.468113543248,310.79456501435504,cam_2_1690319621_16-13-41.jpg
482,393,2536.5772977690212,142.9240905196259,2719.160468531062,334.69414222654484,cam_2_1690319621_16-13-41.jpg
482,406,2729.137170901916,235.62165133700444,3081.906788067412,446.71257196024067,cam_2_1690319621_16-13-41.jpg
482,407,3113.401512459067,221.66153602102506,3384.173716929871,319.8727672553525,cam_2_1690319621_16-13-41.jpg
483,152,2121.2688292883336,146.8646107083376,2456.257224313428,393.2158936471634,cam_2_1690319996_16-19-56.jpg
483,259,3164.74731497156,387.1001655086048,3579.612405702132,667.5770970446406,cam_2_1690319996_16-19-56.jpg
483,320,3041.945954170466,446.7905557230223,3455.523277680984,680.5453417818051,cam_2_1690319996_16-19-56.jpg
483,382,740.126331104407,397.06696423180415,1554.6320735911215,1055.1693076709466,cam_2_1690319996_16-19-56.jpg
483,393,2489.814015772516,139.32475069514527,2700.306369670848,350.34124751491424,cam_2_1690319996_16-19-56.jpg
483,406,2747.7884531388927,232.32090901945904,3086.2336439015526,433.27635699648897,cam_2_1690319996_16-19-56.jpg
483,407,3191.3269578482455,203.51313011559785,3473.511430359524,306.6224026429319,cam_2_1690319996_16-19-56.jpg
483,414,3262.6776881070164,310.86792458312595,3874.0263575443114,567.6472137822375,cam_2_1690319996_16-19-56.jpg
484,239,3343.3276002127373,313.05359633333114,3805.419213141896,614.1500676350065,cam_2_1690320221_16-23-41.jpg
484,283,2859.540486803052,212.79142656595718,3099.221944407135,330.3572864987914,cam_2_1690320221_16-23-41.jpg
484,311,2685.740836583526,139.89298501588166,2833.1247314714124,252.9733300579561,cam_2_1690320221_16-23-41.jpg
484,393,2555.372120031809,142.1398221400967,2721.484133629756,291.6008232194879,cam_2_1690320221_16-23-41.jpg
484,406,2654.053479625128,235.24608604331124,3002.522614402458,441.08242328006895,cam_2_1690320221_16-23-41.jpg
485,239,3292.268151599018,313.87260873046887,3787.623892880104,625.5364793934402,cam_2_1690320446_16-27-26.jpg
485,259,3165.4202406647864,411.2764279037146,3549.8978399601783,663.976496191596,cam_2_1690320446_16-27-26.jpg
485,283,2815.220417065838,213.92650506981755,3129.035084559973,364.63523379521195,cam_2_1690320446_16-27-26.jpg
485,320,3057.1122843772196,448.19710012897013,3458.4976975491554,677.2871432354677,cam_2_1690320446_16-27-26.jpg
485,418,3238.7748008208155,253.91748287035,3660.3559125286024,339.8872602572595,cam_2_1690320446_16-27-26.jpg
485,422,2883.3855761087275,417.07342567119485,3485.1471550176607,754.388519173373,cam_2_1690320446_16-27-26.jpg
485,424,2028.7559147840927,163.06025732442006,2220.497349955844,423.8764099369497,cam_2_1690320446_16-27-26.jpg
486,239,3278.3995697850105,313.5026103211612,3769.7853856436805,612.8439743313314,cam_2_1690320626_16-30-26.jpg
486,259,3160.4698728476146,411.89021189204925,3549.694955954743,662.902145083838,cam_2_1690320626_16-30-26.jpg
486,320,3056.7806215046603,447.0713453745433,3455.8755151007667,676.1439823126244,cam_2_1690320626_16-30-26.jpg
486,418,3205.3557233398446,247.98078471450947,3648.327360324508,338.23034606620365,cam_2_1690320626_16-30-26.jpg
486,422,2879.204593561091,448.1601211085266,3398.9651673429566,738.5881094470767,cam_2_1690320626_16-30-26.jpg
486,424,2036.9274637918147,158.91858395150723,2237.8133388656047,426.3622704596562,cam_2_1690320626_16-30-26.jpg
486,425,2331.096642613278,261.3739950372774,2751.3839568578283,516.3030976016057,cam_2_1690320626_16-30-26.jpg
486,427,2208.6667652597475,157.26950696158636,2427.3616262125006,283.4642661218174,cam_2_1690320626_16-30-26.jpg
486,428,2428.916869315257,145.3898607143702,2571.311567326372,287.8997782794411,cam_2_1690320626_16-30-26.jpg
487,239,3274.6360191922263,311.00601421165146,3766.109948813723,601.0288573185346,cam_2_1690320641_16-30-41.jpg
487,259,3157.613733426604,412.58659440530863,3552.4511919652673,663.7329956571779,cam_2_1690320641_16-30-41.jpg
487,320,3056.605509830459,445.995301402135,3452.043404886782,673.2790422217745,cam_2_1690320641_16-30-41.jpg
487,418,3192.8519527242665,248.19832740688975,3645.0239942481126,340.16188177401295,cam_2_1690320641_16-30-41.jpg
487,422,2874.7029692909014,453.63829962846273,3380.612434373531,735.4357213379737,cam_2_1690320641_16-30-41.jpg
487,424,2042.0025119893326,158.61777572005886,2244.1169781953586,421.02966829074023,cam_2_1690320641_16-30-41.jpg
487,425,2342.871911735677,262.0265836726269,2748.0781526570645,504.5031388139988,cam_2_1690320641_16-30-41.jpg
487,427,2200.610512672575,158.4642315601052,2424.4979971286034,287.06541936728865,cam_2_1690320641_16-30-41.jpg
487,428,2420.7860878294614,145.06483260137784,2568.843232640573,288.3196567903626,cam_2_1690320641_16-30-41.jpg
487,429,1421.1029287546419,177.0448363714999,1751.9423112147676,549.3657327268597,cam_2_1690320641_16-30-41.jpg
487,430,1768.671012443699,163.82183900527602,2094.404493234691,470.49818718747576,cam_2_1690320641_16-30-41.jpg
487,431,1021.5663862670623,178.23100271119,1498.970036119236,552.2583052867963,cam_2_1690320641_16-30-41.jpg
488,239,3253.5237320980837,306.23120401497994,3768.142819528783,609.2842359940796,cam_2_1690320716_16-31-56.jpg
488,259,3159.5343012773974,415.51742178789016,3553.4039208028744,663.780319855941,cam_2_1690320716_16-31-56.jpg
488,320,3056.657484426263,447.004362187806,3450.7366708379504,673.9496065371382,cam_2_1690320716_16-31-56.jpg
488,325,3702.524572583477,343.3154401892577,4099.1330502916135,661.6990393392641,cam_2_1690320716_16-31-56.jpg
488,418,3186.0881197785498,247.25288234281197,3633.23479400098,337.97727757017833,cam_2_1690320716_16-31-56.jpg
488,422,2874.466796963185,458.0072016672463,3373.6163857280762,734.9118487210974,cam_2_1690320716_16-31-56.jpg
488,424,2029.8664615093517,158.60046206086668,2237.407957083498,420.7943142998748,cam_2_1690320716_16-31-56.jpg
488,425,2323.5450838867046,260.78541076890644,2742.316294945321,508.7142864691441,cam_2_1690320716_16-31-56.jpg
488,427,2193.2045782155365,157.84609849564765,2419.8680502272373,287.3407820331739,cam_2_1690320716_16-31-56.jpg
488,428,2418.093596694818,145.43649352306835,2572.287483732645,289.2723709104025,cam_2_1690320716_16-31-56.jpg
488,429,1415.152128201737,177.7149662177404,1746.6658703941491,550.5357259075137,cam_2_1690320716_16-31-56.jpg
488,430,1769.0368184724146,162.45806639959915,2089.8923850468327,464.6387347614407,cam_2_1690320716_16-31-56.jpg
488,431,1015.6380580394076,181.64134666901316,1493.6395311164413,553.7867085030621,cam_2_1690320716_16-31-56.jpg
488,432,2239.561837457618,437.1808529718925,2682.779599198232,668.9636793932391,cam_2_1690320716_16-31-56.jpg
489,239,3240.7151724619753,307.3561002301993,3764.0118039254326,613.0917051390538,cam_2_1690320746_16-32-26.jpg
489,259,3152.5833211090353,412.7660526866372,3554.8921226503885,664.4306892305472,cam_2_1690320746_16-32-26.jpg
489,320,3055.406153650814,445.93439171019986,3454.1837844930224,676.5350404099629,cam_2_1690320746_16-32-26.jpg
489,325,3701.5244537487424,348.49407320382966,4053.913939280684,665.5869170565758,cam_2_1690320746_16-32-26.jpg
489,418,3175.1139197022817,246.5518934033843,3648.183353205368,342.3351070161483,cam_2_1690320746_16-32-26.jpg
489,422,2872.103378710128,457.88077415753924,3374.1617471159234,735.3491803235561,cam_2_1690320746_16-32-26.jpg
489,424,2019.0600785702864,158.76036101548922,2231.649534595461,419.60630683167926,cam_2_1690320746_16-32-26.jpg
489,425,2320.766477990508,259.7559715483069,2744.802725228283,507.1790265012444,cam_2_1690320746_16-32-26.jpg
489,427,2190.7932262257027,158.4659716542168,2409.622042358424,282.7253722601527,cam_2_1690320746_16-32-26.jpg
489,428,2410.058341912768,146.1943489272938,2568.9999414502245,288.35227766033427,cam_2_1690320746_16-32-26.jpg
489,429,1411.277201382444,175.47362464980188,1743.6614598882798,550.2161117807087,cam_2_1690320746_16-32-26.jpg
489,430,1751.921988320347,165.59488875697573,2087.6837442654014,483.52662704375393,cam_2_1690320746_16-32-26.jpg
489,431,976.3273217797735,182.45207637446305,1464.3142541080842,556.197663553412,cam_2_1690320746_16-32-26.jpg
489,432,2242.880431428635,438.2706400331152,2679.243474384073,666.4250494939678,cam_2_1690320746_16-32-26.jpg
490,152,2086.4477062060973,143.2146638178043,2417.685284515591,385.3431039485274,cam_2_1690320971_16-36-11.jpg
490,239,3244.916058610302,306.7467817378021,3778.8248013311654,618.6446392197097,cam_2_1690320971_16-36-11.jpg
490,259,3144.309066878447,407.16220861141835,3557.6913135607224,663.4554432850435,cam_2_1690320971_16-36-11.jpg
490,320,3066.7090556267717,448.1680115549449,3459.8700132072745,674.9286644642491,cam_2_1690320971_16-36-11.jpg
490,418,3258.508647868368,248.65835447474805,3680.7601112936068,335.1383921743297,cam_2_1690320971_16-36-11.jpg
490,422,2663.799571800997,424.35874680611585,3462.2285465198765,879.3517288735752,cam_2_1690320971_16-36-11.jpg
490,425,2329.7875422586994,260.14757376376554,2745.8810050842853,500.9682893246014,cam_2_1690320971_16-36-11.jpg
490,428,2387.755948138838,144.34866929899033,2562.623199543734,295.4781309676675,cam_2_1690320971_16-36-11.jpg
490,429,1374.2806053658942,169.3705918910727,1718.276768668834,554.8690169888821,cam_2_1690320971_16-36-11.jpg
490,430,1738.045775028183,163.03210393929052,2079.154707099782,488.8242793877366,cam_2_1690320971_16-36-11.jpg
490,431,804.6734156709848,187.52971370973071,1318.7372959488275,579.3660452256238,cam_2_1690320971_16-36-11.jpg
490,432,2236.385242153706,432.9651470563719,2679.770643286462,664.6997554919866,cam_2_1690320971_16-36-11.jpg
491,152,2094.46836325959,136.46364649588855,2424.502315183756,384.5333646140739,cam_2_1690321001_16-36-41.jpg
491,239,3247.5814398322036,305.20722765977393,3788.0113809127793,622.0383149530167,cam_2_1690321001_16-36-41.jpg
491,259,3150.322202874605,414.10864304011636,3554.165385520678,661.9578006998914,cam_2_1690321001_16-36-41.jpg
491,320,3066.68445024468,446.4061862906852,3456.659452202878,671.1198522992036,cam_2_1690321001_16-36-41.jpg
491,418,3322.9066085357726,251.9511770981623,3742.04114820088,338.643376860813,cam_2_1690321001_16-36-41.jpg
491,422,2605.35811661031,416.8154202790589,3473.210524144001,923.8955038108109,cam_2_1690321001_16-36-41.jpg
491,425,2332.6197997268196,258.7070855735793,2755.673140328468,500.4191799175549,cam_2_1690321001_16-36-41.jpg
491,428,2378.5991892933193,143.811752077005,2563.0084268888104,297.4658814597033,cam_2_1690321001_16-36-41.jpg
491,429,1363.3542495032052,167.93352474814904,1707.9925856459206,556.3710769755514,cam_2_1690321001_16-36-41.jpg
491,430,1771.891618246598,165.74197142972912,2105.2084290534262,481.90376744860305,cam_2_1690321001_16-36-41.jpg
491,431,748.2236243797363,191.8598749118658,1274.9670726063796,590.4642375974256,cam_2_1690321001_16-36-41.jpg
491,432,2248.685661585111,435.78937047172894,2691.6115645287123,666.559667431739,cam_2_1690321001_16-36-41.jpg
492,152,2104.4979176377883,141.29735285441987,2444.795864051118,405.74522316187927,cam_2_1690321271_16-41-11.jpg
492,239,3255.3727223597302,306.51211644419686,3782.3213591646586,611.3975773907605,cam_2_1690321271_16-41-11.jpg
492,259,3151.009158054094,412.22847844205603,3562.215580785437,663.7448747412805,cam_2_1690321271_16-41-11.jpg
492,320,3057.459432293815,443.90644132453986,3450.506137863226,671.124057388053,cam_2_1690321271_16-41-11.jpg
492,389,2467.5870827931,143.60436647898547,2683.314424142412,348.3338961083782,cam_2_1690321271_16-41-11.jpg
492,418,3320.8815689952175,250.0506408606093,3719.5879089319524,333.3552160006558,cam_2_1690321271_16-41-11.jpg
492,422,2748.777715100742,436.26444813854334,3415.486440239724,822.1844215254529,cam_2_1690321271_16-41-11.jpg
492,428,2325.8009245909775,145.8377041088716,2579.145765575941,360.5066183565427,cam_2_1690321271_16-41-11.jpg
492,429,1262.8146339461032,176.64086127831504,1615.3227399738666,569.8879252206535,cam_2_1690321271_16-41-11.jpg
492,430,1844.2007942951536,166.37140145815485,2157.294828596341,465.9292423271154,cam_2_1690321271_16-41-11.jpg
492,431,785.6553733568705,187.25055944023887,1279.5670876149377,568.6109075191935,cam_2_1690321271_16-41-11.jpg
492,432,2248.9848276194907,440.27425871690485,2684.3714284819207,666.2431465281552,cam_2_1690321271_16-41-11.jpg
493,152,2119.3062923118664,144.83111378428015,2446.314356001961,405.71609390789655,cam_2_1690321451_16-44-11.jpg
493,239,3258.7751768102244,307.8433686826149,3781.48041689449,606.5140803546833,cam_2_1690321451_16-44-11.jpg
493,259,3153.262409161482,414.0225491096702,3564.0552672486397,663.9635711248642,cam_2_1690321451_16-44-11.jpg
493,320,3052.218231252902,443.5018156897419,3446.584765847769,672.6370795804318,cam_2_1690321451_16-44-11.jpg
493,389,2476.2919672446055,145.977093911547,2694.463796376849,349.59859305210045,cam_2_1690321451_16-44-11.jpg
493,422,2823.5980347558707,447.8395107503916,3367.8106346998384,758.9446583055799,cam_2_1690321451_16-44-11.jpg
493,428,2304.173889452916,149.23185615268272,2571.27928543942,380.2758141675423,cam_2_1690321451_16-44-11.jpg
493,429,1166.4106480408727,189.9045707000813,1518.8323292315927,593.4350002159862,cam_2_1690321451_16-44-11.jpg
493,430,1877.8037005369995,162.12911201207237,2176.240463113287,448.8755431762643,cam_2_1690321451_16-44-11.jpg
493,431,775.9579358374351,187.5864609593939,1310.1134161870245,608.4480942116415,cam_2_1690321451_16-44-11.jpg
493,432,2251.284411278024,441.72252658963544,2679.4494626406595,663.0158522573945,cam_2_1690321451_16-44-11.jpg
494,152,2123.651316540096,144.01316300960835,2446.7504413532356,405.1252411695841,cam_2_1690321466_16-44-26.jpg
494,239,3261.7849673729943,306.2006269233691,3786.912125340005,603.9880157212076,cam_2_1690321466_16-44-26.jpg
494,259,3156.889852185551,413.38625439740804,3568.980876826918,663.7777409102794,cam_2_1690321466_16-44-26.jpg
494,320,3053.218203851762,443.5371513295252,3444.2019856344523,671.1138017387466,cam_2_1690321466_16-44-26.jpg
494,389,2475.4867684054457,145.78179861711658,2693.151339499551,347.0939287479514,cam_2_1690321466_16-44-26.jpg
494,422,2840.833724688197,450.40448037368355,3360.061384024394,743.6075297073787,cam_2_1690321466_16-44-26.jpg
494,428,2304.483283914377,150.9632377477264,2568.695648998753,384.84336353268463,cam_2_1690321466_16-44-26.jpg
494,429,1141.2005496657669,196.99470556582003,1482.905856992336,601.0948826895235,cam_2_1690321466_16-44-26.jpg
494,430,1886.7716657099131,155.67172159043147,2180.5046858613096,441.00761583478777,cam_2_1690321466_16-44-26.jpg
494,431,784.7212486815599,187.09138547425482,1324.7699480722288,623.3536614516885,cam_2_1690321466_16-44-26.jpg
494,432,2249.1799638752727,441.2024151853588,2680.3279595676513,663.0878427062096,cam_2_1690321466_16-44-26.jpg
495,152,2124.0530387054837,142.36829778814203,2446.6666629094166,405.7262186261089,cam_2_1690321481_16-44-41.jpg
495,239,3266.015528614903,305.6237263630252,3793.9617375234375,603.2946376702832,cam_2_1690321481_16-44-41.jpg
495,259,3154.601585600151,411.3866364952732,3570.568021534494,662.9155308049604,cam_2_1690321481_16-44-41.jpg
495,320,3054.872536554764,445.83621018245367,3439.1019872851757,669.5800325773346,cam_2_1690321481_16-44-41.jpg
495,389,2475.811632962567,147.95958205562317,2693.4844241171268,346.47846560737673,cam_2_1690321481_16-44-41.jpg
495,422,2861.4530548987054,457.39074385172694,3363.311113438271,738.7655127326827,cam_2_1690321481_16-44-41.jpg
495,428,2304.723097039965,151.84387735390692,2565.0478709064214,387.4957286204567,cam_2_1690321481_16-44-41.jpg
495,429,1132.9348529474457,198.63378262909933,1466.3762228698938,603.9317495245477,cam_2_1690321481_16-44-41.jpg
495,430,1894.0892340340256,155.025374475472,2183.082274592878,438.3312877560866,cam_2_1690321481_16-44-41.jpg
495,431,794.0545329238,185.3939058718837,1326.140604979515,626.7118765923744,cam_2_1690321481_16-44-41.jpg
495,432,2255.0593279983414,442.0678052716817,2695.919363520505,667.2543982244124,cam_2_1690321481_16-44-41.jpg
495,436,1552.018024431603,158.27142111006867,1735.048133030401,520.1305243343285,cam_2_1690321481_16-44-41.jpg
495,437,2673.980992509859,136.23476519978908,2908.8682616489186,330.6705121981947,cam_2_1690321481_16-44-41.jpg
496,152,2097.7130825613376,144.02981967099538,2422.9957975400625,405.9309823624084,cam_2_1690321601_16-46-41.jpg
496,239,3259.5869903522453,307.1159888137739,3793.724258843395,606.9524580731202,cam_2_1690321601_16-46-41.jpg
496,259,3153.070330007128,412.31976983108893,3571.8460953607137,665.0005218387071,cam_2_1690321601_16-46-41.jpg
496,320,3055.742720947538,446.2163528893116,3443.234747492624,672.107189079659,cam_2_1690321601_16-46-41.jpg
496,389,2473.8469178966793,145.00958352738985,2698.8969375817533,349.2872043301646,cam_2_1690321601_16-46-41.jpg
496,422,2883.995084271197,462.9411811569862,3379.4977488136524,740.6102926526416,cam_2_1690321601_16-46-41.jpg
496,428,2301.8615368980245,151.41428953282997,2565.4221001802066,393.64346068122006,cam_2_1690321601_16-46-41.jpg
496,432,2250.172191598749,442.4094597182339,2690.1244118479844,666.4419525043585,cam_2_1690321601_16-46-41.jpg
496,436,1509.8702452500204,160.82916479475506,1691.0499325380285,508.8970292235328,cam_2_1690321601_16-46-41.jpg
496,437,2661.5391743486184,136.03199101218303,2901.6178523773283,334.97451548829054,cam_2_1690321601_16-46-41.jpg
497,152,2132.8099248143562,144.1863797564819,2454.1844951118974,403.0870759684325,cam_2_1690321811_16-50-11.jpg
497,239,3261.330109523533,308.3825692637949,3798.973674170641,607.8974074573939,cam_2_1690321811_16-50-11.jpg
497,259,3152.0917982261385,412.9659731232267,3571.3160357318684,665.2570272067459,cam_2_1690321811_16-50-11.jpg
497,320,3055.0800150694695,445.8685092280789,3442.6015495318293,672.015041238961,cam_2_1690321811_16-50-11.jpg
497,389,2504.0398955784326,149.31411156724886,2678.4371198976814,292.84391150657274,cam_2_1690321811_16-50-11.jpg
497,406,2473.0775185344082,235.75089534518037,2839.2148950585038,457.27227168904244,cam_2_1690321811_16-50-11.jpg
497,422,2873.4727536507994,456.71039537155605,3381.8133334575214,739.696724387937,cam_2_1690321811_16-50-11.jpg
497,428,2329.0945994812732,153.15788514225426,2566.4110410381154,379.0996289010168,cam_2_1690321811_16-50-11.jpg
497,432,2252.1283739275077,443.0808629069885,2690.59347182549,665.2960644761981,cam_2_1690321811_16-50-11.jpg
497,436,1576.3152195689595,162.85922855482013,1762.3144360469973,495.13347528736415,cam_2_1690321811_16-50-11.jpg
497,437,2633.5125432619197,138.2763881000619,2851.556656206256,318.44715557816244,cam_2_1690321811_16-50-11.jpg
498,152,2147.032802690868,140.84507448875877,2471.174697270656,398.600193721653,cam_2_1690322111_16-55-11.jpg
498,239,3201.07047962816,325.2487170831078,3847.181022557537,691.6960416408374,cam_2_1690322111_16-55-11.jpg
498,320,3062.7227565481567,452.7210293881473,3451.7253870154855,678.989239189621,cam_2_1690322111_16-55-11.jpg
498,389,2527.6809202424092,147.7169710596969,2680.418305728416,268.2359862074362,cam_2_1690322111_16-55-11.jpg
498,425,2514.225314750561,242.74152077462958,2872.0696217302248,446.0353803423132,cam_2_1690322111_16-55-11.jpg
498,428,2370.3012901095435,152.4842161442803,2588.1461430730133,367.5643642284462,cam_2_1690322111_16-55-11.jpg
498,432,2231.4025695145483,443.32077898408204,2664.4131681615627,663.3704711473257,cam_2_1690322111_16-55-11.jpg
498,436,1594.3998105845787,163.58190055466122,1793.8431003934604,494.3470864028465,cam_2_1690322111_16-55-11.jpg
498,437,2600.6337019390153,141.64788099332128,2768.489665978378,279.14777839238343,cam_2_1690322111_16-55-11.jpg
499,152,2148.8846308363227,141.50708051284923,2472.3411905388275,397.6033793522007,cam_2_1690322126_16-55-26.jpg
499,239,3200.068192274135,334.92363790425924,3868.1277819009483,720.7007098588165,cam_2_1690322126_16-55-26.jpg
499,320,3067.78170616466,453.10985264665226,3443.3769223786435,668.8257376221492,cam_2_1690322126_16-55-26.jpg
499,389,2515.850717213887,146.36361002505188,2671.426011028915,260.8288687594395,cam_2_1690322126_16-55-26.jpg
499,414,2860.22866054003,442.47033950824897,3367.81387596753,655.7307443234704,cam_2_1690322126_16-55-26.jpg
499,425,2527.7804836593277,239.82795411058595,2902.06508441932,449.4600896302039,cam_2_1690322126_16-55-26.jpg
499,428,2384.106722208555,161.27343894878777,2590.5871282735266,373.01211861553406,cam_2_1690322126_16-55-26.jpg
499,432,2248.7357041781092,444.4134737290944,2684.9819088187114,664.346559823002,cam_2_1690322126_16-55-26.jpg
499,436,1583.6623191545884,164.16316728598795,1796.6918709241468,491.0255821322322,cam_2_1690322126_16-55-26.jpg
499,437,2581.595041813517,137.6322838116714,2735.2604607498615,261.6399373556979,cam_2_1690322126_16-55-26.jpg
500,152,2143.988137265706,139.093858729256,2477.6028296771424,401.0175253124971,cam_2_1690322141_16-55-41.jpg
500,239,3221.043991010841,351.55546715324175,3877.8611866866468,736.3855167545548,cam_2_1690322141_16-55-41.jpg
500,389,2479.1886273284913,145.4644419224585,2705.4113479323028,317.15781594075924,cam_2_1690322141_16-55-41.jpg
500,422,2904.772860851952,448.3115980049249,3322.926698706318,678.757125447057,cam_2_1690322141_16-55-41.jpg
500,428,2388.3585410506826,155.77081597017988,2586.585640888451,362.9109548702962,cam_2_1690322141_16-55-41.jpg
500,432,2249.8000305685105,441.09707396247626,2703.5326198275793,668.5951620036822,cam_2_1690322141_16-55-41.jpg
500,436,1590.5046674482567,163.99172823109126,1818.4054397743198,492.2625418355712,cam_2_1690322141_16-55-41.jpg
500,441,3262.685257110066,299.7691311794747,3747.297260371226,410.2225838672908,cam_2_1690322141_16-55-41.jpg
500,442,2891.1533009168297,509.3230698628662,3589.8854666977963,1096.218918488276,cam_2_1690322141_16-55-41.jpg
501,152,2140.1589930649707,141.33931013423634,2474.199697887833,402.0472995848761,cam_2_1690322171_16-56-11.jpg
501,239,3281.385737814102,361.24080208671273,3923.5770884565627,745.2651241141499,cam_2_1690322171_16-56-11.jpg
501,320,3074.4496097846963,445.0621967716982,3466.665038833311,673.6066211392662,cam_2_1690322171_16-56-11.jpg
501,389,2475.550796583673,146.01421170837997,2715.4357553940463,333.8367031993448,cam_2_1690322171_16-56-11.jpg
501,428,2396.423421003195,158.7109156639766,2586.668443196969,361.7533071869999,cam_2_1690322171_16-56-11.jpg
501,432,2241.886425562312,437.25265924127274,2705.82063197478,669.2465297379649,cam_2_1690322171_16-56-11.jpg
501,436,1580.9457725294496,164.27543832956457,1823.8172832311234,491.94233628693524,cam_2_1690322171_16-56-11.jpg
501,441,3241.2331771239246,305.1610623540051,3765.531981100483,425.16206415825167,cam_2_1690322171_16-56-11.jpg
502,152,2144.382051424536,139.9661102729588,2481.7711743289824,402.21193474893835,cam_2_1690322246_16-57-26.jpg
502,386,3325.5007527724324,305.26428958281736,3704.024530190729,615.5559456433168,cam_2_1690322246_16-57-26.jpg
502,389,2477.6135970940963,145.01277210765628,2721.663174831197,341.5029075893956,cam_2_1690322246_16-57-26.jpg
502,428,2395.832077725948,155.65406109105052,2581.694706788953,357.6483190025308,cam_2_1690322246_16-57-26.jpg
502,432,2241.1727836137334,439.1942239719395,2698.779751953016,666.9358984727297,cam_2_1690322246_16-57-26.jpg
502,436,1557.317129697287,163.18510722284805,1822.5127733387537,498.52819013906446,cam_2_1690322246_16-57-26.jpg
502,445,2623.292181026284,145.42412803192232,2772.205127463089,334.4312945235183,cam_2_1690322246_16-57-26.jpg
503,152,2143.3310574883626,141.71420972404707,2481.7116169492197,404.36169340790804,cam_2_1690322261_16-57-41.jpg
503,386,3327.445571963562,308.0804158395656,3736.4503639789696,621.9846053132535,cam_2_1690322261_16-57-41.jpg
503,389,2481.758548509603,148.04022755751242,2722.085133511693,346.7090893297485,cam_2_1690322261_16-57-41.jpg
503,428,2400.0040522606078,157.1340750978663,2583.9749972975014,360.08764581385225,cam_2_1690322261_16-57-41.jpg
503,432,2242.7400444571763,441.06967621451156,2696.978724940257,665.8792872376767,cam_2_1690322261_16-57-41.jpg
503,436,1541.784214221413,160.1799888903765,1824.4017331762304,496.5665207762813,cam_2_1690322261_16-57-41.jpg
503,445,2609.6823793358385,147.39133744493986,2758.43639252984,335.1549601936217,cam_2_1690322261_16-57-41.jpg
503,446,2801.0356091186463,394.62886920720064,3458.5613563481133,962.9102346001495,cam_2_1690322261_16-57-41.jpg
504,152,2137.3940344674647,189.1187128937034,2499.8883090801546,462.99487482866783,cam_2_1690322411_17-00-11.jpg
504,320,3056.286087158175,447.04010403286395,3452.253903150556,677.1541765449568,cam_2_1690322411_17-00-11.jpg
504,325,3617.7755188715773,286.9066795283645,3892.643745452676,535.0711951476219,cam_2_1690322411_17-00-11.jpg
504,382,31.873683991653877,216.41036272095573,585.1826451396494,662.94501831914,cam_2_1690322411_17-00-11.jpg
504,386,3268.0436210879525,324.35982698146995,3726.827202816713,672.8805538598864,cam_2_1690322411_17-00-11.jpg
504,392,2369.4119727177026,138.48848051138594,2689.009721850132,346.57916985664895,cam_2_1690322411_17-00-11.jpg
504,422,2892.7220365417506,454.9624962571174,3391.939281109637,730.3328867127018,cam_2_1690322411_17-00-11.jpg
504,432,2245.322045741469,437.94313829980223,2708.8750716303593,667.1810405972942,cam_2_1690322411_17-00-11.jpg
504,447,2551.182759450239,431.47833249924815,2870.8090738503074,592.012164409043,cam_2_1690322411_17-00-11.jpg
505,283,2529.188243767299,214.50568326826163,2932.704796099973,406.7709375480986,cam_2_1690322501_17-01-41.jpg
505,320,3047.621990560157,444.83003783171023,3444.5364252607433,674.2002111830469,cam_2_1690322501_17-01-41.jpg
505,382,189.53591698923438,213.89362445978713,680.1263923433579,642.807964181178,cam_2_1690322501_17-01-41.jpg
505,386,3236.8097797904325,327.80683267439576,3724.620102726997,694.2773965584302,cam_2_1690322501_17-01-41.jpg
505,392,2325.4636628335506,140.1032078056253,2659.823667516398,354.75050253519686,cam_2_1690322501_17-01-41.jpg
505,422,2886.64417923048,456.6920910730299,3391.4466897737993,733.8046829658927,cam_2_1690322501_17-01-41.jpg
505,432,2246.9549819127074,440.88944672785414,2710.7976427240524,668.839146079453,cam_2_1690322501_17-01-41.jpg
505,447,2558.5809785093256,438.12375319013324,2867.600115689657,592.3358676229669,cam_2_1690322501_17-01-41.jpg
506,320,3048.500997336283,446.14600991392314,3443.7057209013483,674.0431766156441,cam_2_1690322516_17-01-56.jpg
506,382,224.33033331143614,213.84174231737862,681.9791042451349,637.8225937829791,cam_2_1690322516_17-01-56.jpg
506,386,3222.7062524445214,327.94584041551684,3720.8823499536607,702.271884377406,cam_2_1690322516_17-01-56.jpg
506,389,2528.991129609221,193.11750351972142,2754.074033382523,377.87777302897103,cam_2_1690322516_17-01-56.jpg
506,392,2282.6983166946684,139.98744843755128,2633.289540373606,360.3210263715301,cam_2_1690322516_17-01-56.jpg
506,414,2530.397382811818,440.9035356536661,2899.240956326021,595.7005381528917,cam_2_1690322516_17-01-56.jpg
506,422,2877.460484629805,454.4008758827755,3394.57510858317,737.3334275724062,cam_2_1690322516_17-01-56.jpg
506,425,2714.6010750425066,225.96072603383993,3058.8787999162755,415.90071754492294,cam_2_1690322516_17-01-56.jpg
506,432,2247.7205839083254,441.5067272139245,2698.9023836469664,661.8413883822686,cam_2_1690322516_17-01-56.jpg
506,450,3383.9018164894924,301.54296296602615,3782.7865960223935,432.3340424590914,cam_2_1690322516_17-01-56.jpg
506,451,3453.3471547192103,288.6282708108429,3765.675646110413,500.5936132868733,cam_2_1690322516_17-01-56.jpg
506,452,2900.6738301083674,210.4159231495085,3268.39469796013,342.69932806101525,cam_2_1690322516_17-01-56.jpg
507,320,3048.4255183210885,445.4049670174144,3447.6670683306916,675.3423514707146,cam_2_1690322561_17-02-41.jpg
507,386,3211.2867846522704,325.4947027377943,3726.438788575114,713.3242965292886,cam_2_1690322561_17-02-41.jpg
507,389,2555.8582880747817,207.27683935038434,2780.7726481135896,388.7606955302699,cam_2_1690322561_17-02-41.jpg
507,392,2262.908610693715,139.76034647467327,2619.9168481856086,363.36142460007386,cam_2_1690322561_17-02-41.jpg
507,414,2516.930810398713,441.5451019856554,2879.921742109802,594.227423882704,cam_2_1690322561_17-02-41.jpg
507,422,2876.7578878972604,457.77940731492293,3391.758968733949,739.4841721201092,cam_2_1690322561_17-02-41.jpg
507,425,2750.496666279345,228.7296205566061,3084.5167246955134,412.58609423278205,cam_2_1690322561_17-02-41.jpg
507,432,2243.8095850213385,441.80056030706277,2690.6997929294103,659.2192921051364,cam_2_1690322561_17-02-41.jpg
507,450,3394.8244555913184,293.42834733815465,3825.3164297880307,435.76623996818955,cam_2_1690322561_17-02-41.jpg
507,452,2858.41287029666,209.53530470609553,3206.0266405945704,334.7100331550797,cam_2_1690322561_17-02-41.jpg
507,454,822.8050363631755,394.9798598351142,1584.6622089610382,1075.0160382228637,cam_2_1690322561_17-02-41.jpg
508,320,3051.782116374765,447.7571265238242,3448.467043880637,675.5661166293756,cam_2_1690322606_17-03-26.jpg
508,386,3218.783847000097,326.076062756815,3729.342028939329,710.7473102138542,cam_2_1690322606_17-03-26.jpg
508,389,2607.2154718942334,215.62564070285225,2836.3594780582207,391.1389893577906,cam_2_1690322606_17-03-26.jpg
508,392,2272.9516236721,141.36814611974987,2627.5926409469153,363.0720937517574,cam_2_1690322606_17-03-26.jpg
508,414,2511.1607500209207,442.14270497895404,2869.686577589481,593.3498062147921,cam_2_1690322606_17-03-26.jpg
508,422,2873.9916379563742,458.36920847395265,3389.3138396541613,739.7471001422982,cam_2_1690322606_17-03-26.jpg
508,432,2246.3119315861927,440.32415497099373,2705.8281567685785,663.5716619752607,cam_2_1690322606_17-03-26.jpg
508,450,3401.024000363847,288.4739504871549,3854.444747356652,440.3559916192561,cam_2_1690322606_17-03-26.jpg
508,452,2842.0465201477077,206.10465154735306,3202.8470119623767,336.5439693389061,cam_2_1690322606_17-03-26.jpg
509,320,3039.1916592084444,440.82693771677015,3450.56743149152,676.9866291656913,cam_2_1690322741_17-05-41.jpg
509,386,3210.0071697541607,323.7882713153964,3723.2541429407584,708.9894350081927,cam_2_1690322741_17-05-41.jpg
509,392,2265.394611023897,140.43529443028072,2627.4806372269754,368.8571438797452,cam_2_1690322741_17-05-41.jpg
509,414,2512.870234511603,444.52102654824176,2866.0432959138698,593.7990643262436,cam_2_1690322741_17-05-41.jpg
509,422,2868.8959251491165,454.6647288872816,3395.4583389979966,741.6248648679693,cam_2_1690322741_17-05-41.jpg
509,432,2244.84713380296,443.5572624064957,2706.5078105290513,667.1912158923919,cam_2_1690322741_17-05-41.jpg
509,436,1429.2356704547021,160.627017382504,1723.5934640676721,516.4485767184924,cam_2_1690322741_17-05-41.jpg
509,445,2565.137667165508,152.7187750860507,2717.46154391299,344.87176185951375,cam_2_1690322741_17-05-41.jpg
509,450,3373.8404751753055,291.1292705344399,3870.6214089144373,460.4837370095388,cam_2_1690322741_17-05-41.jpg
509,452,2840.1249100195528,202.6838945552115,3210.498388216924,336.8781745427174,cam_2_1690322741_17-05-41.jpg
509,455,3153.9557123865548,193.4329565079846,3438.028034573096,329.90795513801663,cam_2_1690322741_17-05-41.jpg
510,320,3043.5925846209325,443.57490906084894,3450.1191972093147,676.8442177405029,cam_2_1690322831_17-07-11.jpg
510,386,3215.048311612761,325.0629296274803,3723.856021058777,706.5183577659686,cam_2_1690322831_17-07-11.jpg
510,392,2266.3885823916567,142.71110839768434,2625.5483995942673,370.35596470487405,cam_2_1690322831_17-07-11.jpg
510,414,2511.703408902656,443.7919398264793,2871.053194288427,595.3260383484043,cam_2_1690322831_17-07-11.jpg
510,422,2873.7679336727588,458.28988397340584,3389.540409628954,739.097671038741,cam_2_1690322831_17-07-11.jpg
510,432,2237.6569369226363,443.10606959219325,2698.527823104469,666.256431732191,cam_2_1690322831_17-07-11.jpg
510,436,1442.2154077933772,160.1288967742738,1732.1528670877142,517.9301920166988,cam_2_1690322831_17-07-11.jpg
510,445,2562.8382931626184,153.07963069644288,2713.406709695849,342.3277831726273,cam_2_1690322831_17-07-11.jpg
510,452,2854.0504949831547,200.27345957198065,3215.7785635839095,331.81365387243136,cam_2_1690322831_17-07-11.jpg
510,455,3156.6463057438586,195.49476539266743,3439.8350626614697,331.7649844617164,cam_2_1690322831_17-07-11.jpg
511,320,3045.680270094441,445.57977648713666,3447.38061561195,675.5430105394706,cam_2_1690322906_17-08-26.jpg
511,386,3211.8959077028026,325.1759535767376,3726.7142843406955,711.1572785576689,cam_2_1690322906_17-08-26.jpg
511,392,2258.160531582054,143.02527572170317,2622.4648666190133,375.18565589058545,cam_2_1690322906_17-08-26.jpg
511,414,2519.4832524351546,439.34693658462356,2880.1934707960695,591.2608447959558,cam_2_1690322906_17-08-26.jpg
511,422,2914.2818654625207,465.77019553096346,3403.665949102222,734.6303305252652,cam_2_1690322906_17-08-26.jpg
511,430,1745.19009624156,153.59686259395556,2053.6549181379723,453.96709634157054,cam_2_1690322906_17-08-26.jpg
511,432,2232.0996993557433,440.4738007303183,2697.1470190364253,665.9936572016672,cam_2_1690322906_17-08-26.jpg
511,445,2559.130246148897,150.10079541601436,2713.795192597727,345.35709241160004,cam_2_1690322906_17-08-26.jpg
511,452,2865.961229154133,200.20750469146725,3223.0141577875584,329.49653328790475,cam_2_1690322906_17-08-26.jpg
511,455,3219.984041858268,209.66875950709587,3482.7376190593345,336.99835482408685,cam_2_1690322906_17-08-26.jpg
512,320,3046.1308514887505,446.10415723753806,3446.6468709572528,674.961998071123,cam_2_1690322996_17-09-56.jpg
512,386,3198.52851609887,320.0910617713291,3716.877947218327,707.7047773628128,cam_2_1690322996_17-09-56.jpg
512,392,2330.3454567317585,149.9819481934593,2673.010797027279,369.12881283009176,cam_2_1690322996_17-09-56.jpg
512,414,2516.8877781997203,443.4976936776467,2894.462170504546,602.4061192260606,cam_2_1690322996_17-09-56.jpg
512,422,2926.7386412277065,467.5188929506918,3408.087515931153,733.9628377277596,cam_2_1690322996_17-09-56.jpg
512,424,2604.0523430191997,153.3008305270053,2763.1502642265314,343.1135046811029,cam_2_1690322996_17-09-56.jpg
512,432,2232.1149104630954,439.56130120169416,2697.191257317058,665.6720157810744,cam_2_1690322996_17-09-56.jpg
512,445,2538.8347154933786,173.33719684485732,2703.096864012126,376.74542039385597,cam_2_1690322996_17-09-56.jpg
512,452,2752.4173252619694,203.52196294891948,3149.0570375189864,350.9519593765052,cam_2_1690322996_17-09-56.jpg
513,152,2069.588680173611,199.1436561088921,2419.5406226347063,462.9890036573805,cam_2_1690323041_17-10-41.jpg
513,320,3040.4158340517038,441.2025154729489,3450.4514313460404,675.2477906186098,cam_2_1690323041_17-10-41.jpg
513,386,3186.1044295541806,321.6637569856656,3711.624370165227,712.8444102655471,cam_2_1690323041_17-10-41.jpg
513,392,2288.6774104400333,158.42088818121522,2577.617312602424,345.06781082872044,cam_2_1690323041_17-10-41.jpg
513,414,2507.6742401214606,436.7711334244988,2897.5504433688275,600.789052421988,cam_2_1690323041_17-10-41.jpg
513,422,2933.6008068387114,466.30936515729945,3411.401674309391,733.4443462181457,cam_2_1690323041_17-10-41.jpg
513,432,2238.322415936324,436.86061155221995,2709.495948433226,665.7276094794829,cam_2_1690323041_17-10-41.jpg
513,454,976.8238101661882,196.52503723048326,1422.2657865458827,589.9752270313375,cam_2_1690323041_17-10-41.jpg
514,320,3046.1718809514045,445.56118004871615,3452.679987464553,677.3506360129405,cam_2_1690323056_17-10-56.jpg
514,386,3211.7428432151396,319.26699174191293,3742.168406231819,716.684952270215,cam_2_1690323056_17-10-56.jpg
514,392,2283.4534350475246,160.03512731411544,2516.0449503861637,308.24535184774516,cam_2_1690323056_17-10-56.jpg
514,406,2065.615046393201,203.4818056298663,2514.450753071298,475.86139839497713,cam_2_1690323056_17-10-56.jpg
514,414,2508.099331385741,435.056083396879,2908.1211566475713,602.6912898707127,cam_2_1690323056_17-10-56.jpg
514,422,2936.8373396339357,468.81016507696086,3408.5471056486126,734.063720387358,cam_2_1690323056_17-10-56.jpg
514,432,2234.1402658246416,435.42831111959634,2707.955503311975,666.1242136496945,cam_2_1690323056_17-10-56.jpg
514,454,1002.6019640610069,187.77609766020768,1435.5840257992704,569.4599771389946,cam_2_1690323056_17-10-56.jpg
515,283,2450.366132459583,217.68020690466693,2806.7058707976357,392.6959602956856,cam_2_1690323116_17-11-56.jpg
515,320,3045.392275665954,443.0062791473491,3454.6910782884856,676.1843982302267,cam_2_1690323116_17-11-56.jpg
515,386,3206.7435634674134,317.98754167962943,3733.3328537272473,713.5436014112092,cam_2_1690323116_17-11-56.jpg
515,414,2507.5109614582807,438.7946317291087,2907.0424634853825,605.3462438886172,cam_2_1690323116_17-11-56.jpg
515,422,2942.07393668098,469.8843411203233,3407.70147815366,733.3607883818006,cam_2_1690323116_17-11-56.jpg
515,432,2235.057924370002,439.9484323389295,2692.9394730663635,662.623256774714,cam_2_1690323116_17-11-56.jpg
515,451,3435.8243019131196,265.7063131659885,3781.1794813840534,496.7895059327833,cam_2_1690323116_17-11-56.jpg
515,454,978.9171818539468,183.50777209154427,1406.8240109230842,559.8560981847359,cam_2_1690323116_17-11-56.jpg
515,463,108.46581096145587,202.54394739064395,848.9352921325408,647.9771819160073,cam_2_1690323116_17-11-56.jpg
515,464,1326.892431589467,173.55689919022387,1789.6237971303808,514.8349051352275,cam_2_1690323116_17-11-56.jpg
516,283,2516.211060647116,216.15116584556506,2851.1453044926025,389.3004847923438,cam_2_1690323371_17-16-11.jpg
516,320,3037.4656397372596,445.23151102365,3448.4710903603545,678.1777729189523,cam_2_1690323371_17-16-11.jpg
516,386,3206.6328672066957,318.5365454973734,3728.7642165647276,707.7719063807865,cam_2_1690323371_17-16-11.jpg
516,414,2500.3033893921624,432.90940517134743,2895.08587695417,596.561869886626,cam_2_1690323371_17-16-11.jpg
516,422,2913.920006768533,464.18931841625573,3394.196787067017,734.6574064246397,cam_2_1690323371_17-16-11.jpg
516,429,750.1668923586279,197.58701876479924,1111.3222154362475,630.1915365349683,cam_2_1690323371_17-16-11.jpg
516,432,2248.402731431377,445.12412982718047,2682.6641052638483,653.5222780574709,cam_2_1690323371_17-16-11.jpg
517,283,2537.062165066329,217.62556161802894,2855.7548259212253,389.97884763111836,cam_2_1690323416_17-16-56.jpg
517,320,3037.4963336523915,446.12748169266644,3447.1311731312053,677.5716129010707,cam_2_1690323416_17-16-56.jpg
517,386,3201.3551869441844,317.1028966611872,3731.4183163174466,708.2153575637956,cam_2_1690323416_17-16-56.jpg
517,414,2496.6267463550457,433.5345911527001,2894.4783760385817,598.0989558455245,cam_2_1690323416_17-16-56.jpg
517,422,2902.9024320524286,463.4025726470644,3387.8068288349555,735.1462080581557,cam_2_1690323416_17-16-56.jpg
517,429,745.0446316963348,197.88913579247074,1110.3526289918477,629.6550250525147,cam_2_1690323416_17-16-56.jpg
517,432,2257.0625970548444,446.47301987364324,2685.9344118764034,649.7302821006118,cam_2_1690323416_17-16-56.jpg
518,239,3437.8056148275914,430.4260818613018,4028.7534993585678,779.9231868623713,cam_2_1690323476_17-17-56.jpg
518,320,3040.018203401733,449.1227489341079,3444.808073269858,676.2040999786464,cam_2_1690323476_17-17-56.jpg
518,386,3244.7622285957304,314.0108974986771,3677.23708789397,615.8704238019304,cam_2_1690323476_17-17-56.jpg
518,414,2492.4417771351114,434.7948507931661,2883.6868254279466,595.4401730009126,cam_2_1690323476_17-17-56.jpg
518,422,2892.095035811031,461.8530243710279,3387.2364812455917,738.1154534163004,cam_2_1690323476_17-17-56.jpg
518,428,2584.2475556277036,211.4349530957506,2747.124962564808,385.38240331505466,cam_2_1690323476_17-17-56.jpg
518,429,682.1176412796152,198.04190939173412,1067.0910587295255,629.5703896824618,cam_2_1690323476_17-17-56.jpg
518,432,2262.473955488498,447.77393786563835,2684.418936601855,644.8942687037347,cam_2_1690323476_17-17-56.jpg
518,467,2477.930915246738,557.2923413480777,3021.696510584375,911.0091953791898,cam_2_1690323476_17-17-56.jpg
518,468,1865.6759137004376,496.76991968817094,2287.769985168874,732.735924722926,cam_2_1690323476_17-17-56.jpg
518,469,3120.107734910614,220.49436670927935,3419.1895649184257,341.96905023635895,cam_2_1690323476_17-17-56.jpg
519,320,3039.239630306069,447.39214263080015,3454.076869379103,680.411376094537,cam_2_1690323641_17-20-41.jpg
519,422,2894.9146278396265,458.82354373870214,3392.735794634603,737.3747106448756,cam_2_1690323641_17-20-41.jpg
519,428,2544.2579213485346,194.3431098740768,2733.9750786983905,389.6771950302597,cam_2_1690323641_17-20-41.jpg
519,431,568.8141982056167,198.42819070804816,1089.2021675629312,623.1143807143891,cam_2_1690323641_17-20-41.jpg
519,432,2240.009463842683,444.47652460506737,2647.578203755367,635.5805705532491,cam_2_1690323641_17-20-41.jpg
519,446,3226.492566323617,319.8973477877584,3691.0290267398277,706.3146075713091,cam_2_1690323641_17-20-41.jpg
519,467,2474.1809308438615,560.9017973410226,3014.4579577091777,912.3017790061942,cam_2_1690323641_17-20-41.jpg
519,468,1859.1110897320452,495.71705792946346,2284.1560781455237,733.740352981611,cam_2_1690323641_17-20-41.jpg
520,320,3038.6963396754945,448.1974614071214,3454.0917032934876,681.3406430744642,cam_2_1690323746_17-22-26.jpg
520,382,415.86870770706287,199.68472934163793,902.2422427045674,678.7867218528613,cam_2_1690323746_17-22-26.jpg
520,422,2896.7563582220905,459.47778126768753,3390.915641591195,735.4913827614412,cam_2_1690323746_17-22-26.jpg
520,428,2536.1954445152137,189.74706562100306,2738.8443273310204,395.16374608203057,cam_2_1690323746_17-22-26.jpg
520,432,2245.4503397919593,443.2529782726631,2657.5292533575343,635.112264338381,cam_2_1690323746_17-22-26.jpg
520,445,2466.457491325897,145.45023741896816,2633.7061276377667,350.6473753193146,cam_2_1690323746_17-22-26.jpg
520,446,3210.813033985612,320.14617992978435,3690.2547075205375,707.2069901768492,cam_2_1690323746_17-22-26.jpg
520,467,2465.517638156676,561.9155615076202,3006.5491498558713,913.2520784791693,cam_2_1690323746_17-22-26.jpg
520,468,1859.1864315144321,493.36117583749217,2291.7956629671326,735.9921076421199,cam_2_1690323746_17-22-26.jpg
521,152,1924.7310429979598,260.1930757470036,2328.276379099485,570.7401377532777,cam_2_1690323851_17-24-11.jpg
521,320,3039.8536956235534,450.52548226996385,3456.4010193984063,684.539618752357,cam_2_1690323851_17-24-11.jpg
521,422,2896.849476401698,459.41409609550055,3389.3071981257635,734.4051369981839,cam_2_1690323851_17-24-11.jpg
521,445,2482.3562310117486,140.51945067965107,2653.789127368176,351.05673663309165,cam_2_1690323851_17-24-11.jpg
521,446,3213.511224691383,318.5176709705256,3709.7732966413114,714.5035810005086,cam_2_1690323851_17-24-11.jpg
521,467,2468.660978553558,560.8446210376817,3011.8123019651944,913.9498375472019,cam_2_1690323851_17-24-11.jpg
521,468,1852.8393997576434,491.5491766689937,2303.335064706008,745.4381219672097,cam_2_1690323851_17-24-11.jpg
521,472,2676.463386983488,516.2499754626587,3146.8827402354905,852.4714997490851,cam_2_1690323851_17-24-11.jpg
522,152,2003.4552368929928,261.1045273155729,2464.9906817605033,621.4215504058078,cam_2_1690323881_17-24-41.jpg
522,320,3039.5734904456217,451.2058079110113,3457.485077274537,686.2724411303859,cam_2_1690323881_17-24-41.jpg
522,406,1862.6294524247492,153.2033625201854,2289.044106677668,418.0513430817711,cam_2_1690323881_17-24-41.jpg
522,422,2896.0782676434355,459.3597501406008,3388.5425444304874,735.0316227132249,cam_2_1690323881_17-24-41.jpg
522,445,2515.845297501756,143.97344127254675,2684.1598932648403,356.7349406861953,cam_2_1690323881_17-24-41.jpg
522,446,3202.191162605454,318.1861447680993,3701.957852951944,710.8641362554863,cam_2_1690323881_17-24-41.jpg
522,467,2464.3945748743326,555.6099850188835,3014.590950327897,913.8384250261178,cam_2_1690323881_17-24-41.jpg
522,468,1843.7615314745628,488.78707243304365,2299.142718046973,747.3667807792542,cam_2_1690323881_17-24-41.jpg
522,472,2671.9025654588863,512.2525165763644,3150.0599095519974,854.4020478453012,cam_2_1690323881_17-24-41.jpg
523,152,2036.8897812618895,268.1900763894268,2521.9645351542586,644.1333360773888,cam_2_1690323941_17-25-41.jpg
523,320,3043.1371414828236,448.36327411601354,3460.1980082329223,683.8413169757199,cam_2_1690323941_17-25-41.jpg
523,406,1852.655235378181,152.25865094888903,2268.5054575652584,413.9307886358074,cam_2_1690323941_17-25-41.jpg
523,422,2898.4587914751837,457.6390137963566,3390.3039624143744,733.3852503099326,cam_2_1690323941_17-25-41.jpg
523,445,2531.712724571448,141.58862337100012,2698.1257171592792,353.276383679756,cam_2_1690323941_17-25-41.jpg
523,446,3200.331366320895,321.58626040858894,3700.6950508503796,708.8561256557075,cam_2_1690323941_17-25-41.jpg
523,467,2467.848098172453,552.8747602943063,3019.619239484929,913.5305968283479,cam_2_1690323941_17-25-41.jpg
523,468,1846.4642558558073,486.47807400230073,2304.95006603254,748.3696998992409,cam_2_1690323941_17-25-41.jpg
523,472,2676.625891136008,512.6641530246568,3149.4484492071188,851.3006010598955,cam_2_1690323941_17-25-41.jpg
524,152,2089.6046276018055,389.0322835721211,2479.9649961280265,668.8427352245008,cam_2_1690324091_17-28-11.jpg
524,320,3039.7741027017896,446.26646719406506,3461.011837800974,684.8930553469901,cam_2_1690324091_17-28-11.jpg
524,406,1839.8777548478513,150.98780029643933,2265.069673855552,422.10775129652063,cam_2_1690324091_17-28-11.jpg
524,422,2899.7622722476704,456.17374492399483,3390.3525316503874,731.978567794962,cam_2_1690324091_17-28-11.jpg
524,428,2524.013586793142,145.98057085556445,2736.166182664764,352.5260550873111,cam_2_1690324091_17-28-11.jpg
524,446,3191.0609904216676,319.5917809488909,3705.308133231152,714.1209824067407,cam_2_1690324091_17-28-11.jpg
524,467,2463.052642247294,560.8293041424786,3000.6128875039894,910.3393267974483,cam_2_1690324091_17-28-11.jpg
524,468,1848.6380650632402,488.8203029663067,2287.444834169665,740.7407931463512,cam_2_1690324091_17-28-11.jpg
524,472,2678.446354312857,512.0157793090616,3151.3269009168785,851.1040149135639,cam_2_1690324091_17-28-11.jpg
525,152,2142.9991974351556,439.84674463488375,2491.415644371948,668.904346995401,cam_2_1690324241_17-30-41.jpg
525,320,3040.8952106386428,446.8370656338398,3461.431604491411,685.4503044641879,cam_2_1690324241_17-30-41.jpg
525,406,1832.0151903234166,152.5246099958961,2263.159271008719,432.13264535696567,cam_2_1690324241_17-30-41.jpg
525,422,2901.8008904691233,456.29311256145877,3390.664254130179,731.8785313788776,cam_2_1690324241_17-30-41.jpg
525,428,2476.0109343237536,139.00429230151033,2712.951832478407,352.9783080924965,cam_2_1690324241_17-30-41.jpg
525,446,3187.727067966983,318.02815102970146,3709.1396747511867,719.4447916373825,cam_2_1690324241_17-30-41.jpg
525,467,2456.7300720125763,555.1526544412509,3000.9693485283374,908.4518040184785,cam_2_1690324241_17-30-41.jpg
525,468,1843.1498263056042,488.316030189393,2281.7370329341343,742.2974702721789,cam_2_1690324241_17-30-41.jpg
525,472,2670.7893984339958,502.7625485016399,3154.012367974667,850.1851680430987,cam_2_1690324241_17-30-41.jpg
526,152,2129.9694350794366,458.28756887978886,2479.552300291639,677.5331544007566,cam_2_1690324331_17-32-11.jpg
526,320,3038.5286875916577,448.1255852241675,3460.970264780983,688.7090078547276,cam_2_1690324331_17-32-11.jpg
526,406,1827.4710462693324,151.20019143356697,2258.7438177227486,435.58825086158754,cam_2_1690324331_17-32-11.jpg
526,422,2901.690983354031,458.6597526409764,3386.9363847143413,732.222617813858,cam_2_1690324331_17-32-11.jpg
526,428,2465.959758011697,135.51886115978522,2717.057705779406,352.3581561664692,cam_2_1690324331_17-32-11.jpg
526,446,3179.8449173664912,318.10197065724446,3706.5086038803124,720.585229714452,cam_2_1690324331_17-32-11.jpg
526,467,2460.6869646964883,556.1577814804921,3007.943009889632,911.8118377154012,cam_2_1690324331_17-32-11.jpg
526,468,1849.2086399733148,491.3223767400841,2282.5162406222685,743.2840679714043,cam_2_1690324331_17-32-11.jpg
526,472,2669.5536263256067,505.9503461787469,3152.354232019546,853.836526760726,cam_2_1690324331_17-32-11.jpg
527,152,2106.4474649859235,467.418409464957,2450.6115315631323,678.5275369689275,cam_2_1690324481_17-34-41.jpg
527,320,3037.268892499203,447.2433688147685,3464.3040119181405,691.2296103058304,cam_2_1690324481_17-34-41.jpg
527,406,1821.442577193055,149.8168140356693,2257.8601739052583,439.7942582907972,cam_2_1690324481_17-34-41.jpg
527,422,2900.4613699245874,457.7218876657905,3387.9241608740067,733.0781791309207,cam_2_1690324481_17-34-41.jpg
527,428,2459.429592325492,135.66676193102177,2717.5322821306954,348.17721248202537,cam_2_1690324481_17-34-41.jpg
527,446,3184.2092687118625,318.9486288695608,3709.29536220131,717.336813962131,cam_2_1690324481_17-34-41.jpg
527,447,2640.73640533489,239.05035232705612,3027.4060617082623,436.90152869301915,cam_2_1690324481_17-34-41.jpg
527,467,2461.5203436374086,560.037558769881,3004.3143497648825,911.8705634413902,cam_2_1690324481_17-34-41.jpg
527,468,1854.214685719888,495.441922616119,2273.605679292142,740.0062915302622,cam_2_1690324481_17-34-41.jpg
527,472,2677.248280139077,511.3670128222524,3150.746543568493,853.273288625624,cam_2_1690324481_17-34-41.jpg
528,152,2116.497762711827,468.13833184041556,2466.0874460147497,674.9634026915581,cam_2_1690324616_17-36-56.jpg
528,320,3038.1533193981495,446.69626246889675,3462.828356989734,689.7449126109059,cam_2_1690324616_17-36-56.jpg
528,406,1824.7640732008135,150.41867020288547,2260.731567645686,443.0864150063561,cam_2_1690324616_17-36-56.jpg
528,422,2902.8077327826168,459.19125631167583,3386.830003589922,732.8095585183756,cam_2_1690324616_17-36-56.jpg
528,432,2299.789083890187,440.97225383976,2659.6126918928135,609.7221825943977,cam_2_1690324616_17-36-56.jpg
528,445,2448.1430042504417,153.3167024990263,2620.694935369708,367.5136657784856,cam_2_1690324616_17-36-56.jpg
528,446,3177.79419388346,320.19384299858626,3700.9507497922123,715.3362411455034,cam_2_1690324616_17-36-56.jpg
528,447,2655.784484523717,236.67585102882924,3042.997015556049,433.21574263102866,cam_2_1690324616_17-36-56.jpg
528,467,2460.2316166225382,558.707834985264,3005.415451282877,911.6109575176395,cam_2_1690324616_17-36-56.jpg
528,468,1858.5919483679447,496.0562559953151,2273.9295130410437,738.7003581813169,cam_2_1690324616_17-36-56.jpg
528,472,2677.648446494872,514.3666822409018,3145.6083534837967,852.1747547382141,cam_2_1690324616_17-36-56.jpg
529,152,2106.6357256404012,467.84097368701526,2458.297682141703,671.7585549359134,cam_2_1690324631_17-37-11.jpg
529,320,3036.3680183150846,444.5692089776612,3464.2063920879527,690.0452661112861,cam_2_1690324631_17-37-11.jpg
529,406,1828.3132727532322,152.1191329515137,2254.7033697478314,441.2014791030738,cam_2_1690324631_17-37-11.jpg
529,422,2899.319791615039,459.12847077918286,3384.7802807451594,734.0343326315524,cam_2_1690324631_17-37-11.jpg
529,445,2475.870819579973,166.79033784999797,2646.284800625141,380.43133191349057,cam_2_1690324631_17-37-11.jpg
529,446,3180.0397215200223,319.3092320757682,3708.3383787659536,715.5876457968927,cam_2_1690324631_17-37-11.jpg
529,447,2662.836635688125,235.76495009496756,3049.522946634793,431.2106353591644,cam_2_1690324631_17-37-11.jpg
529,467,2453.1713448248897,556.2767695159664,3004.123593722361,912.255851029593,cam_2_1690324631_17-37-11.jpg
529,468,1858.023991030865,495.8478089790072,2275.9582667128493,740.890302622425,cam_2_1690324631_17-37-11.jpg
529,472,2676.4005771390525,515.3340250804399,3144.075351717066,852.994495701318,cam_2_1690324631_17-37-11.jpg
530,152,2106.9683937847362,467.3328159874576,2474.5348062207095,675.4656319577322,cam_2_1690324646_17-37-26.jpg
530,283,2649.0802435125365,241.68238240696098,2996.7876311422474,433.728839998666,cam_2_1690324646_17-37-26.jpg
530,320,3036.277140256793,443.9053470429678,3464.044755796247,689.8708843643288,cam_2_1690324646_17-37-26.jpg
530,406,1845.4230470655198,150.325325842606,2264.5595987508436,435.3069544430504,cam_2_1690324646_17-37-26.jpg
530,422,2897.520933785932,459.42816317144514,3382.5130005414258,734.5555310794143,cam_2_1690324646_17-37-26.jpg
530,445,2514.1691895036947,202.35326778071632,2675.9519432864854,399.3996025992774,cam_2_1690324646_17-37-26.jpg
530,446,3176.1020179828547,319.76956632287454,3709.7039805188833,718.0588225165013,cam_2_1690324646_17-37-26.jpg
530,467,2450.5121386951146,558.1533148275729,3001.1551971170848,912.7242899165058,cam_2_1690324646_17-37-26.jpg
530,468,1859.9480170473576,496.96629161692766,2273.688222933862,739.8479459979419,cam_2_1690324646_17-37-26.jpg
530,472,2674.5108550439277,510.9552134887262,3145.604889308279,851.4664858721042,cam_2_1690324646_17-37-26.jpg
531,152,2095.0039141145326,463.94273729409565,2478.3895349019376,679.295188963572,cam_2_1690324871_17-41-11.jpg
531,283,2657.6962515085233,241.83517805033173,3015.7367264863947,437.5324734808253,cam_2_1690324871_17-41-11.jpg
531,320,3034.565951810536,443.97435437072244,3462.016650312284,689.8729941052127,cam_2_1690324871_17-41-11.jpg
531,406,1849.1171060450424,151.55058378102927,2261.9128471349604,433.64216883439934,cam_2_1690324871_17-41-11.jpg
531,422,2904.8136752768264,457.9499987137589,3385.0841442101964,731.3768490943808,cam_2_1690324871_17-41-11.jpg
531,430,1246.6495425594935,177.5318488034087,1632.4464803548542,576.3372890667223,cam_2_1690324871_17-41-11.jpg
531,446,3172.156747162732,321.16009397599396,3702.7040352558834,716.4125964621255,cam_2_1690324871_17-41-11.jpg
531,467,2462.5523034433827,563.1825198759739,3005.15639693337,912.1243526833422,cam_2_1690324871_17-41-11.jpg
531,468,1859.7500908396617,497.16769518799003,2279.155653760178,744.2491389193583,cam_2_1690324871_17-41-11.jpg
531,472,2678.4469691862837,514.7997646308222,3144.6456223773403,851.5861584356355,cam_2_1690324871_17-41-11.jpg
532,152,2086.755946443377,465.7065886793674,2473.946589006468,681.0872911021331,cam_2_1690324901_17-41-41.jpg
532,283,2659.954653122214,240.8774444644065,3023.727870957347,439.19194670741956,cam_2_1690324901_17-41-41.jpg
532,320,3034.674122303703,446.0565341921539,3458.2015981517743,690.2265437745924,cam_2_1690324901_17-41-41.jpg
532,389,2887.860992156498,203.07941259745502,3146.6238346125438,390.672588484845,cam_2_1690324901_17-41-41.jpg
532,406,1845.3955894778298,150.60153264154297,2259.9595800184916,434.8528993815033,cam_2_1690324901_17-41-41.jpg
532,422,2904.2006619650456,460.6053923768603,3378.5695102393183,730.2182638516088,cam_2_1690324901_17-41-41.jpg
532,430,1253.172932822256,176.42431548947638,1632.479808133205,580.6980672103135,cam_2_1690324901_17-41-41.jpg
532,446,3169.595719015292,319.1729535533967,3705.367321261051,716.9757299423288,cam_2_1690324901_17-41-41.jpg
532,467,2463.9314287084367,563.1442308127351,3006.7129248602914,912.0984140088477,cam_2_1690324901_17-41-41.jpg
532,468,1861.8198654580901,499.4874557224774,2278.886642293317,745.3053082843818,cam_2_1690324901_17-41-41.jpg
532,472,2682.3582101953507,518.2534997971032,3141.5065554309535,849.454199802689,cam_2_1690324901_17-41-41.jpg
533,152,2092.372840756514,456.32616319044837,2507.5694607170103,684.2764227088255,cam_2_1690325126_17-45-26.jpg
533,283,2656.767269916657,244.5160696088543,3020.415162215647,442.2200913337706,cam_2_1690325126_17-45-26.jpg
533,320,3033.8641927989597,445.24558002887807,3459.496617167459,690.7467659139895,cam_2_1690325126_17-45-26.jpg
533,422,2900.2658337002676,458.43700864769704,3380.013149192185,731.514550239363,cam_2_1690325126_17-45-26.jpg
533,430,1200.0673172924376,176.86715945237884,1581.4967592518653,576.8037375669547,cam_2_1690325126_17-45-26.jpg
533,436,1914.9894909811242,152.30884300102605,2153.130049297352,431.61069031354043,cam_2_1690325126_17-45-26.jpg
533,446,3181.164502373449,319.9202021000591,3719.6587560381095,717.2630390490934,cam_2_1690325126_17-45-26.jpg
533,467,2458.503389860225,561.5046204295177,3006.095434752965,912.764492950179,cam_2_1690325126_17-45-26.jpg
533,468,1857.7340917438005,492.8910991331942,2280.4654207702924,743.4171377697996,cam_2_1690325126_17-45-26.jpg
533,472,2682.1003567180774,516.8730912617981,3145.793347678444,851.8379925300716,cam_2_1690325126_17-45-26.jpg
534,152,2090.1522152603,456.71939041770344,2508.1619843547855,683.4531510450522,cam_2_1690325171_17-46-11.jpg
534,283,2661.854108311788,242.18326813003642,3032.918319345775,441.2679259058426,cam_2_1690325171_17-46-11.jpg
534,320,3033.0889167517703,445.6249361954423,3457.5635197027345,690.2879917960337,cam_2_1690325171_17-46-11.jpg
534,422,2900.6652331952396,457.49604307549316,3381.005823668535,731.3012130015165,cam_2_1690325171_17-46-11.jpg
534,436,1881.2959178299834,154.64713759362172,2121.3931746626135,444.4717604004989,cam_2_1690325171_17-46-11.jpg
534,446,3171.509386370269,319.8085930056864,3717.1033184942366,719.9676536178392,cam_2_1690325171_17-46-11.jpg
534,463,365.9462084103008,197.1839980537108,1123.612795768706,655.9618353938674,cam_2_1690325171_17-46-11.jpg
534,464,1342.7681394080448,163.63070393014556,1818.8422747228906,507.29113478302844,cam_2_1690325171_17-46-11.jpg
534,467,2456.0127315948125,564.7192842211582,3002.0467536604156,912.9050329292259,cam_2_1690325171_17-46-11.jpg
534,468,1845.8882642850922,484.39513664392825,2279.928724296109,742.2853193693809,cam_2_1690325171_17-46-11.jpg
534,472,2686.2753471814785,519.1386378765292,3147.4280989293134,852.1778525702522,cam_2_1690325171_17-46-11.jpg
535,152,2088.8110181641605,455.1973344701452,2513.750715115699,683.254346935114,cam_2_1690325216_17-46-56.jpg
535,283,2666.167572645412,240.9579593610031,3042.263117869511,440.82137536687264,cam_2_1690325216_17-46-56.jpg
535,320,3034.4636775369254,445.0620410445184,3460.3402498075266,690.748403593727,cam_2_1690325216_17-46-56.jpg
535,422,2901.343712107536,460.6418266288822,3378.9612134555314,732.8357503209993,cam_2_1690325216_17-46-56.jpg
535,431,229.56045471679863,206.14764161503444,814.8544933576943,657.4622909432152,cam_2_1690325216_17-46-56.jpg
535,436,1899.1275071631246,151.7550050471071,2141.715738504771,435.55326082520156,cam_2_1690325216_17-46-56.jpg
535,446,3177.1435311422897,318.6452221497667,3726.7513949769645,719.9528961014635,cam_2_1690325216_17-46-56.jpg
535,464,1252.9564289878563,162.69529468441382,1740.6336093771015,505.8597350151831,cam_2_1690325216_17-46-56.jpg
535,467,2454.559542779777,562.7478548257009,3003.8856483300115,912.4188962622411,cam_2_1690325216_17-46-56.jpg
535,468,1850.710572429311,488.55439627560065,2273.577963809776,740.7844350938252,cam_2_1690325216_17-46-56.jpg
535,472,2682.9430620403978,517.8047146881596,3146.481623561122,852.5317777327855,cam_2_1690325216_17-46-56.jpg
536,152,2075.078554329645,457.87224902927306,2493.283935474619,681.9817180074433,cam_2_1690325336_17-48-56.jpg
536,283,2661.145247435794,237.98529553626815,3040.2431885682836,439.35900371305524,cam_2_1690325336_17-48-56.jpg
536,320,3033.042978398388,447.657204836073,3457.3144094529366,691.9399352453665,cam_2_1690325336_17-48-56.jpg
536,422,2901.34953175825,461.6542962935081,3378.184066140518,733.0236353649475,cam_2_1690325336_17-48-56.jpg
536,431,225.37347238034226,195.82591844662466,821.3204766153149,637.7184446236622,cam_2_1690325336_17-48-56.jpg
536,436,1950.7461011405555,153.21330156125182,2173.156743603659,414.9536003056036,cam_2_1690325336_17-48-56.jpg
536,446,3176.587264557103,319.13360062576794,3728.36777203885,719.3145538797846,cam_2_1690325336_17-48-56.jpg
536,467,2461.168919593001,566.1813808180276,3004.9422000411937,911.9282334415195,cam_2_1690325336_17-48-56.jpg
536,468,1855.3862581730964,488.0147376081519,2283.0655743014277,743.6775014717558,cam_2_1690325336_17-48-56.jpg
536,472,2685.3094124747176,519.1284661636577,3147.674915910506,852.7498812717984,cam_2_1690325336_17-48-56.jpg
537,152,2068.656338569472,461.4073199467863,2485.094387542642,684.5592579142481,cam_2_1690325831_17-57-11.jpg
537,239,3241.7516153164174,298.4944636955569,3775.294351449149,609.2692393986584,cam_2_1690325831_17-57-11.jpg
537,283,2662.3258799562,239.79281652730577,3041.021139439857,439.98563568328433,cam_2_1690325831_17-57-11.jpg
537,320,3033.163871583826,445.3418272006602,3445.870886530094,682.9507535038572,cam_2_1690325831_17-57-11.jpg
537,422,2899.3019498433564,459.6687618691651,3375.2042958099946,729.9073816200864,cam_2_1690325831_17-57-11.jpg
537,430,1179.9097347812865,172.31717102127877,1570.9927857548232,566.1897216241724,cam_2_1690325831_17-57-11.jpg
537,451,3179.3160995855233,411.77402920272993,3540.472693482916,643.6251721026929,cam_2_1690325831_17-57-11.jpg
537,467,2464.3978737061775,564.7165082301224,3011.8316624933805,913.0031108769577,cam_2_1690325831_17-57-11.jpg
537,468,1858.3723549138467,486.90139292801143,2281.463678608041,741.4226499366772,cam_2_1690325831_17-57-11.jpg
537,472,2684.805846181121,516.6425968055248,3148.692239184886,851.3201513936214,cam_2_1690325831_17-57-11.jpg
538,152,2067.863268835807,463.6303103715931,2476.5396029890253,682.1966765648749,cam_2_1690325951_17-59-11.jpg
538,239,3240.3433347369164,298.0755762760533,3779.2006605563015,610.9475124304349,cam_2_1690325951_17-59-11.jpg
538,283,2674.2369647092755,240.78230716756298,3057.784029354457,439.90083954474244,cam_2_1690325951_17-59-11.jpg
538,320,3032.828700059709,440.54649920920144,3444.2103112031277,677.7994331950681,cam_2_1690325951_17-59-11.jpg
538,422,2899.1457765115233,457.14912672183823,3378.343685398139,728.8363120757247,cam_2_1690325951_17-59-11.jpg
538,430,1163.3615257089673,173.12188067025727,1565.922386503703,561.0604935495749,cam_2_1690325951_17-59-11.jpg
538,451,3163.255722186136,407.9193841581287,3543.5964097200467,648.529211476226,cam_2_1690325951_17-59-11.jpg
538,467,2460.078461442196,562.025041053906,3012.3908876912155,913.585445603972,cam_2_1690325951_17-59-11.jpg
538,468,1864.8091793583417,486.8645145065451,2293.39533999338,746.1291323888157,cam_2_1690325951_17-59-11.jpg
538,472,2683.417082822518,517.4664716702938,3147.662685451211,851.9284800931202,cam_2_1690325951_17-59-11.jpg
538,477,1794.7797991351838,163.66987099076294,2090.8592695898938,472.64492900694387,cam_2_1690325951_17-59-11.jpg
539,152,2064.714728562029,463.17599664093666,2476.9245030556535,683.6298105310485,cam_2_1690326011_18-00-11.jpg
539,239,3234.6636219323914,296.40330762797663,3783.1059093085473,614.91030459803,cam_2_1690326011_18-00-11.jpg
539,283,2669.8843261224965,240.9119592431447,3054.617802592635,439.53642100345974,cam_2_1690326011_18-00-11.jpg
539,320,3030.022325996781,439.92869058028657,3438.8120562865965,675.933626325183,cam_2_1690326011_18-00-11.jpg
539,422,2896.509939364766,458.5353126428799,3377.4783035066926,730.6053291034239,cam_2_1690326011_18-00-11.jpg
539,430,1154.2761474439053,171.86025421083644,1568.209776143753,559.0656629552027,cam_2_1690326011_18-00-11.jpg
539,451,3155.6592851126447,408.265416983199,3544.5403617852958,650.9543951156045,cam_2_1690326011_18-00-11.jpg
539,467,2460.3156317621524,563.8031863099811,3010.609728428719,913.9460364884833,cam_2_1690326011_18-00-11.jpg
539,468,1865.9436004198215,485.73242574850246,2294.975887003815,746.9703796636059,cam_2_1690326011_18-00-11.jpg
539,472,2685.5327094975705,519.7007783643453,3146.6905055760813,851.8616611137917,cam_2_1690326011_18-00-11.jpg
539,477,1793.4146992688113,163.22932081122346,2080.920992289924,466.3137528415016,cam_2_1690326011_18-00-11.jpg
539,478,1617.8247472608366,162.33183425105207,1909.0341335952571,487.1391588555333,cam_2_1690326011_18-00-11.jpg
540,152,2067.774194284369,463.93327874047094,2478.822743520841,683.670263868503,cam_2_1690326086_18-01-26.jpg
540,239,3237.1635483199807,297.75069938320075,3780.879369591151,612.456112419629,cam_2_1690326086_18-01-26.jpg
540,283,2668.2747979040328,241.67529096617426,3050.597698509965,437.7784774922829,cam_2_1690326086_18-01-26.jpg
540,320,3032.4789943258425,438.7465116210771,3443.277802634099,676.0804917128619,cam_2_1690326086_18-01-26.jpg
540,422,2899.9600948993316,456.7199857292328,3383.5482513773277,730.7423696605874,cam_2_1690326086_18-01-26.jpg
540,430,1134.1543772495095,171.81294475535108,1560.074757293665,557.1514112082591,cam_2_1690326086_18-01-26.jpg
540,451,3155.1903616040345,408.32003416331054,3547.394020534777,651.4627649786596,cam_2_1690326086_18-01-26.jpg
540,467,2458.2280874250973,566.2009737610265,3002.758848845628,911.7385737182784,cam_2_1690326086_18-01-26.jpg
540,468,1866.9806859783355,485.90001228495555,2298.2393516688453,749.5257730737812,cam_2_1690326086_18-01-26.jpg
540,472,2685.7688572011557,518.2148894884381,3146.6819423584093,850.2276905094652,cam_2_1690326086_18-01-26.jpg
540,477,1839.7957066220272,163.2991196889076,2126.2690290862824,469.2436590697373,cam_2_1690326086_18-01-26.jpg
540,478,1567.7012544739075,160.75672682308655,1867.7292793710744,494.4264688263687,cam_2_1690326086_18-01-26.jpg
541,152,2065.095117490472,463.69803661683994,2477.9924056024042,684.4377331464063,cam_2_1690326116_18-01-56.jpg
541,239,3227.370959910164,298.96410033989264,3778.4167210881938,615.7712669414395,cam_2_1690326116_18-01-56.jpg
541,283,2664.572950854384,243.611179767313,3051.736596515878,440.2808340846351,cam_2_1690326116_18-01-56.jpg
541,320,3031.7743407616854,438.75768842095493,3443.443150969339,676.6843178118188,cam_2_1690326116_18-01-56.jpg
541,422,2894.813721260405,455.60300866734076,3380.6576868812754,730.5975528625407,cam_2_1690326116_18-01-56.jpg
541,430,1024.5012447313381,180.33705064626966,1460.7917268650697,561.6617558359195,cam_2_1690326116_18-01-56.jpg
541,451,3155.3012066569045,412.01260257687323,3546.873253399779,652.9175926720087,cam_2_1690326116_18-01-56.jpg
541,467,2464.4485584849226,566.4018472455328,3005.1531919138074,909.5269896874801,cam_2_1690326116_18-01-56.jpg
541,468,1868.2552439493704,487.3387173686375,2295.5575299123775,749.6355943698616,cam_2_1690326116_18-01-56.jpg
541,472,2688.030857179803,520.8153421110821,3147.2871096988492,851.1050895040617,cam_2_1690326116_18-01-56.jpg
541,477,1880.0428190357247,160.5926240783404,2142.44030507741,444.5836474830334,cam_2_1690326116_18-01-56.jpg
541,478,1527.2637190678129,162.25341922317344,1829.7857955374495,493.2100267689941,cam_2_1690326116_18-01-56.jpg
542,152,2065.487628844275,462.6696590671028,2482.173578130742,685.9001379622503,cam_2_1690326296_18-04-56.jpg
542,283,2646.40553281224,239.18940272732328,3040.1779173628993,438.4694766144315,cam_2_1690326296_18-04-56.jpg
542,320,3028.1671621088094,441.6521040501749,3441.1235766753507,679.7672704677085,cam_2_1690326296_18-04-56.jpg
542,382,767.6454254720297,340.93096960737347,1388.360353948779,992.0016904807803,cam_2_1690326296_18-04-56.jpg
542,422,2898.1778819955475,457.90253133824797,3379.9928048356005,730.1226405618128,cam_2_1690326296_18-04-56.jpg
542,451,3157.0882206570327,417.7983698757405,3543.260605515983,652.8145578219653,cam_2_1690326296_18-04-56.jpg
542,467,2460.3525807559377,564.7609958396563,3008.8624647398383,912.6260309412003,cam_2_1690326296_18-04-56.jpg
542,468,1869.3150283147752,488.7706079373542,2286.451219048873,744.9318152258011,cam_2_1690326296_18-04-56.jpg
542,472,2682.2968706776296,516.4453882792892,3147.1125685345814,850.5470401299037,cam_2_1690326296_18-04-56.jpg
542,477,1901.6073303836627,158.32148263796077,2159.3570828501884,437.2966717830536,cam_2_1690326296_18-04-56.jpg
542,478,1494.6348599350686,163.34086110293606,1802.4905388681616,494.90602921276616,cam_2_1690326296_18-04-56.jpg
543,152,2059.283401007929,461.91779290564426,2477.015189633012,686.2940845127107,cam_2_1690326371_18-06-11.jpg
543,283,2640.6638920917803,237.39499069761496,3042.0212421924552,439.96744425071995,cam_2_1690326371_18-06-11.jpg
543,320,3028.8558338894845,442.5947317929049,3440.818235318085,679.5921018333008,cam_2_1690326371_18-06-11.jpg
543,382,774.5663524390691,338.8044309661479,1407.0868152538442,994.5729489724786,cam_2_1690326371_18-06-11.jpg
543,422,2897.292066050251,458.3553101144031,3378.6490846106,729.7512906981867,cam_2_1690326371_18-06-11.jpg
543,451,3159.539089670435,416.9585894193601,3546.860191361915,651.0156446117157,cam_2_1690326371_18-06-11.jpg
543,467,2459.9570052333816,566.5535198423944,3008.240542754557,913.9612274254605,cam_2_1690326371_18-06-11.jpg
543,468,1865.1282308323516,488.4604531722613,2271.6682481502803,737.5275108041661,cam_2_1690326371_18-06-11.jpg
543,472,2682.261776030961,518.8215622006471,3146.1538358968724,852.0508441368534,cam_2_1690326371_18-06-11.jpg
543,477,1912.9208835313868,161.05390458131123,2164.73650187164,432.28433383744755,cam_2_1690326371_18-06-11.jpg
543,478,1481.0793240903076,165.48856516623158,1794.0216036125544,496.8365930640502,cam_2_1690326371_18-06-11.jpg
544,152,2094.073273926358,456.18165857817974,2509.7775020774216,685.0647963537389,cam_2_1690326461_18-07-41.jpg
544,283,2585.6578107486102,239.3786930112689,2990.4896074762087,437.4306975174935,cam_2_1690326461_18-07-41.jpg
544,320,3025.23511790572,441.75230943040907,3441.417264849873,680.6309171850802,cam_2_1690326461_18-07-41.jpg
544,382,781.8741259170507,343.46724947112364,1422.45681793911,999.4830840079959,cam_2_1690326461_18-07-41.jpg
544,422,2894.5354173324918,456.3573376031933,3379.165900312057,729.293787471172,cam_2_1690326461_18-07-41.jpg
544,451,3155.5600270848695,415.257871902334,3548.0089884722884,651.2836547155916,cam_2_1690326461_18-07-41.jpg
544,464,1290.4053599747317,165.29039792975288,1794.754949174898,531.6332192556391,cam_2_1690326461_18-07-41.jpg
544,467,2457.7127276725178,567.3461536827065,3002.6115839292884,911.2931869215331,cam_2_1690326461_18-07-41.jpg
544,468,1748.320450942024,333.12282696090955,2325.4194059570555,701.673901515448,cam_2_1690326461_18-07-41.jpg
544,472,2683.071151800999,515.443184025823,3149.700802199735,851.0933374542755,cam_2_1690326461_18-07-41.jpg
544,477,1925.0115355516182,160.51333500045385,2150.1812093709536,401.1710947232799,cam_2_1690326461_18-07-41.jpg
545,152,2106.582145578291,456.81466980440507,2511.8422618858485,685.8459301568363,cam_2_1690326596_18-09-56.jpg
545,320,3028.64179448073,442.1055904407034,3444.125784059294,680.3303992096736,cam_2_1690326596_18-09-56.jpg
545,414,2476.717765044309,229.07129327734881,2970.3794841915574,434.16349547222876,cam_2_1690326596_18-09-56.jpg
545,422,2896.87158409408,458.23063122787653,3376.906883542585,728.1234505952634,cam_2_1690326596_18-09-56.jpg
545,428,2171.678480309586,135.96271227922003,2486.394012764615,385.5387230480246,cam_2_1690326596_18-09-56.jpg
545,431,39.12170530966404,210.20599583892212,635.0900862539286,658.0987616301468,cam_2_1690326596_18-09-56.jpg
545,451,3156.363041109146,415.5656130174674,3549.79039066429,650.7242166073758,cam_2_1690326596_18-09-56.jpg
545,464,1297.791525611916,168.52498158498645,1788.5755354135488,531.765545493738,cam_2_1690326596_18-09-56.jpg
545,467,2461.509648919172,568.3659600229499,3006.880641041896,911.8865766105471,cam_2_1690326596_18-09-56.jpg
545,468,1714.7248455405593,287.8499119123324,2314.2301708777477,688.9785295960048,cam_2_1690326596_18-09-56.jpg
545,472,2684.8594879353495,514.4105329195379,3152.8928980466835,851.9813752707673,cam_2_1690326596_18-09-56.jpg
545,477,1922.9246028406956,164.48750326877595,2153.021570513142,405.92462809731705,cam_2_1690326596_18-09-56.jpg
546,152,2119.126061703043,451.1466840205993,2520.5749026877606,685.245344841675,cam_2_1690326836_18-13-56.jpg
546,320,3034.1187363097083,443.1696080157876,3443.314332244914,678.1304669155768,cam_2_1690326836_18-13-56.jpg
546,406,1820.7425399412787,164.01443544952113,2142.4700080851453,381.1232814710187,cam_2_1690326836_18-13-56.jpg
546,414,2448.549554803056,222.8923295546819,2939.2829205358216,429.5924538033087,cam_2_1690326836_18-13-56.jpg
546,422,2905.5605819647562,461.3830818929821,3378.8742986340835,726.9441318384622,cam_2_1690326836_18-13-56.jpg
546,428,2137.549406085269,139.18460088372444,2462.5430733687926,391.5694631095937,cam_2_1690326836_18-13-56.jpg
546,431,16.661178105423915,208.58108215684052,625.9475145827398,662.0090287897351,cam_2_1690326836_18-13-56.jpg
546,451,3155.634917621554,414.03418177302785,3551.057612579578,649.761414185136,cam_2_1690326836_18-13-56.jpg
546,464,1174.283074832151,170.3587915013654,1677.5852079412532,542.2329839859483,cam_2_1690326836_18-13-56.jpg
546,467,2458.1280653606013,565.7336447076345,3006.950855098845,911.2975057490723,cam_2_1690326836_18-13-56.jpg
546,468,1732.126288617856,298.15094889806505,2302.5605790375694,682.2318169153273,cam_2_1690326836_18-13-56.jpg
546,472,2683.0648231703285,515.2090500846336,3149.9638654808505,851.6417086101403,cam_2_1690326836_18-13-56.jpg
547,152,2141.530587745892,448.2036879904403,2527.7396964184104,682.137282928938,cam_2_1690326881_18-14-41.jpg
547,320,3036.5184976765504,445.71312514436335,3444.4431074868667,680.1404268872168,cam_2_1690326881_18-14-41.jpg
547,406,1886.1436447002927,177.31637559043642,2228.8856825973835,410.13612123959274,cam_2_1690326881_18-14-41.jpg
547,414,2445.358401954085,222.7275533253158,2933.329650917695,429.1835304280612,cam_2_1690326881_18-14-41.jpg
547,422,2902.0559827057346,462.33151128642476,3378.8028686924144,729.2877926304427,cam_2_1690326881_18-14-41.jpg
547,428,2126.778489031176,142.89390906324735,2455.047902263025,393.6561945510307,cam_2_1690326881_18-14-41.jpg
547,431,20.422873077340455,206.6334072319861,629.810506870085,661.9326820107907,cam_2_1690326881_18-14-41.jpg
547,451,3157.3181958866885,416.0039849133941,3550.3352562564455,649.4948889651994,cam_2_1690326881_18-14-41.jpg
547,464,1113.4650978659802,175.0880833580735,1623.324006798316,551.6153343688513,cam_2_1690326881_18-14-41.jpg
547,467,2454.830907101702,566.1107646792834,3006.1073088568755,912.4536316973977,cam_2_1690326881_18-14-41.jpg
547,468,1745.4595275357326,303.4201970020619,2304.0487376975125,681.1388900939796,cam_2_1690326881_18-14-41.jpg
547,472,2681.636466423354,515.4322619334938,3146.8478926304715,850.2954778650266,cam_2_1690326881_18-14-41.jpg
548,152,2149.299741173507,446.81561121868555,2525.728378450469,682.7780857633752,cam_2_1690326896_18-14-56.jpg
548,320,3034.496273796109,445.2527757901912,3444.3796945236877,681.1470744501135,cam_2_1690326896_18-14-56.jpg
548,406,1819.9942724572722,170.18809327866634,2139.0538475802227,382.32420906203527,cam_2_1690326896_18-14-56.jpg
548,414,2436.537919941678,220.6424793658113,2928.1517179190705,429.869969877444,cam_2_1690326896_18-14-56.jpg
548,422,2899.9639311440765,462.2777201186247,3377.21403039183,728.7254688706162,cam_2_1690326896_18-14-56.jpg
548,428,2106.3527480981943,141.97675152884355,2436.016433517243,392.9831981132918,cam_2_1690326896_18-14-56.jpg
548,431,31.326849211666172,207.9383615239172,640.421796571198,661.9060072851996,cam_2_1690326896_18-14-56.jpg
548,451,3156.793599237597,415.56601163490694,3552.209124246759,649.6972490340538,cam_2_1690326896_18-14-56.jpg
548,464,1103.22645297212,174.97043692792627,1613.1447070063175,555.4708849856743,cam_2_1690326896_18-14-56.jpg
548,467,2454.013535939745,565.6111158575688,3007.934421592621,913.1610632142864,cam_2_1690326896_18-14-56.jpg
548,468,1752.8760779482077,311.4921376695813,2297.6217345429263,680.1703600336298,cam_2_1690326896_18-14-56.jpg
548,472,2680.52343785083,516.5152863553719,3146.290704823306,851.6841341761374,cam_2_1690326896_18-14-56.jpg
549,152,2146.4786066422666,446.1914860862034,2516.0162610604407,683.9638101774304,cam_2_1690326941_18-15-41.jpg
549,320,3037.2293329230097,444.40832473324264,3443.1429147491885,678.1016226412014,cam_2_1690326941_18-15-41.jpg
549,406,1790.8443383440238,169.8353652816196,2087.2892577881216,360.7328812756085,cam_2_1690326941_18-15-41.jpg
549,414,2429.993911568356,221.91342980638296,2926.9221796286697,434.41159010488286,cam_2_1690326941_18-15-41.jpg
549,422,2901.8839680198985,461.06730323975677,3377.4963074986404,726.5636750437391,cam_2_1690326941_18-15-41.jpg
549,428,2101.828338890447,140.65639675346128,2441.422460896661,394.80358739920325,cam_2_1690326941_18-15-41.jpg
549,431,42.30493170764049,210.2077518018241,644.6344318246072,660.9813070199771,cam_2_1690326941_18-15-41.jpg
549,451,3159.975317102263,415.7267042947134,3551.7451703733727,646.6629593644105,cam_2_1690326941_18-15-41.jpg
549,464,1104.410601292945,176.26879715510455,1611.1018058138297,556.9683873354156,cam_2_1690326941_18-15-41.jpg
549,467,2461.1805412929275,563.9088944974036,3017.190184339093,913.5323577191552,cam_2_1690326941_18-15-41.jpg
549,468,1740.7066539719892,307.6875876879266,2285.4003036813388,679.5381785315631,cam_2_1690326941_18-15-41.jpg
549,472,2680.232443992861,513.6865853224102,3149.346307641896,850.6001136313174,cam_2_1690326941_18-15-41.jpg
550,152,2145.1926555457653,447.9324412368733,2512.272510438219,688.3065144415327,cam_2_1690326956_18-15-56.jpg
550,320,3039.042078842927,444.4122954890359,3444.708910133139,678.2911567192342,cam_2_1690326956_18-15-56.jpg
550,406,1759.5550459182953,166.88501616631189,2072.4489108212406,362.5029943330511,cam_2_1690326956_18-15-56.jpg
550,414,2433.522658287439,224.02647144577327,2925.0312149635324,434.0139228022133,cam_2_1690326956_18-15-56.jpg
550,422,2901.950874746612,460.78727143593704,3380.6194348865843,727.5083977283293,cam_2_1690326956_18-15-56.jpg
550,428,2098.216086861384,141.5565389220825,2434.8464436309714,392.75456161137924,cam_2_1690326956_18-15-56.jpg
550,431,23.955809336740515,206.10958117577727,634.5485800364013,658.5540806851109,cam_2_1690326956_18-15-56.jpg
550,451,3160.9036395085845,416.04689308429965,3551.6865432437203,645.602001760159,cam_2_1690326956_18-15-56.jpg
550,464,1095.038481797032,173.77482195470185,1610.2091397260665,559.3277527306732,cam_2_1690326956_18-15-56.jpg
550,467,2466.0746542937095,564.9473953347645,3019.651702869411,913.3904116543092,cam_2_1690326956_18-15-56.jpg
550,468,1739.677050251071,309.52028549582326,2272.6023148932863,676.7139292701452,cam_2_1690326956_18-15-56.jpg
550,472,2676.8349927048707,512.1390189552603,3150.18097313457,852.4748178672213,cam_2_1690326956_18-15-56.jpg
551,152,2149.704986292474,452.27794617992265,2508.852498214118,692.0166274822676,cam_2_1690327076_18-17-56.jpg
551,320,3035.8523812557873,444.10683403897457,3446.081682134979,680.7383394406327,cam_2_1690327076_18-17-56.jpg
551,406,1725.4378900885836,165.7494985406857,2034.99614090681,356.55124399875916,cam_2_1690327076_18-17-56.jpg
551,414,2429.0954638616063,220.5517944955747,2912.7300768370123,428.863622557296,cam_2_1690327076_18-17-56.jpg
551,422,2897.0178268889676,459.59660813890264,3380.85076081717,728.7786942502225,cam_2_1690327076_18-17-56.jpg
551,428,1996.5480358747016,146.06905413745207,2341.988017519033,403.06108696125295,cam_2_1690327076_18-17-56.jpg
551,431,96.66946258235913,218.03460091793073,720.4760703114375,683.4215252390816,cam_2_1690327076_18-17-56.jpg
551,451,3157.687409706317,417.4064227869642,3553.1382141513304,649.4208058347433,cam_2_1690327076_18-17-56.jpg
551,467,2462.319389243089,564.9291480146917,3015.6568362623925,913.5535408192318,cam_2_1690327076_18-17-56.jpg
551,468,1743.6996732858295,306.7514617066565,2281.1375547832304,678.3155730928536,cam_2_1690327076_18-17-56.jpg
551,472,2670.8688452025785,505.30122819765404,3151.8418521830276,851.9981448717507,cam_2_1690327076_18-17-56.jpg
551,478,1274.9971677719554,175.5430877094373,1630.1236289925444,537.7473132678833,cam_2_1690327076_18-17-56.jpg
552,152,2159.813154432645,454.2906742623118,2503.7281081864644,687.9710041594357,cam_2_1690327106_18-18-26.jpg
552,283,2438.055671838003,224.17997523330138,2867.76069357088,436.26702513348226,cam_2_1690327106_18-18-26.jpg
552,320,3035.1195293850665,445.05053926536516,3444.550641781296,681.1085629155973,cam_2_1690327106_18-18-26.jpg
552,406,1726.033421602069,163.36326535222514,2038.258047373382,359.58956173157446,cam_2_1690327106_18-18-26.jpg
552,422,2893.882755599765,459.43124986017244,3378.7090782505593,728.7523125328539,cam_2_1690327106_18-18-26.jpg
552,428,1954.1329044945828,149.53470063497363,2293.5307311847573,401.0867926817841,cam_2_1690327106_18-18-26.jpg
552,431,92.25447207206173,225.7108359686083,721.8115668514159,687.5508366969507,cam_2_1690327106_18-18-26.jpg
552,451,3159.3699740870743,419.03019439101905,3554.405194217982,650.532015669718,cam_2_1690327106_18-18-26.jpg
552,467,2464.63349486286,566.2406687298937,3015.9847518886368,913.0799967076812,cam_2_1690327106_18-18-26.jpg
552,468,1741.6320215262438,308.3449464433187,2284.2924401763694,684.9537920188604,cam_2_1690327106_18-18-26.jpg
552,472,2672.098134116961,503.8822892704054,3153.548042458446,851.705414828105,cam_2_1690327106_18-18-26.jpg
553,152,2161.0478695360903,455.0763728546193,2497.610613666901,686.4779619311759,cam_2_1690327121_18-18-41.jpg
553,283,2424.530654537357,225.24592072058633,2828.080305719603,428.43142477236904,cam_2_1690327121_18-18-41.jpg
553,320,3037.170565170922,445.07645465106185,3446.9603424758066,681.7462750277973,cam_2_1690327121_18-18-41.jpg
553,406,1726.1341282643639,163.69675916613113,2041.5988744394992,360.28742422163793,cam_2_1690327121_18-18-41.jpg
553,422,2898.800715813396,460.10518336331995,3381.192399788926,727.9763753973158,cam_2_1690327121_18-18-41.jpg
553,428,1937.2887298160356,154.95158413422104,2265.9866672027674,401.4895393236352,cam_2_1690327121_18-18-41.jpg
553,431,60.00923835846436,215.4206461533302,679.6334436335317,669.5560673118521,cam_2_1690327121_18-18-41.jpg
553,451,3157.0409473480163,419.0705763985318,3555.8403268928496,653.0568264792444,cam_2_1690327121_18-18-41.jpg
553,467,2454.825199435618,567.5108216393671,3004.5361108250345,912.8514691960247,cam_2_1690327121_18-18-41.jpg
553,468,1738.6387469414733,310.3639954271709,2277.0370070966023,686.3785554885903,cam_2_1690327121_18-18-41.jpg
553,472,2671.5800941466905,503.952155789947,3156.5841007918525,855.2395731491642,cam_2_1690327121_18-18-41.jpg
554,152,2156.1539933553786,457.5267785783405,2488.551438786139,687.9656120351317,cam_2_1690327181_18-19-41.jpg
554,283,2406.764903770531,224.25706648518076,2821.0270558553293,435.8296664512143,cam_2_1690327181_18-19-41.jpg
554,406,1612.626403457646,160.50824654217567,2031.585948968961,427.2282111554167,cam_2_1690327181_18-19-41.jpg
554,428,1898.6316491965301,154.80815557422974,2241.342482233274,410.9598863688109,cam_2_1690327181_18-19-41.jpg
554,431,53.790581841578614,211.96337613135324,665.7443560883383,661.309748154866,cam_2_1690327181_18-19-41.jpg
554,446,2928.2187562643558,348.36582577933956,3565.625655207719,811.538602399117,cam_2_1690327181_18-19-41.jpg
554,467,2459.6278208971216,567.0440348922837,3008.8354385920866,911.9155621151599,cam_2_1690327181_18-19-41.jpg
554,468,1731.550967977039,306.21428664489025,2274.6090173972857,689.6163346696339,cam_2_1690327181_18-19-41.jpg
554,472,2678.1759610466233,510.76896726434154,3149.7708621123197,851.5422944660472,cam_2_1690327181_18-19-41.jpg
554,481,804.3785062983598,371.0787632861425,1146.4492627341263,961.5600474662533,cam_2_1690327181_18-19-41.jpg
555,152,2148.721290188537,455.42620813786004,2481.6991714781243,687.7287785351149,cam_2_1690327196_18-19-56.jpg
555,406,1575.658201300441,158.42213156212614,2017.9611097390884,444.18266435138906,cam_2_1690327196_18-19-56.jpg
555,414,2423.514083659097,223.07331378603516,2914.19294774619,435.20061661029797,cam_2_1690327196_18-19-56.jpg
555,428,1898.8555186685187,153.69346191103176,2246.610662547911,415.897769246544,cam_2_1690327196_18-19-56.jpg
555,431,43.6866759110448,206.09970499126862,677.7001572270722,666.5872834064722,cam_2_1690327196_18-19-56.jpg
555,446,2947.9836898284125,349.85971138285635,3580.938825096619,816.0824270498615,cam_2_1690327196_18-19-56.jpg
555,467,2462.4393741636673,565.2306531108749,3013.1507895377936,911.1734504434546,cam_2_1690327196_18-19-56.jpg
555,468,1717.8814039928156,301.6375306610057,2255.366950368085,686.9139773002316,cam_2_1690327196_18-19-56.jpg
555,472,2679.793083675416,513.6051375312956,3146.855127143446,849.9424367878598,cam_2_1690327196_18-19-56.jpg
555,481,804.6035027021122,373.90062766826844,1147.0760985688435,964.6562541001147,cam_2_1690327196_18-19-56.jpg
556,152,2147.9189931042474,455.3830705606447,2480.586735729272,689.307455334751,cam_2_1690327241_18-20-41.jpg
556,406,1448.3600670933035,156.7655188685729,1938.1794852725272,479.9580373832905,cam_2_1690327241_18-20-41.jpg
556,414,2413.089559417089,223.4832567689036,2882.0379007058223,429.52618820023554,cam_2_1690327241_18-20-41.jpg
556,428,1875.8749421209,152.688700135468,2214.349216136239,399.78876919818674,cam_2_1690327241_18-20-41.jpg
556,432,2352.1290882429494,439.7663210057335,2731.2929797391716,617.0488737055293,cam_2_1690327241_18-20-41.jpg
556,446,2983.4289252227436,350.7088382063165,3603.378579020339,822.6956086021635,cam_2_1690327241_18-20-41.jpg
556,467,2464.591718604511,564.753452846596,3015.319424260235,910.1937670272275,cam_2_1690327241_18-20-41.jpg
556,468,1752.1838693266234,291.412312336622,2303.791026070553,696.0355496502198,cam_2_1690327241_18-20-41.jpg
556,472,2662.609994394548,431.82479872185377,3319.863596371287,910.0864816362625,cam_2_1690327241_18-20-41.jpg
557,152,2131.5842142404654,457.5981455327735,2462.4823384659867,681.4227898993204,cam_2_1690327256_18-20-56.jpg
557,283,2429.7421801995065,225.71076934734478,2811.195417256462,421.2902610737556,cam_2_1690327256_18-20-56.jpg
557,406,1420.6135810402166,157.3135943316821,1925.2790692870874,494.23145265456014,cam_2_1690327256_18-20-56.jpg
557,428,1859.319176055835,153.5523954228201,2221.210046166186,418.6010870481819,cam_2_1690327256_18-20-56.jpg
557,432,2323.9375569539616,443.78880526217205,2702.590059236519,616.1948839504055,cam_2_1690327256_18-20-56.jpg
557,446,3000.8021026143956,351.6077546356662,3606.2510628333275,823.8194959476061,cam_2_1690327256_18-20-56.jpg
557,467,2452.989618070925,562.5263371098908,3006.545104650521,907.6415050861292,cam_2_1690327256_18-20-56.jpg
557,468,1845.0605390339551,423.1405776513734,2259.066465899952,706.5670706730625,cam_2_1690327256_18-20-56.jpg
557,472,2659.149951425825,405.2263671943298,3374.073244877778,929.6262880695298,cam_2_1690327256_18-20-56.jpg
558,152,2111.193538797044,459.0753037316176,2447.1848216000412,679.5761090926246,cam_2_1690327376_18-22-56.jpg
558,239,3284.3394543473873,220.43671312665037,3606.098490868536,408.27804346114465,cam_2_1690327376_18-22-56.jpg
558,428,1846.458288601304,152.59646723398018,2221.8663483741875,430.45327682523043,cam_2_1690327376_18-22-56.jpg
558,432,2310.825190692547,439.337807936543,2702.085301166464,616.0761733487586,cam_2_1690327376_18-22-56.jpg
558,446,3019.471157586821,350.02272139961843,3611.114977232465,820.9241889407826,cam_2_1690327376_18-22-56.jpg
558,467,2459.674530589993,561.218439542932,3019.2483010278133,910.7339458880857,cam_2_1690327376_18-22-56.jpg
558,468,1894.83005945391,499.35576410474823,2230.0895257228735,714.9591776358684,cam_2_1690327376_18-22-56.jpg
558,472,2654.886379319314,398.0492432325697,3389.026980877728,938.2717202268598,cam_2_1690327376_18-22-56.jpg
558,481,824.4063081700355,325.64690837580804,1204.7217383772156,964.7177010300901,cam_2_1690327376_18-22-56.jpg
559,152,2102.3043780052453,459.99548429739394,2444.1096843416617,678.3385650264911,cam_2_1690327406_18-23-26.jpg
559,239,3353.224630939428,230.13698371797432,3644.8279734295484,421.0703447677339,cam_2_1690327406_18-23-26.jpg
559,428,1836.2347867153012,151.41628139627707,2221.672862364312,440.2651821321044,cam_2_1690327406_18-23-26.jpg
559,432,2310.3153893449276,438.2830313599843,2702.5907996114365,614.7893831539204,cam_2_1690327406_18-23-26.jpg
559,446,3026.7027489014954,353.92956454753516,3600.9007294345065,816.7290805492798,cam_2_1690327406_18-23-26.jpg
559,467,2462.7597311075515,560.1255012180635,3025.5624637174815,912.1533971113981,cam_2_1690327406_18-23-26.jpg
559,468,1904.1550695345559,522.3567530119752,2224.8628831898513,717.5266167134334,cam_2_1690327406_18-23-26.jpg
559,472,2650.6719355030295,392.1894204076449,3392.0926981833127,940.9414785295609,cam_2_1690327406_18-23-26.jpg
559,481,829.3819071991245,320.67280255128793,1220.5666134823857,962.8166787082,cam_2_1690327406_18-23-26.jpg
560,152,2097.3531379685332,459.99667108817,2443.0930329879207,675.7020778842661,cam_2_1690327421_18-23-41.jpg
560,239,3371.909070725422,230.34705447204652,3645.045767826036,425.4984587572582,cam_2_1690327421_18-23-41.jpg
560,428,1834.3688907781664,152.88561451340271,2216.8588517219705,445.15237245278865,cam_2_1690327421_18-23-41.jpg
560,432,2297.577943550233,440.6688284880455,2693.6156100142416,618.3394212101925,cam_2_1690327421_18-23-41.jpg
560,446,3033.46621017099,354.5538428196378,3598.8882285419795,815.7279826341464,cam_2_1690327421_18-23-41.jpg
560,467,2467.4675899826243,560.5850365035171,3029.205053094639,912.9774924682206,cam_2_1690327421_18-23-41.jpg
560,468,1907.653999786267,528.0752465788679,2236.260909481964,718.2975379435189,cam_2_1690327421_18-23-41.jpg
560,472,2654.917595202668,389.1581918322669,3401.580162032748,946.3517520793447,cam_2_1690327421_18-23-41.jpg
560,481,806.8038693974329,319.48692364256027,1215.811120150889,967.2859744103082,cam_2_1690327421_18-23-41.jpg
561,152,2092.1079234441268,460.6060584674084,2445.788239348859,677.0490180251184,cam_2_1690327436_18-23-56.jpg
561,239,3384.803190392575,231.31144989943783,3639.474076725022,427.0712457847242,cam_2_1690327436_18-23-56.jpg
561,428,1830.5152622718529,152.77286586127997,2211.922235609492,446.86958477943364,cam_2_1690327436_18-23-56.jpg
561,432,2305.5258046743334,438.4895285037562,2699.6407405488235,615.0921286480648,cam_2_1690327436_18-23-56.jpg
561,446,3031.592724218106,352.64670300890896,3591.8605447032937,813.6896367419162,cam_2_1690327436_18-23-56.jpg
561,467,2467.6966050387928,561.7217228591655,3025.286480737682,911.753137831218,cam_2_1690327436_18-23-56.jpg
561,468,1901.207883850005,530.33653639264,2239.2588854172373,718.0842851886405,cam_2_1690327436_18-23-56.jpg
561,472,2656.0726513622585,389.92223331038997,3396.3183382291227,944.5179693610643,cam_2_1690327436_18-23-56.jpg
561,481,825.9378231830632,320.9721262912819,1252.638555222692,981.0428240500771,cam_2_1690327436_18-23-56.jpg
561,485,2626.3311905705145,136.08292214427414,2937.051994187059,338.52625285421243,cam_2_1690327436_18-23-56.jpg
562,152,2086.0062360849165,460.8382170222505,2434.715804501366,670.7517066924245,cam_2_1690327511_18-25-11.jpg
562,239,3405.688797749638,233.28194133959403,3650.5120333600803,434.5969478307336,cam_2_1690327511_18-25-11.jpg
562,389,3121.8378270310864,353.4544338458554,3792.6767092077225,845.8417434412986,cam_2_1690327511_18-25-11.jpg
562,428,1836.1977357430244,151.81385970319613,2216.619444671501,448.27762796103525,cam_2_1690327511_18-25-11.jpg
562,432,2308.254505513348,438.5788778428834,2700.909122567141,614.4208970885002,cam_2_1690327511_18-25-11.jpg
562,467,2465.0145540120743,560.625824079351,3020.118441967013,909.0590586095037,cam_2_1690327511_18-25-11.jpg
562,468,1896.771443106098,529.0446860641813,2247.939486449065,716.4613916146136,cam_2_1690327511_18-25-11.jpg
562,472,2669.4015063866964,396.3466739360704,3398.0755916332423,941.999176055999,cam_2_1690327511_18-25-11.jpg
562,481,800.5176892863258,324.6460709847583,1243.923386494357,985.3631395221014,cam_2_1690327511_18-25-11.jpg
562,485,2603.8865284441313,134.33393619139255,2918.8217845850686,340.14899584860063,cam_2_1690327511_18-25-11.jpg
563,152,2082.5436138005734,455.67481734673714,2452.9250652616165,675.0820239022305,cam_2_1690327586_18-26-26.jpg
563,239,3412.5585714353106,234.08541195996787,3637.759729230659,425.6314343863355,cam_2_1690327586_18-26-26.jpg
563,389,3142.814539963727,363.5281878180127,3773.366448750835,852.9141359058733,cam_2_1690327586_18-26-26.jpg
563,428,1840.4373092300302,153.02169960446264,2207.626447949302,444.0345718599372,cam_2_1690327586_18-26-26.jpg
563,467,2430.651087386046,470.3109111096743,3108.0045510451605,893.2824789638079,cam_2_1690327586_18-26-26.jpg
563,468,1884.8943014209378,530.337059276438,2248.5731497845704,718.3722690131419,cam_2_1690327586_18-26-26.jpg
563,472,2781.194379447128,416.3265623566496,3451.8337710177975,935.2716159093591,cam_2_1690327586_18-26-26.jpg
563,485,2592.061752226591,135.35564046538886,2909.223745214937,342.63223812925855,cam_2_1690327586_18-26-26.jpg
564,152,2073.7775447184067,455.1258582754399,2447.5426017114887,674.4618698568725,cam_2_1690327721_18-28-41.jpg
564,239,3415.0654630035933,234.70575632666402,3637.470451044367,431.6821836511465,cam_2_1690327721_18-28-41.jpg
564,389,3130.330336114575,372.41743968994854,3761.557596115271,858.3586217484686,cam_2_1690327721_18-28-41.jpg
564,428,1804.5314611613242,153.88505852173844,2174.0224325302593,444.6445600447597,cam_2_1690327721_18-28-41.jpg
564,467,2430.156854799197,440.9215975148281,3150.8494557030604,885.5967161070637,cam_2_1690327721_18-28-41.jpg
564,468,1885.8581590792776,534.4852205240011,2251.29786017256,716.3142610497567,cam_2_1690327721_18-28-41.jpg
564,485,2554.66874658695,136.94602154538794,2871.4544983290916,344.58334232215066,cam_2_1690327721_18-28-41.jpg
565,152,2071.6748913939864,453.8111380980325,2451.8316181510327,675.3420233266469,cam_2_1690327841_18-30-41.jpg
565,239,3465.750719786411,232.8194930408863,3736.9885096801167,465.11643898762816,cam_2_1690327841_18-30-41.jpg
565,389,3142.363034365223,376.3807356867731,3761.5106653999683,862.7049771948937,cam_2_1690327841_18-30-41.jpg
565,428,1781.724711582383,150.82624426803537,2148.6705786363045,440.6872864599917,cam_2_1690327841_18-30-41.jpg
565,430,354.84882401706034,204.81570316538185,841.0339635392301,666.2048862964776,cam_2_1690327841_18-30-41.jpg
565,436,2377.3658004998983,137.66563902692275,2572.3566987961435,382.07435433097436,cam_2_1690327841_18-30-41.jpg
565,467,2408.770921460238,437.740820330852,3232.331028702026,949.3392760400747,cam_2_1690327841_18-30-41.jpg
565,468,1883.5480876081706,535.4414286192869,2260.9427022719037,717.2857198108729,cam_2_1690327841_18-30-41.jpg
565,472,2842.575229282741,424.4118939170057,3542.002790011666,972.6917236192396,cam_2_1690327841_18-30-41.jpg
566,152,2073.0218033222377,455.5447563789831,2477.403994838608,688.7370813097061,cam_2_1690327946_18-32-26.jpg
566,389,3163.74223684535,453.1616170446424,3787.9404736860856,958.9332601560593,cam_2_1690327946_18-32-26.jpg
566,428,1805.290255395485,154.1747879436093,2160.9539289795575,449.22842917486537,cam_2_1690327946_18-32-26.jpg
566,430,364.040821612249,204.99772464326966,827.6798719568781,675.8123726000915,cam_2_1690327946_18-32-26.jpg
566,467,2484.7370022550112,449.0704031409645,3377.9503027132223,1007.501447614156,cam_2_1690327946_18-32-26.jpg
566,468,1890.471401259092,538.2047911838378,2275.303780551875,717.8423638146154,cam_2_1690327946_18-32-26.jpg
566,477,2412.568248504337,138.72012135254045,2634.9396787480932,363.97895104450413,cam_2_1690327946_18-32-26.jpg
567,152,2066.5694858280294,459.47789528648894,2456.5306759436203,683.9482099309145,cam_2_1690328081_18-34-41.jpg
567,283,2462.1299552289693,180.10333155758903,2881.1588095961724,393.3180715566923,cam_2_1690328081_18-34-41.jpg
567,446,3098.526456236872,379.04591326768696,3667.608150236986,832.6091722071562,cam_2_1690328081_18-34-41.jpg
567,467,2494.805597704536,432.37261778554404,3404.1441711748794,1020.8124842333821,cam_2_1690328081_18-34-41.jpg
567,468,1878.7888466729473,533.0243045388596,2276.766936461985,714.5016681699002,cam_2_1690328081_18-34-41.jpg
568,152,2078.8196209531948,462.012534627601,2499.7545727602946,700.8383116571644,cam_2_1690328141_18-35-41.jpg
568,446,3254.2959112759577,433.1417729378404,3811.8923787212775,892.3861012216689,cam_2_1690328141_18-35-41.jpg
568,467,2487.8452045314652,433.3963721525366,3387.1505827550513,1022.5537747885618,cam_2_1690328141_18-35-41.jpg
568,468,1865.265313467545,532.6334848270897,2268.3359466610777,713.4592791074062,cam_2_1690328141_18-35-41.jpg
569,152,2096.994837053035,466.1855312253986,2508.887660510011,692.854799744744,cam_2_1690328216_18-36-56.jpg
569,283,2485.576234371506,179.4172977435847,2870.906487877066,379.41269709975006,cam_2_1690328216_18-36-56.jpg
569,320,3128.090529921765,389.937300000799,3485.6601170621816,599.8757589383699,cam_2_1690328216_18-36-56.jpg
569,432,2301.4290135821534,442.40098794230903,2710.695900818265,624.4015735733688,cam_2_1690328216_18-36-56.jpg
569,446,3305.9383970538756,436.8079401750174,3807.869833852039,875.148882379317,cam_2_1690328216_18-36-56.jpg
569,467,2415.866467346693,544.0346043137907,3308.674603727093,1131.7071615237023,cam_2_1690328216_18-36-56.jpg
569,468,1863.165439907449,526.839971164447,2281.7717570234245,711.8139747502966,cam_2_1690328216_18-36-56.jpg
569,472,2795.86728735905,420.4526934255248,3468.5638771186627,959.1347685414003,cam_2_1690328216_18-36-56.jpg
569,494,2626.364630542519,128.56562310940836,2932.3270447385516,267.4488079124998,cam_2_1690328216_18-36-56.jpg
569,495,832.2328276888834,512.7484015884122,1963.3465220148905,1164.9084515586653,cam_2_1690328216_18-36-56.jpg
570,152,2100.9010199454774,464.09976597772743,2543.7121664266647,702.1309985564053,cam_2_1690328231_18-37-11.jpg
570,283,2504.8584796398704,182.7961163612763,2889.692765842855,380.1030089370315,cam_2_1690328231_18-37-11.jpg
570,320,3139.1877595130227,398.23821382492525,3498.810945148668,605.514699473405,cam_2_1690328231_18-37-11.jpg
570,432,2292.823962474641,445.73591891311264,2728.760861949074,642.7696555300855,cam_2_1690328231_18-37-11.jpg
570,446,3377.321758568507,417.759595415642,3807.55426016216,813.5306416401388,cam_2_1690328231_18-37-11.jpg
570,472,2777.570272897719,421.0449938605946,3440.5574600028754,957.1928171635961,cam_2_1690328231_18-37-11.jpg
570,494,2526.6863768859575,125.97225935388884,2843.060108218047,270.0385469754108,cam_2_1690328231_18-37-11.jpg
570,495,923.1284235891846,516.2103723656578,1864.670921496627,1057.4555783524852,cam_2_1690328231_18-37-11.jpg
571,152,2098.245797764995,466.3563989327645,2551.4211405279884,705.3255941898262,cam_2_1690328246_18-37-26.jpg
571,422,3113.9845114090194,416.1232043622761,3557.236886264413,661.261957498861,cam_2_1690328246_18-37-26.jpg
571,446,3496.5054088001352,386.3583057829286,3863.530085936256,740.9680578657669,cam_2_1690328246_18-37-26.jpg
571,451,3234.7783733610354,385.2525081622701,3626.623798729565,616.2296049300018,cam_2_1690328246_18-37-26.jpg
571,472,2742.6947466663614,469.7402288074283,3254.856277172269,875.6711364356738,cam_2_1690328246_18-37-26.jpg
571,477,2553.886656357082,129.09802962186762,2779.020677230249,342.4381803989446,cam_2_1690328246_18-37-26.jpg
571,495,948.4231993872725,516.4554676921737,1692.5836934957715,936.1857641973871,cam_2_1690328246_18-37-26.jpg
571,498,3489.4602682291943,241.58427515375212,3673.2628743953433,472.9361621335348,cam_2_1690328246_18-37-26.jpg
572,152,2092.4315105724277,466.11184947584337,2554.98946474099,706.4146868135124,cam_2_1690328321_18-38-41.jpg
572,422,3125.117959574359,412.4640078005852,3565.265860975943,658.0304609666359,cam_2_1690328321_18-38-41.jpg
572,446,3562.934302287932,330.24387167876625,3899.4546470240475,666.5372541759891,cam_2_1690328321_18-38-41.jpg
572,451,3240.4254704403893,386.80550479459384,3616.4902654753896,607.6094679315412,cam_2_1690328321_18-38-41.jpg
572,472,2707.888428720857,506.4159513113223,3157.7602742998997,849.3815091204124,cam_2_1690328321_18-38-41.jpg
572,478,540.3807924662365,334.111738103986,1022.6469609192046,823.9543840172664,cam_2_1690328321_18-38-41.jpg
572,485,2507.6127794801787,129.60358914971982,2831.640530268686,344.13962303321773,cam_2_1690328321_18-38-41.jpg
572,500,1099.1660377013652,610.6418093519121,2212.6971180910314,1300.4893792632943,cam_2_1690328321_18-38-41.jpg
573,152,2083.8289947368626,463.1787456644122,2571.7233447162535,714.0914593591363,cam_2_1690328441_18-40-41.jpg
573,422,3114.9619591284977,412.2501705157349,3557.1661224448508,657.8160236667868,cam_2_1690328441_18-40-41.jpg
573,451,3243.2563299793824,387.4742997508449,3613.707633452021,603.9099886383632,cam_2_1690328441_18-40-41.jpg
573,468,1826.4336604071782,497.5783097163336,2304.951258787421,709.5003475572227,cam_2_1690328441_18-40-41.jpg
573,472,2700.000655212895,511.8853965590569,3142.9055933283958,842.0053772202427,cam_2_1690328441_18-40-41.jpg
573,481,911.7044698376651,191.5321407422563,1201.8297303364507,629.6581386204717,cam_2_1690328441_18-40-41.jpg
573,485,2505.382062884568,130.26376962981686,2813.5357218213576,335.25802258558826,cam_2_1690328441_18-40-41.jpg
573,501,2702.851203432252,404.51211563116084,3129.9647549104475,567.9743811994624,cam_2_1690328441_18-40-41.jpg
573,503,2198.325587307234,133.63738823361817,2539.225692905495,379.5452540216927,cam_2_1690328441_18-40-41.jpg
574,152,2077.5705677604037,462.4310956100873,2578.590440174794,718.2509853214493,cam_2_1690328546_18-42-26.jpg
574,382,2729.2127692909726,136.9555053899614,2909.076956837587,326.3827062741073,cam_2_1690328546_18-42-26.jpg
574,422,3117.242647404504,415.31268548266644,3555.580695222536,658.3865384277615,cam_2_1690328546_18-42-26.jpg
574,436,2657.9096894009654,133.38931410941692,2808.0438181712607,321.81432612274136,cam_2_1690328546_18-42-26.jpg
574,451,3241.006997745441,385.073985789092,3615.102150317677,603.382980649116,cam_2_1690328546_18-42-26.jpg
574,468,1824.8036254650506,496.41445543773966,2307.0641775454906,710.1169188257898,cam_2_1690328546_18-42-26.jpg
574,472,2698.2567940493095,514.4076710329509,3145.2074444167715,841.3507872165101,cam_2_1690328546_18-42-26.jpg
574,477,2672.2707552961197,132.989108547826,2867.8595163198875,324.2110077047126,cam_2_1690328546_18-42-26.jpg
574,481,1003.1157047454346,184.65304467668943,1280.8387926222388,601.7485177366658,cam_2_1690328546_18-42-26.jpg
574,485,2494.977731649925,129.2984195189374,2797.674889094599,332.65020941604087,cam_2_1690328546_18-42-26.jpg
574,501,2694.189944501697,401.5324165777141,3136.9502232177188,571.8468570837103,cam_2_1690328546_18-42-26.jpg
574,503,2189.75418666179,130.56611871831348,2534.3246558138476,377.63232728508376,cam_2_1690328546_18-42-26.jpg
575,152,2075.453200539576,463.5405597463374,2566.693360426146,712.5201132428111,cam_2_1690328591_18-43-11.jpg
575,382,2747.02609217333,136.31151637631217,2924.6562572741836,322.8278515367106,cam_2_1690328591_18-43-11.jpg
575,422,3112.5130631026536,414.5945630506179,3554.2755036482663,658.26679387397,cam_2_1690328591_18-43-11.jpg
575,451,3241.4268098517314,383.537847866896,3616.773095495479,602.5843134752795,cam_2_1690328591_18-43-11.jpg
575,468,1823.3600089325098,496.4586991158295,2309.365981962742,711.9177168758417,cam_2_1690328591_18-43-11.jpg
575,472,2696.150505778414,515.4277729811288,3146.8063788437144,839.1047310064529,cam_2_1690328591_18-43-11.jpg
575,481,1056.9411088893407,179.95800334141177,1324.6013079313318,586.9062451511664,cam_2_1690328591_18-43-11.jpg
575,485,2494.591027536449,131.2708335087263,2809.7419862912952,344.21353741217615,cam_2_1690328591_18-43-11.jpg
575,501,2686.949706599069,405.04635541181113,3128.9559647677816,575.3759647200582,cam_2_1690328591_18-43-11.jpg
575,503,2203.383358993191,133.94469849553502,2545.470833128536,379.03305773538636,cam_2_1690328591_18-43-11.jpg
575,506,1344.0510107914126,170.34655529808282,1575.578508260299,548.5636069373224,cam_2_1690328591_18-43-11.jpg
575,508,2358.9229335482983,250.96843413951183,2795.8772403777375,503.7376235452482,cam_2_1690328591_18-43-11.jpg
576,152,2072.847521945168,460.38107411882515,2545.056243245663,697.9258930951253,cam_2_1690328681_18-44-41.jpg
576,382,2760.209214540936,136.3427154534933,2932.6203764433503,318.27659487425956,cam_2_1690328681_18-44-41.jpg
576,406,709.3780688188979,361.5199407777091,1584.7565814779355,971.530379709734,cam_2_1690328681_18-44-41.jpg
576,422,3108.031705381734,413.9967700505487,3551.9424927680993,657.8264606977142,cam_2_1690328681_18-44-41.jpg
576,436,2668.0563399069138,132.10465065710653,2826.7409911645186,324.97543062759985,cam_2_1690328681_18-44-41.jpg
576,451,3243.3693469449304,384.15701079859787,3617.930669190488,603.447977295971,cam_2_1690328681_18-44-41.jpg
576,468,1823.522351547214,495.0101808023461,2309.619589771785,710.3202942941681,cam_2_1690328681_18-44-41.jpg
576,472,2689.2619652110006,509.6737634316911,3153.134675711512,838.4681748251534,cam_2_1690328681_18-44-41.jpg
576,481,1122.6310321883216,184.41759433615675,1318.6496471629787,468.8002427874893,cam_2_1690328681_18-44-41.jpg
576,485,2486.1922608290324,132.7534802665353,2787.186172575901,341.0916874680561,cam_2_1690328681_18-44-41.jpg
576,501,2675.0734935365176,403.38253416187155,3123.8101478759063,576.9037275621795,cam_2_1690328681_18-44-41.jpg
576,503,2206.8870218018556,137.29151571044895,2548.600724492886,382.1924942602741,cam_2_1690328681_18-44-41.jpg
576,506,1387.0755986474571,177.2620824363013,1612.7134140226779,543.7718783535105,cam_2_1690328681_18-44-41.jpg
577,152,2061.0609498356835,460.3703134213678,2522.0947276010165,692.1201639546623,cam_2_1690328696_18-44-56.jpg
577,382,2757.18514874049,137.10659007594302,2929.3385356583885,316.6512075334977,cam_2_1690328696_18-44-56.jpg
577,406,708.9852047844507,366.93086339213744,1569.8192340532878,985.5166194485881,cam_2_1690328696_18-44-56.jpg
577,422,3108.4732016844396,413.46757095607506,3554.4303023723533,658.2136367365107,cam_2_1690328696_18-44-56.jpg
577,436,2658.1540791693997,132.28233790920342,2822.241709281958,325.0765827718251,cam_2_1690328696_18-44-56.jpg
577,451,3245.7503620315406,385.3342242303501,3619.775895596897,604.9310024885172,cam_2_1690328696_18-44-56.jpg
577,468,1822.090586580768,492.50995530694024,2311.83340251325,709.6327041260937,cam_2_1690328696_18-44-56.jpg
577,472,2677.3129146601814,514.1599369950826,3144.9583004289634,839.4037652277221,cam_2_1690328696_18-44-56.jpg
577,481,1140.9175142292313,184.73014857444815,1320.0125243075433,434.11330533164414,cam_2_1690328696_18-44-56.jpg
577,485,2485.4193103524267,135.03590921616086,2773.4105255830864,338.7139903950735,cam_2_1690328696_18-44-56.jpg
577,501,2672.3142630758953,402.2022858352074,3123.3781645463846,576.9313911855888,cam_2_1690328696_18-44-56.jpg
577,503,2201.229624671112,135.6111607130524,2550.2412030898104,385.00648901550903,cam_2_1690328696_18-44-56.jpg
577,506,1395.8285559311166,178.43777570070642,1621.8926237225116,543.3105731738355,cam_2_1690328696_18-44-56.jpg
578,152,2059.74878309373,462.487133944997,2521.8569967566714,693.7774558413286,cam_2_1690328756_18-45-56.jpg
578,382,2742.6124240020927,136.64892397568047,2907.9792676626585,314.48763048154933,cam_2_1690328756_18-45-56.jpg
578,422,3104.2698351109957,413.15607133139287,3552.545362149023,658.6272764984585,cam_2_1690328756_18-45-56.jpg
578,430,82.57685163041907,228.41565311814696,534.5715833382051,665.028922208958,cam_2_1690328756_18-45-56.jpg
578,436,2691.3412052064823,135.587370218804,2852.5881559944673,320.20679701435415,cam_2_1690328756_18-45-56.jpg
578,451,3247.361269952979,385.04103052035526,3618.9925002671293,603.7172784110936,cam_2_1690328756_18-45-56.jpg
578,468,1821.8795986729833,493.7729462887892,2305.3227455255897,707.5676348471169,cam_2_1690328756_18-45-56.jpg
578,472,2661.984104305053,515.436014369798,3136.5895917209214,838.4789943561832,cam_2_1690328756_18-45-56.jpg
578,481,1169.8296138668422,181.24899930761805,1411.0413106572655,522.073949548125,cam_2_1690328756_18-45-56.jpg
578,485,2483.7187668738206,135.23146319763504,2767.7718216668422,339.0694452490284,cam_2_1690328756_18-45-56.jpg
578,501,2668.285384004401,401.0794326266686,3119.0544868667953,575.9657773100226,cam_2_1690328756_18-45-56.jpg
578,503,2196.903626575204,139.6163534673587,2541.9501465345115,386.69695464620725,cam_2_1690328756_18-45-56.jpg
578,506,1408.4706915070649,178.28629858051602,1638.3334850791916,547.8137546813558,cam_2_1690328756_18-45-56.jpg
579,152,2055.620218868747,460.50860449674985,2522.155415120163,693.7165173409904,cam_2_1690328861_18-47-41.jpg
579,382,2715.260603076009,136.76342154303123,2891.7594559455274,321.7185915099826,cam_2_1690328861_18-47-41.jpg
579,422,3101.9930385211037,413.12330888830513,3550.1527972565236,657.6508510864495,cam_2_1690328861_18-47-41.jpg
579,430,41.25058385028265,223.52172438132308,503.83367694237074,663.9873272808527,cam_2_1690328861_18-47-41.jpg
579,451,3247.8580094895647,385.3443369336313,3617.4508029418694,602.954299213465,cam_2_1690328861_18-47-41.jpg
579,468,1816.6318032773308,491.6384752429757,2315.1199905774497,712.7654713220843,cam_2_1690328861_18-47-41.jpg
579,472,2661.921062739909,515.6843265173092,3146.362063661502,840.5967801920876,cam_2_1690328861_18-47-41.jpg
579,481,1184.0794584207288,175.6791766986752,1444.4693727101414,550.278972878884,cam_2_1690328861_18-47-41.jpg
579,485,2494.3753712574544,136.16048099327963,2769.636534402461,339.32786291407444,cam_2_1690328861_18-47-41.jpg
579,501,2662.2430771356794,400.65637754737145,3112.9899443140625,575.9330416660666,cam_2_1690328861_18-47-41.jpg
579,503,2212.5134531978447,140.35556031365135,2567.4853641487953,392.4090302414422,cam_2_1690328861_18-47-41.jpg
579,506,1410.4090219047607,176.8840302460825,1641.9049340184306,547.7655169661157,cam_2_1690328861_18-47-41.jpg
580,152,1948.7348768226934,319.20208591242636,2572.469656649758,646.5993161845197,cam_2_1690328966_18-49-26.jpg
580,382,2683.430131452382,132.695540085617,2875.623620613036,328.1804905591189,cam_2_1690328966_18-49-26.jpg
580,422,3109.6074084686315,414.17690396577893,3555.4547080783173,657.9341229028297,cam_2_1690328966_18-49-26.jpg
580,451,3248.516183232027,387.84466088434715,3612.1432493406746,601.1646165577008,cam_2_1690328966_18-49-26.jpg
580,468,1819.1492067966476,496.46150561610386,2319.1434812935495,718.1437442402286,cam_2_1690328966_18-49-26.jpg
580,472,2675.320302897846,514.9984596867197,3163.7058268808496,840.1283699616205,cam_2_1690328966_18-49-26.jpg
580,481,1193.210243601955,174.33503638953644,1458.9697425408144,562.0965494030138,cam_2_1690328966_18-49-26.jpg
580,501,2674.2272118954093,403.76127777714987,3110.934060142302,574.4834199348397,cam_2_1690328966_18-49-26.jpg
580,503,2204.2851100285848,143.33127992267637,2506.507876937915,355.8459419051767,cam_2_1690328966_18-49-26.jpg
580,506,1414.205172974105,173.6731541675464,1651.2833124705621,551.8447343293914,cam_2_1690328966_18-49-26.jpg
580,508,2330.322634149386,244.87944517240578,2813.2849386814914,524.6408186364349,cam_2_1690328966_18-49-26.jpg
581,152,1930.0944769201922,276.24286022958097,2560.19960021559,622.4381547988537,cam_2_1690329071_18-51-11.jpg
581,382,2626.1302288214083,133.72860478458975,2835.7424345965724,341.8664166417003,cam_2_1690329071_18-51-11.jpg
581,422,3115.3949497480735,414.80440347528435,3558.1642484908866,657.8194650236132,cam_2_1690329071_18-51-11.jpg
581,451,3246.4649433177988,387.15515145278914,3612.224057553611,601.3579075763571,cam_2_1690329071_18-51-11.jpg
581,468,1820.0326242851122,498.45661609036307,2322.943365748674,721.446188056108,cam_2_1690329071_18-51-11.jpg
581,472,2677.868091994696,516.0160158239121,3169.1972625003896,841.6867211208754,cam_2_1690329071_18-51-11.jpg
581,481,1211.1652463624414,175.9051470132375,1469.0184355090369,559.137115860221,cam_2_1690329071_18-51-11.jpg
581,501,2679.0109541403626,410.9744752861835,3105.5806345887036,578.6954570873211,cam_2_1690329071_18-51-11.jpg
581,503,2188.8242194162985,141.8303413938659,2536.6098988663994,389.92790893656513,cam_2_1690329071_18-51-11.jpg
581,506,1416.6159116682963,173.97230931363302,1654.5555652366384,549.1813658800423,cam_2_1690329071_18-51-11.jpg
581,510,2433.620540609281,142.69004209793857,2641.7323916445494,351.6462223221365,cam_2_1690329071_18-51-11.jpg
582,152,1932.6138026169422,254.86585252589063,2547.188562722362,606.987003267255,cam_2_1690329101_18-51-41.jpg
582,382,2596.8939328531756,134.83381484885814,2810.5885411365507,345.3992997434551,cam_2_1690329101_18-51-41.jpg
582,422,3112.1545220173707,415.19860975336996,3557.066900917067,659.5744842203203,cam_2_1690329101_18-51-41.jpg
582,451,3250.0848435457015,387.7710404661051,3613.0248189243557,599.9027831708098,cam_2_1690329101_18-51-41.jpg
582,468,1823.9573837395135,499.54546009870955,2330.2227681560653,723.5522931716498,cam_2_1690329101_18-51-41.jpg
582,472,2678.1276420457007,514.4517382401589,3175.9106210621417,842.5670122233362,cam_2_1690329101_18-51-41.jpg
582,481,1219.5428649557057,177.84229153387963,1477.3284188665045,569.7482214391721,cam_2_1690329101_18-51-41.jpg
582,501,2671.923116124287,416.61623457083635,3093.9262926397637,582.9580734350442,cam_2_1690329101_18-51-41.jpg
582,503,2176.5483822538636,142.44365601039217,2533.0960538654845,400.6896194139756,cam_2_1690329101_18-51-41.jpg
582,506,1414.9966051162237,172.972869221395,1656.1436345676284,547.9990228978502,cam_2_1690329101_18-51-41.jpg
582,510,2421.0914843749765,140.04112951338672,2642.2042539024014,362.2834676503612,cam_2_1690329101_18-51-41.jpg
582,511,2381.05962249833,448.14966403795825,2672.422882151969,658.2126260976509,cam_2_1690329101_18-51-41.jpg
582,512,365.14032831578845,206.785338772697,657.2565957493487,641.454389456427,cam_2_1690329101_18-51-41.jpg
583,152,1931.0042074310836,243.40606481271726,2547.7289321773656,612.9582209814716,cam_2_1690329146_18-52-26.jpg
583,283,2719.870686447303,234.4584868592864,3048.6853901661825,407.23909245294647,cam_2_1690329146_18-52-26.jpg
583,382,2590.222546656887,134.95135692053066,2811.9300811293583,349.86666924500696,cam_2_1690329146_18-52-26.jpg
583,422,3100.7056675417657,414.79153506190613,3545.632483873349,659.4261134845153,cam_2_1690329146_18-52-26.jpg
583,451,3257.291458047952,391.5866141130775,3615.2942833043853,601.0082108643746,cam_2_1690329146_18-52-26.jpg
583,468,1828.7471556133228,500.6497962597736,2333.2358475491433,722.6771931206068,cam_2_1690329146_18-52-26.jpg
583,472,2680.7594908992883,516.0601255055955,3178.641888084591,842.242066640644,cam_2_1690329146_18-52-26.jpg
583,481,1222.152916512546,178.23221308701423,1474.8578815360393,570.6540987344105,cam_2_1690329146_18-52-26.jpg
583,501,2677.867469782617,420.35499576584044,3088.3985567104123,581.686687236556,cam_2_1690329146_18-52-26.jpg
583,503,2175.2602045510384,143.35992792579458,2532.0757699626392,404.9257332226551,cam_2_1690329146_18-52-26.jpg
583,506,1416.9087621725535,173.68445503205106,1660.7310248769752,547.9646227425087,cam_2_1690329146_18-52-26.jpg
583,510,2424.8104955067447,137.1567275750313,2646.510236203716,359.8626217088013,cam_2_1690329146_18-52-26.jpg
583,511,2380.537952356234,451.64564367242576,2669.443878935716,659.4627288412789,cam_2_1690329146_18-52-26.jpg
583,512,389.9577249805368,211.05687195638558,682.0523679631463,646.9436973313861,cam_2_1690329146_18-52-26.jpg
584,152,1917.50115743382,245.13071581149333,2463.094487158299,587.3193139879406,cam_2_1690329266_18-54-26.jpg
584,283,2723.9590783636595,232.43524048403071,3045.204004175483,406.11100699042515,cam_2_1690329266_18-54-26.jpg
584,382,2572.6761659363447,134.59737538701313,2792.9854589184147,345.93613828107425,cam_2_1690329266_18-54-26.jpg
584,422,3109.965780308543,413.79664492691046,3557.1199805169604,660.9096806086371,cam_2_1690329266_18-54-26.jpg
584,451,3249.3068986122034,388.2502853110152,3614.2656938431473,601.2149958522343,cam_2_1690329266_18-54-26.jpg
584,468,1829.84475968159,506.1054488436552,2327.051779764383,724.7352504825146,cam_2_1690329266_18-54-26.jpg
584,472,2677.3088746584053,516.0695962250627,3179.7507428415806,843.6461978282615,cam_2_1690329266_18-54-26.jpg
584,481,1206.8416921624112,174.9709674091518,1464.7295998544698,569.5000576843495,cam_2_1690329266_18-54-26.jpg
584,503,2199.1281977451395,137.86265411352431,2555.5038787173226,406.4894225222298,cam_2_1690329266_18-54-26.jpg
584,506,1418.7008347379683,173.3943473349891,1664.8479601478255,543.102475161882,cam_2_1690329266_18-54-26.jpg
584,510,2419.085885952165,136.20737572459288,2645.8615982031565,364.8418472746654,cam_2_1690329266_18-54-26.jpg
584,511,2344.8022362900497,445.99449821218036,2646.0837246178576,660.9808340701404,cam_2_1690329266_18-54-26.jpg
585,283,2701.451587571552,226.05910564772807,3048.2471502533876,416.7286123646413,cam_2_1690329356_18-55-56.jpg
585,382,2561.5030230438456,138.74536225815217,2783.5381227700527,349.27340793182316,cam_2_1690329356_18-55-56.jpg
585,406,706.8022513129229,366.85918712526444,1562.9147217713867,1005.6139208497532,cam_2_1690329356_18-55-56.jpg
585,422,3118.3545148559706,412.557799519092,3561.0510268638977,658.07484242535,cam_2_1690329356_18-55-56.jpg
585,428,1160.899497678106,172.4637369268297,1548.5248316533775,499.1965659232819,cam_2_1690329356_18-55-56.jpg
585,451,3246.3860857372647,386.8170754320919,3613.7673204437865,600.6442633855266,cam_2_1690329356_18-55-56.jpg
585,468,1830.500501303302,500.37362248150066,2335.6956010025046,722.0865690090461,cam_2_1690329356_18-55-56.jpg
585,472,2678.3221073701443,517.030493666791,3181.6308044548437,843.8476033086447,cam_2_1690329356_18-55-56.jpg
585,503,2219.6309334724947,133.28589885612797,2573.212989301328,405.06933137222285,cam_2_1690329356_18-55-56.jpg
585,506,1429.1223419028017,173.3265810321814,1672.9573123952462,531.6040715043771,cam_2_1690329356_18-55-56.jpg
585,510,2414.3982773053517,135.775049079513,2648.4128448735855,373.5310152857338,cam_2_1690329356_18-55-56.jpg
585,511,2313.136018194393,442.672354802479,2628.214028954124,663.808112334545,cam_2_1690329356_18-55-56.jpg
586,283,2689.0911178096535,222.24069172558478,3028.1742769995067,412.99162064533294,cam_2_1690329371_18-56-11.jpg
586,382,2540.224374579295,138.50098668593546,2757.601201776943,345.9614915927692,cam_2_1690329371_18-56-11.jpg
586,406,702.7915745701349,361.631279763646,1546.4152047575412,1001.6342466128506,cam_2_1690329371_18-56-11.jpg
586,422,3122.0331273217175,412.3854586729735,3560.382185930861,656.3181173163828,cam_2_1690329371_18-56-11.jpg
586,428,1136.3565241641816,171.61409420409578,1524.2080362046797,504.13877161830214,cam_2_1690329371_18-56-11.jpg
586,451,3242.8473221975228,385.5072257342438,3613.768845178317,600.9454160615621,cam_2_1690329371_18-56-11.jpg
586,468,1825.7117921041934,497.0577981911092,2338.1408481214894,722.0358859637436,cam_2_1690329371_18-56-11.jpg
586,472,2677.899097474512,517.8465454423106,3183.047861816119,844.6966277477414,cam_2_1690329371_18-56-11.jpg
586,503,2222.5883134022865,133.21381375304898,2573.3788755029022,407.84158909783116,cam_2_1690329371_18-56-11.jpg
586,506,1426.6406689186672,174.3811529418958,1675.416243234203,532.4495505511752,cam_2_1690329371_18-56-11.jpg
586,510,2422.5464973038743,139.77722938838855,2647.3813523566614,369.12398331543216,cam_2_1690329371_18-56-11.jpg
586,511,2298.6960497066616,441.644616671228,2622.7186504823,665.255897943444,cam_2_1690329371_18-56-11.jpg
586,512,574.4316363367966,202.03211955030912,870.0314679591697,637.2014018857567,cam_2_1690329371_18-56-11.jpg
587,283,2684.7001002141837,218.79988486099617,3029.9077451431044,414.82554484920456,cam_2_1690329416_18-56-56.jpg
587,382,2530.19270125546,139.35467692440034,2749.03560646047,349.95955509693033,cam_2_1690329416_18-56-56.jpg
587,422,3120.944005681933,413.96659284409475,3559.9684089427883,659.4621584990248,cam_2_1690329416_18-56-56.jpg
587,428,1088.3050033494621,173.16931220752818,1514.1074455994155,544.1673513472939,cam_2_1690329416_18-56-56.jpg
587,430,79.86715442474573,264.99117447552214,542.3910553369761,698.2805623529064,cam_2_1690329416_18-56-56.jpg
587,432,2233.206585030501,443.34752351623786,2698.2488043411736,661.0431645086932,cam_2_1690329416_18-56-56.jpg
587,451,3243.7221667886956,389.11773764284897,3611.74193949345,602.2770301694848,cam_2_1690329416_18-56-56.jpg
587,468,1829.3518930811895,497.72725280929905,2338.4633084892703,720.6249568889938,cam_2_1690329416_18-56-56.jpg
587,472,2671.930751986718,519.2481529114418,3179.661239289506,845.6214498227796,cam_2_1690329416_18-56-56.jpg
587,503,2229.4920891809056,138.35260205635586,2565.033874073355,405.5682217423981,cam_2_1690329416_18-56-56.jpg
587,506,1435.6128818030677,175.73991839427865,1699.867132415821,542.4521882120429,cam_2_1690329416_18-56-56.jpg
587,510,2428.8830536374107,139.1557366286295,2651.6377135003017,367.8309947207275,cam_2_1690329416_18-56-56.jpg
587,512,689.8260407111436,194.2953648582355,987.8493735038035,629.2184341156584,cam_2_1690329416_18-56-56.jpg
588,283,2680.5302431142736,215.6117123519164,3032.9927482203916,416.4570099698724,cam_2_1690329431_18-57-11.jpg
588,382,2526.9530944269577,139.01282738572255,2742.8566402906827,350.3471113189304,cam_2_1690329431_18-57-11.jpg
588,422,3127.087734418802,413.83947822290077,3563.5935849798047,658.8753483540933,cam_2_1690329431_18-57-11.jpg
588,430,67.8699568189065,269.20656418042427,537.9373210300745,698.5416262846852,cam_2_1690329431_18-57-11.jpg
588,432,2233.0633803629316,442.6580660264876,2688.835679699907,661.3843792580847,cam_2_1690329431_18-57-11.jpg
588,451,3248.5765591327986,389.42022472983297,3614.2067421557163,601.1111218786357,cam_2_1690329431_18-57-11.jpg
588,468,1830.4387287229988,497.8879824116092,2342.1756431799263,721.9027751024869,cam_2_1690329431_18-57-11.jpg
588,472,2666.4281627101896,517.2588441997316,3180.097937226667,845.622111632576,cam_2_1690329431_18-57-11.jpg
588,481,1225.7720763099442,174.7643610664934,1486.488056603335,552.9734592716685,cam_2_1690329431_18-57-11.jpg
588,503,2226.926480498549,136.5049669195531,2560.641742123977,405.48812370087967,cam_2_1690329431_18-57-11.jpg
588,506,1433.5060315870135,177.64656317962516,1708.7619058422958,549.8126221141724,cam_2_1690329431_18-57-11.jpg
588,510,2430.1422574155063,141.48983197867136,2648.4116584087337,366.23646980793734,cam_2_1690329431_18-57-11.jpg
588,512,739.3779787600929,195.79932407783696,1033.246853684012,623.065601924405,cam_2_1690329431_18-57-11.jpg
589,283,2615.7123067398093,195.87589804505677,2973.41711623458,410.4035333664445,cam_2_1690329461_18-57-41.jpg
589,382,2537.6972463383127,140.9698983938786,2754.6294481935174,355.36581854832207,cam_2_1690329461_18-57-41.jpg
589,422,3128.950512670757,414.1797011387923,3562.985064024879,658.9402209105654,cam_2_1690329461_18-57-41.jpg
589,428,1068.4201534174133,173.35860735263302,1502.4327465189663,560.4674933809849,cam_2_1690329461_18-57-41.jpg
589,432,2236.951601901992,443.5493029594817,2682.4402107173796,661.4091743145624,cam_2_1690329461_18-57-41.jpg
589,451,3245.835972431435,388.82654098458147,3614.705340822627,601.9110663882753,cam_2_1690329461_18-57-41.jpg
589,468,1826.3787116591316,499.1316261595325,2339.2869536791495,723.7186843051757,cam_2_1690329461_18-57-41.jpg
589,472,2665.278183240241,517.2519219775974,3180.872965994838,845.4511995434923,cam_2_1690329461_18-57-41.jpg
589,478,327.75099329254556,199.49261551932668,764.1866242333508,653.4808838441129,cam_2_1690329461_18-57-41.jpg
589,503,2232.5246952490097,140.1454735266749,2556.8098768951327,406.4012493755381,cam_2_1690329461_18-57-41.jpg
589,506,1404.158709456446,174.8163208223606,1679.6090503859875,535.4937689688905,cam_2_1690329461_18-57-41.jpg
589,510,2428.1716457595185,140.29573935318712,2643.272234606683,361.7966794466929,cam_2_1690329461_18-57-41.jpg
589,512,762.1808125446317,195.4489701169343,1053.1834075342272,618.4710802374913,cam_2_1690329461_18-57-41.jpg
590,283,2595.5888998574665,189.04324532889373,2945.3978540305784,406.5419587253509,cam_2_1690329476_18-57-56.jpg
590,422,3128.5562558428014,413.90624174339166,3563.0321108294984,660.0023968845875,cam_2_1690329476_18-57-56.jpg
590,428,1088.4348774440664,177.37316994283867,1514.7319072340028,563.1217953872781,cam_2_1690329476_18-57-56.jpg
590,432,2239.318155061514,444.3895394549246,2681.8796295759257,663.1351948766684,cam_2_1690329476_18-57-56.jpg
590,451,3242.782236283075,388.0762514243681,3615.231828393744,602.760946485814,cam_2_1690329476_18-57-56.jpg
590,468,1827.1269993910116,499.2757475367067,2336.412129852995,721.8051196173068,cam_2_1690329476_18-57-56.jpg
590,472,2665.665542434072,519.3586281476998,3181.730483511736,846.539395026731,cam_2_1690329476_18-57-56.jpg
590,478,336.3542366544195,196.930540581082,763.5540246309699,648.3805339535314,cam_2_1690329476_18-57-56.jpg
590,503,2221.545156921131,133.9800978917296,2547.714664981134,403.4282940637465,cam_2_1690329476_18-57-56.jpg
590,506,1397.068294034952,175.97465379399875,1676.64262058899,530.9951154512908,cam_2_1690329476_18-57-56.jpg
590,510,2428.0329573008726,139.9868658328403,2646.741314645081,365.9473118650393,cam_2_1690329476_18-57-56.jpg
590,512,773.9644727617444,194.000451922554,1064.298605947761,618.0455009065107,cam_2_1690329476_18-57-56.jpg
591,406,787.993364756916,395.58392043156323,1631.2574011442566,1046.3181505401867,cam_2_1690329626_19-00-26.jpg
591,422,3131.5659253832036,412.6612273936337,3565.709678182683,659.8503556616665,cam_2_1690329626_19-00-26.jpg
591,428,1123.6058597783747,174.8646407276248,1512.6605202467747,512.3996173819695,cam_2_1690329626_19-00-26.jpg
591,432,2243.903948475394,444.93552598617646,2676.836593406905,659.9598140877274,cam_2_1690329626_19-00-26.jpg
591,451,3241.87961250861,387.1629252759696,3617.994300221223,603.6447344194778,cam_2_1690329626_19-00-26.jpg
591,468,1832.4600053563106,503.1622304447229,2334.1435856465005,722.3659235072842,cam_2_1690329626_19-00-26.jpg
591,472,2664.873521376213,519.3931420137685,3183.1736529507825,846.8958079395275,cam_2_1690329626_19-00-26.jpg
591,478,352.7751915916946,204.10807947587188,758.3676056666534,652.6151974717709,cam_2_1690329626_19-00-26.jpg
591,485,2466.199502296153,144.58973540760798,2762.2400040592343,363.119052359032,cam_2_1690329626_19-00-26.jpg
591,500,1263.977719148899,238.86183150734502,1828.7837129770232,594.1502616285941,cam_2_1690329626_19-00-26.jpg
591,503,2236.189818103258,134.98617556187435,2556.226214542487,401.77155294232375,cam_2_1690329626_19-00-26.jpg
592,406,799.0078708236717,387.7587842125822,1634.0770590769741,1040.2718281187706,cam_2_1690329641_19-00-41.jpg
592,422,3132.8916775329076,412.60558130307027,3565.0871073573585,660.0353297162562,cam_2_1690329641_19-00-41.jpg
592,428,1150.021397914486,175.6914183039686,1508.5112915740037,490.075894036891,cam_2_1690329641_19-00-41.jpg
592,432,2245.6185173311196,443.78338362787304,2676.382939406163,659.3071117905104,cam_2_1690329641_19-00-41.jpg
592,451,3239.745460927096,386.5434791896656,3616.7608452167747,603.1871007049483,cam_2_1690329641_19-00-41.jpg
592,468,1832.1212306164825,501.56111043769624,2336.221024998783,721.479038613996,cam_2_1690329641_19-00-41.jpg
592,472,2668.3225522963285,519.8635625963942,3186.974472909747,846.6310722698928,cam_2_1690329641_19-00-41.jpg
592,478,362.3427652892395,204.63214353523387,757.8172352114229,659.9316460592356,cam_2_1690329641_19-00-41.jpg
592,485,2470.1703594262503,146.5425365371392,2763.9139546752035,364.4488267811823,cam_2_1690329641_19-00-41.jpg
592,500,1410.0431436073768,171.19260940476772,1906.9600498772556,513.8428779658798,cam_2_1690329641_19-00-41.jpg
592,503,2252.871023471262,137.6665958685219,2565.9231559150776,402.95551713095927,cam_2_1690329641_19-00-41.jpg
592,506,1387.8917458839837,175.08649705271034,1652.6956350304924,506.30618558441074,cam_2_1690329641_19-00-41.jpg
593,422,3132.4259166900256,411.3230229797108,3563.803883065314,659.815217345985,cam_2_1690329701_19-01-41.jpg
593,428,1087.341732818178,175.5711321763842,1509.2332946456165,545.0303035678612,cam_2_1690329701_19-01-41.jpg
593,430,154.44735541906743,208.86313941016346,636.2429850834191,652.5233260431987,cam_2_1690329701_19-01-41.jpg
593,432,2244.1593191083753,442.0336449035407,2673.156449554199,658.4221611696854,cam_2_1690329701_19-01-41.jpg
593,451,3237.4283499506682,384.74096354934704,3616.2164880562627,602.1028578375264,cam_2_1690329701_19-01-41.jpg
593,468,1829.4407790782811,500.4419257162735,2336.3538085891746,721.3097020667767,cam_2_1690329701_19-01-41.jpg
593,472,2668.871241247332,518.3854480523166,3190.176931376173,846.5273408932412,cam_2_1690329701_19-01-41.jpg
593,500,1447.113173667545,162.47150312789108,1907.5563872132839,506.3063238742444,cam_2_1690329701_19-01-41.jpg
593,503,2269.0730289926887,141.00754086859513,2562.382123943384,393.84419126627165,cam_2_1690329701_19-01-41.jpg
593,506,1369.1825074132971,174.52882640062947,1656.4531646502287,532.3896670020531,cam_2_1690329701_19-01-41.jpg
594,422,3133.1684838639117,411.47072279069164,3560.517419297891,658.3863993541117,cam_2_1690329821_19-03-41.jpg
594,428,1045.6088520603762,179.2283100840604,1501.141300228733,574.1414851868403,cam_2_1690329821_19-03-41.jpg
594,432,2244.013383014307,440.4646378557271,2676.1633207465075,660.2418119000002,cam_2_1690329821_19-03-41.jpg
594,451,3234.6151823892033,381.14708388753246,3618.6122467417445,601.6573306983503,cam_2_1690329821_19-03-41.jpg
594,468,1822.018716844785,498.50656777961706,2337.955780909689,723.1738157116911,cam_2_1690329821_19-03-41.jpg
594,472,2671.5199317961224,518.8601856034988,3189.88988279839,844.396346205803,cam_2_1690329821_19-03-41.jpg
594,506,1380.9193522634716,178.522526655868,1689.8165714779736,550.8542436472642,cam_2_1690329821_19-03-41.jpg
595,422,3129.9135563211917,412.56984046935577,3554.568238104697,658.3313212805808,cam_2_1690330031_19-07-11.jpg
595,432,2247.2465075514297,439.11545789640996,2678.40063895776,659.9466180175846,cam_2_1690330031_19-07-11.jpg
595,451,3235.302890159327,383.34954528007836,3617.5243019759487,602.8858220609382,cam_2_1690330031_19-07-11.jpg
595,467,2687.4866360966603,208.55617040369543,3046.014117723692,435.9547263740842,cam_2_1690330031_19-07-11.jpg
595,468,1828.0642149039068,499.686687954877,2347.946204977621,725.7306246990479,cam_2_1690330031_19-07-11.jpg
595,472,2676.2169461205476,520.0154454022137,3193.5948897955104,844.7582550021369,cam_2_1690330031_19-07-11.jpg
595,481,1256.5028938927348,179.26557631303007,1531.7917099905826,555.3612045791892,cam_2_1690330031_19-07-11.jpg
595,506,1448.3695448622134,170.91237982261205,1742.1623934402344,532.0595781740059,cam_2_1690330031_19-07-11.jpg
595,512,1040.8138232806687,184.44411088488883,1333.7664677834755,599.7064234001913,cam_2_1690330031_19-07-11.jpg
595,518,2109.3357788014405,141.42724142357355,2455.957485348365,404.30653155036276,cam_2_1690330031_19-07-11.jpg
596,422,3129.4659656659487,412.27896838743106,3555.976731234234,660.1965965791181,cam_2_1690330166_19-09-26.jpg
596,432,2251.0707644295157,439.57058072404413,2676.507505166948,658.7631369781421,cam_2_1690330166_19-09-26.jpg
596,451,3232.5840486480947,383.18002581267854,3616.707409377947,603.6721902121872,cam_2_1690330166_19-09-26.jpg
596,467,2683.8136181683244,207.10180006040054,3035.19294711068,423.18961706454485,cam_2_1690330166_19-09-26.jpg
596,468,1828.1555729021643,497.7921045294312,2346.9766188671065,723.4029256257269,cam_2_1690330166_19-09-26.jpg
596,472,2667.314550326092,519.9759305749396,3187.2796808306675,845.1265228151934,cam_2_1690330166_19-09-26.jpg
596,481,1251.2011874486263,181.6930100351689,1534.7460604486055,552.4963072499928,cam_2_1690330166_19-09-26.jpg
596,506,1472.9039304834994,167.96733640553606,1753.875296777628,520.6116064658006,cam_2_1690330166_19-09-26.jpg
596,512,1037.7170059714465,183.77535037642937,1335.448676467233,591.1192630188733,cam_2_1690330166_19-09-26.jpg
596,518,2102.912503341441,142.78613678677337,2444.6025848847303,401.69566960663474,cam_2_1690330166_19-09-26.jpg
596,519,1654.4032193202565,162.54013400826182,2059.1577186738014,493.3581312384722,cam_2_1690330166_19-09-26.jpg
597,422,3130.0240040392127,411.6913488289097,3555.5808172242696,659.3893497438248,cam_2_1690330211_19-10-11.jpg
597,432,2257.47678397706,439.3170432411389,2679.6585221228765,657.9760398695057,cam_2_1690330211_19-10-11.jpg
597,451,3232.2609316022185,382.29170969090325,3618.053069740038,603.8321708967555,cam_2_1690330211_19-10-11.jpg
597,467,2732.268124616031,214.57396551216354,3079.789483615472,419.4280138787316,cam_2_1690330211_19-10-11.jpg
597,468,1817.3795464532652,497.1542043880978,2341.5331322821985,726.1601370048874,cam_2_1690330211_19-10-11.jpg
597,472,2671.9460568986706,519.1330664587592,3189.344984861818,842.4435919316448,cam_2_1690330211_19-10-11.jpg
597,481,1246.6041546989359,179.8301485460518,1539.6258370589576,550.8770443066469,cam_2_1690330211_19-10-11.jpg
597,506,1485.1053844735109,165.88362566138244,1758.8070326314378,516.0255794019674,cam_2_1690330211_19-10-11.jpg
597,512,1041.273931803717,185.74918380721883,1338.2707281682697,583.1980060502423,cam_2_1690330211_19-10-11.jpg
597,518,2153.6191704160738,154.06283247763017,2468.2589274432366,396.3090913835846,cam_2_1690330211_19-10-11.jpg
597,519,1660.0132292614965,160.7714164059097,2062.9959423714695,492.88529021920294,cam_2_1690330211_19-10-11.jpg
597,520,647.4507604064634,221.85121725739197,999.0676922702992,638.7120768090192,cam_2_1690330211_19-10-11.jpg
597,521,1893.6227618861071,155.04819019901447,2134.6535018417153,430.4042058037429,cam_2_1690330211_19-10-11.jpg
598,422,3014.249944614377,384.065835817721,3642.185554440588,760.0397550114841,cam_2_1690330376_19-12-56.jpg
598,432,2254.2118622806634,440.1519685221842,2679.0293498607352,661.5160581699911,cam_2_1690330376_19-12-56.jpg
598,468,1826.8221126614108,502.5688015218951,2326.9360861087953,720.6465588417426,cam_2_1690330376_19-12-56.jpg
598,472,2669.2772533961243,519.1609070770272,3193.6827905687906,845.8621165425334,cam_2_1690330376_19-12-56.jpg
598,478,372.7592809391229,310.3071646512315,845.7916411690542,830.9793890857493,cam_2_1690330376_19-12-56.jpg
598,485,2416.7525153465917,135.23321640355294,2720.9698636695343,365.48353613659117,cam_2_1690330376_19-12-56.jpg
598,501,2520.3626945249557,428.1223361162403,2882.5290070562396,570.0910210748451,cam_2_1690330376_19-12-56.jpg
598,506,1426.7343385910108,175.91762761224322,1718.568316821936,530.0180379080725,cam_2_1690330376_19-12-56.jpg
598,518,2111.1298283075607,146.92414134999711,2442.9729888517454,401.58622053245415,cam_2_1690330376_19-12-56.jpg
598,519,1666.403661502115,159.4347355047166,2037.0380628592766,471.0106352221028,cam_2_1690330376_19-12-56.jpg
599,422,2951.7311250357393,371.30464718458677,3641.283297340655,794.2654129861311,cam_2_1690330406_19-13-26.jpg
599,432,2254.3363114002495,440.88548172491255,2676.545480839955,662.1811120735128,cam_2_1690330406_19-13-26.jpg
599,468,1834.4435438841706,498.7592514378571,2336.9373462007534,717.188912365769,cam_2_1690330406_19-13-26.jpg
599,472,2664.601398378276,519.695650455461,3190.2110402187254,846.4266337307392,cam_2_1690330406_19-13-26.jpg
599,478,237.81473068038542,247.06388030775156,726.9352446775631,719.6715722757483,cam_2_1690330406_19-13-26.jpg
599,485,2414.1504933468973,135.03643130887724,2712.3299582370933,363.3942295433626,cam_2_1690330406_19-13-26.jpg
599,518,2097.2262317821965,145.36269400201755,2434.989139158201,404.0342706680873,cam_2_1690330406_19-13-26.jpg
599,519,1751.5146733997499,152.88242569193253,2092.7447380663302,447.548450322504,cam_2_1690330406_19-13-26.jpg
600,422,2982.242612195929,366.9571063011852,3692.759846406565,814.5405401507805,cam_2_1690330451_19-14-11.jpg
600,432,2249.7338308158314,442.061634540359,2667.404266688932,662.4723480412512,cam_2_1690330451_19-14-11.jpg
600,468,1830.3884093117692,498.1683272051495,2342.606405864852,720.1915677986352,cam_2_1690330451_19-14-11.jpg
600,472,2661.507273805459,523.1038670360696,3180.0906162898136,843.6697090075932,cam_2_1690330451_19-14-11.jpg
600,478,149.73861371101978,228.00927228726798,651.7673691162512,682.9794300170615,cam_2_1690330451_19-14-11.jpg
600,485,2411.406554738428,134.78421029321487,2708.2120522193622,362.3134801839569,cam_2_1690330451_19-14-11.jpg
600,501,2500.5848624182017,431.94794395449696,2869.5567526599925,575.4786154046182,cam_2_1690330451_19-14-11.jpg
600,518,2086.5762450737093,143.15719010445687,2426.630755747037,402.5102138122253,cam_2_1690330451_19-14-11.jpg
600,519,1788.3031813288578,154.393632226155,2114.9074097376083,445.03359331844945,cam_2_1690330451_19-14-11.jpg
601,432,2252.4578086165075,443.18002890979494,2666.0535055965975,662.1348906454703,cam_2_1690330586_19-16-26.jpg
601,468,1835.2014570542149,501.405288788205,2344.3984350209103,721.8442891982958,cam_2_1690330586_19-16-26.jpg
601,472,2664.9233691903746,522.7570506317489,3184.1725637375353,843.4402027257204,cam_2_1690330586_19-16-26.jpg
601,478,124.07111628287203,224.72465234772054,645.7330623129257,673.1494792844023,cam_2_1690330586_19-16-26.jpg
601,485,2389.0186959966077,136.03648327912245,2681.3607100835247,362.81655373712397,cam_2_1690330586_19-16-26.jpg
601,498,3141.860712899882,361.9159469561872,3531.552026847886,806.3005651818075,cam_2_1690330586_19-16-26.jpg
601,518,2107.548520992842,143.17238832829003,2437.1537345924403,398.4427821489925,cam_2_1690330586_19-16-26.jpg
601,521,1849.275377527088,160.92283365610393,2108.227834435363,463.2437200545864,cam_2_1690330586_19-16-26.jpg
601,524,1638.9736132702958,168.81682980302563,1833.5257299276068,509.8154219753243,cam_2_1690330586_19-16-26.jpg
602,432,2258.940779553583,437.8696723159685,2685.5069399646814,663.7999785837915,cam_2_1690330676_19-17-56.jpg
602,468,1835.8062843870036,499.77488148416336,2333.9936252954435,714.336808336715,cam_2_1690330676_19-17-56.jpg
602,472,2539.1122219706367,474.3460446045774,3327.822087764141,965.6032715251067,cam_2_1690330676_19-17-56.jpg
602,478,104.92340059053822,223.27911939124837,639.7265626978227,665.9796216357543,cam_2_1690330676_19-17-56.jpg
602,485,2368.868272947831,139.27802136341342,2648.815003813816,361.5304196320326,cam_2_1690330676_19-17-56.jpg
602,498,3087.6869875712346,365.3273713173215,3503.789618070056,796.6278119259343,cam_2_1690330676_19-17-56.jpg
602,518,2123.8010821205817,146.8504590755503,2442.702011817594,395.3151922604309,cam_2_1690330676_19-17-56.jpg
602,521,1819.8285592134819,157.10688316856073,2081.418788155231,468.65181740904023,cam_2_1690330676_19-17-56.jpg
602,524,1647.8252930593908,168.16801452374904,1842.2256601345284,510.15604206802897,cam_2_1690330676_19-17-56.jpg
603,152,2129.1063472181463,168.27354426171817,2508.234496143083,402.2354957602854,cam_2_1690330781_19-19-41.jpg
603,422,2967.613501191565,364.5172935748503,3647.1059293433204,799.159354282245,cam_2_1690330781_19-19-41.jpg
603,432,2273.663393256098,437.54168992019913,2698.193288488615,665.3046585150059,cam_2_1690330781_19-19-41.jpg
603,472,2508.4976335007286,450.16571077313074,3378.452433030084,1010.8923181919945,cam_2_1690330781_19-19-41.jpg
603,478,97.05326840496969,223.95519867841313,651.3194010650737,669.5437742164005,cam_2_1690330781_19-19-41.jpg
603,485,2343.827577771185,139.164507350022,2613.403828902583,352.4572273628024,cam_2_1690330781_19-19-41.jpg
603,511,1789.014680105503,295.9084886617662,2394.2530330427967,700.7492925948145,cam_2_1690330781_19-19-41.jpg
603,524,1678.4290992686072,173.0700385946309,1840.5955808403633,435.9953719440073,cam_2_1690330781_19-19-41.jpg
604,422,2966.9823130460372,366.49554599809517,3623.674457505762,790.8366957487478,cam_2_1690330856_19-20-56.jpg
604,428,955.5120055777346,197.6230250015871,1416.198860564817,580.5187321383353,cam_2_1690330856_19-20-56.jpg
604,472,2452.1256867008387,436.16081975995166,3342.7061653175983,1017.0863323474775,cam_2_1690330856_19-20-56.jpg
604,477,3274.3293810606933,205.56057934564166,3497.972238284037,411.2949623671731,cam_2_1690330856_19-20-56.jpg
604,478,39.50757529538134,216.67634467375504,596.8264301363192,663.8530192962119,cam_2_1690330856_19-20-56.jpg
604,500,1597.214703249614,156.87251750575936,2008.4481476263968,463.1967578108238,cam_2_1690330856_19-20-56.jpg
604,506,1319.6116212107297,173.25123653118627,1632.4196077303843,546.8134623253795,cam_2_1690330856_19-20-56.jpg
604,508,2242.9500134929667,429.2729106013545,2640.4825548486583,662.7016329559399,cam_2_1690330856_19-20-56.jpg
604,511,1736.4536619632067,268.72858950639363,2358.910550780436,697.5811168434711,cam_2_1690330856_19-20-56.jpg
605,422,2964.912771166666,369.06983864988007,3608.609026603102,788.9943894227033,cam_2_1690330871_19-21-11.jpg
605,428,971.5575487115648,191.01950827922929,1438.8011255927454,575.0332703025936,cam_2_1690330871_19-21-11.jpg
605,472,2461.394105498466,433.6327569660926,3354.5712379201823,1030.8566863054807,cam_2_1690330871_19-21-11.jpg
605,477,3293.7453245917886,207.58521932112788,3543.0570627398497,416.1762288978571,cam_2_1690330871_19-21-11.jpg
605,478,26.01888621480532,222.7301509330745,575.6906679291188,660.4570814723411,cam_2_1690330871_19-21-11.jpg
605,500,1602.2532262007758,157.34724194697267,2008.715877996003,460.24277358752875,cam_2_1690330871_19-21-11.jpg
605,506,1309.4997591270703,174.40465949221826,1628.2525381160685,550.1418610994929,cam_2_1690330871_19-21-11.jpg
605,508,2259.9861775098834,436.5697117715134,2653.5084472013546,663.9367448626132,cam_2_1690330871_19-21-11.jpg
605,511,1708.9234010676955,259.0578195446717,2306.132854496889,693.0944763834425,cam_2_1690330871_19-21-11.jpg
606,406,635.1381723264229,197.73835600301797,1200.6649806944424,638.4877585226742,cam_2_1690331036_19-23-56.jpg
606,422,2938.2513715919795,357.41027638679964,3601.4867745890497,792.1337805300828,cam_2_1690331036_19-23-56.jpg
606,468,1882.2922981622708,494.7889258655826,2355.1707937773635,699.9867302617494,cam_2_1690331036_19-23-56.jpg
606,472,2465.478521911676,507.6822761442274,3148.2971064326907,965.2086164879995,cam_2_1690331036_19-23-56.jpg
606,500,1549.0057499048585,157.5362862614287,1956.377490938627,458.42227703331935,cam_2_1690331036_19-23-56.jpg
606,501,2483.354406573994,425.1580531946231,2874.668438477107,574.8104867155772,cam_2_1690331036_19-23-56.jpg
606,506,1252.2886740583663,208.36989427752835,1587.2892441373222,602.9252518798643,cam_2_1690331036_19-23-56.jpg
606,508,2273.5832565100854,446.3848516188435,2653.131506485951,659.5133242813187,cam_2_1690331036_19-23-56.jpg
606,511,1689.5462674485136,284.8031328667848,2187.4093866458616,661.7961302056606,cam_2_1690331036_19-23-56.jpg
607,406,771.9138574661164,192.6795876462435,1266.5749044970505,615.7841622965866,cam_2_1690331096_19-24-56.jpg
607,422,2941.7095741446915,356.30044336897146,3598.676923325774,787.2231189566764,cam_2_1690331096_19-24-56.jpg
607,472,2484.7574373917546,545.2077683129633,3061.8632208541376,933.0551265154601,cam_2_1690331096_19-24-56.jpg
607,500,1464.5678896957816,159.79397692903274,1912.6256776382536,481.87180001312686,cam_2_1690331096_19-24-56.jpg
607,508,2276.7431935605614,446.318355825993,2669.614789020037,664.0646310032577,cam_2_1690331096_19-24-56.jpg
607,511,1684.941024230065,280.35598433477975,2194.440989439555,658.1921739484164,cam_2_1690331096_19-24-56.jpg
607,520,532.8187784777732,206.7318506908897,914.604920588726,666.5977487854076,cam_2_1690331096_19-24-56.jpg
608,406,734.9005786327775,189.60688048976448,1215.4673396658698,609.7753449461791,cam_2_1690331156_19-25-56.jpg
608,422,2974.221722578961,368.87625036484815,3620.68511163859,793.1895107524576,cam_2_1690331156_19-25-56.jpg
608,430,177.28724363896845,205.4348791762294,669.1534782371332,660.1220426730006,cam_2_1690331156_19-25-56.jpg
608,472,2491.0806800935125,556.3883499604486,3034.0710830224803,922.26970283995,cam_2_1690331156_19-25-56.jpg
608,508,2276.7480328536826,449.21814838171247,2673.194177290643,665.427848774154,cam_2_1690331156_19-25-56.jpg
608,511,1630.5439442328761,280.59207983292,2125.18809094904,656.4633775279171,cam_2_1690331156_19-25-56.jpg
608,521,1880.788292290699,162.97521886520235,2108.7409873211627,439.96011650245623,cam_2_1690331156_19-25-56.jpg
608,528,2653.5406658407837,525.081494363084,3208.0026155153564,843.4201341566661,cam_2_1690331156_19-25-56.jpg
609,406,727.3222490339874,188.4446077652459,1163.1403742745329,561.2946108504595,cam_2_1690331171_19-26-11.jpg
609,422,2980.9381987487313,372.3628995072911,3622.349161222427,792.8391100726162,cam_2_1690331171_19-26-11.jpg
609,472,2502.7419490847587,565.5039683990897,3024.7322026879547,918.2312523355668,cam_2_1690331171_19-26-11.jpg
609,508,2271.745595117481,445.11685536596747,2683.456555399552,668.773789818056,cam_2_1690331171_19-26-11.jpg
609,511,1610.587882393662,280.4857254379317,2104.040870455419,653.0547398788157,cam_2_1690331171_19-26-11.jpg
609,519,1737.5765024884404,167.2275855014521,1917.8090584991485,327.69607288078095,cam_2_1690331171_19-26-11.jpg
609,521,1903.5957359500435,162.6806171522643,2100.448515398475,401.66159356404637,cam_2_1690331171_19-26-11.jpg
609,528,2650.405301411216,522.3023485128355,3209.1640846350692,843.6870514266218,cam_2_1690331171_19-26-11.jpg
610,422,3094.5521565223535,398.27571606513925,3564.8505781229183,703.6291571504421,cam_2_1690331471_19-31-11.jpg
610,451,3233.1940369586237,381.16358646014544,3618.2831414677285,603.478542496063,cam_2_1690331471_19-31-11.jpg
610,467,2664.2868008279243,234.2062438453146,2991.1826838907928,426.29534039898624,cam_2_1690331471_19-31-11.jpg
610,472,2491.5333314815016,556.5850757237985,3025.8348941829636,918.1380288853418,cam_2_1690331471_19-31-11.jpg
610,481,929.748782319237,183.91364159733314,1280.636989347977,615.9740005122832,cam_2_1690331471_19-31-11.jpg
610,508,2264.378119680776,444.9372082742681,2680.3835709588852,670.7478875808407,cam_2_1690331471_19-31-11.jpg
610,512,1756.00218518054,160.89751610588536,2006.7472343502857,494.2171017865906,cam_2_1690331471_19-31-11.jpg
610,518,2091.025097690904,153.2989293949142,2382.1250593178765,387.25525218516077,cam_2_1690331471_19-31-11.jpg
610,520,587.884335994943,201.03113432872854,961.7388630178984,644.9005261192365,cam_2_1690331471_19-31-11.jpg
610,521,1910.2019655732029,159.03033875992816,2112.8102413985744,410.0439711476461,cam_2_1690331471_19-31-11.jpg
610,528,2605.122106820801,438.0518445393557,3410.009890436174,905.4669867826628,cam_2_1690331471_19-31-11.jpg
611,422,3147.043027940502,403.96383284657713,3536.6995571124944,655.7422181596651,cam_2_1690331786_19-36-26.jpg
611,432,2343.388967927061,447.8080785746101,2682.0091359944986,632.6302606415193,cam_2_1690331786_19-36-26.jpg
611,451,3245.1273794330505,383.36808850159963,3619.678042492772,600.5645524318802,cam_2_1690331786_19-36-26.jpg
611,467,2676.338434547661,239.14127982361012,3021.8694709805004,430.8962777497037,cam_2_1690331786_19-36-26.jpg
611,472,2500.2699685374923,562.9457478909372,3021.808417009985,915.6468784096056,cam_2_1690331786_19-36-26.jpg
611,501,2465.1975053898436,425.36380158450606,2909.344828660541,596.1889769675879,cam_2_1690331786_19-36-26.jpg
611,508,2133.01127117133,458.8321242212934,2572.3685491800766,694.6357026179718,cam_2_1690331786_19-36-26.jpg
611,512,1730.5578693094865,160.36167991794312,1992.6562574662498,494.42739263245346,cam_2_1690331786_19-36-26.jpg
611,518,2064.8247382448717,153.53607330767855,2365.0554552392205,410.5810342482978,cam_2_1690331786_19-36-26.jpg
612,422,3160.6844171141993,401.8501563799134,3533.564683660989,641.6381368917075,cam_2_1690331831_19-37-11.jpg
612,432,2360.8676183329176,445.5798170931855,2676.7086039835344,619.1193708241121,cam_2_1690331831_19-37-11.jpg
612,451,3252.809899188083,384.9324844504455,3620.3685706025067,598.5834400060944,cam_2_1690331831_19-37-11.jpg
612,467,2667.588635154906,240.6991792046771,3022.0099451923925,435.8105980494644,cam_2_1690331831_19-37-11.jpg
612,472,2470.3502020191413,564.7538209752136,2996.451344027554,914.8949718363378,cam_2_1690331831_19-37-11.jpg
612,501,2466.5796822894677,425.15311019805466,2916.9579085314067,600.2634320747363,cam_2_1690331831_19-37-11.jpg
612,506,1115.4293533057269,180.52933014140487,1451.2376644021247,597.6716420611374,cam_2_1690331831_19-37-11.jpg
612,508,2075.966391002564,462.8104852111211,2526.38158964407,704.0013725813725,cam_2_1690331831_19-37-11.jpg
612,510,2057.3788121282105,152.64980034300106,2304.3496280676923,416.4692689564149,cam_2_1690331831_19-37-11.jpg
612,512,1714.2013057185914,159.13852272460196,1988.7910299968169,493.6236845160675,cam_2_1690331831_19-37-11.jpg
613,283,2355.114821215006,448.1774640795363,2649.351126735356,634.5700527443328,cam_2_1690331921_19-38-41.jpg
613,451,3229.66363601179,332.40894759282384,3708.552808182791,615.190267655976,cam_2_1690331921_19-38-41.jpg
613,467,2652.227829004606,238.61313575737304,3018.424226950384,438.91912563497203,cam_2_1690331921_19-38-41.jpg
613,472,2485.3836571195675,564.242910801978,3011.7823079642367,914.1430307790968,cam_2_1690331921_19-38-41.jpg
613,501,2475.693848093391,428.8036698905124,2915.099528995491,599.5303593188183,cam_2_1690331921_19-38-41.jpg
613,503,2558.1966022927477,141.5340932738101,2775.9853446063335,337.3554261651533,cam_2_1690331921_19-38-41.jpg
613,506,1107.0184496777513,182.8335322367131,1424.5831911384416,595.4706639675987,cam_2_1690331921_19-38-41.jpg
613,508,2057.8316260521333,463.94404037871624,2511.6789748884926,705.3039536052991,cam_2_1690331921_19-38-41.jpg
613,510,2078.3988974453837,156.21903699323462,2318.814590412762,425.6904602324997,cam_2_1690331921_19-38-41.jpg
613,512,1703.4576005815134,162.25090412970414,1983.8869212295413,497.69917186877547,cam_2_1690331921_19-38-41.jpg
613,532,3059.174362848837,427.9046948761259,3445.0470584274385,668.6466025578022,cam_2_1690331921_19-38-41.jpg
613,535,2914.900926371949,455.914320882079,3386.447596861386,728.663786277209,cam_2_1690331921_19-38-41.jpg
614,283,2363.1410168945104,452.3249921639459,2646.9120278837745,627.558994142311,cam_2_1690332101_19-41-41.jpg
614,451,3226.056171159392,306.36450873217575,3735.7825017155924,614.8041351128763,cam_2_1690332101_19-41-41.jpg
614,467,2653.9050242126564,240.26395345239948,3035.3877242232843,443.03288292097625,cam_2_1690332101_19-41-41.jpg
614,472,2461.5020882493086,562.900393042254,2996.727533665187,914.3478471053947,cam_2_1690332101_19-41-41.jpg
614,501,2472.0190779774484,430.65518351961896,2925.117218161944,608.2437223974639,cam_2_1690332101_19-41-41.jpg
614,503,2564.428341961408,138.00595618977417,2774.346942046635,326.70053674609255,cam_2_1690332101_19-41-41.jpg
614,508,2032.4533047323387,464.09280830847916,2478.8737527688468,703.724545513108,cam_2_1690332101_19-41-41.jpg
614,510,2076.0549631181657,156.1038454167613,2307.103784144924,421.17012606745095,cam_2_1690332101_19-41-41.jpg
614,512,1708.7462617934705,160.5996953920917,1985.628145927657,496.33229115647305,cam_2_1690332101_19-41-41.jpg
614,532,3057.55869806954,426.2780056247343,3443.671214196556,667.2401200770557,cam_2_1690332101_19-41-41.jpg
614,535,2906.641004586568,453.7472827412037,3390.206055992465,733.8963082913003,cam_2_1690332101_19-41-41.jpg
615,283,2371.666560056987,460.71214959717594,2653.0153387980836,632.8082517169589,cam_2_1690332221_19-43-41.jpg
615,467,2645.6768119126637,238.98298164655841,3032.7148274837173,441.71090977391964,cam_2_1690332221_19-43-41.jpg
615,472,2482.025114216787,566.7566636190763,3009.2394667677677,912.4300702798888,cam_2_1690332221_19-43-41.jpg
615,501,2473.31263509739,434.063646125889,2936.034637473457,617.8168008639738,cam_2_1690332221_19-43-41.jpg
615,503,2601.245878096906,134.14218292224305,2778.5612704461646,288.53322090567417,cam_2_1690332221_19-43-41.jpg
615,508,2017.4349892195648,466.7295721536865,2461.9222305518233,708.4517518815113,cam_2_1690332221_19-43-41.jpg
615,510,2094.0648650617068,156.2722911596836,2316.591596586798,414.0479740638144,cam_2_1690332221_19-43-41.jpg
615,512,1709.9528787335075,159.7823871682224,1989.874393980008,500.21669574080704,cam_2_1690332221_19-43-41.jpg
615,521,1871.6703232413504,153.07154886431516,2090.7223881767995,419.73927256989913,cam_2_1690332221_19-43-41.jpg
615,532,3058.5166363092767,428.24258258970406,3445.299902239169,669.7357387773133,cam_2_1690332221_19-43-41.jpg
615,535,2907.980852075156,458.0645682996756,3379.9026322106474,731.2281152935113,cam_2_1690332221_19-43-41.jpg
615,537,1293.3395250949193,170.31115671491165,1599.5561082953436,555.633109870525,cam_2_1690332221_19-43-41.jpg
616,283,2377.8844100004835,461.7491896848566,2660.839265538686,633.8247424521843,cam_2_1690332236_19-43-56.jpg
616,467,2652.024499185231,239.43956254463728,3046.7212233642736,441.7906437076242,cam_2_1690332236_19-43-56.jpg
616,472,2488.498678202056,567.0014620055152,3015.3643321545665,912.1582578242417,cam_2_1690332236_19-43-56.jpg
616,501,2477.95857995712,436.1703914454973,2940.305371745333,621.8051491820039,cam_2_1690332236_19-43-56.jpg
616,503,2614.7227389990485,137.50275558013587,2779.964699595116,276.54968116903103,cam_2_1690332236_19-43-56.jpg
616,508,2014.0050085445148,467.72729006127315,2454.2470501171197,710.2425950612724,cam_2_1690332236_19-43-56.jpg
616,510,2100.8923204217417,156.72967318056394,2322.256264900613,415.1276620141156,cam_2_1690332236_19-43-56.jpg
616,512,1707.3838197826497,159.81579981286563,1984.2248813997803,497.30897364955547,cam_2_1690332236_19-43-56.jpg
616,521,1871.6945736551015,153.48876000708265,2093.1751482900254,419.76185637121307,cam_2_1690332236_19-43-56.jpg
616,524,1516.1184527232613,165.36834406070307,1742.7651797113283,533.5476379907257,cam_2_1690332236_19-43-56.jpg
616,532,3061.0603862579574,428.60335480037827,3443.930940972952,667.5521085156923,cam_2_1690332236_19-43-56.jpg
616,535,2914.132204697962,461.8556888338946,3378.630548229261,730.3458292376897,cam_2_1690332236_19-43-56.jpg
616,537,1301.15543119304,168.92216095464696,1607.8100016299647,559.4985104828628,cam_2_1690332236_19-43-56.jpg
617,152,2156.706999850937,213.3141767381127,2532.6585961878054,446.65194658052974,cam_2_1690332326_19-45-26.jpg
617,283,2376.1205923180837,466.6152415102149,2659.0669646215183,640.2171732275933,cam_2_1690332326_19-45-26.jpg
617,467,2646.2038700363128,240.90895551081232,3038.6012103506855,440.4704659286773,cam_2_1690332326_19-45-26.jpg
617,472,2495.521687538036,567.9931600957291,3019.614617371437,911.4332440103964,cam_2_1690332326_19-45-26.jpg
617,477,3420.9891381208377,233.26490376840147,3715.1156357845616,492.4678815094122,cam_2_1690332326_19-45-26.jpg
617,501,2498.2309473262985,438.21971807092166,2924.534383870184,609.2665489592724,cam_2_1690332326_19-45-26.jpg
617,503,2609.372892179626,135.76746043287272,2786.0055717464143,283.9094052968153,cam_2_1690332326_19-45-26.jpg
617,508,2010.6338830494633,464.0382247358861,2456.188609380959,712.8353597195782,cam_2_1690332326_19-45-26.jpg
617,510,2125.7775449036267,152.79730388972132,2294.7273155148446,329.041616377282,cam_2_1690332326_19-45-26.jpg
617,521,1854.872327391885,153.43545904946419,2087.400568914884,421.48406443309636,cam_2_1690332326_19-45-26.jpg
617,524,1544.3796760517937,163.38614212851132,1775.734433662268,534.5427268964926,cam_2_1690332326_19-45-26.jpg
617,532,3058.2244013472227,428.4352774345714,3444.8219321029883,670.0413749800296,cam_2_1690332326_19-45-26.jpg
617,535,2922.109522920002,465.7511640992749,3384.1376222892677,732.5735333855139,cam_2_1690332326_19-45-26.jpg
617,537,1338.183542600163,163.79696563313996,1632.7420911047038,543.6834212256513,cam_2_1690332326_19-45-26.jpg
618,283,2373.950653110633,464.5666143019869,2663.960332230576,644.3677105444197,cam_2_1690332371_19-46-11.jpg
618,467,2653.571777552779,244.0118951611027,3047.6310690766295,441.03241848605154,cam_2_1690332371_19-46-11.jpg
618,472,2502.2937134714307,570.5997971468344,3024.1442696601075,913.1359682928485,cam_2_1690332371_19-46-11.jpg
618,477,3424.6801757100006,242.44500433466627,3743.743592951211,506.07123582499355,cam_2_1690332371_19-46-11.jpg
618,498,3259.3794553419684,207.76963469772062,3479.6757008720538,429.14980893265573,cam_2_1690332371_19-46-11.jpg
618,501,2508.497471321779,436.05689376389154,2910.9315539428926,596.9297082474516,cam_2_1690332371_19-46-11.jpg
618,503,2621.9515293969557,133.14511603009998,2805.784184158973,282.6244457012192,cam_2_1690332371_19-46-11.jpg
618,508,2024.2556273069104,465.705464440435,2467.224445987119,713.7919395937142,cam_2_1690332371_19-46-11.jpg
618,518,2078.097797623459,154.929178346566,2362.836045167784,409.61127845925387,cam_2_1690332371_19-46-11.jpg
618,521,1852.0436266251095,153.58992753497625,2092.7554790868685,422.29299643445245,cam_2_1690332371_19-46-11.jpg
618,524,1567.759890830653,161.58756408881962,1803.856152996005,533.10417927798,cam_2_1690332371_19-46-11.jpg
618,532,3055.6923395909216,429.4825295040403,3443.9620211358124,672.1541995693173,cam_2_1690332371_19-46-11.jpg
618,535,2920.834993789791,464.43607513529605,3387.2117014663754,733.8989375116166,cam_2_1690332371_19-46-11.jpg
618,537,1356.196907119547,164.43643227926023,1645.9847658474764,542.164629916249,cam_2_1690332371_19-46-11.jpg
619,283,2368.652959725525,461.8328095936745,2659.916366678516,644.238053830454,cam_2_1690332416_19-46-56.jpg
619,467,2656.1177685078173,244.67658353214478,3059.934017612857,442.65799800490424,cam_2_1690332416_19-46-56.jpg
619,472,2505.5410497369967,570.0055529126607,3026.836874665538,912.4345318537,cam_2_1690332416_19-46-56.jpg
619,477,3454.2275953451863,241.95915755513207,3736.5599019976617,491.3090487571185,cam_2_1690332416_19-46-56.jpg
619,498,3271.648959382516,205.51798641742351,3515.477231622647,435.01834328639825,cam_2_1690332416_19-46-56.jpg
619,501,2508.5688401964558,432.77339955769776,2909.0687421963294,592.1633417111889,cam_2_1690332416_19-46-56.jpg
619,503,2678.3497469378194,144.26729735972725,2849.832734178099,275.0618848811127,cam_2_1690332416_19-46-56.jpg
619,508,2018.4773464516538,464.26573085720867,2458.635635816673,713.5435005968866,cam_2_1690332416_19-46-56.jpg
619,518,2081.9493186718173,153.46230015201354,2355.560765477337,405.79969076211694,cam_2_1690332416_19-46-56.jpg
619,521,1854.898488324915,152.58588027071957,2099.0014647813537,421.9414808559012,cam_2_1690332416_19-46-56.jpg
619,524,1583.835882650908,161.82455373666278,1817.9910485517194,521.1667703764476,cam_2_1690332416_19-46-56.jpg
619,532,3052.153961388405,429.906676711226,3440.52640973555,672.2128247401181,cam_2_1690332416_19-46-56.jpg
619,535,2927.095612256019,468.36641763771877,3379.9877954599165,729.5706565712101,cam_2_1690332416_19-46-56.jpg
619,537,1361.2516720164156,160.65004804804983,1647.9759919729834,539.1227645735119,cam_2_1690332416_19-46-56.jpg
620,283,2381.0245828331836,472.33286073172997,2661.09847103859,648.4243687718575,cam_2_1690332551_19-49-11.jpg
620,422,3220.1565779764474,200.96852276122024,3585.5047953038866,434.07348165443807,cam_2_1690332551_19-49-11.jpg
620,467,2641.9173484567746,246.15590588632682,3045.5756948544918,441.20399985305465,cam_2_1690332551_19-49-11.jpg
620,472,2506.305822230217,570.4943160983569,3026.6704226187003,912.7403464771538,cam_2_1690332551_19-49-11.jpg
620,485,2269.5694276743307,173.90606266194158,2563.867760355868,408.88797528896595,cam_2_1690332551_19-49-11.jpg
620,501,2511.6137513785434,440.59853828531345,2907.3690623680377,598.3231165738346,cam_2_1690332551_19-49-11.jpg
620,508,2042.4876026082409,460.6254747419875,2477.0519820342747,707.0307394890763,cam_2_1690332551_19-49-11.jpg
620,521,1918.6209849695376,144.01902761026543,2181.0635515337153,418.9471580639612,cam_2_1690332551_19-49-11.jpg
620,524,1625.6761657492475,167.64186525690113,1860.9314955049194,530.3390157693296,cam_2_1690332551_19-49-11.jpg
620,532,3052.2568278421745,428.1860066510836,3444.0226863275834,672.643857594319,cam_2_1690332551_19-49-11.jpg
620,535,2926.74646559857,465.0442824096285,3387.169957464593,730.4907402991294,cam_2_1690332551_19-49-11.jpg
620,537,1367.5825376280413,163.03662329385227,1649.1596707467502,539.4299917594462,cam_2_1690332551_19-49-11.jpg
621,283,2371.47940575979,469.80423469956264,2656.810383633607,650.3339352651043,cam_2_1690332566_19-49-26.jpg
621,422,3213.7857946786717,191.622099992647,3584.1642207418076,428.4925678052225,cam_2_1690332566_19-49-26.jpg
621,467,2634.26734518202,246.67612332606518,3037.565579040693,439.8018408082818,cam_2_1690332566_19-49-26.jpg
621,472,2507.651237792382,571.4093970122578,3026.7522675248974,913.1538743111349,cam_2_1690332566_19-49-26.jpg
621,485,2277.37982922771,185.00670412214444,2562.714416644991,412.98951564341587,cam_2_1690332566_19-49-26.jpg
621,501,2516.1572732778122,441.9171982034152,2907.671783554027,597.2833716632097,cam_2_1690332566_19-49-26.jpg
621,508,2031.4522892778868,463.8911941105399,2462.2016642935732,710.1756441788281,cam_2_1690332566_19-49-26.jpg
621,512,1691.3909397374541,155.91734643090322,1976.8093373265149,504.31563442332936,cam_2_1690332566_19-49-26.jpg
621,521,1955.656010421296,143.15468804181253,2224.46469034454,415.1413639608562,cam_2_1690332566_19-49-26.jpg
621,532,3051.422870922885,427.82982094000135,3445.4721770128103,673.5765048275409,cam_2_1690332566_19-49-26.jpg
621,535,2928.3824929636567,463.89483605552283,3393.500800278124,731.8581298941924,cam_2_1690332566_19-49-26.jpg
621,537,1374.83815914105,162.9337494137787,1654.4207935079373,541.5394731105334,cam_2_1690332566_19-49-26.jpg
621,541,2437.692281548893,174.2577454740662,2701.944951064221,375.47260234715867,cam_2_1690332566_19-49-26.jpg
622,283,2379.0891301141123,469.76041302847165,2668.2727699487623,651.3668638201245,cam_2_1690332731_19-52-11.jpg
622,422,3182.89878615541,188.4560516805462,3496.0017439877984,373.8402472738203,cam_2_1690332731_19-52-11.jpg
622,451,3246.8253173397507,311.7974835719862,3831.970783008622,670.1273440407238,cam_2_1690332731_19-52-11.jpg
622,467,2622.5082039167514,243.6398520990955,3036.5573831489774,440.6454838177939,cam_2_1690332731_19-52-11.jpg
622,472,2504.1308473783406,568.7236598750687,3028.9099861200634,914.6636162045852,cam_2_1690332731_19-52-11.jpg
622,485,2244.72107891988,154.4126008193781,2551.641121850028,395.8036340731028,cam_2_1690332731_19-52-11.jpg
622,501,2522.7956071749472,448.1255726625423,2909.0611042852856,601.9425536284882,cam_2_1690332731_19-52-11.jpg
622,508,2039.021045042439,466.0937108479233,2465.0971605093173,709.8001804351379,cam_2_1690332731_19-52-11.jpg
622,512,1691.0507155373666,156.98676450509095,1977.1245881466343,497.62447213368455,cam_2_1690332731_19-52-11.jpg
622,521,1916.2426807289785,144.130346944656,2198.091656509074,423.83131491394283,cam_2_1690332731_19-52-11.jpg
622,532,3052.1671189343297,428.926603654233,3443.455462494622,672.7469039106797,cam_2_1690332731_19-52-11.jpg
622,535,2922.076650259943,462.90682298735413,3388.297229567021,731.6218945182873,cam_2_1690332731_19-52-11.jpg
622,537,1407.1418326411629,166.59163204763598,1679.8550124560538,544.0306719457533,cam_2_1690332731_19-52-11.jpg
622,541,2382.0897490115763,204.01548826089953,2654.7024480660184,414.077163110018,cam_2_1690332731_19-52-11.jpg
623,283,2390.393548552187,465.7632397750797,2673.747733647746,641.2029398446259,cam_2_1690332821_19-53-41.jpg
623,451,3314.0017627747557,325.06685540819535,3903.1928340603527,685.9403596227758,cam_2_1690332821_19-53-41.jpg
623,467,2594.7725173274202,239.25239953582462,2999.3048257657515,433.7956935169075,cam_2_1690332821_19-53-41.jpg
623,472,2491.2971113708695,557.4419918763475,3029.464073447707,913.2810209065528,cam_2_1690332821_19-53-41.jpg
623,485,2262.926633799716,144.65638704582037,2563.603108020449,384.8623357194357,cam_2_1690332821_19-53-41.jpg
623,501,2499.4984878054884,447.1175239106961,2920.300369704783,616.58797499034,cam_2_1690332821_19-53-41.jpg
623,508,2042.6899853160703,466.4552626055977,2467.6848829547644,709.4762772004758,cam_2_1690332821_19-53-41.jpg
623,512,1674.8228116274358,159.02721735294188,1954.446258619458,497.7286090412533,cam_2_1690332821_19-53-41.jpg
623,521,1901.125467615829,145.9830242532155,2188.1610368867096,425.76572114951114,cam_2_1690332821_19-53-41.jpg
623,532,3059.307092963419,430.5598178612246,3444.791123323634,670.7982380686656,cam_2_1690332821_19-53-41.jpg
623,535,2920.6027140872466,461.79924498388914,3388.7699582926607,732.0233046837561,cam_2_1690332821_19-53-41.jpg
623,537,1427.1068943791531,166.39877769181305,1696.9552462328168,546.7357037610678,cam_2_1690332821_19-53-41.jpg
623,541,2366.0414061296315,206.80843218612716,2630.4732933973687,414.9881647421611,cam_2_1690332821_19-53-41.jpg
624,152,2191.057217057588,268.12509750528216,2628.4961039316704,536.198683191272,cam_2_1690333076_19-57-56.jpg
624,451,3326.2283721267436,326.50181704815884,3912.6192681351417,686.153786340084,cam_2_1690333076_19-57-56.jpg
624,467,2600.713145217101,233.4587204998941,3003.4502248278586,425.022012280736,cam_2_1690333076_19-57-56.jpg
624,472,2502.416850468959,566.5691785098729,3027.0966575715242,914.0396427632088,cam_2_1690333076_19-57-56.jpg
624,508,2033.3562280474473,468.8329719192883,2453.294344409512,709.8925955120066,cam_2_1690333076_19-57-56.jpg
624,511,1448.7252353957247,161.49562932050463,1904.7101532281515,511.6661929724018,cam_2_1690333076_19-57-56.jpg
624,512,1762.5083518404356,156.25979345111688,2027.1862659877029,482.3481709340337,cam_2_1690333076_19-57-56.jpg
624,535,2788.8904592729273,411.9173382654556,3491.2870168407403,822.850292531821,cam_2_1690333076_19-57-56.jpg
625,152,2202.225704469712,273.17062568647714,2634.8544168066105,528.2148086525826,cam_2_1690333091_19-58-11.jpg
625,451,3322.109631705756,329.9812808684947,3887.1822805346683,680.3681652395787,cam_2_1690333091_19-58-11.jpg
625,467,2604.0620725718,229.45007847490348,3005.0531400172927,417.72611343294466,cam_2_1690333091_19-58-11.jpg
625,472,2508.3429128213966,571.23307944416,3025.730834585982,913.9999354841283,cam_2_1690333091_19-58-11.jpg
625,501,2511.3089237546087,450.6402873535129,2931.969090777078,622.1290240776417,cam_2_1690333091_19-58-11.jpg
625,508,2033.574954171799,470.21116514378394,2451.589304606546,710.7739178654854,cam_2_1690333091_19-58-11.jpg
625,511,1433.4671418497956,156.59135173529938,1873.7659668293584,496.0048006251738,cam_2_1690333091_19-58-11.jpg
625,512,1804.6182738000646,155.17214451770843,2058.5703211622103,479.1586403841034,cam_2_1690333091_19-58-11.jpg
625,535,2748.6765257104526,394.02804329464914,3529.693371959903,859.2035863559671,cam_2_1690333091_19-58-11.jpg
626,152,2202.079795173997,275.4360517488839,2635.2638843847585,525.9985062361968,cam_2_1690333106_19-58-26.jpg
626,451,3316.096285525636,330.73780953954747,3867.8071649487547,674.4521939666304,cam_2_1690333106_19-58-26.jpg
626,467,2584.1461374247383,227.7441370667022,2985.712705372959,416.896885780719,cam_2_1690333106_19-58-26.jpg
626,472,2482.7753494630683,566.8508976542288,3011.2158367923294,914.0642698227824,cam_2_1690333106_19-58-26.jpg
626,501,2517.9327658684356,452.8582924383261,2939.114079888788,627.1605853056903,cam_2_1690333106_19-58-26.jpg
626,508,2031.5618648556897,469.62234996928316,2447.6241697173505,710.0029319792823,cam_2_1690333106_19-58-26.jpg
626,511,1433.02614949483,155.20304658178395,1871.1738328303747,496.4011174867917,cam_2_1690333106_19-58-26.jpg
626,512,1822.7126927386817,154.17731228736687,2072.2069728646065,481.0156979724365,cam_2_1690333106_19-58-26.jpg
626,535,2742.2095285799423,383.6205783687699,3552.194217175112,874.4580050296661,cam_2_1690333106_19-58-26.jpg
626,544,2536.953666689544,136.94365600251777,2747.5506374193906,293.22835698365463,cam_2_1690333106_19-58-26.jpg
626,545,2883.888068416747,194.93148291218563,3257.133138674559,353.75494989185074,cam_2_1690333106_19-58-26.jpg
627,451,3293.940789764476,323.73735203361844,3851.931252631836,679.2438135913849,cam_2_1690333181_19-59-41.jpg
627,467,2590.9445887415004,229.70031944848847,2987.7779560773524,416.29050379656223,cam_2_1690333181_19-59-41.jpg
627,472,2492.8038086498927,565.0886548215235,3023.376426250655,914.5030995293378,cam_2_1690333181_19-59-41.jpg
627,500,1612.926096019802,277.13870557847844,2136.5232221129318,658.6101589112791,cam_2_1690333181_19-59-41.jpg
627,501,2468.2168232529298,439.9564025414066,2919.591623579798,625.613691506854,cam_2_1690333181_19-59-41.jpg
627,508,2035.0199258105692,468.51123723904607,2445.8887492969525,706.3196165967051,cam_2_1690333181_19-59-41.jpg
627,511,1433.2257254908188,155.90613295082693,1853.8956814175199,478.0711312097505,cam_2_1690333181_19-59-41.jpg
627,512,1856.540799158593,158.86626690885612,2024.9860823843132,363.6881907011531,cam_2_1690333181_19-59-41.jpg
627,535,2738.6692877233927,381.6942860996114,3544.890383835118,877.4165005282202,cam_2_1690333181_19-59-41.jpg
627,544,2442.8714135354944,135.66579907082573,2716.347883765719,336.7551381920323,cam_2_1690333181_19-59-41.jpg
628,283,2362.742830744595,446.9672391775374,2655.1491028432256,626.1632038695595,cam_2_1690333211_20-00-11.jpg
628,430,787.4581660688045,379.9490990695461,1499.3163739111933,1042.0312827482041,cam_2_1690333211_20-00-11.jpg
628,451,3318.516038838035,338.8388451830542,3922.8974355070227,728.1993227422176,cam_2_1690333211_20-00-11.jpg
628,467,2585.232637539705,229.82930122751696,2979.7829202964954,417.3876629532698,cam_2_1690333211_20-00-11.jpg
628,472,2490.951575241442,562.2770521168595,3027.1388371656067,916.0543527914289,cam_2_1690333211_20-00-11.jpg
628,501,2446.531796713381,432.2709530433484,2898.591104797846,617.286906272002,cam_2_1690333211_20-00-11.jpg
628,508,2038.0054327275136,465.78645918377634,2446.5552959441306,702.0573949143783,cam_2_1690333211_20-00-11.jpg
628,512,1832.8414985686468,161.16428701752892,2070.128053651517,458.4151568479504,cam_2_1690333211_20-00-11.jpg
628,535,2743.5767125713614,379.8203733694877,3543.5635272605396,879.5671378029476,cam_2_1690333211_20-00-11.jpg
628,544,2411.540868316057,136.27158315578785,2712.681686502208,355.686409451645,cam_2_1690333211_20-00-11.jpg
629,430,822.7181996889265,380.3612913046031,1533.0520174765775,1053.9489524463397,cam_2_1690333271_20-01-11.jpg
629,451,3209.4035581065,334.10423830297117,3814.885152377358,727.9094010868707,cam_2_1690333271_20-01-11.jpg
629,467,2579.928702403443,209.7995769696489,3010.2247164870246,419.10907621807917,cam_2_1690333271_20-01-11.jpg
629,472,2490.637932315462,561.2051370106979,3029.254760956666,917.2817053252261,cam_2_1690333271_20-01-11.jpg
629,477,3451.119846190952,334.7247119223436,3809.9022016119475,654.5818625358538,cam_2_1690333271_20-01-11.jpg
629,485,2166.688992311798,140.2386848503328,2470.805703256864,382.24266683771793,cam_2_1690333271_20-01-11.jpg
629,501,2434.026695009791,430.0531444102576,2866.260586082407,604.8610682468636,cam_2_1690333271_20-01-11.jpg
629,508,2041.1198094299548,465.1291356710819,2445.193212501594,698.6028176888411,cam_2_1690333271_20-01-11.jpg
629,532,3046.28243905543,422.2610140050975,3440.0676293077713,667.418104387553,cam_2_1690333271_20-01-11.jpg
629,535,2774.4292431974386,437.5446591661944,3396.2854146845057,825.1163474350724,cam_2_1690333271_20-01-11.jpg
629,537,1574.17254778491,159.40770260653548,1818.0463940131906,495.54611283456086,cam_2_1690333271_20-01-11.jpg
630,406,919.4051314471969,180.94383736760068,1333.8774023864837,528.5949203386524,cam_2_1690333421_20-03-41.jpg
630,430,845.1172467156712,381.2865993596545,1540.6413270434923,1058.7164089486107,cam_2_1690333421_20-03-41.jpg
630,451,3171.801587445665,325.0648351442233,3783.8758704663596,727.1793809673397,cam_2_1690333421_20-03-41.jpg
630,467,2612.283219509927,222.22112384824698,3023.858586127272,419.168094362691,cam_2_1690333421_20-03-41.jpg
630,472,2487.857203828317,561.2437371522328,3027.303492455421,917.9623526423416,cam_2_1690333421_20-03-41.jpg
630,477,3436.0124222427016,333.47344757175057,3812.4740184670454,671.0988469014205,cam_2_1690333421_20-03-41.jpg
630,501,2420.3469696125785,430.9762562806415,2835.2020412803577,597.5545445397735,cam_2_1690333421_20-03-41.jpg
630,508,2043.4848271197152,465.0096058350895,2451.793831893804,700.5722513965369,cam_2_1690333421_20-03-41.jpg
630,532,3047.295210363843,422.4844903111614,3439.4068506174426,666.1250386730403,cam_2_1690333421_20-03-41.jpg
630,535,2780.026525778549,466.00405248221307,3324.881180291931,803.0190491152757,cam_2_1690333421_20-03-41.jpg
630,537,1559.55336114547,156.9955484600461,1803.2091264963758,486.03578162554635,cam_2_1690333421_20-03-41.jpg
631,406,942.4483843817327,184.20484553269003,1408.640978547026,545.2544922469035,cam_2_1690333466_20-04-26.jpg
631,430,1018.7691873872259,396.6534718334534,1701.248023899724,1105.5097984984877,cam_2_1690333466_20-04-26.jpg
631,451,3182.2756113976834,327.05906775800025,3781.256229912824,728.0373255959835,cam_2_1690333466_20-04-26.jpg
631,467,2614.9076514575254,227.29869021979596,3021.2577131216076,419.84072385088155,cam_2_1690333466_20-04-26.jpg
631,472,2491.5273826322273,563.8862787305274,3026.7667374117295,917.7289954335783,cam_2_1690333466_20-04-26.jpg
631,477,3443.200642200303,335.95329498162084,3832.7724916278494,689.0925224110287,cam_2_1690333466_20-04-26.jpg
631,501,2419.1150248276545,432.36302266207423,2839.697251272267,599.8572934090481,cam_2_1690333466_20-04-26.jpg
631,508,2043.1805894705333,465.0187459865536,2448.0692144452737,698.3798133080879,cam_2_1690333466_20-04-26.jpg
631,528,2931.6714986590887,443.9550287722851,3416.0496103493065,725.1268860740137,cam_2_1690333466_20-04-26.jpg
631,532,3056.711556709062,433.4004305741006,3435.8031559360406,667.4160382108863,cam_2_1690333466_20-04-26.jpg
631,535,2794.1021665330095,473.6915196351226,3311.290564975444,793.2350268187072,cam_2_1690333466_20-04-26.jpg
631,537,1571.6327840461308,156.90256663681964,1819.6564260143532,480.14011043316384,cam_2_1690333466_20-04-26.jpg
632,428,1072.9403366897366,193.51836173419647,1531.7491830297092,573.4905026923699,cam_2_1690333481_20-04-41.jpg
632,430,1210.4031436225248,420.56246535640105,1895.1769550567938,1121.880734211521,cam_2_1690333481_20-04-41.jpg
632,451,3181.1756689984736,332.6732802232433,3770.338769175986,729.6665628877868,cam_2_1690333481_20-04-41.jpg
632,467,2616.652218784492,228.4784943199029,3027.7551931642975,422.08863523915034,cam_2_1690333481_20-04-41.jpg
632,472,2488.213526735447,563.8336749665739,3025.3854079229413,918.4806209794104,cam_2_1690333481_20-04-41.jpg
632,477,3440.67457359868,337.4915649722899,3838.2218283612033,701.6802878891126,cam_2_1690333481_20-04-41.jpg
632,501,2407.3646383072482,434.83489095005507,2828.5975264430663,602.2804223185096,cam_2_1690333481_20-04-41.jpg
632,508,2042.8118380666956,464.45039032596367,2451.498863426961,699.7559350017804,cam_2_1690333481_20-04-41.jpg
632,528,2951.7274680325313,469.155589452156,3367.2816215855473,708.8225596026546,cam_2_1690333481_20-04-41.jpg
632,532,3056.2236219881634,433.85003271515836,3435.0216955793157,666.5785381875112,cam_2_1690333481_20-04-41.jpg
632,535,2793.033057008945,478.88307815199676,3301.280913446155,791.6530897927237,cam_2_1690333481_20-04-41.jpg
632,537,1572.7781927378865,158.42755775331992,1827.2978724063528,480.8738969848597,cam_2_1690333481_20-04-41.jpg
632,548,1745.38067971077,159.60141838130295,2139.8004701204545,427.88198316140375,cam_2_1690333481_20-04-41.jpg
633,428,1105.8934545548932,188.7271166474176,1601.978224410718,576.7078712134864,cam_2_1690333901_20-11-41.jpg
633,451,3175.7013139234687,324.25401557425266,3712.228448900893,689.4684890574986,cam_2_1690333901_20-11-41.jpg
633,467,2600.2290141804956,228.94020199710812,2991.695929106542,413.4233427143862,cam_2_1690333901_20-11-41.jpg
633,472,2490.4758457892685,562.0033639482342,3026.722146910395,916.8521746490638,cam_2_1690333901_20-11-41.jpg
633,477,3418.9770682244243,327.8484936379387,3819.32764181788,695.2863462027069,cam_2_1690333901_20-11-41.jpg
633,501,2414.341826263542,433.7288277405321,2827.3108968053975,596.1736178426434,cam_2_1690333901_20-11-41.jpg
633,506,699.6082620040593,215.83467501277764,1067.1082265491286,683.7330683436728,cam_2_1690333901_20-11-41.jpg
633,508,2044.20520174358,465.59704719020624,2460.7763125910933,705.4367665557832,cam_2_1690333901_20-11-41.jpg
633,521,2104.99622893854,144.94914883688566,2366.1163676854903,403.6205805281513,cam_2_1690333901_20-11-41.jpg
633,528,2959.92812094043,472.17272815930266,3365.2719175410552,704.0935561629941,cam_2_1690333901_20-11-41.jpg
633,532,3058.03816158718,435.2453383120933,3430.810723670811,661.9555651314577,cam_2_1690333901_20-11-41.jpg
633,535,2797.5607168998,484.0261537598459,3295.3938476894205,789.4346405758329,cam_2_1690333901_20-11-41.jpg
634,451,3195.5246473162324,333.1410403319563,3745.1141396260264,711.3088795616434,cam_2_1690334066_20-14-26.jpg
634,467,2613.15828330603,234.15998386755132,3009.416530031489,417.9404906951603,cam_2_1690334066_20-14-26.jpg
634,472,2493.77778278693,559.7243122624159,3027.32273159535,913.6695356974647,cam_2_1690334066_20-14-26.jpg
634,477,3427.824208707675,327.8488966087977,3809.6272949670783,679.0757638681437,cam_2_1690334066_20-14-26.jpg
634,501,2418.832063957729,432.1315295474226,2834.7352649361796,594.8028152533211,cam_2_1690334066_20-14-26.jpg
634,508,2043.290069176205,466.02346638098857,2475.1507165089015,714.5542556164366,cam_2_1690334066_20-14-26.jpg
634,521,2112.5658395277715,147.30995678892214,2369.0931742223543,395.2497197419957,cam_2_1690334066_20-14-26.jpg
634,524,1430.7341651331094,165.4515046819155,1666.5401079258688,544.3481402102295,cam_2_1690334066_20-14-26.jpg
634,528,2958.0549395794214,470.6583199267934,3368.7102356843525,704.4818568791079,cam_2_1690334066_20-14-26.jpg
634,532,3055.507093468911,432.7585347428644,3432.924957817929,660.9703169715599,cam_2_1690334066_20-14-26.jpg
634,535,2802.1093633470487,488.3079791832881,3293.6307926288655,788.487230595545,cam_2_1690334066_20-14-26.jpg
635,432,2360.302815344574,239.29733846286936,2827.9455689037213,489.5499582216846,cam_2_1690334156_20-15-56.jpg
635,451,3192.8511635130485,331.5332478251603,3755.2564761528656,722.5645300965409,cam_2_1690334156_20-15-56.jpg
635,467,2616.274266114158,235.24320928914625,3025.2568319376337,423.1453085874981,cam_2_1690334156_20-15-56.jpg
635,472,2495.324672098935,564.9170265413165,3020.5075212102756,912.7516498185827,cam_2_1690334156_20-15-56.jpg
635,477,3424.909247910199,325.6127405491816,3805.754281850956,675.3310414504717,cam_2_1690334156_20-15-56.jpg
635,508,2040.2088713040887,464.4108067947946,2485.68713705599,721.2527094415277,cam_2_1690334156_20-15-56.jpg
635,524,1397.573929222649,169.78382819973305,1645.6484828191037,565.1988465183927,cam_2_1690334156_20-15-56.jpg
635,528,2965.58724061842,475.7638945761714,3364.801722603111,701.2100127021665,cam_2_1690334156_20-15-56.jpg
635,532,3058.6322027926954,432.5334515707096,3434.517923344503,658.7885164508205,cam_2_1690334156_20-15-56.jpg
635,535,2798.9316584435746,490.83146936197943,3287.6691064707748,787.2384497241127,cam_2_1690334156_20-15-56.jpg
635,545,2982.04518433933,200.94959863226956,3403.8202518611306,382.61402778571767,cam_2_1690334156_20-15-56.jpg
635,550,2691.1636408331283,188.9394813978199,3054.7805424020726,338.38747623965446,cam_2_1690334156_20-15-56.jpg
636,152,2293.802453320237,190.6047125113846,2830.9649249203926,501.87947249634556,cam_2_1690334456_20-20-56.jpg
636,451,3248.7592399476307,316.88796778049885,3795.9476943518957,697.7339647796673,cam_2_1690334456_20-20-56.jpg
636,467,2608.9058471937656,230.12346962763172,3049.7640010653536,431.4134162067062,cam_2_1690334456_20-20-56.jpg
636,472,2488.422980131493,563.0790203347259,3008.33392639057,906.8996501598372,cam_2_1690334456_20-20-56.jpg
636,508,2040.6354226170881,463.3326172916059,2482.369225091217,718.4667019771858,cam_2_1690334456_20-20-56.jpg
636,520,484.5135879268015,211.6058054129599,894.4824311435223,664.3147225767211,cam_2_1690334456_20-20-56.jpg
636,528,2974.320342857283,481.8392528837488,3365.6936942664984,700.7599422857683,cam_2_1690334456_20-20-56.jpg
636,532,3057.118231557664,427.51109524608665,3441.3388304586715,658.7227174397261,cam_2_1690334456_20-20-56.jpg
636,535,2817.4949418657397,488.5548334708723,3278.5351010107065,762.8048231646378,cam_2_1690334456_20-20-56.jpg
636,548,1791.1734641152104,149.01644011225375,2196.4040057725906,425.55419025536384,cam_2_1690334456_20-20-56.jpg
637,152,2285.444932283982,183.9581306027791,2840.7387390663253,512.7692444714148,cam_2_1690334846_20-27-26.jpg
637,451,3266.4380157612495,313.44575579903915,3802.2610203255545,687.5464921318612,cam_2_1690334846_20-27-26.jpg
637,467,2601.7242287149957,231.71103465745733,3048.4977403021376,433.6651321854917,cam_2_1690334846_20-27-26.jpg
637,472,2489.9634993383033,557.608288442469,3022.247475169566,910.934215911747,cam_2_1690334846_20-27-26.jpg
637,508,1931.4993321411644,327.26445534644006,2542.002874423508,700.1757048103236,cam_2_1690334846_20-27-26.jpg
637,520,501.9069888668895,206.8432733472729,887.800606130442,664.7936630627237,cam_2_1690334846_20-27-26.jpg
637,528,2963.7567335954063,471.2812267487436,3375.5064072081245,701.6413610662369,cam_2_1690334846_20-27-26.jpg
637,532,3053.7037324149064,424.7298234116241,3439.789698392398,655.9329444017006,cam_2_1690334846_20-27-26.jpg
637,535,2820.171159394021,484.589406292209,3312.803486605162,779.3232832571723,cam_2_1690334846_20-27-26.jpg
637,548,1783.2897193498325,144.14865167783302,2194.6823740834507,423.385219685301,cam_2_1690334846_20-27-26.jpg
638,152,2282.6893247530425,183.4987435330585,2842.6276571828284,524.8836105395792,cam_2_1690334921_20-28-41.jpg
638,451,3270.575145201159,309.7458793249016,3803.0675816515104,681.8197932785176,cam_2_1690334921_20-28-41.jpg
638,467,2595.9366152883217,229.96706682137702,3048.878952873382,432.0977220099528,cam_2_1690334921_20-28-41.jpg
638,472,2495.0907011178406,556.8381095462365,3029.290466892581,912.7347934084206,cam_2_1690334921_20-28-41.jpg
638,512,2079.8514792917063,253.54310629190385,2400.444987327246,649.6088306879898,cam_2_1690334921_20-28-41.jpg
638,520,518.4520492662214,204.94540175999194,888.0338478107489,668.3030002915175,cam_2_1690334921_20-28-41.jpg
638,528,2960.290161290209,469.49035702308436,3379.229694159198,704.2333462168962,cam_2_1690334921_20-28-41.jpg
638,532,3054.124730755956,426.57617208082024,3438.7958160701296,655.7036943479973,cam_2_1690334921_20-28-41.jpg
638,535,2818.401073066165,479.5640994962856,3327.266512664739,786.0053763347138,cam_2_1690334921_20-28-41.jpg
638,548,1798.7350201376107,147.48799908444207,2204.1859455864674,421.844337926721,cam_2_1690334921_20-28-41.jpg
638,553,3147.0564728797162,399.39740341253764,3561.0785644098173,635.3299809191712,cam_2_1690334921_20-28-41.jpg
638,555,2374.4432218145175,134.86022436021125,2706.2105900676133,288.03842864664387,cam_2_1690334921_20-28-41.jpg
639,152,2292.4746034112345,182.53823755834298,2840.7110923109417,527.1560207488948,cam_2_1690334981_20-29-41.jpg
639,451,3265.0195935369115,307.80726668072066,3790.987812029635,672.5513594813674,cam_2_1690334981_20-29-41.jpg
639,467,2598.7232006913455,230.84924683012568,3050.2882925321096,430.3293402725842,cam_2_1690334981_20-29-41.jpg
639,472,2498.8189522848816,557.3615657921019,3029.5671980236057,911.8811266976624,cam_2_1690334981_20-29-41.jpg
639,512,2081.928033033698,254.22753549968326,2425.603018928156,675.7971064694664,cam_2_1690334981_20-29-41.jpg
639,520,523.8405212181838,204.809604894371,878.5949648354225,666.5663434482449,cam_2_1690334981_20-29-41.jpg
639,528,2959.9343701064763,467.10653457481294,3381.7875818367947,703.4863646315182,cam_2_1690334981_20-29-41.jpg
639,532,3053.0809723595144,425.4942938716285,3440.9906197676123,655.7651935238058,cam_2_1690334981_20-29-41.jpg
639,535,2816.9153908002745,480.31225554081925,3327.0436016309404,788.4478368687885,cam_2_1690334981_20-29-41.jpg
639,548,1804.500157262284,148.02865976133242,2208.030002977571,420.431805878973,cam_2_1690334981_20-29-41.jpg
639,553,3139.722000168788,395.9250583303551,3562.168689641182,636.1839052404875,cam_2_1690334981_20-29-41.jpg
639,555,2338.1767969991993,132.860603256133,2676.225791522375,288.4369250012727,cam_2_1690334981_20-29-41.jpg
639,556,47.14492990678838,211.25816190511867,586.9213928848471,662.3931139626084,cam_2_1690334981_20-29-41.jpg
639,557,2668.6464486467853,495.57136043033836,3162.869442842672,827.8537436879365,cam_2_1690334981_20-29-41.jpg
640,152,2295.4797659407072,182.2545308706803,2841.6071034110973,532.4603510477975,cam_2_1690335011_20-30-11.jpg
640,451,3255.8931371623894,308.69859731701104,3786.063805144811,675.1487544454005,cam_2_1690335011_20-30-11.jpg
640,467,2588.7336514968815,230.0408843655985,3045.4216012982156,429.87594271431794,cam_2_1690335011_20-30-11.jpg
640,472,2497.021468973976,551.6092908816164,3034.6408889935146,912.9699938714851,cam_2_1690335011_20-30-11.jpg
640,512,2066.595492653714,254.76165421815688,2396.131688481371,664.21632623514,cam_2_1690335011_20-30-11.jpg
640,520,527.8882400710759,206.77411592408217,872.4575166810258,668.6340548734535,cam_2_1690335011_20-30-11.jpg
640,528,2959.7204415278643,467.0710315199507,3382.892229529824,704.1138711325664,cam_2_1690335011_20-30-11.jpg
640,532,3053.716240445508,425.01795312177677,3442.089879715235,654.7259324272654,cam_2_1690335011_20-30-11.jpg
640,535,2816.2188315460935,479.3096447460309,3330.0721928575326,790.9929774720381,cam_2_1690335011_20-30-11.jpg
640,548,1811.5204846583738,146.52615081250602,2215.564738365449,420.8171837591383,cam_2_1690335011_20-30-11.jpg
640,553,3136.199287100018,394.022586130732,3564.662161761876,637.3517293563409,cam_2_1690335011_20-30-11.jpg
640,555,2334.291749059487,131.42247695065805,2671.116717936288,286.088323049387,cam_2_1690335011_20-30-11.jpg
640,556,29.98846091848492,204.18649194649686,573.9726197180578,657.8904833771433,cam_2_1690335011_20-30-11.jpg
640,557,2664.735702647294,495.4981631908187,3163.085245776006,830.438653818811,cam_2_1690335011_20-30-11.jpg
641,152,2298.1402296490105,183.48432433474736,2826.2287909589195,529.1198441928058,cam_2_1690335056_20-30-56.jpg
641,451,3262.950766527709,311.1270351631189,3792.3805878673993,676.6770315836525,cam_2_1690335056_20-30-56.jpg
641,467,2590.1476799439897,230.04007872864213,3053.3052679359716,430.8767095617138,cam_2_1690335056_20-30-56.jpg
641,472,2494.985223126296,548.0293022366072,3035.842230094245,913.0626830827412,cam_2_1690335056_20-30-56.jpg
641,512,2044.7182908283432,248.90894792366922,2387.2428297901406,659.4599973145296,cam_2_1690335056_20-30-56.jpg
641,520,597.3390880674864,199.47062982335117,936.0486484976902,664.0261635452805,cam_2_1690335056_20-30-56.jpg
641,528,2963.3625051159597,466.6299220016384,3381.988883435043,701.1164387246353,cam_2_1690335056_20-30-56.jpg
641,532,3049.568896838382,429.1344377498125,3437.3045941945093,656.5154356562585,cam_2_1690335056_20-30-56.jpg
641,535,2822.9858709813457,480.11253583804296,3333.7237651156456,791.4785872803739,cam_2_1690335056_20-30-56.jpg
641,548,1804.324967728861,143.49825051742806,2204.047702760986,412.40706040419565,cam_2_1690335056_20-30-56.jpg
641,553,3139.686756579045,396.32808233099047,3563.992009475374,636.6959101731132,cam_2_1690335056_20-30-56.jpg
641,555,2332.9872474570657,131.5087878892926,2671.582363202882,286.7738106903764,cam_2_1690335056_20-30-56.jpg
641,556,46.65673922625308,209.17535859620773,588.3630994643845,660.5955827691448,cam_2_1690335056_20-30-56.jpg
641,557,2662.6132199495587,492.2047704925028,3167.2414815207353,831.5036451927187,cam_2_1690335056_20-30-56.jpg
642,152,2308.1525060439058,195.0087337008203,2815.534918314342,532.63404022235,cam_2_1690335161_20-32-41.jpg
642,451,3262.5045233255278,311.8211479225222,3786.0975470609906,671.1337161696316,cam_2_1690335161_20-32-41.jpg
642,467,2586.794288668305,229.24960337678777,3057.1834922553094,431.96585228013237,cam_2_1690335161_20-32-41.jpg
642,472,2499.508471227185,550.2410968756758,3034.4856316122427,912.4239798852595,cam_2_1690335161_20-32-41.jpg
642,512,1998.4108414128316,244.13633245960494,2307.0334896513978,627.7193697717191,cam_2_1690335161_20-32-41.jpg
642,520,684.0831628547869,195.12025721209432,1018.2872543206659,658.13586556406,cam_2_1690335161_20-32-41.jpg
642,524,1499.3556404612134,160.09107417208472,1723.4766176303938,521.6027470068245,cam_2_1690335161_20-32-41.jpg
642,528,2961.5920789130582,471.1841099849647,3376.9897229083504,703.0090063887521,cam_2_1690335161_20-32-41.jpg
642,532,3052.107279348079,431.00367936628186,3440.8004215152932,658.0702123625717,cam_2_1690335161_20-32-41.jpg
642,535,2824.4074512321918,481.2255502230255,3332.6857540330325,792.2789130340125,cam_2_1690335161_20-32-41.jpg
642,548,1797.6832655204985,143.46798858764345,2197.8921673441387,409.88649697400825,cam_2_1690335161_20-32-41.jpg
642,553,3142.683490288457,397.9570417666509,3564.4559556954882,636.3023832144411,cam_2_1690335161_20-32-41.jpg
642,555,2327.7125147692173,132.33175185759893,2676.0447083159006,292.0957984770607,cam_2_1690335161_20-32-41.jpg
642,557,2656.4829077721806,499.1173902683479,3154.706377517193,832.8587649666404,cam_2_1690335161_20-32-41.jpg
643,152,2314.972631664509,201.6007948295504,2803.2298312825224,533.1639991771391,cam_2_1690335176_20-32-56.jpg
643,451,3256.156446894202,310.3171802095462,3783.4740176318587,670.4444469414505,cam_2_1690335176_20-32-56.jpg
643,467,2589.8994042011846,228.90149856123998,3063.735199092323,432.7353491366714,cam_2_1690335176_20-32-56.jpg
643,472,2502.6210911564494,550.5286678785992,3033.6032830923705,911.230142269507,cam_2_1690335176_20-32-56.jpg
643,512,1987.8023050889008,242.02510031339554,2281.8337583121574,614.6057275920343,cam_2_1690335176_20-32-56.jpg
643,520,716.4761171836384,193.17464446733823,1047.133273985023,654.6763919347766,cam_2_1690335176_20-32-56.jpg
643,524,1528.7837697777122,163.0382180660089,1743.7921539897966,520.4181705935522,cam_2_1690335176_20-32-56.jpg
643,528,2961.761639636332,474.42099771603046,3373.127666796897,703.0657104670728,cam_2_1690335176_20-32-56.jpg
643,532,3049.448944187992,428.2872452032625,3442.792171032219,657.4117611571792,cam_2_1690335176_20-32-56.jpg
643,535,2826.2197148303712,480.7320256653012,3332.821710548804,791.9376153849626,cam_2_1690335176_20-32-56.jpg
643,548,1806.6447008984655,146.73139445039376,2208.2998659558125,413.37752415291834,cam_2_1690335176_20-32-56.jpg
643,553,3139.4319277242253,396.46275105193814,3564.0115256244435,635.7316384765795,cam_2_1690335176_20-32-56.jpg
643,555,2342.560495371852,133.53278914725558,2684.501238321311,290.50141834592034,cam_2_1690335176_20-32-56.jpg
643,557,2657.024370914994,500.48926609768057,3156.65111023435,834.1235487715305,cam_2_1690335176_20-32-56.jpg
644,152,2316.1937142106362,198.42011925352014,2806.5585763462614,536.4055391492972,cam_2_1690335191_20-33-11.jpg
644,451,3280.212047367595,312.1017216482821,3813.505357563837,679.0399837618309,cam_2_1690335191_20-33-11.jpg
644,467,2593.694099785779,228.65962185195258,3069.8322594219035,431.9857176876883,cam_2_1690335191_20-33-11.jpg
644,472,2502.4838600890016,548.3682645315719,3035.74618822086,912.0008827798445,cam_2_1690335191_20-33-11.jpg
644,520,735.7777858008004,193.21862544655184,1043.1142879766526,619.7525533502833,cam_2_1690335191_20-33-11.jpg
644,524,1551.3869032748835,166.1817104241654,1760.9576461957213,521.5206255720544,cam_2_1690335191_20-33-11.jpg
644,528,2961.1122189283483,475.37128481840654,3373.8368787516665,704.0361729938129,cam_2_1690335191_20-33-11.jpg
644,532,3054.9321042715574,434.1382950757139,3441.7647432178733,658.6458209230051,cam_2_1690335191_20-33-11.jpg
644,535,2825.1666980728974,484.09445526383524,3326.342386034629,792.1043736590373,cam_2_1690335191_20-33-11.jpg
644,548,1776.2282552553763,148.28825002154971,2200.193455125267,430.29290829306933,cam_2_1690335191_20-33-11.jpg
644,553,3148.4557161599937,403.57357234921443,3560.3217858426733,634.5062467344673,cam_2_1690335191_20-33-11.jpg
644,555,2343.855841615658,135.04624425503016,2686.4485972070365,292.18667618926315,cam_2_1690335191_20-33-11.jpg
644,557,2658.0345432218855,500.83808071779686,3158.284898187385,834.0595414397212,cam_2_1690335191_20-33-11.jpg
645,152,2325.786791302587,201.56659101973756,2808.5964356502654,538.5949442766175,cam_2_1690335296_20-34-56.jpg
645,430,1715.1516851365045,604.6444101765378,2453.6906743519544,1341.365032267679,cam_2_1690335296_20-34-56.jpg
645,451,3315.0118392902787,319.97558349682646,3859.959201193163,695.4298677756824,cam_2_1690335296_20-34-56.jpg
645,467,2593.611192863289,231.47962186635607,3064.764772970679,432.0666029307704,cam_2_1690335296_20-34-56.jpg
645,472,2500.762460970671,546.613111321544,3038.122209819079,913.8146690137861,cam_2_1690335296_20-34-56.jpg
645,520,736.6614356033991,192.57785424581357,1049.8779945905953,630.6836586535146,cam_2_1690335296_20-34-56.jpg
645,528,2960.637011800192,472.6360060234519,3378.7214717415486,704.1230592276635,cam_2_1690335296_20-34-56.jpg
645,532,3051.961697351211,434.57087713405053,3441.5320447055656,659.8140369342589,cam_2_1690335296_20-34-56.jpg
645,535,2823.6099965532944,479.6988648456142,3328.887550946087,791.771347836605,cam_2_1690335296_20-34-56.jpg
645,537,1840.9076481546715,154.35263974068403,2077.5794569540344,471.10367459294116,cam_2_1690335296_20-34-56.jpg
645,553,3147.378367851042,405.41958639673624,3558.7857478484666,635.1843027076669,cam_2_1690335296_20-34-56.jpg
645,555,2287.021260003408,135.4486687272477,2653.1290977993667,303.82438311166584,cam_2_1690335296_20-34-56.jpg
645,557,2659.3570536630277,493.75692471587115,3169.1695414713718,833.7170758288846,cam_2_1690335296_20-34-56.jpg
646,152,2334.1933297567443,206.40240852741474,2779.457607881938,519.7197483217246,cam_2_1690335476_20-37-56.jpg
646,451,3320.213070638749,319.39038118802125,3854.355222425183,692.5743043105595,cam_2_1690335476_20-37-56.jpg
646,467,2609.8111541333055,233.2448210967167,3056.2367837426173,420.7617864083785,cam_2_1690335476_20-37-56.jpg
646,472,2445.2801379705547,459.00451499083044,3205.7672184292737,988.5385843384973,cam_2_1690335476_20-37-56.jpg
646,521,2124.8212815496627,142.52625883349805,2405.0775875642275,400.507950924965,cam_2_1690335476_20-37-56.jpg
646,528,2962.5909124843406,472.9047064648735,3382.2823761509985,706.7855764186886,cam_2_1690335476_20-37-56.jpg
646,532,3047.603798070864,430.9514115640527,3441.5768352309424,657.7136789698138,cam_2_1690335476_20-37-56.jpg
646,553,3146.538334205869,405.5651077128558,3557.4135664798473,633.5184196359496,cam_2_1690335476_20-37-56.jpg
646,555,2302.693804258614,137.16842907400581,2633.332059767022,289.46244507167415,cam_2_1690335476_20-37-56.jpg
646,556,51.115161180615075,197.15828536754418,594.7644273094161,654.4073059093193,cam_2_1690335476_20-37-56.jpg
646,558,782.4979981552133,419.3748915076958,1446.1650449319545,1019.5697284579417,cam_2_1690335476_20-37-56.jpg
647,152,2344.7201643071203,211.26961500544996,2764.1557907436636,507.24445836134237,cam_2_1690335491_20-38-11.jpg
647,451,3284.8003576482015,318.38234182724585,3807.2959744790223,681.8654641386552,cam_2_1690335491_20-38-11.jpg
647,467,2609.3378699001446,233.7733447655524,3046.460139932686,415.1459501043363,cam_2_1690335491_20-38-11.jpg
647,472,2425.0619409687115,427.2866294761293,3263.1319349687506,1021.7346590741049,cam_2_1690335491_20-38-11.jpg
647,521,2121.6665564949785,147.29509382334757,2401.0519238425277,402.3279331380335,cam_2_1690335491_20-38-11.jpg
647,528,2970.031152354292,474.02982962625595,3385.1225630416648,706.0227760149868,cam_2_1690335491_20-38-11.jpg
647,532,3048.229204721481,429.2441876509943,3446.0263397418294,658.0378090640372,cam_2_1690335491_20-38-11.jpg
647,553,3144.735950695031,401.03746989169156,3566.0336013386122,634.2418424471093,cam_2_1690335491_20-38-11.jpg
647,555,2329.90399262433,139.73699009681695,2636.4783709198114,282.34206164921886,cam_2_1690335491_20-38-11.jpg
647,556,97.97926026075504,208.21297704402045,643.2082131167039,657.4669477291599,cam_2_1690335491_20-38-11.jpg
647,558,796.5396317919301,439.18009474517464,1451.7910682646238,1020.7261142146439,cam_2_1690335491_20-38-11.jpg
648,152,2346.660875987203,208.7555933669777,2763.1552635055623,505.0594732778102,cam_2_1690335551_20-39-11.jpg
648,451,3266.939451428881,315.58329522337397,3791.875520708554,678.872533834168,cam_2_1690335551_20-39-11.jpg
648,467,2613.1140416318626,234.1211885185628,3052.1891073824854,413.62454342953595,cam_2_1690335551_20-39-11.jpg
648,472,2419.6966761058247,412.71666121527375,3280.2061745005635,1035.935131920034,cam_2_1690335551_20-39-11.jpg
648,506,378.6768483471525,204.28686087482802,692.6721103996731,608.925284746109,cam_2_1690335551_20-39-11.jpg
648,521,2106.9355033871225,145.22922624582648,2394.9641615117644,397.3138025002602,cam_2_1690335551_20-39-11.jpg
648,528,2959.6800485044155,475.117125334693,3374.930318912978,708.039603850569,cam_2_1690335551_20-39-11.jpg
648,532,3044.610424231992,423.23265477114813,3450.768023048152,656.9883019046774,cam_2_1690335551_20-39-11.jpg
648,553,3147.2864958567043,398.18679067694234,3573.243461498918,633.9734422352635,cam_2_1690335551_20-39-11.jpg
648,555,2311.1352142916753,139.5057154114914,2610.674564999582,279.13757115080375,cam_2_1690335551_20-39-11.jpg
648,558,813.8364117780584,382.32020854439736,1448.1979342754416,943.2330994745254,cam_2_1690335551_20-39-11.jpg
648,559,705.138529672314,342.961883541797,1574.179404434575,553.3326251031251,cam_2_1690335551_20-39-11.jpg
649,152,2350.298832073204,200.54878924676416,2761.1650331921765,495.4787173054525,cam_2_1690335566_20-39-26.jpg
649,451,3263.008550478249,314.8310330835319,3792.091512343177,680.8751933705144,cam_2_1690335566_20-39-26.jpg
649,467,2604.6837101272195,232.2532845213247,3050.2227000506987,412.29801198352334,cam_2_1690335566_20-39-26.jpg
649,472,2420.5699542582074,409.22808849524216,3281.9495491977095,1042.0926556024704,cam_2_1690335566_20-39-26.jpg
649,506,368.7728992977659,207.27591484662773,671.1517762900048,608.8711366684023,cam_2_1690335566_20-39-26.jpg
649,520,797.0475374383792,229.1257532555483,1116.9257448212672,687.9315803876178,cam_2_1690335566_20-39-26.jpg
649,521,2070.3412401300366,148.93536828811204,2359.980023486839,404.4440700363017,cam_2_1690335566_20-39-26.jpg
649,528,2962.0511136187583,474.7464197291436,3376.132343846143,707.4152138806813,cam_2_1690335566_20-39-26.jpg
649,532,3043.2376386399133,425.3404192578388,3446.6712188697124,656.9129552285003,cam_2_1690335566_20-39-26.jpg
649,553,3148.11191605382,398.8766389013176,3571.59337123331,632.8471715128132,cam_2_1690335566_20-39-26.jpg
649,555,2295.199593340787,141.287009869023,2610.711342068306,289.24661883129386,cam_2_1690335566_20-39-26.jpg
650,152,2362.9956118867676,207.89193494820827,2766.9088280720007,496.7995492827455,cam_2_1690335611_20-40-11.jpg
650,451,3270.090460153685,314.1597324470141,3787.4108901097143,670.719745900583,cam_2_1690335611_20-40-11.jpg
650,467,2610.321933756375,232.69381192374672,3057.4794372789206,411.01365548535887,cam_2_1690335611_20-40-11.jpg
650,472,2429.8469391077147,410.9652384889373,3281.343065566271,1045.0566255227093,cam_2_1690335611_20-40-11.jpg
650,520,857.0376899745366,217.01159802401082,1166.164042482481,664.4806798334752,cam_2_1690335611_20-40-11.jpg
650,521,2084.3919919782074,149.97256979060998,2381.150033219696,406.96661798606067,cam_2_1690335611_20-40-11.jpg
650,528,2977.2832103889177,463.8072630909741,3397.3608983802387,699.1347024482841,cam_2_1690335611_20-40-11.jpg
650,532,3050.486055762603,422.39609361697063,3452.6842400121673,653.7873244554073,cam_2_1690335611_20-40-11.jpg
650,553,3151.550777939154,401.6933190691424,3570.8179177013626,632.7172037420434,cam_2_1690335611_20-40-11.jpg
650,555,2330.299676147273,139.625920267325,2613.325241273779,273.00644531041814,cam_2_1690335611_20-40-11.jpg
650,556,69.72340616295196,216.41594786456005,614.9589252803536,660.6611867829813,cam_2_1690335611_20-40-11.jpg
651,152,2367.233554057525,209.4289215507927,2765.727266236043,495.3927835076788,cam_2_1690335731_20-42-11.jpg
651,451,3265.4660836718404,312.5558979891127,3795.340306143492,676.948728037388,cam_2_1690335731_20-42-11.jpg
651,467,2607.1999872636334,231.50589019706038,3061.358400526713,412.206403820426,cam_2_1690335731_20-42-11.jpg
651,472,2447.3453582515504,414.873299134818,3283.25767116718,1043.8952071181648,cam_2_1690335731_20-42-11.jpg
651,485,2129.695704528386,137.21010465114705,2450.792097684406,376.62068694626555,cam_2_1690335731_20-42-11.jpg
651,520,916.7631540206672,204.20266422824133,1206.5558863692506,628.8103655611159,cam_2_1690335731_20-42-11.jpg
651,528,2967.72242541514,468.23960302481,3387.570091864613,704.0136641326588,cam_2_1690335731_20-42-11.jpg
651,532,3043.9885107907717,423.867972948811,3451.9038046373757,659.0923942837959,cam_2_1690335731_20-42-11.jpg
651,553,3157.4079212861548,403.10066814216884,3572.6849542099662,632.0055004190949,cam_2_1690335731_20-42-11.jpg
651,556,51.1321017428034,219.6077149395513,600.3151475172381,662.3902467965731,cam_2_1690335731_20-42-11.jpg
651,564,693.38553456066,197.64047902816418,933.855842050145,654.2649862429569,cam_2_1690335731_20-42-11.jpg
652,152,2372.0513851519486,212.14348909202585,2766.76849781457,495.81349121467355,cam_2_1690335746_20-42-26.jpg
652,451,3289.352830361884,311.972401257485,3824.398545581105,681.8376944284732,cam_2_1690335746_20-42-26.jpg
652,467,2607.0715178798796,233.07852035258654,3059.0533102027034,412.2069413259866,cam_2_1690335746_20-42-26.jpg
652,472,2452.629934172143,414.5725877144924,3282.525454589691,1043.2144129866294,cam_2_1690335746_20-42-26.jpg
652,485,2127.6772530788826,138.50133254572617,2453.0158615335745,371.1850013725966,cam_2_1690335746_20-42-26.jpg
652,520,938.581827532128,199.95584486193687,1219.771901136019,616.5091309699546,cam_2_1690335746_20-42-26.jpg
652,528,2963.926104761279,471.13403568409154,3381.599695684883,706.1505969247663,cam_2_1690335746_20-42-26.jpg
652,532,3044.775977471906,423.9471657812476,3451.963334020957,659.3803344923981,cam_2_1690335746_20-42-26.jpg
652,545,3246.471157939703,228.18838401301616,3602.4458865050606,378.881809849286,cam_2_1690335746_20-42-26.jpg
652,553,3161.9387828265753,402.98589984909523,3575.7046858862764,631.5856030939958,cam_2_1690335746_20-42-26.jpg
652,556,53.31159164054833,222.55030440146436,601.0696526451673,660.9735366034754,cam_2_1690335746_20-42-26.jpg
652,564,700.1692631924902,194.65662059675662,942.0368304729213,652.2906376744758,cam_2_1690335746_20-42-26.jpg
653,283,2012.9065352847365,464.54838814536316,2400.2597089995197,712.361989724358,cam_2_1690335941_20-45-41.jpg
653,467,2609.161525385307,232.9751973555431,3068.404935087642,413.9735817866051,cam_2_1690335941_20-45-41.jpg
653,472,2527.2223045595792,435.92658655315665,3374.606706106658,1083.5532694802814,cam_2_1690335941_20-45-41.jpg
653,500,2342.361379854923,205.7403252139344,2779.028925324189,545.5644212644399,cam_2_1690335941_20-45-41.jpg
653,520,888.5204058487741,197.2971732081781,1180.0205650398277,630.70189863867,cam_2_1690335941_20-45-41.jpg
653,532,3036.4900529167426,423.96444329496717,3456.2854650813133,667.1218774071383,cam_2_1690335941_20-45-41.jpg
653,553,3142.0247524603506,404.335980604542,3566.056731518817,637.8319544977163,cam_2_1690335941_20-45-41.jpg
654,283,2020.810013214881,463.1183487376204,2401.820976743531,709.5994766767983,cam_2_1690336061_20-47-41.jpg
654,467,2593.0398580698698,231.75862831188024,3067.5585618985474,419.67969568953333,cam_2_1690336061_20-47-41.jpg
654,477,3068.801613952215,668.5660347827682,3801.7443575130847,1336.344761018231,cam_2_1690336061_20-47-41.jpg
654,500,2365.4717505972517,203.77071202913226,2798.989376936964,549.9965607055815,cam_2_1690336061_20-47-41.jpg
654,520,877.6552002122024,196.2764682579851,1169.0368502792066,634.5587195112606,cam_2_1690336061_20-47-41.jpg
654,528,2967.828714189218,485.3229843688992,3357.872596847323,702.183108097147,cam_2_1690336061_20-47-41.jpg
654,532,3053.6364635069494,435.6573033512482,3457.8026941433523,669.6664135939634,cam_2_1690336061_20-47-41.jpg
654,535,2884.4935150724273,504.16815491021055,3247.033154225618,725.0998792403394,cam_2_1690336061_20-47-41.jpg
654,553,3145.6811188723505,411.92941258704826,3565.30946979612,642.3630049909227,cam_2_1690336061_20-47-41.jpg
654,557,2631.8931379710466,516.0875753547163,3109.2125020212807,831.7049905434352,cam_2_1690336061_20-47-41.jpg
655,283,2018.194201633443,462.85025513120956,2398.829852006646,714.0152991811781,cam_2_1690336106_20-48-26.jpg
655,467,2594.588937253875,229.67420413732458,3080.4659894225133,422.4011612553158,cam_2_1690336106_20-48-26.jpg
655,500,2376.1298465743703,206.03431594462828,2796.9894681295195,546.3564570353012,cam_2_1690336106_20-48-26.jpg
655,520,873.366543586625,194.376806036023,1162.7798703581325,634.8029875382756,cam_2_1690336106_20-48-26.jpg
655,528,2966.4774832492217,479.68578299891755,3368.0796737235237,702.8971563237413,cam_2_1690336106_20-48-26.jpg
655,532,3054.5248604012136,433.3254567268065,3453.3556104518157,664.4834370822844,cam_2_1690336106_20-48-26.jpg
655,535,2857.0262596530915,495.9571868856197,3310.424925339587,773.9777485490724,cam_2_1690336106_20-48-26.jpg
655,553,3147.8276398412117,411.9893417091574,3564.8165155214633,640.7320483097674,cam_2_1690336106_20-48-26.jpg
655,557,2647.1532983124557,522.2990127525411,3136.312642524933,841.1865883153059,cam_2_1690336106_20-48-26.jpg
655,558,428.22175750673,206.44373808114705,924.600976388502,649.676592545956,cam_2_1690336106_20-48-26.jpg
655,566,2807.3994026555633,211.33116633177485,3275.3183931410085,389.1708594973403,cam_2_1690336106_20-48-26.jpg
655,568,3260.236463416354,397.01262667341905,3606.4414996253463,583.7088939485943,cam_2_1690336106_20-48-26.jpg
656,283,2016.6431056261192,461.7805626579984,2399.3679342104524,719.3467279227948,cam_2_1690336136_20-48-56.jpg
656,467,2585.078880574284,230.26069949180874,3070.5607672444553,424.10987103258515,cam_2_1690336136_20-48-56.jpg
656,500,2373.1496748606805,203.91521034638106,2797.3211575051064,550.601040137496,cam_2_1690336136_20-48-56.jpg
656,520,871.732394166742,193.63913663099163,1158.5610462516308,635.2931903335466,cam_2_1690336136_20-48-56.jpg
656,528,2963.299700638593,477.1405386676839,3370.639485725611,703.1982449539863,cam_2_1690336136_20-48-56.jpg
656,532,3053.337926168494,433.55582563324856,3448.549262496671,662.5985741246886,cam_2_1690336136_20-48-56.jpg
656,535,2849.949276919287,496.7136042712423,3320.107641376629,785.8555343040334,cam_2_1690336136_20-48-56.jpg
656,553,3146.6685735684923,410.9257543771419,3565.5416247871376,640.2719052044719,cam_2_1690336136_20-48-56.jpg
656,557,2646.8670158846185,522.222270380706,3143.1518848316987,842.303267626774,cam_2_1690336136_20-48-56.jpg
656,558,406.2301334945988,197.23599385469055,897.7737078750167,639.7504749990237,cam_2_1690336136_20-48-56.jpg
656,566,2807.6902704744507,211.60438361126705,3281.027299276057,392.002985111532,cam_2_1690336136_20-48-56.jpg
656,568,3265.4188339535804,397.05601538076377,3617.36723764658,587.2229826106698,cam_2_1690336136_20-48-56.jpg
657,283,2014.9224140980893,462.5814548613496,2397.808610940593,724.7210327602638,cam_2_1690336151_20-49-11.jpg
657,451,3413.5173184212736,275.6808690581125,3794.109001323481,542.6952378129654,cam_2_1690336151_20-49-11.jpg
657,467,2595.8571781380488,230.14292125359094,3080.6614168800684,423.8773403652772,cam_2_1690336151_20-49-11.jpg
657,500,2377.9996442787524,204.07037911900875,2789.4648426100403,541.5646678923076,cam_2_1690336151_20-49-11.jpg
657,520,865.3127122859286,195.53606987268847,1150.8603699346177,638.4447575623527,cam_2_1690336151_20-49-11.jpg
657,528,2961.8350491641286,476.0347410629067,3371.214726304819,703.0729187195125,cam_2_1690336151_20-49-11.jpg
657,532,3057.3066134924998,436.04040306547176,3446.427520274787,661.3298934751904,cam_2_1690336151_20-49-11.jpg
657,535,2847.5092506552255,496.31164607260763,3322.9657871226514,789.2344347324358,cam_2_1690336151_20-49-11.jpg
657,553,3148.9914707691364,411.36776683646934,3566.119998682901,639.3432560659662,cam_2_1690336151_20-49-11.jpg
657,557,2647.70984019308,522.9558607102174,3148.8972053038415,842.9451098303362,cam_2_1690336151_20-49-11.jpg
657,558,400.3740144981374,195.71680239355783,885.4823669250873,635.3080899019244,cam_2_1690336151_20-49-11.jpg
657,566,2808.560671257592,210.92060875721648,3289.665821083137,395.11533947104465,cam_2_1690336151_20-49-11.jpg
657,568,3257.6368325266703,395.11110897218754,3612.845137703475,587.5736314087469,cam_2_1690336151_20-49-11.jpg
657,570,3779.4897447971603,341.0259388518449,4213.6412916299705,638.9619048643857,cam_2_1690336151_20-49-11.jpg
658,283,2017.7785774166975,462.21031493400824,2391.5762582065763,720.6001583810901,cam_2_1690336181_20-49-41.jpg
658,432,2586.795312332273,219.80875711990467,2971.419327792636,415.14319536639243,cam_2_1690336181_20-49-41.jpg
658,451,3456.6739649627784,292.8059569097691,3846.966529301722,579.9257627640889,cam_2_1690336181_20-49-41.jpg
658,500,2371.8091586683163,205.73815590349648,2781.807485227883,546.6968695289742,cam_2_1690336181_20-49-41.jpg
658,520,867.4875563141236,197.72644004881283,1154.1158097598545,643.8314957155887,cam_2_1690336181_20-49-41.jpg
658,528,2959.011053279052,475.011415719887,3370.2098360628233,703.0968030499708,cam_2_1690336181_20-49-41.jpg
658,532,3057.2966935655913,434.8692058393593,3447.8260122952024,661.0834028552712,cam_2_1690336181_20-49-41.jpg
658,535,2844.1703611529965,493.9853481073095,3321.1752370252593,788.805486926811,cam_2_1690336181_20-49-41.jpg
658,553,3147.623994306638,411.8948745213933,3566.2523202561515,640.3814693142374,cam_2_1690336181_20-49-41.jpg
658,557,2644.3322342825745,523.6684049072131,3150.45881288435,843.9163603275715,cam_2_1690336181_20-49-41.jpg
658,558,373.89746733310625,197.1353147229254,861.8707858414273,648.8135059198676,cam_2_1690336181_20-49-41.jpg
658,566,2791.149398457567,211.8147855218116,3263.032493048501,394.1116589513166,cam_2_1690336181_20-49-41.jpg
658,568,3263.138342531956,396.43514857580305,3623.108314948424,592.228299656832,cam_2_1690336181_20-49-41.jpg
659,283,2019.7674822103272,461.9862670472794,2391.000614990293,720.7955212838008,cam_2_1690336256_20-50-56.jpg
659,451,3459.0293936064018,362.3162807719707,3891.402412102506,690.4310266227706,cam_2_1690336256_20-50-56.jpg
659,467,2592.133383424269,232.80442208595548,3059.744981612262,419.874450081596,cam_2_1690336256_20-50-56.jpg
659,500,2379.130502296021,207.28758567091572,2787.9923849260867,549.5108791325401,cam_2_1690336256_20-50-56.jpg
659,520,864.854794023368,193.53128764003623,1153.5091417795215,644.255227342954,cam_2_1690336256_20-50-56.jpg
659,528,2959.998101386085,476.76351161043925,3371.8848724342006,704.6834011358754,cam_2_1690336256_20-50-56.jpg
659,532,3055.2950570739677,435.9264182012621,3446.6538126121873,662.4275048523727,cam_2_1690336256_20-50-56.jpg
659,535,2834.6721295662924,492.05278703985124,3319.1312156793633,791.0833487974589,cam_2_1690336256_20-50-56.jpg
659,553,3144.012761114512,411.23302551987985,3562.1553597745824,638.8787716023477,cam_2_1690336256_20-50-56.jpg
659,557,2630.306685836218,517.5629262903199,3149.5556119969524,843.6395942842544,cam_2_1690336256_20-50-56.jpg
659,564,557.3078484882155,210.62470760129213,801.8323104011233,661.5551081242686,cam_2_1690336256_20-50-56.jpg
659,566,2790.0548752672257,213.58056650495,3192.3721408090355,370.75739175369176,cam_2_1690336256_20-50-56.jpg
659,568,3277.480302442408,393.02811840703623,3603.9747496954633,571.7143268206953,cam_2_1690336256_20-50-56.jpg
660,283,2021.3681400440946,462.0474296575687,2388.4435959503526,719.4410076346476,cam_2_1690336286_20-51-26.jpg
660,467,2590.103689559593,230.14459713608767,3067.0393700793397,420.7648881711625,cam_2_1690336286_20-51-26.jpg
660,500,2372.939920001154,206.93720679916663,2784.766457430857,555.1376196996239,cam_2_1690336286_20-51-26.jpg
660,520,864.6138740031602,193.1975068267113,1151.7970301028186,642.0418502872013,cam_2_1690336286_20-51-26.jpg
660,528,2947.280823192795,469.48342478023267,3340.40112364003,684.7405379354208,cam_2_1690336286_20-51-26.jpg
660,532,3082.8412830767575,437.03505420257545,3400.8712347629425,617.5888056881229,cam_2_1690336286_20-51-26.jpg
660,535,2831.3150310133865,494.38260804752724,3313.483794140304,792.5809697791725,cam_2_1690336286_20-51-26.jpg
660,553,3161.6072747950984,408.48861228227264,3505.8126148566494,591.4341964615732,cam_2_1690336286_20-51-26.jpg
660,557,2640.130620242122,520.8103503707528,3154.627724414037,842.305267775947,cam_2_1690336286_20-51-26.jpg
660,564,547.9190748001708,209.55676162892513,799.9343025574891,664.1404202096558,cam_2_1690336286_20-51-26.jpg
660,566,2781.407206523877,214.25815686258858,3147.620708937808,358.13389343412257,cam_2_1690336286_20-51-26.jpg
660,568,3308.551572789126,378.80298563738467,3592.6472270089303,534.084618597483,cam_2_1690336286_20-51-26.jpg
660,573,3466.9388068770554,231.7586516333339,3620.9541065721874,457.1131899890554,cam_2_1690336286_20-51-26.jpg
661,283,2025.5431541130006,460.6292629359395,2389.9226226509413,717.1638887760264,cam_2_1690336376_20-52-56.jpg
661,432,2601.1855639971327,225.99108829839565,2998.015666166446,423.40794286818857,cam_2_1690336376_20-52-56.jpg
661,472,2862.740467767676,514.2293751419429,3546.287995425064,1026.9210564948899,cam_2_1690336376_20-52-56.jpg
661,500,2377.654565320992,207.47006900819687,2784.807755952281,552.2681434492657,cam_2_1690336376_20-52-56.jpg
661,520,865.2176775944142,193.31870216952356,1152.9054816660387,644.325818462993,cam_2_1690336376_20-52-56.jpg
661,553,3143.651488863433,378.67248410293655,3545.1599382367804,588.4793003033121,cam_2_1690336376_20-52-56.jpg
661,557,2639.707366090542,504.7122453866061,3103.5902828729922,793.1416658235792,cam_2_1690336376_20-52-56.jpg
661,564,532.1496008122892,204.92048588530685,792.7394588595901,667.1972858743936,cam_2_1690336376_20-52-56.jpg
661,566,2787.9899810687443,213.36704816767752,3150.744767213728,356.3263516300024,cam_2_1690336376_20-52-56.jpg
661,573,3465.3742685362404,231.2493283701043,3618.2952167236695,455.7656294854547,cam_2_1690336376_20-52-56.jpg
662,283,2028.0422689002035,459.35031520055156,2389.66401433217,714.8149053597344,cam_2_1690336451_20-54-11.jpg
662,430,2571.213493401545,413.0146591953735,3213.6103599436155,1041.3879067381179,cam_2_1690336451_20-54-11.jpg
662,467,2588.37153901587,227.61138570845696,3046.6114370560326,410.6389277179318,cam_2_1690336451_20-54-11.jpg
662,500,2378.7622322711045,204.12228014517538,2769.407152322924,535.3046913004888,cam_2_1690336451_20-54-11.jpg
662,520,868.8785215089335,194.81541846016285,1155.2037574523124,644.605062316815,cam_2_1690336451_20-54-11.jpg
662,564,525.5159429354173,202.84521545485396,794.6437689184188,669.0968767358279,cam_2_1690336451_20-54-11.jpg
662,573,3460.5168879722037,228.89372306256774,3619.729078603295,462.9109654825297,cam_2_1690336451_20-54-11.jpg
662,575,2848.29036456603,350.14670818279166,3692.5537027404876,728.7902040873753,cam_2_1690336451_20-54-11.jpg
663,283,2028.2581287866494,459.47464170651335,2388.3423298703337,714.6214483490635,cam_2_1690336481_20-54-41.jpg
663,430,2567.8622935450485,403.90534265093083,3218.4876557248517,1029.536203902005,cam_2_1690336481_20-54-41.jpg
663,432,2607.8613505430003,226.84171753027775,2984.590067279655,411.9500023718041,cam_2_1690336481_20-54-41.jpg
663,500,2386.554635902489,205.36328322894627,2757.943046387978,518.3672949364902,cam_2_1690336481_20-54-41.jpg
663,520,867.2484496673748,195.86594374732704,1151.9162665855774,641.8259005823762,cam_2_1690336481_20-54-41.jpg
663,564,523.1877957082022,203.68797387489974,798.4590496474084,669.9480358165366,cam_2_1690336481_20-54-41.jpg
663,573,3460.510635309762,228.24631651396433,3623.8187461661614,468.60942875950207,cam_2_1690336481_20-54-41.jpg
663,575,2789.355549169523,346.70791916365624,3765.8453948546703,791.5786374181314,cam_2_1690336481_20-54-41.jpg
664,283,2029.4156637662895,458.8877342755094,2389.167176739235,714.6650088333437,cam_2_1690336586_20-56-26.jpg
664,430,2575.4454109959597,401.521821012802,3230.615044690193,1022.6382166257746,cam_2_1690336586_20-56-26.jpg
664,432,2590.4713040972247,222.42419449415218,2977.6420584968523,410.3107685930363,cam_2_1690336586_20-56-26.jpg
664,472,2986.0414811551336,372.8496333587555,3587.7229792822227,824.682444939694,cam_2_1690336586_20-56-26.jpg
664,500,2379.613393213952,206.1187174556999,2744.98840222794,515.0220500699651,cam_2_1690336586_20-56-26.jpg
664,520,863.9134898312715,195.67651178574553,1149.0535298099092,640.2264593229754,cam_2_1690336586_20-56-26.jpg
664,564,484.28462821481423,201.71579803690076,767.4263143690861,670.1399542626449,cam_2_1690336586_20-56-26.jpg
664,573,3456.5649695166903,226.96362949146027,3620.0364034675913,467.71600848229906,cam_2_1690336586_20-56-26.jpg
665,283,2028.3523898060791,460.07604842592184,2388.216579390327,716.7707860357833,cam_2_1690336616_20-56-56.jpg
665,430,2562.3987132723873,402.1728283952922,3223.225445728143,1018.9570218633004,cam_2_1690336616_20-56-56.jpg
665,432,2576.8889302068837,221.00529523747912,2966.417853071314,410.25805438220857,cam_2_1690336616_20-56-56.jpg
665,472,3001.0163103739906,356.43871605885323,3589.692837327034,798.1382434532834,cam_2_1690336616_20-56-56.jpg
665,500,2383.913121345989,205.3927214183593,2740.964746030854,506.62238647594745,cam_2_1690336616_20-56-56.jpg
665,520,864.3389372228828,195.44984632706428,1150.423161482719,640.511515781174,cam_2_1690336616_20-56-56.jpg
665,564,465.1244282204256,233.8867294234493,746.6956937859422,689.3430262087393,cam_2_1690336616_20-56-56.jpg
665,573,3462.0582686360954,232.51620069293912,3622.3342775497617,469.0508282960524,cam_2_1690336616_20-56-56.jpg
666,283,2027.3281127803048,460.7701619485996,2388.4015424037498,719.4274246617438,cam_2_1690336706_20-58-26.jpg
666,430,2562.6063480359903,401.9301361796854,3227.7828392175716,1021.1083478606927,cam_2_1690336706_20-58-26.jpg
666,432,2541.1828330984627,215.75653782670148,2929.105216299232,406.77711450854963,cam_2_1690336706_20-58-26.jpg
666,472,3068.443699214167,366.7514052348152,3662.516446452839,803.6506371032688,cam_2_1690336706_20-58-26.jpg
666,500,2364.044979609981,199.0616032347463,2737.6604206110737,517.4129445204887,cam_2_1690336706_20-58-26.jpg
666,520,845.2486975237506,196.28662586669634,1133.7294550619708,641.1062433853216,cam_2_1690336706_20-58-26.jpg
666,558,199.1300265055751,201.84917717457674,682.6259562993318,661.5855290996311,cam_2_1690336706_20-58-26.jpg
666,573,3465.657228460815,231.26239300370014,3612.542736209095,445.60448074072144,cam_2_1690336706_20-58-26.jpg
667,152,2247.282796171738,241.3237795078696,2651.492145272115,538.88146876008,cam_2_1690336841_21-00-41.jpg
667,283,2041.6560177310394,468.2659381173112,2392.714330845786,718.8340527492476,cam_2_1690336841_21-00-41.jpg
667,430,2534.2365157366294,402.30941438051053,3207.0807668156085,1020.4417805807384,cam_2_1690336841_21-00-41.jpg
667,472,3104.723979912772,377.11383464566933,3704.5772297262747,808.5803558495559,cam_2_1690336841_21-00-41.jpg
667,485,1943.7431588875065,221.9090116597631,2294.307901876672,477.74742583863315,cam_2_1690336841_21-00-41.jpg
667,508,2665.2721804009166,200.81805441178716,3010.6136538510827,419.13687439845665,cam_2_1690336841_21-00-41.jpg
667,520,831.0384724747283,188.2903016685157,1125.5342928038062,643.7910445600601,cam_2_1690336841_21-00-41.jpg
667,573,3449.819653071337,229.71539003797085,3594.4410028298907,433.03785949332587,cam_2_1690336841_21-00-41.jpg
667,576,2869.9728918296582,214.59575017588102,3187.1929665729053,405.3909252761306,cam_2_1690336841_21-00-41.jpg
668,152,2195.8116121914245,254.98146552438186,2626.2848213338657,570.4102964225458,cam_2_1690337126_21-05-26.jpg
668,283,2041.2504940900926,471.3459582484985,2388.4027437573877,718.5708010130935,cam_2_1690337126_21-05-26.jpg
668,430,2559.1875144481937,404.7486044690121,3224.030594583909,1012.5786861500516,cam_2_1690337126_21-05-26.jpg
668,472,3153.868848868575,382.07492279720805,3692.0915899583606,752.5461915215622,cam_2_1690337126_21-05-26.jpg
668,520,872.4529966466395,191.85811978428342,1163.870267010127,646.050406540572,cam_2_1690337126_21-05-26.jpg
668,566,2814.160578809674,212.27083064082495,3239.715943266394,380.16869412313997,cam_2_1690337126_21-05-26.jpg
668,570,3378.4046421691755,579.3525926295197,4079.021294862869,1069.7526031243633,cam_2_1690337126_21-05-26.jpg
668,573,3437.7234068206785,230.11288722286665,3586.9413052743444,429.5260216132011,cam_2_1690337126_21-05-26.jpg
669,283,2033.8026778389674,466.8174539098784,2385.5627721366254,718.0748759350231,cam_2_1690337396_21-09-56.jpg
669,520,927.4018427363524,190.75237544285403,1206.2326307088824,626.7594755763972,cam_2_1690337396_21-09-56.jpg
669,532,3080.1406462068812,445.9215808863015,3476.648004940344,674.3408845477177,cam_2_1690337396_21-09-56.jpg
669,553,3153.4799988446143,410.16691802607016,3581.9718853157538,637.6341462297378,cam_2_1690337396_21-09-56.jpg
669,557,2524.0674682482863,416.53469005680967,3214.63269797284,848.2747958799996,cam_2_1690337396_21-09-56.jpg
669,566,2817.012240290465,215.2693753517661,3266.724678114291,393.9902014621235,cam_2_1690337396_21-09-56.jpg
669,568,3279.8318352341666,402.37352217884444,3614.3514804831016,586.7629412058807,cam_2_1690337396_21-09-56.jpg
669,573,3404.1454663331506,231.38074276840592,3576.3656153904085,452.3049521412348,cam_2_1690337396_21-09-56.jpg
670,283,2039.8750776815448,465.95318464469113,2399.4689470246685,721.0576797071983,cam_2_1690337636_21-13-56.jpg
670,430,2557.594845233556,413.1287440495253,3176.9382472726384,961.273387143839,cam_2_1690337636_21-13-56.jpg
670,520,954.0061254723661,192.40597981509273,1226.1541511288476,619.573796167818,cam_2_1690337636_21-13-56.jpg
670,532,3072.2928144781167,444.571248479249,3471.353994274274,677.6099539498026,cam_2_1690337636_21-13-56.jpg
670,553,3152.6801991898437,411.7234626632009,3581.0490181728765,640.7069265789362,cam_2_1690337636_21-13-56.jpg
670,566,2792.850958464739,215.25483692686186,3234.3409967953207,395.21617871501354,cam_2_1690337636_21-13-56.jpg
670,568,3270.960794228995,399.67032269522394,3608.875526721568,585.665112954496,cam_2_1690337636_21-13-56.jpg
671,283,2042.260625276749,467.3059037166469,2403.6299200099747,721.9189817554934,cam_2_1690337816_21-16-56.jpg
671,430,2528.923741820013,506.2186589592014,3038.6442705052855,938.5310843795778,cam_2_1690337816_21-16-56.jpg
671,528,2930.341368145424,463.4988461495998,3353.0596728833802,693.5638955696454,cam_2_1690337816_21-16-56.jpg
671,532,3065.953882112412,444.64704138302994,3460.7097188514567,676.8125248747633,cam_2_1690337816_21-16-56.jpg
671,535,2848.056825590206,514.9398248010975,3313.131132351647,801.1558004214787,cam_2_1690337816_21-16-56.jpg
671,553,3151.5583411938624,412.9023299086818,3577.2915642458593,642.1344127298171,cam_2_1690337816_21-16-56.jpg
671,568,3275.414923629279,400.1747692603254,3609.5265189161123,585.467202667012,cam_2_1690337816_21-16-56.jpg
671,576,2839.515616956004,210.90289532757228,3143.7467402214547,392.5535599541828,cam_2_1690337816_21-16-56.jpg
672,283,2051.2891645124428,468.7303368696206,2414.684482538102,720.8085321499586,cam_2_1690337951_21-19-11.jpg
672,430,2516.365598804038,539.9289433547385,2992.647742534716,929.7257190465871,cam_2_1690337951_21-19-11.jpg
672,508,2609.287341463998,125.66280285742484,2938.5103624197413,332.2865493266369,cam_2_1690337951_21-19-11.jpg
672,528,2923.9341966572138,461.9785866776459,3352.216121791771,693.3115052879576,cam_2_1690337951_21-19-11.jpg
672,532,3068.152501423473,442.7170524512202,3461.091044869579,675.5416640988806,cam_2_1690337951_21-19-11.jpg
672,535,2856.1197783568036,520.6445467715205,3310.478441793826,797.7869512083286,cam_2_1690337951_21-19-11.jpg
672,553,3149.4589138719653,411.38075609806157,3577.0059035730433,643.1225362954974,cam_2_1690337951_21-19-11.jpg
672,568,3278.864818154108,400.9059289108841,3607.4653249406674,584.2515537774393,cam_2_1690337951_21-19-11.jpg
672,576,2856.3585480541574,211.52506578019066,3173.296080026427,398.23922140289335,cam_2_1690337951_21-19-11.jpg
672,579,3505.9284115291007,684.6792655366985,4001.3630937095413,1356.9897411771826,cam_2_1690337951_21-19-11.jpg
673,283,2047.8896112742318,469.33317995403047,2412.828744811834,720.4024172434218,cam_2_1690338056_21-20-56.jpg
673,430,2509.4542427079878,548.4775694011614,2989.5040060358465,931.768898159216,cam_2_1690338056_21-20-56.jpg
673,472,3147.6834079037335,320.5693017010221,3714.795100280128,712.5467267044526,cam_2_1690338056_21-20-56.jpg
673,528,2921.5234207742105,461.49083479386553,3349.2207389057407,691.2665671537745,cam_2_1690338056_21-20-56.jpg
673,532,3078.7651395916673,451.40210764614454,3452.494874862339,673.2289115964201,cam_2_1690338056_21-20-56.jpg
673,535,2847.4308663585452,519.0985990363456,3307.8840402986193,796.8256844415255,cam_2_1690338056_21-20-56.jpg
673,548,2522.5544859587667,128.7907951655169,2846.53396507766,345.55490407341284,cam_2_1690338056_21-20-56.jpg
673,576,2848.9541673781064,211.4234401967637,3171.7897020307673,399.40799607659403,cam_2_1690338056_21-20-56.jpg
673,579,3526.9817847421446,668.8665634256718,4020.690464247852,1344.5290124663593,cam_2_1690338056_21-20-56.jpg
673,580,2706.16106878397,532.9672285605657,3170.3488183136233,842.8835254342299,cam_2_1690338056_21-20-56.jpg
673,581,3308.1832370087827,213.76096260710847,3544.992778675593,362.5604444335056,cam_2_1690338056_21-20-56.jpg
674,152,2121.1756775749654,242.55965876041492,2503.5058083737895,520.8047031217395,cam_2_1690338461_21-27-41.jpg
674,283,2033.3516646339303,476.01897040323945,2403.2382556698476,724.7494691172201,cam_2_1690338461_21-27-41.jpg
674,430,2502.656398939089,548.255632032194,2994.2714486612917,932.908004370521,cam_2_1690338461_21-27-41.jpg
674,451,3496.284328286579,306.7951783848015,3937.3196210940037,655.559512014768,cam_2_1690338461_21-27-41.jpg
674,472,3151.5118698788165,323.7583303700414,3714.2519043832835,713.7419894338291,cam_2_1690338461_21-27-41.jpg
674,528,2911.8391225284104,458.95911461673666,3347.596007725176,690.5992461401411,cam_2_1690338461_21-27-41.jpg
674,532,3085.475871278404,456.48751348030316,3449.584414089236,672.878196183935,cam_2_1690338461_21-27-41.jpg
674,535,2856.325099008207,529.4971410836358,3307.234031686456,797.8331763732701,cam_2_1690338461_21-27-41.jpg
674,580,2714.3727758565637,540.3634096526223,3168.5283113289856,843.3048662828759,cam_2_1690338461_21-27-41.jpg
675,152,2125.0322885808346,240.25590412509987,2500.3596435419427,513.7757437006339,cam_2_1690338506_21-28-26.jpg
675,283,2030.5413557871245,478.1905959997188,2406.5184859649185,725.8742956412842,cam_2_1690338506_21-28-26.jpg
675,430,2512.8195625769526,558.8270839917707,3001.1391310044446,934.5514155680177,cam_2_1690338506_21-28-26.jpg
675,451,3558.1087283293386,352.05183689525086,3995.460923976369,721.4620547567224,cam_2_1690338506_21-28-26.jpg
675,472,3149.7069559426495,328.6887657573916,3710.729885721833,717.6875466975987,cam_2_1690338506_21-28-26.jpg
675,528,2910.3831811474015,459.4610572207138,3353.0912132279827,693.4817928301242,cam_2_1690338506_21-28-26.jpg
675,532,3086.6283740080685,458.4025082931429,3450.4231151740046,674.7730896149284,cam_2_1690338506_21-28-26.jpg
675,535,2851.6797100996664,530.6451565743248,3308.507940801456,800.3841120943009,cam_2_1690338506_21-28-26.jpg
675,580,2711.4812653957106,540.5334668828999,3167.541144397051,844.4030264256705,cam_2_1690338506_21-28-26.jpg
676,152,2103.780686222924,246.78548433190448,2478.4052171276594,522.8849709162253,cam_2_1690338521_21-28-41.jpg
676,283,2024.032906954468,477.1038677137238,2411.1046154441565,727.8745200787964,cam_2_1690338521_21-28-41.jpg
676,430,2503.1613017162053,559.7114429525664,3000.136154948004,935.2133917991415,cam_2_1690338521_21-28-41.jpg
676,451,3586.1865221704224,370.05113896849207,4009.8978146718864,746.4881694149524,cam_2_1690338521_21-28-41.jpg
676,472,3150.7332534602538,329.53337299750115,3712.1149456306744,718.7983849553857,cam_2_1690338521_21-28-41.jpg
676,528,2901.44552760091,457.42735168734885,3351.482133108966,692.8485130098036,cam_2_1690338521_21-28-41.jpg
676,532,3086.850473411008,456.83870367417114,3449.689729273336,672.9433370188738,cam_2_1690338521_21-28-41.jpg
676,535,2856.323522071366,536.5654560321968,3308.3316902802367,800.8617931249091,cam_2_1690338521_21-28-41.jpg
676,580,2716.1758111340705,544.8239571273268,3168.723683113916,846.11718563511,cam_2_1690338521_21-28-41.jpg
677,152,2080.95056228685,250.44706676435123,2460.7687098506635,523.0611594691213,cam_2_1690338551_21-29-11.jpg
677,283,2019.7759810069858,478.3598929949928,2410.780735033863,727.740552871873,cam_2_1690338551_21-29-11.jpg
677,430,2503.263325248628,557.0780756404386,3010.6893422850962,936.5172702269786,cam_2_1690338551_21-29-11.jpg
677,451,3501.7209301862554,312.6269906723802,3930.855877877755,692.8441594418922,cam_2_1690338551_21-29-11.jpg
677,472,3146.601994293568,326.442272937899,3715.4502837791633,722.087594902843,cam_2_1690338551_21-29-11.jpg
677,528,2909.6301269197165,459.0387390829944,3355.9295076474646,691.774602869664,cam_2_1690338551_21-29-11.jpg
677,532,3085.373341683263,457.4842383180791,3448.6736376365848,674.4547103033062,cam_2_1690338551_21-29-11.jpg
677,535,2854.3000753276624,533.195686865203,3315.3198781929323,801.6407350726518,cam_2_1690338551_21-29-11.jpg
677,580,2713.0553472492893,543.7761786167723,3169.8945107202453,848.0570233288693,cam_2_1690338551_21-29-11.jpg
678,152,2065.763046614476,250.71914757148127,2453.366983605279,522.4196581954876,cam_2_1690338566_21-29-26.jpg
678,283,2020.8060626252677,477.533002977848,2416.663653878914,726.6876416476736,cam_2_1690338566_21-29-26.jpg
678,430,2503.2777649544987,555.4716101298693,3016.608486941684,936.1222040569919,cam_2_1690338566_21-29-26.jpg
678,451,3481.103063031576,306.16183531109033,3898.4856384664727,671.4282468348663,cam_2_1690338566_21-29-26.jpg
678,472,3154.363404851497,327.98007035606213,3717.2889339520816,720.8758908786738,cam_2_1690338566_21-29-26.jpg
678,528,2905.3297105690112,458.1216494047325,3357.399489575887,692.8416808072986,cam_2_1690338566_21-29-26.jpg
678,532,3090.593232694564,458.555738106033,3449.6007575579015,673.5171314709544,cam_2_1690338566_21-29-26.jpg
678,535,2852.6492405282415,533.5933313488229,3316.277081208703,802.0964922666656,cam_2_1690338566_21-29-26.jpg
678,579,3784.3341561321454,585.1798171711296,4043.6446658363993,933.828430717998,cam_2_1690338566_21-29-26.jpg
678,580,2715.235930755107,545.6560766942653,3166.4186303125243,845.7636806071594,cam_2_1690338566_21-29-26.jpg
679,283,2019.8341935270257,476.8978935226077,2422.2805241330875,728.0822480635045,cam_2_1690338671_21-31-11.jpg
679,430,2502.2698671257635,560.3524480424579,3014.643121304359,935.5416092295061,cam_2_1690338671_21-31-11.jpg
679,472,3204.9889311501115,328.72506698822167,3630.349770443159,603.2371954994401,cam_2_1690338671_21-31-11.jpg
679,485,1725.9103657201915,264.4547317200381,2228.600111415839,624.5689647804434,cam_2_1690338671_21-31-11.jpg
679,528,2916.7864923055567,452.0019562687401,3340.8774592706604,669.0606170137803,cam_2_1690338671_21-31-11.jpg
679,532,3111.9152542153415,440.7216821890875,3397.6887436956517,606.4938881246094,cam_2_1690338671_21-31-11.jpg
679,535,2850.9040325924307,533.366180389959,3316.759449181055,800.0279639210789,cam_2_1690338671_21-31-11.jpg
679,580,2716.444204733648,545.9033178682583,3169.604608682068,846.988484170792,cam_2_1690338671_21-31-11.jpg
680,283,2012.9465204671362,478.4372669440129,2417.967942322216,728.9416727846417,cam_2_1690338776_21-32-56.jpg
680,472,3148.3866196582258,326.3525922094643,3713.7343490462777,696.0729746287905,cam_2_1690338776_21-32-56.jpg
680,477,2628.4318931804432,612.4559878038584,3312.959146562209,1194.2397799182982,cam_2_1690338776_21-32-56.jpg
680,485,1725.236532388883,270.29531994367267,2236.076463622705,624.598540945683,cam_2_1690338776_21-32-56.jpg
680,528,2913.150114416002,453.5323528287838,3330.1885173198984,662.0744507462812,cam_2_1690338776_21-32-56.jpg
680,553,3090.306060328393,458.4683140461477,3471.4691320617558,669.5157992186864,cam_2_1690338776_21-32-56.jpg
680,557,2452.5013908484966,546.4504691276813,2914.6234912139926,837.886973961213,cam_2_1690338776_21-32-56.jpg
680,580,2739.588373986695,535.0802134910059,3072.709319466507,752.0808663131018,cam_2_1690338776_21-32-56.jpg
681,283,2031.0441507620574,475.01799355177457,2364.6156066977164,672.8291759613206,cam_2_1690339046_21-37-26.jpg
681,477,2545.517188746556,521.0115385396674,3315.3652866988296,1175.8232843227079,cam_2_1690339046_21-37-26.jpg
681,485,1719.533556092233,278.28249331544674,2228.200330368006,622.0710736077979,cam_2_1690339046_21-37-26.jpg
681,528,2808.515304485364,425.14835442417984,3395.2933568775293,723.5829467041387,cam_2_1690339046_21-37-26.jpg
681,553,3137.3209070588387,429.1743599968223,3549.3447433447354,659.3478214492143,cam_2_1690339046_21-37-26.jpg
681,566,2896.272812833943,204.00028243804334,3373.2487919635932,401.74026109658564,cam_2_1690339046_21-37-26.jpg
681,568,3251.3784115168023,394.9339956807598,3605.031688290777,591.1161947052165,cam_2_1690339046_21-37-26.jpg
682,283,2030.8170170124395,473.67187278782546,2341.839851697663,652.7050413489493,cam_2_1690339061_21-37-41.jpg
682,477,2465.0684459937756,495.7083347589133,3277.050905618867,1174.3608546291123,cam_2_1690339061_21-37-41.jpg
682,485,1583.5542666077536,284.59564080293313,2103.775448578381,620.722795056784,cam_2_1690339061_21-37-41.jpg
682,553,3152.6924675514388,421.12170949181876,3570.339732996668,656.135283802935,cam_2_1690339061_21-37-41.jpg
682,566,2910.0671959327433,202.03718459190878,3390.8074308587848,407.05539350543233,cam_2_1690339061_21-37-41.jpg
682,568,3250.9497351804716,395.5121883036627,3605.3000875380685,591.8828969802667,cam_2_1690339061_21-37-41.jpg
683,283,2041.8068900028466,474.6528259672013,2330.9681967513834,634.8860665200848,cam_2_1690339181_21-39-41.jpg
683,477,2499.6768086487427,481.3142136913267,3332.155721629051,1203.226537029861,cam_2_1690339181_21-39-41.jpg
683,508,2584.7237702658667,183.30371560822624,2943.213035080388,404.12862672613,cam_2_1690339181_21-39-41.jpg
683,528,2698.1390966517483,412.96783672261836,3402.0603857350216,772.4782112015209,cam_2_1690339181_21-39-41.jpg
683,553,3157.6923900613283,417.5500895530942,3578.402681296279,655.7502343787221,cam_2_1690339181_21-39-41.jpg
683,568,3252.9973993784806,394.98736098236145,3609.5180096567583,592.7485342294424,cam_2_1690339181_21-39-41.jpg
683,589,1813.554216013671,569.5492084150469,2907.3647096164777,1287.8135015378361,cam_2_1690339181_21-39-41.jpg
684,283,2050.786237161254,470.77362719569055,2329.0576718819807,619.315807113059,cam_2_1690339481_21-44-41.jpg
684,477,2489.5344174805264,436.4344052334154,3207.7675720982525,1015.2645367987295,cam_2_1690339481_21-44-41.jpg
684,520,955.8836730623973,290.74440049543387,1274.5097651605583,788.3082989874092,cam_2_1690339481_21-44-41.jpg
684,553,3151.1142600580383,409.8872114730088,3575.155893047801,649.8656580315129,cam_2_1690339481_21-44-41.jpg
684,558,79.6707530028057,206.6787902003257,578.8135813536708,661.1088800779654,cam_2_1690339481_21-44-41.jpg
684,568,3259.9368168068245,395.52635225443817,3615.1612393668443,592.844071738424,cam_2_1690339481_21-44-41.jpg
684,570,3126.8963033670416,640.6271270495661,3923.573702668648,1182.7802672955063,cam_2_1690339481_21-44-41.jpg
684,589,1762.1257153252886,562.2960258973621,2840.163038850329,1269.6181627388758,cam_2_1690339481_21-44-41.jpg
685,283,2058.5584488338995,472.3751205605223,2347.9292060397165,624.6804823430786,cam_2_1690339526_21-45-26.jpg
685,477,2481.797428875103,419.27112438877816,3160.534876047644,934.2439549736673,cam_2_1690339526_21-45-26.jpg
685,520,980.5379474057439,299.36803486887567,1287.9925572927086,793.6115046847283,cam_2_1690339526_21-45-26.jpg
685,553,3155.8333979031117,407.8203346914571,3572.9340281407462,643.8694549260649,cam_2_1690339526_21-45-26.jpg
685,558,70.55228928932351,207.33455510490745,580.0289509205738,657.8440457398399,cam_2_1690339526_21-45-26.jpg
685,568,3254.5504039138295,394.08474486686544,3610.3106144140174,591.5425594718249,cam_2_1690339526_21-45-26.jpg
685,570,3128.521991513983,629.4388158369088,3935.005272750866,1169.5512590128988,cam_2_1690339526_21-45-26.jpg
685,589,1688.1307232215968,552.7562643048504,2810.8363118671405,1292.6599728667604,cam_2_1690339526_21-45-26.jpg
686,283,2051.557470009364,469.8351883448081,2342.4554053002676,619.8555818874368,cam_2_1690339616_21-46-56.jpg
686,477,2468.640782706637,423.83115234016407,3159.3716320117296,922.3811673660955,cam_2_1690339616_21-46-56.jpg
686,520,985.6197743524182,300.247882314979,1289.9058993774124,801.7393805435017,cam_2_1690339616_21-46-56.jpg
686,553,3160.993736355683,409.5881577587724,3577.966870560267,646.6451770527995,cam_2_1690339616_21-46-56.jpg
686,558,67.80054212368748,204.82203715241985,590.5762262055814,657.7607992780365,cam_2_1690339616_21-46-56.jpg
686,568,3256.449541783971,395.22820212717573,3610.4624961002623,591.184138089199,cam_2_1690339616_21-46-56.jpg
686,570,3330.391236998091,636.979560864233,4079.9827285776732,1174.8514852118112,cam_2_1690339616_21-46-56.jpg
686,589,1681.782702064695,549.7439468092174,2772.620526218073,1270.388206960849,cam_2_1690339616_21-46-56.jpg
687,283,2019.2197221688693,468.7181776004778,2434.9527524692076,688.2952906221615,cam_2_1690339901_21-51-41.jpg
687,451,3538.1179316644034,250.52264815504188,3823.1738686183653,511.6535635293294,cam_2_1690339901_21-51-41.jpg
687,477,2462.162163983703,430.0876179383945,3158.4581325192107,910.7284391176049,cam_2_1690339901_21-51-41.jpg
687,520,982.6943755857147,311.0768859112418,1284.751518854198,812.6604129464899,cam_2_1690339901_21-51-41.jpg
687,553,3154.2623164602132,410.09204927884656,3576.328566980055,650.4102920957873,cam_2_1690339901_21-51-41.jpg
687,568,3248.745970260344,393.14543682416746,3608.3380412916863,591.6915672080297,cam_2_1690339901_21-51-41.jpg
688,152,2047.9052129544955,461.35689814374126,2413.1270028305385,716.1467205055941,cam_2_1690339961_21-52-41.jpg
688,451,3495.1989636498247,246.05227834913006,3753.470627518816,487.66410401067543,cam_2_1690339961_21-52-41.jpg
688,477,2460.077524213464,434.75965342147543,3170.1048600396275,907.5872002882618,cam_2_1690339961_21-52-41.jpg
688,520,973.3401110183208,317.4810180495539,1271.849682839062,813.7125842084774,cam_2_1690339961_21-52-41.jpg
688,553,3158.4674702323427,412.8282421814772,3573.341372740017,649.1018487643364,cam_2_1690339961_21-52-41.jpg
688,568,3245.4731161395393,393.9891418904591,3604.4997853406594,590.9215856872796,cam_2_1690339961_21-52-41.jpg
689,152,2022.5708854616125,473.77753222160334,2399.330063888981,727.3321442077729,cam_2_1690340021_21-53-41.jpg
689,451,3490.1745089589094,240.25788136948378,3744.907391811801,480.6181649525164,cam_2_1690340021_21-53-41.jpg
689,477,2452.5357337152727,437.3179560991178,3185.0772269941194,912.1797502207905,cam_2_1690340021_21-53-41.jpg
689,520,975.6854216290344,318.98710512641355,1271.7264296856447,811.2481570349273,cam_2_1690340021_21-53-41.jpg
689,553,3152.7180108097473,413.7027147643414,3570.7441182779144,651.4372242262375,cam_2_1690340021_21-53-41.jpg
689,568,3239.0443770030706,393.4857774980159,3605.7389519663225,593.861793913869,cam_2_1690340021_21-53-41.jpg
689,593,1720.4936365325937,166.02322474639107,1977.322756495244,479.84391271933964,cam_2_1690340021_21-53-41.jpg
690,152,2019.8798754468762,480.95862307289866,2396.395051400312,728.7427952242674,cam_2_1690340291_21-58-11.jpg
690,477,2447.7738236638847,436.89006848284555,3195.920431030561,912.2498075356433,cam_2_1690340291_21-58-11.jpg
690,508,2573.0859533536855,131.25523716100645,2909.9763357238016,343.3774273084023,cam_2_1690340291_21-58-11.jpg
690,520,978.3792383559742,318.7259328101421,1276.5301646025734,812.1946608839372,cam_2_1690340291_21-58-11.jpg
690,553,3154.527295530509,414.4593775450142,3571.9751022685996,651.9416011042274,cam_2_1690340291_21-58-11.jpg
690,568,3231.6002308381503,392.703401638808,3598.931899512954,591.2887174133741,cam_2_1690340291_21-58-11.jpg
691,430,2695.2561848773494,519.0551129861268,3153.8430195613078,852.8693978467344,cam_2_1690340846_22-07-26.jpg
691,432,2330.6418579942692,257.651369764872,2804.4925271259963,484.15399568586156,cam_2_1690340846_22-07-26.jpg
691,472,3077.2558723421093,434.97225328319377,3453.0148412885505,676.7464394739279,cam_2_1690340846_22-07-26.jpg
691,477,2442.511311686672,500.9235096052205,3105.6432589230535,919.4781259515853,cam_2_1690340846_22-07-26.jpg
691,485,1358.5685638755558,343.35979293787756,2017.1413779615427,787.1824011187152,cam_2_1690340846_22-07-26.jpg
691,500,2028.784150080062,284.56395620734156,2481.9187563455985,655.8898933345142,cam_2_1690340846_22-07-26.jpg
691,535,2817.010928180346,504.3507587726688,3337.3909949993395,808.1934333500978,cam_2_1690340846_22-07-26.jpg
691,553,3155.966411795599,414.1508217017382,3573.8415087801154,652.3584358182001,cam_2_1690340846_22-07-26.jpg
691,568,3234.349288986308,393.32008526295766,3599.6471964894185,589.4211184918753,cam_2_1690340846_22-07-26.jpg
692,152,2052.879820657441,473.3168789702523,2422.3886485684275,715.2610037420994,cam_2_1690340861_22-07-41.jpg
692,430,2710.791259302373,521.3371104263392,3164.1449432225545,851.815293817343,cam_2_1690340861_22-07-41.jpg
692,432,2311.220203555195,255.68149483087262,2794.695455822969,485.56576233524186,cam_2_1690340861_22-07-41.jpg
692,472,3067.316176766818,442.80731143891137,3442.5525434937103,680.707565675256,cam_2_1690340861_22-07-41.jpg
692,477,2422.2021640985167,525.3613448029396,3065.16589097193,926.9229013767438,cam_2_1690340861_22-07-41.jpg
692,485,1312.4852951873452,336.8484532632207,1993.6591768002133,821.3987077821562,cam_2_1690340861_22-07-41.jpg
692,535,2822.176028959194,509.79378686063046,3329.541691567821,809.8412536537862,cam_2_1690340861_22-07-41.jpg
692,553,3158.3878964985433,415.1251198579424,3575.2088215547033,653.3584180885107,cam_2_1690340861_22-07-41.jpg
692,568,3231.0085673704693,392.2746987414992,3598.424077918777,588.1843192743331,cam_2_1690340861_22-07-41.jpg
693,152,2062.9359102783155,467.3471528726554,2431.6580827172575,707.94289205734,cam_2_1690340996_22-09-56.jpg
693,430,2707.725660884634,517.9723966358943,3166.289400042362,853.0762346604599,cam_2_1690340996_22-09-56.jpg
693,432,2230.255845295582,243.40693949762593,2731.3697608175676,488.0044085476692,cam_2_1690340996_22-09-56.jpg
693,472,3066.382537585344,444.61703792820856,3442.6999112991934,680.3699175603625,cam_2_1690340996_22-09-56.jpg
693,477,2413.8436509088147,526.6536787120008,3060.25972182142,928.325598929578,cam_2_1690340996_22-09-56.jpg
693,485,1266.0362198194584,333.23378279667395,1955.4367228372416,877.4805427224683,cam_2_1690340996_22-09-56.jpg
693,535,2823.0584759001713,512.0643108091604,3323.002464980152,810.5079590675655,cam_2_1690340996_22-09-56.jpg
693,553,3159.4469397472126,414.90274470971417,3575.4267295437394,653.2236926677617,cam_2_1690340996_22-09-56.jpg
693,568,3230.3379896631304,392.38558732539775,3600.3302357830175,588.4201432118001,cam_2_1690340996_22-09-56.jpg
693,597,2077.7336707218556,143.0187907498455,2493.500714718704,339.2379716481016,cam_2_1690340996_22-09-56.jpg
693,598,2907.8413513882624,461.4057271594034,3370.8414426528375,715.216194728295,cam_2_1690340996_22-09-56.jpg
694,152,2058.0962262506823,465.2609508140173,2440.1241484518596,715.6356207765298,cam_2_1690341176_22-12-56.jpg
694,430,2720.9818545975927,524.939519941492,3171.397023870617,854.0537808192946,cam_2_1690341176_22-12-56.jpg
694,472,3056.478222346567,442.0927699125597,3439.7621654227696,679.0598504550729,cam_2_1690341176_22-12-56.jpg
694,477,2414.793899589693,531.3694180611426,3062.7052568204163,931.7016690750274,cam_2_1690341176_22-12-56.jpg
694,485,1155.0015596161716,383.92326747518337,1997.7294729858666,1071.5493736744454,cam_2_1690341176_22-12-56.jpg
694,520,995.5687450239495,353.7084667227012,1345.1573910456984,910.0905623374838,cam_2_1690341176_22-12-56.jpg
694,535,2826.006428044968,514.3984900158371,3321.949766662502,811.7195927246414,cam_2_1690341176_22-12-56.jpg
694,553,3159.7110108880406,413.73732249954776,3570.467062652398,649.3455531320941,cam_2_1690341176_22-12-56.jpg
694,564,699.118371360703,205.7987316413768,968.2228300730378,636.2520864938618,cam_2_1690341176_22-12-56.jpg
694,568,3229.7364474558017,391.6749923532108,3591.9636562113537,582.4832322744419,cam_2_1690341176_22-12-56.jpg
694,598,2896.207660069883,462.9397624555014,3361.1479877511056,717.625781567417,cam_2_1690341176_22-12-56.jpg
695,152,2058.71945607166,463.62998156107415,2440.8840280902427,714.9428510407993,cam_2_1690341296_22-14-56.jpg
695,430,2730.1030992070223,528.4710745578955,3171.185571129829,850.2487922716234,cam_2_1690341296_22-14-56.jpg
695,472,3052.2102898239277,442.74325035054346,3447.4263117606856,686.1982813548676,cam_2_1690341296_22-14-56.jpg
695,477,2412.2161452454793,528.3555952726482,3066.35413400517,931.6783068288537,cam_2_1690341296_22-14-56.jpg
695,535,2832.8362401731497,519.4522934440812,3318.808191577543,810.0704836090631,cam_2_1690341296_22-14-56.jpg
695,553,3150.5332566082425,415.88324963424725,3570.381741333794,656.8135777722016,cam_2_1690341296_22-14-56.jpg
695,558,35.20916821788984,214.69484448670272,544.4259416574598,657.9347065397699,cam_2_1690341296_22-14-56.jpg
695,568,3249.6237228363843,396.1790970413871,3602.7448399890063,582.1969229490392,cam_2_1690341296_22-14-56.jpg
695,589,912.7872264340517,393.41887091466896,1756.9904930185826,949.0603416408173,cam_2_1690341296_22-14-56.jpg
695,598,2893.353504223991,461.1844715810652,3364.9329791611012,719.2949347853773,cam_2_1690341296_22-14-56.jpg
696,152,2069.007628417571,462.4295057841596,2448.98503708695,711.8658104629321,cam_2_1690341401_22-16-41.jpg
696,472,3075.692636715058,452.5074880125017,3442.312581008268,675.3703131514452,cam_2_1690341401_22-16-41.jpg
696,477,2478.9580156058655,478.74283433438825,3304.6358091155253,995.7313622169519,cam_2_1690341401_22-16-41.jpg
696,553,3155.891770325197,419.3607958426962,3569.0109467955435,656.0553893500964,cam_2_1690341401_22-16-41.jpg
696,557,2307.0086280691517,311.06692092035604,2753.1397642497855,596.8788586168021,cam_2_1690341401_22-16-41.jpg
696,558,33.481727443296194,218.7325345443536,540.0341103891554,663.9024580376132,cam_2_1690341401_22-16-41.jpg
696,568,3232.7020023801665,396.04361313182767,3601.310199094074,589.1744013425764,cam_2_1690341401_22-16-41.jpg
696,576,2723.80615596883,220.97927562435478,3084.3487438757716,428.02772235966296,cam_2_1690341401_22-16-41.jpg
697,152,2067.8551867842966,464.84348808457264,2447.5293928279925,713.2838218097505,cam_2_1690341446_22-17-26.jpg
697,472,3064.2283831580726,444.06951089749055,3455.474469631945,682.3853689546293,cam_2_1690341446_22-17-26.jpg
697,477,2474.8560480872693,501.79063688476776,3100.102178402156,891.5490153721935,cam_2_1690341446_22-17-26.jpg
697,535,2848.4690138589112,507.6619532261948,3272.7400985239624,759.2620176949649,cam_2_1690341446_22-17-26.jpg
697,553,3150.505220820292,416.38851340299306,3573.652139847873,659.6683064030658,cam_2_1690341446_22-17-26.jpg
697,557,2252.83196205134,259.78546619893535,2757.156301101302,580.8598662524194,cam_2_1690341446_22-17-26.jpg
697,558,28.119957296312947,214.5170543797494,533.6054926805913,665.2873932265994,cam_2_1690341446_22-17-26.jpg
697,564,602.4410144386103,220.20132610375805,879.4312048523361,668.6625698381442,cam_2_1690341446_22-17-26.jpg
697,568,3237.162495782933,396.74525611354204,3608.7518646192616,591.4211737101223,cam_2_1690341446_22-17-26.jpg
697,576,2746.525298782104,226.34996830622094,3103.7555341806888,430.7886718787116,cam_2_1690341446_22-17-26.jpg
697,580,2727.94389124518,523.7599712688683,3050.6194916445124,731.36893589802,cam_2_1690341446_22-17-26.jpg
697,598,2906.5532230167796,460.62976355846445,3356.156326042405,705.483618513631,cam_2_1690341446_22-17-26.jpg
698,152,2068.8034421247544,466.1442772982523,2451.9447667761438,716.0767214060747,cam_2_1690341461_22-17-41.jpg
698,472,3067.9759036797245,442.280086556692,3458.72140777085,679.8291828268068,cam_2_1690341461_22-17-41.jpg
698,477,2462.4347077127386,517.9793189207354,2986.8146168412723,844.2381674741343,cam_2_1690341461_22-17-41.jpg
698,528,2823.157505586206,499.8570596618975,3245.370172576448,715.413871490251,cam_2_1690341461_22-17-41.jpg
698,535,2856.7860520517706,524.0278189946516,3309.7002970977287,792.1738365831442,cam_2_1690341461_22-17-41.jpg
698,553,3152.5687158574274,412.9770002044996,3576.6023583118717,658.3997952373729,cam_2_1690341461_22-17-41.jpg
698,557,2240.1353367314705,241.16201816403148,2764.871854529317,567.4688480144223,cam_2_1690341461_22-17-41.jpg
698,558,27.48773820422062,215.37815930714365,525.8523631263689,663.3954919657722,cam_2_1690341461_22-17-41.jpg
698,564,588.5458995812575,220.94051132365055,864.6684678080194,673.9203215793408,cam_2_1690341461_22-17-41.jpg
698,568,3225.3820187110864,391.1169462997586,3607.670512839805,591.2255334747919,cam_2_1690341461_22-17-41.jpg
698,580,2727.524058392999,526.3665482600802,3041.338445245721,726.1435383366169,cam_2_1690341461_22-17-41.jpg
698,598,2902.8988160035456,462.9030739548499,3358.1836036828627,710.5291599221877,cam_2_1690341461_22-17-41.jpg
698,605,1097.4384805567233,185.3823180897119,1330.1096584272032,596.216801844467,cam_2_1690341461_22-17-41.jpg
698,606,2460.295202181472,663.6588744611129,3217.48761958304,1396.6379693417903,cam_2_1690341461_22-17-41.jpg
699,152,2069.349260690734,464.0128226681644,2450.5948913839698,711.7407953695529,cam_2_1690341566_22-19-26.jpg
699,472,3069.587599859976,441.1611503193418,3461.8907219378043,680.0375417053358,cam_2_1690341566_22-19-26.jpg
699,477,2467.6573727103814,521.2852956543031,2948.4435736054725,817.2301902260701,cam_2_1690341566_22-19-26.jpg
699,535,2847.019819755742,525.1766864064089,3298.6635885168985,790.5594463263183,cam_2_1690341566_22-19-26.jpg
699,553,3156.2982657659736,414.4226396738594,3574.5676277761386,657.1280755742077,cam_2_1690341566_22-19-26.jpg
699,557,2207.771911552893,239.59322846820194,2690.5897563010917,557.762244310454,cam_2_1690341566_22-19-26.jpg
699,558,118.5503547006335,210.53815672432393,610.6108346411313,659.3440417205229,cam_2_1690341566_22-19-26.jpg
699,564,600.3020758450959,232.7389464407805,870.9335632632591,677.0392887667912,cam_2_1690341566_22-19-26.jpg
699,568,3238.9774564130507,397.21431065070306,3608.2437315645802,589.9390215800935,cam_2_1690341566_22-19-26.jpg
699,580,2726.2892296170708,534.6055424756936,3043.7224291289585,737.5182307595436,cam_2_1690341566_22-19-26.jpg
699,598,2903.3522892237706,456.8876961245099,3353.299610416393,700.4084104928069,cam_2_1690341566_22-19-26.jpg
699,605,1126.9876931069819,189.54096322979098,1355.6406810360895,594.0845949441948,cam_2_1690341566_22-19-26.jpg
699,606,2413.1931468723465,686.5577156245275,3173.0935523466455,1414.4542096040354,cam_2_1690341566_22-19-26.jpg
700,152,2070.5404669175937,464.03250830425077,2446.71348334077,707.3078694309975,cam_2_1690341641_22-20-41.jpg
700,472,3066.3892703175593,439.7248768063753,3461.7064562812675,680.7792255155196,cam_2_1690341641_22-20-41.jpg
700,477,2452.7445618460415,526.7028599634094,2930.7723824340896,816.6534549921959,cam_2_1690341641_22-20-41.jpg
700,535,2835.5082718763406,518.5605925240607,3314.8842377226842,800.2907828073226,cam_2_1690341641_22-20-41.jpg
700,553,3157.355718057669,414.38535053970327,3576.7430750393723,658.5781765956744,cam_2_1690341641_22-20-41.jpg
700,557,2203.4020242151028,239.68245484793493,2651.8841349597224,547.5175839678247,cam_2_1690341641_22-20-41.jpg
700,568,3243.4445728594346,398.7120252949371,3612.2658999346413,591.0506805788971,cam_2_1690341641_22-20-41.jpg
700,580,2725.9772992395565,537.6593072037842,3042.0994689705144,740.8059506236165,cam_2_1690341641_22-20-41.jpg
700,593,1773.4039961943317,153.55782002008584,2038.610062595805,485.34883401256275,cam_2_1690341641_22-20-41.jpg
700,598,2905.682935149598,458.02088406947166,3352.206803063705,698.5362151383267,cam_2_1690341641_22-20-41.jpg
700,605,1233.993708150756,180.0406573328482,1462.0088176536185,564.3441642038994,cam_2_1690341641_22-20-41.jpg
700,606,2401.433662780597,690.5154408689709,3186.9717924795505,1437.9127761908157,cam_2_1690341641_22-20-41.jpg
701,152,2073.9709421263856,466.5687904010752,2452.587302402987,710.8205631556242,cam_2_1690341686_22-21-26.jpg
701,472,3074.7358800312795,440.29226266635953,3465.7533307739204,679.515457599363,cam_2_1690341686_22-21-26.jpg
701,477,2521.6951850922555,528.9818452903319,2912.222685636041,760.8364871046857,cam_2_1690341686_22-21-26.jpg
701,535,2849.517638344493,515.2392186936894,3302.532314135219,778.0793451515183,cam_2_1690341686_22-21-26.jpg
701,553,3160.851717712953,418.1955244417084,3571.6164666031855,657.8766668261402,cam_2_1690341686_22-21-26.jpg
701,557,2194.1223240997024,234.92197329912344,2687.7009648266126,584.5635839267135,cam_2_1690341686_22-21-26.jpg
701,568,3255.2621012154173,400.22392419883374,3618.5160928643163,590.8422487057594,cam_2_1690341686_22-21-26.jpg
701,580,2761.721049260383,556.1095903374368,3072.717240605801,753.1824957134158,cam_2_1690341686_22-21-26.jpg
701,593,1875.9275865861955,153.478033544501,2101.5462287302707,443.21254799346576,cam_2_1690341686_22-21-26.jpg
701,598,2907.1999695955355,459.39600672689403,3348.70403173918,695.7280161426204,cam_2_1690341686_22-21-26.jpg
701,605,1353.3885996904332,172.23142275389588,1577.7722170065433,546.0607991250594,cam_2_1690341686_22-21-26.jpg
701,606,2437.5536686115497,695.3722809902074,3165.76438308249,1370.3884557685792,cam_2_1690341686_22-21-26.jpg
702,152,2068.3965137915698,465.55051496287405,2449.4485552975943,710.6417881489724,cam_2_1690341881_22-24-41.jpg
702,430,2730.273505764705,532.2155555038879,3164.6933704659245,848.1315650998997,cam_2_1690341881_22-24-41.jpg
702,432,2157.178726512487,263.16800703736214,2709.663751205414,538.870766769782,cam_2_1690341881_22-24-41.jpg
702,532,3294.414798355434,402.0795263916874,3626.582413690458,599.15622471491,cam_2_1690341881_22-24-41.jpg
702,535,2773.019634374495,415.5541494608742,3403.7961821557983,784.2185321311663,cam_2_1690341881_22-24-41.jpg
702,589,51.14627693130308,214.55887228500094,739.5694225032612,667.014678629889,cam_2_1690341881_22-24-41.jpg
702,593,1917.2115031524504,153.11466651315394,2131.2771955408152,428.8971803389758,cam_2_1690341881_22-24-41.jpg
702,605,1406.5719556209247,169.94743932952224,1632.218348908885,546.8180221783932,cam_2_1690341881_22-24-41.jpg
702,609,1622.5283818850712,180.3834302528049,1826.724194293994,513.3841105300883,cam_2_1690341881_22-24-41.jpg
703,152,2061.576419293508,462.49174022255363,2448.7051127976174,712.4399614702037,cam_2_1690342061_22-27-41.jpg
703,430,2725.9570446241005,530.4417417424636,3170.356256200316,852.027665326765,cam_2_1690342061_22-27-41.jpg
703,432,2152.8142740900244,260.7176181535589,2707.7753430738157,541.6993786624396,cam_2_1690342061_22-27-41.jpg
703,532,3296.2631516732667,401.4468192779824,3622.69335709218,594.7476854399652,cam_2_1690342061_22-27-41.jpg
703,535,2737.050377536704,388.9898171863442,3494.2445978178357,844.3806244034729,cam_2_1690342061_22-27-41.jpg
703,553,3172.982444279342,411.0971741248111,3587.301787911428,655.3586976160186,cam_2_1690342061_22-27-41.jpg
703,589,7.2889964476859745,208.8915373127708,684.8038132911704,654.3819192736082,cam_2_1690342061_22-27-41.jpg
703,593,1928.7788053209738,151.19699568959706,2143.3169826636104,420.9832920735579,cam_2_1690342061_22-27-41.jpg
703,605,1435.6459631819778,168.7488495212173,1658.9735155486226,544.8911115993078,cam_2_1690342061_22-27-41.jpg
703,609,1634.8807664133885,181.8598965310019,1839.3812250724097,517.1675061571057,cam_2_1690342061_22-27-41.jpg
704,152,2062.6400073094073,464.32626188692586,2448.333953200982,713.0665103906354,cam_2_1690342106_22-28-26.jpg
704,430,2723.657326692024,528.4709800977886,3166.939732120324,848.6933416395665,cam_2_1690342106_22-28-26.jpg
704,532,3293.2647439186203,402.7009570114532,3616.7604387436004,592.5827418288153,cam_2_1690342106_22-28-26.jpg
704,535,2736.7163493258345,379.46653258391643,3531.948250122517,869.365202505925,cam_2_1690342106_22-28-26.jpg
704,553,3176.586555883603,407.91312698309105,3591.930478938989,655.2675055421723,cam_2_1690342106_22-28-26.jpg
704,557,2191.8730679006203,249.05747479037677,2620.1430959653685,545.7534805231301,cam_2_1690342106_22-28-26.jpg
704,589,-6.072153509282202,213.42535769923774,655.9681742860099,645.7845918016867,cam_2_1690342106_22-28-26.jpg
704,593,1929.9158860091757,149.68696571388912,2145.4385111409465,416.263775112908,cam_2_1690342106_22-28-26.jpg
704,605,1416.2104292332235,171.7985432892713,1645.148341096802,556.865453562824,cam_2_1690342106_22-28-26.jpg
704,609,1638.1419710974437,183.29039468932422,1837.522894154425,511.581928566726,cam_2_1690342106_22-28-26.jpg
704,610,2448.443877219759,528.0985620621398,3055.4992457691646,926.9617895026664,cam_2_1690342106_22-28-26.jpg
705,152,2064.271839830069,466.7560995619078,2445.702255310592,712.6345899767985,cam_2_1690342391_22-33-11.jpg
705,432,2150.7691693699103,259.3731121180924,2705.3538615379894,544.7617000452801,cam_2_1690342391_22-33-11.jpg
705,472,3109.446520788366,435.082270934867,3435.875838409247,631.4655213753463,cam_2_1690342391_22-33-11.jpg
705,500,1885.5094956951416,157.8065607089788,2204.997364873556,420.9223681349616,cam_2_1690342391_22-33-11.jpg
705,520,1040.3353062067663,193.75177799311598,1314.9292999486674,623.3764336335927,cam_2_1690342391_22-33-11.jpg
705,553,3165.7434579899377,412.29605359756823,3579.3083800318154,659.0936779821998,cam_2_1690342391_22-33-11.jpg
705,568,3237.1698883764766,392.814887138985,3611.9755954275142,589.4314295262747,cam_2_1690342391_22-33-11.jpg
705,570,2806.40186331314,598.0221273746058,3517.817561188041,1125.0020978458433,cam_2_1690342391_22-33-11.jpg
705,580,2736.581527188009,542.7559076323224,3114.673914793653,783.6233729504385,cam_2_1690342391_22-33-11.jpg
705,605,1395.4641675030114,175.63963777906508,1620.8341926244777,556.0552059176891,cam_2_1690342391_22-33-11.jpg
705,609,1700.7783559546472,180.58341870766884,1900.8787072840587,513.1858178258501,cam_2_1690342391_22-33-11.jpg
705,610,2451.15214255628,526.2014245671417,3031.271611986497,907.2777079623155,cam_2_1690342391_22-33-11.jpg
706,152,2065.9183576506734,464.9223150577802,2445.997367668402,708.9375288171339,cam_2_1690342541_22-35-41.jpg
706,430,2716.351222201771,523.1690627046196,3173.794783970541,855.8751885582126,cam_2_1690342541_22-35-41.jpg
706,520,1098.8769075845119,184.77292776167235,1353.5177872004122,596.4177692233912,cam_2_1690342541_22-35-41.jpg
706,553,3167.758616802308,411.8647763422742,3577.089677715373,656.7595588996662,cam_2_1690342541_22-35-41.jpg
706,557,2178.769411531827,252.60241818319508,2582.7702565162626,531.4379763733084,cam_2_1690342541_22-35-41.jpg
706,558,65.32975805637662,230.73353324173735,539.6750817956254,658.1944370513809,cam_2_1690342541_22-35-41.jpg
706,568,3237.5738905503104,392.8901696268939,3613.066583021082,589.8101324564028,cam_2_1690342541_22-35-41.jpg
706,598,2879.6217125640114,455.7485512331285,3363.4435805370713,714.0835106341037,cam_2_1690342541_22-35-41.jpg
706,605,1389.1369922175081,176.296788959375,1614.4444584663906,557.1567060356739,cam_2_1690342541_22-35-41.jpg
706,609,1759.0382003106713,173.72179714511012,1959.9668103310953,509.69110060159426,cam_2_1690342541_22-35-41.jpg
706,610,2456.434013147341,541.5396262660549,3037.563177778302,922.3334930187372,cam_2_1690342541_22-35-41.jpg
707,152,2065.5513584828514,464.89776862281786,2440.5846830859928,705.6544092710201,cam_2_1690342616_22-36-56.jpg
707,430,2715.5969372928084,521.9973712905785,3176.298249396114,859.4487009321011,cam_2_1690342616_22-36-56.jpg
707,472,3064.692333627323,439.92853791440723,3453.1018644797227,673.0511924786368,cam_2_1690342616_22-36-56.jpg
707,520,1102.8590806121267,185.9698428204842,1349.169885435558,590.9195432950855,cam_2_1690342616_22-36-56.jpg
707,553,3165.383058059858,410.8070832870059,3574.149169075813,655.9109569742202,cam_2_1690342616_22-36-56.jpg
707,557,2149.053470521406,243.62164062857184,2536.6448952326105,519.9362034817927,cam_2_1690342616_22-36-56.jpg
707,558,56.83153768727624,225.98226424840016,536.2267185600156,655.2442974556583,cam_2_1690342616_22-36-56.jpg
707,568,3234.3711234613224,389.86336758236564,3612.4222826810033,588.393389346081,cam_2_1690342616_22-36-56.jpg
707,598,2901.994648529504,462.07269083711634,3377.774180575625,718.203088272991,cam_2_1690342616_22-36-56.jpg
707,605,1382.526099409488,176.58127635033577,1608.2879131281495,559.8907692209699,cam_2_1690342616_22-36-56.jpg
707,609,1773.5624272025868,170.0425501131448,1975.3760161592072,508.8060203217834,cam_2_1690342616_22-36-56.jpg
707,610,2450.1835498961404,538.2006285103939,3049.8432619271875,930.541751348518,cam_2_1690342616_22-36-56.jpg
708,152,2068.3104405523827,464.42471024404955,2442.120168171143,703.4798804034579,cam_2_1690342646_22-37-26.jpg
708,430,2717.9587192343583,521.2229077378506,3176.0531777821566,858.7584365082827,cam_2_1690342646_22-37-26.jpg
708,472,3062.4481576400435,441.7946424337194,3456.3178402305925,678.1119669229408,cam_2_1690342646_22-37-26.jpg
708,520,1129.871048569605,181.64672496717412,1373.1414937481336,590.2124068360022,cam_2_1690342646_22-37-26.jpg
708,553,3168.031461328276,411.11428782071295,3574.3008279448336,655.2426242246419,cam_2_1690342646_22-37-26.jpg
708,557,2173.6825100469455,249.63939496914062,2565.9663077524615,527.011041190165,cam_2_1690342646_22-37-26.jpg
708,558,53.03531975902652,225.29703361075724,534.6944926100443,653.3793644870569,cam_2_1690342646_22-37-26.jpg
708,568,3240.2753381569714,391.7852560307668,3614.6847188420757,588.2117505680519,cam_2_1690342646_22-37-26.jpg
708,598,2910.8879337783096,463.07516103692484,3379.7366624849305,717.173110294299,cam_2_1690342646_22-37-26.jpg
708,605,1382.1718011418857,175.1330997258756,1605.8032330008218,557.4442447239926,cam_2_1690342646_22-37-26.jpg
708,609,1781.7649882810915,174.1788449112146,1979.8919414514169,509.0219267272289,cam_2_1690342646_22-37-26.jpg
708,610,2449.4804619223105,537.8294689854415,3053.954692642787,932.5036185199664,cam_2_1690342646_22-37-26.jpg
708,613,2181.102058639351,146.1094575086426,2310.821780116416,345.55736150326504,cam_2_1690342646_22-37-26.jpg
709,152,2067.600687288954,463.92367897522,2447.7397485363635,706.9961880633972,cam_2_1690342721_22-38-41.jpg
709,430,2720.200796044913,522.3521959515863,3176.5174197936453,860.3501528095239,cam_2_1690342721_22-38-41.jpg
709,472,3056.7282964710075,441.4621846555343,3457.324223174005,681.9508796151031,cam_2_1690342721_22-38-41.jpg
709,520,1158.7513473770825,176.72353389104958,1401.448472111572,580.8574783654639,cam_2_1690342721_22-38-41.jpg
709,553,3171.430025543953,410.9909625966393,3573.542066852416,652.9638382190465,cam_2_1690342721_22-38-41.jpg
709,557,2193.400361745328,251.5452236119622,2592.377962524602,529.7102906616126,cam_2_1690342721_22-38-41.jpg
709,558,52.38461530668519,229.75966569428198,533.7813982389752,656.5620679912611,cam_2_1690342721_22-38-41.jpg
709,568,3242.865238706923,391.089951845952,3613.7077625009506,585.5433117479508,cam_2_1690342721_22-38-41.jpg
709,598,2912.827538130259,463.58332263897,3380.69149534359,718.3252562980035,cam_2_1690342721_22-38-41.jpg
709,605,1387.7613260209603,175.29058977163868,1608.4730709680248,555.0213509119951,cam_2_1690342721_22-38-41.jpg
709,609,1784.86494147174,169.8344210881473,1983.538485730732,507.9658313535672,cam_2_1690342721_22-38-41.jpg
709,610,2451.789852631933,540.8142233436903,3055.1557146186647,934.1838219357835,cam_2_1690342721_22-38-41.jpg
709,613,2177.502616048401,147.745911250925,2311.075930146169,342.71492794124026,cam_2_1690342721_22-38-41.jpg
710,152,2067.859373612655,463.38105058938174,2448.707072991271,707.0348599478848,cam_2_1690342766_22-39-26.jpg
710,430,2722.417710654638,524.9713336261954,3172.182691132448,858.9969476528059,cam_2_1690342766_22-39-26.jpg
710,472,3057.83854685468,442.5948918939199,3460.3125869806304,685.0742177606273,cam_2_1690342766_22-39-26.jpg
710,520,1169.1913702014376,176.43294746784397,1415.5238901191133,582.2674045706041,cam_2_1690342766_22-39-26.jpg
710,553,3165.6514184100533,409.5819956476633,3571.9366786169926,654.223757721296,cam_2_1690342766_22-39-26.jpg
710,557,2192.0008063207874,253.5949162814536,2592.2329125504784,531.1372431951022,cam_2_1690342766_22-39-26.jpg
710,558,44.12659614514973,225.13191486680046,532.6218690314462,657.3167681737589,cam_2_1690342766_22-39-26.jpg
710,568,3202.643143993644,332.38803791394355,3703.914402040438,596.2845986209202,cam_2_1690342766_22-39-26.jpg
710,598,2912.033204099915,462.6291572676664,3378.5634532990643,717.3246043203242,cam_2_1690342766_22-39-26.jpg
710,605,1388.5858094969637,177.30396664190172,1606.698192399774,554.844466417699,cam_2_1690342766_22-39-26.jpg
710,609,1782.9915077906091,167.77914205270298,1982.3753781052685,508.87354538843846,cam_2_1690342766_22-39-26.jpg
710,610,2447.479966073616,538.5488653555034,3057.460365693565,935.558833151127,cam_2_1690342766_22-39-26.jpg
710,613,2165.5271807895106,147.4188775782567,2311.1301120454195,348.1834725764445,cam_2_1690342766_22-39-26.jpg
711,152,2067.559365987937,462.30512145309694,2446.5364226223087,705.361993132439,cam_2_1690342781_22-39-41.jpg
711,430,2722.003071957249,523.407417651797,3172.6672950986167,859.0224852984721,cam_2_1690342781_22-39-41.jpg
711,472,3059.5403727781295,445.13991908126434,3460.2154406039076,687.0859006172948,cam_2_1690342781_22-39-41.jpg
711,520,1175.4200134730938,179.82186606581166,1423.8155780579202,584.024348374182,cam_2_1690342781_22-39-41.jpg
711,553,3165.7905194785308,411.9970579722017,3568.94944611811,654.4056600376689,cam_2_1690342781_22-39-41.jpg
711,557,2202.8793844991055,247.9778579019159,2621.142721795807,543.8697018115145,cam_2_1690342781_22-39-41.jpg
711,558,35.813652803481176,223.30531676374753,529.3045918171509,657.8615619941506,cam_2_1690342781_22-39-41.jpg
711,568,3190.966657619596,312.30002402879666,3729.7281278801356,596.9179129571544,cam_2_1690342781_22-39-41.jpg
711,598,2912.66988377458,461.42526978544834,3379.6519688323024,716.7047750689289,cam_2_1690342781_22-39-41.jpg
711,605,1391.0468706364322,180.80487994291812,1606.5019492197382,556.3041078314353,cam_2_1690342781_22-39-41.jpg
711,609,1781.4009707917814,166.55388207962935,1980.9545535312363,509.7015562359411,cam_2_1690342781_22-39-41.jpg
711,610,2443.1689737865036,535.0492349768444,3059.5183402742964,935.7066195069278,cam_2_1690342781_22-39-41.jpg
711,613,2159.7222171621706,143.1828347998411,2330.973821501641,371.8330713930858,cam_2_1690342781_22-39-41.jpg
712,152,2066.2885995159036,460.9574646012401,2449.9618115208477,707.9806625330613,cam_2_1690342841_22-40-41.jpg
712,430,2724.888294669278,525.0086319295557,3168.629498407265,855.6882499981562,cam_2_1690342841_22-40-41.jpg
712,472,3058.2290744623283,444.62870390830955,3461.776748547504,688.6529936909227,cam_2_1690342841_22-40-41.jpg
712,520,1176.606103457633,177.16088910289855,1428.6825571822671,584.870617477302,cam_2_1690342841_22-40-41.jpg
712,553,3162.673275046071,409.83957371051076,3568.539773831975,653.8825524164247,cam_2_1690342841_22-40-41.jpg
712,557,2188.499676854398,250.81739324895725,2605.133570049081,541.9262735041877,cam_2_1690342841_22-40-41.jpg
712,558,43.673174676450316,228.62841772595064,527.6485928144778,654.5927734782526,cam_2_1690342841_22-40-41.jpg
712,568,3189.3225960640275,304.0245675449409,3751.16260635892,602.5521813273042,cam_2_1690342841_22-40-41.jpg
712,597,2066.4657387736106,143.91667353300048,2409.948705133278,309.2034427401343,cam_2_1690342841_22-40-41.jpg
712,598,2913.664213560609,462.31687668793023,3378.3715607219547,717.0980893503543,cam_2_1690342841_22-40-41.jpg
712,605,1392.7771257783618,177.08669264387717,1608.5001939049148,555.1510983784236,cam_2_1690342841_22-40-41.jpg
712,609,1800.6277867020053,167.42398666156413,2003.3557715509244,506.44988121559976,cam_2_1690342841_22-40-41.jpg
712,610,2448.8157365062543,539.8026280207266,3052.4552633869184,930.5743308159789,cam_2_1690342841_22-40-41.jpg
713,152,2063.769935207129,462.30463393301113,2441.2507054353423,705.6194745988882,cam_2_1690342856_22-40-56.jpg
713,430,2725.8762979412722,526.1744344378832,3170.3662408808955,858.2724569637803,cam_2_1690342856_22-40-56.jpg
713,472,3061.05659484716,443.74641641906226,3462.5944655959856,687.1402423878384,cam_2_1690342856_22-40-56.jpg
713,500,1758.317385303467,171.87239836341962,2146.178741266046,501.5254206267938,cam_2_1690342856_22-40-56.jpg
713,520,1172.0966288032237,179.8671541540104,1420.1038429656696,578.5314357187008,cam_2_1690342856_22-40-56.jpg
713,553,3165.919108364704,410.1846647318725,3570.034712739391,653.4367198103964,cam_2_1690342856_22-40-56.jpg
713,557,2184.253001840098,253.9924291678099,2601.149669849865,543.9102519939433,cam_2_1690342856_22-40-56.jpg
713,558,43.90126442368833,224.12513019555746,536.7045699458334,656.8375038451256,cam_2_1690342856_22-40-56.jpg
713,568,3191.6946800436654,298.06587050560785,3735.0097813531993,587.9917730267857,cam_2_1690342856_22-40-56.jpg
713,597,2065.7873454532532,147.79117008536986,2412.912405943973,319.6293331045632,cam_2_1690342856_22-40-56.jpg
713,598,2915.3202161185895,463.63625095350864,3376.1542645660943,717.1714585087306,cam_2_1690342856_22-40-56.jpg
713,605,1391.2141769498355,177.36561783443204,1606.5077797800154,556.2133275598619,cam_2_1690342856_22-40-56.jpg
713,610,2440.110634920971,537.0382901327711,3053.6119167109923,933.2163017742886,cam_2_1690342856_22-40-56.jpg
714,152,2060.428937119014,463.29988565774073,2438.9618642815567,707.9458098840037,cam_2_1690342991_22-43-11.jpg
714,430,2732.9949517087625,529.7291248257716,3171.860059581492,858.539108399179,cam_2_1690342991_22-43-11.jpg
714,472,3059.565792758243,445.5349353590329,3459.6295106723223,688.5255065240037,cam_2_1690342991_22-43-11.jpg
714,500,1759.3182480870455,226.25887229419516,2151.9341111062054,575.3343534864068,cam_2_1690342991_22-43-11.jpg
714,520,1160.8913899834263,181.950502756485,1409.594446845087,583.5648785550914,cam_2_1690342991_22-43-11.jpg
714,553,3165.1843290388983,412.238846273224,3565.598481597704,652.6302843292499,cam_2_1690342991_22-43-11.jpg
714,558,48.65933097019803,221.395504821084,545.1618321174024,658.0100119735737,cam_2_1690342991_22-43-11.jpg
714,568,3164.6637448703345,301.6668950962281,3806.4752722452536,650.6594730086224,cam_2_1690342991_22-43-11.jpg
714,597,2029.523927337415,146.2186992994069,2449.0182272032566,364.6394120655734,cam_2_1690342991_22-43-11.jpg
714,598,2918.3204791872704,463.59884410148067,3379.4551030750686,717.8520990894289,cam_2_1690342991_22-43-11.jpg
714,605,1386.0175054748365,181.06488793435963,1597.358616124872,554.2361671407981,cam_2_1690342991_22-43-11.jpg
714,610,2435.296606982071,535.3449222255796,3055.96446313074,934.9961747939415,cam_2_1690342991_22-43-11.jpg
715,152,2056.090342974171,462.3180240557438,2436.4605061518423,709.2073635546185,cam_2_1690343246_22-47-26.jpg
715,430,2732.265152623891,528.6449702926886,3172.829423758798,859.6901568347984,cam_2_1690343246_22-47-26.jpg
715,472,3056.418294627703,444.547080356553,3457.667310524363,688.2997417958096,cam_2_1690343246_22-47-26.jpg
715,485,725.1955113559914,353.6047081841487,1530.0997844184055,1010.072187817357,cam_2_1690343246_22-47-26.jpg
715,520,1174.3090577367077,180.37832054682823,1365.0624600033154,472.4661068635704,cam_2_1690343246_22-47-26.jpg
715,553,3163.5875579651024,409.08753846576025,3572.6440909518915,655.3057424871652,cam_2_1690343246_22-47-26.jpg
715,558,54.08950768998156,225.59389675425027,551.4309918340942,664.0839715174309,cam_2_1690343246_22-47-26.jpg
715,568,3182.8373878627413,306.12681067214373,3837.271997468255,668.1146803422939,cam_2_1690343246_22-47-26.jpg
715,597,2030.9314124760438,143.58095091282468,2470.2354438314933,380.0535973714246,cam_2_1690343246_22-47-26.jpg
715,598,2917.356514662691,461.29747669593087,3379.595607277297,716.6087748656587,cam_2_1690343246_22-47-26.jpg
715,605,1378.2481850303066,175.97459288043441,1592.2697229519076,554.8760756702206,cam_2_1690343246_22-47-26.jpg
715,610,2427.7489824024096,537.2246757450393,3049.5407655177505,935.8452837306797,cam_2_1690343246_22-47-26.jpg
716,152,2054.228583235166,462.35913935936367,2434.905386179175,710.1963663316639,cam_2_1690343366_22-49-26.jpg
716,430,2724.1317091544674,529.6325322437252,3172.235696640487,865.5325327230394,cam_2_1690343366_22-49-26.jpg
716,558,50.972839807271896,226.6803182379343,543.123622526281,661.8408337318601,cam_2_1690343366_22-49-26.jpg
716,568,3223.823928211675,313.42927585638677,3889.488004095132,687.9371939891612,cam_2_1690343366_22-49-26.jpg
716,570,2799.563542584662,378.2845168873911,3487.227011053963,897.1406957202915,cam_2_1690343366_22-49-26.jpg
716,605,1381.068511606178,172.14720738255002,1599.9551804739556,560.9133546206893,cam_2_1690343366_22-49-26.jpg
716,606,2188.1234145136073,141.7384528336026,2460.430976123628,389.3107043215125,cam_2_1690343366_22-49-26.jpg
716,610,2425.9499420432585,533.1390461389487,3052.137479114122,933.5603266393598,cam_2_1690343366_22-49-26.jpg
717,430,2727.354286714481,532.2703224648299,3169.793442039656,862.127625028194,cam_2_1690343576_22-52-56.jpg
717,508,2428.4442232202146,137.60706978979232,2811.8123887435954,371.6557046718749,cam_2_1690343576_22-52-56.jpg
717,568,3283.7126398464093,322.5133589055555,3936.555370411411,697.7444559845997,cam_2_1690343576_22-52-56.jpg
717,570,2814.207715131861,379.650350429632,3490.8275930443333,882.0973139239538,cam_2_1690343576_22-52-56.jpg
717,610,2436.0004305206403,541.1289464646077,3050.607706683876,932.3871080582917,cam_2_1690343576_22-52-56.jpg
718,152,2055.166528833952,462.8944011619824,2433.538385432201,709.8567873629534,cam_2_1690343636_22-53-56.jpg
718,430,2695.1132649589404,443.09304710436083,3249.6564489844422,864.7833490610759,cam_2_1690343636_22-53-56.jpg
718,528,2615.3791987538525,176.07596767614325,3018.0275919049677,384.7020813187661,cam_2_1690343636_22-53-56.jpg
718,532,3310.758621301404,324.9233192786277,3817.310138870918,625.6305006882923,cam_2_1690343636_22-53-56.jpg
718,568,3367.018598540353,369.54520098193433,4031.898874363923,773.8564383012363,cam_2_1690343636_22-53-56.jpg
718,570,2880.879500215723,368.16696930371097,3521.456842218708,871.604048755904,cam_2_1690343636_22-53-56.jpg
718,610,2429.9519366148506,536.7902008802803,3051.900949545222,931.3734156315517,cam_2_1690343636_22-53-56.jpg
718,613,2122.3805310205657,143.63703002192955,2315.4702512423128,396.2751685284412,cam_2_1690343636_22-53-56.jpg
718,614,1531.537090279026,177.54444585304554,1770.0292528047257,512.8373600421792,cam_2_1690343636_22-53-56.jpg
719,152,2062.3632233904627,463.51892364449304,2441.8239005600612,710.4534913990472,cam_2_1690343681_22-54-41.jpg
719,430,2715.7333485651066,414.9725106258415,3354.9087056399785,909.9879381332123,cam_2_1690343681_22-54-41.jpg
719,528,2616.5779487443233,170.37573344018415,3019.7235032205926,383.13475504382495,cam_2_1690343681_22-54-41.jpg
719,532,3286.7337604243603,318.3475714916681,3829.7902596134277,650.5430056963435,cam_2_1690343681_22-54-41.jpg
719,570,2929.0610177520375,368.55660078238975,3534.630024474899,860.8441497614936,cam_2_1690343681_22-54-41.jpg
719,593,2231.2003899062493,146.32886933468092,2413.556175349619,381.87893983668266,cam_2_1690343681_22-54-41.jpg
719,609,2064.7930668550666,163.1427010870089,2220.53281375916,419.68617835087974,cam_2_1690343681_22-54-41.jpg
719,610,2328.8591300248518,483.11868547831625,3210.7383558773968,1057.846235365973,cam_2_1690343681_22-54-41.jpg
720,152,2057.7560235917363,463.6764805234985,2429.2920850956234,706.0590647924427,cam_2_1690343876_22-57-56.jpg
720,430,2812.097687209429,403.79294280829777,3297.0373551243956,758.6936511212618,cam_2_1690343876_22-57-56.jpg
720,432,2298.097394904565,212.9093109566824,2821.3264802573167,489.9795468569697,cam_2_1690343876_22-57-56.jpg
720,532,3237.1763460735774,324.1131531629064,3801.943106143223,690.5353379259727,cam_2_1690343876_22-57-56.jpg
720,570,2978.237075901296,366.3184212511595,3501.2957148028318,787.6444420791756,cam_2_1690343876_22-57-56.jpg
720,580,2810.303838779071,408.9834133661906,3352.5848853919197,754.8534387297688,cam_2_1690343876_22-57-56.jpg
720,610,2339.8135039573967,478.81207306146837,3316.5678495058482,1123.1284078563453,cam_2_1690343876_22-57-56.jpg
721,152,2057.713158300691,462.5578400325163,2426.293909211958,703.5082787292874,cam_2_1690343966_22-59-26.jpg
721,432,2317.696754844009,205.92262390690917,2802.491150298438,469.3194562072057,cam_2_1690343966_22-59-26.jpg
721,532,3182.1902262161966,329.0644229441634,3777.948270876209,730.0256573195416,cam_2_1690343966_22-59-26.jpg
721,570,3027.9581737424433,360.5286032090392,3410.85423739647,611.9115088610827,cam_2_1690343966_22-59-26.jpg
721,580,2785.1032472492057,414.9632583749617,3520.6488711283387,900.2594746274815,cam_2_1690343966_22-59-26.jpg
721,610,2280.923632853215,451.9094210443849,3303.758074627589,1144.5893691172428,cam_2_1690343966_22-59-26.jpg
722,152,2058.153445334489,461.5905710831658,2430.56630876061,704.9735736433288,cam_2_1690344176_23-02-56.jpg
722,432,2298.345230609167,160.88178191614747,2720.080301918523,401.3283888520764,cam_2_1690344176_23-02-56.jpg
722,570,3064.1785882052245,373.2432193703569,3375.008737083719,553.4107763158997,cam_2_1690344176_23-02-56.jpg
722,580,2803.44410650273,423.68447499019175,3573.187211650203,940.2771753794341,cam_2_1690344176_23-02-56.jpg
722,610,2358.0505403605566,468.8979529707669,3377.1752606514274,1159.8773558340156,cam_2_1690344176_23-02-56.jpg
723,152,2056.5746148925014,460.4179870963322,2436.165002221267,709.1081039754863,cam_2_1690344431_23-07-11.jpg
723,535,2423.6644005788803,522.4324497072291,3085.7699085933527,929.5626696471838,cam_2_1690344431_23-07-11.jpg
723,557,2244.2476001600508,144.8642375099885,2594.194948984768,381.62597138519266,cam_2_1690344431_23-07-11.jpg
723,576,2668.6254127827597,216.84144174299206,3003.7755566699525,407.0726254762577,cam_2_1690344431_23-07-11.jpg
723,580,2801.8409458755355,390.13413637586405,3549.3937234573154,892.180111213489,cam_2_1690344431_23-07-11.jpg
724,152,2057.082095746021,460.34558098237153,2442.3771479385646,713.3170573168525,cam_2_1690344446_23-07-26.jpg
724,535,2419.473417608558,531.2124764103875,3062.971456729394,926.7151389226699,cam_2_1690344446_23-07-26.jpg
724,557,2242.0682560299347,141.578174431418,2594.063189261117,374.5451708094655,cam_2_1690344446_23-07-26.jpg
724,576,2667.004870929289,217.04813689803044,2997.78993424132,404.0923763451991,cam_2_1690344446_23-07-26.jpg
724,580,2806.628371279404,375.6721417224715,3540.853275994446,869.3640049660919,cam_2_1690344446_23-07-26.jpg
724,621,3227.063131400818,374.87659666178115,3756.9779699345113,847.8132035562801,cam_2_1690344446_23-07-26.jpg
725,152,2051.6104168022384,459.82970245608567,2434.829226751672,713.0825907487549,cam_2_1690344581_23-09-41.jpg
725,535,2414.4463957792696,543.6593005774865,3047.42699597993,929.4722216955192,cam_2_1690344581_23-09-41.jpg
725,557,2221.138465644412,141.72685184097355,2577.117913394888,376.62715023299654,cam_2_1690344581_23-09-41.jpg
725,580,2805.2074181530734,375.1917067473378,3528.2267693084386,861.1329148445516,cam_2_1690344581_23-09-41.jpg
725,622,2455.5222324987285,421.9856175715326,2880.602146372921,578.5844424568409,cam_2_1690344581_23-09-41.jpg
725,623,3377.509201383384,301.0864995134091,3908.1632958598407,646.684968684747,cam_2_1690344581_23-09-41.jpg
725,624,3603.555691720726,629.0517054877735,3961.390331106463,1245.6890404268931,cam_2_1690344581_23-09-41.jpg
726,152,2053.414319160873,462.3855136627608,2431.9394378413044,713.2732696084581,cam_2_1690344761_23-12-41.jpg
726,535,2413.256113823907,544.8613500904726,3049.1644291644648,931.4882001627121,cam_2_1690344761_23-12-41.jpg
726,557,2167.8021207810193,147.34827302354432,2530.396583295947,386.5726774255315,cam_2_1690344761_23-12-41.jpg
726,580,2796.359140750176,374.92675370043327,3515.8464858569228,858.16963352997,cam_2_1690344761_23-12-41.jpg
726,614,809.5166118324315,190.62279171239814,1123.4873353175408,641.884224763163,cam_2_1690344761_23-12-41.jpg
726,622,2446.4012131590225,419.51798886587284,2877.880460988377,578.7458701577339,cam_2_1690344761_23-12-41.jpg
726,623,3352.1356342566837,285.52080718721027,3901.0526782310276,644.2450654508082,cam_2_1690344761_23-12-41.jpg
726,624,3432.53016630191,746.1060629713131,3834.3576239093586,1416.928209555164,cam_2_1690344761_23-12-41.jpg
727,152,2055.5989109123643,464.27629156317477,2432.336372885226,714.3050034478825,cam_2_1690344806_23-13-26.jpg
727,430,2891.5970380832196,493.4771996354856,3301.9986360318962,787.0298762853182,cam_2_1690344806_23-13-26.jpg
727,472,3191.300524651115,416.27834824615246,3567.8908492696796,643.965575404153,cam_2_1690344806_23-13-26.jpg
727,535,2434.578240682493,541.9830536069974,3030.1671918595707,896.6649791041217,cam_2_1690344806_23-13-26.jpg
727,553,3288.4040479993746,409.98868054236453,3607.719319105048,605.43706433289,cam_2_1690344806_23-13-26.jpg
727,557,2147.833743434149,149.51318788793688,2513.7809353489465,392.2484297479763,cam_2_1690344806_23-13-26.jpg
727,564,899.3871310527816,188.2264366211541,1171.8775149131661,624.8496981154439,cam_2_1690344806_23-13-26.jpg
727,598,3043.3527063241977,428.8774252143911,3499.4075761476433,682.0469462042756,cam_2_1690344806_23-13-26.jpg
727,622,2438.3956253696715,424.35977385498154,2881.5644347428547,588.1336326422977,cam_2_1690344806_23-13-26.jpg
727,623,3337.305843483201,274.32652262309136,3895.813309595506,640.6837425573176,cam_2_1690344806_23-13-26.jpg
728,152,2056.8233775821427,463.96013691444125,2431.1710624168895,712.3832112869403,cam_2_1690345001_23-16-41.jpg
728,430,2897.612586950479,506.97716935259484,3294.535132637805,784.5642930459046,cam_2_1690345001_23-16-41.jpg
728,472,3185.3106745429277,408.20769639749346,3571.7462762682007,640.210864912538,cam_2_1690345001_23-16-41.jpg
728,535,2423.361229568902,545.0939484234766,3046.2695404315805,915.7021196765472,cam_2_1690345001_23-16-41.jpg
728,553,3297.73337717803,405.67308945159135,3616.8396981969877,604.2347166017726,cam_2_1690345001_23-16-41.jpg
728,557,2153.743925319345,153.05390499379163,2513.637498494534,395.336930651315,cam_2_1690345001_23-16-41.jpg
728,598,3052.481421048963,425.902947029317,3497.5616304165815,673.3190016379008,cam_2_1690345001_23-16-41.jpg
728,605,1291.27182086238,177.66091210259444,1527.1413323512272,578.7032700507966,cam_2_1690345001_23-16-41.jpg
728,622,2452.7878354569143,425.3104631096697,2879.6779539796835,582.9563830123586,cam_2_1690345001_23-16-41.jpg
728,623,3337.0919645828817,270.4913961547488,3898.529956715599,641.1332091557097,cam_2_1690345001_23-16-41.jpg
729,152,2057.801727674143,463.18088440993154,2429.652660946775,710.012773744258,cam_2_1690345016_23-16-56.jpg
729,430,2899.1442341629404,506.1662401541687,3300.6545414527254,783.4309712237239,cam_2_1690345016_23-16-56.jpg
729,472,3188.475105216615,409.9343527053644,3576.6547649822232,642.2028971121246,cam_2_1690345016_23-16-56.jpg
729,535,2420.99487317385,545.8991970396703,3052.1291764585403,921.0018918568618,cam_2_1690345016_23-16-56.jpg
729,553,3299.5223501133455,404.66216061830244,3615.625498960411,602.3404301624503,cam_2_1690345016_23-16-56.jpg
729,557,2137.645785413922,153.6891911668031,2499.1635258528977,396.361999431478,cam_2_1690345016_23-16-56.jpg
729,598,3057.077270321763,427.5409380446794,3503.52695340341,675.7372638724908,cam_2_1690345016_23-16-56.jpg
729,605,1278.498756188583,177.11549432724374,1519.0098440245383,578.0208298220227,cam_2_1690345016_23-16-56.jpg
729,622,2459.381501040637,424.7338944381088,2881.459970338516,580.4946444181492,cam_2_1690345016_23-16-56.jpg
729,623,3334.6705274170918,270.16939382420276,3893.186271118269,640.9794838405998,cam_2_1690345016_23-16-56.jpg
730,152,2058.1702432846023,463.39965635895055,2430.4973169875334,710.1973174008733,cam_2_1690345046_23-17-26.jpg
730,430,2890.470308324658,510.6843430547249,3293.200962629389,785.684041981717,cam_2_1690345046_23-17-26.jpg
730,472,3191.4173390524493,413.13982000896635,3576.8806665477723,642.3848293480214,cam_2_1690345046_23-17-26.jpg
730,500,1604.003201632795,162.81221091006117,1975.7282749734457,509.2799708922005,cam_2_1690345046_23-17-26.jpg
730,535,2424.4016048298704,548.8919593366389,3057.778883778192,926.4075767382667,cam_2_1690345046_23-17-26.jpg
730,553,3308.9523518330993,407.2569933515699,3616.2279468364286,601.2277236372104,cam_2_1690345046_23-17-26.jpg
730,557,2155.713879104171,155.96844999687224,2509.7325400179157,397.54114489846904,cam_2_1690345046_23-17-26.jpg
730,598,3054.7457411656924,427.5755262317217,3502.321689569453,676.023433548802,cam_2_1690345046_23-17-26.jpg
730,605,1272.4648432327485,178.12951235517366,1515.3741083307375,574.8870627387861,cam_2_1690345046_23-17-26.jpg
730,622,2454.470360855997,427.4291473925053,2881.561605105672,585.0987902484351,cam_2_1690345046_23-17-26.jpg
730,623,3340.5206411159925,274.14403594668727,3889.675294507297,640.8981089017595,cam_2_1690345046_23-17-26.jpg
731,152,2062.2469355807193,462.02609825372537,2443.9080989476106,714.4726510123483,cam_2_1690345091_23-18-11.jpg
731,430,2888.2756427343234,512.7878710410014,3291.470477364971,785.5689026612611,cam_2_1690345091_23-18-11.jpg
731,472,3185.4255352655546,407.73661912929316,3575.8119386821745,639.9594654484213,cam_2_1690345091_23-18-11.jpg
731,500,1595.5067988488674,160.87856993683337,1962.2614067770885,509.15982162372256,cam_2_1690345091_23-18-11.jpg
731,535,2454.771270523365,546.5276770604826,3082.3804537258957,926.5922781511978,cam_2_1690345091_23-18-11.jpg
731,553,3310.220558596722,403.9983282929577,3619.893953920167,601.5224706712545,cam_2_1690345091_23-18-11.jpg
731,557,2138.2289783702063,160.16124363318576,2501.5261021644096,403.96248343416653,cam_2_1690345091_23-18-11.jpg
731,598,3054.1540870870135,423.4287785548444,3497.06419891186,669.4099255449423,cam_2_1690345091_23-18-11.jpg
731,605,1276.219294335604,178.10848777381133,1521.0884225115112,577.1314067681498,cam_2_1690345091_23-18-11.jpg
731,622,2465.064005330602,425.9619521404493,2882.3521421647542,579.8792490396484,cam_2_1690345091_23-18-11.jpg
731,623,3344.5382307948157,277.46205125491394,3883.9837703629973,639.503758768388,cam_2_1690345091_23-18-11.jpg
732,152,2063.4465102358513,462.38750745404184,2446.4286752935154,714.322137545423,cam_2_1690345106_23-18-26.jpg
732,430,2887.237388238739,512.5609391028032,3292.9549025512765,784.5821606690552,cam_2_1690345106_23-18-26.jpg
732,472,3181.6928620834265,403.6102161573041,3576.959495761611,638.4243383733518,cam_2_1690345106_23-18-26.jpg
732,500,1591.5712238953734,162.55982444919323,1953.1558663313067,510.53183627835153,cam_2_1690345106_23-18-26.jpg
732,535,2476.9161171446367,548.3259738402345,3091.4058633620252,925.9923264012085,cam_2_1690345106_23-18-26.jpg
732,553,3312.794728483264,401.9774380643735,3618.4937098230394,598.9028638237043,cam_2_1690345106_23-18-26.jpg
732,598,3055.2860061580814,423.00056574876146,3499.8745785429496,671.2459462605024,cam_2_1690345106_23-18-26.jpg
732,605,1275.2666951657097,179.5897473443372,1519.5677784523496,574.2352200805984,cam_2_1690345106_23-18-26.jpg
732,622,2466.749565941635,424.22023770937767,2885.4754452064617,578.8272146065738,cam_2_1690345106_23-18-26.jpg
732,623,3342.985659694622,274.0412966973014,3887.382546204128,642.0966487539134,cam_2_1690345106_23-18-26.jpg
733,152,2062.3140648081694,458.5666033562549,2450.735227229035,713.060160612255,cam_2_1690345121_23-18-41.jpg
733,430,2882.6776732101844,512.1793938305219,3292.2589589238232,784.6092336613916,cam_2_1690345121_23-18-41.jpg
733,472,3181.0838351735183,399.8261245425568,3579.6240152794817,636.1378037831745,cam_2_1690345121_23-18-41.jpg
733,500,1605.312839063081,163.63401567601161,1945.562747509294,486.71166294287093,cam_2_1690345121_23-18-41.jpg
733,535,2487.4199405580866,546.964049676907,3094.8448647196647,925.6770135322641,cam_2_1690345121_23-18-41.jpg
733,598,3051.5062386932973,421.08083464168635,3501.318560511514,672.8310863743604,cam_2_1690345121_23-18-41.jpg
733,605,1265.051057711777,181.15667738679133,1507.2333395815672,571.375107899692,cam_2_1690345121_23-18-41.jpg
733,613,1828.9810845272477,270.80147953996607,2101.9592961355797,625.119272816735,cam_2_1690345121_23-18-41.jpg
733,622,2469.9139023404978,422.3401268555797,2887.41816238538,576.3938050002997,cam_2_1690345121_23-18-41.jpg
733,623,3318.056962085917,260.292908826701,3759.7795103174853,549.588533893379,cam_2_1690345121_23-18-41.jpg
734,152,2076.5581360122555,457.34875897755705,2453.649780419563,704.48256659252,cam_2_1690345361_23-22-41.jpg
734,430,2879.754647137124,511.06855058349095,3295.704483309289,785.8964765966234,cam_2_1690345361_23-22-41.jpg
734,472,3172.6819337640145,397.5851672039877,3574.619001516205,634.6736605006105,cam_2_1690345361_23-22-41.jpg
734,500,1601.0565619179138,161.7412339294304,1956.9090679874284,494.83542114553876,cam_2_1690345361_23-22-41.jpg
734,535,2494.164283096499,552.0067203227012,3084.077249882481,922.5851617584799,cam_2_1690345361_23-22-41.jpg
734,598,3051.1220766339407,419.45698685951896,3505.7283780904204,674.3078324990183,cam_2_1690345361_23-22-41.jpg
734,605,1265.4358165468063,178.15287922909474,1506.2676266704011,569.9913240801638,cam_2_1690345361_23-22-41.jpg
734,622,2461.818322291335,422.3240024954927,2882.90401039075,577.9393889356312,cam_2_1690345361_23-22-41.jpg
734,623,3259.883799636497,246.6055747867918,3659.334958863794,500.53308110778534,cam_2_1690345361_23-22-41.jpg
735,152,2082.276710439369,457.2729066343696,2451.1374300650828,698.7967396958124,cam_2_1690345826_23-30-26.jpg
735,430,2885.028857730363,510.3873022739382,3307.405275091324,788.0264390698833,cam_2_1690345826_23-30-26.jpg
735,472,3165.7906393194044,398.6621450143332,3575.4441480711143,639.2167447281192,cam_2_1690345826_23-30-26.jpg
735,500,1614.1301418365501,160.2849630422547,1974.5612347926221,497.6859300941659,cam_2_1690345826_23-30-26.jpg
735,520,1364.7182363404122,172.95004383207836,1610.7641327644747,539.8377354906206,cam_2_1690345826_23-30-26.jpg
735,535,2492.476267446832,557.3152987029151,3072.1461509886203,921.8525351630274,cam_2_1690345826_23-30-26.jpg
735,553,3301.73893692386,399.46585989046434,3599.945408145259,589.7650281778402,cam_2_1690345826_23-30-26.jpg
735,598,3051.6804679809043,416.6533300624151,3506.021369125399,672.7979805942527,cam_2_1690345826_23-30-26.jpg
735,622,2453.3150555369803,424.5103872317099,2884.195340986964,584.1098293036503,cam_2_1690345826_23-30-26.jpg
735,623,3252.0767206617215,246.55510544830975,3641.371446419293,488.2509378132896,cam_2_1690345826_23-30-26.jpg
736,152,2085.2849365278935,456.2899862782333,2449.9710943985183,694.577835691982,cam_2_1690345841_23-30-41.jpg
736,430,2888.3172433544146,510.82365852554267,3309.987306728157,787.0550657179954,cam_2_1690345841_23-30-41.jpg
736,472,3167.2950229486964,398.5255224997883,3576.3118674101643,638.2872466240053,cam_2_1690345841_23-30-41.jpg
736,500,1630.4065627403097,161.93817110580994,1986.2324619499539,499.47292875967446,cam_2_1690345841_23-30-41.jpg
736,520,1368.899550207649,172.90652883191453,1617.046216747031,540.4151352594686,cam_2_1690345841_23-30-41.jpg
736,535,2499.1474963990527,558.589039119755,3073.304805730732,921.978999529177,cam_2_1690345841_23-30-41.jpg
736,598,3054.4768201274082,418.1926609893408,3509.1184064621752,675.1524832802143,cam_2_1690345841_23-30-41.jpg
736,622,2456.729474940257,424.01227387549227,2886.225712236767,583.2496899379655,cam_2_1690345841_23-30-41.jpg
736,623,3244.7885287183126,247.83413874092054,3640.069294160324,487.68681679036206,cam_2_1690345841_23-30-41.jpg
736,632,1831.2770505289327,487.90389675017553,2332.5180266676343,722.3884178165774,cam_2_1690345841_23-30-41.jpg
737,152,2085.274380867237,457.746077706218,2449.842377282457,695.7516038886193,cam_2_1690345871_23-31-11.jpg
737,430,2878.792060750599,511.673532669973,3301.6296866952553,786.7695000824863,cam_2_1690345871_23-31-11.jpg
737,472,3170.2421281844668,399.6279337880236,3578.327570034893,638.5053263515288,cam_2_1690345871_23-31-11.jpg
737,500,1637.1612017240834,160.37804805811666,1993.3674228849457,503.5590937581668,cam_2_1690345871_23-31-11.jpg
737,520,1367.7382008179673,173.30748901948365,1617.7191116170409,540.7585495209191,cam_2_1690345871_23-31-11.jpg
737,535,2495.9953563122,552.9958400493011,3075.4733446736,922.4433711171489,cam_2_1690345871_23-31-11.jpg
737,598,3058.565252350937,421.7006768117782,3512.3929298180183,679.8533516031898,cam_2_1690345871_23-31-11.jpg
737,622,2453.07300272582,420.8791328432343,2883.2216488320196,580.6853762076066,cam_2_1690345871_23-31-11.jpg
737,623,3241.8733540665107,247.63970112459674,3649.1946923884316,489.6965405279425,cam_2_1690345871_23-31-11.jpg
737,632,1828.995949178667,489.0637882873295,2326.449983178795,721.7902238361168,cam_2_1690345871_23-31-11.jpg
738,152,2083.7916974878226,456.30761405050737,2451.393241259726,695.7755188108772,cam_2_1690345961_23-32-41.jpg
738,430,2886.084238703238,511.90364087229466,3307.8088632714616,785.2509001284194,cam_2_1690345961_23-32-41.jpg
738,472,3168.8425361569284,399.2293036875804,3576.866743147296,638.0526817996848,cam_2_1690345961_23-32-41.jpg
738,500,1647.175236585905,161.86603775269703,1998.9443733550124,499.0159506549595,cam_2_1690345961_23-32-41.jpg
738,520,1365.940242950884,172.02971943445823,1617.9439126461539,539.287797186199,cam_2_1690345961_23-32-41.jpg
738,535,2501.940724768249,555.2018443578703,3074.1846191652244,922.2300386885452,cam_2_1690345961_23-32-41.jpg
738,598,3060.527669614478,420.73898148054434,3512.4072573735393,679.1596871426433,cam_2_1690345961_23-32-41.jpg
738,622,2460.793294347486,421.6918856081292,2883.1877063167854,578.7123697300995,cam_2_1690345961_23-32-41.jpg
738,623,3242.2710458141837,245.446948251118,3654.661011992607,485.8214604823719,cam_2_1690345961_23-32-41.jpg
738,632,1833.9722655854355,488.19851541156277,2330.6866855796916,720.3096343429886,cam_2_1690345961_23-32-41.jpg
739,152,2081.3923825971597,456.046148650875,2453.9409829083543,698.4747322320256,cam_2_1690345976_23-32-56.jpg
739,430,2884.4775111687027,513.7950021900855,3305.168979649508,784.7695712812013,cam_2_1690345976_23-32-56.jpg
739,472,3166.0848864912678,398.5991086843749,3573.9738753381016,637.0660451715488,cam_2_1690345976_23-32-56.jpg
739,520,1364.881499788998,172.25215070904162,1617.5675741130806,537.2271390680818,cam_2_1690345976_23-32-56.jpg
739,535,2501.8700196244395,553.7175947498838,3074.3628317050348,923.0916130424591,cam_2_1690345976_23-32-56.jpg
739,598,3058.7587609033876,420.4345280086609,3509.5256182451026,679.385679768942,cam_2_1690345976_23-32-56.jpg
739,622,2463.0044836309385,422.64789959693053,2884.4306755625475,579.6083500165938,cam_2_1690345976_23-32-56.jpg
739,623,3233.55041112061,247.62869807748422,3654.8120423318037,488.51308752875076,cam_2_1690345976_23-32-56.jpg
739,632,1834.1713414093585,488.41440094346973,2331.0181105718952,720.2829374925946,cam_2_1690345976_23-32-56.jpg
740,152,2079.46173637084,457.0994686895293,2453.0834932988582,699.509064585884,cam_2_1690346186_23-36-26.jpg
740,430,2882.9561940420153,514.8101413784088,3302.7036777930557,783.7944673983715,cam_2_1690346186_23-36-26.jpg
740,472,3165.721169237112,397.5164697299027,3577.2200286001744,638.2525005221653,cam_2_1690346186_23-36-26.jpg
740,535,2499.3560569536567,551.7939812447862,3073.829981865183,924.4814109851726,cam_2_1690346186_23-36-26.jpg
740,557,2035.154542011417,148.68397001781184,2391.261651198405,395.6320094488217,cam_2_1690346186_23-36-26.jpg
740,598,3054.4527946968105,421.7781510616567,3502.3460698768686,679.6468980330478,cam_2_1690346186_23-36-26.jpg
740,613,1612.983433323191,329.33421981660865,2027.1956282615263,866.6767316828165,cam_2_1690346186_23-36-26.jpg
740,622,2455.8972361292563,421.9328812407008,2879.6679636452773,579.9851620430704,cam_2_1690346186_23-36-26.jpg
740,623,3254.525634719262,249.58330124716073,3675.7017513908236,486.7263777539656,cam_2_1690346186_23-36-26.jpg
740,632,1882.7820505953946,483.6237435214606,2374.832035659778,716.1517701993918,cam_2_1690346186_23-36-26.jpg
741,430,2877.1845589179175,513.0428589135377,3303.0134333203573,784.3020382357183,cam_2_1690346246_23-37-26.jpg
741,472,3176.7228840549546,401.7420324618237,3579.092193197776,637.1124440851713,cam_2_1690346246_23-37-26.jpg
741,535,2537.890916130698,560.8122401209444,3091.777805988834,926.8618625666227,cam_2_1690346246_23-37-26.jpg
741,557,2053.8383454856557,146.0683802022378,2402.206853255994,390.6867016989737,cam_2_1690346246_23-37-26.jpg
741,598,3057.263159483861,424.31663985989763,3499.2059392443334,678.8868231141231,cam_2_1690346246_23-37-26.jpg
741,621,2070.6030101667457,491.49907823088296,2803.9934133864226,1137.5346083732327,cam_2_1690346246_23-37-26.jpg
741,622,2461.63075856677,426.15647913392047,2875.7982085074946,580.6820474049164,cam_2_1690346246_23-37-26.jpg
741,623,3253.42928559524,250.19564349840434,3678.997492339294,485.449452977433,cam_2_1690346246_23-37-26.jpg
741,632,1803.4367078936166,488.55662300705745,2233.4877465592135,695.4545043169816,cam_2_1690346246_23-37-26.jpg
742,430,2868.3647014475546,516.891572774701,3292.860091767108,784.9844934961756,cam_2_1690346276_23-37-56.jpg
742,472,3189.6901202438853,405.80709445452186,3584.6142531473934,637.8810924648503,cam_2_1690346276_23-37-56.jpg
742,535,2540.1058829102453,548.6715850410692,3104.100162701427,929.7696277788363,cam_2_1690346276_23-37-56.jpg
742,557,2062.8595337606835,145.57786004494594,2405.7355758175104,387.93627610940393,cam_2_1690346276_23-37-56.jpg
742,598,3058.4793272357188,429.4922689201059,3495.731089075083,681.2510115668236,cam_2_1690346276_23-37-56.jpg
742,610,2062.597158580021,490.7211941668527,3036.4722503598427,1143.7271413434048,cam_2_1690346276_23-37-56.jpg
742,622,2453.8013991160697,428.3023436895415,2873.290762385967,585.1646728385031,cam_2_1690346276_23-37-56.jpg
742,623,3253.7989118524324,251.2452353114325,3682.8548065985337,484.52258068944025,cam_2_1690346276_23-37-56.jpg
742,632,1774.9745891606779,489.05268905051634,2172.784255786275,684.0203716516858,cam_2_1690346276_23-37-56.jpg
743,152,2080.4412698520355,458.2955770835951,2448.3868129379825,697.187058740522,cam_2_1690346426_23-40-26.jpg
743,430,2867.5942505556336,509.8265830051415,3306.9666121066793,787.0076739911801,cam_2_1690346426_23-40-26.jpg
743,472,3181.8373292762653,403.0869767949788,3580.7407634965266,637.5541553607105,cam_2_1690346426_23-40-26.jpg
743,508,2419.576626246462,539.6209398172982,3047.5830488447855,917.3918899873674,cam_2_1690346426_23-40-26.jpg
743,557,2072.6183797506264,145.91868113975278,2414.7720558959695,388.3452218291301,cam_2_1690346426_23-40-26.jpg
743,580,2677.208462736125,508.0739930045281,3168.074948499957,842.0652607639092,cam_2_1690346426_23-40-26.jpg
743,598,3065.5357444501315,429.89557047014347,3498.931966428678,680.4619684860444,cam_2_1690346426_23-40-26.jpg
743,622,2465.3205042271065,428.9579284195438,2865.359337035705,577.3221861175066,cam_2_1690346426_23-40-26.jpg
743,623,3251.12292939046,251.8060484823688,3688.3369566222195,486.4351932388786,cam_2_1690346426_23-40-26.jpg
743,632,1818.9921729471005,485.64015567964293,2271.220171167808,706.1908887964767,cam_2_1690346426_23-40-26.jpg
744,152,2079.247426358943,458.44300445210223,2451.8191750197598,700.6993145733119,cam_2_1690346471_23-41-11.jpg
744,430,2868.4615124608704,508.83257962640005,3311.896926234909,788.1694433224288,cam_2_1690346471_23-41-11.jpg
744,472,3175.4631509538926,404.13363800273964,3574.858536399235,638.044524362014,cam_2_1690346471_23-41-11.jpg
744,508,2425.9812200532474,544.7173032861759,3061.31756368042,928.4921856717763,cam_2_1690346471_23-41-11.jpg
744,557,2072.4643576336184,144.71838586119463,2417.311707912901,390.6165092985692,cam_2_1690346471_23-41-11.jpg
744,580,2694.450764812995,528.9216856537904,3153.165736053037,842.6503631649282,cam_2_1690346471_23-41-11.jpg
744,598,3059.341678405788,426.83376218848804,3495.3758025340044,678.8797345289286,cam_2_1690346471_23-41-11.jpg
744,622,2468.7221842637177,429.0100556594096,2868.89567585409,576.6953085403304,cam_2_1690346471_23-41-11.jpg
744,623,3254.4772592443155,254.04427037003782,3694.3422992864093,487.01108115509805,cam_2_1690346471_23-41-11.jpg
744,632,1838.9793647155132,485.8696031528111,2309.467598533701,712.962115773319,cam_2_1690346471_23-41-11.jpg
745,152,2081.698357828643,456.5090695016478,2440.4453293951733,689.335407184324,cam_2_1690346561_23-42-41.jpg
745,430,2869.917912554313,509.19893945457966,3316.3739325639403,789.9326832857566,cam_2_1690346561_23-42-41.jpg
745,508,2418.127637726294,554.752834551713,3054.7405287295956,933.1154371501884,cam_2_1690346561_23-42-41.jpg
745,532,3176.0639625547865,327.5142554324947,3738.159726503609,717.4503573603371,cam_2_1690346561_23-42-41.jpg
745,580,2704.7805782650025,537.4698685145939,3145.672883023553,840.0176148940867,cam_2_1690346561_23-42-41.jpg
745,598,3065.8676854563955,432.71888012528103,3489.8479470147613,678.1675747015183,cam_2_1690346561_23-42-41.jpg
745,622,2460.6795260692816,427.24481086197375,2878.2843413957385,580.9415765528931,cam_2_1690346561_23-42-41.jpg
745,623,3285.9178702471045,248.9154565037023,3645.650168774683,427.90692348880896,cam_2_1690346561_23-42-41.jpg
745,632,1842.873445813526,488.41771200756267,2317.6236064780123,715.8282498709302,cam_2_1690346561_23-42-41.jpg
746,152,2082.3264263635833,456.7246711415998,2443.823629647745,691.2200350077717,cam_2_1690346606_23-43-26.jpg
746,430,2865.588447210245,507.2013474417056,3314.8152566340723,788.6589737508748,cam_2_1690346606_23-43-26.jpg
746,508,2418.233101836837,551.0501029837366,3059.201204412303,932.2797341441897,cam_2_1690346606_23-43-26.jpg
746,532,3185.5126056051063,329.1415944939905,3730.81793628064,714.4945996085594,cam_2_1690346606_23-43-26.jpg
746,580,2706.6436527324986,532.62464469384,3148.630558143684,838.6573217690243,cam_2_1690346606_23-43-26.jpg
746,598,3056.6681514313655,431.7878679687907,3480.8788474146804,677.1527457966039,cam_2_1690346606_23-43-26.jpg
746,622,2464.8322560106158,425.1416412216966,2875.444440997976,575.4671510535252,cam_2_1690346606_23-43-26.jpg
746,623,3297.787263803808,247.86725631178837,3636.536681941067,407.624358801143,cam_2_1690346606_23-43-26.jpg
746,632,1841.2615286971945,490.0213559756962,2320.3025618744837,717.908530299291,cam_2_1690346606_23-43-26.jpg
747,152,2083.94674487939,456.9684058976816,2448.2583423882625,693.0982815528557,cam_2_1690346861_23-47-41.jpg
747,430,2867.6976612545045,503.2042036278066,3321.869935044299,788.3879813968884,cam_2_1690346861_23-47-41.jpg
747,508,2441.2348228450005,558.0878250653674,3064.970288128705,929.3247593731114,cam_2_1690346861_23-47-41.jpg
747,568,3252.5417246491393,354.0623159191232,3906.6923492934575,769.231041678984,cam_2_1690346861_23-47-41.jpg
747,576,2748.5449777930426,208.56626958979783,3138.8138710400144,417.87210117213044,cam_2_1690346861_23-47-41.jpg
747,580,2661.183886947577,513.5804532019689,3137.4474282089686,836.2356966480407,cam_2_1690346861_23-47-41.jpg
747,598,3059.1848698810254,426.75556314332164,3489.6229030549634,676.1923513627822,cam_2_1690346861_23-47-41.jpg
747,622,2479.1803812853314,418.9291004094575,2854.035314112328,553.1003583188094,cam_2_1690346861_23-47-41.jpg
747,623,3302.9075398049986,248.21388659465958,3626.8295477963266,392.9769564825659,cam_2_1690346861_23-47-41.jpg
747,632,1839.067946652644,485.1199708845815,2330.8852883520767,718.275494161223,cam_2_1690346861_23-47-41.jpg
748,152,2085.7690100824166,456.60780176225137,2447.9790339224596,690.5878416364388,cam_2_1690346936_23-48-56.jpg
748,430,2876.904795671913,497.84429013482753,3333.3353381535644,785.7525924045763,cam_2_1690346936_23-48-56.jpg
748,472,3172.2874602274997,412.3993009435814,3549.4392728640846,637.6709948414057,cam_2_1690346936_23-48-56.jpg
748,508,2452.4560213150585,562.2316149327526,3065.9460927430246,927.8761910096688,cam_2_1690346936_23-48-56.jpg
748,568,3284.94258651571,353.0093501072453,3932.752879385944,777.256895062754,cam_2_1690346936_23-48-56.jpg
748,576,2738.175158761287,210.71358358854133,3120.541345217149,417.6198741343446,cam_2_1690346936_23-48-56.jpg
748,580,2635.737355585063,503.05985147967215,3131.3334586984092,830.9924743139924,cam_2_1690346936_23-48-56.jpg
748,598,3064.8174410420465,428.7650531127987,3492.4216331793396,677.1545403555864,cam_2_1690346936_23-48-56.jpg
748,622,2484.027300216472,417.3170580956872,2849.301396444593,545.3687418609654,cam_2_1690346936_23-48-56.jpg
748,623,3306.58167371387,247.10057731033686,3635.8315503042945,387.44307948791936,cam_2_1690346936_23-48-56.jpg
748,632,1838.2324270372194,482.8682804452754,2333.742881508473,716.9786483405924,cam_2_1690346936_23-48-56.jpg
749,152,2085.0652909942078,459.3828867182812,2449.355946206335,694.1346040187866,cam_2_1690346996_23-49-56.jpg
749,430,2879.2008620478014,495.03330911941725,3337.254720297753,785.7196048648714,cam_2_1690346996_23-49-56.jpg
749,508,2454.8311942454097,561.111422833006,3070.299780110825,928.6708088137705,cam_2_1690346996_23-49-56.jpg
749,568,3280.976343896603,354.96495056157903,3909.762993180694,774.9491488383194,cam_2_1690346996_23-49-56.jpg
749,576,2740.476499599502,213.34186206147635,3116.9621581524293,416.4024546046551,cam_2_1690346996_23-49-56.jpg
749,580,2627.2968632846046,500.124684538711,3140.5100693495415,835.3827958670587,cam_2_1690346996_23-49-56.jpg
749,598,3065.9114929456496,427.341287476258,3496.8785567558284,678.1834298202566,cam_2_1690346996_23-49-56.jpg
749,622,2483.986225722735,419.64954802849434,2855.91620443041,548.1196887592737,cam_2_1690346996_23-49-56.jpg
749,623,3277.0892007914745,243.98148072341922,3624.0483637059315,385.83066278885417,cam_2_1690346996_23-49-56.jpg
749,632,1831.6665249253201,482.0328749062767,2346.6906740940385,725.4769509506341,cam_2_1690346996_23-49-56.jpg
749,636,32.56806234178771,211.73572018779365,759.9044511380945,655.7986865243041,cam_2_1690346996_23-49-56.jpg
750,152,2083.4539729836174,457.9160360232438,2451.4138336617316,695.3938561000605,cam_2_1690347071_23-51-11.jpg
750,430,2881.5232030057714,494.91136816776907,3335.7528175332495,784.9651473379399,cam_2_1690347071_23-51-11.jpg
750,508,2435.7899008712384,554.3701244988633,3059.954981209033,924.5116146840841,cam_2_1690347071_23-51-11.jpg
750,568,3319.44329359229,364.14239967852114,3950.4455539732458,794.7388479407432,cam_2_1690347071_23-51-11.jpg
750,576,2736.0196043446877,212.7999552326778,3103.950492835415,413.70128540458677,cam_2_1690347071_23-51-11.jpg
750,580,2660.2995654466,502.4996353717674,3167.4061841811895,831.7294146567681,cam_2_1690347071_23-51-11.jpg
750,598,3065.7165834753137,423.9566366136461,3502.579808247406,679.0551551072468,cam_2_1690347071_23-51-11.jpg
750,622,2465.295815786618,420.35074582685496,2854.022633014257,553.1841921095574,cam_2_1690347071_23-51-11.jpg
750,623,3270.939382132859,245.39955385196836,3644.755636624229,394.01101977575536,cam_2_1690347071_23-51-11.jpg
750,632,1832.4222085202841,481.45806011118765,2345.5192692599953,723.6532814872361,cam_2_1690347071_23-51-11.jpg
750,636,25.890273795614576,214.20053222016324,747.3581222479113,654.4957111424175,cam_2_1690347071_23-51-11.jpg
751,152,2082.787946188957,458.9813353809485,2446.9696131600244,693.4715522099289,cam_2_1690347341_23-55-41.jpg
751,430,2877.0818130334637,500.17428181533035,3327.401131624909,788.07257615883,cam_2_1690347341_23-55-41.jpg
751,472,3229.7214738744537,393.1193770231007,3606.3474031458677,620.9055584910914,cam_2_1690347341_23-55-41.jpg
751,508,2434.4177946503987,559.5634762854097,3061.5536342241057,930.0107869256512,cam_2_1690347341_23-55-41.jpg
751,564,911.9860353935566,194.14608150466572,1221.8880770266205,609.8189276064616,cam_2_1690347341_23-55-41.jpg
751,580,2645.7427876332936,503.66259127878243,3151.1334476778743,828.503867854824,cam_2_1690347341_23-55-41.jpg
751,598,3065.7489283480354,422.12112197720074,3506.4999060589107,680.7085747608917,cam_2_1690347341_23-55-41.jpg
751,622,2473.9228267109306,424.0725283568766,2862.860215634064,555.4648439499883,cam_2_1690347341_23-55-41.jpg
751,623,3223.510056638903,249.98095755955922,3750.5990184337384,464.4310045644228,cam_2_1690347341_23-55-41.jpg
751,632,1833.5770563091048,482.1412899181975,2344.468017221206,722.6282013446394,cam_2_1690347341_23-55-41.jpg
751,636,18.034632107384937,215.95918852324556,741.6898944216978,658.8521779476796,cam_2_1690347341_23-55-41.jpg
752,152,2079.664733490671,457.7568997093579,2448.3686371979743,694.9071234906779,cam_2_1690347371_23-56-11.jpg
752,430,2877.686757440421,503.98623053045714,3322.2470892113115,788.8888907864875,cam_2_1690347371_23-56-11.jpg
752,472,3249.6480259552063,392.7238184590189,3617.8736098343948,618.7233314596916,cam_2_1690347371_23-56-11.jpg
752,508,2435.0546726974862,561.5499288470471,3064.376786516854,932.242469283444,cam_2_1690347371_23-56-11.jpg
752,553,3307.8872221351926,255.31279830947216,3706.8865157419364,500.0754965595247,cam_2_1690347371_23-56-11.jpg
752,564,885.4391032464572,192.2716454846313,1227.7353052266546,604.965671261446,cam_2_1690347371_23-56-11.jpg
752,580,2640.343155773255,504.57920462075685,3146.6723724493304,827.022133434315,cam_2_1690347371_23-56-11.jpg
752,598,3068.023545123616,423.3845001612741,3505.27540861206,680.3791253381066,cam_2_1690347371_23-56-11.jpg
752,622,2479.8114960459243,424.3228153898563,2875.356685167759,556.8369490426685,cam_2_1690347371_23-56-11.jpg
752,632,1832.9256954999814,482.34111725028026,2346.9270366890473,723.8627287705295,cam_2_1690347371_23-56-11.jpg
752,636,14.530441367438812,219.13362283410274,733.8978116602619,660.2853784654052,cam_2_1690347371_23-56-11.jpg
753,152,2079.8114230033025,459.1917441709214,2446.6841759202316,694.5758563016693,cam_2_1690347386_23-56-26.jpg
753,430,2872.478972498361,505.42632382634076,3316.6498162495673,790.5126179622898,cam_2_1690347386_23-56-26.jpg
753,472,3251.3569936128742,388.6973153389848,3620.3877846464984,619.148852376707,cam_2_1690347386_23-56-26.jpg
753,508,2436.013545495716,563.312748603009,3064.647457416776,932.4509619173864,cam_2_1690347386_23-56-26.jpg
753,553,3289.0177369487733,250.93632219438837,3707.1457593798227,497.3002703724137,cam_2_1690347386_23-56-26.jpg
753,564,875.3695564596106,191.59225928810883,1236.2594892899372,604.9395462645101,cam_2_1690347386_23-56-26.jpg
753,580,2635.855063755301,504.38650021540536,3151.1704302537946,830.9017522666596,cam_2_1690347386_23-56-26.jpg
753,598,3066.66248353269,421.06834397393146,3507.0231352090555,680.9800584505313,cam_2_1690347386_23-56-26.jpg
753,622,2481.1333694515306,424.6873134177189,2881.6585887379106,557.7160853645275,cam_2_1690347386_23-56-26.jpg
753,632,1833.7687194457235,482.1383764045852,2346.931003541148,722.6216484604158,cam_2_1690347386_23-56-26.jpg
753,636,16.84107471922175,219.5324785558718,734.1891092643189,660.686117813799,cam_2_1690347386_23-56-26.jpg
754,152,2081.8323961783412,458.28074210363536,2444.5580609844296,691.365358702426,cam_2_1690347416_23-56-56.jpg
754,430,2867.39945564629,505.1658760928451,3313.6727009030637,790.8418325215728,cam_2_1690347416_23-56-56.jpg
754,472,3258.872421827726,391.77393910965696,3614.7646182431477,616.5171110553981,cam_2_1690347416_23-56-56.jpg
754,508,2427.511392138277,563.4704349180577,3060.665979584218,935.4045130321854,cam_2_1690347416_23-56-56.jpg
754,553,3229.841464561025,242.62491184142783,3662.966198959317,490.4474237634931,cam_2_1690347416_23-56-56.jpg
754,564,803.7446373308427,191.3122992848519,1189.9104679929746,603.0485898495865,cam_2_1690347416_23-56-56.jpg
754,580,2648.694082076222,512.7331314456524,3160.6422165929025,836.9324997153786,cam_2_1690347416_23-56-56.jpg
754,598,3070.0975246133685,419.6816812644119,3510.2850975645783,680.9982841424257,cam_2_1690347416_23-56-56.jpg
754,622,2471.4379268118437,424.90148789298667,2879.040757232785,559.5599386313968,cam_2_1690347416_23-56-56.jpg
754,632,1830.3049636417256,480.92603915844387,2350.0051459171777,724.7190198240027,cam_2_1690347416_23-56-56.jpg
754,636,26.457533051348378,217.44888256800851,742.5729442713289,658.7762827775086,cam_2_1690347416_23-56-56.jpg
